split,group,filtered_row,source_row,baseline_similarity,sentence2_token_length,sentence1,sentence2
search,all,2,2,0.4918428659439087,41,There is no rope being climbed by a man,"Besides these 28 OCT4-regulated genes, the Oct4-OETN included 8 more genes of a recently published list of OCT4-correlated transcripts expressed in ESCs."
search,all,4,4,0.49500495195388794,6,"several different ways of computing these values , also known as ( term ) weights , have been developed .",There is no kitten drinking milk
search,all,18,18,0.5047697424888611,14,several different ways have been developed of calculating these values ( also known as term weights ) .,No girl with a bikini is playing in the dunes
search,all,21,21,0.505411684513092,41,No girl with a bikini is playing in the dunes,"Besides these 28 OCT4-regulated genes, the Oct4-OETN included 8 more genes of a recently published list of OCT4-correlated transcripts expressed in ESCs."
search,all,24,24,0.5078750848770142,13,There is no person riding a jetski in the waves,serve as a reason or cause or justification of .
search,all,25,25,0.5079169869422913,8,make fine adjustments or divide into marked intervals for optimal measuring .,There are no people driving ATVs
search,all,27,27,0.5092610120773315,11,"It was developed with consultation from more than 300 leaders in academia, industry, government and the public.",There is no rope being climbed by a man
search,all,33,33,0.5118588805198669,12,"It was developed with consultation from more than 300 leaders in academia, industry, government and the public.",There is no person riding a jetski in the waves
search,all,39,39,0.5150848627090454,8,serve as a reason or cause or justification of .,There are no people driving ATVs
search,all,40,40,0.5157009363174438,12,it has the effect of augmenting the potency of the big countries to the detriment of babies .,No motorcycle racer is riding a red and black bike
search,all,50,50,0.5180014371871948,12,A little girl with blond hair is smiling and sitting on a swing,the man is feeding a mouse to the snake .
search,all,51,51,0.5180939435958862,16,"several different ways of computing these values , also known as ( term ) weights , have been developed .",ukraine will not give ' an inch ' over crimea
search,all,57,57,0.518719494342804,10,No motorcycle racer is riding a red and black bike,how the us has changed in my lifetime :
search,all,59,59,0.5188737511634827,8,This answer is based on my experience teaching undergraduate math in the US.,There are no people driving ATVs
search,all,78,78,0.5226408839225769,12,"It was developed with consultation from more than 300 leaders in academia, industry, government and the public.",No motorcycle racer is riding a red and black bike
search,all,79,79,0.5227493047714233,6,"Besides these 28 OCT4-regulated genes, the Oct4-OETN included 8 more genes of a recently published list of OCT4-correlated transcripts expressed in ESCs.",There is no kitten drinking milk
search,all,87,87,0.5244805216789246,8,the man is feeding a mouse to the snake .,There are no people driving ATVs
search,all,95,95,0.5286953449249268,9,There is no kitten drinking milk,"commodity expanded value-form , ."
search,all,96,96,0.5292413830757141,25,There is no rope being climbed by a man,"dynamic programming is a very powerful mathematical technique , often utilised in programming , for solving optimization problems ."
search,all,97,97,0.5297053456306458,19,"several different ways of computing these values , also known as ( term ) weights , have been developed .",There is no dog jumping at a shiny blue soccer ball in a field of dry leaves
search,all,104,104,0.5333608388900757,7,serve as a reason or cause or justification of .,A boy is eating a cupcake
search,all,105,105,0.5338995456695557,14,"mr president , the cashman report can be summarised in four words : citizens ' power over bureaucracy .",No girl with a bikini is playing in the dunes
search,all,118,118,0.5406436920166016,9,A man is dancing on the ceiling,this further aggravated the situation .
search,all,122,122,0.5427613258361816,24,"Besides these 28 OCT4-regulated genes, the Oct4-OETN included 8 more genes of a recently published list of OCT4-correlated transcripts expressed in ESCs.","no , a tent will not give you any protection from bears that want what 's inside ."
search,all,124,124,0.5437372922897339,12,what more can i do to improve my credit score ?,the man is feeding a mouse to the snake .
search,all,132,132,0.5478913187980652,11,a prominent attribute or aspect of something .,There is no rope being climbed by a man
search,all,134,134,0.5489749312400818,9,There is no rope being climbed by a man,generate the optimal solution of these computed values
search,all,135,135,0.5494399666786194,6,No motorcycle racer is riding a red and black bike,( cause to ) survive
search,all,136,136,0.5499900579452515,13,There is no person riding a jetski in the waves,what more can i do to improve my credit score ?
search,all,138,138,0.5510491728782654,16,a man playing the guitar .,ukraine will not give ' an inch ' over crimea
search,all,139,139,0.551550030708313,13,There is no rope being climbed by a man,I guess it depends on what you're going to do.
search,all,140,140,0.5520585775375366,13,the man is feeding a mouse to the snake .,"A girl in water, with goggles and swimming cap."
search,all,143,143,0.5536472797393799,9,A woman is falling off a horse,generate the optimal solution of these computed values
search,all,145,145,0.5546960830688477,19,a man playing the guitar .,"the international atomic energy agency has no access to people , documents , sites ."
search,all,149,149,0.5567413568496704,7,The companies said Idec holders would own about 50.5 percent of the stock of the combined company.,A boy is eating a cupcake
search,all,154,154,0.5593560934066772,6,"It was developed with consultation from more than 300 leaders in academia, industry, government and the public.",A woman is water skiing.
search,all,169,169,0.5671544075012207,16,The man is pouring some oil on the tomatoes,ukraine will not give ' an inch ' over crimea
search,all,178,178,0.571830689907074,17,it has the effect of augmenting the potency of the big countries to the detriment of babies .,Two men are waiting for a ride on the side of a dirt road.
search,all,191,191,0.5785892605781555,7,A man in a car is not pulling up beside a woman who is walking along a road,ive watched kids play .
search,all,193,193,0.579630970954895,31,gunmen kill 11 foreign tourists in pakistan,"i 've only made a couple of bbq sauces , but they 've always come out really well ."
search,all,211,211,0.5889890193939209,31,A shirtless man is leading a horse that is pulling a carriage,"i 've only made a couple of bbq sauces , but they 've always come out really well ."
search,all,212,212,0.5895063877105713,8,there are a few airlines which operate flights at lower fares .,A woman is dancing near a fireplace
search,all,215,215,0.5910679697990417,22,A little girl with blond hair is smiling and sitting on a swing,"immerse or be immersed in a boiling liquid , for purposes of cooking or processing ."
search,all,222,222,0.5947068929672241,14,deadline passes with no new iran sanctions,( cause to ) become a powder or as dust .
search,all,230,231,0.599386990070343,21,how can i repair a leaking shower ?,A man in a car is not pulling up beside a woman who is walking along a road
search,all,235,236,0.6019867658615112,10,two black dogs are playing in a grassy plain .,warmed.c from the year prior .
search,all,238,239,0.6035453081130981,36,A snowboarder is grinding down a long rail,"it 's true that , under one understanding of "" accessibility "" and "" determining "" , your accessibility relation is determined by your axioms ."
search,all,242,243,0.6056262850761414,10,"that is , if the recording industry association of america has anything to say about it .",A young boy has a red fishing pole.
search,all,244,245,0.6066657304763794,16,about 20 family members of the victims were invited to the news conference .,A little girl with blond hair is smiling and sitting on a swing
search,all,245,246,0.6071842908859253,13,"Emory Lane, 16650-Patsy C. Herold to Julia Hernandez, $459,900.

Hornbeam Dr., 4712-Clinton D. and Shenita Y. White to Stephen J. Tapparo and Luz M. Redondo, $685,000.

Morgal St., 4410-Jeremy A. Schiffer and Rachel Werner to Daniel F. Rogers and Jennifer L. Gordon, $470,000.

AD

Veirs Mill Rd., 12732, No. 1-101-Steven W. Watts and estate of Bradley Nolan Watts to Janys A. Cabrera Diaz, $190,000.

BETHESDA AREA

Alta Vista Rd., 5511-Ihor G. and Catherine Murashchyk to Marco and Carolyn Macchiavelli, $707,500.

AD

Arrowood Rd., 7205-MSM Design Build Corp. to David Arash and Beth Javdan, $5.97 million.

Bells Mill Rd., 6400-Ivan S. Dimitrov and James Norris Platt to Molly A. Herrera and Juan C. Herrera Trejo, $656,000.

Brixton Lane, 9903-Jeffrey M. and Sheryl E. Prieto to Gabriel I. Parra and Natalia Gudino, $745,000.

Burdette Rd., 8300, No. 502-Donna G. Smith and estate of Charles H. Goldberg to Kenneth H., Francine and Richard Shure, $680,000.

AD

Buttermere Lane, 6707-Irma Lee Westrell to Peter Glaser, $630,000.

Exeter Rd., 7515-Barry L. and Sigrun F. Haase to Carlton Ervin, $3.5 million.

Harling Lane, 4517-Anthony B. and Frank Crisafulli to Carlyle P. Thorsen, $889,000.

Inglemere Dr., 9819-Masha Kruskal to Earle and Cynthia Ingalls, $830,000.

Maple Ave., 4600-Richard Allen Lingle to Nathan K. Redmann and Bianca Elizabeth Bersani, $1.2 million.

AD

McLean Dr., 5605-Mid-Atlantic Custom Builders Corp. to Edward and Lerna Chaglassian, $2.33 million.

Millwood Rd., 7208-Richard Coghlan and Sang Me Lee to Roman and Katja Elisabeth Heini, $2.65 million.

Pelham Rd., 8507-George L. Richardson and Beatriz M. Romero Junquera to Huanhuan Deng and Bing Qi, $1.48 million.

AD

Rannoch Rd., 6800-John L. Stodola to Katherine E. Pappas and Craig D. Goldstein, $1.3 million.

Sentinel Dr., 4970, No. 11-204-Kerry Lynn Edwards to Rae B. Wine, $564,000.

Still Spring Ct., 8300-Eric Paul Hanson and Celia Noemi Cruz to Daniel P. Simon and Lisa Marie Yanni, $925,000.

Vendome Dr., 9232-John D. Gordon and H. Allison Smith to Brian S. Gold, $1.44 million.

Walton Rd., 5816-Natalie A. Albina to Stephen T. Power and Claudia A. Laguzzi, $1.58 million.

Whitley Park Terr., 5450, No. 305-Cheryl L. Maltz and estate of Adrienne K. Maltz to Mohanlal, Panna and Dipti Mistry, $389,250.

AD

Winterberry Ct., 5-Guillermo Jose Aviles Mendoza and Juliana Kruse De Andrade Maia to Maria L. Bruno Ruiz and Daniel F.B. Ruiz, $852,500.

AD

BOYDS AREA

Conrad Spring Rd., 15432-Rosemarie Borisow to James P. and Natacha C. Walsh, $765,000.

Shiloh Church Rd., 23210-Joe D. and Mary V. Pace to Sam and Rima Abuobaid, $925,000.

BROOKEVILLE AREA

Briars Rd., 3422-Mark B. and Gail A. Gunod Green to Maura Burns and James Landers Sullivan, $519,500.

Honeystone Way, 2302-Peter and Christina Donath to Vincent and Nicole T. Walker, $725,000.

Saint George Way, 2515-Laura Kane and estate of Richard V. Fazio to Michael and Yelena C. Roshal, $727,000.

BURTONSVILLE AREA

Aldora Cir., 14119-Gary W. and Wendy Ann Whichard to Emmerson Nelson, $285,000.

Bentley Park Dr., 14517-Daniel and Laura Davis to Tariq Shahzad and Humera Tariq, $660,000.

AD

AD

Regalwood Terr., 4313-Gordon H. Fry to Nina M. Keach and Lou Deutschman, $300,000.

Sorrento Ct., 14502-Tokozile and Rodwell Dlodlo to Akossiwa E. Atohoun, $290,000.

CALVERTON-COLESVILLE AREA

English Turn Dr., 13015-Itea Investments Corp. to Meseret Ibsa, $750,000.

Lillian Lane, 111-Carol Delaney and Patrick J. Doyle to Mamoon Osman Hassan Saeed, $470,000.

Peaceful Lane, 1415-Reginald L. Penny to Antoine D. Poole II and Marielys Montero, $435,000.

Staley Manor Dr., 1743-Sarah M. Pevey to Harris Iqbal and Victoria Audrey Prevette, $310,000.

Woodlake Dr., 3552, No. 19-Tara M. Royster to Titilayo O. Adigun, $365,000.

CHEVY CHASE AREA

Clifford Ave., 8804-Nancy B. and Condit N. Eddy to Patricia M. Diaz and Marcelino N. Andrade, $730,000.

AD

Falstone Ave., 4723-Brandon H. and Anna J. Lee to Helene Safire, $1.25 million.

AD

Inverness Dr., 3601-David J. Chorzempa to Brian P. and Cathleen D. Ciampa, $1.2 million.

Levelle Dr., 9211-Steven D. and Kimberley C. Pearson to Rebecca S. and Daniel L. Weaver, $1.31 million.

Wisconsin Ave., 5600, No. 1407-Terry Holtzman and estate of Mary Holtzman to Joseph E. Schwartz and Anne Weiss, $1.32 million.

Wyndale Lane, 7404-Joy M. Leong to Robert A. Vricella, $975,000.

CLARKSBURG AREA

Basswood Hill Dr., 23114-Sun Kyung Yu to Mouhamed and Fatou Dioum, $430,400.

Ebenezer Chapel Dr., 13070-Third Try Corp. to Manoj Maheshwari and Nitu Pasari, $515,000.

Pond Pine Dr., 12109-Rui P. and Jessica Torres to Yong Guo and Shangwei Liu, $435,000.

AD

Winding Woods Way, 22002-Clarksburg Village Corp. to Jeffrey Glenn and Venita Yvette Scott, $601,395.

CLOVERLY-EDNOR AREA

Cantrell Rd., 14400-Musawwir A. and Tasnuva Khan to Luis M. and Edgar C. Loayas Aguilar, $550,000.

AD

Redgate Ct., 2-Roger M. Brown and Karen Jayne Doswell to Deborah Y. Clark, $706,000.

DAMASCUS AREA

Biscayne Lane, 9904-Lawrence and Lindsay Haley to Jason and Amanda Oakes, $395,000.

Canvasback Way, 9958-Jessica M. McLaughlin and Mark R. Nettling to Yamila Medina, $249,000.

Middleboro Dr., 10812-Susan M. Hensley to Junmin and Xiaoxiang Zhang, $550,000.

Valley Park Terr., 25732, No. H-2-Jesus Arturo Parrau and Nicole Jennifer Hartwick to Caitlin Ann Caffrey, $259,000.

AD

DERWOOD AREA

Cliffbourne Lane, 17817-Estate of Joan B. Carpenter to Kyle M. and Lynn E. Erickson, $515,000.

Granby Rd., 6108-Florence M. Hallman and Patricia L. Boyer to Sonia Mundle Smith, $685,000.

Nutwood Ct., 7609-Alan J. Diamond and Carol Janus to Laddawan Thirachawalit, $375,000.

Wheat Fall Dr., 17521-John C. Vergelli and estate of Kathleen Ann Vergelli to Luis F. Retana and Betsy N. Lopez, $450,000.

AD

FOUR CORNERS-BURNT MILLS AREA

Brewster Ct., 314-Andrew J. and Kristin A. Schrader to Cheryl Ann Hurwitz, $653,000.

Dryden St., 1107-Laurie A. Yengo to Jodi Ilene Charles, $500,000.

Glenwild Rd., 10615-Arceli Bacsinila to Ashley Nicole Macon and Shauna Natasha Davis, $482,500.

Lowander Lane, 813-U.S. Bank and Legacy Mortgage Asset Trust to Yonas Nigatu Gurach, $440,000.

Saybrook Ave., 9308-Laverne H. Havelka to Deanna L. Wright, $504,000.

Sutherland Rd., 10003-Jared E. and Jennifer L. Gigliotti to Robert H. and Ashley S. Burch, $615,000.

GAITHERSBURG AREA

Barn Swallow Terr., 18728-Matthew and Shanna Bahen to James Michael Whalen, $276,000.

Fertile Meadow Ct., 18023-Rajeev and Gunjan Jain to Maryonne A.C. Snow Smith, $350,000.

Grosbeak Terr., 18632-Brian Williams to Dalicia Ashley Eschoe, $295,000.

Hummingbird Terr., 9235-JLG Investments Corp. to Marc D. and Brandon Riley Goldstein, $325,000.

AD

Lindstrom Ct., 17615-Alan R. and Jan Briddell Stevens to Jaime Romeo Valiente Gallegos and Ruth Fransoli Valiente, $325,000.

Pearlbush Dr., 7900, No. 302-Edward J. Maynes to Christine R. Kim and Ricky M. Zatz, $129,999.

Tulip Dr., 110-Ashley J. White and Christopher A. Sibrizzi to Aaron K. and Anna K. Serrano, $400,000.

GAITHERSBURG-NORTH POTOMAC AREA

Apple Blossom Way, 112-Wen I. Wear and Jack Pai Young Liu to Kannan Chinnasamy and Harita Kannan, $610,000.

Boat House Ct., 14-Qisheng Li and Jinwen Chen to Dun Liang and Sutan Wu, $771,000.

Chestertown St., 122-Scott V. and Sharon L. Nystrom to Andrew and Jaclyn Nicoletta, $882,500.

Clover Knoll Rd., 11925-Inge J. Caldwell to Eric Endicott and Heather Leeper, $515,000.

Curry Ford Lane, 208-Suntrust Bank to Francis Aning Boddom, $320,000.

Diamondback Dr., 506, No. 241-C.F. Sept Owner Corp. to Lok Wong Samson, $489,900.

Fenceline Dr., 12-Maureen Q. Ponce to Umesh J. Rajani and Purvi R. Desai, $380,000.

Helene St., 535-Blake E. and Ilene H. Godsey to Gary M. and Judith Lynn Katz, $809,900.

Kimberly Ct. W., 785-Perfect Homes Corp. to Summer G. Martinez and Daniel Francis Cumberland Jr., $535,000.

Linslade St., 724-Verna W. and Jerry C. Van Wert Jr. to Christopher Michael and Courtney B.K. Knaus, $800,000.

Orchard Hills Dr., 111-Mark A. and Joanna Green to Ebrahim Rajabtabar Darvish and Hanieh Ataei, $550,000.

Phelps St., 477-Rajesh Kumar and Anju Goel to Yang Liu and Yu Zhang, $624,000.

Quince Orchard Blvd., 882, No. 202-Xiaoyou Chen to Anisur Rahman Palash and Afia A. Jahan, $115,000.

Sylvan Glade Dr., 14440-Drew Evan and Ryann Leslie Morris to Shafiul and Mahabuba Alam Elahee, $1 million.

Water Oak Dr., 15105-Jai Raj Narain and Tara B. Rajan to Chawan Elliot Barnes and Sadaf Afkhami, $620,000.

GERMANTOWN AREA

Ambassador Dr., 13600-Hao Ping Chai to Hwei Chun Chou, $259,900.

Chalet Dr., 18140, No. 7-101-Hsiu Ling Hsu to Annette Richards, $178,000.

Dairymaid Dr., 13139, No. 103-Fang Xu to Bowen Yang, $155,000.

Esmond Ct., 27-Joseph Beall and Paul Yanoshik to Eric Robert and Keke Schuler, $308,900.

Lake Park Dr., 19918, No. 922-Sandra and Maria Pazmino to Augustina Boamah and Kwame Konadu, $310,000.

Lowfield Terr., 13413-Jasbir and Piari Singh to Mario and Janeth Andino, $345,000.

Martins Landing Dr., 18700-Stephen P. Macloud to Michael L. Tash, $284,500.

Moonwalk Ct., 18910-Chad and Amanda Berkhammer to Vitaly Avilov and Qi Zeng, $564,900.

Rayfield Dr., 19425-Juan A. and Isabel Galvez Salgado to Scott and Mignonette Petersen, $401,000.

Shipley Terr., 20209, No. 1-B-201-Hector A. and Jose Omar Andino Rivera to Hector Hermando Neira Herrera and Graciela Q. Neira, $180,000.

Summer Oak Dr., 11527-Mark M. and Megan A. Jackowski to Timothy R. and Alena Lynn Carter, $305,000.

Warrior Brook Dr., 19141-Zhengliang Bu and Lanlan Zhang to Robert Eugene and Danielle Ross Franklin, $409,900.

Winding Creek Way, 12041-Francoise A. Andre and Apostol T. Vassilev to Jibran Misbah and Farah Reyaz, $322,000.

KENSINGTON AREA

Brunswick Ave., 10700-Roy E. and Herlyth B. Clark to Thomas G. and Madison Dickinson Hendren, $550,000.

Flanders Ave., 5307-Silviu C. and Leana Cretu to Steven H. Ngo, $650,000.

Midvale Rd., 11120-Jerome Rossignuolo and Chu Chu Lan to Timothy Jerome White Jr. and Ghazal Parsa, $769,000.

Saul Rd., 4501-Jonathan George Mathis to Rosita Alyssa Baua Hermann, $699,000.

LAYTONSVILLE AREA

Flamingo Terr., 24340-James P. and Natacha C. Walsh to William Marshall Lee and Casey Christine Robertson, $380,000.

Lochaven Ct., 20924-Donna M. Marino to Michael Anthony and Leslie Susan Gladu, $625,000.

Watkins Rd., 9631-Suzanne and Donald L. Diddle to Scott D. Parello, $480,000.

Woodfield School Rd., 25130-Joseph Allen and Cheryl Peters Wyatt to Patricia and Terry Nichols, $635,000.

MONTGOMERY VILLAGE AREA

Brassie Way, 9620-Shannon Frye Robb to Richard Pineda and Alicia D. Valle Toledo, $199,900.

Copps Hill Pl., 18124-Fabiana I. and Ismelda Gaona to Marco Antonio Uceda Juica, $225,000.

Hellingly Pl., 9728, No. 203-Anthony Malek to Nicolaas Johannes Van Staden, $114,000.

Mills Choice Rd., 19023, No. 4-James I. and Tuanhwa H. Cheng to Leo Stanley and Konika A. Rodriguese, $130,000.

Ravenglass Way, 8732-Patricia M. Benjamin to Nicolas E. Quinones, $195,000.

Sterncroft Ct., 20504-Jesus Huaman and Frida Mojonero to Ketty E. Peraza and Cristofer Adalverto Gonzalez, $238,500.

Transhire Rd., 19551-John Charles Marshall to Laurel Foster, $240,000.

NEW HAMPSHIRE ESTATES-HILLANDALE AREA

Hedin Dr., 9809-Clifford H. and Sandra Ivery to Saleela and Shailesh Kumar Sharma, $416,500.

NORBECK-LAYHILL AREA

Bel Pre Rd., 3750, No. 11-Andrew and Paulette M. Ladas to Marcos R. Tamayo Olivier and Carla A. Luis, $92,500.

Camellia Dr., 12813-Gary and Elizabeth M. Gilliam to Erica S. St. Louis and Herbert Russell Frisby III, $475,000.

Edelmar Terr., 3612, No. 127-A-Woodrow W. Hancock Jr. to Alice C. McGurty, $241,500.

Greenery Lane, 2308, No. 302-13-Federal National Mortgage Association and BWW Law Group Corp. to Rasheda Akter and Nazifa Tazrian Munia, $189,900.

Innsbruck Ct., 14420, No. 3-AB-Steve J. Chaney to Francisco N. Hernandez Savinon, $185,000.

Interlachen Dr., 15101, No. 1-414-Estate of Barry Friedberg to Ann M. McDowell, $280,000.

Island Creek Ct., 3423, No. 132-A-Robert S. and Emilene Werner to Katherine L. and Thomas G. Bugenhagen, $468,000.

Leisure World Blvd. N., 3200, No. 619-Cindy Ann Gilman and estate of Freeda S. Wolf to Gail Roe, $404,000.

Leisure World Blvd. N., 3330, No. 5-915-Roger D. Feldman and estate of Gertrude Coburn Feldman to Val S. and Judith Sasmore, $152,500.

Ludham Dr., 3209, No. 193-A-Edward A. Perron to Sherry Lynne Stargel, $315,000.

Nordic Hill Cir., 1651-Kenneth Cutler and Wioleta Laska to Eugenio J. Aleman and Maria C. Vassallo, $494,000.

Redspire Dr., 13302-Dale and Lilyan Kang to Hoang M. Nguyen and Mai X. Huynh, $825,000.

Weller Rd., 2604-Luciano and Lidia DiFranco to Tena Gebretsadik and Hana Wondimu, $450,000.

OLNEY AREA

Buehler Rd., 17816, No. 1-B-2-Luis Anthony Jaramillo to Peter J. and Joseph Toller Leicht, $125,000.

Gelding Lane, 3811-Michelle R. Cascio to Paulina M. Kozorosky, $373,000.

Overwood Dr., 17804-Maurice L. Vekeman Jr. to Nicholas Domenico Richards and Jennifer Steiger, $472,500.

Shadowridge Terr., 18606-Cynthia L. Dunn to Seble Abebe and Mulugeta T. Fisseha, $421,000.

POOLESVILLE AREA

Hughes Rd., 17300-Jeffrey Dayton and estate of Leona J. Nelson to Jesse Ryan and Jennifer Loznak, $443,500.

Spurrier Ave., 19812-Randolph C. and Nancy L. Halphen to Stephen and Angela Amanda Trice, $430,000.

POTOMAC AREA

Bartonshire Way, 1294-Donna R. Foley to Laurence Wade and Sarah Maria Tivnan, $710,000.

Betteker Lane, 9905-Patrick D. and Mariella V. Young to Yan Zhang, $680,000.

Brushwood Way, 13149-Jennifer M. Whitlow to Jeffrey T. and Michele Molyn Napoliello, $1.73 million.

Cambridge Manor Ct., 9237-Kathleen J.S. and Stevan A. Varga to Sean Wesley Hiapo and Jill Renee Olson, $1.82 million.

Conestoga Way, 9708-RBL Ventures Corp. to Kevin Kyuhong and Yoojin Choi, $930,000.

Democracy Blvd., 10240-Barbara and Gerard P. Champaloux to Ejike Asiegbunam, $1.8 million.

Fallsmead Way, 1203-Wai Keen Chung and Junqing Liu to Colter Thomas and Alana Wase Bell, $753,000.

Inverness Ridge Rd., 8145-Donna F. Panagos to Xun Sun and Linnu Cao, $560,000.

Lloyd Rd., 10325-Mark B. and Donna Tasso Johnson to John K. Wilson and Katherine J. Scoville, $829,000.

Milbern Dr., 11612-Sheshagiri Rao and Kusum A.R. Kalavar to James P. and Calie B. Lillis, $735,000.

River Falls Dr., 8304-Edward J. and Elizabeth C. Hudson to Blair Alexander and Elizabeth Goergen Silver, $1.4 million.

Stratton Dr., 2001-Michelle L. Snyder and Jonathon S. Colton to Ira S. Miller and Allison Buchman, $775,000.

Turnberry Dr., 9472-Paul A. and Susan L. Commander Samakow to Virun Lee, $880,000.

Willowbrook Dr., 11137-Pei Ying and Diana H. Chen to Kevin P. and Angela R. Murphy, $1.09 million.

ROCKVILLE AREA

Azalea Dr., 868, No. 21-Prashant and Quenie Thi Nguyen Goswami to Ehud Inbar, $350,000.

Barbados Pl., 5916, No. 59-Trudy Bernstein to Ari Payes, $399,000.

Boiling Brook Pkwy., 4722-Andrew J. Horos to Mohd Sulaiman and Moska Hakimzada, $390,000.

Brentford Dr., 5109-Joseph C. Werner to Jimmy Su, $365,000.

Charles St., 335-Leqin Shi to Patrick Jose Raminhos, $317,000.

Dundee Rd., 2002-Tian Zhou to Peipei Hu, $515,000.

Ertter Dr., 4904-Steven T. and Karon C. Martinez to Christopher A. Yen and Luyao Zhang, $590,000.

Gaither Rd., 1017-Morgan Chiu and Hsiaofang Yeh to Gregory and Dorothy Yahr, $525,000.

Glenmore Terr., 2267-Lawrence G. Lazar and Leilei He to Natalia Komissarova, $765,000.

Linden Square Ct., 5804, No. 41-Karla Olsen to Andrea Basdekian, $535,000.

Luxberry Ct., 9, No. 4-Shulamith B. and Donald D. Weisman to Michael Anthony O’Sullivan and Janet Rae Fox, $570,000.

Monroe St., 114, No. 302-Yuri Berman to Gennadiy A. Pavlyukovets and Natallia S. Kotseneva, $235,000.

Old Georgetown Rd., 11710, No. 1226-Scott Christopher and Alina Elizabeth Hotaling to Majid Majd, $325,000.

Paulsboro Dr., 957-Heather A. Mulloy to Nurgul Gelic, $495,000.

Rolling House Rd., 11327-Ira B. Mirsky to Thomas and Ola Chen, $850,000.

Rose Ave., 930, No. 1906-Pike & Rose Condominium Inc. to Melony and Robert Muller, $479,900.

Strathmore Park Ct., 10400, No. 303-Steven D. and Laurie J. Macht to Gerard E. and Germana B. Mitchell, $800,000.

Topping Rd., 4704-Ryan M. and Angela H. Harper to Bradly M. Bauman and Kristen Elmezzi, $470,000.

Warfield Dr., 618-Kevin Frederic and Cynthia Jo Brooks to Lucy Angela Carone Elliott, $650,000.

Wickshire Way, 11020, No. A-5-Corey and Emily Baker to John Carlos Wong, $625,000.

SENECA PARK-CEDAR GROVE AREA

Amber Ridge Cir., 12031-George A. and Traci D. Crawford to Adam Shuaib and Amanda Stegmiller, $350,000.

Bent Creek Terr., 11318-Jill R. Freund to Belinda B. Nyarko, $350,000.

Owls Nest Cir., 21255, No. UN40-Seung H. and Hannah Weerae Lee to Fenton G. Dobard Jr. and Alicia R. Tellis, $355,000.

Royal Crown Dr., 12509-Brian and Irina Mitchell to Swayne J. Singh and Tigest Eyasu, $500,000.

Sojourn Ct., 21003, No. 33-Janice A. Thomas to Vernette V. Vernon, $280,000.

SILVER SPRING AREA

Cassedy St., 2737-Melinda Campos and Gloria Zagorski to Daniel J. Zarin, $627,500.

Easley St., 701-Gunnar Grodsky to Ahmed and Nihad Fawzy, $1.34 million.

Kingsbury Dr., 9105-Stanford D. Gillis to Gregory S. Avicola, $630,000.

Russell Rd., 9411-Paul Skafte to Samuel R. Gilbert and Erica E. Eisenman, $665,000.

Washington Ave., 2207, No. W-203-Amy T. and Jason R. Barnard to Beatriz Rodriguez, $280,000.

Second Ave., 8926-Tage Jacob Rainsford and Danielle Nichole Bird to Jason David Schellhardt, $735,000.

TAKOMA PARK AREA

Carroll Ave., 7342-Keith A. and Sara Mercedes Allen Sieverding to Alfred Clarence and Claire Joanna Bertrand, $715,000.

Hudson Ave., 601, No. 312-Leslie Charles and estate of Judith Ann Hobbs to Clara Ines Vargas, $175,000.

TWINBROOK AREA

Debeck Dr., 1004-Laura S. Johnson to Isabelle Raquin and Jonathan Honigman, $482,000.

Gilbert Rd., 1003-Richard and Debora Branthover to Jordan A. Stubbs and Carol Oser, $370,000.

Lemay Rd., 5935-Andrew J. Wilks and Edward H. Walker to Rajeev and Sandra Purohit, $448,402.

Rockcrest Cir., 30-Kevin William Green and Kimberly Pisabaj to Gibran Shaikh and Zuha Moin, $485,000.

WHEATON AREA

Bluff Terr., 101-Benjamin Scott Sammon to Connie Lynn Bacon and John Patrick Andrews, $535,000.

Cone Lane, 11004-Dorothy S. and John J. Crnkovic to William Henry Washington Jr. and Keshni Naicker, $400,000.

Georgia Ave., 9806, No. 22-301-John Justin Gradowski to Deborah Meetze Hinton and James Reid Rowlett, $230,000.

Hardy Ave., 2814-Andreas P. Gelner and Adrienne J. Capkovic to Endalew K. Delegassa and Eleni G. Dinkalem, $366,000.

Imperial Dr., 1702-Laura L. Letson to Matthew O. Spencer and Greta Claire Harman, $499,000.

Lamberton Dr., 800-Robert H. and Angela C. Liberman to Moshe B. and Melissa Broder, $660,000.

Lovejoy St., 11803-Yossi Alkoby and Judith Meira Gershater to Scott Weinberg and Julia Ashkanazy, $522,500.

Woodland Dr., 9900-Sara A. and Angelique J. Willis Hilbrich to Matthew G. Dean and Deborah A. Williams, $525,000.

Frederick County

These sales data recorded by the Maryland Department of Assessments and Taxation in August were provided by Black Knight Inc. For information about other residential real estate transactions, visit washingtonpost.com/homesales.

ADAMSTOWN AREA

Mount Ephraim Rd., 1888-Tom P. and Maureen T. Lapsa to Lindsay Turner Johnson, $725,000.

BRUNSWICK AREA

Crums Hollow Dr., 801-David M. Kilpatrick to Kenneth V. and Krisztina Baglyas Janosko, $413,000.

Orndorff Dr. W., 134-Kelly A. Watson Huffer to Matthew and Cheyenne Smith, $170,000.

Virginia Ave. N., 12-Jeff and Sam Edgin to Karen P. Orens, $280,000.

BUCKEYSTOWN AREA

Keller Lime Plant Rd., 6787-Charles M. and Julie N. McGuffin to Joseph Brooks Gatewood, $339,000.

BURKITTSVILLE-JEFFERSON AREA

Camden Dr., 4105-Larissa Lefebure to Joseph and Elizabeth Longo, $347,000.

Pecan Ct., 3445-Gerard J. and Shirley L. Long to Jonathan H. and Lori M. Paquin, $459,900.

EMMITSBURG AREA

Huntley Cir., 1325-Allen Ambush to Skylar D. Poole and Megan S. Degrange, $320,000.

FREDERICK CITY-ADAMSTOWN VILLAGE AREA

Avonshire Pl., 5620, No. D-Paul Werking to Lai Thang and Kippar Van, $183,000.

Black Creek Lane, 7203-Michael T. Malafarina to Rachael Hallyburton and Patrick Koogle, $278,000.

Clifton Rd. S., 6205-Eric Seth Epstein to Rusty J. and Nancy J. Mikulas, $235,000.

Duke Ct., 5184-Taruan D. and Daphne S. Matthews to Damien Lamont Ricketts, $210,000.

Essex Pl., 518-Marijka A. Grey to Mary Joe Bayley, $191,500.

Granville Ct., 6638-Mandy Schall McAteer to Jason W. Brinkley, $285,000.

Hollyberry Way, 590-Eric J. Miller to Lasker N. Ahmed, $198,000.

Jefferson Blvd., 6624-Payton M. and Bethany L. Reid to Harry Russell and Sandra Sessa Lashley, $515,000.

Killdeer Ct., 6737-Brett A. and Caitlin E. Vanorsdel to Ryan Hopkins, $245,000.

McGrath Pl., 6631-Calli Marie Rooney Lear to Nestor Arnoldo Nunez and Elizabeth A. Holden, $295,000.

Old Swimming Pool Rd., 4902-Walter L. Hepker and Rebecca G. Full to Brian P. Howie, $314,900.

Rivendell Pl., 5583-Marc Aaron and Christine Apolito to Sheila R. Bonney, $282,000.

Small Gains Way, 4949-Steven C. and Jessi D. Barmoy to Luis Banoscare, $322,000.

Sweet Bay Ct., 5775-Katherine C. Kelley to Jennifer Lynn Buckley, $209,900.

Timberwolf Dr., 1415-Linda Greenberg to Omar Adonay Mendez Carias and Tylyn A. Medrano, $368,500.

Walcott Lane, 6511, No. 102-Jaime Thompson to Darla H. Alterescu, $226,900.

Wood Duck Ct., 6770-Nathan A. and Jessica R. Vanhouten to Jianyong and Xiuqin Gao, $224,400.

FREDERICK CITY-LIBERTYTOWN AREA

Baldridge Cir., 6140-Steven B. and Kendall Klosky Tiffany to Erica F. and Anthony N. Cooke, $282,000.

Bear Den Rd., 2563-Ronald L. Mallow and Robin N. Gordon to Todd and Gail Fineberg, $389,900.

Bridgewater Ct. W., 9402-Razvan A. and Jennifer Simonica to James and Lauren Ji Kim, $409,900.

Catoctin Ave., 209-Joseph M. Shoemaker to James E. Rippeon II and Aimee Leigh Rider, $237,500.

Church St. E., 217-Katie A. Pribyl to Dianne Dain, $555,000.

Derrs Ct., 1800-Jason R. and Kathleen A. Sepanic to Michael A. and Evelyne Anzick, $380,000.

Dogwood Dr., 1604-Daniel W. Trombetta to Paul Fritz, $305,000.

Egret Way, 2625-Tracy Tucker and Kathleen Martin to Sean Gibson, $315,000.

Greenleese Dr. N., 1801-Jeffrey T. and Kari B. Enama to Zachary Alan and Courtney Marie Davis, $424,000.

Holden Rd., 832-Calatlantic Group Inc. to Joshua Adam and Sarah Anne Loftus, $497,473.

Jubal Way, 926-Phineas Cornell and Sharander Lakilia Jackson to Edmond D. Fuentes, $260,000.

Lamp Post Lane, 2213-Sean M. and Amanda M. McWilliams to Shayna L. Scott, $290,000.

McMurray St., 104-David W. and Kathryn L. Humphries to Jennifer A. Wilson and Lesley J. Vandever, $270,000.

Mill Island Pkwy., 3030, No. 310-Joseph A. Alexander to Judith Westbrook, $327,000.

Palatine Dr., 3000-Wormald Development Co. to Joan T. Reilly, $473,900.

Quay Ct., 7984-David H. Shiben to Jamaal Anwar Jones, $220,000.

Sherman Ave., 304-Tarah M. Zuniga and Edison Zuniga Sanchez to Amanda N. Barrientez, $216,000.

Springwater Ct., 6509, No. 6401-Jennifer Bolling Laggini Palmer to Annie Walker, $190,000.

Stoners Ford Way, 3025-Lorraine J. Stoltz and Marsha D. Flowers to David F. and Jeannie R. Knollman, $462,000.

Village Square Rd., 2231-Debra A. Bowman to Janet Jenkins, $333,500.

Wheyfield Dr., 1618-Michael G. and Linda J. Murray to Michelle Garrett, $286,000.

Fifth St. W., 235-Rachel E. Kavanagh to Brian Patrick Walsh, $239,000.

FREDERICK CITY-MOUNTAINDALE AREA

Andover Lane, 1636-Roberto Serpas Salmeron to Justin A. Mawdsley and Carol L. Paulson, $282,400.

Boulder Rd., 9404-Sabrina Elizabeth Smith to Ivan and Kensy M. Alvarenga, $235,000.

Buell Dr., 93-Anthony and Melinda Hite to Blyden Bonar Jr. and Nancy Kobe, $250,000.

Catoctin Ct., 2500, No. 1-2B-Timothy L. and Terri J. Cannon to Chengkai Dai and Yishu He, $170,000.

Coach House Way, 2508, No. 1C-Chris A. Turner and estate of Barbara A. Salt to Karen M. Cappolella, $185,000.

Dominion Dr., 2406, No. 2C-Daniel L. and Tama R. Plombon to Patricia A. Lawton, $176,500.

Ellsworth Way, 2408, No. 2A-Frank E. Warner to Amy Haggerty, $164,000.

Fox Hunt Lane, 8223-Thomas E. and Kathleen E. Igo to David Michael and Joli Naomi Chism, $441,500.

Heather Ridge Dr., 416-Wayne Deyton to Joseph S. and Gillian A. Kulina, $125,000.

Jordan Valley Way, 8329-Richard W. and Linda S. Revolinsky to Edwin and Jackeline Cartagena, $470,000.

Livingstone Terr., 9-Amanda M. and Joyce A. Zimmerman to Kenyan L. Summers, $219,900.

Millstream Dr., 1844-Embrace Home Loans Inc. to Jasbir Singh Matharu, $205,000.

Runny Ct., 7002-Anthony S. and Jennifer J. Kokoskie to David W. and Kathryn L. Humphries, $340,000.

Shelley Cir., 2508, No. 8-Mark and David Degirolamo to Elinor J. Rouff, $189,000.

Timber View Ct., 244-L&A Holdings Corp. to Kyle L. Georgius and Lauren N. Hicks, $280,000.

Wilcox Valley Dr., 2053-Tiffany A. Glover and Tracy A. White to Michael R. and Ruthann McFadden, $409,000.

GARFIELD AREA

Loy Wolfe Rd., 13500-Richard M. Pryor to Trystin R. and David H. Alexander, $450,000.

IJAMSVILLE AREA

Melbourne Pl., 7503-Paul D. and Susan L. Manny to Michael A. Chlebda, $565,000.

Shel Mar Dr., 1907-Barry Edwin and Sharon Joy Wagman to Jose M. Cambron Espino, $510,000.

LIBERTYTOWN AREA

Liberty Rd., 11920, No. 204A-Richard Lee and Heather L. Rippeon to Brittney Nicole Rowse, $126,000.

MIDDLETOWN AREA

Boileau Ct., 3-Gary and Sharon Diane Gregoire to Connor R. and Brenda L. Smith, $225,000.

Feldspar Rd., 4630-Brian T. and Lisa A. Edwards to Jason Robert and Allison Jacob Jachowski, $480,000.

Myersville Rd., 8620-Arthur D. Tringali to Jason B. and Patricia M. Leffson Nalley, $355,000.

Springbrook Ct. E., 7311-David T. and Mary E. Sweeney to Anita L. Bright, $192,296.

MULLINIX AREA

Autumn Ridge Ct., 902-Robert H. and Terri L. King to John F. and Jessica E. Fisher, $452,500.

Foggy Bottom Ct., 13887-Delores A. and Theodore L. Schwartzbeck to Virginia Elizabeth and James Arthur Lagger, $442,000.

Mitchell Ct., 13904-Luke Tanner and Beth Mitchell to William J. and Jessica M. Walker, $648,000.

Streamview Ct., 6204-John and Barbara McIntee to Steve Kelbaugh and Suzanne Shipley, $499,900.

MYERSVILLE AREA

Hunters Knl., 1007-Jay Eric Rhoderick to Jeffrey and Lisa K. Gottlieb, $610,000.

NEW MARKET-LAKE LINGANORE AREA

Beach Dr. E., 6617-Daniel B. and Kellie C. Ganoung to Charles J. Franco Jr. and Leslie Wang, $255,000.

Country Club Rd., 11233-Gary and Sharon Witt to Anthony Paul and Stefanie E. Lavin, $455,000.

Fox Chase Rd., 6925-Raymond J. and Cynthia A. Geraghty to Matthew and Shanna Bahen, $400,000.

Isaac Russell St., 534-New Market Residential Corp. and Oak Hill Properties Corp. to Sean A. and Kristen L. Chaffman, $520,000.

Meadowlake Rd., 6933-Lisa Hamlin and Brian St. John to Andrew Spangler and Jennifer Hake, $495,000.

Richard Roberts St., 400-New Market Residential Corp. and Oak Hill Properties Corp. to Nila Via, $520,000.

Shalom Ct., 10003-MS Aspen North Corp. to Brad Michael and Courtney Renee Bahr, $500,990.

NEW WINDSOR AREA

Wildrose Ct., 15610-Timothy L. and Deborah A. McQuay to Kenneth Eugene and Elizabeth Ann Lamb, $347,500.

ROCKY RIDGE-CREAGERSTOWN AREA

Motters Station Rd., 14619-Bernard J. and Dawn Marie Hobbs to Zachery Bryan Fritz and Heather Michalena Pozzouli, $269,000.

THURMONT AREA

Moser Cir., 224-William D. Shadle and Brooke N. Hildebrand to Minerva Carrasquillo and Alex Vazquez, $196,000.

Stoney Mine Ct., 3-Corey A. Totten to James R. McGrady, $299,900.

Utica Ct., 10849-Thomas J. Ledwell to Brandon M. Smith and Ashley A. Brown, $475,000.

URBANA AREA

Bartonsville Rd., 5817-Landmark Investment Properties Corp. to Michael Kevin Walsh and Sheryl Anderson Fast, $285,000.

Belvedere Dr., 9099-Wilmington and Lehman XS Trust to Naseer Nayeem and Huma Hakim, $565,950.

Buckeystown Pike, 4310-Jonathan M. and Elisabeth C. Clinton to Leslie Curtis and Mitchell R. Poe, $500,000.

Dunraven St., 9443-Greg A. and Elizabeth G. Warner to Dale Anthony and Linda Marie Urlacher, $400,000.

Hawk Ridge Rd., 5518-MS Gladhill Farm Corp. to John Austen and Corinne M. Carter, $484,960.

Kenway Lane, 9148-Damian and Eboni Williams to Adrian A. Dragulescu and Christina Masterman, $420,000.

Pine Bluff Rd., 8415-MS Gladhill Farm Corp. to Thomas D. and Eileen M. Lantzas, $470,000.

Singleton Terr., 3717-Mihallaq and Brunilda Dhima to Melissa C. Altieri and Patrick J. Wenzler, $370,000.

Urbana Pike., 3625-Robin Michael and Christine Rochelle Reeder to Shuang Guan, $350,000.

Wyndham Dr., 9752-William M. and Tina J. Cullum to Shawn I. and Juliet D. Hossain, $589,900.

WALKERSVILLE AREA

Discovery Blvd., 8526-Healthy Homes Corp. to Stephen J. Green and Janet L. Brumer, $195,000.

Old Island Ct., 202-James F. and Shelly L. Mullen to Sabrina E. Smith, $447,000.

WOODSBORO AREA

Coppermine Rd., 11207-Bradley W. and Amber L. Seiss to Anthony and Charlene Bishop, $615,000.",A man is riding a dirt bike down a dirt hill
search,all,251,252,0.6103055477142334,18,: - \ hmv gone into bankruptcy equivalent ...,it is safe to say that body posture plays a big role in all languages .
search,all,257,258,0.6134254932403564,16,tata nano and other indian small cars fail crash tests,A woman is scrubbing a zucchini with a brush for vegetables
search,all,269,270,0.619664192199707,37,Two dogs are playing on a sandy beach,fulvio berghella stated that the digital worm named sq hell was particularly virulent and replicated itself at the rate of 8000 times an hour .
search,all,270,271,0.6201838254928589,22,A boy and a girl are playing on the outdoor gym,A man wearing black formal wear & a black top hat is riding a white show horse.
search,all,275,276,0.622783362865448,20,The microphone in front of the talking parrot is being muted,the goal intended to be attained ( and which is believed to be attainable ) .
search,all,278,279,0.6243432760238647,10,Some women are sitting together near woven walls,a man is playing the cello .
search,all,280,281,0.6253830194473267,13,A cat is not crawling under a piece of furniture,they also inherit the attributes and methods of its superclass .
search,all,283,284,0.62694251537323,17,A baby elephant is not eating a small tree,"nicaragua , venezuela offer asylum to snowden"
search,all,285,286,0.6279827356338501,17,Man in yellow canoe paddling through water.,ashya king 's parents freed from jail in spain
search,all,292,293,0.6316222548484802,30,"It was developed with consultation from more than 300 leaders in academia, industry, government and the public.","i don 't know how legitimate this is , but i heard he 's kind of suicidal ."
search,all,298,299,0.6347418427467346,21,a boy holds a net with a snake in it close to the ground .,mrs maij-weggen report ( a5-0323 / 2000 )
search,all,303,304,0.6373414993286133,38,A boy and a girl are playing on the outdoor gym,"his 1996 chevrolet tahoe was found abandoned in a virginia beach , va . , parking lot june 25 ."
search,all,307,308,0.639421284198761,8,the man is playing the guitar .,collect discarded or refused material .
search,all,309,310,0.6404609084129333,12,the best thing you can do is to know your stuff .,A magician is cutting a girl into two pieces like butter
search,all,317,318,0.6446201205253601,17,"about 22 % of twentysomethings are obese , which is roughly 30 pounds over a healthy weight .","The climbing equipment to rescue a man is hanging from a white, vertical rock"
search,all,319,320,0.6456603407859802,10,state or say further ;,A woman is applying cosmetics to her eyelid
search,all,320,321,0.6461805105209351,17,black and white cow standing near pile of snow .,a person is out in the water at the beach while the sun sets .
search,all,322,323,0.6472200155258179,6,A young man deep in thought.,Two men are playing table tennis
search,all,330,331,0.6513797640800476,13,The bride and the groom are arriving after the wedding,a black and white cat lying on a blanket .
search,all,339,340,0.6560589671134949,11,The little girl is smiling and wearing a fake nose and glasses,us stocks open higher despite gdp miss
search,all,345,346,0.6591789722442627,17,"WorldCom's accounting problems came to light early last year, and the company filed for bankruptcy in July 2002, citing massive accounting irregularities.","nicaragua , venezuela offer asylum to snowden"
search,all,347,348,0.6602187752723694,29,we have shed thousands of lives in iraq and afghanistan and what have we accomplished ?,( i love him ! ! ! ! ) 10 reasons we can 't get enough gosling -
search,all,352,353,0.662818193435669,8,Beer bottles (-LRB- Harp Lager )-RRB- lined up on the floor.,mandela leaves hospital after 10 days
search,all,361,362,0.6674969792366028,15,( theology ) the act of delivering from sin or saving from evil .,A wet boy is cheerfully jumping around on dirty and wet grass
search,all,370,371,0.672176718711853,7,"discover or come upon accidentally , suddenly , or unexpectedly ; catch somebody doing something or in a certain state .",Have you tried asking your employees?
search,all,371,372,0.6726967096328735,11,mr. geoghan had been living in a protective custody unit since being transferred to the prison on april 3 .,press releases : yemeni presidential election
search,all,383,385,0.6794558167457581,14,where you live at a particular time .,a potted plant with only a few sprouting .
search,all,384,386,0.679975688457489,17,A man with a bicycle at a coffee house.,tthe girl is standing in front of the open door of the bus .
search,all,386,388,0.6810160279273987,16,egypt 's morsi faces trial for prison break,t magazine : look of the moment | taylor swift
search,all,388,390,0.6820553541183472,36,if the other bulb is no longer contained in a closed path with the battery,"that said , i would caution against the attempted use of proof by anecdote here to prove the effectiveness and validity of the concealed carry laws ."
search,all,392,394,0.6841350793838501,15,: - \ hmv gone into bankruptcy equivalent ...,a chart or map showing the movements or progress of an object .
search,all,395,397,0.6856951117515564,16,The little girl is smiling and wearing a fake nose and glasses,sunday times journalist marie colvin killed in syria
search,all,399,401,0.6877748966217041,11,female film directors slowly gain ground,restart or continue an activity after an interruption or pause
search,all,400,402,0.6882948875427246,5,"China is scrambling to stop the disease from spreading to the countryside, where most of its 1.3 billion people live.",Some old women are talking
search,all,401,403,0.6888149976730347,8,A woman is falling off a horse,The dog is running across the dirty path
search,all,404,406,0.6903744339942932,16,A woman is applying stickers to her face.,cause ( a liquid ) to leach or percolate .
search,all,405,407,0.6908947229385376,7,A man in a white print shirt and a woman in a black dress dancing.,the mosquitoes posts .
search,all,407,409,0.69193434715271,7,cause to be in brief contact with .,Two people are riding motorbikes
search,all,411,413,0.6940138339996338,14,terminal 1 and terminal 2 are on the same side .,earthquake of 6.3 magnitude strikes off indonesia island
search,all,414,416,0.6955737471580505,39,A man is mixing,"when you crossed the line , you violated the constitutional right , "" said charles weisselberg , a uc berkeley law professor ."
search,all,415,417,0.6960934400558472,12,i 've started my own tool since i didn 't like ywriter and storybook .,regulate or set the time of ( a clock )
search,all,428,430,0.7028530240058899,17,"quotes from leaders , family at mandela memorial","stop for a moment , as if out of uncertainty or caution ."
search,all,432,434,0.7049322128295898,41,manila to increase counter-terror team,"the offer is also subject to goldman signing an agreement with drax 's senior banks , senior bond holders and hedging banks by sept . 30 , it said ."
search,all,437,439,0.7075324058532715,11,layover at narita for 3 hours . do i need a transit visa ?,a quantity of money added to a bank account
search,all,441,443,0.709612250328064,23,a black dog looking at a brown sheep in a pen .,Three men are sitting on a mountainside and looking at the view with a pair of binoculars
search,all,444,446,0.711172342300415,11,"the act of spending , disbursing funds",the perception of spain has changed dramatically with this government
search,all,448,450,0.7132513523101807,45,cause to be in brief contact with .,"goed initiatief , inkomen op kwaliteit en niet op verrichtingen # new york city ties doctors ? income to quality of care"
search,all,454,456,0.7163705825805664,16,Someone is stirring chili in a kettle,"Egypt braces for more protests over Morsi, prays for calm"
search,all,474,476,0.7267698049545288,11,"over 50 , and under no illusions over 50 ? invent yourself everyday !",clinton : we can make a difference
search,all,480,483,0.730409562587738,10,The man is operating a stenograph,a long train is on train tracks .
search,all,491,494,0.7361271381378174,9,use up the whole supply of .,be fully aware or cognizant of .
search,all,495,498,0.7382087111473083,25,"Now that the 2020s are officially upon us, it's only natural to wonder what the next decade of PC gaming will bring. Better graphics and faster hardware are a given, but considering how blindsided we were by some of the past decade's biggest, weirdest surprises —like loot boxes, Steam Early Access, and battle royales—it's also a safe bet that 2020 will have some strange surprises of its own. So everyone at PC Gamer is dusting off their crystal balls to try and predict some of the biggest stories and trends that will happen over the next 10 years.

Riot becomes the new Blizzard

Robin: Blizzard’s fortunes have seemed increasingly shaky over the last couple of years. Just when you thought the most unpopular thing they’d do in the decade was announce a mobile game, they decided to spark an international incident. Stories from inside the studio are troubling, too, with reports implying that the company culture may have been changing for the worse for years. Meanwhile, Riot’s made its play, announcing a billion games and an entire multi-media empire in one press conference. I don’t think all its gambles will pay off, but I could easily see its star being more ascendant than ever over the next ten years, while Blizzard’s increasingly dwindles.

Fraser: Riot’s had even more issues that Blizzard, and while it’s designing several games that will inevitably compete with Blizzard’s, I don’t think it’s ever going to reach the same heights. It’s arguably been squandered, but Blizzard’s long legacy is part of the reason that, even now, it’s beloved by a legion of fans, whereas Riot has one game that’s infamous for its toxic community. I’m not sure how Blizzard is going to come out of the next decade and I wouldn’t be surprised if its popularity did dwindle, but I’m don’t think anything will replace it.

Steven: Sorry, Fraser. I'm with Robin on this one. That one game you mentioned also happens to be the world's most popular with a daily player count that probably beats every Blizzard game combined. Toxic community notwithstanding, I think Riot's aggressive expansion is similar to Marvel's Cinematic Universe and has all the potential to be just as popular.

(Image credit: Electronic Arts)

BioWare fades away

James: Dragon Age 4 sounds nice, but it can't land too short of Modern Classic if BioWare wants to bring back its former reputation as one of the better big-budget storytellers in games. With so many new vacancies left by longtime employees and the constant shuffling around of those who remain, my faith in BioWare's delivery is at an all time low. To be clear, I'm not hopeless, I'm just... not optimistic.

Steven: I agree. I think this tail-end of the 2010s has shown that nothing gold can stay and sometimes beloved studios lose their way. With BioWare, I'm increasingly worried that they're no longer the studio I fell in love with 20 years ago. There's too much riding on Dragon Age 4, and that makes me worried that if BioWare cracks under the pressure again it'll be another Anthem-like disaster.

VR finally breaks through

Tyler: VR won't replace screens—that'd mean the death of popular genres, and be totally inaccessible for some—but by 2030 it will be much more popular. All-in-one headsets with built-in tracking will accurately detect the movements of our feet, hands, and joints, as well as our facial expressions, making our Sonic meme avatars extremely lifelike.

James: I'm not convinced. I mean, I think it will be more affordable and accessible, but I think the inconveniences will quickly outweigh the novelty. Wearing a big headset, closing yourself off to your surroundings, holding a bright magnified image inches from your eyes—the effect is astounding, for a while at least. And then it's exhausting. And then normal. The adoption rate will swell and deflate with every incremental update or 'killer app' until the promise of a virtual world isn't all that exciting anymore. Half-Life: Alyx will be great, though.

Chris: Maybe, but I think it's still going to give a lot of people motion sickness, which is something that might get even worse as the fidelity of VR gets better. That means a lot of people will still be slowly teleporting around inside games rather than using normal locomotion because it just messes with our brains and bodies in ways that no amount of technology can solve. Motion sickness is going to continue to keep VR a niche interest and a cool novelty rather than a breakout phenomenon.

(Image credit: Mundfish)

Ray tracing and 4K become the new standard

Tyler: At the start of the '10s, people were complaining about not being able to read text on their SD TVs. In the decade that followed, 1080p became normal, and then 4K TVs became normal. Still, true 4K gaming (as in, no upscaling) is considered high-end today. This is a boring, conservative prediction, but I'm going to say that'll happen again: 4K fully replaces 1080p and 1440p sometime in the '20s, and by the end of the decade, 8K and up are the high-end choices.

James: I'm too dumb to nod my head at the ray-tracing bit, but I'm fairly certain 4K will be the new 1080p. Just 10 years ago, the most popular resolution was 1280x800 . We're on pace to make 4K the norm. But what then? 4K is enough, right? What then?

PC hardware advances will slow way down

Jarred: I'm going to piggyback off Tyler here, but focus on processors and manufacturing technologies. The fun prediction would be to assume Moore's Law is alive and well and computers continue to progress in leaps and bounds. The reality: we're hitting a wall. Actually, we've been hitting walls for the past decade, but each new wall becomes taller and thicker. Ten years ago, a state-of-the-art CPU was manufactured on 45nm tech, and GPUs were on 55nm. We've gone through three or four transitions since then (32nm, 22nm, 14nm, and kind of 10nm for Intel; 40nm, 28nm, 16/12nm, and 7nm for TSMC). Ten years from now, I expect three transitions at most (eg, 5nm, 4nm, and 3nm), but the real improvements from each process shrink will become less noticeable. A Core i9-9900K or Ryzen 9 3900X will still be doing okay, but your graphics card will have been upgraded several times, because 4K 144Hz gaming isn't happening on today's GPUs.

James: The time for smellovision is nigh.

(Image credit: PUBG Corp)

The most popular game is from a genre we've never heard of

Tyler: Battle royale games didn't exist in 2010. Neither did autobattlers like Dota Auto Chess. Roguelikes were just starting to make a comeback as 'roguelites'. No one was using 'walking simulator' as a term of endearment or criticism. No one was searching for the term 'soulslike' until 2015. There were no 'strand games' that I can recall, because it's something Hideo Kojima made up. Only time will tell if he's on to something.

James: Like, what's going to be so new that Fortnite kids think it's too obtuse or naive to get into? I couldn't have predicted Fortnite, but I'm thinking whatever comes next will come from the increased scale and level of simulation new technologies will allow. Better graphics aren't the thing, I'm thinking about how the novelty of 100 people shooting each other on an island was enough to birth BR. Layer in way more and much deeper systems, be it weather, physics, building, lighting—whatever really—and the new ideas will spill out of the dev scene and onto the internet. That's my aspirational take. It'll actually be something that emerges from dumb luck.

We won't buy PC games anymore

Harry: Ok, hear me out. I'm not saying we're all just going to up and put down our mouse and keyboards en masse, but by the end of 2030, individually buying games to keep will just seem weird. Services like Xbox Game Pass for PC will be joined by others looking for a lucrative slice of the subscription-service pie, and become ubiquitous. Just like Netflix, Amazon Prime, and Hulu did for the small screen, we'll be juggling various Game Pass-like products and never really own anything. Because we're millennials and don't deserve to.

Rachel: I don't think we'll buy PC games anymore because I feel a majority of games will choose to take the free-to-play route. Many of the biggest games right now are free-to-play and I reckon this style of business model will be an overwhelming majority in 2030. Fortnite's micropayments model has overwhelmingly proven that it's a viable route for gaming companies. Instead of buying games, the focus will turn more to buying in-game virtual goods and premium features.

(Image credit: Bay 12 Games)

Dwarf Fortress simulates meta consciousness, dwarves realize they're inside the simulation

Dwarf Fortress creator Tarn Adams has said he wants to simulate all the ""narratively interesting"" aspects of existence, and I'm betting that means we'll 100 percent have a Dwarf Fortress Truman Show moment sometime in the next decade. Dwarves already have complex mental and emotional states, so it's not a leap to imagine them becoming self-aware enough to realize they're fictional beings inside a massive simulation. The question is, what will the do when they find out?

Loot boxes will be a thing of the past

Robin: Though some of their stealthier forms might survive—‘card packs’, for example—I think your run-of-the-mill loot boxes aren’t long for this world. There’s just too much scrutiny on them these days. If government regulation doesn’t kill them, publisher skittishness will, and they’ll end up banished to the same graveyard online passes got chucked in. The catch? I think they’ll be replaced by something even more insidious.

James: Loot boxes will just get supplanted by data collection psyops. Destiny 2 is almost already there, a collection of feedback systems on a micro and macro level, from the recoil after pulling the trigger and the gas escaping from where the Cabal's head used to be to the little sound and animation that plays when turning in a bounty. Service based games are endless fonts of granular information, so the structures to tune player experiences to the individual will likely take shape. Attention will become a higher priority than how microtransactions are presented. We might see them disappear completely.

(Image credit: Bethesda)

Bethesda will stop making singleplayer games altogether

Chris: Bethesda will release Starfield and The Elder Scrolls 6 at some point in the next decade, but after that? I wouldn't be completely surprised if we never saw another traditional singleplayer RPG developed by the studio. I don't much care for Fallout 76, and I'm not alone. But there must be tons of people still playing it because it keeps chugging along, and even the resoundingly unpopular Fallout 1st subscription has plenty members—pop into a session and you're bound to come across a few. I expect Bethesda will get better at making online games this coming decade, and if they do the focus will drift away from singleplayer RPGS entirely.","if you want to buy $ billion in xyz inc. common stock , who cares ?"
search,all,501,504,0.7413272261619568,14,Two racers are coming to a turn.,a damaged bulb creates a gap in the path .
search,all,502,505,0.741847574710846,10,Someone is drawing a person,algerian president in france for medical tests
search,all,508,511,0.7449679374694824,11,idolize / show devotion to,clinton : we can make a difference
search,all,509,512,0.7454893589019775,9,it is safe to say that body posture plays a big role in all languages .,be fully aware or cognizant of .
search,all,514,517,0.7480857372283936,11,"reimburse or compensate ( someone ) , as for a loss .",the force by which one object attracts another .
search,all,515,518,0.7486048936843872,53,fire at south korean bus terminal kills 5,"now , blanca 's husband , 63-year-old roger lawrence strunk of tracy , faces a murder indictment issued by the philippine government in february ."
search,all,519,522,0.7506877183914185,14,a group of teenagers are jumping in the air on the beach .,A group of people are ice skating in a big city.
search,all,526,529,0.754326343536377,90,the difference is the amount of protein contained in the flour which can range from 5 % to 15 % .,"this frame contains transparent nouns ( and some adjectives ) denoting quantities of a mass or of individuals. as opposed to aggregate words such as group , set , these quantity do not have a status as wholes on their own. initially , at least , we annotate both quantity of masses and of individuals in this frame , though we may split the frame along these lines later on ."
search,all,529,533,0.7564079761505127,24,you don 't have equipments / facilities to do research in b .,"if c burns out , then a and b are still in a closed path ."
search,all,533,537,0.7584837675094604,14,bomb blasts before indian opposition rally kill 4,Some Syria violence qualifies as civil war -Red Cross
search,all,538,543,0.7616041302680969,16,"the men had pakistani passports and reportedly were seen together at the airport earlier in the evening , law enforcement sources said .",annan to visit syrian refugees in turkey before iran
search,all,539,544,0.76212477684021,9,a loss entailed by giving up or selling something at less than its value .,"commodity expanded value-form , ."
search,all,542,547,0.7636846303939819,11,"a person who takes pictures , often a professional",take or have a position relative to others .
search,all,553,559,0.7699260711669922,6,The woman is putting makeup on the man,Someone is drawing a person
search,all,557,563,0.7720041275024414,18,abstain from eating or from certain foods,come down on or keep down by unjust use of one 's authority .
search,all,566,573,0.7772012948989868,11,a black dog is chasing two birds on the shore of the ocean .,A skunk is looking here and there.
search,all,569,577,0.7792818546295166,14,"tragic . my thoughts and prayers go out to all ... "" at least 220 killed in brazil nightclub fire """,death toll in colorado floods rises to four
search,all,583,591,0.786561906337738,7,be used by ; as of a utility ;,turn in to get something in exchange
search,all,592,601,0.7917667627334595,22,A person is making a bed,"a living room with a blue sofa , camp bed , wooden bench and dresser ."
search,all,595,604,0.793322741985321,16,A horse is tossing the cowboy wearing pants of blue and red color,A few horses are racing furiously over the green grass and jumping the obstacle
search,all,597,606,0.7943630814552307,19,"hassoun to mauritanian delegation : conspiracy imposed on syria targets its stances , particularly over palestine",a visit to libya by the russian foreign minister was announced .
search,all,599,609,0.795913815498352,12,"the foreign secretary , margaret beckett , is at 40 / 1 , while the defence secretary , des browne , and the welsh and northern ireland secretary , peter hain are 50 / 1 .",indian defense ministry has increased spending on defense purchases .
search,all,604,614,0.7985180616378784,22,the act of forcing out someone or something .,"immerse or be immersed in a boiling liquid , for purposes of cooking or processing ."
search,all,605,615,0.7990379929542542,22,bend into the shape of a crank .,"skip , leap , or move up and down or sideways as a manner of motion ."
search,all,606,616,0.7995585799217224,7,A man is mixing,A man is playing drums.
search,all,611,621,0.8021556735038757,9,"dynamic programming is a very powerful mathematical technique , often utilised in programming , for solving optimization problems .",generate the optimal solution of these computed values
search,all,612,622,0.8026742935180664,19,"5 taliban , 5 afghan police killed in ambushes",indian and pakistani governments nearly engaged in a fourth conflict in 1999 .
search,all,616,626,0.8047540187835693,15,The football is between the feet of a boy who is lying on the grass,A wet boy is cheerfully jumping around on dirty and wet grass
search,all,618,628,0.8058072924613953,11,gunmen kill nine foreigners in pakistan,Gunmen kidnap airline pilots in Lebanon
search,all,625,635,0.8094359636306763,13,"The look of love (Picture: Getty)

Oh, pasta. Whether you’re more of a linguini lover or mad for macaroni, there’s really nothing like a hearty helping of the feel-good dish.

You might be prepared to give up a lot for veganuary 2020 – where people try to go vegan for a month – and you might think you can just get away with not sprinkling cheese on top of your beloved pasta, but what is pasta actually made from?

Brace yourself and read on to find out whether or not vegans can eat pasta…

Is pasta vegan?

Like so many things in life, there isn’t a clear yes or no – it depends on the type of pasta you’re eating.

When it comes to pasta, there’s usually two types: fresh pasta and pasta secca (aka dried pasta).

Hnnng (Picture: Getty)

Fresh pasta is usually made and cooked in the same setting and is usually not vegan because it can contain eggs, whereas dry pasta is nearly always vegan.

Advertisement

Advertisement

If you’re making dry pasta for yourself at home, double-check the packaging but you’re most likely not going to fail veganuary as a result.

If you’re eating pasta out at a restaurant, ask if the fresh pasta was made with eggs or oil.

Giving up fresh pasta might be worth it though – especially if you want to boost your erections.

Netflix documentary The Game Changers tested athletes to try out a vegan diet, and by switching to a plant-based diet, their eggplants noticed the difference, standing tall for up to 500% longer in one case.

How is fresh pasta made?

The typical ingredients for fresh pasta include flour, water, salt, and eggs – note that some fresh pasta can be made with oil instead of eggs, but it’s more likely than not to be made with eggs.

First, the flour and salt are mixed together in a mixing bowl before a well is made in the middle of the flour.

This is when the eggs are normally added; they’re cracked right inside the centre of the flour well.

The flour is mixed into the eggs until a dough forms.

Once that’s done, the dough is cut into the pasta shape of choice.

You can buy vegan fresh pasta alternatives from most major supermarkets, including Waitrose’s vegan ravioli and Sainsburys’ non-egg spaghetti and shroomballs.

How is dried pasta made?

The majority of dried pasta, on the other hand, is vegan and made from just two ingredients.

Advertisement

Advertisement

Most mass-produced dried pastas – which you can buy from supermarkets – contain just flour and semolina.

Semolina, derived from a wheat product, is first mixed with water. This mixture then gets processed in bulk quantities by machines creating a sort of dough.

This dough is then pressed through pasta molds to get the intended shape.

MORE: No, doing Veganuary won’t turn you into a woman

MORE: Is peanut butter vegan?

Advertisement Advertisement",Pasta is being put into a dish by a woman
search,all,629,639,0.8115144371986389,9,The brown animal is jumping in the air,A dog is missing the ball in mid air
search,all,642,652,0.8182550072669983,14,homs offensive kills 200,a casualty to military personnel resulting from combat .
search,all,645,656,0.8203516006469727,11,pakistan 's musharraf charged over bhutto murder,gunmen kill nine foreigners in pakistan
search,all,664,675,0.8302318453788757,11,reach or come to rest .,take or have a position relative to others .
search,all,671,682,0.8338896036148071,14,make a certain size or sort according to size,make fine adjustments or divide into marked intervals for optimal measuring .
search,all,681,692,0.8390932083129883,12,a brown dog chases a frisbee,"A dog, which is brown, is jumping in the air"
search,all,682,693,0.8395599126815796,9,a man and a woman walk through the woods .,two people are walking through some water .
search,all,688,699,0.8427290916442871,9,4 egyptian soldiers killed in sinai ambush,8 soldiers killed in bomb attack in NW Pakistan
search,all,700,711,0.8489431142807007,13,death toll in colorado floods rises to four,"death toll in nepal earthquake tops 8,000"
search,all,706,717,0.8521130084991455,9,twelve killed as gunmen raid village,8 soldiers killed in bomb attack in NW Pakistan
search,all,708,719,0.8531234264373779,18,A dog is missing the ball in mid air,A brown and white dog is jumping in the air with a tennis ball in its mouth
search,all,711,722,0.8546024560928345,15,Rugby players are tackling each other,The players are kicking each other while attempting to kick the ball.
search,all,722,733,0.8603475093841553,17,A large white animal is jumping up in the snow,A dog running across the snow with a snowball in it's mouth.
search,all,725,736,0.8619741797447205,17,a black dog is running through the grass carrying something red in its mouth .,A dog running across the snow with a snowball in it's mouth.
search,all,727,738,0.8630099296569824,12,A dog with a ball is being chased in the grass,The golden dog is running through a field of tall grass
search,all,732,743,0.8656343221664429,14,the man is playing the guitar .,A man is passionately playing a guitar in front of an audience
search,all,733,744,0.8662347197532654,30,"two kuwaitis and six palestinians with jordanian passports were among the suspects , the official said .","the men had pakistani passports and reportedly were seen together at the airport earlier in the evening , law enforcement sources said ."
search,all,735,746,0.8671699166297913,10,The train heads down the tracks and along the hedge.,a long train is on train tracks .
search,all,739,752,0.869201123714447,12,Man in yellow canoe paddling through water.,turn the paddle ; in canoeing .
search,all,747,762,0.8707205057144165,22,cause to move with a flick or as if with a flick,"skip , leap , or move up and down or sideways as a manner of motion ."
search,all,750,765,0.8710759878158569,9,a white and black dog is jumping into a pool .,black and white dog running through water .
search,all,752,767,0.8720484972000122,18,The brown animal is jumping in the air,A brown and white dog is jumping in the air with a tennis ball in its mouth
search,all,753,768,0.872050404548645,16,a woman is slicing cucumber .,A woman is scrubbing a zucchini with a brush for vegetables
search,all,766,782,0.8742161989212036,13,I guess it depends on what you're going to do.,You have to decide what you want to get out of this.
search,all,768,784,0.8745954632759094,12,a man is slicing potato .,a woman is chopping a potato .
search,all,778,796,0.8770103454589844,12,The plane is getting ready to take off.,a large passenger jet flying close to the ground .
search,all,789,808,0.879868745803833,10,Bomb blast kills 10 in southwest Pakistan,bomb kills three in northwest pakistan
search,all,790,810,0.8798866271972656,12,A dog with long hair and a red vest is running in the grass,The golden dog is running through a field of tall grass
search,all,807,828,0.8832511901855469,17,tunisia opposition leader slain ; protests erupt,thai protesters obstruct vote ; 1 dead in violence
search,all,815,836,0.8840842843055725,11,the act of forcing out someone or something .,the act or means of getting rid of something .
search,all,818,839,0.8844684958457947,15,if the other bulb is no longer contained in a closed path with the battery,the switch has to be within a closed path with the bulb and battery
search,all,819,840,0.8848592042922974,9,gunmen kill nine foreigners in pakistan,8 soldiers killed in bomb attack in NW Pakistan
search,all,824,845,0.8856602907180786,8,A dog with a ball is being chased in the grass,A dog is running towards a ball
search,all,829,850,0.8868466019630432,8,mix or breed things of different varieties or qualities,make something more diverse and varied .
search,all,832,853,0.8870722651481628,9,A potato is being peeled by a woman,A man is peeling a potato.
search,all,833,854,0.887613832950592,13,the black dog is running on the grass with a toy in it 's mouth .,A dog with a ball is being chased in the grass
search,all,843,864,0.8897461295127869,8,south african icon nelson mandela hospitalized,mandela leaves hospital after 10 days
search,all,851,872,0.8913893699645996,9,a man is slicing potato .,A man is peeling a potato.
search,all,858,880,0.8928602933883667,13,hundreds dead or injured in china quake,"death toll in nepal earthquake tops 8,000"
search,all,859,881,0.8934551477432251,10,The plane is getting ready to take off.,plane in mid-flight at sunset .
search,all,864,886,0.8958147764205933,9,A girl is not playing the guitar,The person isn't practicing the guitar
search,all,865,887,0.8964343070983887,8,the positive battery terminal is connected to terminal 6,terminal 1 is connected to the positive terminal
search,all,868,890,0.8975427150726318,8,A child is not playing slip and slide in the grass,A boy is not playing a guitar
search,all,873,895,0.8994342088699341,15,black dog chasing brown dog through snow,a black dog fighting with a brown dog in the snow .
search,all,876,898,0.9000479578971863,13,black dog chasing brown dog through snow,A black dog fighting with a brown dog in the snow.
search,all,889,911,0.9055521488189697,8,A girl is not playing the guitar,A boy is not playing a guitar
search,all,895,918,0.9085475206375122,20,Two little boys are wearing tuxedos,Some boys being dressed with a carpet are sitting on two red tuxedos 
search,all,897,920,0.9090297222137451,20,bulb b and bulb c are contained within a closed path,bulb b and bulb c were still contained in the same closed path with the battery .
search,all,899,922,0.9093612432479858,9,two brown dogs runs through the water .,black and white dog running through water .
search,all,903,926,0.9100021123886108,8,because terminal 4 is connected to the positive terminal but not the negative terminal,terminal 1 is connected to the positive terminal
search,all,924,947,0.9229841232299805,12,A person is slicing a potato.,a woman is chopping a potato .
search,all,934,957,0.929297685623169,9,A black dog is playing with a brown dog on the sand,Two dogs are playing on a sandy beach
search,all,937,960,0.9312820434570312,14,Bomb blast kills 10 in southwest Pakistan,blast kills 10 young girls in eastern afghanistan
search,all,940,963,0.9370673894882202,16,dealbook : british retailer hmv enters equivalent of bankruptcy,: - \ hmv gone into bankruptcy equivalent ...
search,all,941,964,0.9374669790267944,10,Somebody is cutting a tomato,A woman is slicing a tomato
search,all,945,968,0.9456486701965332,8,Some animals are playing wildly in the water,A few animals are playing in the water
search,all,946,969,0.9476147890090942,11,gunmen kill 11 foreign tourists in pakistan,gunmen kill nine foreigners in pakistan
search,all,947,970,0.9478662014007568,26,Some boys being dressed with a carpet are sitting on two red tuxedos ,"Two boys, who look small, dressed in tuxedos are sitting on a red carpeted floor"
search,all,948,971,0.9482603073120117,12,Chinese stocks open lower Friday,chinese shares close lower on wednesday
search,all,966,990,0.9820330142974854,12,"Egypt braces for more protests over Morsi, prays for calm","Egypt braces for more protests, prays for calm"
search,all,967,991,0.983234703540802,15,the amendment 7 proposes some modifications in the references to the paragraphs .,amendment no 7 proposes certain changes in the references to paragraphs .
search,all,968,992,0.9847716689109802,22,"several different ways of computing these values , also known as ( term ) weights , have been developed .",several different ways have been developed of calculating these values ( also known as term weights ) .
search,all,971,995,0.9967596530914307,16,A dog with long hair and a red vest is running in the grass,A dog with really long hair and a red vest is running in the grass
search,all,974,998,0.9986818432807922,13,a black dog fighting with a brown dog in the snow .,A black dog fighting with a brown dog in the snow.
validation,all,0,0,0.47928231954574585,41,There is no person riding a jetski in the waves,"Besides these 28 OCT4-regulated genes, the Oct4-OETN included 8 more genes of a recently published list of OCT4-correlated transcripts expressed in ESCs."
validation,all,1,1,0.4900304079055786,6,several different ways have been developed of calculating these values ( also known as term weights ) .,There is no kitten drinking milk
validation,all,3,3,0.4939919710159302,11,This answer is based on my experience teaching undergraduate math in the US.,There is no rope being climbed by a man
validation,all,5,5,0.4983653426170349,11,"after all , they have recommended policies that politicians or taking into consideration .",There is no rope being climbed by a man
validation,all,7,7,0.49889707565307617,22,No motorcycle racer is riding a red and black bike,several different ways have been developed of calculating these values ( also known as term weights ) .
validation,all,10,10,0.49935948848724365,22,There is no person riding a jetski in the waves,several different ways have been developed of calculating these values ( also known as term weights ) .
validation,all,17,17,0.5037747025489807,12,This answer is based on my experience teaching undergraduate math in the US.,There is no person riding a jetski in the waves
validation,all,26,26,0.508165717124939,12,"several different ways of computing these values , also known as ( term ) weights , have been developed .",No motorcycle racer is riding a red and black bike
validation,all,28,28,0.5094683170318604,10,"after all , they have recommended policies that politicians or taking into consideration .",There is no water being drunk by a cat
validation,all,29,29,0.5099886655807495,16,several different ways have been developed of calculating these values ( also known as term weights ) .,ukraine will not give ' an inch ' over crimea
validation,all,37,37,0.5136665105819702,19,There is no person riding a jetski in the waves,"impose , involve , or imply as a necessary accompaniment or result ."
validation,all,38,38,0.513946533203125,6,This answer is based on my experience teaching undergraduate math in the US.,There is no kitten drinking milk
validation,all,42,42,0.5164502263069153,8,"several different ways of computing these values , also known as ( term ) weights , have been developed .",There are no people driving ATVs
validation,all,46,46,0.5173870921134949,9,No motorcycle racer is riding a red and black bike,"commodity expanded value-form , ."
validation,all,52,52,0.5181722640991211,8,one of the most well studied facets of temperament is how people respond to novelty .,There are no people driving ATVs
validation,all,61,61,0.5198671221733093,15,There is no person riding a jetski in the waves,"find out or determine , perhaps after a calculation or investigation ."
validation,all,63,63,0.5199339389801025,10,There is no person riding a jetski in the waves,make a certain size or sort according to size
validation,all,69,69,0.5207964181900024,9,several different ways have been developed of calculating these values ( also known as term weights ) .,There is no brown dog standing in the water
validation,all,70,70,0.5208954811096191,11,"several different ways of computing these values , also known as ( term ) weights , have been developed .",There is no rope being climbed by a man
validation,all,73,73,0.521538496017456,14,No girl with a bikini is playing in the dunes,make fine adjustments or divide into marked intervals for optimal measuring .
validation,all,75,75,0.5219877362251282,7,such is the spirit in which must be elaborate the european constitution .,A boy is eating a cupcake
validation,all,76,76,0.5220767259597778,28,There is no person riding a jetski in the waves,"In myelopoiesis, miR-223 has been shown to regulate granulocyte development in both humans and mice."
validation,all,81,81,0.5230104327201843,12,No girl with a bikini is playing in the dunes,"the act of giving someone a job , hiring someone"
validation,all,82,82,0.5230721235275269,15,No motorcycle racer is riding a red and black bike,"find out or determine , perhaps after a calculation or investigation ."
validation,all,84,84,0.5231223702430725,16,"dynamic programming is a very powerful mathematical technique , often utilised in programming , for solving optimization problems .",ukraine will not give ' an inch ' over crimea
validation,all,89,89,0.5254350900650024,13,No motorcycle racer is riding a red and black bike,it was first used in the smart information retrieval system .
validation,all,90,90,0.5262590050697327,9,"It was developed with consultation from more than 300 leaders in academia, industry, government and the public.",Two dogs are playing on a sandy beach
validation,all,92,92,0.5271325707435608,19,A wet boy is cheerfully jumping around on dirty and wet grass,"the international atomic energy agency has no access to people , documents , sites ."
validation,all,93,93,0.5276567935943604,14,serve as a reason or cause or justification of .,No girl with a bikini is playing in the dunes
validation,all,101,101,0.5318359732627869,13,several different ways have been developed of calculating these values ( also known as term weights ) .,There is no girl in pink twirling a ribbon
validation,all,106,106,0.5343822240829468,14,No motorcycle racer is riding a red and black bike,make fine adjustments or divide into marked intervals for optimal measuring .
validation,all,107,107,0.5348961353302002,9,There is no brown dog standing in the water,"commodity expanded value-form , ."
validation,all,113,113,0.5380069017410278,12,No motorcycle racer is riding a red and black bike,"an established or recognized right , formal or informal ."
validation,all,114,114,0.5385575294494629,19,a boy is playing guitar .,"the international atomic energy agency has no access to people , documents , sites ."
validation,all,116,116,0.5396212339401245,12,There is no girl in pink twirling a ribbon,i have the same situation and have traveled extensively .
validation,all,121,121,0.5421938896179199,15,There are no people driving ATVs,"but just as the european union itself , and this will happen ."
validation,all,123,123,0.5432339906692505,9,"putin , too , seems suspicion powerlessness of his regime .",Two dogs are playing on a sandy beach
validation,all,127,127,0.5452787280082703,12,There is no rope being climbed by a man,i have the same situation and have traveled extensively .
validation,all,128,128,0.5458254814147949,12,Many cheerleaders are walking in a parade,the man is feeding a mouse to the snake .
validation,all,129,129,0.5463298559188843,8,a quantity of money added to a bank account,There are no people driving ATVs
validation,all,131,131,0.5473968982696533,12,"it 's true that , under one understanding of "" accessibility "" and "" determining "" , your accessibility relation is determined by your axioms .",There is no person riding a jetski in the waves
validation,all,141,141,0.552595853805542,13,"the international atomic energy agency has no access to people , documents , sites .",The woman is drinking lemonade and watching T.V.
validation,all,144,144,0.5541493892669678,12,this further aggravated the situation .,a woman is water skiing on a lake .
validation,all,148,148,0.5562468767166138,7,There is no person riding a jetski in the waves,make a written note of something
validation,all,151,151,0.5577991008758545,13,"It was developed with consultation from more than 300 leaders in academia, industry, government and the public.",A man is riding a dirt bike down a dirt hill
validation,all,152,152,0.5583035945892334,8,staff writers brandon formby and colleen mccain nelson contributed to this report .,There are no people driving ATVs
validation,all,161,161,0.562992513179779,7,iran is an islamic republic .,A boy is eating a cupcake
validation,all,166,166,0.5655885934829712,15,"the users will be the losers , with employees , and european competitiveness and growth will diminish .",a dog standing on a beach with a ball nearby .
validation,all,167,167,0.5661109685897827,9,"ambient conditions of temperature , precipitation , windiness , and sunniness pertain at a certain place and time. further specification of the conditions that pertain may also be indicated .",There is no woman using a sewing machine
validation,all,168,168,0.5666407346725464,16,a boy is playing guitar .,the health department spokesperson added the department is following centers for disease control protocol .
validation,all,170,170,0.5676751136779785,8,"It was developed with consultation from more than 300 leaders in academia, industry, government and the public.",A man is climbing up a rope
validation,all,172,172,0.5687069892883301,90,There is no person riding a jetski in the waves,"this frame contains transparent nouns ( and some adjectives ) denoting quantities of a mass or of individuals. as opposed to aggregate words such as group , set , these quantity do not have a status as wholes on their own. initially , at least , we annotate both quantity of masses and of individuals in this frame , though we may split the frame along these lines later on ."
validation,all,173,173,0.5692273378372192,7,"iran , atomic agency in first talks since rowhani election",A boy is eating a cupcake
validation,all,179,179,0.5723485946655273,14,a more equal military ? bring back draft,No girl with a bikini is playing in the dunes
validation,all,180,180,0.5728698968887329,24,a group of boys are playing soccer on the beach .,"no , a tent will not give you any protection from bears that want what 's inside ."
validation,all,181,181,0.5733885765075684,6,regulate or set the time of ( a clock ),There is no kitten drinking milk
validation,all,192,192,0.5791090130805969,13,A child is not playing slip and slide in the grass,serve as a reason or cause or justification of .
validation,all,194,194,0.5801502466201782,21,Three men are practicing karate moves in a field.,i am not the one claiming the right to decide over another woman 's body .
validation,all,196,196,0.5811895728111267,15,There is no dog jumping at a shiny blue soccer ball in a field of dry leaves,"but just as the european union itself , and this will happen ."
validation,all,198,198,0.5822318196296692,21,A dog with a ball is being chased in the grass,i am not the one claiming the right to decide over another woman 's body .
validation,all,199,199,0.5827490091323853,7,both components need to be in closed paths .,A boy is eating a cupcake
validation,all,200,200,0.5832690000534058,13,black dog chasing brown dog through snow,A man is wearing a clear plastic cap and a mask
validation,all,201,201,0.583789587020874,14,ukraine will not give ' an inch ' over crimea,"ok , that 's a good point ."
validation,all,202,202,0.5843086242675781,7,Some animals are playing wildly in the water,The lady is peeling the potato
validation,all,206,206,0.5863892436027527,6,a woman stands in front of a building in the snow .,There is no kitten drinking milk
validation,all,208,208,0.5874282121658325,12,"It was developed with consultation from more than 300 leaders in academia, industry, government and the public.",a woman is placing eggs into a pan .
validation,all,210,210,0.5884673595428467,8,: - \ hmv gone into bankruptcy equivalent ...,The girl is trotting on the horse
validation,all,214,214,0.5905473828315735,11,A potato is being peeled by a woman,government initiatives to disarm have been ineffective .
validation,all,216,216,0.5915865898132324,17,you don 't have equipments / facilities to do research in b .,A horse is tossing the cowboy wearing pants of blue and red color
validation,all,218,218,0.5926237106323242,23,A black dog is playing with a brown dog on the sand,about 31 percent of americans are now obese — roughly 30 or more pounds over a healthy weight .
validation,all,221,221,0.5941870212554932,21,dealbook : british retailer hmv enters equivalent of bankruptcy,the black dog is running on the grass with a toy in it 's mouth .
validation,all,229,230,0.5988665819168091,13,"under the agreement , medicare coverage for drug benefits would begin in 2006 .",There is no girl in pink twirling a ribbon
validation,all,232,233,0.6004254817962646,19,the simple answer is yes !,"the international atomic energy agency has no access to people , documents , sites ."
validation,all,234,235,0.6014663577079773,21,the amendment 7 proposes some modifications in the references to the paragraphs .,a dog licks up a baby 's drool .
validation,all,247,248,0.6082255244255066,15,a man is climbing a wall .,The red and brown dog is digging its nose inside a holiday gift bag
validation,all,252,253,0.6108256578445435,7,"breed zebra danios are extremely hardy fish , they are almost difficult to kill .",A man is dancing on the ceiling
validation,all,255,256,0.6123846173286438,13,afghan parliament votes to oust key ministers,a train sitting on the tracks near a field .
validation,all,263,264,0.6165440082550049,9,jordan elected to take saudi seat on un security council,four black dogs run across the grass .
validation,all,264,265,0.6170640587806702,8,a man in a black leather jacket is sleeping in a subway car .,A woman is dancing near a fireplace
validation,all,267,268,0.6186241507530212,13,two dogs are sniffing something in the rocks .,A man is riding a dirt bike down a dirt hill
validation,all,272,273,0.6212238073348999,22,a woman is chopping a potato .,A man wearing black formal wear & a black top hat is riding a white show horse.
validation,all,273,274,0.6217435002326965,10,The man is slicing potatoes,An animal is being ridden by a woman
validation,all,279,280,0.6248633861541748,7,A group of four people walking past a giant mushroom.,specifically gnostic .
validation,all,282,283,0.6264229416847229,17,the best thing you can do is to know your stuff .,two girls are walking by a tree in front of a brick building .
validation,all,286,287,0.628502368927002,13,a das air cargo plane sits on the runway .,The woman is drinking lemonade and watching T.V.
validation,all,287,288,0.6290223598480225,7,"the u.s. , other western nations and nato condemned the violence .",A girl is not playing the guitar
validation,all,290,291,0.6305825710296631,9,two girls are walking by a tree in front of a brick building .,because the switch was connected to the closed circuit
validation,all,294,295,0.6326619982719421,7,the black dog is running on the grass with a toy in it 's mouth .,Two people are riding motorbikes
validation,all,295,296,0.6331821084022522,5,government initiatives to disarm have been ineffective .,the path does not close
validation,all,296,297,0.6337018609046936,13,ann romney has never had to get out and be a part of the workforce .,a dog bounces on a trampoline .
validation,all,299,300,0.6352609395980835,27,A dirty soccer ball is rolling into a goal net,"i would happily have explained what i was actually saying , but you never asked - you simply launched into accusations ."
validation,all,300,301,0.6357816457748413,20,A lemur is eating,"abide by : act in accordance with rules , commands , or wishes ."
validation,all,301,302,0.636301577091217,12,( parliament adopted the legislative resolution ),A cat is not crawling under a piece of furniture
validation,all,302,303,0.636821448802948,7,"you might not like obamas views , but he has them .",twelve killed as gunmen raid village
validation,all,306,307,0.6389011144638062,11,The boy is not playing the piano,press releases : yemeni presidential election
validation,all,314,315,0.6430607438087463,16,obama calls for international front against is,A hiker is on top of the mountain and is doing a joyful dance
validation,all,316,317,0.6441006064414978,10,"about 22 % of twentysomethings are obese , which is roughly 30 pounds over a healthy weight .","change the key of , in music ."
validation,all,326,327,0.6492999792098999,9,A woman is amalgamating eggs,two people are walking through some water .
validation,all,332,333,0.6524195671081543,16,Two teams are competing in a football match,A woman is scrubbing a zucchini with a brush for vegetables
validation,all,333,334,0.6529393792152405,39,( medicine ) the capacity of an organism to defend against disease .,"The dollar fell as low as $1.1624 per euro from $1.1486 on Friday, and traded at $1.1594 at 10:15 a.m. in London."
validation,all,337,338,0.6550191044807434,9,A young child is running down a gravel road that is covered with dead leaves,A picture is being drawn by a man
validation,all,338,339,0.6555391550064087,12,french jets strike deep inside islamist-held mali,"write as if with print , not in cursive"
validation,all,340,341,0.6565786004066467,14,US government 'on the edge of shutdown',A man is passionately playing a guitar in front of an audience
validation,all,342,343,0.657618522644043,17,"and , perhaps most important , ahmadinejad exerts a destabilizing influence , not bernanke .",look through a book or some other written material ( for information ) .
validation,all,343,344,0.6581388711929321,27,"it 's true that , under one understanding of "" accessibility "" and "" determining "" , your accessibility relation is determined by your axioms .","american black bears they are somewhat common in some wilderness areas of california , mostly in the mountains ."
validation,all,344,345,0.6586588621139526,21,make a written note of something,"Blizzard hammers U.S. Northeast, five dead, 700,000 lose power"
validation,all,349,350,0.6612583994865417,26,nato regrets russia 's decision to suspend participation in the cfe .,cannes thief ' steals $ 53m of jewels ' in armed heist at hotel
validation,all,355,356,0.6643779873847961,17,( theology ) the act of delivering from sin or saving from evil .,the baby is wearing a red shirt and walking in a plaza .
validation,all,357,358,0.6654177904129028,13,A cute puppy is repeatedly rolling from side to side on its back,a man is slicing a leave .
validation,all,358,359,0.6659377813339233,7,make something more diverse and varied .,conspiracy against me - lance
validation,all,364,365,0.6690576672554016,8,A dog is biting a can,fast-food workers strike for higher pay
validation,all,372,373,0.673216700553894,14,a visit to libya by the russian foreign minister was announced .,A large dog walks along a gravel path in the woods.
validation,all,377,379,0.6763364672660828,19,"north american markets grabbed early gains monday morning , as earnings season begins to slow and economic indicators take the spotlight .",A man with moustaches is standing on a balcony and is looking at the road below
validation,all,378,380,0.6768559217453003,14,a woman is slicing up some meat .,Some Syria violence qualifies as civil war -Red Cross
validation,all,382,384,0.6789358854293823,15,n.y. / region : geechie dan plays the 42nd street subway,"but just as the european union itself , and this will happen ."
validation,all,390,392,0.6830956935882568,12,"over 50 , and under no illusions over 50 ? invent yourself everyday !",young redheaded man holding two bicycles near beach .
validation,all,398,400,0.6872549653053284,14,a black table with white fuzzy chair .,A yellow flower is being clung to by a bee
validation,all,406,408,0.6914145946502686,14,ashya king 's parents freed from jail in spain,a man gets knocked off of a horse .
validation,all,412,414,0.6945338845252991,14,Several people are not walking in line across a bridge,earthquake of 6.3 magnitude strikes off indonesia island
validation,all,419,421,0.6981735229492188,17,south african icon nelson mandela hospitalized,a man in a blue shirt is running in a stadium field .
validation,all,420,422,0.6986935138702393,10,lets assume we have % white and % black .,A group of people are dancing in a show
validation,all,421,423,0.6992133855819702,21,A couple is looking at a street guide,a black and white photo of a cow walking under a tree in a field .
validation,all,422,424,0.6997333765029907,45,parent is defined as a point of origin . i 'm not done being the best parent i can be for ben . not by a very long measure,"goed initiatief , inkomen op kwaliteit en niet op verrichtingen # new york city ties doctors ? income to quality of care"
validation,all,423,425,0.7002533078193665,20,press releases : yemeni presidential election,"abide by : act in accordance with rules , commands , or wishes ."
validation,all,425,427,0.7012932300567627,7,exhaust by allowing to pull on the line .,A man plays a guitar.
validation,all,430,432,0.7038926482200623,26,"the stars of the intoxicating spirit of flamenco as diego el cigala , chano lobato , cristina hoyos , enrique morente , el lebrijano , antonio canales , vicente amigo , among others , are part of the selection made from around seventy artists photographed .","i would like to remind you that one of our allies , there are ardent supporters of this tax ."
validation,all,438,440,0.7080522775650024,10,equatoguineans vote in legislative polls,palestinians build another west bank tent protest
validation,all,440,442,0.70909184217453,12,terminal 1 and terminal 2 are on the same side .,"write as if with print , not in cursive"
validation,all,443,445,0.7106519937515259,13,Some Syria violence qualifies as civil war -Red Cross,You have to decide what you want to get out of this.
validation,all,445,447,0.7116917371749878,43,create a new entity by putting components or members together,mother held over daughter 's death a mother has been remanded in custody charged with murder after her eight-year-old daughter was found dead in a block of flats .
validation,all,447,449,0.7127315998077393,8,""" the electrical state at the terminal matches the battery "" "" s electrical state """,extend in a different direction .
validation,all,449,451,0.7137717008590698,27,"several different ways of computing these values , also known as ( term ) weights , have been developed .","five alternate jurors were also chosen , with a final one set to be selected friday morning from the panel ."
validation,all,451,453,0.7148116827011108,9,2 traffic accidents leave 47 dead in china,egyptian election result delayed
validation,all,452,454,0.7153308987617493,11,A man wearing black formal wear & a black top hat is riding a white show horse.,A skunk is looking here and there.
validation,all,456,458,0.7174104452133179,9,google releases nexus 5 phone with kit kat,there is a gap in a circuit
validation,all,457,459,0.7179309129714966,15,syria envoy calls for national unity government,Two kids are looking up at the camera and one is sticking out his tongue
validation,all,458,460,0.7184505462646484,10,A man is playing the trumpet.,A blonde man is hanging by gymnastic ropes
validation,all,462,464,0.7205300331115723,6,turn on or around an axis or a center .,Someone is drawing a person
validation,all,470,472,0.7246899008750916,10,"more than 10,000 people , most of them civilians , have been killed in three decades of insurgency .",a man shoots a man .
validation,all,471,473,0.7252097129821777,12,"sachin tendulkar says i 'm not god , i 'm sachin",why has no one come forward to admit the truth ?
validation,all,477,480,0.7288494110107422,17,Beer bottles (-LRB- Harp Lager )-RRB- lined up on the floor.,four women and two men sit at a long table in a restaurant .
validation,all,479,482,0.7298895120620728,12,syrian forces kill 54 ahead of annan peace mission,3 suspects taken into custody in boston bombing case
validation,all,482,485,0.7314491271972656,9,'iron man ' jetpacks spark concerns,out of touch and untrustworthy ?
validation,all,485,488,0.7330093383789062,13,use up the whole supply of .,"talk or behave amorously , without serious intentions ."
validation,all,487,490,0.7340490818023682,14,A cute puppy is repeatedly rolling from side to side on its back,A big dog and a small white dog are walking past each other
validation,all,490,493,0.7356084585189819,42,methamphetamine is also known as ice .,police detained khodorkovsky early on saturday when his jet made a refueling stop in the siberian city of novosibirsk .
validation,all,494,497,0.7376894950866699,11,the state of being depleted .,the force by which one object attracts another .
validation,all,496,499,0.7387300729751587,31,"Chanceller Rishi Sunak has announced a £9 billion package of support to give self-employed people up to £2,500 a month to help them cope with the effects of coronavirus.

The Chancellor tonight said the scheme, which will be open for at least three months, will cover 80 per cent of a self-employed person's average monthly profits.

But it may not be available until June and will only be available to those who have a tax return for 2019, meaning the newly self-employed will be ineligible.

And Mr Sunak warned that the self-employed could face tax hikes in the future as part of the effort to ""right the ship"" and repair the battered public finances after the coronavirus crisis is over.

Details of the scheme came as the Department of Health announced a total of 578 people who have tested positive for coronavirus in the UK have died as of 5pm on March 25.

Some 11,658 people have tested positive in the UK as of 9am on March 26.

Mr Sunak's scheme will be open to those with a trading profit of less than £50,000 in 2018-19 or an average trading profit of less than £50,000 from 2016-17, 2017-18 and 2018-19.

To qualify, more than half of their income in these periods must come from self-employment.

Up to 3.8 million people will qualify for support, with average monthly payments expected to be £940 per person.

Mr Sunak said the scheme, which will last for at least three months, ""is one of the most generous in the world"".

""It targets support to those who need help most, offering the self-employed the same level of support as those in work.""

He said the measure covers 95 per cent of people who receive the majority of their income from self-employment.

But in a hint that the self-employed could be asked to pay more to the taxman in future he said it was ""now much harder to justify"" the tax breaks on offer to the self-employed if they were receiving the same level of state support.

He said everyone would be ""chipping in together to right the ship afterwards"" once the crisis is over.

A number of self-employed workers welcomed the Chancellor's measures but expressed concern about having to wait until June to claim.

Louise Barina, a production manager who lives in London, said: ""After having spoken to our landlord, he has outright said no, that we can't get a delay on our rent.

""In terms of the payment coming in June, that's really problematic for us as that's obviously three months of payment where we need to find the money for that.""

Meanwhile the Department of Health said revising its reporting approach for coronavirus deaths ""to ensure data can be verified and published in a timely, consistent way"".

A statement on Twitter said: ""Figures issued today are recorded as of 5pm on March 24 to 5pm on March 25.

""Going forwards, figures on deaths will be recorded for the 24-hour period as of 5pm the previous day. Figures on tests remain as of the 24-hour period from 9am that day.""","two kuwaitis and six palestinians with jordanian passports were among the suspects , the official said ."
validation,all,497,500,0.7392479777336121,9,"The U.K. has added to international pressure on China to answer questions over information it gave the world about the coronavirus outbreak but said the priority now is to beat the pandemic.

Asked on Monday if China needed to explain how quickly it made the world aware of the extent of the virus, the U.K.'s defense minister said: ""I think it does.""

""But I think the time for the post-mortem on this is after we've all got it under control and have come through it and our economies are back to normal,"" U.K. Defense Minister Ben Wallace told LBC Radio.

""Only by being open and transparent will we learn about it, and China needs to be open and transparent about what it learned, and its shortcomings, but also its successes,"" Wallace said.

His comments come after a barrage of U.S. criticism against China regarding its handling of the coronavirus outbreak and accusations that it was not transparent when it came to making the world aware.

President Donald Trump has increasingly blamed China, and he repeated that accusation on Sunday, saying he believed that a ""mistake"" in China was the cause of the pandemic, though he did not present any evidence for the claim.

Speaking during a Fox News virtual town hall, Trump said, ""I think they made a horrible mistake and didn't want to admit it.""",at least 20 dead in somalia attacks
validation,all,504,507,0.742887556552887,7,A boy is playing a guitar,A boy is eating a cupcake
validation,all,510,513,0.7460066080093384,39,syrian forces kill 54 ahead of annan peace mission,"awe - one of the original "" bloggers "" passes away . pauline phillips , adviser to millions as dear abby , dies at 94"
validation,all,513,516,0.7475670576095581,11,US government 'on the edge of shutdown',government initiatives to disarm have been ineffective .
validation,all,516,519,0.7491271495819092,30,reach or come to rest .,"driven by a need to compete or remorse ? armstrong admits doping , and says he will testify"
validation,all,524,527,0.7532857656478882,18,"have a complexion with a strong bright color , such as red or pink .",come down on or keep down by unjust use of one 's authority .
validation,all,531,535,0.7574443817138672,12,sail boat floating on the blue water .,a large passenger jet flying close to the ground .
validation,all,532,536,0.7579671144485474,11,The machine shaved the end of the pencil.,the act or means of getting rid of something .
validation,all,540,545,0.7626421451568604,11,could be a lot of things .,a relation that provides the foundation for something .
validation,all,541,546,0.7631682753562927,7,could be a lot of things .,injure by turning or rotating
validation,all,549,554,0.7673237919807434,6,you need to make up your mind .,state or say further ;
validation,all,555,561,0.7709633111953735,13,mix or breed things of different varieties or qualities,the best thing you can do is to know your stuff .
validation,all,558,565,0.7730448246002197,7,"reimburse or compensate ( someone ) , as for a loss .",make a written note of something
validation,all,562,569,0.7751237154006958,13,foreign militants killed in somalia in strike on car,"death toll in nepal earthquake tops 8,000"
validation,all,563,570,0.7756494283676147,19,6 killed in afghan capital mosque attack,vatican embassy in syria hit by mortar ; no injuries
validation,all,565,572,0.7766801118850708,11,cause to move with a flick or as if with a flick,the act or means of getting rid of something .
validation,all,567,574,0.7777225971221924,14,the act of forcibly taking the opposition,a casualty to military personnel resulting from combat .
validation,all,568,575,0.7782443761825562,8,a black dog is running through the grass carrying something red in its mouth .,the dog plays in the park .
validation,all,572,580,0.7808446884155273,5,cause ( a liquid ) to leach or percolate .,"guide , draw through"
validation,all,576,584,0.782921552658081,12,us stocks open higher despite gdp miss,chinese shares close lower on wednesday
validation,all,577,585,0.7834405899047852,6,lessen in force or effect .,state or say further ;
validation,all,578,586,0.7839674949645996,21,"he was listed last night in critical but stable condition at kings county hospital center , police said .",knox county health department is following national centers for disease control and prevention protocol to contain infection .
validation,all,579,587,0.7844833731651306,13,boy in tan hat laughs while sitting near playground equipment .,A boy is wearing an orange shirt and a striped tie
validation,all,581,589,0.7855219841003418,7,A climber is parking with the children by a small statue,A lady is standing near three children
validation,all,584,592,0.7870818376541138,90,"ambient conditions of temperature , precipitation , windiness , and sunniness pertain at a certain place and time. further specification of the conditions that pertain may also be indicated .","this frame contains transparent nouns ( and some adjectives ) denoting quantities of a mass or of individuals. as opposed to aggregate words such as group , set , these quantity do not have a status as wholes on their own. initially , at least , we annotate both quantity of masses and of individuals in this frame , though we may split the frame along these lines later on ."
validation,all,586,594,0.7881242036819458,11,A dog with long hair and a red vest is running in the grass,a domestic animal stands in a pen .
validation,all,591,600,0.7912454605102539,26,car bombing kills 53 in damascus,"more than 10,000 people , most of them civilians , have been killed in three decades of insurgency ."
validation,all,603,613,0.7980036735534668,8,the state of being depleted .,lessen in force or effect .
validation,all,613,623,0.8032050132751465,10,British Girl And Grandad Drown In Portugal,death toll rises in russia plane crash
validation,all,615,625,0.8042385578155518,22,v kerry says # iran must come clean on # nuclear program,he also reaffirmed his wish to resolve the north korean nuclear crisis peacefully .
validation,all,617,627,0.8052821159362793,8,a man and woman are talking .,A man is massaging a woman
validation,all,620,630,0.8068374395370483,11,A big dog and a small white dog are walking past each other,two dogs are sniffing something in the rocks .
validation,all,622,632,0.8078744411468506,10,A dirty tan dog is rolling in the dirt and looking right at the camera,A light brown dog is running up a street
validation,all,623,633,0.8084044456481934,11,( cause to ) change from a gas to a liquid .,exhaust by allowing to pull on the line .
validation,all,627,637,0.8104742169380188,10,Funeral of Oscar Pistorius' girlfriend Reeva Steenkamp takes place,British Girl And Grandad Drown In Portugal
validation,all,632,642,0.813069224357605,11,a man is cutting carpet with a knife .,a man is slicing potato .
validation,all,634,644,0.8141283988952637,10,the black dog is running on the grass with a toy in it 's mouth .,a dog is running toward the camera .
validation,all,637,647,0.8156825304031372,90,a solid piece of something ( usually having flat rectangular sides ) .,"this frame contains transparent nouns ( and some adjectives ) denoting quantities of a mass or of individuals. as opposed to aggregate words such as group , set , these quantity do not have a status as wholes on their own. initially , at least , we annotate both quantity of masses and of individuals in this frame , though we may split the frame along these lines later on ."
validation,all,639,649,0.8167318105697632,6,The machine shaved the end of the pencil.,Someone is drawing a person
validation,all,640,650,0.8172388672828674,10,a group of people ride in a race,A group of people are dancing in a show
validation,all,643,654,0.8193065524101257,9,gunmen kill 11 foreign tourists in pakistan,ten killed in alaska plane crash
validation,all,646,657,0.8208780288696289,11,separate into constituents by soaking .,the act or means of getting rid of something .
validation,all,653,664,0.8245359659194946,8,car bombing kills 53 in damascus,2 traffic accidents leave 47 dead in china
validation,all,656,667,0.826087236404419,90,a prominent attribute or aspect of something .,"this frame contains transparent nouns ( and some adjectives ) denoting quantities of a mass or of individuals. as opposed to aggregate words such as group , set , these quantity do not have a status as wholes on their own. initially , at least , we annotate both quantity of masses and of individuals in this frame , though we may split the frame along these lines later on ."
validation,all,657,668,0.8266197443008423,15,"nicaragua , venezuela offer asylum to snowden",assange appeals extradition to uk 's top court
validation,all,660,671,0.8281533718109131,9,pakistani girl shot by taliban appears on video,8 soldiers killed in bomb attack in NW Pakistan
validation,all,661,672,0.8286751508712769,11,"reimburse or compensate ( someone ) , as for a loss .","the act of spending , disbursing funds"
validation,all,663,674,0.8297199010848999,28,Chinese stocks open lower Friday,"Corixa's stock barely flinched on the news, dipping 12 cents to close at $6.88."
validation,all,665,676,0.8307563066482544,12,"gunshots , explosions rock thai protest day ahead of polls","Egypt braces for more protests, prays for calm"
validation,all,666,677,0.8312888145446777,19,the activity of supplying or providing something .,"impose , involve , or imply as a necessary accompaniment or result ."
validation,all,670,681,0.8333724737167358,7,a man playing the guitar .,Guitar is being played by two men
validation,all,672,683,0.83442223072052,12,There is no man putting some cheese on a pizza,There is no man dressed in black wearing an elaborate black mask
validation,all,674,685,0.8354706764221191,18,""" the electrical state at the terminal matches the battery "" "" s electrical state """,you have reached a point where the terminals are not connected to each other .
validation,all,679,690,0.8380473852157593,17,( cause to ) move gently back and forth,"stop for a moment , as if out of uncertainty or caution ."
validation,all,684,695,0.8405632972717285,27,"one killed , 40 injured in mexico candy factory blast","tragic . my thoughts and prayers go out to all ... "" at least 220 killed in brazil nightclub fire """
validation,all,690,701,0.843727707862854,15,the black dog is running on the grass with a toy in it 's mouth .,A dog with long hair and a red vest is running in the grass
validation,all,692,703,0.8447165489196777,9,mix or breed things of different varieties or qualities,cause to reproduce ( plants or animals )
validation,all,694,705,0.8457925319671631,9,"talk or behave amorously , without serious intentions .",move about in a confused manner .
validation,all,696,707,0.8468207716941833,17,A dog with a ball is being chased in the grass,A dog running across the snow with a snowball in it's mouth.
validation,all,698,709,0.8478863835334778,7,A man plays a guitar.,A boy is playing a guitar
validation,all,701,712,0.8494688272476196,12,a black table with white fuzzy chair .,dining room with wooden dining table set with playmates .
validation,all,705,716,0.851569414138794,9,foreign militants killed in somalia in strike on car,at least 20 dead in somalia attacks
validation,all,707,718,0.8525732755661011,9,the state of being active .,a state or act of gaining pleasure
validation,all,709,720,0.8535197973251343,13,bulb c and switch z are in the same closed path,bulb a was still in a closed path with the battery
validation,all,710,721,0.8541627526283264,16,A brown and white dog is jumping in the air with a tennis ball in its mouth,a small white and brown dog is jumping over a horizontal pole .
validation,all,712,723,0.8552168607711792,7,Guitar is being played by two men,A man plays a guitar.
validation,all,714,725,0.8562637567520142,13,provide with a covering or cause to be covered .,serve as a reason or cause or justification of .
validation,all,715,726,0.8567351698875427,20,switch z is closed so it still creates a complete path to the battery,bulb b and bulb c were still contained in the same closed path with the battery .
validation,all,716,727,0.8573028445243835,20,black and white cow standing near pile of snow .,a black headed sheep covered in thick white wool stands in a pasture with other sheep .
validation,all,723,734,0.8609490394592285,7,a man is slicing potato .,Somebody is cutting a tomato
validation,all,726,737,0.8622967600822449,13,if both bulbs are contained within a closed path,bulb a was still in a closed path with the battery
validation,all,728,739,0.8634883761405945,14,6 killed in afghan capital mosque attack,blast kills 10 young girls in eastern afghanistan
validation,all,729,740,0.8638750314712524,15,Two dogs playing in a yard.,A dark black dog and a light brown dog are fighting in the backyard
validation,all,731,742,0.8650343418121338,33,"ahmadinejad are embarking on an adventure , not bernanke .","and , perhaps most important , ahmadinejad exerts a destabilizing influence , not bernanke ."
validation,all,736,749,0.8685811758041382,11,A girl is not playing the guitar,A child is not playing slip and slide in the grass
validation,all,744,758,0.8702801465988159,17,a black dog looking at the camera .,A dirty tan dog is rolling in the dirt and looking right at the camera
validation,all,745,760,0.8704416155815125,10,Someone is stirring chili in a kettle,A person is stirring vegetables in a pot.
validation,all,749,764,0.8710529804229736,9,There is no dog jumping at a shiny blue soccer ball in a field of dry leaves,There is no brown dog standing in the water
validation,all,757,772,0.8730063438415527,9,There is no person riding a jetski in the waves,There is no brown dog standing in the water
validation,all,758,773,0.8732861280441284,11,A man is peeling a potato.,A person is slicing a potato.
validation,all,764,780,0.874123215675354,14,a damaged bulb creates a gap in the path .,bulb b and bulb c are contained within a closed path
validation,all,765,781,0.8742145895957947,11,A man plays a guitar.,a man is singing and playing the guitar .
validation,all,767,783,0.8744114637374878,13,a ginger and white cat curled up and asleep on a leather chair .,a black and white cat lying on a blanket .
validation,all,780,799,0.8775699734687805,8,a man playing the guitar .,someoen is playing guitar .
validation,all,782,801,0.8781099319458008,10,bulb c and switch z are in the same closed path,both components need to be in closed paths .
validation,all,785,804,0.8785249590873718,11,if the other bulb is no longer contained in a closed path with the battery,if both bulbs are contained within a closed path
validation,all,786,805,0.8786624670028687,14,the treat was originally signed in 1990 .,the conventional forces in europe treaty was amended in 1999 .
validation,all,787,806,0.8792319297790527,17,A dog with long hair and a red vest is running in the grass,a black dog is running through the grass carrying something red in its mouth .
validation,all,792,812,0.8806419372558594,9,There is no kitten drinking milk,There is no brown dog standing in the water
validation,all,796,816,0.881005048751831,11,palestinian prisoners arrive at muqata in ramallah,26 palestinian prisoners released from israeli prison
validation,all,798,818,0.8814362287521362,9,bomb kills three in northwest pakistan,8 soldiers killed in bomb attack in NW Pakistan
validation,all,801,822,0.8823531866073608,12,A dog with really long hair and a red vest is running in the grass,The golden dog is running through a field of tall grass
validation,all,804,825,0.8828175067901611,7,A man is passionately playing a guitar in front of an audience,A man plays a guitar.
validation,all,811,832,0.8838484287261963,12,A woman is slicing a tomato,a woman is chopping a potato .
validation,all,813,834,0.8839287161827087,14,A woman is falling off a horse,a man gets knocked off of a horse .
validation,all,822,843,0.8855123519897461,14,"if c burns out , then a and b are still in a closed path .",bulb b and bulb c are contained within a closed path
validation,all,823,844,0.8855294585227966,7,someoen is playing guitar .,A boy is playing a guitar
validation,all,827,848,0.8863887786865234,15,"A dog, which is brown, and a black one are running in the grass",One white dog and one black one are running side by side on the grass
validation,all,828,849,0.8867714405059814,13,a long train is on train tracks .,a train sitting on the tracks near a field .
validation,all,830,851,0.886972963809967,11,Somebody is cutting a tomato,A person is slicing a potato.
validation,all,834,855,0.8880290985107422,15,both components need to be in closed paths .,the switch has to be within a closed path with the bulb and battery
validation,all,837,858,0.8882789611816406,15,bulb b and bulb c were still contained in the same closed path with the battery .,the switch has to be within a closed path with the bulb and battery
validation,all,839,860,0.8885972499847412,10,bulb b and bulb c are contained within a closed path,both components need to be in closed paths .
validation,all,840,861,0.8887283802032471,18,the terminals are not separated by a gap,you have reached a point where the terminals are not connected to each other .
validation,all,846,867,0.8901883959770203,13,you need to make up your mind .,You have to decide what you want to get out of this.
validation,all,850,871,0.8913115859031677,12,a dog runs across the grassy field .,The golden dog is running through a field of tall grass
validation,all,852,873,0.8916959762573242,11,four women and two men sit at a long table in a restaurant .,Group of people sitting around a restaurant dining table.
validation,all,857,879,0.8927238583564758,10,""" the electrical state at the terminal matches the battery "" "" s electrical state """,the terminals are not separated by a gap
validation,all,861,883,0.8938736915588379,15,black and white cow standing near pile of snow .,a black and white photo of a cow under a tree.
validation,all,862,884,0.8942884206771851,11,A man is climbing up a rope,One man is climbing the cliff with a rope
validation,all,871,893,0.8990740776062012,10,a dog jumping into a swimming pool .,a dog is looking into swimming pool .
validation,all,872,894,0.8993458151817322,8,someoen is playing guitar .,a boy is playing guitar .
validation,all,878,900,0.9012905359268188,20,"the note 's must-reads for monday , november 25 , 2013","the note 's must reads for wednesday july 4 , 2012"
validation,all,880,902,0.9025804996490479,15,A dark black dog and a light brown dog are fighting in the backyard,a black dog fighting with a brown dog in the snow .
validation,all,881,903,0.9032201766967773,22,A man with a top hat riding a white horse.,A man wearing black formal wear & a black top hat is riding a white show horse.
validation,all,884,906,0.9036327004432678,11,a woman is slicing up some meat .,a woman is slicing cucumber .
validation,all,886,908,0.9040349721908569,7,A man is shooting a shotgun,A man is shooting a weapon
validation,all,901,924,0.9094085693359375,12,a passenger jet flies through the air .,a large passenger jet flying close to the ground .
validation,all,907,930,0.9125985503196716,9,A little girl with blond hair is smiling and sitting on a swing,the girl is on a swing .
validation,all,908,931,0.9131593704223633,15,bulb c and switch z are in the same closed path,the switch has to be within a closed path with the bulb and battery
validation,all,909,932,0.9132777452468872,15,if both bulbs are contained within a closed path,the switch has to be within a closed path with the bulb and battery
validation,all,914,937,0.9153435230255127,10,a woman is slicing cucumber .,A woman is slicing a tomato
validation,all,915,938,0.9156637191772461,11,bulb b and c are on a closed path to the battery,if both bulbs are contained within a closed path
validation,all,920,943,0.9192471504211426,9,Bomb blast kills 10 in southwest Pakistan,8 soldiers killed in bomb attack in NW Pakistan
validation,all,922,945,0.9201855063438416,13,bulb b and c are on a closed path to the battery,bulb c and switch z are in the same closed path
validation,all,923,946,0.9202066659927368,17,"5.9-magnitude quake hits sunda strait , indonesia : usgs",6.4-magnitude quake strikes off indonesia
validation,all,925,948,0.9230085611343384,13,bulb b and bulb c were still contained in the same closed path with the battery .,bulb a was still in a closed path with the battery
validation,all,929,952,0.9257112741470337,17,earthquake of 6.3 magnitude strikes off indonesia island,6.4-magnitude quake strikes off indonesia
validation,all,930,953,0.9264792203903198,17,the black dog is running on the grass with a toy in it 's mouth .,a black dog is running through the grass carrying something red in its mouth .
validation,all,932,955,0.928160548210144,23,"ahmadinejad is embarking upon an adventure , bernanke .","ahmadinejad are embarking on an adventure , not bernanke ."
validation,all,935,958,0.9299163222312927,7,the man is playing the guitar .,A man plays a guitar.
validation,all,938,961,0.9367293119430542,20,bulb b and c are on a closed path to the battery,bulb b and bulb c were still contained in the same closed path with the battery .
validation,all,944,967,0.9442757964134216,13,bulb b and bulb c are contained within a closed path,bulb c and switch z are in the same closed path
validation,all,949,972,0.9485865235328674,22,"have a complexion with a strong bright color , such as red or pink .",have a complexion with a strong bright color ; reflect emotion via one 's complexion .
validation,all,954,977,0.9535650014877319,13,bulb b and c are on a closed path to the battery,bulb a was still in a closed path with the battery
validation,all,960,984,0.9669837951660156,11,bulb b and bulb c are contained within a closed path,if both bulbs are contained within a closed path
validation,all,962,986,0.9700304269790649,12,The brown animal is jumping in the air,"A dog, which is brown, is jumping in the air"
validation,all,964,988,0.9772791862487793,8,The boy is not playing the piano,A boy is not playing a guitar
validation,all,965,989,0.9781977534294128,7,A woman is standing near three children,A lady is standing near three children
validation,all,969,993,0.986277163028717,7,a boy is playing guitar .,A boy is playing a guitar
validation,all,973,997,0.9979773759841919,18,You need to pick how and where you want to place your foot and do it.,you need to pick how and where you want to place your foot and do it .
validation,all,975,999,0.998693585395813,27,"China is scrambling to stop the disease from spreading to the countryside, where most of its 1.3 billion people live.","china is scrambling to stop the disease from spreading to the countryside , where most of its 1.3 billion people live ."
test,all,6,6,0.49836716055870056,6,"dynamic programming is a very powerful mathematical technique , often utilised in programming , for solving optimization problems .",There is no kitten drinking milk
test,all,8,8,0.4991878867149353,15,There are no people driving ATVs,"find out or determine , perhaps after a calculation or investigation ."
test,all,9,9,0.4991919994354248,25,There is no person riding a jetski in the waves,"dynamic programming is a very powerful mathematical technique , often utilised in programming , for solving optimization problems ."
test,all,11,11,0.5016857385635376,12,This answer is based on my experience teaching undergraduate math in the US.,No motorcycle racer is riding a red and black bike
test,all,12,12,0.5019619464874268,14,"It was developed with consultation from more than 300 leaders in academia, industry, government and the public.",No girl with a bikini is playing in the dunes
test,all,13,13,0.5022279620170593,12,"several different ways of computing these values , also known as ( term ) weights , have been developed .",There is no person riding a jetski in the waves
test,all,14,14,0.502600908279419,16,There is no person riding a jetski in the waves,"after all , they have recommended policies that politicians or taking into consideration ."
test,all,15,15,0.5027697682380676,7,the new zealand commerce commission had given westpac no indication whether it would have approved its deal .,A boy is eating a cupcake
test,all,16,16,0.5028361082077026,25,No girl with a bikini is playing in the dunes,"dynamic programming is a very powerful mathematical technique , often utilised in programming , for solving optimization problems ."
test,all,19,19,0.5051982402801514,12,( parliament adopted the legislative resolution ),There is no person riding a jetski in the waves
test,all,20,20,0.5053189992904663,9,There is no person riding a jetski in the waves,"commodity expanded value-form , ."
test,all,22,22,0.5075528025627136,8,several different ways have been developed of calculating these values ( also known as term weights ) .,There are no people driving ATVs
test,all,23,23,0.507633626461029,14,"several different ways of computing these values , also known as ( term ) weights , have been developed .",No girl with a bikini is playing in the dunes
test,all,30,30,0.5103518962860107,13,No motorcycle racer is riding a red and black bike,serve as a reason or cause or justification of .
test,all,31,31,0.5104761123657227,9,This answer is based on my experience teaching undergraduate math in the US.,There is no woman using a sewing machine
test,all,32,32,0.5117500424385071,13,No girl with a bikini is playing in the dunes,they also inherit the attributes and methods of its superclass .
test,all,34,34,0.5122227668762207,21,There is no kitten drinking milk,the basic idea is to represent each document as a vector of certain weighted word frequencies .
test,all,35,35,0.5125329494476318,13,There is no person riding a jetski in the waves,they also inherit the attributes and methods of its superclass .
test,all,36,36,0.5134423971176147,22,There is no man speaking on a podium,several different ways have been developed of calculating these values ( also known as term weights ) .
test,all,41,41,0.516434907913208,21,No girl with a bikini is playing in the dunes,the basic idea is to represent each document as a vector of certain weighted word frequencies .
test,all,43,43,0.516514778137207,22,There is no man putting some cheese on a pizza,several different ways have been developed of calculating these values ( also known as term weights ) .
test,all,44,44,0.5173063278198242,10,"after all , they have recommended policies that politicians or taking into consideration .",The boy isn't playing the piano happily
test,all,45,45,0.5173766016960144,8,"dynamic programming is a very powerful mathematical technique , often utilised in programming , for solving optimization problems .",There are no people driving ATVs
test,all,47,47,0.5177507400512695,14,There is no person riding a jetski in the waves,make fine adjustments or divide into marked intervals for optimal measuring .
test,all,48,48,0.517828106880188,13,There are no people driving ATVs,You have to decide what you want to get out of this.
test,all,49,49,0.517970860004425,15,There is no person riding a jetski in the waves,"but just as the european union itself , and this will happen ."
test,all,53,53,0.5184193253517151,26,There are no people driving ATVs,i can think of three reasons why a faculty member might reveal how a student performed on a qualifying examination .
test,all,54,54,0.5186293125152588,10,"It was developed with consultation from more than 300 leaders in academia, industry, government and the public.",There is no water being drunk by a cat
test,all,55,55,0.5186420679092407,25,No motorcycle racer is riding a red and black bike,"dynamic programming is a very powerful mathematical technique , often utilised in programming , for solving optimization problems ."
test,all,56,56,0.5186614990234375,7,"It was developed with consultation from more than 300 leaders in academia, industry, government and the public.",A boy is eating a cupcake
test,all,58,58,0.5187851190567017,9,"Besides these 28 OCT4-regulated genes, the Oct4-OETN included 8 more genes of a recently published list of OCT4-correlated transcripts expressed in ESCs.",There is no brown dog standing in the water
test,all,60,60,0.5198495984077454,7,"after all , they have recommended policies that politicians or taking into consideration .",A boy is eating a cupcake
test,all,62,62,0.5199140310287476,14,one of the most well studied facets of temperament is how people respond to novelty .,No girl with a bikini is playing in the dunes
test,all,64,64,0.5200037956237793,25,A baby elephant is not eating a small tree,"dynamic programming is a very powerful mathematical technique , often utilised in programming , for solving optimization problems ."
test,all,65,65,0.5202913880348206,10,"dynamic programming is a very powerful mathematical technique , often utilised in programming , for solving optimization problems .",There is no water being drunk by a cat
test,all,66,66,0.5204393863677979,14,"after all , they have recommended policies that politicians or taking into consideration .",No girl with a bikini is playing in the dunes
test,all,67,67,0.5205917358398438,9,There is no rope being climbed by a man,"commodity expanded value-form , ."
test,all,68,68,0.5206035375595093,11,one of the most well studied facets of temperament is how people respond to novelty .,There is no rope being climbed by a man
test,all,71,71,0.520999014377594,8,"It was developed with consultation from more than 300 leaders in academia, industry, government and the public.",terminal 1 and terminal 2 possess no difference
test,all,72,72,0.5212036371231079,11,several different ways have been developed of calculating these values ( also known as term weights ) .,There is no rope being climbed by a man
test,all,74,74,0.5217466354370117,9,"after all , they have recommended policies that politicians or taking into consideration .",There is no woman using a sewing machine
test,all,77,77,0.5220919847488403,8,"several different ways of computing these values , also known as ( term ) weights , have been developed .",There is no girl brushing her hair
test,all,80,80,0.522922158241272,22,A baby elephant is not eating a small tree,several different ways have been developed of calculating these values ( also known as term weights ) .
test,all,83,83,0.5231189131736755,6,serve as a reason or cause or justification of .,There is no kitten drinking milk
test,all,85,85,0.523446798324585,19,several different ways have been developed of calculating these values ( also known as term weights ) .,There is no dog jumping at a shiny blue soccer ball in a field of dry leaves
test,all,86,86,0.5240384340286255,25,"US, China fail to paper over cracks in ties","dynamic programming is a very powerful mathematical technique , often utilised in programming , for solving optimization problems ."
test,all,88,88,0.5250357389450073,11,serve as a reason or cause or justification of .,There is no rope being climbed by a man
test,all,91,91,0.5266447067260742,7,There are no people driving ATVs,A boy is eating a cupcake
test,all,94,94,0.5282340049743652,11,it was first used in the smart information retrieval system .,There is no rope being climbed by a man
test,all,98,98,0.5302551984786987,8,"after all , they have recommended policies that politicians or taking into consideration .",There are no people driving ATVs
test,all,99,99,0.5304619073867798,15,"several different ways of computing these values , also known as ( term ) weights , have been developed .",There is no person in bike gear standing steadily in front of the mountains
test,all,100,100,0.5312677621841431,7,"you just have to base your answer on what you do know , which is what you want .",A boy is eating a cupcake
test,all,102,102,0.5322788953781128,22,deadline passes with no new iran sanctions,this means that inheritance is used when types have common factors and these would be put into the superclass .
test,all,103,103,0.5328199863433838,12,This answer is based on my experience teaching undergraduate math in the US.,There is no man dressed in black wearing an elaborate black mask
test,all,108,108,0.5354344844818115,21,There is no man dressed in black wearing an elaborate black mask,the basic idea is to represent each document as a vector of certain weighted word frequencies .
test,all,109,109,0.5359786748886108,16,it was first used in the smart information retrieval system .,ukraine will not give ' an inch ' over crimea
test,all,110,110,0.5365023612976074,15,A boy is eating a cupcake,"find out or determine , perhaps after a calculation or investigation ."
test,all,111,111,0.5370032787322998,19,a boy in a red sled is riding down the hill .,"the international atomic energy agency has no access to people , documents , sites ."
test,all,112,112,0.5374904870986938,15,There is no woman using a sewing machine,"find out or determine , perhaps after a calculation or investigation ."
test,all,115,115,0.5390515327453613,8,"you just have to base your answer on what you do know , which is what you want .",There are no people driving ATVs
test,all,117,117,0.5401411056518555,16,your top 10 flu questions answered,ukraine will not give ' an inch ' over crimea
test,all,119,119,0.5411084890365601,8,a prominent attribute or aspect of something .,There are no people driving ATVs
test,all,120,120,0.5416724681854248,12,the new zealand commerce commission had given westpac no indication whether it would have approved its deal .,a woman is placing eggs into a pan .
test,all,125,125,0.5442750453948975,16,female film directors slowly gain ground,The football is between the feet of a boy who is lying on the grass
test,all,126,126,0.5448131561279297,7,"several different ways of computing these values , also known as ( term ) weights , have been developed .",A boy is eating a cupcake
test,all,130,130,0.546853244304657,12,the perception of spain has changed dramatically with this government,No motorcycle racer is riding a red and black bike
test,all,133,133,0.5483934283256531,21,A child is not playing slip and slide in the grass,the basic idea is to represent each document as a vector of certain weighted word frequencies .
test,all,137,137,0.5505186319351196,9,"the international atomic energy agency has no access to people , documents , sites .",generate the optimal solution of these computed values
test,all,142,142,0.5531186461448669,17,No motorcycle racer is riding a red and black bike,the us president george bush himself is glad of progress in the negotiations .
test,all,146,146,0.5551903247833252,12,There is no person riding a jetski in the waves,indian defense ministry has increased spending on defense purchases .
test,all,147,147,0.5557118654251099,17,"US, China fail to paper over cracks in ties",tthe girl is standing in front of the open door of the bus .
test,all,150,150,0.5572648048400879,11,it has the effect of augmenting the potency of the big countries to the detriment of babies .,a person is diving into clear blue water .
test,all,153,153,0.5588312149047852,11,out of touch and untrustworthy ?,a dog jumping into a swimming pool .
test,all,155,155,0.5598630905151367,25,Several people are not walking in line across a bridge,"dynamic programming is a very powerful mathematical technique , often utilised in programming , for solving optimization problems ."
test,all,156,156,0.5603906512260437,16,Two white cats are playing with a brown dog and a ball,ukraine will not give ' an inch ' over crimea
test,all,157,157,0.5609108209609985,13,"mr president , i would like to defend workers in the sector .",The woman is drinking lemonade and watching T.V.
test,all,158,158,0.5614228248596191,9,this means that inheritance is used when types have common factors and these would be put into the superclass .,There is no brown dog standing in the water
test,all,159,159,0.5619510412216187,11,A man is dancing on the ceiling,government initiatives to disarm have been ineffective .
test,all,160,160,0.5624697804450989,7,the new zealand commerce commission had given westpac no indication whether it would have approved its deal .,a girl is jumping .
test,all,162,162,0.5635116100311279,14,mix or breed things of different varieties or qualities,No girl with a bikini is playing in the dunes
test,all,163,163,0.5640355348587036,19,warmed.c from the year prior .,There is no dog jumping at a shiny blue soccer ball in a field of dry leaves
test,all,164,164,0.5645490288734436,13,A woman is water skiing.,they also inherit the attributes and methods of its superclass .
test,all,165,165,0.5650723576545715,8,the us president george bush himself is glad of progress in the negotiations .,There are no people driving ATVs
test,all,171,171,0.5681921243667603,9,: - \ hmv gone into bankruptcy equivalent ...,Two dogs are playing on a sandy beach
test,all,174,174,0.5697494149208069,9,"later , the other two houses fell at odds as well .",There is no woman using a sewing machine
test,all,175,175,0.5702705383300781,31,‚ äėglee ‚ äô star cory monteith found dead in hotel room,"i 've only made a couple of bbq sauces , but they 've always come out really well ."
test,all,176,176,0.5707921981811523,16,A man is performing a trick on a bike,"after all , they have recommended policies that politicians or taking into consideration ."
test,all,177,177,0.5713068246841431,12,"It was developed with consultation from more than 300 leaders in academia, industry, government and the public.",There is no man dressed in black wearing an elaborate black mask
test,all,182,182,0.5739142894744873,11,This answer is based on my experience teaching undergraduate math in the US.,A man is performing a trick on a bike
test,all,183,183,0.5744308233261108,6,he also reaffirmed his wish to resolve the north korean nuclear crisis peacefully .,There is no kitten drinking milk
test,all,184,184,0.5749499797821045,14,No girl with a bikini is playing in the dunes,( cause to ) become a powder or as dust .
test,all,185,185,0.5754696130752563,41,There is no girl in pink twirling a ribbon,"the offer is also subject to goldman signing an agreement with drax 's senior banks , senior bond holders and hedging banks by sept . 30 , it said ."
test,all,186,186,0.5759958028793335,11,"in a few billion years , the milky way and andromeda will collide .",There is no rope being climbed by a man
test,all,187,187,0.5765074491500854,13,This answer is based on my experience teaching undergraduate math in the US.,A man is quickly chopping some mushrooms with a knife
test,all,188,188,0.5770293474197388,10,This answer is based on my experience teaching undergraduate math in the US.,The boy isn't playing the piano happily
test,all,189,189,0.5775482058525085,8,There is no person riding a jetski in the waves,cause to become awake or conscious .
test,all,190,190,0.5780655145645142,17,a man is sledding on an orange slide .,they would give the right to divorce the husbands who would have abandoned them ?
test,all,195,195,0.5806674957275391,13,The little boy swung at the golf ball.,thai political protests paralyse more ministries
test,all,197,197,0.5817074775695801,12,a man is climbing a wall .,foreign militants killed in somalia in strike on car
test,all,203,203,0.58482825756073,17,Two dogs are playing on a sandy beach,four women and two men sit at a long table in a restaurant .
test,all,204,204,0.5853459239006042,16,Some guy sitting on a couch watching television.,ukraine will not give ' an inch ' over crimea
test,all,205,205,0.5858672857284546,13,photos : fires across australia,The woman is drinking lemonade and watching T.V.
test,all,207,207,0.5869089365005493,7,annan to visit syrian refugees in turkey before iran,A boy is eating a cupcake
test,all,209,209,0.5879472494125366,12,claims about trayvon 's character and when did i do that ?,a woman is placing eggs into a pan .
test,all,213,213,0.5900266170501709,12,the new zealand commerce commission had given westpac no indication whether it would have approved its deal .,"A man is rock climbing, stopping and calculating the route"
test,all,217,217,0.5921088457107544,16,a guy and two girls are smiling at the camera .,ukraine will not give ' an inch ' over crimea
test,all,219,219,0.593148410320282,19,"Emory Lane, 16650-Patsy C. Herold to Julia Hernandez, $459,900.

Hornbeam Dr., 4712-Clinton D. and Shenita Y. White to Stephen J. Tapparo and Luz M. Redondo, $685,000.

Morgal St., 4410-Jeremy A. Schiffer and Rachel Werner to Daniel F. Rogers and Jennifer L. Gordon, $470,000.

AD

Veirs Mill Rd., 12732, No. 1-101-Steven W. Watts and estate of Bradley Nolan Watts to Janys A. Cabrera Diaz, $190,000.

BETHESDA AREA

Alta Vista Rd., 5511-Ihor G. and Catherine Murashchyk to Marco and Carolyn Macchiavelli, $707,500.

AD

Arrowood Rd., 7205-MSM Design Build Corp. to David Arash and Beth Javdan, $5.97 million.

Bells Mill Rd., 6400-Ivan S. Dimitrov and James Norris Platt to Molly A. Herrera and Juan C. Herrera Trejo, $656,000.

Brixton Lane, 9903-Jeffrey M. and Sheryl E. Prieto to Gabriel I. Parra and Natalia Gudino, $745,000.

Burdette Rd., 8300, No. 502-Donna G. Smith and estate of Charles H. Goldberg to Kenneth H., Francine and Richard Shure, $680,000.

AD

Buttermere Lane, 6707-Irma Lee Westrell to Peter Glaser, $630,000.

Exeter Rd., 7515-Barry L. and Sigrun F. Haase to Carlton Ervin, $3.5 million.

Harling Lane, 4517-Anthony B. and Frank Crisafulli to Carlyle P. Thorsen, $889,000.

Inglemere Dr., 9819-Masha Kruskal to Earle and Cynthia Ingalls, $830,000.

Maple Ave., 4600-Richard Allen Lingle to Nathan K. Redmann and Bianca Elizabeth Bersani, $1.2 million.

AD

McLean Dr., 5605-Mid-Atlantic Custom Builders Corp. to Edward and Lerna Chaglassian, $2.33 million.

Millwood Rd., 7208-Richard Coghlan and Sang Me Lee to Roman and Katja Elisabeth Heini, $2.65 million.

Pelham Rd., 8507-George L. Richardson and Beatriz M. Romero Junquera to Huanhuan Deng and Bing Qi, $1.48 million.

AD

Rannoch Rd., 6800-John L. Stodola to Katherine E. Pappas and Craig D. Goldstein, $1.3 million.

Sentinel Dr., 4970, No. 11-204-Kerry Lynn Edwards to Rae B. Wine, $564,000.

Still Spring Ct., 8300-Eric Paul Hanson and Celia Noemi Cruz to Daniel P. Simon and Lisa Marie Yanni, $925,000.

Vendome Dr., 9232-John D. Gordon and H. Allison Smith to Brian S. Gold, $1.44 million.

Walton Rd., 5816-Natalie A. Albina to Stephen T. Power and Claudia A. Laguzzi, $1.58 million.

Whitley Park Terr., 5450, No. 305-Cheryl L. Maltz and estate of Adrienne K. Maltz to Mohanlal, Panna and Dipti Mistry, $389,250.

AD

Winterberry Ct., 5-Guillermo Jose Aviles Mendoza and Juliana Kruse De Andrade Maia to Maria L. Bruno Ruiz and Daniel F.B. Ruiz, $852,500.

AD

BOYDS AREA

Conrad Spring Rd., 15432-Rosemarie Borisow to James P. and Natacha C. Walsh, $765,000.

Shiloh Church Rd., 23210-Joe D. and Mary V. Pace to Sam and Rima Abuobaid, $925,000.

BROOKEVILLE AREA

Briars Rd., 3422-Mark B. and Gail A. Gunod Green to Maura Burns and James Landers Sullivan, $519,500.

Honeystone Way, 2302-Peter and Christina Donath to Vincent and Nicole T. Walker, $725,000.

Saint George Way, 2515-Laura Kane and estate of Richard V. Fazio to Michael and Yelena C. Roshal, $727,000.

BURTONSVILLE AREA

Aldora Cir., 14119-Gary W. and Wendy Ann Whichard to Emmerson Nelson, $285,000.

Bentley Park Dr., 14517-Daniel and Laura Davis to Tariq Shahzad and Humera Tariq, $660,000.

AD

AD

Regalwood Terr., 4313-Gordon H. Fry to Nina M. Keach and Lou Deutschman, $300,000.

Sorrento Ct., 14502-Tokozile and Rodwell Dlodlo to Akossiwa E. Atohoun, $290,000.

CALVERTON-COLESVILLE AREA

English Turn Dr., 13015-Itea Investments Corp. to Meseret Ibsa, $750,000.

Lillian Lane, 111-Carol Delaney and Patrick J. Doyle to Mamoon Osman Hassan Saeed, $470,000.

Peaceful Lane, 1415-Reginald L. Penny to Antoine D. Poole II and Marielys Montero, $435,000.

Staley Manor Dr., 1743-Sarah M. Pevey to Harris Iqbal and Victoria Audrey Prevette, $310,000.

Woodlake Dr., 3552, No. 19-Tara M. Royster to Titilayo O. Adigun, $365,000.

CHEVY CHASE AREA

Clifford Ave., 8804-Nancy B. and Condit N. Eddy to Patricia M. Diaz and Marcelino N. Andrade, $730,000.

AD

Falstone Ave., 4723-Brandon H. and Anna J. Lee to Helene Safire, $1.25 million.

AD

Inverness Dr., 3601-David J. Chorzempa to Brian P. and Cathleen D. Ciampa, $1.2 million.

Levelle Dr., 9211-Steven D. and Kimberley C. Pearson to Rebecca S. and Daniel L. Weaver, $1.31 million.

Wisconsin Ave., 5600, No. 1407-Terry Holtzman and estate of Mary Holtzman to Joseph E. Schwartz and Anne Weiss, $1.32 million.

Wyndale Lane, 7404-Joy M. Leong to Robert A. Vricella, $975,000.

CLARKSBURG AREA

Basswood Hill Dr., 23114-Sun Kyung Yu to Mouhamed and Fatou Dioum, $430,400.

Ebenezer Chapel Dr., 13070-Third Try Corp. to Manoj Maheshwari and Nitu Pasari, $515,000.

Pond Pine Dr., 12109-Rui P. and Jessica Torres to Yong Guo and Shangwei Liu, $435,000.

AD

Winding Woods Way, 22002-Clarksburg Village Corp. to Jeffrey Glenn and Venita Yvette Scott, $601,395.

CLOVERLY-EDNOR AREA

Cantrell Rd., 14400-Musawwir A. and Tasnuva Khan to Luis M. and Edgar C. Loayas Aguilar, $550,000.

AD

Redgate Ct., 2-Roger M. Brown and Karen Jayne Doswell to Deborah Y. Clark, $706,000.

DAMASCUS AREA

Biscayne Lane, 9904-Lawrence and Lindsay Haley to Jason and Amanda Oakes, $395,000.

Canvasback Way, 9958-Jessica M. McLaughlin and Mark R. Nettling to Yamila Medina, $249,000.

Middleboro Dr., 10812-Susan M. Hensley to Junmin and Xiaoxiang Zhang, $550,000.

Valley Park Terr., 25732, No. H-2-Jesus Arturo Parrau and Nicole Jennifer Hartwick to Caitlin Ann Caffrey, $259,000.

AD

DERWOOD AREA

Cliffbourne Lane, 17817-Estate of Joan B. Carpenter to Kyle M. and Lynn E. Erickson, $515,000.

Granby Rd., 6108-Florence M. Hallman and Patricia L. Boyer to Sonia Mundle Smith, $685,000.

Nutwood Ct., 7609-Alan J. Diamond and Carol Janus to Laddawan Thirachawalit, $375,000.

Wheat Fall Dr., 17521-John C. Vergelli and estate of Kathleen Ann Vergelli to Luis F. Retana and Betsy N. Lopez, $450,000.

AD

FOUR CORNERS-BURNT MILLS AREA

Brewster Ct., 314-Andrew J. and Kristin A. Schrader to Cheryl Ann Hurwitz, $653,000.

Dryden St., 1107-Laurie A. Yengo to Jodi Ilene Charles, $500,000.

Glenwild Rd., 10615-Arceli Bacsinila to Ashley Nicole Macon and Shauna Natasha Davis, $482,500.

Lowander Lane, 813-U.S. Bank and Legacy Mortgage Asset Trust to Yonas Nigatu Gurach, $440,000.

Saybrook Ave., 9308-Laverne H. Havelka to Deanna L. Wright, $504,000.

Sutherland Rd., 10003-Jared E. and Jennifer L. Gigliotti to Robert H. and Ashley S. Burch, $615,000.

GAITHERSBURG AREA

Barn Swallow Terr., 18728-Matthew and Shanna Bahen to James Michael Whalen, $276,000.

Fertile Meadow Ct., 18023-Rajeev and Gunjan Jain to Maryonne A.C. Snow Smith, $350,000.

Grosbeak Terr., 18632-Brian Williams to Dalicia Ashley Eschoe, $295,000.

Hummingbird Terr., 9235-JLG Investments Corp. to Marc D. and Brandon Riley Goldstein, $325,000.

AD

Lindstrom Ct., 17615-Alan R. and Jan Briddell Stevens to Jaime Romeo Valiente Gallegos and Ruth Fransoli Valiente, $325,000.

Pearlbush Dr., 7900, No. 302-Edward J. Maynes to Christine R. Kim and Ricky M. Zatz, $129,999.

Tulip Dr., 110-Ashley J. White and Christopher A. Sibrizzi to Aaron K. and Anna K. Serrano, $400,000.

GAITHERSBURG-NORTH POTOMAC AREA

Apple Blossom Way, 112-Wen I. Wear and Jack Pai Young Liu to Kannan Chinnasamy and Harita Kannan, $610,000.

Boat House Ct., 14-Qisheng Li and Jinwen Chen to Dun Liang and Sutan Wu, $771,000.

Chestertown St., 122-Scott V. and Sharon L. Nystrom to Andrew and Jaclyn Nicoletta, $882,500.

Clover Knoll Rd., 11925-Inge J. Caldwell to Eric Endicott and Heather Leeper, $515,000.

Curry Ford Lane, 208-Suntrust Bank to Francis Aning Boddom, $320,000.

Diamondback Dr., 506, No. 241-C.F. Sept Owner Corp. to Lok Wong Samson, $489,900.

Fenceline Dr., 12-Maureen Q. Ponce to Umesh J. Rajani and Purvi R. Desai, $380,000.

Helene St., 535-Blake E. and Ilene H. Godsey to Gary M. and Judith Lynn Katz, $809,900.

Kimberly Ct. W., 785-Perfect Homes Corp. to Summer G. Martinez and Daniel Francis Cumberland Jr., $535,000.

Linslade St., 724-Verna W. and Jerry C. Van Wert Jr. to Christopher Michael and Courtney B.K. Knaus, $800,000.

Orchard Hills Dr., 111-Mark A. and Joanna Green to Ebrahim Rajabtabar Darvish and Hanieh Ataei, $550,000.

Phelps St., 477-Rajesh Kumar and Anju Goel to Yang Liu and Yu Zhang, $624,000.

Quince Orchard Blvd., 882, No. 202-Xiaoyou Chen to Anisur Rahman Palash and Afia A. Jahan, $115,000.

Sylvan Glade Dr., 14440-Drew Evan and Ryann Leslie Morris to Shafiul and Mahabuba Alam Elahee, $1 million.

Water Oak Dr., 15105-Jai Raj Narain and Tara B. Rajan to Chawan Elliot Barnes and Sadaf Afkhami, $620,000.

GERMANTOWN AREA

Ambassador Dr., 13600-Hao Ping Chai to Hwei Chun Chou, $259,900.

Chalet Dr., 18140, No. 7-101-Hsiu Ling Hsu to Annette Richards, $178,000.

Dairymaid Dr., 13139, No. 103-Fang Xu to Bowen Yang, $155,000.

Esmond Ct., 27-Joseph Beall and Paul Yanoshik to Eric Robert and Keke Schuler, $308,900.

Lake Park Dr., 19918, No. 922-Sandra and Maria Pazmino to Augustina Boamah and Kwame Konadu, $310,000.

Lowfield Terr., 13413-Jasbir and Piari Singh to Mario and Janeth Andino, $345,000.

Martins Landing Dr., 18700-Stephen P. Macloud to Michael L. Tash, $284,500.

Moonwalk Ct., 18910-Chad and Amanda Berkhammer to Vitaly Avilov and Qi Zeng, $564,900.

Rayfield Dr., 19425-Juan A. and Isabel Galvez Salgado to Scott and Mignonette Petersen, $401,000.

Shipley Terr., 20209, No. 1-B-201-Hector A. and Jose Omar Andino Rivera to Hector Hermando Neira Herrera and Graciela Q. Neira, $180,000.

Summer Oak Dr., 11527-Mark M. and Megan A. Jackowski to Timothy R. and Alena Lynn Carter, $305,000.

Warrior Brook Dr., 19141-Zhengliang Bu and Lanlan Zhang to Robert Eugene and Danielle Ross Franklin, $409,900.

Winding Creek Way, 12041-Francoise A. Andre and Apostol T. Vassilev to Jibran Misbah and Farah Reyaz, $322,000.

KENSINGTON AREA

Brunswick Ave., 10700-Roy E. and Herlyth B. Clark to Thomas G. and Madison Dickinson Hendren, $550,000.

Flanders Ave., 5307-Silviu C. and Leana Cretu to Steven H. Ngo, $650,000.

Midvale Rd., 11120-Jerome Rossignuolo and Chu Chu Lan to Timothy Jerome White Jr. and Ghazal Parsa, $769,000.

Saul Rd., 4501-Jonathan George Mathis to Rosita Alyssa Baua Hermann, $699,000.

LAYTONSVILLE AREA

Flamingo Terr., 24340-James P. and Natacha C. Walsh to William Marshall Lee and Casey Christine Robertson, $380,000.

Lochaven Ct., 20924-Donna M. Marino to Michael Anthony and Leslie Susan Gladu, $625,000.

Watkins Rd., 9631-Suzanne and Donald L. Diddle to Scott D. Parello, $480,000.

Woodfield School Rd., 25130-Joseph Allen and Cheryl Peters Wyatt to Patricia and Terry Nichols, $635,000.

MONTGOMERY VILLAGE AREA

Brassie Way, 9620-Shannon Frye Robb to Richard Pineda and Alicia D. Valle Toledo, $199,900.

Copps Hill Pl., 18124-Fabiana I. and Ismelda Gaona to Marco Antonio Uceda Juica, $225,000.

Hellingly Pl., 9728, No. 203-Anthony Malek to Nicolaas Johannes Van Staden, $114,000.

Mills Choice Rd., 19023, No. 4-James I. and Tuanhwa H. Cheng to Leo Stanley and Konika A. Rodriguese, $130,000.

Ravenglass Way, 8732-Patricia M. Benjamin to Nicolas E. Quinones, $195,000.

Sterncroft Ct., 20504-Jesus Huaman and Frida Mojonero to Ketty E. Peraza and Cristofer Adalverto Gonzalez, $238,500.

Transhire Rd., 19551-John Charles Marshall to Laurel Foster, $240,000.

NEW HAMPSHIRE ESTATES-HILLANDALE AREA

Hedin Dr., 9809-Clifford H. and Sandra Ivery to Saleela and Shailesh Kumar Sharma, $416,500.

NORBECK-LAYHILL AREA

Bel Pre Rd., 3750, No. 11-Andrew and Paulette M. Ladas to Marcos R. Tamayo Olivier and Carla A. Luis, $92,500.

Camellia Dr., 12813-Gary and Elizabeth M. Gilliam to Erica S. St. Louis and Herbert Russell Frisby III, $475,000.

Edelmar Terr., 3612, No. 127-A-Woodrow W. Hancock Jr. to Alice C. McGurty, $241,500.

Greenery Lane, 2308, No. 302-13-Federal National Mortgage Association and BWW Law Group Corp. to Rasheda Akter and Nazifa Tazrian Munia, $189,900.

Innsbruck Ct., 14420, No. 3-AB-Steve J. Chaney to Francisco N. Hernandez Savinon, $185,000.

Interlachen Dr., 15101, No. 1-414-Estate of Barry Friedberg to Ann M. McDowell, $280,000.

Island Creek Ct., 3423, No. 132-A-Robert S. and Emilene Werner to Katherine L. and Thomas G. Bugenhagen, $468,000.

Leisure World Blvd. N., 3200, No. 619-Cindy Ann Gilman and estate of Freeda S. Wolf to Gail Roe, $404,000.

Leisure World Blvd. N., 3330, No. 5-915-Roger D. Feldman and estate of Gertrude Coburn Feldman to Val S. and Judith Sasmore, $152,500.

Ludham Dr., 3209, No. 193-A-Edward A. Perron to Sherry Lynne Stargel, $315,000.

Nordic Hill Cir., 1651-Kenneth Cutler and Wioleta Laska to Eugenio J. Aleman and Maria C. Vassallo, $494,000.

Redspire Dr., 13302-Dale and Lilyan Kang to Hoang M. Nguyen and Mai X. Huynh, $825,000.

Weller Rd., 2604-Luciano and Lidia DiFranco to Tena Gebretsadik and Hana Wondimu, $450,000.

OLNEY AREA

Buehler Rd., 17816, No. 1-B-2-Luis Anthony Jaramillo to Peter J. and Joseph Toller Leicht, $125,000.

Gelding Lane, 3811-Michelle R. Cascio to Paulina M. Kozorosky, $373,000.

Overwood Dr., 17804-Maurice L. Vekeman Jr. to Nicholas Domenico Richards and Jennifer Steiger, $472,500.

Shadowridge Terr., 18606-Cynthia L. Dunn to Seble Abebe and Mulugeta T. Fisseha, $421,000.

POOLESVILLE AREA

Hughes Rd., 17300-Jeffrey Dayton and estate of Leona J. Nelson to Jesse Ryan and Jennifer Loznak, $443,500.

Spurrier Ave., 19812-Randolph C. and Nancy L. Halphen to Stephen and Angela Amanda Trice, $430,000.

POTOMAC AREA

Bartonshire Way, 1294-Donna R. Foley to Laurence Wade and Sarah Maria Tivnan, $710,000.

Betteker Lane, 9905-Patrick D. and Mariella V. Young to Yan Zhang, $680,000.

Brushwood Way, 13149-Jennifer M. Whitlow to Jeffrey T. and Michele Molyn Napoliello, $1.73 million.

Cambridge Manor Ct., 9237-Kathleen J.S. and Stevan A. Varga to Sean Wesley Hiapo and Jill Renee Olson, $1.82 million.

Conestoga Way, 9708-RBL Ventures Corp. to Kevin Kyuhong and Yoojin Choi, $930,000.

Democracy Blvd., 10240-Barbara and Gerard P. Champaloux to Ejike Asiegbunam, $1.8 million.

Fallsmead Way, 1203-Wai Keen Chung and Junqing Liu to Colter Thomas and Alana Wase Bell, $753,000.

Inverness Ridge Rd., 8145-Donna F. Panagos to Xun Sun and Linnu Cao, $560,000.

Lloyd Rd., 10325-Mark B. and Donna Tasso Johnson to John K. Wilson and Katherine J. Scoville, $829,000.

Milbern Dr., 11612-Sheshagiri Rao and Kusum A.R. Kalavar to James P. and Calie B. Lillis, $735,000.

River Falls Dr., 8304-Edward J. and Elizabeth C. Hudson to Blair Alexander and Elizabeth Goergen Silver, $1.4 million.

Stratton Dr., 2001-Michelle L. Snyder and Jonathon S. Colton to Ira S. Miller and Allison Buchman, $775,000.

Turnberry Dr., 9472-Paul A. and Susan L. Commander Samakow to Virun Lee, $880,000.

Willowbrook Dr., 11137-Pei Ying and Diana H. Chen to Kevin P. and Angela R. Murphy, $1.09 million.

ROCKVILLE AREA

Azalea Dr., 868, No. 21-Prashant and Quenie Thi Nguyen Goswami to Ehud Inbar, $350,000.

Barbados Pl., 5916, No. 59-Trudy Bernstein to Ari Payes, $399,000.

Boiling Brook Pkwy., 4722-Andrew J. Horos to Mohd Sulaiman and Moska Hakimzada, $390,000.

Brentford Dr., 5109-Joseph C. Werner to Jimmy Su, $365,000.

Charles St., 335-Leqin Shi to Patrick Jose Raminhos, $317,000.

Dundee Rd., 2002-Tian Zhou to Peipei Hu, $515,000.

Ertter Dr., 4904-Steven T. and Karon C. Martinez to Christopher A. Yen and Luyao Zhang, $590,000.

Gaither Rd., 1017-Morgan Chiu and Hsiaofang Yeh to Gregory and Dorothy Yahr, $525,000.

Glenmore Terr., 2267-Lawrence G. Lazar and Leilei He to Natalia Komissarova, $765,000.

Linden Square Ct., 5804, No. 41-Karla Olsen to Andrea Basdekian, $535,000.

Luxberry Ct., 9, No. 4-Shulamith B. and Donald D. Weisman to Michael Anthony O’Sullivan and Janet Rae Fox, $570,000.

Monroe St., 114, No. 302-Yuri Berman to Gennadiy A. Pavlyukovets and Natallia S. Kotseneva, $235,000.

Old Georgetown Rd., 11710, No. 1226-Scott Christopher and Alina Elizabeth Hotaling to Majid Majd, $325,000.

Paulsboro Dr., 957-Heather A. Mulloy to Nurgul Gelic, $495,000.

Rolling House Rd., 11327-Ira B. Mirsky to Thomas and Ola Chen, $850,000.

Rose Ave., 930, No. 1906-Pike & Rose Condominium Inc. to Melony and Robert Muller, $479,900.

Strathmore Park Ct., 10400, No. 303-Steven D. and Laurie J. Macht to Gerard E. and Germana B. Mitchell, $800,000.

Topping Rd., 4704-Ryan M. and Angela H. Harper to Bradly M. Bauman and Kristen Elmezzi, $470,000.

Warfield Dr., 618-Kevin Frederic and Cynthia Jo Brooks to Lucy Angela Carone Elliott, $650,000.

Wickshire Way, 11020, No. A-5-Corey and Emily Baker to John Carlos Wong, $625,000.

SENECA PARK-CEDAR GROVE AREA

Amber Ridge Cir., 12031-George A. and Traci D. Crawford to Adam Shuaib and Amanda Stegmiller, $350,000.

Bent Creek Terr., 11318-Jill R. Freund to Belinda B. Nyarko, $350,000.

Owls Nest Cir., 21255, No. UN40-Seung H. and Hannah Weerae Lee to Fenton G. Dobard Jr. and Alicia R. Tellis, $355,000.

Royal Crown Dr., 12509-Brian and Irina Mitchell to Swayne J. Singh and Tigest Eyasu, $500,000.

Sojourn Ct., 21003, No. 33-Janice A. Thomas to Vernette V. Vernon, $280,000.

SILVER SPRING AREA

Cassedy St., 2737-Melinda Campos and Gloria Zagorski to Daniel J. Zarin, $627,500.

Easley St., 701-Gunnar Grodsky to Ahmed and Nihad Fawzy, $1.34 million.

Kingsbury Dr., 9105-Stanford D. Gillis to Gregory S. Avicola, $630,000.

Russell Rd., 9411-Paul Skafte to Samuel R. Gilbert and Erica E. Eisenman, $665,000.

Washington Ave., 2207, No. W-203-Amy T. and Jason R. Barnard to Beatriz Rodriguez, $280,000.

Second Ave., 8926-Tage Jacob Rainsford and Danielle Nichole Bird to Jason David Schellhardt, $735,000.

TAKOMA PARK AREA

Carroll Ave., 7342-Keith A. and Sara Mercedes Allen Sieverding to Alfred Clarence and Claire Joanna Bertrand, $715,000.

Hudson Ave., 601, No. 312-Leslie Charles and estate of Judith Ann Hobbs to Clara Ines Vargas, $175,000.

TWINBROOK AREA

Debeck Dr., 1004-Laura S. Johnson to Isabelle Raquin and Jonathan Honigman, $482,000.

Gilbert Rd., 1003-Richard and Debora Branthover to Jordan A. Stubbs and Carol Oser, $370,000.

Lemay Rd., 5935-Andrew J. Wilks and Edward H. Walker to Rajeev and Sandra Purohit, $448,402.

Rockcrest Cir., 30-Kevin William Green and Kimberly Pisabaj to Gibran Shaikh and Zuha Moin, $485,000.

WHEATON AREA

Bluff Terr., 101-Benjamin Scott Sammon to Connie Lynn Bacon and John Patrick Andrews, $535,000.

Cone Lane, 11004-Dorothy S. and John J. Crnkovic to William Henry Washington Jr. and Keshni Naicker, $400,000.

Georgia Ave., 9806, No. 22-301-John Justin Gradowski to Deborah Meetze Hinton and James Reid Rowlett, $230,000.

Hardy Ave., 2814-Andreas P. Gelner and Adrienne J. Capkovic to Endalew K. Delegassa and Eleni G. Dinkalem, $366,000.

Imperial Dr., 1702-Laura L. Letson to Matthew O. Spencer and Greta Claire Harman, $499,000.

Lamberton Dr., 800-Robert H. and Angela C. Liberman to Moshe B. and Melissa Broder, $660,000.

Lovejoy St., 11803-Yossi Alkoby and Judith Meira Gershater to Scott Weinberg and Julia Ashkanazy, $522,500.

Woodland Dr., 9900-Sara A. and Angelique J. Willis Hilbrich to Matthew G. Dean and Deborah A. Williams, $525,000.

Frederick County

These sales data recorded by the Maryland Department of Assessments and Taxation in August were provided by Black Knight Inc. For information about other residential real estate transactions, visit washingtonpost.com/homesales.

ADAMSTOWN AREA

Mount Ephraim Rd., 1888-Tom P. and Maureen T. Lapsa to Lindsay Turner Johnson, $725,000.

BRUNSWICK AREA

Crums Hollow Dr., 801-David M. Kilpatrick to Kenneth V. and Krisztina Baglyas Janosko, $413,000.

Orndorff Dr. W., 134-Kelly A. Watson Huffer to Matthew and Cheyenne Smith, $170,000.

Virginia Ave. N., 12-Jeff and Sam Edgin to Karen P. Orens, $280,000.

BUCKEYSTOWN AREA

Keller Lime Plant Rd., 6787-Charles M. and Julie N. McGuffin to Joseph Brooks Gatewood, $339,000.

BURKITTSVILLE-JEFFERSON AREA

Camden Dr., 4105-Larissa Lefebure to Joseph and Elizabeth Longo, $347,000.

Pecan Ct., 3445-Gerard J. and Shirley L. Long to Jonathan H. and Lori M. Paquin, $459,900.

EMMITSBURG AREA

Huntley Cir., 1325-Allen Ambush to Skylar D. Poole and Megan S. Degrange, $320,000.

FREDERICK CITY-ADAMSTOWN VILLAGE AREA

Avonshire Pl., 5620, No. D-Paul Werking to Lai Thang and Kippar Van, $183,000.

Black Creek Lane, 7203-Michael T. Malafarina to Rachael Hallyburton and Patrick Koogle, $278,000.

Clifton Rd. S., 6205-Eric Seth Epstein to Rusty J. and Nancy J. Mikulas, $235,000.

Duke Ct., 5184-Taruan D. and Daphne S. Matthews to Damien Lamont Ricketts, $210,000.

Essex Pl., 518-Marijka A. Grey to Mary Joe Bayley, $191,500.

Granville Ct., 6638-Mandy Schall McAteer to Jason W. Brinkley, $285,000.

Hollyberry Way, 590-Eric J. Miller to Lasker N. Ahmed, $198,000.

Jefferson Blvd., 6624-Payton M. and Bethany L. Reid to Harry Russell and Sandra Sessa Lashley, $515,000.

Killdeer Ct., 6737-Brett A. and Caitlin E. Vanorsdel to Ryan Hopkins, $245,000.

McGrath Pl., 6631-Calli Marie Rooney Lear to Nestor Arnoldo Nunez and Elizabeth A. Holden, $295,000.

Old Swimming Pool Rd., 4902-Walter L. Hepker and Rebecca G. Full to Brian P. Howie, $314,900.

Rivendell Pl., 5583-Marc Aaron and Christine Apolito to Sheila R. Bonney, $282,000.

Small Gains Way, 4949-Steven C. and Jessi D. Barmoy to Luis Banoscare, $322,000.

Sweet Bay Ct., 5775-Katherine C. Kelley to Jennifer Lynn Buckley, $209,900.

Timberwolf Dr., 1415-Linda Greenberg to Omar Adonay Mendez Carias and Tylyn A. Medrano, $368,500.

Walcott Lane, 6511, No. 102-Jaime Thompson to Darla H. Alterescu, $226,900.

Wood Duck Ct., 6770-Nathan A. and Jessica R. Vanhouten to Jianyong and Xiuqin Gao, $224,400.

FREDERICK CITY-LIBERTYTOWN AREA

Baldridge Cir., 6140-Steven B. and Kendall Klosky Tiffany to Erica F. and Anthony N. Cooke, $282,000.

Bear Den Rd., 2563-Ronald L. Mallow and Robin N. Gordon to Todd and Gail Fineberg, $389,900.

Bridgewater Ct. W., 9402-Razvan A. and Jennifer Simonica to James and Lauren Ji Kim, $409,900.

Catoctin Ave., 209-Joseph M. Shoemaker to James E. Rippeon II and Aimee Leigh Rider, $237,500.

Church St. E., 217-Katie A. Pribyl to Dianne Dain, $555,000.

Derrs Ct., 1800-Jason R. and Kathleen A. Sepanic to Michael A. and Evelyne Anzick, $380,000.

Dogwood Dr., 1604-Daniel W. Trombetta to Paul Fritz, $305,000.

Egret Way, 2625-Tracy Tucker and Kathleen Martin to Sean Gibson, $315,000.

Greenleese Dr. N., 1801-Jeffrey T. and Kari B. Enama to Zachary Alan and Courtney Marie Davis, $424,000.

Holden Rd., 832-Calatlantic Group Inc. to Joshua Adam and Sarah Anne Loftus, $497,473.

Jubal Way, 926-Phineas Cornell and Sharander Lakilia Jackson to Edmond D. Fuentes, $260,000.

Lamp Post Lane, 2213-Sean M. and Amanda M. McWilliams to Shayna L. Scott, $290,000.

McMurray St., 104-David W. and Kathryn L. Humphries to Jennifer A. Wilson and Lesley J. Vandever, $270,000.

Mill Island Pkwy., 3030, No. 310-Joseph A. Alexander to Judith Westbrook, $327,000.

Palatine Dr., 3000-Wormald Development Co. to Joan T. Reilly, $473,900.

Quay Ct., 7984-David H. Shiben to Jamaal Anwar Jones, $220,000.

Sherman Ave., 304-Tarah M. Zuniga and Edison Zuniga Sanchez to Amanda N. Barrientez, $216,000.

Springwater Ct., 6509, No. 6401-Jennifer Bolling Laggini Palmer to Annie Walker, $190,000.

Stoners Ford Way, 3025-Lorraine J. Stoltz and Marsha D. Flowers to David F. and Jeannie R. Knollman, $462,000.

Village Square Rd., 2231-Debra A. Bowman to Janet Jenkins, $333,500.

Wheyfield Dr., 1618-Michael G. and Linda J. Murray to Michelle Garrett, $286,000.

Fifth St. W., 235-Rachel E. Kavanagh to Brian Patrick Walsh, $239,000.

FREDERICK CITY-MOUNTAINDALE AREA

Andover Lane, 1636-Roberto Serpas Salmeron to Justin A. Mawdsley and Carol L. Paulson, $282,400.

Boulder Rd., 9404-Sabrina Elizabeth Smith to Ivan and Kensy M. Alvarenga, $235,000.

Buell Dr., 93-Anthony and Melinda Hite to Blyden Bonar Jr. and Nancy Kobe, $250,000.

Catoctin Ct., 2500, No. 1-2B-Timothy L. and Terri J. Cannon to Chengkai Dai and Yishu He, $170,000.

Coach House Way, 2508, No. 1C-Chris A. Turner and estate of Barbara A. Salt to Karen M. Cappolella, $185,000.

Dominion Dr., 2406, No. 2C-Daniel L. and Tama R. Plombon to Patricia A. Lawton, $176,500.

Ellsworth Way, 2408, No. 2A-Frank E. Warner to Amy Haggerty, $164,000.

Fox Hunt Lane, 8223-Thomas E. and Kathleen E. Igo to David Michael and Joli Naomi Chism, $441,500.

Heather Ridge Dr., 416-Wayne Deyton to Joseph S. and Gillian A. Kulina, $125,000.

Jordan Valley Way, 8329-Richard W. and Linda S. Revolinsky to Edwin and Jackeline Cartagena, $470,000.

Livingstone Terr., 9-Amanda M. and Joyce A. Zimmerman to Kenyan L. Summers, $219,900.

Millstream Dr., 1844-Embrace Home Loans Inc. to Jasbir Singh Matharu, $205,000.

Runny Ct., 7002-Anthony S. and Jennifer J. Kokoskie to David W. and Kathryn L. Humphries, $340,000.

Shelley Cir., 2508, No. 8-Mark and David Degirolamo to Elinor J. Rouff, $189,000.

Timber View Ct., 244-L&A Holdings Corp. to Kyle L. Georgius and Lauren N. Hicks, $280,000.

Wilcox Valley Dr., 2053-Tiffany A. Glover and Tracy A. White to Michael R. and Ruthann McFadden, $409,000.

GARFIELD AREA

Loy Wolfe Rd., 13500-Richard M. Pryor to Trystin R. and David H. Alexander, $450,000.

IJAMSVILLE AREA

Melbourne Pl., 7503-Paul D. and Susan L. Manny to Michael A. Chlebda, $565,000.

Shel Mar Dr., 1907-Barry Edwin and Sharon Joy Wagman to Jose M. Cambron Espino, $510,000.

LIBERTYTOWN AREA

Liberty Rd., 11920, No. 204A-Richard Lee and Heather L. Rippeon to Brittney Nicole Rowse, $126,000.

MIDDLETOWN AREA

Boileau Ct., 3-Gary and Sharon Diane Gregoire to Connor R. and Brenda L. Smith, $225,000.

Feldspar Rd., 4630-Brian T. and Lisa A. Edwards to Jason Robert and Allison Jacob Jachowski, $480,000.

Myersville Rd., 8620-Arthur D. Tringali to Jason B. and Patricia M. Leffson Nalley, $355,000.

Springbrook Ct. E., 7311-David T. and Mary E. Sweeney to Anita L. Bright, $192,296.

MULLINIX AREA

Autumn Ridge Ct., 902-Robert H. and Terri L. King to John F. and Jessica E. Fisher, $452,500.

Foggy Bottom Ct., 13887-Delores A. and Theodore L. Schwartzbeck to Virginia Elizabeth and James Arthur Lagger, $442,000.

Mitchell Ct., 13904-Luke Tanner and Beth Mitchell to William J. and Jessica M. Walker, $648,000.

Streamview Ct., 6204-John and Barbara McIntee to Steve Kelbaugh and Suzanne Shipley, $499,900.

MYERSVILLE AREA

Hunters Knl., 1007-Jay Eric Rhoderick to Jeffrey and Lisa K. Gottlieb, $610,000.

NEW MARKET-LAKE LINGANORE AREA

Beach Dr. E., 6617-Daniel B. and Kellie C. Ganoung to Charles J. Franco Jr. and Leslie Wang, $255,000.

Country Club Rd., 11233-Gary and Sharon Witt to Anthony Paul and Stefanie E. Lavin, $455,000.

Fox Chase Rd., 6925-Raymond J. and Cynthia A. Geraghty to Matthew and Shanna Bahen, $400,000.

Isaac Russell St., 534-New Market Residential Corp. and Oak Hill Properties Corp. to Sean A. and Kristen L. Chaffman, $520,000.

Meadowlake Rd., 6933-Lisa Hamlin and Brian St. John to Andrew Spangler and Jennifer Hake, $495,000.

Richard Roberts St., 400-New Market Residential Corp. and Oak Hill Properties Corp. to Nila Via, $520,000.

Shalom Ct., 10003-MS Aspen North Corp. to Brad Michael and Courtney Renee Bahr, $500,990.

NEW WINDSOR AREA

Wildrose Ct., 15610-Timothy L. and Deborah A. McQuay to Kenneth Eugene and Elizabeth Ann Lamb, $347,500.

ROCKY RIDGE-CREAGERSTOWN AREA

Motters Station Rd., 14619-Bernard J. and Dawn Marie Hobbs to Zachery Bryan Fritz and Heather Michalena Pozzouli, $269,000.

THURMONT AREA

Moser Cir., 224-William D. Shadle and Brooke N. Hildebrand to Minerva Carrasquillo and Alex Vazquez, $196,000.

Stoney Mine Ct., 3-Corey A. Totten to James R. McGrady, $299,900.

Utica Ct., 10849-Thomas J. Ledwell to Brandon M. Smith and Ashley A. Brown, $475,000.

URBANA AREA

Bartonsville Rd., 5817-Landmark Investment Properties Corp. to Michael Kevin Walsh and Sheryl Anderson Fast, $285,000.

Belvedere Dr., 9099-Wilmington and Lehman XS Trust to Naseer Nayeem and Huma Hakim, $565,950.

Buckeystown Pike, 4310-Jonathan M. and Elisabeth C. Clinton to Leslie Curtis and Mitchell R. Poe, $500,000.

Dunraven St., 9443-Greg A. and Elizabeth G. Warner to Dale Anthony and Linda Marie Urlacher, $400,000.

Hawk Ridge Rd., 5518-MS Gladhill Farm Corp. to John Austen and Corinne M. Carter, $484,960.

Kenway Lane, 9148-Damian and Eboni Williams to Adrian A. Dragulescu and Christina Masterman, $420,000.

Pine Bluff Rd., 8415-MS Gladhill Farm Corp. to Thomas D. and Eileen M. Lantzas, $470,000.

Singleton Terr., 3717-Mihallaq and Brunilda Dhima to Melissa C. Altieri and Patrick J. Wenzler, $370,000.

Urbana Pike., 3625-Robin Michael and Christine Rochelle Reeder to Shuang Guan, $350,000.

Wyndham Dr., 9752-William M. and Tina J. Cullum to Shawn I. and Juliet D. Hossain, $589,900.

WALKERSVILLE AREA

Discovery Blvd., 8526-Healthy Homes Corp. to Stephen J. Green and Janet L. Brumer, $195,000.

Old Island Ct., 202-James F. and Shelly L. Mullen to Sabrina E. Smith, $447,000.

WOODSBORO AREA

Coppermine Rd., 11207-Bradley W. and Amber L. Seiss to Anthony and Charlene Bishop, $615,000.",There is no dog jumping at a shiny blue soccer ball in a field of dry leaves
test,all,220,220,0.5936666131019592,15,"tenet has been under scrutiny since november , when former chief executive jeffrey barbakow said the company used aggressive pricing to trigger higher payments for the sickest medicare patients .",a dog standing on a beach with a ball nearby .
test,all,223,223,0.5952275991439819,12,“ : secret service dog falls to its death ” 😢 🐶,i have the same situation and have traveled extensively .
test,all,224,224,0.5957463383674622,8,what makes india vote ? jaipur lit fest debates,There are no people driving ATVs
test,all,225,226,0.5967883467674255,11,sunday times journalist marie colvin killed in syria,a dog is riding a skateboard .
test,all,226,227,0.5973070859909058,9,two brown dogs runs through the water .,There is no man speaking on a podium
test,all,227,228,0.5978258848190308,16,make a certain size or sort according to size,A young child is running down a gravel road that is covered with dead leaves
test,all,228,229,0.5983471870422363,10,A dog is fetching a stick out of very dirty water,i am ok with medical use !
test,all,231,232,0.599906861782074,41,a small white and brown dog is jumping over a horizontal pole .,the united states and other nato members have refused to ratify the amended version until russia withdraws troops from former soviet republics moldova and georgia .
test,all,233,234,0.6009458899497986,13,if the other bulb is no longer contained in a closed path with the battery,a man is making a speech at the podium .
test,all,236,237,0.6025059819221497,13,what more can i do to improve my credit score ?,A black dog fighting with a brown dog in the snow.
test,all,237,238,0.6030265092849731,9,A black and white cat is high up on tree branches.,rot ; become unfit for consumption
test,all,239,240,0.6040648221969604,9,a group of boys are playing soccer on the beach .,A hamster is eating some seeds.
test,all,240,241,0.6045852899551392,16,synthax _ terror 2 : : more than 800 nyc rape cases to be reviewed for forensic mistakes,The football is between the feet of a boy who is lying on the grass
test,all,241,242,0.6051056385040283,13,Two men in business dress are standing by the side of a road.,The woman is drinking lemonade and watching T.V.
test,all,243,244,0.6061468124389648,9,cause to vibrate in a definite pattern .,There is no brown dog standing in the water
test,all,246,247,0.6077046990394592,37,There is no girl brushing her hair,"pratt & whitney had said that 75 per cent of the engine equipment would be outsourced to europe , with final assembly in germany ."
test,all,248,249,0.6087448596954346,11,The little boy swung at the golf ball.,black and white cow standing near pile of snow .
test,all,249,250,0.6092644333839417,15,A baby elephant is not eating a small tree,djokovic : 3 aussie wins in a row
test,all,250,251,0.609784722328186,15,The companies said Idec holders would own about 50.5 percent of the stock of the combined company.,A man with a backwards hat is sitting on the ground
test,all,253,254,0.6113450527191162,12,switch z is closed so it still creates a complete path to the battery,A man is enjoying watching three asian children dance.
test,all,254,255,0.6118640899658203,8,serve as a reason or cause or justification of .,eurozone jobless hits fresh record high
test,all,256,257,0.6129058003425598,13,black and white cow standing near pile of snow .,what more can i do to improve my credit score ?
test,all,258,259,0.6139448881149292,8,cause to be in brief contact with .,The girl is trotting on the horse
test,all,259,260,0.6144641041755676,8,A child is not playing slip and slide in the grass,A woman is being measured by another woman
test,all,260,261,0.6149839162826538,9,"reimburse or compensate ( someone ) , as for a loss .",There is no man speaking on a podium
test,all,261,262,0.6155045628547668,13,A dark black dog and a light brown dog are fighting in the backyard,it was first used in the smart information retrieval system .
test,all,262,263,0.6160241961479187,9,a mostly black train on a track .,this further aggravated the situation .
test,all,265,266,0.6175841093063354,15,"dynamic programming is a very powerful mathematical technique , often utilised in programming , for solving optimization problems .",the switch has to be within a closed path with the bulb and battery
test,all,266,267,0.6181038618087769,13,two girls are walking by a tree in front of a brick building .,colorado shooting suspect was under psychiatrist 's care
test,all,268,269,0.6191434860229492,9,this further aggravated the situation .,the man is going into the water .
test,all,271,272,0.620703399181366,11,The man is pouring some oil on the tomatoes,no one appears to have posted about this yet .
test,all,274,275,0.6222636699676514,12,a man and a woman in glasses blow bubbles .,the man is feeding a mouse to the snake .
test,all,276,277,0.6233031749725342,15,a man is climbing a wall .,bulb b and c are on a closed path to the battery
test,all,277,278,0.6238232851028442,17,twelve killed as gunmen raid village,The man in blue is posing for a picture next to a car
test,all,281,282,0.6259031295776367,30,A woman is standing and isn't looking at the waterfall,"the men had pakistani passports and reportedly were seen together at the airport earlier in the evening , law enforcement sources said ."
test,all,284,285,0.6274629831314087,24,There is no girl in pink twirling a ribbon,i would recommend asking questions in a way that doesn 't require a yes or no answer .
test,all,288,289,0.629542350769043,38,afghan parliament votes to oust key ministers,parent is defined as a point of origin . i 'm not done being the best parent i can be for ben . not by a very long measure
test,all,289,290,0.6300629377365112,13,beat severely with a whip or rod .,a dog bounces on a trampoline .
test,all,291,292,0.6311020255088806,15,A man is peeling a potato.,( medicine ) the capacity of an organism to defend against disease .
test,all,293,294,0.6321420669555664,32,"write as if with print , not in cursive","Two more died later, and initial autopsy reports show they succumbed to dehydration, hypothermia and suffocation."
test,all,297,298,0.6342218518257141,9,"the note 's must-reads for monday , november 25 , 2013",Several swimmers jump into the water.
test,all,304,305,0.6378613114356995,12,guatemala 's former leader found guilty of genocide,dining room with wooden dining table set with playmates .
test,all,305,306,0.6383813619613647,13,fire at south korean bus terminal kills 5,two black dogs are playing in a grassy plain .
test,all,308,309,0.6399410963058472,18,idolize / show devotion to,dealbook : british retailer hmv enters equivalent of bankruptcy
test,all,310,311,0.6409810781478882,10,really ? man says he 's ' certain ' where hoffa is buried,plane in mid-flight at sunset .
test,all,311,312,0.6415008306503296,8,bairstow hits ton in india tour match,The girl is trotting on the horse
test,all,312,313,0.6420207023620605,19,An animal is being ridden by a woman,"impose , involve , or imply as a necessary accompaniment or result ."
test,all,313,314,0.6425405740737915,10,The woman isn't stirring eggs in a bowl,A young boy has a red fishing pole.
test,all,315,316,0.6435806155204773,17,Three men are sitting on a mountainside and looking at the view with a pair of binoculars,they would give the right to divorce the husbands who would have abandoned them ?
test,all,318,319,0.645140528678894,16,a man playing the guitar .,A woman is scrubbing a zucchini with a brush for vegetables
test,all,321,322,0.6467000842094421,6,a person is out in the water at the beach while the sun sets .,Two men are playing table tennis
test,all,323,324,0.6477398872375488,13,A guy is leaping into the air in a wooded area,I guess it depends on what you're going to do.
test,all,324,325,0.648260235786438,23,a skier stands on his hands in the snow in front of a movie camera .,about 31 percent of americans are now obese — roughly 30 or more pounds over a healthy weight .
test,all,325,326,0.6487800478935242,7,move about in a confused manner .,A man is shooting a weapon
test,all,327,328,0.6498199105262756,17,black dog chasing brown dog through snow,if the other bulb is no longer contained in a closed path with the battery
test,all,328,329,0.6503399610519409,13,"i don 't know how legitimate this is , but i heard he 's kind of suicidal .",a black and white cat lying on a blanket .
test,all,329,330,0.6508598327636719,12,south african icon nelson mandela hospitalized,The girl isn't jumping onto the car recklessly
test,all,331,332,0.651898980140686,13,a man and his bicycle laying down on the green grass .,"A girl in water, with goggles and swimming cap."
test,all,334,335,0.6534595489501953,14,a group of boys are playing soccer on the beach .,jordan elected to take saudi seat on un security council
test,all,335,336,0.6539791822433472,10,knox county health department is following national centers for disease control and prevention protocol to contain infection .,A person is stirring vegetables in a pot.
test,all,336,337,0.6544990539550781,11,Two people in two chairs are reading pleasantly,A person is slicing a potato.
test,all,341,342,0.6570988297462463,6,"talk or behave amorously , without serious intentions .",your top 10 flu questions answered
test,all,346,347,0.6596986651420593,9,A dog with a ball is being chased in the grass,A person is spreading butter on a tray
test,all,348,349,0.6607383489608765,9,A potato is being peeled by a woman,The person isn't practicing the guitar
test,all,350,351,0.6617779731750488,11,A small child in a pink sweater is climbing a concrete staircase,Group of people sitting around a restaurant dining table.
test,all,351,352,0.6622982025146484,41,create an electrical short in something .,the united states and other nato members have refused to ratify the amended version until russia withdraws troops from former soviet republics moldova and georgia .
test,all,353,354,0.6633380651473999,10,female film directors slowly gain ground,The bride and the groom are arriving after the wedding
test,all,354,355,0.6638579368591309,8,female film directors slowly gain ground,A woman is dancing near a fireplace
test,all,356,357,0.6648979187011719,18,here is an interesting article on wikipedia to give overview of pressure related injuries .,"trade : pakistan , india agree to take it a step ahead"
test,all,359,360,0.6664578914642334,9,south african icon nelson mandela hospitalized,A dog is missing the ball in mid air
test,all,360,361,0.6669773459434509,6,bulb c and switch z are in the same closed path,state or say further ;
test,all,362,363,0.6680173277854919,13,extend out or project in space .,colorado shooting suspect was under psychiatrist 's care
test,all,363,364,0.6685372591018677,15,Morsi supporters protest in Egypt,a black dog fighting with a brown dog in the snow .
test,all,365,366,0.6695767641067505,15,a white jeep parked on a street .,cctv of gunmen in tunisia museum attack
test,all,366,367,0.6700972318649292,29,create and charge with a task or function .,"The technology-laced Nasdaq Composite Index .IXIC shed 15 points, or 0.98 percent, to 1,492."
test,all,367,368,0.6706173419952393,22,Europe floods continue to create havoc,have a complexion with a strong bright color ; reflect emotion via one 's complexion .
test,all,368,369,0.6711368560791016,15,black dog chasing brown dog through snow,cause to move with a flick or as if with a flick
test,all,369,370,0.6716570854187012,10,A man plays a guitar.,A group of people are dancing in a show
test,all,373,374,0.6737366914749146,12,it has the effect of augmenting the potency of the big countries to the detriment of babies .,pussy riot verdict greeted with defiance
test,all,374,375,0.6742566823959351,33,A man is performing a trick on a bike,cubs outfielder sammy sosa was suspended for eight games by major league baseball friday for using a corked bat .
test,all,375,377,0.6752965450286865,9,fire at south korean bus terminal kills 5,A person is spreading butter on a tray
test,all,376,378,0.6758161187171936,35,The man in a grey t-shirt is sitting on a rock in front of the waterfall,"Taylor's aides warn an abrupt departure could trigger more chaos, a view shared by many in Liberia and, in private, even by mediators."
test,all,379,381,0.677375853061676,16,russia gives initial ok to american adoption ban,freeman said not having a driver license has been a burden .
test,all,380,382,0.6778966188430786,10,A man is talking to a woman,the entrusted muslim brotherhood
test,all,381,383,0.6784162521362305,17,algerian president in france for medical tests,they would give the right to divorce the husbands who would have abandoned them ?
test,all,385,387,0.6804956197738647,11,fire at south korean bus terminal kills 5,home office space with bright green walls and artwork .
test,all,387,389,0.681535542011261,19,a long train is on train tracks .,obama praises u.s.-latin america trade ties
test,all,389,391,0.6825753450393677,13,“ : secret service dog falls to its death ” 😢 🐶,bulb a was still in a closed path with the battery
test,all,391,393,0.6836152076721191,14,"north american markets grabbed early gains monday morning , as earnings season begins to slow and economic indicators take the spotlight .",the texas congressional delegation now is 17-15 democratic .
test,all,393,395,0.6846550703048706,11,gap between 3 and positive battery,a domestic animal stands in a pen .
test,all,394,396,0.6851751804351807,14,"Emory Lane, 16650-Patsy C. Herold to Julia Hernandez, $459,900.

Hornbeam Dr., 4712-Clinton D. and Shenita Y. White to Stephen J. Tapparo and Luz M. Redondo, $685,000.

Morgal St., 4410-Jeremy A. Schiffer and Rachel Werner to Daniel F. Rogers and Jennifer L. Gordon, $470,000.

AD

Veirs Mill Rd., 12732, No. 1-101-Steven W. Watts and estate of Bradley Nolan Watts to Janys A. Cabrera Diaz, $190,000.

BETHESDA AREA

Alta Vista Rd., 5511-Ihor G. and Catherine Murashchyk to Marco and Carolyn Macchiavelli, $707,500.

AD

Arrowood Rd., 7205-MSM Design Build Corp. to David Arash and Beth Javdan, $5.97 million.

Bells Mill Rd., 6400-Ivan S. Dimitrov and James Norris Platt to Molly A. Herrera and Juan C. Herrera Trejo, $656,000.

Brixton Lane, 9903-Jeffrey M. and Sheryl E. Prieto to Gabriel I. Parra and Natalia Gudino, $745,000.

Burdette Rd., 8300, No. 502-Donna G. Smith and estate of Charles H. Goldberg to Kenneth H., Francine and Richard Shure, $680,000.

AD

Buttermere Lane, 6707-Irma Lee Westrell to Peter Glaser, $630,000.

Exeter Rd., 7515-Barry L. and Sigrun F. Haase to Carlton Ervin, $3.5 million.

Harling Lane, 4517-Anthony B. and Frank Crisafulli to Carlyle P. Thorsen, $889,000.

Inglemere Dr., 9819-Masha Kruskal to Earle and Cynthia Ingalls, $830,000.

Maple Ave., 4600-Richard Allen Lingle to Nathan K. Redmann and Bianca Elizabeth Bersani, $1.2 million.

AD

McLean Dr., 5605-Mid-Atlantic Custom Builders Corp. to Edward and Lerna Chaglassian, $2.33 million.

Millwood Rd., 7208-Richard Coghlan and Sang Me Lee to Roman and Katja Elisabeth Heini, $2.65 million.

Pelham Rd., 8507-George L. Richardson and Beatriz M. Romero Junquera to Huanhuan Deng and Bing Qi, $1.48 million.

AD

Rannoch Rd., 6800-John L. Stodola to Katherine E. Pappas and Craig D. Goldstein, $1.3 million.

Sentinel Dr., 4970, No. 11-204-Kerry Lynn Edwards to Rae B. Wine, $564,000.

Still Spring Ct., 8300-Eric Paul Hanson and Celia Noemi Cruz to Daniel P. Simon and Lisa Marie Yanni, $925,000.

Vendome Dr., 9232-John D. Gordon and H. Allison Smith to Brian S. Gold, $1.44 million.

Walton Rd., 5816-Natalie A. Albina to Stephen T. Power and Claudia A. Laguzzi, $1.58 million.

Whitley Park Terr., 5450, No. 305-Cheryl L. Maltz and estate of Adrienne K. Maltz to Mohanlal, Panna and Dipti Mistry, $389,250.

AD

Winterberry Ct., 5-Guillermo Jose Aviles Mendoza and Juliana Kruse De Andrade Maia to Maria L. Bruno Ruiz and Daniel F.B. Ruiz, $852,500.

AD

BOYDS AREA

Conrad Spring Rd., 15432-Rosemarie Borisow to James P. and Natacha C. Walsh, $765,000.

Shiloh Church Rd., 23210-Joe D. and Mary V. Pace to Sam and Rima Abuobaid, $925,000.

BROOKEVILLE AREA

Briars Rd., 3422-Mark B. and Gail A. Gunod Green to Maura Burns and James Landers Sullivan, $519,500.

Honeystone Way, 2302-Peter and Christina Donath to Vincent and Nicole T. Walker, $725,000.

Saint George Way, 2515-Laura Kane and estate of Richard V. Fazio to Michael and Yelena C. Roshal, $727,000.

BURTONSVILLE AREA

Aldora Cir., 14119-Gary W. and Wendy Ann Whichard to Emmerson Nelson, $285,000.

Bentley Park Dr., 14517-Daniel and Laura Davis to Tariq Shahzad and Humera Tariq, $660,000.

AD

AD

Regalwood Terr., 4313-Gordon H. Fry to Nina M. Keach and Lou Deutschman, $300,000.

Sorrento Ct., 14502-Tokozile and Rodwell Dlodlo to Akossiwa E. Atohoun, $290,000.

CALVERTON-COLESVILLE AREA

English Turn Dr., 13015-Itea Investments Corp. to Meseret Ibsa, $750,000.

Lillian Lane, 111-Carol Delaney and Patrick J. Doyle to Mamoon Osman Hassan Saeed, $470,000.

Peaceful Lane, 1415-Reginald L. Penny to Antoine D. Poole II and Marielys Montero, $435,000.

Staley Manor Dr., 1743-Sarah M. Pevey to Harris Iqbal and Victoria Audrey Prevette, $310,000.

Woodlake Dr., 3552, No. 19-Tara M. Royster to Titilayo O. Adigun, $365,000.

CHEVY CHASE AREA

Clifford Ave., 8804-Nancy B. and Condit N. Eddy to Patricia M. Diaz and Marcelino N. Andrade, $730,000.

AD

Falstone Ave., 4723-Brandon H. and Anna J. Lee to Helene Safire, $1.25 million.

AD

Inverness Dr., 3601-David J. Chorzempa to Brian P. and Cathleen D. Ciampa, $1.2 million.

Levelle Dr., 9211-Steven D. and Kimberley C. Pearson to Rebecca S. and Daniel L. Weaver, $1.31 million.

Wisconsin Ave., 5600, No. 1407-Terry Holtzman and estate of Mary Holtzman to Joseph E. Schwartz and Anne Weiss, $1.32 million.

Wyndale Lane, 7404-Joy M. Leong to Robert A. Vricella, $975,000.

CLARKSBURG AREA

Basswood Hill Dr., 23114-Sun Kyung Yu to Mouhamed and Fatou Dioum, $430,400.

Ebenezer Chapel Dr., 13070-Third Try Corp. to Manoj Maheshwari and Nitu Pasari, $515,000.

Pond Pine Dr., 12109-Rui P. and Jessica Torres to Yong Guo and Shangwei Liu, $435,000.

AD

Winding Woods Way, 22002-Clarksburg Village Corp. to Jeffrey Glenn and Venita Yvette Scott, $601,395.

CLOVERLY-EDNOR AREA

Cantrell Rd., 14400-Musawwir A. and Tasnuva Khan to Luis M. and Edgar C. Loayas Aguilar, $550,000.

AD

Redgate Ct., 2-Roger M. Brown and Karen Jayne Doswell to Deborah Y. Clark, $706,000.

DAMASCUS AREA

Biscayne Lane, 9904-Lawrence and Lindsay Haley to Jason and Amanda Oakes, $395,000.

Canvasback Way, 9958-Jessica M. McLaughlin and Mark R. Nettling to Yamila Medina, $249,000.

Middleboro Dr., 10812-Susan M. Hensley to Junmin and Xiaoxiang Zhang, $550,000.

Valley Park Terr., 25732, No. H-2-Jesus Arturo Parrau and Nicole Jennifer Hartwick to Caitlin Ann Caffrey, $259,000.

AD

DERWOOD AREA

Cliffbourne Lane, 17817-Estate of Joan B. Carpenter to Kyle M. and Lynn E. Erickson, $515,000.

Granby Rd., 6108-Florence M. Hallman and Patricia L. Boyer to Sonia Mundle Smith, $685,000.

Nutwood Ct., 7609-Alan J. Diamond and Carol Janus to Laddawan Thirachawalit, $375,000.

Wheat Fall Dr., 17521-John C. Vergelli and estate of Kathleen Ann Vergelli to Luis F. Retana and Betsy N. Lopez, $450,000.

AD

FOUR CORNERS-BURNT MILLS AREA

Brewster Ct., 314-Andrew J. and Kristin A. Schrader to Cheryl Ann Hurwitz, $653,000.

Dryden St., 1107-Laurie A. Yengo to Jodi Ilene Charles, $500,000.

Glenwild Rd., 10615-Arceli Bacsinila to Ashley Nicole Macon and Shauna Natasha Davis, $482,500.

Lowander Lane, 813-U.S. Bank and Legacy Mortgage Asset Trust to Yonas Nigatu Gurach, $440,000.

Saybrook Ave., 9308-Laverne H. Havelka to Deanna L. Wright, $504,000.

Sutherland Rd., 10003-Jared E. and Jennifer L. Gigliotti to Robert H. and Ashley S. Burch, $615,000.

GAITHERSBURG AREA

Barn Swallow Terr., 18728-Matthew and Shanna Bahen to James Michael Whalen, $276,000.

Fertile Meadow Ct., 18023-Rajeev and Gunjan Jain to Maryonne A.C. Snow Smith, $350,000.

Grosbeak Terr., 18632-Brian Williams to Dalicia Ashley Eschoe, $295,000.

Hummingbird Terr., 9235-JLG Investments Corp. to Marc D. and Brandon Riley Goldstein, $325,000.

AD

Lindstrom Ct., 17615-Alan R. and Jan Briddell Stevens to Jaime Romeo Valiente Gallegos and Ruth Fransoli Valiente, $325,000.

Pearlbush Dr., 7900, No. 302-Edward J. Maynes to Christine R. Kim and Ricky M. Zatz, $129,999.

Tulip Dr., 110-Ashley J. White and Christopher A. Sibrizzi to Aaron K. and Anna K. Serrano, $400,000.

GAITHERSBURG-NORTH POTOMAC AREA

Apple Blossom Way, 112-Wen I. Wear and Jack Pai Young Liu to Kannan Chinnasamy and Harita Kannan, $610,000.

Boat House Ct., 14-Qisheng Li and Jinwen Chen to Dun Liang and Sutan Wu, $771,000.

Chestertown St., 122-Scott V. and Sharon L. Nystrom to Andrew and Jaclyn Nicoletta, $882,500.

Clover Knoll Rd., 11925-Inge J. Caldwell to Eric Endicott and Heather Leeper, $515,000.

Curry Ford Lane, 208-Suntrust Bank to Francis Aning Boddom, $320,000.

Diamondback Dr., 506, No. 241-C.F. Sept Owner Corp. to Lok Wong Samson, $489,900.

Fenceline Dr., 12-Maureen Q. Ponce to Umesh J. Rajani and Purvi R. Desai, $380,000.

Helene St., 535-Blake E. and Ilene H. Godsey to Gary M. and Judith Lynn Katz, $809,900.

Kimberly Ct. W., 785-Perfect Homes Corp. to Summer G. Martinez and Daniel Francis Cumberland Jr., $535,000.

Linslade St., 724-Verna W. and Jerry C. Van Wert Jr. to Christopher Michael and Courtney B.K. Knaus, $800,000.

Orchard Hills Dr., 111-Mark A. and Joanna Green to Ebrahim Rajabtabar Darvish and Hanieh Ataei, $550,000.

Phelps St., 477-Rajesh Kumar and Anju Goel to Yang Liu and Yu Zhang, $624,000.

Quince Orchard Blvd., 882, No. 202-Xiaoyou Chen to Anisur Rahman Palash and Afia A. Jahan, $115,000.

Sylvan Glade Dr., 14440-Drew Evan and Ryann Leslie Morris to Shafiul and Mahabuba Alam Elahee, $1 million.

Water Oak Dr., 15105-Jai Raj Narain and Tara B. Rajan to Chawan Elliot Barnes and Sadaf Afkhami, $620,000.

GERMANTOWN AREA

Ambassador Dr., 13600-Hao Ping Chai to Hwei Chun Chou, $259,900.

Chalet Dr., 18140, No. 7-101-Hsiu Ling Hsu to Annette Richards, $178,000.

Dairymaid Dr., 13139, No. 103-Fang Xu to Bowen Yang, $155,000.

Esmond Ct., 27-Joseph Beall and Paul Yanoshik to Eric Robert and Keke Schuler, $308,900.

Lake Park Dr., 19918, No. 922-Sandra and Maria Pazmino to Augustina Boamah and Kwame Konadu, $310,000.

Lowfield Terr., 13413-Jasbir and Piari Singh to Mario and Janeth Andino, $345,000.

Martins Landing Dr., 18700-Stephen P. Macloud to Michael L. Tash, $284,500.

Moonwalk Ct., 18910-Chad and Amanda Berkhammer to Vitaly Avilov and Qi Zeng, $564,900.

Rayfield Dr., 19425-Juan A. and Isabel Galvez Salgado to Scott and Mignonette Petersen, $401,000.

Shipley Terr., 20209, No. 1-B-201-Hector A. and Jose Omar Andino Rivera to Hector Hermando Neira Herrera and Graciela Q. Neira, $180,000.

Summer Oak Dr., 11527-Mark M. and Megan A. Jackowski to Timothy R. and Alena Lynn Carter, $305,000.

Warrior Brook Dr., 19141-Zhengliang Bu and Lanlan Zhang to Robert Eugene and Danielle Ross Franklin, $409,900.

Winding Creek Way, 12041-Francoise A. Andre and Apostol T. Vassilev to Jibran Misbah and Farah Reyaz, $322,000.

KENSINGTON AREA

Brunswick Ave., 10700-Roy E. and Herlyth B. Clark to Thomas G. and Madison Dickinson Hendren, $550,000.

Flanders Ave., 5307-Silviu C. and Leana Cretu to Steven H. Ngo, $650,000.

Midvale Rd., 11120-Jerome Rossignuolo and Chu Chu Lan to Timothy Jerome White Jr. and Ghazal Parsa, $769,000.

Saul Rd., 4501-Jonathan George Mathis to Rosita Alyssa Baua Hermann, $699,000.

LAYTONSVILLE AREA

Flamingo Terr., 24340-James P. and Natacha C. Walsh to William Marshall Lee and Casey Christine Robertson, $380,000.

Lochaven Ct., 20924-Donna M. Marino to Michael Anthony and Leslie Susan Gladu, $625,000.

Watkins Rd., 9631-Suzanne and Donald L. Diddle to Scott D. Parello, $480,000.

Woodfield School Rd., 25130-Joseph Allen and Cheryl Peters Wyatt to Patricia and Terry Nichols, $635,000.

MONTGOMERY VILLAGE AREA

Brassie Way, 9620-Shannon Frye Robb to Richard Pineda and Alicia D. Valle Toledo, $199,900.

Copps Hill Pl., 18124-Fabiana I. and Ismelda Gaona to Marco Antonio Uceda Juica, $225,000.

Hellingly Pl., 9728, No. 203-Anthony Malek to Nicolaas Johannes Van Staden, $114,000.

Mills Choice Rd., 19023, No. 4-James I. and Tuanhwa H. Cheng to Leo Stanley and Konika A. Rodriguese, $130,000.

Ravenglass Way, 8732-Patricia M. Benjamin to Nicolas E. Quinones, $195,000.

Sterncroft Ct., 20504-Jesus Huaman and Frida Mojonero to Ketty E. Peraza and Cristofer Adalverto Gonzalez, $238,500.

Transhire Rd., 19551-John Charles Marshall to Laurel Foster, $240,000.

NEW HAMPSHIRE ESTATES-HILLANDALE AREA

Hedin Dr., 9809-Clifford H. and Sandra Ivery to Saleela and Shailesh Kumar Sharma, $416,500.

NORBECK-LAYHILL AREA

Bel Pre Rd., 3750, No. 11-Andrew and Paulette M. Ladas to Marcos R. Tamayo Olivier and Carla A. Luis, $92,500.

Camellia Dr., 12813-Gary and Elizabeth M. Gilliam to Erica S. St. Louis and Herbert Russell Frisby III, $475,000.

Edelmar Terr., 3612, No. 127-A-Woodrow W. Hancock Jr. to Alice C. McGurty, $241,500.

Greenery Lane, 2308, No. 302-13-Federal National Mortgage Association and BWW Law Group Corp. to Rasheda Akter and Nazifa Tazrian Munia, $189,900.

Innsbruck Ct., 14420, No. 3-AB-Steve J. Chaney to Francisco N. Hernandez Savinon, $185,000.

Interlachen Dr., 15101, No. 1-414-Estate of Barry Friedberg to Ann M. McDowell, $280,000.

Island Creek Ct., 3423, No. 132-A-Robert S. and Emilene Werner to Katherine L. and Thomas G. Bugenhagen, $468,000.

Leisure World Blvd. N., 3200, No. 619-Cindy Ann Gilman and estate of Freeda S. Wolf to Gail Roe, $404,000.

Leisure World Blvd. N., 3330, No. 5-915-Roger D. Feldman and estate of Gertrude Coburn Feldman to Val S. and Judith Sasmore, $152,500.

Ludham Dr., 3209, No. 193-A-Edward A. Perron to Sherry Lynne Stargel, $315,000.

Nordic Hill Cir., 1651-Kenneth Cutler and Wioleta Laska to Eugenio J. Aleman and Maria C. Vassallo, $494,000.

Redspire Dr., 13302-Dale and Lilyan Kang to Hoang M. Nguyen and Mai X. Huynh, $825,000.

Weller Rd., 2604-Luciano and Lidia DiFranco to Tena Gebretsadik and Hana Wondimu, $450,000.

OLNEY AREA

Buehler Rd., 17816, No. 1-B-2-Luis Anthony Jaramillo to Peter J. and Joseph Toller Leicht, $125,000.

Gelding Lane, 3811-Michelle R. Cascio to Paulina M. Kozorosky, $373,000.

Overwood Dr., 17804-Maurice L. Vekeman Jr. to Nicholas Domenico Richards and Jennifer Steiger, $472,500.

Shadowridge Terr., 18606-Cynthia L. Dunn to Seble Abebe and Mulugeta T. Fisseha, $421,000.

POOLESVILLE AREA

Hughes Rd., 17300-Jeffrey Dayton and estate of Leona J. Nelson to Jesse Ryan and Jennifer Loznak, $443,500.

Spurrier Ave., 19812-Randolph C. and Nancy L. Halphen to Stephen and Angela Amanda Trice, $430,000.

POTOMAC AREA

Bartonshire Way, 1294-Donna R. Foley to Laurence Wade and Sarah Maria Tivnan, $710,000.

Betteker Lane, 9905-Patrick D. and Mariella V. Young to Yan Zhang, $680,000.

Brushwood Way, 13149-Jennifer M. Whitlow to Jeffrey T. and Michele Molyn Napoliello, $1.73 million.

Cambridge Manor Ct., 9237-Kathleen J.S. and Stevan A. Varga to Sean Wesley Hiapo and Jill Renee Olson, $1.82 million.

Conestoga Way, 9708-RBL Ventures Corp. to Kevin Kyuhong and Yoojin Choi, $930,000.

Democracy Blvd., 10240-Barbara and Gerard P. Champaloux to Ejike Asiegbunam, $1.8 million.

Fallsmead Way, 1203-Wai Keen Chung and Junqing Liu to Colter Thomas and Alana Wase Bell, $753,000.

Inverness Ridge Rd., 8145-Donna F. Panagos to Xun Sun and Linnu Cao, $560,000.

Lloyd Rd., 10325-Mark B. and Donna Tasso Johnson to John K. Wilson and Katherine J. Scoville, $829,000.

Milbern Dr., 11612-Sheshagiri Rao and Kusum A.R. Kalavar to James P. and Calie B. Lillis, $735,000.

River Falls Dr., 8304-Edward J. and Elizabeth C. Hudson to Blair Alexander and Elizabeth Goergen Silver, $1.4 million.

Stratton Dr., 2001-Michelle L. Snyder and Jonathon S. Colton to Ira S. Miller and Allison Buchman, $775,000.

Turnberry Dr., 9472-Paul A. and Susan L. Commander Samakow to Virun Lee, $880,000.

Willowbrook Dr., 11137-Pei Ying and Diana H. Chen to Kevin P. and Angela R. Murphy, $1.09 million.

ROCKVILLE AREA

Azalea Dr., 868, No. 21-Prashant and Quenie Thi Nguyen Goswami to Ehud Inbar, $350,000.

Barbados Pl., 5916, No. 59-Trudy Bernstein to Ari Payes, $399,000.

Boiling Brook Pkwy., 4722-Andrew J. Horos to Mohd Sulaiman and Moska Hakimzada, $390,000.

Brentford Dr., 5109-Joseph C. Werner to Jimmy Su, $365,000.

Charles St., 335-Leqin Shi to Patrick Jose Raminhos, $317,000.

Dundee Rd., 2002-Tian Zhou to Peipei Hu, $515,000.

Ertter Dr., 4904-Steven T. and Karon C. Martinez to Christopher A. Yen and Luyao Zhang, $590,000.

Gaither Rd., 1017-Morgan Chiu and Hsiaofang Yeh to Gregory and Dorothy Yahr, $525,000.

Glenmore Terr., 2267-Lawrence G. Lazar and Leilei He to Natalia Komissarova, $765,000.

Linden Square Ct., 5804, No. 41-Karla Olsen to Andrea Basdekian, $535,000.

Luxberry Ct., 9, No. 4-Shulamith B. and Donald D. Weisman to Michael Anthony O’Sullivan and Janet Rae Fox, $570,000.

Monroe St., 114, No. 302-Yuri Berman to Gennadiy A. Pavlyukovets and Natallia S. Kotseneva, $235,000.

Old Georgetown Rd., 11710, No. 1226-Scott Christopher and Alina Elizabeth Hotaling to Majid Majd, $325,000.

Paulsboro Dr., 957-Heather A. Mulloy to Nurgul Gelic, $495,000.

Rolling House Rd., 11327-Ira B. Mirsky to Thomas and Ola Chen, $850,000.

Rose Ave., 930, No. 1906-Pike & Rose Condominium Inc. to Melony and Robert Muller, $479,900.

Strathmore Park Ct., 10400, No. 303-Steven D. and Laurie J. Macht to Gerard E. and Germana B. Mitchell, $800,000.

Topping Rd., 4704-Ryan M. and Angela H. Harper to Bradly M. Bauman and Kristen Elmezzi, $470,000.

Warfield Dr., 618-Kevin Frederic and Cynthia Jo Brooks to Lucy Angela Carone Elliott, $650,000.

Wickshire Way, 11020, No. A-5-Corey and Emily Baker to John Carlos Wong, $625,000.

SENECA PARK-CEDAR GROVE AREA

Amber Ridge Cir., 12031-George A. and Traci D. Crawford to Adam Shuaib and Amanda Stegmiller, $350,000.

Bent Creek Terr., 11318-Jill R. Freund to Belinda B. Nyarko, $350,000.

Owls Nest Cir., 21255, No. UN40-Seung H. and Hannah Weerae Lee to Fenton G. Dobard Jr. and Alicia R. Tellis, $355,000.

Royal Crown Dr., 12509-Brian and Irina Mitchell to Swayne J. Singh and Tigest Eyasu, $500,000.

Sojourn Ct., 21003, No. 33-Janice A. Thomas to Vernette V. Vernon, $280,000.

SILVER SPRING AREA

Cassedy St., 2737-Melinda Campos and Gloria Zagorski to Daniel J. Zarin, $627,500.

Easley St., 701-Gunnar Grodsky to Ahmed and Nihad Fawzy, $1.34 million.

Kingsbury Dr., 9105-Stanford D. Gillis to Gregory S. Avicola, $630,000.

Russell Rd., 9411-Paul Skafte to Samuel R. Gilbert and Erica E. Eisenman, $665,000.

Washington Ave., 2207, No. W-203-Amy T. and Jason R. Barnard to Beatriz Rodriguez, $280,000.

Second Ave., 8926-Tage Jacob Rainsford and Danielle Nichole Bird to Jason David Schellhardt, $735,000.

TAKOMA PARK AREA

Carroll Ave., 7342-Keith A. and Sara Mercedes Allen Sieverding to Alfred Clarence and Claire Joanna Bertrand, $715,000.

Hudson Ave., 601, No. 312-Leslie Charles and estate of Judith Ann Hobbs to Clara Ines Vargas, $175,000.

TWINBROOK AREA

Debeck Dr., 1004-Laura S. Johnson to Isabelle Raquin and Jonathan Honigman, $482,000.

Gilbert Rd., 1003-Richard and Debora Branthover to Jordan A. Stubbs and Carol Oser, $370,000.

Lemay Rd., 5935-Andrew J. Wilks and Edward H. Walker to Rajeev and Sandra Purohit, $448,402.

Rockcrest Cir., 30-Kevin William Green and Kimberly Pisabaj to Gibran Shaikh and Zuha Moin, $485,000.

WHEATON AREA

Bluff Terr., 101-Benjamin Scott Sammon to Connie Lynn Bacon and John Patrick Andrews, $535,000.

Cone Lane, 11004-Dorothy S. and John J. Crnkovic to William Henry Washington Jr. and Keshni Naicker, $400,000.

Georgia Ave., 9806, No. 22-301-John Justin Gradowski to Deborah Meetze Hinton and James Reid Rowlett, $230,000.

Hardy Ave., 2814-Andreas P. Gelner and Adrienne J. Capkovic to Endalew K. Delegassa and Eleni G. Dinkalem, $366,000.

Imperial Dr., 1702-Laura L. Letson to Matthew O. Spencer and Greta Claire Harman, $499,000.

Lamberton Dr., 800-Robert H. and Angela C. Liberman to Moshe B. and Melissa Broder, $660,000.

Lovejoy St., 11803-Yossi Alkoby and Judith Meira Gershater to Scott Weinberg and Julia Ashkanazy, $522,500.

Woodland Dr., 9900-Sara A. and Angelique J. Willis Hilbrich to Matthew G. Dean and Deborah A. Williams, $525,000.

Frederick County

These sales data recorded by the Maryland Department of Assessments and Taxation in August were provided by Black Knight Inc. For information about other residential real estate transactions, visit washingtonpost.com/homesales.

ADAMSTOWN AREA

Mount Ephraim Rd., 1888-Tom P. and Maureen T. Lapsa to Lindsay Turner Johnson, $725,000.

BRUNSWICK AREA

Crums Hollow Dr., 801-David M. Kilpatrick to Kenneth V. and Krisztina Baglyas Janosko, $413,000.

Orndorff Dr. W., 134-Kelly A. Watson Huffer to Matthew and Cheyenne Smith, $170,000.

Virginia Ave. N., 12-Jeff and Sam Edgin to Karen P. Orens, $280,000.

BUCKEYSTOWN AREA

Keller Lime Plant Rd., 6787-Charles M. and Julie N. McGuffin to Joseph Brooks Gatewood, $339,000.

BURKITTSVILLE-JEFFERSON AREA

Camden Dr., 4105-Larissa Lefebure to Joseph and Elizabeth Longo, $347,000.

Pecan Ct., 3445-Gerard J. and Shirley L. Long to Jonathan H. and Lori M. Paquin, $459,900.

EMMITSBURG AREA

Huntley Cir., 1325-Allen Ambush to Skylar D. Poole and Megan S. Degrange, $320,000.

FREDERICK CITY-ADAMSTOWN VILLAGE AREA

Avonshire Pl., 5620, No. D-Paul Werking to Lai Thang and Kippar Van, $183,000.

Black Creek Lane, 7203-Michael T. Malafarina to Rachael Hallyburton and Patrick Koogle, $278,000.

Clifton Rd. S., 6205-Eric Seth Epstein to Rusty J. and Nancy J. Mikulas, $235,000.

Duke Ct., 5184-Taruan D. and Daphne S. Matthews to Damien Lamont Ricketts, $210,000.

Essex Pl., 518-Marijka A. Grey to Mary Joe Bayley, $191,500.

Granville Ct., 6638-Mandy Schall McAteer to Jason W. Brinkley, $285,000.

Hollyberry Way, 590-Eric J. Miller to Lasker N. Ahmed, $198,000.

Jefferson Blvd., 6624-Payton M. and Bethany L. Reid to Harry Russell and Sandra Sessa Lashley, $515,000.

Killdeer Ct., 6737-Brett A. and Caitlin E. Vanorsdel to Ryan Hopkins, $245,000.

McGrath Pl., 6631-Calli Marie Rooney Lear to Nestor Arnoldo Nunez and Elizabeth A. Holden, $295,000.

Old Swimming Pool Rd., 4902-Walter L. Hepker and Rebecca G. Full to Brian P. Howie, $314,900.

Rivendell Pl., 5583-Marc Aaron and Christine Apolito to Sheila R. Bonney, $282,000.

Small Gains Way, 4949-Steven C. and Jessi D. Barmoy to Luis Banoscare, $322,000.

Sweet Bay Ct., 5775-Katherine C. Kelley to Jennifer Lynn Buckley, $209,900.

Timberwolf Dr., 1415-Linda Greenberg to Omar Adonay Mendez Carias and Tylyn A. Medrano, $368,500.

Walcott Lane, 6511, No. 102-Jaime Thompson to Darla H. Alterescu, $226,900.

Wood Duck Ct., 6770-Nathan A. and Jessica R. Vanhouten to Jianyong and Xiuqin Gao, $224,400.

FREDERICK CITY-LIBERTYTOWN AREA

Baldridge Cir., 6140-Steven B. and Kendall Klosky Tiffany to Erica F. and Anthony N. Cooke, $282,000.

Bear Den Rd., 2563-Ronald L. Mallow and Robin N. Gordon to Todd and Gail Fineberg, $389,900.

Bridgewater Ct. W., 9402-Razvan A. and Jennifer Simonica to James and Lauren Ji Kim, $409,900.

Catoctin Ave., 209-Joseph M. Shoemaker to James E. Rippeon II and Aimee Leigh Rider, $237,500.

Church St. E., 217-Katie A. Pribyl to Dianne Dain, $555,000.

Derrs Ct., 1800-Jason R. and Kathleen A. Sepanic to Michael A. and Evelyne Anzick, $380,000.

Dogwood Dr., 1604-Daniel W. Trombetta to Paul Fritz, $305,000.

Egret Way, 2625-Tracy Tucker and Kathleen Martin to Sean Gibson, $315,000.

Greenleese Dr. N., 1801-Jeffrey T. and Kari B. Enama to Zachary Alan and Courtney Marie Davis, $424,000.

Holden Rd., 832-Calatlantic Group Inc. to Joshua Adam and Sarah Anne Loftus, $497,473.

Jubal Way, 926-Phineas Cornell and Sharander Lakilia Jackson to Edmond D. Fuentes, $260,000.

Lamp Post Lane, 2213-Sean M. and Amanda M. McWilliams to Shayna L. Scott, $290,000.

McMurray St., 104-David W. and Kathryn L. Humphries to Jennifer A. Wilson and Lesley J. Vandever, $270,000.

Mill Island Pkwy., 3030, No. 310-Joseph A. Alexander to Judith Westbrook, $327,000.

Palatine Dr., 3000-Wormald Development Co. to Joan T. Reilly, $473,900.

Quay Ct., 7984-David H. Shiben to Jamaal Anwar Jones, $220,000.

Sherman Ave., 304-Tarah M. Zuniga and Edison Zuniga Sanchez to Amanda N. Barrientez, $216,000.

Springwater Ct., 6509, No. 6401-Jennifer Bolling Laggini Palmer to Annie Walker, $190,000.

Stoners Ford Way, 3025-Lorraine J. Stoltz and Marsha D. Flowers to David F. and Jeannie R. Knollman, $462,000.

Village Square Rd., 2231-Debra A. Bowman to Janet Jenkins, $333,500.

Wheyfield Dr., 1618-Michael G. and Linda J. Murray to Michelle Garrett, $286,000.

Fifth St. W., 235-Rachel E. Kavanagh to Brian Patrick Walsh, $239,000.

FREDERICK CITY-MOUNTAINDALE AREA

Andover Lane, 1636-Roberto Serpas Salmeron to Justin A. Mawdsley and Carol L. Paulson, $282,400.

Boulder Rd., 9404-Sabrina Elizabeth Smith to Ivan and Kensy M. Alvarenga, $235,000.

Buell Dr., 93-Anthony and Melinda Hite to Blyden Bonar Jr. and Nancy Kobe, $250,000.

Catoctin Ct., 2500, No. 1-2B-Timothy L. and Terri J. Cannon to Chengkai Dai and Yishu He, $170,000.

Coach House Way, 2508, No. 1C-Chris A. Turner and estate of Barbara A. Salt to Karen M. Cappolella, $185,000.

Dominion Dr., 2406, No. 2C-Daniel L. and Tama R. Plombon to Patricia A. Lawton, $176,500.

Ellsworth Way, 2408, No. 2A-Frank E. Warner to Amy Haggerty, $164,000.

Fox Hunt Lane, 8223-Thomas E. and Kathleen E. Igo to David Michael and Joli Naomi Chism, $441,500.

Heather Ridge Dr., 416-Wayne Deyton to Joseph S. and Gillian A. Kulina, $125,000.

Jordan Valley Way, 8329-Richard W. and Linda S. Revolinsky to Edwin and Jackeline Cartagena, $470,000.

Livingstone Terr., 9-Amanda M. and Joyce A. Zimmerman to Kenyan L. Summers, $219,900.

Millstream Dr., 1844-Embrace Home Loans Inc. to Jasbir Singh Matharu, $205,000.

Runny Ct., 7002-Anthony S. and Jennifer J. Kokoskie to David W. and Kathryn L. Humphries, $340,000.

Shelley Cir., 2508, No. 8-Mark and David Degirolamo to Elinor J. Rouff, $189,000.

Timber View Ct., 244-L&A Holdings Corp. to Kyle L. Georgius and Lauren N. Hicks, $280,000.

Wilcox Valley Dr., 2053-Tiffany A. Glover and Tracy A. White to Michael R. and Ruthann McFadden, $409,000.

GARFIELD AREA

Loy Wolfe Rd., 13500-Richard M. Pryor to Trystin R. and David H. Alexander, $450,000.

IJAMSVILLE AREA

Melbourne Pl., 7503-Paul D. and Susan L. Manny to Michael A. Chlebda, $565,000.

Shel Mar Dr., 1907-Barry Edwin and Sharon Joy Wagman to Jose M. Cambron Espino, $510,000.

LIBERTYTOWN AREA

Liberty Rd., 11920, No. 204A-Richard Lee and Heather L. Rippeon to Brittney Nicole Rowse, $126,000.

MIDDLETOWN AREA

Boileau Ct., 3-Gary and Sharon Diane Gregoire to Connor R. and Brenda L. Smith, $225,000.

Feldspar Rd., 4630-Brian T. and Lisa A. Edwards to Jason Robert and Allison Jacob Jachowski, $480,000.

Myersville Rd., 8620-Arthur D. Tringali to Jason B. and Patricia M. Leffson Nalley, $355,000.

Springbrook Ct. E., 7311-David T. and Mary E. Sweeney to Anita L. Bright, $192,296.

MULLINIX AREA

Autumn Ridge Ct., 902-Robert H. and Terri L. King to John F. and Jessica E. Fisher, $452,500.

Foggy Bottom Ct., 13887-Delores A. and Theodore L. Schwartzbeck to Virginia Elizabeth and James Arthur Lagger, $442,000.

Mitchell Ct., 13904-Luke Tanner and Beth Mitchell to William J. and Jessica M. Walker, $648,000.

Streamview Ct., 6204-John and Barbara McIntee to Steve Kelbaugh and Suzanne Shipley, $499,900.

MYERSVILLE AREA

Hunters Knl., 1007-Jay Eric Rhoderick to Jeffrey and Lisa K. Gottlieb, $610,000.

NEW MARKET-LAKE LINGANORE AREA

Beach Dr. E., 6617-Daniel B. and Kellie C. Ganoung to Charles J. Franco Jr. and Leslie Wang, $255,000.

Country Club Rd., 11233-Gary and Sharon Witt to Anthony Paul and Stefanie E. Lavin, $455,000.

Fox Chase Rd., 6925-Raymond J. and Cynthia A. Geraghty to Matthew and Shanna Bahen, $400,000.

Isaac Russell St., 534-New Market Residential Corp. and Oak Hill Properties Corp. to Sean A. and Kristen L. Chaffman, $520,000.

Meadowlake Rd., 6933-Lisa Hamlin and Brian St. John to Andrew Spangler and Jennifer Hake, $495,000.

Richard Roberts St., 400-New Market Residential Corp. and Oak Hill Properties Corp. to Nila Via, $520,000.

Shalom Ct., 10003-MS Aspen North Corp. to Brad Michael and Courtney Renee Bahr, $500,990.

NEW WINDSOR AREA

Wildrose Ct., 15610-Timothy L. and Deborah A. McQuay to Kenneth Eugene and Elizabeth Ann Lamb, $347,500.

ROCKY RIDGE-CREAGERSTOWN AREA

Motters Station Rd., 14619-Bernard J. and Dawn Marie Hobbs to Zachery Bryan Fritz and Heather Michalena Pozzouli, $269,000.

THURMONT AREA

Moser Cir., 224-William D. Shadle and Brooke N. Hildebrand to Minerva Carrasquillo and Alex Vazquez, $196,000.

Stoney Mine Ct., 3-Corey A. Totten to James R. McGrady, $299,900.

Utica Ct., 10849-Thomas J. Ledwell to Brandon M. Smith and Ashley A. Brown, $475,000.

URBANA AREA

Bartonsville Rd., 5817-Landmark Investment Properties Corp. to Michael Kevin Walsh and Sheryl Anderson Fast, $285,000.

Belvedere Dr., 9099-Wilmington and Lehman XS Trust to Naseer Nayeem and Huma Hakim, $565,950.

Buckeystown Pike, 4310-Jonathan M. and Elisabeth C. Clinton to Leslie Curtis and Mitchell R. Poe, $500,000.

Dunraven St., 9443-Greg A. and Elizabeth G. Warner to Dale Anthony and Linda Marie Urlacher, $400,000.

Hawk Ridge Rd., 5518-MS Gladhill Farm Corp. to John Austen and Corinne M. Carter, $484,960.

Kenway Lane, 9148-Damian and Eboni Williams to Adrian A. Dragulescu and Christina Masterman, $420,000.

Pine Bluff Rd., 8415-MS Gladhill Farm Corp. to Thomas D. and Eileen M. Lantzas, $470,000.

Singleton Terr., 3717-Mihallaq and Brunilda Dhima to Melissa C. Altieri and Patrick J. Wenzler, $370,000.

Urbana Pike., 3625-Robin Michael and Christine Rochelle Reeder to Shuang Guan, $350,000.

Wyndham Dr., 9752-William M. and Tina J. Cullum to Shawn I. and Juliet D. Hossain, $589,900.

WALKERSVILLE AREA

Discovery Blvd., 8526-Healthy Homes Corp. to Stephen J. Green and Janet L. Brumer, $195,000.

Old Island Ct., 202-James F. and Shelly L. Mullen to Sabrina E. Smith, $447,000.

WOODSBORO AREA

Coppermine Rd., 11207-Bradley W. and Amber L. Seiss to Anthony and Charlene Bishop, $615,000.",police stated that-- chung has been on the run .
test,all,396,398,0.6862151622772217,14,napolitano elected for second term as italy president,pakistan condemns violence in egypt
test,all,397,399,0.6867350935935974,18,a quantity of money added to a bank account,A brown and white dog is jumping in the air with a tennis ball in its mouth
test,all,402,404,0.6893345713615417,10,Someone is stirring chili in a kettle,a panda is lying down .
test,all,403,405,0.6898549199104309,16,warmed.c from the year prior .,London 2012 Olympics Opening Ceremony 'to feature a green and pleasant land'
test,all,408,410,0.6924543380737305,7,One white dog and one black one are running side by side on the grass,peace lies over the south china sea
test,all,409,411,0.6929740905761719,19,Several women are wearing pink bunny ears and are pointing to the right,"dangling , links to a page which has no links to others ."
test,all,410,412,0.693494439125061,11,A man with a bicycle at a coffee house.,'iron man ' jetpacks spark concerns
test,all,413,415,0.6950538158416748,53,"Egypt braces for more protests over Morsi, prays for calm",this frame has to do with the repetition ( and especially the frequency of repetition ) of an event. many of the adjectives and adverbs in this frame are based on nouns in the calendric _ unit frame .
test,all,416,418,0.6966136693954468,28,"For the analysis of expression at different stages of differentiation, data were obtained for 43 mouse samples in StemBase , originating from 16 studies with Affymetrix MOE430A microarray chips, as used in an Oct4 expression profiling study covering murine ESCs, embryonal carcinoma cell lines, and several early differentiated lineages.","Corixa's stock barely flinched on the news, dipping 12 cents to close at $6.88."
test,all,417,419,0.6971338391304016,7,"sachin tendulkar says i 'm not god , i 'm sachin",homs offensive kills 200
test,all,418,420,0.6976534724235535,40,"Bangladesh collapse search over; death toll 1,127","kentucky : republican ernie fletcher , a three-term house member , is battling democratic state attorney general ben chandler ."
test,all,424,426,0.7007732391357422,25,A dirty tan dog is rolling in the dirt and looking right at the camera,"treat , process , heat , melt , or refine in a reverberatory furnace ."
test,all,426,428,0.7018135190010071,18,palestinian prisoners arrive at muqata in ramallah,u.k. prime minister defends decision to seek e.u. vote
test,all,427,429,0.7023329734802246,8,a girl is jumping .,the dog plays in the park .
test,all,429,431,0.7033728361129761,19,amendment no 7 proposes certain changes in the references to paragraphs .,"dangling , links to a page which has no links to others ."
test,all,431,433,0.7044126987457275,29,The companies said Idec holders would own about 50.5 percent of the stock of the combined company.,japanese prime minister junichiro koizumi said the shift of the rods was proactive .
test,all,433,435,0.7054526805877686,25,syrian forces kill 54 ahead of annan peace mission,"China is scrambling to stop the disease from spreading to the countryside, where most of its 1.3 billion people live."
test,all,434,436,0.7059730291366577,19,this is the primary frame evoked by the cardinal numbers .,a visit to libya by the russian foreign minister was announced .
test,all,435,437,0.7064924240112305,9,"the act of spending , disbursing funds",the man is writing a letter .
test,all,436,438,0.7070119976997375,9,sony xperia z2 and nokia ‚ äôs x series unveiled,Two teams are competing in a football match
test,all,439,441,0.7085720300674438,9,algerian president in france for medical tests,the man is going into the water .
test,all,442,444,0.7101319432258606,8,request urgently and forcefully .,more deaths expected in canada oil train explosion
test,all,446,448,0.7122117280960083,18,A man is getting into a car,u.k. prime minister defends decision to seek e.u. vote
test,all,450,452,0.7142912149429321,11,The plane is getting ready to take off.,take or have a position relative to others .
test,all,453,455,0.7158511281013489,12,the activity of supplying or providing something .,well : turning to the web for a medical diagnosis
test,all,455,457,0.7168912887573242,12,The boy isn't playing the piano happily,a man is playing a harp .
test,all,459,461,0.7189706563949585,8,The woman is putting makeup on the man,A man is climbing up a rope
test,all,460,462,0.7194900512695312,18,"fishermen are inactive , tired and disappointed .",north korea 's kim seen behind sacking of powerful uncle
test,all,461,463,0.7200104594230652,5,"bring back to life , return from the dead",class of students taught together
test,all,463,465,0.7210506200790405,10,"one man had brandished an english-turkish dictionary and pointed to the word "" refugee "" .",a man is applying butter to bread .
test,all,464,466,0.7215700149536133,15,obama calls for international front against is,assange appeals extradition to uk 's top court
test,all,465,467,0.7220901846885681,30,( cause to ) move gently back and forth,"driven by a need to compete or remorse ? armstrong admits doping , and says he will testify"
test,all,466,468,0.7226106524467468,22,iran has noticeably increased the number of executions in recent months as officials enforce a campaign aimed at promoting virtue and boosting security in,he also reaffirmed his wish to resolve the north korean nuclear crisis peacefully .
test,all,467,469,0.7231305241584778,14,palestinian teen dies of wounds sustained in israeli shooting,us soldier accused of afghan massacre hires prominent criminal lawyer
test,all,468,470,0.7236499190330505,8,eight bottles of harp lager lined up on the floor .,Someone is stirring chili in a kettle
test,all,469,471,0.7241706848144531,10,a passenger jet flies through the air .,( cause to ) move gently back and forth
test,all,472,474,0.7257299423217773,9,"under the u.s. constitution , the other chamber of congress , the house of representatives , does not vote on foreign alliances .",There is no brown dog standing in the water
test,all,473,475,0.7262499332427979,7,south african icon nelson mandela hospitalized,the state of being active .
test,all,475,478,0.7278093695640564,14,A person is spitting,syrian forces kill 54 ahead of annan peace mission
test,all,476,479,0.7283296585083008,15,The train heads down the tracks and along the hedge.,cause to move with a flick or as if with a flick
test,all,478,481,0.7293692827224731,16,""" tony 's not feeling well , "" spurs coach gregg popovich said .",Obama Struggles to Soothe Saudi Fears As Iran Talks Resume
test,all,481,484,0.7309284210205078,14,"american black bears they are somewhat common in some wilderness areas of california , mostly in the mountains .",several cows grazing on the median by the road .
test,all,483,486,0.731968879699707,7,bulb b and c are on a closed path to the battery,reach or come to rest .
test,all,484,487,0.7324883937835693,9,""" at first blush , it doesn 't look like any rules were broken , "" said gen. richard myers , chairman of the joint chiefs of staff .",deadline passes with no new iran sanctions
test,all,486,489,0.7335284948348999,18,"Taylor's aides warn an abrupt departure could trigger more chaos, a view shared by many in Liberia and, in private, even by mediators.",families of # newtown victims look for answers on # gun violence # nra
test,all,488,491,0.7345684170722961,11,cause to become awake or conscious .,a domestic animal stands in a pen .
test,all,489,492,0.7350886464118958,18,"one killed , 40 injured in mexico candy factory blast",notre dame linebacker victim of a catfish type hoax ?
test,all,492,495,0.7366487979888916,15,the state of being depleted .,this is the primary frame evoked by the cardinal numbers .
test,all,493,496,0.7371687889099121,13,a man in a blue shirt is running in a stadium field .,a man is making a speech at the podium .
test,all,498,501,0.7397677898406982,25,turn the paddle ; in canoeing .,"treat , process , heat , melt , or refine in a reverberatory furnace ."
test,all,499,502,0.7402880191802979,9,Two women are dancing and singing in front of many people,two people are walking through some water .
test,all,500,503,0.7408086657524109,13,"Chanceller Rishi Sunak has announced a £9 billion package of support to give self-employed people up to £2,500 a month to help them cope with the effects of coronavirus.

The Chancellor tonight said the scheme, which will be open for at least three months, will cover 80 per cent of a self-employed person's average monthly profits.

But it may not be available until June and will only be available to those who have a tax return for 2019, meaning the newly self-employed will be ineligible.

And Mr Sunak warned that the self-employed could face tax hikes in the future as part of the effort to ""right the ship"" and repair the battered public finances after the coronavirus crisis is over.

Details of the scheme came as the Department of Health announced a total of 578 people who have tested positive for coronavirus in the UK have died as of 5pm on March 25.

Some 11,658 people have tested positive in the UK as of 9am on March 26.

Mr Sunak's scheme will be open to those with a trading profit of less than £50,000 in 2018-19 or an average trading profit of less than £50,000 from 2016-17, 2017-18 and 2018-19.

To qualify, more than half of their income in these periods must come from self-employment.

Up to 3.8 million people will qualify for support, with average monthly payments expected to be £940 per person.

Mr Sunak said the scheme, which will last for at least three months, ""is one of the most generous in the world"".

""It targets support to those who need help most, offering the self-employed the same level of support as those in work.""

He said the measure covers 95 per cent of people who receive the majority of their income from self-employment.

But in a hint that the self-employed could be asked to pay more to the taxman in future he said it was ""now much harder to justify"" the tax breaks on offer to the self-employed if they were receiving the same level of state support.

He said everyone would be ""chipping in together to right the ship afterwards"" once the crisis is over.

A number of self-employed workers welcomed the Chancellor's measures but expressed concern about having to wait until June to claim.

Louise Barina, a production manager who lives in London, said: ""After having spoken to our landlord, he has outright said no, that we can't get a delay on our rent.

""In terms of the payment coming in June, that's really problematic for us as that's obviously three months of payment where we need to find the money for that.""

Meanwhile the Department of Health said revising its reporting approach for coronavirus deaths ""to ensure data can be verified and published in a timely, consistent way"".

A statement on Twitter said: ""Figures issued today are recorded as of 5pm on March 24 to 5pm on March 25.

""Going forwards, figures on deaths will be recorded for the 24-hour period as of 5pm the previous day. Figures on tests remain as of the 24-hour period from 9am that day.""",the best thing you can do is to know your stuff .
test,all,503,506,0.7423681020736694,13,cause animals to move,what makes india vote ? jaipur lit fest debates
test,all,505,508,0.743407130241394,10,A cute puppy is repeatedly rolling from side to side on its back,a tiger is walking around .
test,all,506,509,0.7439279556274414,8,The machine shaved the end of the pencil.,The man is cutting a paper plate
test,all,507,510,0.7444474101066589,21,dealbook : british retailer hmv enters equivalent of bankruptcy,"Blizzard hammers U.S. Northeast, five dead, 700,000 lose power"
test,all,511,514,0.7465275526046753,10,"A dog, which is brown, and a black one are running in the grass",A large white animal is jumping up in the snow
test,all,512,515,0.7470471262931824,7,"nicaragua , venezuela offer asylum to snowden",menendez faces possible corruption charges
test,all,517,520,0.749646782875061,6,A man on a motorcycle is not riding on one wheel,A man is eating food.
test,all,518,521,0.7501649856567383,9,extend out or project in space .,a state or act of gaining pleasure
test,all,520,523,0.7512073516845703,24,fire at south korean bus terminal kills 5,"he was listed last night in critical but stable condition at kings county hospital center , police said ."
test,all,521,524,0.7517263889312744,18,v kerry says # iran must come clean on # nuclear program,north korea 's kim seen behind sacking of powerful uncle
test,all,522,525,0.7522487044334412,12,be fully aware or cognizant of .,"oppose or approach , as in hostility or competition"
test,all,523,526,0.7527645230293274,14,syria envoy calls for national unity government,Putin's security decree for Sochi draws ire of critics
test,all,525,528,0.7538049221038818,15,a state or act of gaining pleasure,a chart or map showing the movements or progress of an object .
test,all,527,530,0.7548442482948303,13,v kerry says # iran must come clean on # nuclear program,almagor blasts netanyahu over prisoner release
test,all,528,531,0.7553673982620239,14,iran is an islamic republic .,pakistani girl shot by taliban appears on video
test,all,530,534,0.7569247484207153,10,a dog jumping into a swimming pool .,A light brown dog is running up a street
test,all,534,538,0.7590047717094421,10,"an established or recognized right , formal or informal .",where you live at a particular time .
test,all,535,539,0.7595274448394775,18,new zealand votes to legalise same-sex marriage,u.k. prime minister defends decision to seek e.u. vote
test,all,536,541,0.7605668306350708,13,A person is spitting,a softball player swinging at a pitch .
test,all,537,542,0.7610855102539062,14,A man on a motorcycle is not riding on one wheel,"A man is holding an animal, which is small, in one hand"
test,all,543,548,0.7642010450363159,23,cease to operate or cause to cease operating .,"volcano erupts in indonesia -100,000 evacuated and airports closed"
test,all,544,549,0.7647229433059692,16,A black dog fighting with a brown dog in the snow.,a small white and brown dog is jumping over a horizontal pole .
test,all,545,550,0.7652438879013062,18,us ups pressure on israel as un demands gaza truce,"gunshots , explosions rock thai protest day ahead of polls"
test,all,546,551,0.7657657265663147,14,the territory occupied by a nation .,Some Syria violence qualifies as civil war -Red Cross
test,all,547,552,0.7662833333015442,17,"the pour : in describing wines , 5 words not to fear",express audibly ; utter sounds ( not necessarily words ) .
test,all,548,553,0.7668046951293945,16,Three men are jumping off a tall wall,A few horses are racing furiously over the green grass and jumping the obstacle
test,all,550,555,0.7678457498550415,16,a solid piece of something ( usually having flat rectangular sides ) .,to catch in or as if in a trap ; immobilize
test,all,551,556,0.768359363079071,18,You have a problem.,you need to pick how and where you want to place your foot and do it .
test,all,552,557,0.7688860297203064,20,"immerse or be immersed in a boiling liquid , for purposes of cooking or processing .","abide by : act in accordance with rules , commands , or wishes ."
test,all,554,560,0.7704436182975769,12,"an established or recognized right , formal or informal .",make a request or demand for something to somebody .
test,all,556,562,0.7714837789535522,14,"the u.s. , other western nations and nato condemned the violence .",the conventional forces in europe treaty was amended in 1999 .
test,all,559,566,0.7735604643821716,25,"reimburse or compensate ( someone ) , as for a loss .","treat , process , heat , melt , or refine in a reverberatory furnace ."
test,all,560,567,0.7740881443023682,9,it means its an option .,be fully aware or cognizant of .
test,all,561,568,0.7746052742004395,5,A dog is running towards a ball,the path does not close
test,all,564,571,0.7761639356613159,11,your worry is a valid one ; the reader could be frustrated by this .,that 's what i find curious .
test,all,570,578,0.7798024415969849,12,6 killed in afghan capital mosque attack,"Egypt braces for more protests, prays for calm"
test,all,571,579,0.7803249359130859,16,fire at south korean bus terminal kills 5,“ : secret service dog falls to its death ” 😢 🐶
test,all,573,581,0.7813662886619568,17,the man is exercising .,urban athlete : a hotel room workout from nicole glor
test,all,574,582,0.7818819284439087,25,"have a complexion with a strong bright color , such as red or pink .","treat , process , heat , melt , or refine in a reverberatory furnace ."
test,all,575,583,0.78239905834198,18,could be a lot of things .,your worry is a valid one ; the reader could be frustrated by this .
test,all,580,588,0.7850037813186646,29,""" at first blush , it doesn 't look like any rules were broken , "" said gen. richard myers , chairman of the joint chiefs of staff .",japanese prime minister junichiro koizumi said the shift of the rods was proactive .
test,all,582,590,0.7860409021377563,15,afghan parliament votes to oust key ministers,new zealand votes to legalise same-sex marriage
test,all,585,593,0.7876100540161133,8,a black dog looking at the camera .,the dog plays in the park .
test,all,587,595,0.788644015789032,7,6 killed in afghan capital mosque attack,homs offensive kills 200
test,all,588,597,0.7896697521209717,13,2 traffic accidents leave 47 dead in china,"death toll in nepal earthquake tops 8,000"
test,all,589,598,0.7902030944824219,17,"discover or come upon accidentally , suddenly , or unexpectedly ; catch somebody doing something or in a certain state .",look through a book or some other written material ( for information ) .
test,all,590,599,0.7907175421714783,12,a bicycle is parked by a shop .,young redheaded man holding two bicycles near beach .
test,all,593,602,0.7922824621200562,9,urge with or as if with a goad .,move about in a confused manner .
test,all,594,603,0.7927985191345215,9,cause ( a liquid ) to leach or percolate .,cause to reproduce ( plants or animals )
test,all,596,605,0.7938500046730042,12,syria envoy calls for national unity government,"Egypt braces for more protests, prays for calm"
test,all,598,607,0.7948812246322632,17,almagor blasts netanyahu over prisoner release,egypt 's morsi faces trial for prison break
test,all,600,610,0.7964293956756592,11,A man is playing the trumpet.,a man is singing and playing the guitar .
test,all,601,611,0.7969545125961304,17,pakistan condemns violence in egypt,Morsi backers defiant in face of Egypt govt threat
test,all,602,612,0.7974827289581299,14,syria envoy calls for national unity government,pakistan condemns violence in egypt
test,all,607,617,0.8000751733779907,8,cause to be in brief contact with .,cause to become awake or conscious .
test,all,608,618,0.800600528717041,5,provide with a covering or cause to be covered .,"guide , draw through"
test,all,609,619,0.8011128902435303,11,two black dogs are playing in a grassy plain .,two dogs are sniffing something in the rocks .
test,all,610,620,0.8016388416290283,6,bulb b and c are on a closed path to the battery,gap between 3 and positive battery
test,all,614,624,0.8037190437316895,12,cause to be in brief contact with .,provide with a covering or cause to be covered .
test,all,619,629,0.8063151836395264,15,the black dog is running on the grass with a toy in it 's mouth .,One white dog and one black one are running side by side on the grass
test,all,621,631,0.8073558807373047,9,"The dollar fell as low as $1.1624 per euro from $1.1486 on Friday, and traded at $1.1594 at 10:15 a.m. in London.",singapore shares open lower on monday
test,all,624,634,0.8089171051979065,10,us ups pressure on israel as un demands gaza truce,palestinians build another west bank tent protest
test,all,626,636,0.809963047504425,10,tunisia opposition leader slain ; protests erupt,Funeral of Ian Paisley to take place in Belfast
test,all,628,638,0.8110055923461914,9,lets assume we have % white and % black .,mix or breed things of different varieties or qualities
test,all,630,640,0.812049150466919,7,A hiker is on top of the mountain and is doing a joyful dance,A man is dancing on the ceiling
test,all,631,641,0.8125540614128113,9,One white dog and one black one are running side by side on the grass,Two dogs are playing on a sandy beach
test,all,633,643,0.8135910034179688,11,to catch in or as if in a trap ; immobilize,the act or means of getting rid of something .
test,all,635,645,0.8146432042121887,8,briton killed in algerian gas field attack,more deaths expected in canada oil train explosion
test,all,636,646,0.8151535987854004,11,briton killed in algerian gas field attack,gunmen kill 11 foreign tourists in pakistan
test,all,638,648,0.8162083625793457,11,urge with or as if with a goad .,take or have a position relative to others .
test,all,641,651,0.8177566528320312,9,"5 taliban , 5 afghan police killed in ambushes",Bahraini protesters and police clash after funeral
test,all,644,655,0.8198188543319702,8,"one killed , 40 injured in mexico candy factory blast",2 traffic accidents leave 47 dead in china
test,all,647,658,0.8214137554168701,11,"abide by : act in accordance with rules , commands , or wishes .",take or have a position relative to others .
test,all,648,659,0.821913480758667,9,A dog is fetching a stick out of very dirty water,black and white dog running through water .
test,all,649,660,0.8224380016326904,15,A brown and white dog is jumping in the air with a tennis ball in its mouth,a dog standing on a beach with a ball nearby .
test,all,650,661,0.8229657411575317,14,idolize / show devotion to,urge with or as if with a goad .
test,all,651,662,0.8234502077102661,10,a black dog is running through some water .,a dog is running toward the camera .
test,all,652,663,0.8239779472351074,9,create and charge with a task or function .,take action or behave in a certain way
test,all,654,665,0.8250339031219482,16,obama calls for international front against is,Obama Struggles to Soothe Saudi Fears As Iran Talks Resume
test,all,655,666,0.8255243301391602,7,cctv of gunmen in tunisia museum attack,twelve killed as gunmen raid village
test,all,658,669,0.8271065354347229,58,a chart or map showing the movements or progress of an object .,this frame contains lus that express the form which a piece of artwork represents. the form may also represent the entire body of an artist 's work. the form may be further characterized by the time of some artwork 's creation or other descriptors .
test,all,659,670,0.8276391625404358,10,gap between 3 and positive battery,the terminals are not separated by a gap
test,all,662,673,0.8292028903961182,13,A child is not playing slip and slide in the grass,There is no girl in pink twirling a ribbon
test,all,667,678,0.8317877650260925,13,military plane crashes in south france : authorities,french jets strike deep inside islamist-held mali
test,all,668,679,0.8323020339012146,9,"oppose or approach , as in hostility or competition",take action or behave in a certain way
test,all,669,680,0.8328322172164917,16,elbaradei is the international atomic energy agency chief .,"iran , atomic agency in first talks since rowhani election"
test,all,673,684,0.8348870277404785,9,"A dog, which is brown, and a black one are running in the grass",A boy and a dog running on grass
test,all,675,686,0.8359549045562744,11,"oppose or approach , as in hostility or competition",take or have a position relative to others .
test,all,676,687,0.8364480137825012,15,"if c burns out , then a and b are still in a closed path .",the switch has to be within a closed path with the bulb and battery
test,all,677,688,0.8369566202163696,39,japan suffers severe flooding - in pictures,"Reuters witnesses said many houses had been flattened and the city squares were packed with crying children and the homeless, huddled in blankets to protect them from the cold."
test,all,678,689,0.8374866247177124,23,earthquake of 6.3 magnitude strikes off indonesia island,"volcano erupts in indonesia -100,000 evacuated and airports closed"
test,all,680,691,0.8384804725646973,9,There is no man putting some cheese on a pizza,There is no woman using a sewing machine
test,all,683,694,0.840128481388092,9,There is no man dressed in black wearing an elaborate black mask,There is no woman using a sewing machine
test,all,685,696,0.8411544561386108,7,Bomb blast kills 10 in southwest Pakistan,twelve killed as gunmen raid village
test,all,686,697,0.8416825532913208,15,Two dogs playing in a yard.,A black dog is playing with a brown dog on the sand
test,all,687,698,0.84222811460495,6,A group of people are dancing in a show,people are dancing outside .
test,all,689,700,0.8432698249816895,11,A man is passionately playing a guitar in front of an audience,a man is singing and playing the guitar .
test,all,691,702,0.8442463874816895,19,There is no kitten drinking milk,There is no dog jumping at a shiny blue soccer ball in a field of dry leaves
test,all,693,704,0.845321774482727,15,A brown and black dog is pointing the nose upwards,The red and brown dog is digging its nose inside a holiday gift bag
test,all,695,706,0.8463231325149536,16,"immerse or be immersed in a boiling liquid , for purposes of cooking or processing .",cause ( a liquid ) to leach or percolate .
test,all,697,708,0.847347617149353,15,Two dogs playing in a yard.,One white dog and one black one are running side by side on the grass
test,all,699,710,0.848556637763977,14,you have reached a point where the terminals are not connected to each other .,because terminal 4 is connected to the positive terminal but not the negative terminal
test,all,702,713,0.8500219583511353,11,a black dog looking at a brown sheep in a pen .,a domestic animal stands in a pen .
test,all,703,714,0.8505842089653015,13,"if c burns out , then a and b are still in a closed path .",bulb a was still in a closed path with the battery
test,all,704,715,0.850898265838623,13,6.4-magnitude quake strikes off indonesia,"death toll in nepal earthquake tops 8,000"
test,all,713,724,0.8557037115097046,13,The man is slicing potatoes,a man is slicing a leave .
test,all,717,728,0.857730507850647,12,take action or behave in a certain way,make a request or demand for something to somebody .
test,all,718,729,0.8582962155342102,9,intend ( something ) to move towards a certain goal .,take action or behave in a certain way
test,all,719,730,0.8586794137954712,21,"shares of tampa-based outback steakhouse inc. closed at $ 44.50 , up $ 1.78 , or 4.2 percent , on the new york stock exchange .",declining issues outnumbered advancers slightly more than 3 to 1 on the new york stock exchange .
test,all,720,731,0.8592848181724548,13,"if c burns out , then a and b are still in a closed path .",bulb c and switch z are in the same closed path
test,all,721,732,0.8598429560661316,8,A man is peeling a potato.,The man is slicing potatoes
test,all,724,735,0.86150062084198,17,a black dog is running through some water .,a black dog is running through the grass carrying something red in its mouth .
test,all,730,741,0.8645232915878296,12,A woman is amalgamating eggs,The woman isn't stirring eggs in a bowl
test,all,734,745,0.8666020631790161,10,A dirty tan dog is rolling in the dirt and looking right at the camera,a dog is running toward the camera .
test,all,737,750,0.868901252746582,16,a white and black dog is jumping into a pool .,a small white and brown dog is jumping over a horizontal pole .
test,all,738,751,0.8690577745437622,12,tokyo stocks close 0.75pc down,chinese shares close lower on wednesday
test,all,740,753,0.8694107532501221,13,switch z is closed so it still creates a complete path to the battery,bulb c and switch z are in the same closed path
test,all,741,754,0.8695143461227417,9,Different football players are teaming on a field,Two teams are competing in a football match
test,all,742,756,0.8702422380447388,8,extend out or project in space .,extend in a different direction .
test,all,743,757,0.8702545166015625,18,Some guy sitting on a couch watching television.,a man sits on a bed very close to a small television .
test,all,746,761,0.8704748153686523,24,bulb b and c are on a closed path to the battery,"if c burns out , then a and b are still in a closed path ."
test,all,748,763,0.8709640502929688,8,a man is climbing a wall .,A man is climbing up a rope
test,all,751,766,0.8719772696495056,9,bulb c and switch z are in the same closed path,because the switch was connected to the closed circuit
test,all,754,769,0.8725719451904297,10,A woman in blue is riding a horse on a dirt road,An animal is being ridden by a woman
test,all,755,770,0.8725731372833252,21,because there is a positive and negative connections,because the battery has its own chemical reacion between the positive and negative tterminals it contains
test,all,756,771,0.8727103471755981,13,a man is slicing potato .,a man is slicing a leave .
test,all,759,774,0.8734346032142639,8,two brown dogs runs through the water .,A few animals are playing in the water
test,all,760,775,0.8736565113067627,16,mix or breed things of different varieties or qualities,the act of distributing things into classes or categories of the same type .
test,all,761,777,0.8739347457885742,11,a long train is on train tracks .,a mostly black train on a track .
test,all,762,778,0.8740050792694092,10,Nelson Mandela in Hospital for Tests,algerian president in france for medical tests
test,all,763,779,0.8740479946136475,10,A person is slicing a potato.,A woman is slicing a tomato
test,all,769,785,0.8747636079788208,19,"reimburse or compensate ( someone ) , as for a loss .",a loss entailed by giving up or selling something at less than its value .
test,all,770,786,0.8749861717224121,10,"if c burns out , then a and b are still in a closed path .",both components need to be in closed paths .
test,all,771,787,0.8750271797180176,11,bulb b and bulb c were still contained in the same closed path with the battery .,if both bulbs are contained within a closed path
test,all,772,789,0.8753742575645447,10,Bomb blast kills 10 in southwest Pakistan,6 killed in afghan capital mosque attack
test,all,773,790,0.8759826421737671,10,a white and black dog is jumping into a pool .,a dog is looking into swimming pool .
test,all,774,791,0.8761043548583984,12,The lady is peeling the potato,a woman is chopping a potato .
test,all,775,792,0.8761516213417053,14,the positive battery terminal is connected to terminal 6,because terminal 4 is connected to the positive terminal but not the negative terminal
test,all,776,793,0.8762470483779907,12,a brown dog with his tongue wagging as he runs through a field,The golden dog is running through a field of tall grass
test,all,777,795,0.8770006895065308,11,Bomb blast kills 10 in southwest Pakistan,gunmen kill 11 foreign tourists in pakistan
test,all,779,798,0.8775402307510376,11,Bomb blast kills 10 in southwest Pakistan,gunmen kill nine foreigners in pakistan
test,all,781,800,0.8778215646743774,17,A dog with really long hair and a red vest is running in the grass,a black dog is running through the grass carrying something red in its mouth .
test,all,783,802,0.8783292770385742,10,"egypt 's military takes control over muslim brotherhood , supporters",the entrusted muslim brotherhood
test,all,784,803,0.8783445358276367,13,The plane is getting ready to take off.,a das air cargo plane sits on the runway .
test,all,788,807,0.8797399997711182,15,switch z is closed so it still creates a complete path to the battery,the switch has to be within a closed path with the bulb and battery
test,all,791,811,0.8805450797080994,7,The boy is not playing the piano,A girl is not playing the guitar
test,all,793,813,0.8806720972061157,14,( cause to ) change from a gas to a liquid .,( cause to ) become a powder or as dust .
test,all,794,814,0.8808033466339111,10,a woman is slicing up some pork .,A woman is slicing a tomato
test,all,795,815,0.8808035254478455,9,blast kills 10 young girls in eastern afghanistan,8 soldiers killed in bomb attack in NW Pakistan
test,all,797,817,0.881382942199707,16,Morsi supporters protest in Egypt,"Egypt braces for more protests over Morsi, prays for calm"
test,all,799,819,0.8816490173339844,16,wet with a spurt of liquid .,cause ( a liquid ) to leach or percolate .
test,all,800,820,0.8817086219787598,7,gunmen kill 11 foreign tourists in pakistan,twelve killed as gunmen raid village
test,all,802,823,0.8826897144317627,10,if both bulbs are contained within a closed path,both components need to be in closed paths .
test,all,803,824,0.8827608823776245,21,""" the electrical state at the terminal matches the battery "" "" s electrical state """,because the battery has its own chemical reacion between the positive and negative tterminals it contains
test,all,805,826,0.8828864097595215,21,black and white cow standing near pile of snow .,a black and white photo of a cow walking under a tree in a field .
test,all,806,827,0.8831192255020142,11,a train sitting on the tracks near a field .,a mostly black train on a track .
test,all,808,829,0.883525013923645,10,The boy is not playing the piano,The boy isn't playing the piano happily
test,all,809,830,0.8835403919219971,13,A black dog is playing with a brown dog on the sand,two black dogs are playing in a grassy plain .
test,all,810,831,0.8836937546730042,11,social ranking or position,take or have a position relative to others .
test,all,812,833,0.8838500380516052,18,"A dog, which is brown, is jumping in the air",A brown and white dog is jumping in the air with a tennis ball in its mouth
test,all,814,835,0.8840145468711853,20,take action or behave in a certain way,"abide by : act in accordance with rules , commands , or wishes ."
test,all,816,837,0.8841533660888672,10,ten killed in alaska plane crash,death toll rises in russia plane crash
test,all,817,838,0.8842111825942993,23,"nytimes : what we don ’ t know is killing us -couldn 't agree more ! e.g. , research on ipv homicides & guns is critical .",what we don ’ t know is killing us the gun industry can 't handle the truth .
test,all,820,841,0.8851708173751831,14,we are all different we came from different backgrounds and we all saw things based on different perceptions some fact based and some clouded by personal experiences .,our interactions are merely depends on where we put our perception .
test,all,821,842,0.8854182958602905,10,A person is spreading butter on a tray,a man is applying butter to bread .
test,all,825,846,0.8862276077270508,9,the switch has to be within a closed path with the bulb and battery,because the switch was connected to the closed circuit
test,all,826,847,0.8862554430961609,10,the positive battery terminal is connected to terminal 6,the terminals are not separated by a gap
test,all,831,852,0.8869966864585876,13,A man is speaking to an audience.,a man is making a speech at the podium .
test,all,835,856,0.8880516290664673,11,a woman is slicing up some pork .,a woman is slicing cucumber .
test,all,836,857,0.8881247043609619,14,terminal 1 and terminal 2 are on the same side .,because terminal 4 is connected to the positive terminal but not the negative terminal
test,all,838,859,0.8885103464126587,8,a dog is running toward the camera .,A dog is running towards a ball
test,all,841,862,0.8888310194015503,7,express audibly ; utter sounds ( not necessarily words ) .,utter in a certain way
test,all,842,863,0.8894277215003967,9,a damaged bulb creates a gap in the path .,there is a gap in a circuit
test,all,844,865,0.8899854421615601,10,military plane crashes in south france : authorities,death toll rises in russia plane crash
test,all,845,866,0.8901069760322571,7,A man is peeling a potato.,The lady is peeling the potato
test,all,847,868,0.8904826641082764,8,""" the electrical state at the terminal matches the battery "" "" s electrical state """,terminal 1 is connected to the positive terminal
test,all,848,869,0.8907306790351868,15,if the other bulb is no longer contained in a closed path with the battery,bulb b and c are on a closed path to the battery
test,all,849,870,0.8910531997680664,10,a black dog looking at the camera .,a dog is running toward the camera .
test,all,853,874,0.8919830322265625,30,earthquake of 6.3 magnitude strikes off indonesia island,"5.9-magnitude quake hits sunda strait , indonesia : usgs"
test,all,854,875,0.8919998407363892,17,Morsi supporters protest in Egypt,Morsi backers defiant in face of Egypt govt threat
test,all,855,876,0.8920444250106812,7,someoen is playing guitar .,A man plays a guitar.
test,all,856,878,0.89264976978302,16,( cause to ) change from a gas to a liquid .,cause ( a liquid ) to leach or percolate .
test,all,860,882,0.8937382102012634,8,the man is playing the guitar .,someoen is playing guitar .
test,all,863,885,0.8948260545730591,16,iran nuclear talks expected to resume this week,"iran , atomic agency in first talks since rowhani election"
test,all,866,888,0.8967537879943848,10,A group of military personnel are playing in a brass quintet.,a group of men playing brass instruments .
test,all,867,889,0.8967863321304321,13,bulb b and bulb c are contained within a closed path,bulb a was still in a closed path with the battery
test,all,869,891,0.8980411887168884,10,the act of forcibly taking the opposition,the act of forcing out someone or something .
test,all,870,892,0.8988207578659058,20,The little girl is smiling and wearing a fake nose and glasses,The blonde girl with the pink top is happily smiling and wearing funny glasses with a large nose attached
test,all,874,896,0.8994688987731934,11,the man is playing the guitar .,a man is singing and playing the guitar .
test,all,875,897,0.8997464179992676,12,request urgently and forcefully .,make a request or demand for something to somebody .
test,all,877,899,0.9004766941070557,12,A group of people are ice skating in a big city.,The ice skating rink placed outdoors is full of people
test,all,879,901,0.9013198614120483,22,they also inherit the attributes and methods of its superclass .,this means that inheritance is used when types have common factors and these would be put into the superclass .
test,all,882,904,0.9032477140426636,10,a woman is slicing up some meat .,A woman is slicing a tomato
test,all,883,905,0.9035537242889404,11,The boy is not playing the piano,A child is not playing slip and slide in the grass
test,all,885,907,0.9040048122406006,9,6 killed in afghan capital mosque attack,8 soldiers killed in bomb attack in NW Pakistan
test,all,887,909,0.9044017791748047,14,the terminals are not separated by a gap,because terminal 4 is connected to the positive terminal but not the negative terminal
test,all,888,910,0.9046703577041626,11,a man playing the guitar .,a man is singing and playing the guitar .
test,all,890,912,0.905582070350647,13,A dark black dog and a light brown dog are fighting in the backyard,A black dog fighting with a brown dog in the snow.
test,all,891,914,0.9061811566352844,9,""" the electrical state at the terminal matches the battery "" "" s electrical state """,the positive battery terminal is connected to terminal 6
test,all,892,915,0.9074676632881165,9,Chinese stocks open lower Friday,singapore shares open lower on monday
test,all,893,916,0.9076738357543945,12,A potato is being peeled by a woman,a woman is chopping a potato .
test,all,894,917,0.9081451296806335,5,not contained in a closed path,the path does not close
test,all,896,919,0.9088249206542969,8,the terminals are not separated by a gap,terminal 1 is connected to the positive terminal
test,all,898,921,0.9090694785118103,20,intend ( something ) to move towards a certain goal .,the goal intended to be attained ( and which is believed to be attainable ) .
test,all,900,923,0.9093706011772156,26,Two little boys are wearing tuxedos,"Two boys, who look small, dressed in tuxedos are sitting on a red carpeted floor"
test,all,902,925,0.9098297953605652,8,south african icon nelson mandela hospitalized,Nelson Mandela in Hospital for Tests
test,all,904,927,0.9107937812805176,21,the health department spokesperson added the department is following centers for disease control protocol .,knox county health department is following national centers for disease control and prevention protocol to contain infection .
test,all,905,928,0.911990225315094,15,bulb a was still in a closed path with the battery,the switch has to be within a closed path with the bulb and battery
test,all,906,929,0.9123106002807617,24,about 31 percent of americans are now obese — roughly 30 or more pounds over a healthy weight .,"about 22 % of twentysomethings are obese , which is roughly 30 pounds over a healthy weight ."
test,all,910,933,0.914429783821106,12,singapore shares open lower on monday,chinese shares close lower on wednesday
test,all,911,934,0.9145039319992065,13,bulb b and bulb c were still contained in the same closed path with the battery .,bulb c and switch z are in the same closed path
test,all,912,935,0.9147050380706787,18,( i love him ! ! ! ! ) 10 reasons we can 't get enough gosling -,why we can 't get enough gosling ( duh ! )
test,all,913,936,0.9151310920715332,9,a black dog is running through some water .,black and white dog running through water .
test,all,916,939,0.9157956838607788,15,bulb b and bulb c are contained within a closed path,the switch has to be within a closed path with the bulb and battery
test,all,917,940,0.9168787002563477,7,a man playing the guitar .,A man plays a guitar.
test,all,918,941,0.9177513122558594,12,A woman is amalgamating eggs,a woman is placing eggs into a pan .
test,all,919,942,0.9190434217453003,10,terminal 1 and terminal 2 are on the same side .,the terminals are not separated by a gap
test,all,921,944,0.9198915362358093,11,bulb c and switch z are in the same closed path,if both bulbs are contained within a closed path
test,all,926,949,0.9241738319396973,14,a dog jumping into a swimming pool .,a white and black dog is jumping into a pool .
test,all,927,950,0.9244067668914795,8,the man is playing the guitar .,a man playing the guitar .
test,all,928,951,0.9256404042243958,9,Someone is drawing a person,A picture is being drawn by a man
test,all,931,954,0.927547812461853,35,"his aides warn an abrupt departure could trigger more bloodshed , a view shared by many in liberia .","Taylor's aides warn an abrupt departure could trigger more chaos, a view shared by many in Liberia and, in private, even by mediators."
test,all,933,956,0.9291747808456421,8,terminal 1 and terminal 2 are on the same side .,terminal 1 is connected to the positive terminal
test,all,936,959,0.9309316873550415,7,A potato is being peeled by a woman,The lady is peeling the potato
test,all,939,962,0.9368211030960083,23,"mr president , i would like to defend workers in the sector .","mister preside over it , i insist on taking the defense of the workers of this sector ."
test,all,942,965,0.9382892847061157,9,A man is talking to a woman,a man and woman are talking .
test,all,943,966,0.9435562491416931,15,bulb b and c are on a closed path to the battery,the switch has to be within a closed path with the bulb and battery
test,all,950,973,0.9494528770446777,14,bulb b and c are on a closed path to the battery,bulb b and bulb c are contained within a closed path
test,all,951,974,0.9526537656784058,8,sail boat floating on the blue water .,sail boat sailing on the water .
test,all,952,975,0.9533740282058716,27,"er diab ... "" : at least 245 killed in brazil nightclub fire ""","tragic . my thoughts and prayers go out to all ... "" at least 220 killed in brazil nightclub fire """
test,all,953,976,0.953536868095398,11,The man is slicing potatoes,A person is slicing a potato.
test,all,955,978,0.9562162160873413,22,eight bottles of harp lager lined up on the floor .,Beer bottles (-LRB- Harp Lager )-RRB- lined up on the floor.
test,all,956,980,0.9583446979522705,13,a woman is slicing up some pork .,a woman is slicing up some meat .
test,all,957,981,0.9606454372406006,15,a black and white photo of a cow walking under a tree in a field .,a black and white photo of a cow under a tree.
test,all,958,982,0.965592622756958,8,a man climbs up a rope .,A man is climbing up a rope
test,all,959,983,0.9659970998764038,11,a man is slicing potato .,A person is slicing a potato.
test,all,961,985,0.9674277305603027,12,A woman is water skiing.,a woman is water skiing on a lake .
test,all,963,987,0.973028302192688,8,a man is slicing potato .,The man is slicing potatoes
test,all,970,994,0.9954500198364258,9,Red and white bus driving down road.,red and white bus driving down road .
test,all,972,996,0.9974274039268494,11,A woman is applying cosmetics to her eyelid,A woman is putting cosmetics on her eyelid
