sentence_id,text,source_group,source_row_first_seen,source_column,token_length,split,semantic_cluster
000cac750a3959bb2e7d51ddd926e716b68caf2e47dfaa2aee1f84a27b40670e,Two men are hugging,000cac750a3959bb2e7d51ddd926e716b68caf2e47dfaa2aee1f84a27b40670e,37007,sentence2,5,search,4
003a8af7558e3c0045c5a40a66e8f3b4bd9473d018e4cb4eb100f637f8c5f11a,at least 18 killed in afghan bomb attacks : officials,003a8af7558e3c0045c5a40a66e8f3b4bd9473d018e4cb4eb100f637f8c5f11a,10182,sentence1,14,search,3
003cefcb21d23a2575f1a270f74ecaf72cc46f8ba9818c0017788a651debd0e4,two dolphins jumping into the water .,003cefcb21d23a2575f1a270f74ecaf72cc46f8ba9818c0017788a651debd0e4,22154,sentence2,9,search,7
005af0fbb3004b2ea32d8aef2118b4aee4e4808de16bb7ea436e0aba7568eced,7 killed in attacks in iraq,005af0fbb3004b2ea32d8aef2118b4aee4e4808de16bb7ea436e0aba7568eced,12590,sentence1,10,search,3
006a7145ba90ea5c2ab0f5c63fd24cb45aab7e7ab261a687f83c1535cd40fce9,"to reach john a. dvorak , who covers kansas , call ( 816 ) 234-7743 or send e-mail to jdvorak @ kctar.com .",006a7145ba90ea5c2ab0f5c63fd24cb45aab7e7ab261a687f83c1535cd40fce9,2334,sentence2,54,search,5
007b53cc3096428c3ff23b2d9d628b9fe9a7d84f49fe94aae552ae0ad4bde176,"in vienna , the iaea said elbaradei would accept the invitation , although no date had yet been set .",007b53cc3096428c3ff23b2d9d628b9fe9a7d84f49fe94aae552ae0ad4bde176,34318,sentence1,36,search,2
00974f4d2d491221ff69cff460e803e1ac79f90c68f1f6ef9553a48f5f8e01b3,tamerlan tsarnaev buried in virginia,00974f4d2d491221ff69cff460e803e1ac79f90c68f1f6ef9553a48f5f8e01b3,20213,sentence1,17,search,3
00cbf493a7a1b554a8cd3c1d967f898f37789ffcc962edcee866906f3a5b7541,a close-up of a brown horse .,00cbf493a7a1b554a8cd3c1d967f898f37789ffcc962edcee866906f3a5b7541,31451,sentence2,12,search,7
00cc0a79d62c1ad369e93ddf607893dc3ef0a1924473a0495cc39cc6791e07e2,A man is slicing a potato into pieces,00cc0a79d62c1ad369e93ddf607893dc3ef0a1924473a0495cc39cc6791e07e2,2597,sentence2,12,search,6
00d9831ce7818ffc7f9d9c0a08e90924f4a4b5be584d3fb54ed3ebcaa8b8dd26,There is no lady holding the paintbrush next to the artist's easel,00d9831ce7818ffc7f9d9c0a08e90924f4a4b5be584d3fb54ed3ebcaa8b8dd26,7756,sentence1,16,search,0
00efd043b343c602818f1cd0c882151ef61491a9b7de4d2d67a062dcf73c1ed5,A boat is sailing quietly over the water,00efd043b343c602818f1cd0c882151ef61491a9b7de4d2d67a062dcf73c1ed5,3158,sentence2,8,search,4
00f41d636ba90a5b86588e5a7461bf5967453a90e912e9c571919f3547ae87c3,A man is performing stunts on a green bicycle,00f41d636ba90a5b86588e5a7461bf5967453a90e912e9c571919f3547ae87c3,9042,sentence1,11,search,6
00f75993411966fd6c2fe296903b004dabfb164166771ce2a3da4ec509c071ce,general nikolai n. urakov stated by telephone that the state scientific center of applied microbiology has quite reliable systems of protection in case of emergency .,00f75993411966fd6c2fe296903b004dabfb164166771ce2a3da4ec509c071ce,6390,sentence1,37,search,2
0119e0b5f5f9913edd76d14bea7b7ecf26f98d8bc6afb4f7907d74d611355928,Black and white photo of couch with purse at one end.,0119e0b5f5f9913edd76d14bea7b7ecf26f98d8bc6afb4f7907d74d611355928,13142,sentence2,12,search,4
0135afac893943196b28a63f9df1c20356d244f323140f68a0d77d371d58939e,effectively wield or manipulate a concrete entity,0135afac893943196b28a63f9df1c20356d244f323140f68a0d77d371d58939e,2506,sentence2,10,search,5
01487157989b423799b7534af75c1c843170090bbe116324f9cd8c1e2933c4a1,A stuntman on a bike is in the air near a body of water,01487157989b423799b7534af75c1c843170090bbe116324f9cd8c1e2933c4a1,4352,sentence2,17,search,6
014929e07ec309893caa662e88b0725346d7a74bd0ef9b420ea77ac27033327a,nobel prize winning author doris lessing dies,014929e07ec309893caa662e88b0725346d7a74bd0ef9b420ea77ac27033327a,27175,sentence1,11,search,3
018e361265814a76d10f65b3181a810f21c8150d03245e13dc113e9f05d1551a,It is the first named storm to develop in the Caribbean in December.,018e361265814a76d10f65b3181a810f21c8150d03245e13dc113e9f05d1551a,1169,sentence2,14,search,2
0198d519d24fed6775edbc5b33af2575f6cfe9dea98ef9cff533dc7553100862,the lie that japan was ready to surrender is revisionist history .,0198d519d24fed6775edbc5b33af2575f6cfe9dea98ef9cff533dc7553100862,14417,sentence1,15,search,2
01b54687dbd5793015f01aaf14bfbdf4735ed78670f96d012390461c36bebcf7,A man is crouching and holding a camera,01b54687dbd5793015f01aaf14bfbdf4735ed78670f96d012390461c36bebcf7,7386,sentence2,12,search,6
01b932b593c55275f7f5f7fd762a7dbc16c89e97c22722c396390002bb8767ef,2 palestinians killed in israeli airstrikes,01b932b593c55275f7f5f7fd762a7dbc16c89e97c22722c396390002bb8767ef,15064,sentence2,14,search,3
01d4d5351336b2f6517a0d0e5a59a7d6e298ebe1a518ba7d6cf9ec7e99af7999,this a picture of the countryside with a large city in the background .,01d4d5351336b2f6517a0d0e5a59a7d6e298ebe1a518ba7d6cf9ec7e99af7999,15434,sentence1,17,search,4
01e220f3192e3116f4a7cb143d4dbbeac2ba993fd14b3731df016084450907b9,china army newspaper slams us 's prism program,01e220f3192e3116f4a7cb143d4dbbeac2ba993fd14b3731df016084450907b9,35142,sentence2,15,search,3
021518b1d2f6c96c6e0d3be968418274ed3aa3856cd2876ed19597a5845bb913,a small camouflaged airplane parked in the grass .,021518b1d2f6c96c6e0d3be968418274ed3aa3856cd2876ed19597a5845bb913,9374,sentence1,16,search,4
021554974083357953f5f1d407f9ce0ff21b1d5f692f2abb4ec4957babcb858c,we should have monuments for him .,021554974083357953f5f1d407f9ce0ff21b1d5f692f2abb4ec4957babcb858c,33142,sentence2,9,search,2
0238da21fca92c7d7a9f41585270d97cec75674cf6fca46918523c76aec09b15,because the path was closed,0238da21fca92c7d7a9f41585270d97cec75674cf6fca46918523c76aec09b15,18454,sentence1,5,search,0
026bfacd48a9936f24f5aaee0162a15b2d5a6f01574a0d6bf6080633c9a66151,A boy is running through the sea at the beach,026bfacd48a9936f24f5aaee0162a15b2d5a6f01574a0d6bf6080633c9a66151,14335,sentence1,10,search,4
026e35d2ca4ab35b928b4de820f213771d377e8f0b2f158e068033c2bcd512cc,"yeah , for toddlers , since the youngest teenagers are already smoking and drinking .",026e35d2ca4ab35b928b4de820f213771d377e8f0b2f158e068033c2bcd512cc,14691,sentence1,20,search,4
0281f1c3f5c1bc2f449a59f697c4e91db7fc2c2ebff9d0a06ce224df74ab0397,a group of people standing outside of a building .,0281f1c3f5c1bc2f449a59f697c4e91db7fc2c2ebff9d0a06ce224df74ab0397,1371,sentence1,13,search,4
028c38a5c86cf2cfa1befb4c47ce4fd7a6df5de0c36b3624093cc0f9a15d0bb8,a couple posing for a picture on a couch .,028c38a5c86cf2cfa1befb4c47ce4fd7a6df5de0c36b3624093cc0f9a15d0bb8,21457,sentence1,16,search,4
02923dc7b7be7e278d18762cd00e4e84b5f8df6b942620e49f7b6db6b491e293,two are trapped as us building collapses,02923dc7b7be7e278d18762cd00e4e84b5f8df6b942620e49f7b6db6b491e293,15110,sentence1,8,search,3
02ac3d4186517d872cac09ed1d724bde9812cd9aaa92057a9bef25efa7695fee,"terminals 4 , 5 and 6 are connected to the positive battery terminal",02ac3d4186517d872cac09ed1d724bde9812cd9aaa92057a9bef25efa7695fee,21177,sentence2,15,search,5
02e6029da6fad0541ef608dcf8be092c543267ef06c6d6a1f14e84d4f280e007,the action of opposing some other social or military force .,02e6029da6fad0541ef608dcf8be092c543267ef06c6d6a1f14e84d4f280e007,11297,sentence1,13,search,2
02e65ad6425f43e78ddde13107051266150c0598a94b44916a40f4a23d8ea281,wtf is that all about ?,02e65ad6425f43e78ddde13107051266150c0598a94b44916a40f4a23d8ea281,3326,sentence1,10,search,5
030b0641429e1ac045274fdea744441e0b99e769db088a32be010bc772f7ce09,russian tv reports foiled attempt on putin,030b0641429e1ac045274fdea744441e0b99e769db088a32be010bc772f7ce09,12321,sentence2,12,search,3
03121692a7dd37c32238ca8d02ab27191092c570434213f3d8dc8bb070424958,There is no woman playing the violin,03121692a7dd37c32238ca8d02ab27191092c570434213f3d8dc8bb070424958,25493,sentence2,7,search,0
0334afa000b946a6a8eca252e65d469b3e4488dfe21bdc1aff7ea3cd372f8879,cite as an authority ; resort to .,0334afa000b946a6a8eca252e65d469b3e4488dfe21bdc1aff7ea3cd372f8879,11597,sentence2,11,search,5
034071978b78cb4dd16e8bef105d8a149f2efc03980a2c0711352656058591bd,A woman is adding spices to some meat,034071978b78cb4dd16e8bef105d8a149f2efc03980a2c0711352656058591bd,691,sentence2,8,search,1
0358ac655ef435873dca112a5778aed94a97b7df4c221fe52815fc848b6acbb8,worthy of being depended on ;,0358ac655ef435873dca112a5778aed94a97b7df4c221fe52815fc848b6acbb8,35680,sentence2,9,search,5
03778070e31e624e8429f255bc00217ba35e53b93eee2eeeafbf93b4b6012d32,senate key to fixing washington,03778070e31e624e8429f255bc00217ba35e53b93eee2eeeafbf93b4b6012d32,3202,sentence2,9,search,2
037903f68eceb8569e0af7c12d8efadf2ebf3bc8ab985ed2a364f1a0a62055e3,( computer science ) a computer that provides client stations with access to files and printers as shared resources to a computer network .,037903f68eceb8569e0af7c12d8efadf2ebf3bc8ab985ed2a364f1a0a62055e3,25027,sentence2,29,search,5
037c470132db4adc536a535b5b3855e6b6c025cdb449804cc80c4b9684f8ece0,There is no one banging a camera lens against a nail,037c470132db4adc536a535b5b3855e6b6c025cdb449804cc80c4b9684f8ece0,31280,sentence2,14,search,0
037e35bf5244ebd4721abfdf8cb27889c7f711de881e7db36b342317030abd43,A woman is cutting potatoes.,037e35bf5244ebd4721abfdf8cb27889c7f711de881e7db36b342317030abd43,7704,sentence1,6,search,1
0389e114953d3ef9b9573bc589a92417ec1498146460752497b6296a10dbca5c,"mobster "" whitey "" bulger 's girlfriend gets 8 years",0389e114953d3ef9b9573bc589a92417ec1498146460752497b6296a10dbca5c,2354,sentence1,16,search,1
039fbb53b3647f153852342513502b27cf4cef111553c5684438cce3152c8207,a lone cow sits in the cold of the yard .,039fbb53b3647f153852342513502b27cf4cef111553c5684438cce3152c8207,4154,sentence1,16,search,7
03ee5898b4ac76db2a5fc16105bb85d6a3b1cafd0bee118e898c5c1286fcab1f,u.s. drone kills 4 militants in pakistan,03ee5898b4ac76db2a5fc16105bb85d6a3b1cafd0bee118e898c5c1286fcab1f,25033,sentence1,16,search,3
03f741f21f38c7da2d157aa0b5d8c72e8c2727e23e464ae068a712eb24fdb5b9,we do not have to go look too far to find examples .,03f741f21f38c7da2d157aa0b5d8c72e8c2727e23e464ae068a712eb24fdb5b9,35551,sentence1,14,search,5
0441d82d9200db1199abd34c48222e5881726b52302388debe733581ef95f422,"no , not mr , i am spanish but i have lived here thinking two years .",0441d82d9200db1199abd34c48222e5881726b52302388debe733581ef95f422,24502,sentence1,25,search,5
04796863fb33cc568b7bfab0ec4b6c7233c52c197506ef7037706a937a0c19f1,Annan to visit Syrian refugees in Turkey Tuesday,04796863fb33cc568b7bfab0ec4b6c7233c52c197506ef7037706a937a0c19f1,13140,sentence1,9,search,2
04845d4a3aa2f5ad97c7daea789f38ca06d53960040235d36a3455f4d8b92dad,cold wave cut murders in new york city significantly,04845d4a3aa2f5ad97c7daea789f38ca06d53960040235d36a3455f4d8b92dad,18486,sentence2,10,search,3
04a4966f6e4993850d93d1bec28186ac44792842cf7bc511d06010f785a42de3,and of course the poppy propaganda .,04a4966f6e4993850d93d1bec28186ac44792842cf7bc511d06010f785a42de3,3353,sentence2,9,search,2
04b55420279504a59ddc79bd23ce6b84c6247108fed0369c05f6d55977d9a584,a woman is using a sewing machine .,04b55420279504a59ddc79bd23ce6b84c6247108fed0369c05f6d55977d9a584,11058,sentence2,11,search,1
05030d1ce00820e7fd76d215cc18782d15147370fe236d18660f1cfb9b310a72,seize and take captive ; take or gain possession of something,05030d1ce00820e7fd76d215cc18782d15147370fe236d18660f1cfb9b310a72,34527,sentence2,13,search,5
05372c1bc935c9f00fa62fe51c8f5c6a562370b847e6daafe77215f79e35fed2,The black dog is climbing on a rock,05372c1bc935c9f00fa62fe51c8f5c6a562370b847e6daafe77215f79e35fed2,5243,sentence2,9,search,7
054117d2329cd844d2e48fa06a6903a78a086e5a7abf5af9f0ad0a156660112b,a close-up of a sheep with its tongue hanging out .,054117d2329cd844d2e48fa06a6903a78a086e5a7abf5af9f0ad0a156660112b,27654,sentence1,16,search,7
0557389b40d9de526f2e6c3c2ab151d6a2fee1adf0ea5266c4532da2177f10d5,A woman is passionately playing a guitar in front of an audience,0557389b40d9de526f2e6c3c2ab151d6a2fee1adf0ea5266c4532da2177f10d5,4062,sentence1,14,search,1
0557ee299f4dd48c80d140d4b42677945bf0605054edec73930ce7d8fee660b6,a woman poses with a baby .,0557ee299f4dd48c80d140d4b42677945bf0605054edec73930ce7d8fee660b6,25590,sentence1,10,search,1
056a815288e4cef579b76aeea279025dd92907abdd2239b919a3a8a65035dbcf,A woman is digging in the sand.,056a815288e4cef579b76aeea279025dd92907abdd2239b919a3a8a65035dbcf,10223,sentence1,10,search,1
059101d170f337501748772e6aa71d3d5a5df69f89326639c8f046f7f1878533,A woman is performing a trick on a ramp with a bicycle,059101d170f337501748772e6aa71d3d5a5df69f89326639c8f046f7f1878533,8570,sentence1,15,search,1
05aaf9dcd63825c3adb718e1e361a31a2d04696d735d45c80c49763484789a4f,"philippines typhoon death toll at 4,460 : un",05aaf9dcd63825c3adb718e1e361a31a2d04696d735d45c80c49763484789a4f,7300,sentence2,19,search,3
05b3dd099e5e46e5ea182de9ffe9ce3d089f798940e76fd1942005e7c723bb4c,A man is not playing a guitar,05b3dd099e5e46e5ea182de9ffe9ce3d089f798940e76fd1942005e7c723bb4c,2500,sentence2,8,search,6
05c5e005090ff4844dba01d59f244d4e1cdd862e397f2b9fb87535358b3cfc29,The person who is playing soccer is kicking the ball between somebody's legs,05c5e005090ff4844dba01d59f244d4e1cdd862e397f2b9fb87535358b3cfc29,2753,sentence2,16,search,4
05d8ead3d0e92cfb32e00b5619aa493132f3611a97a764d86e4c4054a166d868,# myanmar s fight with armed # rebels edges toward china # burma # kachin,05d8ead3d0e92cfb32e00b5619aa493132f3611a97a764d86e4c4054a166d868,26036,sentence2,24,search,2
05ef0b9bf726b2c4dd346e7eb171f7a0e8606e3dce30acb32384237465b274f2,palestinian prisoners arrive at muqata in ramallah,05ef0b9bf726b2c4dd346e7eb171f7a0e8606e3dce30acb32384237465b274f2,30428,sentence1,14,search,2
05fb82b690f5ceceb21ee3e9386bb8098e439ac69053fa7e773bc9b921a53841,intend ( something ) to move towards a certain goal .,05fb82b690f5ceceb21ee3e9386bb8098e439ac69053fa7e773bc9b921a53841,17628,sentence1,14,search,5
065700672655e33939f83564ec05ffbf5665dc781341d7d80e48ca6bb1e563bd,A woman is eating a cake,065700672655e33939f83564ec05ffbf5665dc781341d7d80e48ca6bb1e563bd,2068,sentence2,7,search,1
066442b72f64c654bc240deb4459867a2b38b9470b692350dadebffc57843884,a turtle is swimming in water .,066442b72f64c654bc240deb4459867a2b38b9470b692350dadebffc57843884,16888,sentence2,9,search,7
067a2e8e077817776f6ddaca8af50b32329a72cb622fd404e1864cf12027217b,a reason for wanting something done .,067a2e8e077817776f6ddaca8af50b32329a72cb622fd404e1864cf12027217b,15499,sentence1,9,search,5
068d1a67c34da7dae58d5c30199b76c1e2dcfbbc71f6a0da673863ec74463dc1,iran 's nuclear quest ' has cost tehran over $ 100 billion',068d1a67c34da7dae58d5c30199b76c1e2dcfbbc71f6a0da673863ec74463dc1,1492,sentence2,21,search,2
06b93234cd7318112ba86ebfda11cd6c5d37783fd48258f35f6f3c5b5ac214e7,we have already led the negotiations about that possibility several times with all the czech mobile operators .,06b93234cd7318112ba86ebfda11cd6c5d37783fd48258f35f6f3c5b5ac214e7,15385,sentence2,22,search,2
06d60393d344964239f599968594ee3fec4bb1f069afc0dea87d7b7ae3bab59b,"opinion : tv , the thinking person ? s entertainment of choice",06d60393d344964239f599968594ee3fec4bb1f069afc0dea87d7b7ae3bab59b,8139,sentence2,18,search,5
06d6a10720ed271cbdb7754bc9e7d061bf8f8bbdd25d913b5230cf24fbc3c311,the verbal act of offering .,06d6a10720ed271cbdb7754bc9e7d061bf8f8bbdd25d913b5230cf24fbc3c311,5060,sentence1,8,search,5
06dfed3d2f1b84bcc281add69568a6d78f449972de1828ecb8964fa3a2ea4491,pakistan 's musharraf charged in bhutto death,06dfed3d2f1b84bcc281add69568a6d78f449972de1828ecb8964fa3a2ea4491,2130,sentence1,19,search,3
06e58aa734c9b0b1400afd59c728455d26d9cacfdf2f7b8731d2fd21c688a13a,a man in a dress suit is riding a bike down the paved road .,06e58aa734c9b0b1400afd59c728455d26d9cacfdf2f7b8731d2fd21c688a13a,7013,sentence1,20,search,6
0709b18c21565386f787244087bf1730597d290b1aa06787d0e1e51429468fc0,A young boy is playing in the park with his mother,0709b18c21565386f787244087bf1730597d290b1aa06787d0e1e51429468fc0,28320,sentence2,11,search,4
072d2854180d819b35c681fed9ed1e5ba98237071758a9de1a1c0b3b97ab1560,saferworld team leader on transfer controls and small arms roy isbister stated that -- the eu embargo explicitly states that no military equipment should be supplied either directly or indirectly for use in myanmar .,072d2854180d819b35c681fed9ed1e5ba98237071758a9de1a1c0b3b97ab1560,36307,sentence1,46,search,0
075eebd35d23ab01a313d730f58170c522c37f3cbf66806ff7146ae29f54e419,"the episcopal church , with 2.3 million members , is the american branch of the worldwide anglican communion , which has 77 million adherents .",075eebd35d23ab01a313d730f58170c522c37f3cbf66806ff7146ae29f54e419,5244,sentence2,37,search,2
077b72d82aab23e281c77d1a4672043af9ffc0c59ae7bd169fe1558c49a6df86,inability of the heart to pump blood to sustain life functions,077b72d82aab23e281c77d1a4672043af9ffc0c59ae7bd169fe1558c49a6df86,25219,sentence1,12,search,3
078970a3f521ab66ad026b05f0b5291e9e2a1746a2423a3723511ea18dbb538b,at least 150 dead as strong quake hits southwest balochistan,078970a3f521ab66ad026b05f0b5291e9e2a1746a2423a3723511ea18dbb538b,9504,sentence1,15,search,3
079600706be911ff7eca8c8d4711668305986723db35251270090d617cff75a8,"i 'd like to read this . mt : interview with dl weiss , who put her child on a diet and wrote about it .",079600706be911ff7eca8c8d4711668305986723db35251270090d617cff75a8,15443,sentence2,40,search,5
07bec3fa7b3b51d5b2981b2f8da08a90e2bcbd5f6c93b71829f5c90508d2cd0c,a white and red bus traveling on the street .,07bec3fa7b3b51d5b2981b2f8da08a90e2bcbd5f6c93b71829f5c90508d2cd0c,17441,sentence2,12,search,4
07e45eeb0e80d2e25daa584bb825fd2e4ebc1219b180ecb939cb41e9c7ba51d6,aww ? : britney spears calls off engagement ?,07e45eeb0e80d2e25daa584bb825fd2e4ebc1219b180ecb939cb41e9c7ba51d6,36669,sentence2,19,search,3
07f84ebe7508fa3d1da521eac1fcef26d99db411f2865229d7220f81cc198f15,well they already are taught about homosexuality in schools .,07f84ebe7508fa3d1da521eac1fcef26d99db411f2865229d7220f81cc198f15,14541,sentence1,12,search,2
07fb5b7d7807d5409826a828b4b0c052e79ee718a7d6ff3613535f059e9c4742,a man and a woman resting after exercise .,07fb5b7d7807d5409826a828b4b0c052e79ee718a7d6ff3613535f059e9c4742,6637,sentence1,13,search,4
08064fba8b0b477e833aa1e6ecf61fd4565d59c933d131e3e4c1c27b816ccebc,Four dogs playing in the snow.,08064fba8b0b477e833aa1e6ecf61fd4565d59c933d131e3e4c1c27b816ccebc,6931,sentence2,7,search,7
080a51c208396b050c055512505baf1e08af62f9bbf7fb160e86024c4a293888,"statement by the spokesperson of the eu high representative , catherine ashton , on the resumption of executions in iraq",080a51c208396b050c055512505baf1e08af62f9bbf7fb160e86024c4a293888,32276,sentence1,38,search,2
081054799ff56da07e1fea440ab54c39365f07da00daf128a4260c83bd26522c,"Malala, Snowden, Belarusians Short-Listed For Sakharov Prize",081054799ff56da07e1fea440ab54c39365f07da00daf128a4260c83bd26522c,94,sentence2,17,search,3
0821a22aae6e3f5b98f839c1a55d8b6b2fdedbf5b17440b6999205a07ff91d34,syrian forces kill 3 protesters in damascus-activists,0821a22aae6e3f5b98f839c1a55d8b6b2fdedbf5b17440b6999205a07ff91d34,17047,sentence1,19,search,3
08272ad488608769a752e29c88e98477438c37ca785724f849886f07a186ee8b,a man with sunglasses looking straight ahead .,08272ad488608769a752e29c88e98477438c37ca785724f849886f07a186ee8b,13306,sentence1,10,search,6
084158e7732d0ebd44c4875f6480207efa22e54b09b70a4b80d8a00ab1a3109f,"a black and white photo of a living room with a large window , sofa , and chair .",084158e7732d0ebd44c4875f6480207efa22e54b09b70a4b80d8a00ab1a3109f,29700,sentence2,25,search,5
085dda9ce4ec431f91748b987a65f8daec5462ccbf6937b052af53e5375cb489,travel ( as if ) through water .,085dda9ce4ec431f91748b987a65f8daec5462ccbf6937b052af53e5375cb489,2325,sentence1,11,search,5
08665d36f84a7870c79e43ebcf160e002d78562b7cb764ba5c3660142002bd30,"You just have to base your answer on what you do know, which is what you want.",08665d36f84a7870c79e43ebcf160e002d78562b7cb764ba5c3660142002bd30,35435,sentence2,19,search,5
086ccc74db5c891def3c45623cb7f6ccbab76f7034541b47f3bb75cafebfd4e2,A magic trick is being performed by the magician,086ccc74db5c891def3c45623cb7f6ccbab76f7034541b47f3bb75cafebfd4e2,7564,sentence1,9,search,6
087d794e9c87e8da1a930a75c9363e23f33eec4608ced57f8886d4eed14725bf,Three goats are chased by a dog.,087d794e9c87e8da1a930a75c9363e23f33eec4608ced57f8886d4eed14725bf,22176,sentence1,11,search,7
0892fc2b3b54a380a76c1a0ffa838d02abfcc9f6577bc7990a82fa554e24bc50,Oscar Pistorius sent for mental evaluation: what will it mean?,0892fc2b3b54a380a76c1a0ffa838d02abfcc9f6577bc7990a82fa554e24bc50,4397,sentence2,15,search,5
089c3d4f1460ce34338ba93b5f0c4f489375f04dc6956de39bcce953396c3af0,A man is leaning on the ledge of a balcony,089c3d4f1460ce34338ba93b5f0c4f489375f04dc6956de39bcce953396c3af0,27293,sentence1,14,search,6
08a6bb048cc9badd079eec913c1c4bcfb214c8443fa9b8f9e9cdcfae3b177d20,because switch y and z are also connected to bulb a .,08a6bb048cc9badd079eec913c1c4bcfb214c8443fa9b8f9e9cdcfae3b177d20,12283,sentence2,16,search,5
08cbcf9707667424997b8aacb85727476885fdd3902b05fd6d40386dfb22e9c0,influence or control skillfully and often deviously .,08cbcf9707667424997b8aacb85727476885fdd3902b05fd6d40386dfb22e9c0,8623,sentence1,12,search,5
08cf6db1ca8a43c95583e3a2341290cad7e64c036d4492be8bcbf02f8196fe68,a dog runs in the snow .,08cf6db1ca8a43c95583e3a2341290cad7e64c036d4492be8bcbf02f8196fe68,17158,sentence1,9,search,7
08e507384a23834d298ce66ba681a3d6b40e2fc8bbcb49dc5eb5c82e6bb25bf4,the damaged bulb b has left a gap in the path so the charge can not reach it,08e507384a23834d298ce66ba681a3d6b40e2fc8bbcb49dc5eb5c82e6bb25bf4,17504,sentence1,20,search,0
09034441590e87acc0f8ff9dce75981d8b5726fa8d078e7d7f6463915e5e5a18,David Cameron puts Sri Lanka on notice over war crime allegations,09034441590e87acc0f8ff9dce75981d8b5726fa8d078e7d7f6463915e5e5a18,22329,sentence1,11,search,2
09089aa97c99be1498745b895234565acf639194310fec5adef59bee370f2c22,"a man wearing a shirt that says "" gigolo "" is standing at a front desk area with his back to the camera .",09089aa97c99be1498745b895234565acf639194310fec5adef59bee370f2c22,7182,sentence2,31,search,6
0909fb73f841a4fb8e95756dc4d72f7546e5b9c584a829f48828a0b91c4628cb,"with the collapse of the investment bank lehman brothers two weeks ago , the allocation of appropriations between banks has again been delayed significantly , the banks having accumulated their liquidity .",0909fb73f841a4fb8e95756dc4d72f7546e5b9c584a829f48828a0b91c4628cb,24289,sentence2,40,search,3
090c4513fd949991481a706a9da1728e0706243a16ac8278d726af2ab8da6d5a,a young boy in red swim trunks is jumping into a pool .,090c4513fd949991481a706a9da1728e0706243a16ac8278d726af2ab8da6d5a,2097,sentence1,17,search,4
0913e70077bd6f02f48d60520403741c0863eb12bf354650561f037142d45a6d,say mean things .,0913e70077bd6f02f48d60520403741c0863eb12bf354650561f037142d45a6d,6400,sentence1,5,search,5
091b4dcb6afc07738ab8c64223594a532073b44d87ff7ba3bdb06bf38fe3c195,pakistan 's musharraf charged over bhutto murder,091b4dcb6afc07738ab8c64223594a532073b44d87ff7ba3bdb06bf38fe3c195,30656,sentence1,19,search,3
093fe6e8de56b5e0422253cf9f877e4fd7b5cba6f534f73aa8040bf6c4dc8bff,israel shoots down drone from lebanon,093fe6e8de56b5e0422253cf9f877e4fd7b5cba6f534f73aa8040bf6c4dc8bff,4503,sentence1,10,search,3
097238d6bb104e8f5172c605d54ca43a7c470fd4799745fe98cbd0f71d66e17a,6.8 quake strikes off solomon islands,097238d6bb104e8f5172c605d54ca43a7c470fd4799745fe98cbd0f71d66e17a,9273,sentence1,10,search,3
097f9783bb26f0fe2210d8c152d46f792a709c9423c7953bc184975cebbf9c75,The patient is helping the doctor,097f9783bb26f0fe2210d8c152d46f792a709c9423c7953bc184975cebbf9c75,6301,sentence1,6,search,4
098cc515ee33bcc0507ed8997fb021f2674635656aa0a7eb3431c640282554a3,but he said every level .,098cc515ee33bcc0507ed8997fb021f2674635656aa0a7eb3431c640282554a3,13515,sentence1,8,search,5
09e2f1f8250fb0bde8b7edde7e466a21a95ee9d4098a7d1e2b4feefe3432e48a,"hagel , dempsey face congress over defense budget",09e2f1f8250fb0bde8b7edde7e466a21a95ee9d4098a7d1e2b4feefe3432e48a,8118,sentence1,14,search,2
0a20a64d25f7f6215a4b1cc614084a5d86be18ef300c125431d1186183508269,throw with force or recklessness ; cast away,0a20a64d25f7f6215a4b1cc614084a5d86be18ef300c125431d1186183508269,24365,sentence1,10,search,5
0a345d208c7bc8d7891c4f44e6a797688407338b4654bebed86c618a2f18de9e,the learning network blog : student opinion | does facebook ever make you feel bad ?,0a345d208c7bc8d7891c4f44e6a797688407338b4654bebed86c618a2f18de9e,16000,sentence2,18,search,5
0a55070645d3ae969d7fe9ee824e994b45e3708fb96b1bbb3f53cc3742c6aa1c,a skateboarder doing a trick on a stone wall .,0a55070645d3ae969d7fe9ee824e994b45e3708fb96b1bbb3f53cc3742c6aa1c,15077,sentence2,16,search,6
0a59046429889621aeba109ec4fe0b6555d040225d97039ef400c9eb3a6ba154,i refuse to argue jesse jackson on this or any other thread .,0a59046429889621aeba109ec4fe0b6555d040225d97039ef400c9eb3a6ba154,22235,sentence1,20,search,0
0a5e62dfc0102df1438bf5795cfd675007dd0618f7f7ad6e16bc573d648f8737,"sars has killed 296 people on china 's mainland and infected more than 5,200 .",0a5e62dfc0102df1438bf5795cfd675007dd0618f7f7ad6e16bc573d648f8737,2189,sentence1,25,search,3
0a89a8187923165fad32f5be845c8b85f9962ae9e8d3e4fc494772cedbcd51ca,formula 1 : rosberg stays modest despite monaco win,0a89a8187923165fad32f5be845c8b85f9962ae9e8d3e4fc494772cedbcd51ca,23440,sentence1,15,search,0
0a9689044bf24c2b1fff0416125e7328e5e28a647cb4ffd5453320cb5807c224,a red and white plane flying on a sunny day .,0a9689044bf24c2b1fff0416125e7328e5e28a647cb4ffd5453320cb5807c224,11349,sentence1,14,search,4
0a97537da834aebdb085b05898f0dfcc06f58ab4b84471efa0bdb47fc423281d,A man and a dog on rocks on a beach.,0a97537da834aebdb085b05898f0dfcc06f58ab4b84471efa0bdb47fc423281d,15528,sentence1,13,search,6
0acfcabf4406d1b951722914e68a7a7deb63c39299d817870bf8fdc235aa2f71,saferworld team leader on transfer controls and small arms roy isbister stated-- the eu embargo prohibits direct or indirect supply of military equipment for use in myanmar .,0acfcabf4406d1b951722914e68a7a7deb63c39299d817870bf8fdc235aa2f71,17357,sentence2,42,search,2
0b0ffb3ef1c5abfe45df7971edc7440dc496736cf2cd139874d233b8f7e556ad,A man is singing a song and playing the guitar,0b0ffb3ef1c5abfe45df7971edc7440dc496736cf2cd139874d233b8f7e556ad,6095,sentence2,11,search,6
0b196102ad3317fc58cd7a15a61cd4c27cd5a409d31ea5264c9abe4f43b8cdc5,john cale in paris and along the borderline . # music,0b196102ad3317fc58cd7a15a61cd4c27cd5a409d31ea5264c9abe4f43b8cdc5,8319,sentence1,15,search,5
0b1ccd17e7d7a1625f28f80f9b1c1ef9bf3031731af8e36e106d8797b9368e1e,a young man wearing a striped shirt is holding two bicycles .,0b1ccd17e7d7a1625f28f80f9b1c1ef9bf3031731af8e36e106d8797b9368e1e,20450,sentence2,17,search,6
0b41fe9998a3ec811af34af83a88a77a63bbf413980b3e9515ab3a73c04ff752,"it is a pretty sad statement of the times , imo , that things have gotten so bad .",0b41fe9998a3ec811af34af83a88a77a63bbf413980b3e9515ab3a73c04ff752,620,sentence1,25,search,3
0b6cb26d32bc5459130c5ceeb503a7b6c7518554502ab17c9b19ee5d6f6442b9,a brown dog laying on a blue cover .,0b6cb26d32bc5459130c5ceeb503a7b6c7518554502ab17c9b19ee5d6f6442b9,13318,sentence2,13,search,7
0b781e68f9c20a8944a117fb9bbaec7655365e759f39bbacbd0bb11a2cb710d9,the great thing about living here is there 's space .,0b781e68f9c20a8944a117fb9bbaec7655365e759f39bbacbd0bb11a2cb710d9,15462,sentence1,14,search,5
0b94e1f8da5f843497875a791ffa8c6830893696ebfa15962bcbb8f5d968f206,a document granting an inventor sole rights to an invention .,0b94e1f8da5f843497875a791ffa8c6830893696ebfa15962bcbb8f5d968f206,32134,sentence1,14,search,5
0b9e9208561ef18f2aee8475b58606559cf1730c417d72dfda6a07cfdbd828cf,"some of the accused will also be charged with money laundering , tax evasion and corruption .",0b9e9208561ef18f2aee8475b58606559cf1730c417d72dfda6a07cfdbd828cf,25202,sentence1,21,search,2
0bd1273a1fb3cdee4bbf14e2fb96cd5c60deb9fd64a97b350ae7a34c8b318846,Two white dogs are playing with a brown dog and a tennis ball,0bd1273a1fb3cdee4bbf14e2fb96cd5c60deb9fd64a97b350ae7a34c8b318846,12295,sentence1,15,search,7
0bd73a2e283dc4eab241ad3a7d22b5ba84f902b7ce89a77b5f084023358ddc76,A girl is wearing white clothes and is dancing,0bd73a2e283dc4eab241ad3a7d22b5ba84f902b7ce89a77b5f084023358ddc76,12043,sentence2,9,search,1
0be04d0021440ac777c894d90089cc34c627822e234729c6899c840efa4917a2,panetta says afghanistan role to shift from combat in 2013,0be04d0021440ac777c894d90089cc34c627822e234729c6899c840efa4917a2,8416,sentence2,16,search,2
0be4a02b8d351024b060d513d1eb401c585a7e302bd7f716bedbc3c64dd73e7e,Rebels down Ukraine helicopters,0be4a02b8d351024b060d513d1eb401c585a7e302bd7f716bedbc3c64dd73e7e,11375,sentence2,6,search,3
0be5f8de1a2df4a38464284ef8dc9b782d78d045ad9312bd3e46c7cb41d0e4c5,dining room with wooden dining table set with playmates .,0be5f8de1a2df4a38464284ef8dc9b782d78d045ad9312bd3e46c7cb41d0e4c5,30305,sentence2,12,search,4
0be6562f527682d4aa96a9d6e64d2f697d814d8b393599326c25900e58e4f5a2,a man is mowing a lawn .,0be6562f527682d4aa96a9d6e64d2f697d814d8b393599326c25900e58e4f5a2,1454,sentence1,12,search,6
0bf4641cb3fa2c725f3df65be036b6ed6ff03a64f80d3eb5b6acd07bdb369256,sorry for such a long waffly post - any ideas would be much appreciated !,0bf4641cb3fa2c725f3df65be036b6ed6ff03a64f80d3eb5b6acd07bdb369256,183,sentence2,21,search,5
0c2db0d8f87a2394e9583baa925f570790e9231255d6c648e3a3a30c595fb959,give a detailed account of,0c2db0d8f87a2394e9583baa925f570790e9231255d6c648e3a3a30c595fb959,2642,sentence1,6,search,5
0c31865097fef878e8aa4472e394c6abc74c0bc2f707505002610b6e1996afcd,Two poodles are in the snow and one is jumping high,0c31865097fef878e8aa4472e394c6abc74c0bc2f707505002610b6e1996afcd,26517,sentence2,14,search,7
0c369fe7baaa3895cf1cad065cd968ee87f45b6e4b6051403a13093847fed0e0,There is no lemur hanging on a cord,0c369fe7baaa3895cf1cad065cd968ee87f45b6e4b6051403a13093847fed0e0,13530,sentence2,10,search,0
0c3a9015aeaffbd93809d66e27431cf460302320fd852b067215bc18c1ed2ef5,every leader had theories and markedly different explanations regarding the situation .,0c3a9015aeaffbd93809d66e27431cf460302320fd852b067215bc18c1ed2ef5,33016,sentence2,15,search,2
0c4803efcf8fcf7ffe002184563365683ddc86ea327cb2f1cfba0274aa264c6a,iranian parliamentary speaker gholam-ali haddad-adel visited cuba .,0c4803efcf8fcf7ffe002184563365683ddc86ea327cb2f1cfba0274aa264c6a,13339,sentence2,23,search,2
0c63a0660a05acfb68a7b8c3058eba485c82bb4d31937fd062cc9bb002a767ac,The rhino is grazing on the grass,0c63a0660a05acfb68a7b8c3058eba485c82bb4d31937fd062cc9bb002a767ac,21381,sentence1,9,search,7
0c7775172c1915ee69a9ab4f9183bcdc1866b22bffa63b15a83c91202ebebeec,A white dog is standing in a lake,0c7775172c1915ee69a9ab4f9183bcdc1866b22bffa63b15a83c91202ebebeec,17153,sentence2,9,search,7
0c9911fe66fe3726458fae78eac0455bee0d285651340b3e0816ab68e7633aff,Two boys are doing martial arts on a green mat,0c9911fe66fe3726458fae78eac0455bee0d285651340b3e0816ab68e7633aff,3019,sentence2,11,search,4
0c9bfb63235ae0f2e06aa2a0c65086889c3f5b7870f80dc90311a0f4808decba,because their is a gap between a and c now .,0c9bfb63235ae0f2e06aa2a0c65086889c3f5b7870f80dc90311a0f4808decba,18800,sentence1,15,search,5
0cf6c7e9c2de6ff9eecf04357719a773a6d6adf141ca1acbc711473bf4a797fa,This a picture of the countryside with a large city in the background.,0cf6c7e9c2de6ff9eecf04357719a773a6d6adf141ca1acbc711473bf4a797fa,13039,sentence2,16,search,4
0d19773bdc9649090c8b89357523d682aaa58f03d07f9bdf0bcfa0254cbab64f,the act of providing a subsidy .,0d19773bdc9649090c8b89357523d682aaa58f03d07f9bdf0bcfa0254cbab64f,1475,sentence2,10,search,5
0d1c7758ad160e5b614c35e979a019d9c95d174c56d86191e380b969a948ff52,"iguaran stated that the detainees will be accused of homicide , criminal collaboration , kidnappings and the funding of terrorism .",0d1c7758ad160e5b614c35e979a019d9c95d174c56d86191e380b969a948ff52,8025,sentence1,38,search,3
0d1f1d8612a201dcbe5e95a1129b008ccfd521588ccfe1d894ac8b0cc3976d54,"bangladesh building collapse death toll passes 1,000",0d1f1d8612a201dcbe5e95a1129b008ccfd521588ccfe1d894ac8b0cc3976d54,18744,sentence2,11,search,3
0d45fcfb7f996581e1e1d135dbfbb570b74d16b64f2083ce0631ec558b35b571,israeli delegation marches in 2012 olympics opener,0d45fcfb7f996581e1e1d135dbfbb570b74d16b64f2083ce0631ec558b35b571,19276,sentence2,15,search,2
0d5ec8d131d9ac877dfc332e02a4c94d69f75fdd3a070bebd8a23a457635a8be,A woman is playing a flute,0d5ec8d131d9ac877dfc332e02a4c94d69f75fdd3a070bebd8a23a457635a8be,232,sentence1,7,search,1
0d6a37a3244c2de08fff0f0440b70dc987354bbeb60006f753244fc9c50d7efe,A man is playing flute,0d6a37a3244c2de08fff0f0440b70dc987354bbeb60006f753244fc9c50d7efe,1034,sentence1,5,search,6
0d8d814c4a6822ba3806516ac09bdb38fb33209d2ed6977f0d5400997109a29c,russia has repeatedly threatened withdrawal from the cfe in opposition to plans for the extension of the us missile defense shield to eastern europe .,0d8d814c4a6822ba3806516ac09bdb38fb33209d2ed6977f0d5400997109a29c,3222,sentence2,31,search,2
0dba94f5242b183a958ceef6cac22cfa1d7e4b75b1eef592613a04268b71c7d2,a tan puppy being held and petted .,0dba94f5242b183a958ceef6cac22cfa1d7e4b75b1eef592613a04268b71c7d2,9282,sentence1,13,search,7
0dc04f2678a3a394d41e6d040a5f1a9fb9f8c4e102e31cea42547d7423505f86,israel says it carried out joint missile test with us in mediterranean,0dc04f2678a3a394d41e6d040a5f1a9fb9f8c4e102e31cea42547d7423505f86,3251,sentence1,18,search,2
0ddb0cc725129f92e84ef1cc5713991b5060c98c44143f99cf1a3e09750fe456,"A girl in a uniform, which is blue, is quickly raising her arm",0ddb0cc725129f92e84ef1cc5713991b5060c98c44143f99cf1a3e09750fe456,2602,sentence1,16,search,1
0dec07672a80fe9c5b1a50627460e9ca38e477cfc74328178515aa775f444d9c,"zimmerman stopped for speeding in texas , released with warning",0dec07672a80fe9c5b1a50627460e9ca38e477cfc74328178515aa775f444d9c,6985,sentence2,17,search,3
0df1a93bb0a907cdcd7d1fc718da48e77feb3a1409dbf155c3b25edb0686beb6,white bus parked in grass in front of building .,0df1a93bb0a907cdcd7d1fc718da48e77feb3a1409dbf155c3b25edb0686beb6,6263,sentence1,12,search,4
0e2bc1417f42034a83562d2fa2106b8896a246265927e2e9236daae607b57fe7,u.s. income tax & charitable donations : how much is income tax reduced by donations ?,0e2bc1417f42034a83562d2fa2106b8896a246265927e2e9236daae607b57fe7,4219,sentence1,23,search,5
0e34e80b60f6d641a5474d8d111b31378cea9c191b83c6e678434ae031bc6840,""" if that ain 't a democrat , i must be at the wrong meeting , "" he said .",0e34e80b60f6d641a5474d8d111b31378cea9c191b83c6e678434ae031bc6840,14144,sentence1,32,search,2
0e376103c8b88ad13eef2ac62a26eea5095bd21a56d03f39549764288cd49635,terminal 5 is connected to the postitive battery terminal,0e376103c8b88ad13eef2ac62a26eea5095bd21a56d03f39549764288cd49635,28120,sentence1,11,search,5
0e385b96a46de2c0224f3036ed4a85dfdae019fa3a5cbf12ef6cdb0ac7f0fb9a,The brown dogs are playfully fighting on the sandy shore,0e385b96a46de2c0224f3036ed4a85dfdae019fa3a5cbf12ef6cdb0ac7f0fb9a,23428,sentence1,11,search,7
0e3b3c92d0b253110ac438a74359abfe84804086f2c14ba57465f9cac7f6ee5d,top asian news 8 : 39 a.m. gmt,0e3b3c92d0b253110ac438a74359abfe84804086f2c14ba57465f9cac7f6ee5d,13297,sentence2,18,search,2
0e517359f557c9795c93495a41d16a6c23bb093fad57d37d6ffb3d6759138cf6,confine as if in a prison .,0e517359f557c9795c93495a41d16a6c23bb093fad57d37d6ffb3d6759138cf6,24368,sentence1,10,search,5
0e6fc642ba9974d92aa430ca8ffd7cbaba3cd01132d17e4220421062b00a60f1,a brown dog and two black dogs in an overgrown grassy field .,0e6fc642ba9974d92aa430ca8ffd7cbaba3cd01132d17e4220421062b00a60f1,12125,sentence2,17,search,7
0e7819beea1f7a38ed59c63a7ac964619f7cbf9dbc68dac7cd852c9b40226363,A dog is pushing a toddler into a puddle of rain,0e7819beea1f7a38ed59c63a7ac964619f7cbf9dbc68dac7cd852c9b40226363,14075,sentence1,15,search,7
0e85e00523b03423dccd0834f3bbf905fa99688acafb61ea92fe901e5841282e,There is no dog which is furry and black in a back yard carrying a basket in its mouth.,0e85e00523b03423dccd0834f3bbf905fa99688acafb61ea92fe901e5841282e,7529,sentence1,23,search,0
0ea3efa9a9cf6ca14eaa514c108bcddf086cb59b6942ae9bf52341eace776fae,a boy doing a wheelie on a plank with the beach in the background .,0ea3efa9a9cf6ca14eaa514c108bcddf086cb59b6942ae9bf52341eace776fae,36549,sentence1,22,search,4
0eab7b8c7cd73b5ae578075337e2624072e6469af19071c7529d02e845a3c95d,A baby is playing with a doll,0eab7b8c7cd73b5ae578075337e2624072e6469af19071c7529d02e845a3c95d,8617,sentence1,8,search,4
0eafbbf06e86b45f330ab916b9ba67a5d98099942b3853578b6912d9569cbf23,a blue and orange airplane flying with its landing gear down .,0eafbbf06e86b45f330ab916b9ba67a5d98099942b3853578b6912d9569cbf23,18452,sentence2,14,search,4
0ec0080eb65ad7998b0217a6d94f63b8799f9944cd60844e84ef2dc3e30e3208,a man is slicing an onion .,0ec0080eb65ad7998b0217a6d94f63b8799f9944cd60844e84ef2dc3e30e3208,5645,sentence1,12,search,6
0edb74b67d142bb2adc17f5f50e3a414bb61fac788e5ab3c72e5c1931ad07d22,is that how it works ?,0edb74b67d142bb2adc17f5f50e3a414bb61fac788e5ab3c72e5c1931ad07d22,11464,sentence1,7,search,5
0ef24a6ea90e65c758b09d8dc0f33f092e53822400ae8744e568a8b2f8febbae,A little boy in a pink shirt is playing t-ball and taking a swing,0ef24a6ea90e65c758b09d8dc0f33f092e53822400ae8744e568a8b2f8febbae,4205,sentence1,19,search,4
0f1a1bfef3ef523631f4c43435d564fe91d435b4874e93dfafa0b306e9f93816,get rid of as if with water ( metaphorical ),0f1a1bfef3ef523631f4c43435d564fe91d435b4874e93dfafa0b306e9f93816,9597,sentence2,13,search,5
0f2a78c14b57cf7d17cb3e75e730002ba36d646ced152c36d581ffc0e20f2c09,A woman is taking a mixture out of a bowl,0f2a78c14b57cf7d17cb3e75e730002ba36d646ced152c36d581ffc0e20f2c09,8570,sentence2,12,search,1
0f3107db40585f5c6977c11996cf86a21fc1425ca163e9aab1961131de0971d0,A lone bicyclist is putting down a bike,0f3107db40585f5c6977c11996cf86a21fc1425ca163e9aab1961131de0971d0,33385,sentence2,14,search,6
0f351aa57e167ec2ffba591c9eb080a3d3fb5f277aa22881e88718590e8fbc27,A man is sitting on the floor and is playing a guitar,0f351aa57e167ec2ffba591c9eb080a3d3fb5f277aa22881e88718590e8fbc27,3111,sentence2,13,search,6
0f4657a91935133f272c64338793cf1224d542ba649af4fbe8407e121199b2fb,Two people are arguing near a crowd,0f4657a91935133f272c64338793cf1224d542ba649af4fbe8407e121199b2fb,26224,sentence1,9,search,4
0f4f8b9085d501347436401cf053192f7795d18b0c25bbe85fac4cff11049bf1,A female tennis player is leaping into the air to hit the ball.,0f4f8b9085d501347436401cf053192f7795d18b0c25bbe85fac4cff11049bf1,27848,sentence2,15,search,1
0f8fd90bd223747c9146e9640b39bb7303b6cf40c4d4c026c9ebaf718c82715c,greece bailout uncertainty weighs on global markets,0f8fd90bd223747c9146e9640b39bb7303b6cf40c4d4c026c9ebaf718c82715c,11235,sentence1,12,search,2
0fa5b09ec0f8d4215ad61f85ab3d8fd9c2316b47c96f7066c8077c1c6a349808,a style and size of typeset,0fa5b09ec0f8d4215ad61f85ab3d8fd9c2316b47c96f7066c8077c1c6a349808,5495,sentence2,8,search,5
0fad869477f3e57d57a9a92235a6d8546da5ccefc3e0bda2b762fbf20af4ed53,the state of being joined or united or linked .,0fad869477f3e57d57a9a92235a6d8546da5ccefc3e0bda2b762fbf20af4ed53,31379,sentence2,11,search,5
0fb9c690ecbe3bd279c8a44075811a10191db469632a1307ee49efb89fd387ec,Three boys are running.,0fb9c690ecbe3bd279c8a44075811a10191db469632a1307ee49efb89fd387ec,8068,sentence2,5,search,4
0fcdc788743900cdc9734c38fc6ed99502d68a56ffc8be6a2be5d39fe5834984,the black and white dog has a stick in his paws .,0fcdc788743900cdc9734c38fc6ed99502d68a56ffc8be6a2be5d39fe5834984,37593,sentence2,16,search,7
0fd56ec5816e2dca5febfd710c3f6919ff3baaf98639d5f88ae0156ff4b83f1d,turning off one bulb will not turn off another bulb,0fd56ec5816e2dca5febfd710c3f6919ff3baaf98639d5f88ae0156ff4b83f1d,6211,sentence1,10,search,0
0fde21dd4b96317df15148c15dc98ed169eb9826c91b6b241ee12916769a5433,"2 killed , dozens injured by blast in southwest pakistan",0fde21dd4b96317df15148c15dc98ed169eb9826c91b6b241ee12916769a5433,10146,sentence1,15,search,3
0fecbf66a99a49bd10390f52fef0082afc926b8d3968615c6ab0503eaf34d7c8,The oriental lady is not cutting a carrot into thin pieces,0fecbf66a99a49bd10390f52fef0082afc926b8d3968615c6ab0503eaf34d7c8,23302,sentence2,12,search,0
0ffe084b1c411615cc07074e27af6e002b346ef2c366a464bd1b60c9287c477d,and this gross mistake is conducting russia policy to his downfall .,0ffe084b1c411615cc07074e27af6e002b346ef2c366a464bd1b60c9287c477d,4270,sentence2,15,search,3
10087d93aacfdf73a7f8efc58adc2dbe7b4296a0e92457afe4442f91409c6db0,what could be causing water pressure to build up after changing my under sink filter ?,10087d93aacfdf73a7f8efc58adc2dbe7b4296a0e92457afe4442f91409c6db0,11342,sentence2,18,search,5
101299bfabf1853905c56d14ad3315c61e395319f87c88982472ee4495c42014,a spatial terminus or farthest boundary of something,101299bfabf1853905c56d14ad3315c61e395319f87c88982472ee4495c42014,35596,sentence2,12,search,5
10235e77581422cb1ebeaeba32efa53ab059153e3e63165df7bfb47f16b45471,One small child is greedily drinking water from the cup,10235e77581422cb1ebeaeba32efa53ab059153e3e63165df7bfb47f16b45471,35121,sentence1,11,search,4
104d3bef686eac38a2a417d3e7c87b595bae1841f958e8be49bd7761ac4ca165,twist suddenly so as to sprain .,104d3bef686eac38a2a417d3e7c87b595bae1841f958e8be49bd7761ac4ca165,3595,sentence2,11,search,5
1091d650c306234fba62376e61835714f619788216b6774a7411f3abcf1baed7,A man with a beard is sitting in the grass.,1091d650c306234fba62376e61835714f619788216b6774a7411f3abcf1baed7,17119,sentence2,13,search,6
1091f71b6b69faa87f9234ffdf1011388148da5261d998ff03d606630b12bbc8,A boy in blue are sliding down a green slide,1091f71b6b69faa87f9234ffdf1011388148da5261d998ff03d606630b12bbc8,4879,sentence2,11,search,4
10a6d14d3f478694270ddd3f86790e67f95c6c16364dec2e8928ac073bef20ea,a boy wearing a red shirt runs across the grass with a furry dog .,10a6d14d3f478694270ddd3f86790e67f95c6c16364dec2e8928ac073bef20ea,5245,sentence2,20,search,7
10d2e8297d626bd46f15d3494ae4b91ac8d3d0c8b16c7d347385b125e34375fa,Bangladesh collapse deaths top 620,10d2e8297d626bd46f15d3494ae4b91ac8d3d0c8b16c7d347385b125e34375fa,37082,sentence1,6,search,3
10d6c671ccfd5641c666a6b4ec24c5aea692fb9840a8492c4b1398650b506597,value measured by what must be given or done or undergone to obtain something .,10d6c671ccfd5641c666a6b4ec24c5aea692fb9840a8492c4b1398650b506597,2438,sentence1,17,search,5
10d8bc5948e9e2b947528355957de807b3bca711a4610f8e0e75cf40a630d758,a chef prepared a meal .,10d8bc5948e9e2b947528355957de807b3bca711a4610f8e0e75cf40a630d758,4837,sentence1,9,search,1
11389f445e66d9efa72d0c3c57846be31f9e904bfeb2e141f9a8e5df8d14aece,flying from california to texas : do i need esta ?,11389f445e66d9efa72d0c3c57846be31f9e904bfeb2e141f9a8e5df8d14aece,36568,sentence2,23,search,5
115e8c4b138a36b48632717d27a89faba3044557d36ab5c9549a2223b041b5a2,not faint or feeble ;,115e8c4b138a36b48632717d27a89faba3044557d36ab5c9549a2223b041b5a2,15461,sentence2,7,search,5
1168740ad44e0f081fcd06e6b506a3748141f8a042ac2a048df6bd0e7309c92d,The man is chopping the trunk of a tree with an axe,1168740ad44e0f081fcd06e6b506a3748141f8a042ac2a048df6bd0e7309c92d,4108,sentence2,16,search,6
1174e38b6bfcf2a534c90ec66ec81339683346f7a8f1b6658082289de177eb12,a child and parent pet a horse .,1174e38b6bfcf2a534c90ec66ec81339683346f7a8f1b6658082289de177eb12,14472,sentence1,11,search,4
11955f6c4b1dfd645e556d746054e63e6a11bf4d9456c6d2f057e87ef54812df,"in the foreground of these lessons , one discovers that economic development is left mainly in the hands of the poor nations themselves .",11955f6c4b1dfd645e556d746054e63e6a11bf4d9456c6d2f057e87ef54812df,28315,sentence1,30,search,2
11a9a14f0130e0dfbd0bc6ad6f7f2c46f8dba31e482555ef460255abc91e05ef,hezbollah says it sent drone over israel,11a9a14f0130e0dfbd0bc6ad6f7f2c46f8dba31e482555ef460255abc91e05ef,10518,sentence1,13,search,2
11ae5e3e844407aded8f70bfe44e98ed82cd98ec5eb837bc659b49da4f8717fb,"my recommendation is not to say anything , and do the best you can .",11ae5e3e844407aded8f70bfe44e98ed82cd98ec5eb837bc659b49da4f8717fb,13453,sentence2,17,search,5
11c288edb9f9ad28cf8bfdaf94209fb6a08e7a80eea11cd6b4d80f8487f4abd3,The man is doing a magic trick,11c288edb9f9ad28cf8bfdaf94209fb6a08e7a80eea11cd6b4d80f8487f4abd3,24628,sentence1,8,search,6
11da7630ef1fa3b2f9a5de18e8bbe0fac829247141a3ed0f175fbaafbf59a8cf,"it is fairly simple to understand , somewhat harder to referee .",11da7630ef1fa3b2f9a5de18e8bbe0fac829247141a3ed0f175fbaafbf59a8cf,5269,sentence1,16,search,5
11ec664b9abbe555934fb944a6992b9683a0f539132d183b7ec4421e3c382197,a boy riding on a swing .,11ec664b9abbe555934fb944a6992b9683a0f539132d183b7ec4421e3c382197,36196,sentence1,10,search,4
11f4f5ab349feb033b0cc53ff6584678ca733bc3a58baac84bff54bd02052225,we might have been able to prevent a disaster .,11f4f5ab349feb033b0cc53ff6584678ca733bc3a58baac84bff54bd02052225,23285,sentence2,13,search,2
11fa86505c3b3b793c829c6dd47ce728c544b86163f936883e964997defa1a29,no update on nelson mandela 's condition,11fa86505c3b3b793c829c6dd47ce728c544b86163f936883e964997defa1a29,10147,sentence2,14,search,0
1205f71896c1f4f5633b10a40b475041cb2719becbce0461a1befcb1765239fd,police : explosion in belfast cathedral quarter,1205f71896c1f4f5633b10a40b475041cb2719becbce0461a1befcb1765239fd,6379,sentence2,10,search,3
1215505bcbcff1b774480d6555b1310958ca8cfc91b0a8267d3f2e1100b3d1ae,the reason kindles exist : the onion 's tossing out an e-book biography of biden,1215505bcbcff1b774480d6555b1310958ca8cfc91b0a8267d3f2e1100b3d1ae,2209,sentence2,26,search,2
122e0db983786adafc73e14dbaed4a9608f5554879e230cdd82d26d6021d17d1,greece concerns drag on asia markets,122e0db983786adafc73e14dbaed4a9608f5554879e230cdd82d26d6021d17d1,27260,sentence1,10,search,2
1240782dd9ad13120e75d31bb45212061e077d33906b5301f76dfbc3bea01fc8,"a woman is standing by a pillar where "" u2 "" is written .",1240782dd9ad13120e75d31bb45212061e077d33906b5301f76dfbc3bea01fc8,19277,sentence1,20,search,1
126062a1113cce09cb5f8574cee65189e4288ec236196d2abd1c82c48bd0b91f,Guitar is being played by two men,126062a1113cce09cb5f8574cee65189e4288ec236196d2abd1c82c48bd0b91f,4717,sentence2,7,search,6
12612779348574fe8c9c902eaa196942ec400723c0a268428586d954b881b8b2,Three kids are jumping in the leaves,12612779348574fe8c9c902eaa196942ec400723c0a268428586d954b881b8b2,36006,sentence2,7,search,4
1268b70071d20bae9ac87660659eae74a21a1a166465478c9834915eef0be8c4,"A young, topless woman is covered in paint",1268b70071d20bae9ac87660659eae74a21a1a166465478c9834915eef0be8c4,5018,sentence1,10,search,1
12a958249fec8685f873695a945fe8ba90e1673c4a41635fac3e6bd2cb333833,a skateboard performs a trick off a quarter pipe .,12a958249fec8685f873695a945fe8ba90e1673c4a41635fac3e6bd2cb333833,20217,sentence1,16,search,4
12b88d5f9f004824f6902392edaa27e96b34063a2f16896b2e98483706596af9,iran dissidents ' killed in iraq',12b88d5f9f004824f6902392edaa27e96b34063a2f16896b2e98483706596af9,15000,sentence1,17,search,3
12bd2202a7573d563f16fdacc241ab4b2df3658972f963c24f44bb0eea95b9c6,A man in a white shirt and sunglasses and a man in a black shirt and sunglasses are sitting at a table with four beer bottles,12bd2202a7573d563f16fdacc241ab4b2df3658972f963c24f44bb0eea95b9c6,26243,sentence1,30,search,6
12c5dd0536c0affbe0055f64f69b4e3f112039a8c74beacd1b45c4b69047b839,"tenet has been under scrutiny since november , when former chief executive jeffrey barbakow said the company used aggressive pricing to trigger higher payments for the sickest medicare patients .",12c5dd0536c0affbe0055f64f69b4e3f112039a8c74beacd1b45c4b69047b839,30220,sentence1,45,search,2
12cec4a3fda69e2d2fb3077b9f616582db46bb5a5c8d561c7605444c38e51392,The man is typing on a machine used for stenography,12cec4a3fda69e2d2fb3077b9f616582db46bb5a5c8d561c7605444c38e51392,2945,sentence1,13,search,6
13080cf01d790b31ae5a808aef7899d9c7450d27781dd05b501a7778f54c66fc,the act of applying torture to the foot and leg,13080cf01d790b31ae5a808aef7899d9c7450d27781dd05b501a7778f54c66fc,3412,sentence1,10,search,3
130a2e0f70ede63b725c83e465bc9214345d677c82bf3197ac332aa853e750a0,move very slightly .,130a2e0f70ede63b725c83e465bc9214345d677c82bf3197ac332aa853e750a0,6613,sentence1,5,search,5
13351c8bb99225c9a6d16d4462b52702ba6d67ef904c6342530e8c02b69ddf38,A big dog and a small dog with a white coat are playing together,13351c8bb99225c9a6d16d4462b52702ba6d67ef904c6342530e8c02b69ddf38,379,sentence1,16,search,7
1362610f4268bf320e46a882a0d572e76602985e7609d769fba64105bd68aadd,this is particularly true in the poorest countries .,1362610f4268bf320e46a882a0d572e76602985e7609d769fba64105bd68aadd,19689,sentence1,11,search,5
13646115d4adb5383096a5fcf3041823848ff1c6574f4f40f85328d13dc5bb3f,man standing in front of a silver rail car .,13646115d4adb5383096a5fcf3041823848ff1c6574f4f40f85328d13dc5bb3f,5726,sentence1,12,search,6
1392412caab5a2c73b6953acf52b14b79007bcec06376979df64477c4e95165a,A man is parking a motorbike,1392412caab5a2c73b6953acf52b14b79007bcec06376979df64477c4e95165a,20205,sentence1,8,search,6
13b7241bea9f9f3ef1fcb485650a7659eb514b426e273823dc5ce16913f777ce,former nazi death camp guard demjanjuk dead at 91,13b7241bea9f9f3ef1fcb485650a7659eb514b426e273823dc5ce16913f777ce,31266,sentence1,14,search,3
13df1160fa486c22515159af0bee1914667dcefac0d8abae45a41ae3a5e0dea4,'dozens killed ' in syrian air strike on bakery,13df1160fa486c22515159af0bee1914667dcefac0d8abae45a41ae3a5e0dea4,5297,sentence1,15,search,3
13f9eda2cdcc0f95077209a1b58e50c53d4f53651551825decc38e8076eb0616,two black dogs are playing in a grass .,13f9eda2cdcc0f95077209a1b58e50c53d4f53651551825decc38e8076eb0616,2136,sentence1,11,search,7
142650f035e8d56d94525a0762b98f152ef97d4569712cb61f86638b73de3926,it 's a good question .,142650f035e8d56d94525a0762b98f152ef97d4569712cb61f86638b73de3926,29329,sentence1,10,search,5
142916a347691dbb55d7e142f6bd50c590156b39fca348ebe55190849cbf2793,be afraid or feel anxious or apprehensive about a possible or probable situation or event .,142916a347691dbb55d7e142f6bd50c590156b39fca348ebe55190849cbf2793,9401,sentence2,22,search,5
142d4f3318c09308fd3ff51f99bdac78785ca89196f3540c82e3b267c41ebbc8,There is no man shaking a container over a sink in the kitchen,142d4f3318c09308fd3ff51f99bdac78785ca89196f3540c82e3b267c41ebbc8,31050,sentence1,15,search,0
143431d069bd204dd9621565e452f0902e99c2fcc54f319f6c7b5a190eec3ef1,forked form or shape,143431d069bd204dd9621565e452f0902e99c2fcc54f319f6c7b5a190eec3ef1,5276,sentence1,5,search,5
1448ee7a51ae7836fb964c3ac438ca680202095ba664b21be7c97728db3a9711,place or put on the ground .,1448ee7a51ae7836fb964c3ac438ca680202095ba664b21be7c97728db3a9711,31467,sentence1,8,search,5
145871bd98baf418fed723450b34a4eef9c18bb9b39e4104c93cdee9178b8e76,A man is singing and walking down the road,145871bd98baf418fed723450b34a4eef9c18bb9b39e4104c93cdee9178b8e76,12009,sentence1,9,search,6
148116d0a0e22313db1ae287781b48a631093b446ab48f493e760d1da92e84be,Five kids are standing close together and none of the kids has a gun,148116d0a0e22313db1ae287781b48a631093b446ab48f493e760d1da92e84be,12234,sentence2,15,search,0
14919b93a1cc98e12695cd1a3c679aa9fa1a5e8e5583e275df810212e8a9bb7f,a man walks across a tight rope .,14919b93a1cc98e12695cd1a3c679aa9fa1a5e8e5583e275df810212e8a9bb7f,15435,sentence2,11,search,6
14a2b31034d5703df8931a75439a7e2c6a4586ac5e59a5482386f284691d965e,a turtle is walking underwater .,14a2b31034d5703df8931a75439a7e2c6a4586ac5e59a5482386f284691d965e,18133,sentence2,8,search,7
14b42c2abe8d65a64080348a0bb6a90d472d1be6019efd48f47b9c0a1921ab85,A white dog is running through a snowy trail,14b42c2abe8d65a64080348a0bb6a90d472d1be6019efd48f47b9c0a1921ab85,12027,sentence1,11,search,7
14bd593cca4d31621399a869abc6868cb20ac55c27c24b5957e46284a8ef6708,A girl is naked and is standing on the grass,14bd593cca4d31621399a869abc6868cb20ac55c27c24b5957e46284a8ef6708,9019,sentence2,10,search,1
14c50cc1426373c2c74326634edf7acb99ae54368692fa2d2a605296b4d7ca8d,"Paul Walker dead: Fast and Furious star, 40, killed in car crash",14c50cc1426373c2c74326634edf7acb99ae54368692fa2d2a605296b4d7ca8d,6093,sentence1,16,search,3
14d41b64cdd9a6720d33509deeaec82692d28e7fc848bec8320971859707b361,my experience is that a normal taxi is always cheaper .,14d41b64cdd9a6720d33509deeaec82692d28e7fc848bec8320971859707b361,22116,sentence2,13,search,5
14d4493bed066d2637d149518c6cf596b356c100ee2fe8edb4924d52924b47ed,activity of extracting ore or other matter from the ground,14d4493bed066d2637d149518c6cf596b356c100ee2fe8edb4924d52924b47ed,33095,sentence1,12,search,5
14fc5a2a6fa258419c179de16068c84341f6de790dc6e6d1c7abd3a5d7606f9c,a black and white spotted dog jumps over a stream .,14fc5a2a6fa258419c179de16068c84341f6de790dc6e6d1c7abd3a5d7606f9c,9580,sentence1,16,search,7
150afd8066f5c7f52ac0d19d1a3aac8f0a1ef0ca98f14ee4b6234463d9fe9185,Some sliced tofu is being eaten by a woman,150afd8066f5c7f52ac0d19d1a3aac8f0a1ef0ca98f14ee4b6234463d9fe9185,2123,sentence1,13,search,1
1519d25ff8dcacfa686baa089776ab6c4a12b88284d22db570bcba5b403b4c05,a man is cutting up a potato .,1519d25ff8dcacfa686baa089776ab6c4a12b88284d22db570bcba5b403b4c05,17763,sentence2,11,search,6
151a047547c7ba9188f868dfffbd967dab0dc86fd97d050bb6c776d0b4ededfc,A woman is using an eye pencil and is applying eye liner to her eyelid,151a047547c7ba9188f868dfffbd967dab0dc86fd97d050bb6c776d0b4ededfc,13241,sentence1,17,search,1
1552efff17c59fdaf8e64c46c8c0d78cbf45f8a815e40dedba99129734762dcd,any organization that provides resources and facilities for a function or event .,1552efff17c59fdaf8e64c46c8c0d78cbf45f8a815e40dedba99129734762dcd,28568,sentence1,15,search,5
1574a182df650b60727e953911c2ba226bb2b1913e6e206a38757492aae58488,There is no man standing beside a large and colorful birdcage,1574a182df650b60727e953911c2ba226bb2b1913e6e206a38757492aae58488,21,sentence2,14,search,0
1583376c7ce352fb8c4e9587bdf62027904719d0e036c54b2e2eecf2cd60c224,two surfers perform tricks in the waves .,1583376c7ce352fb8c4e9587bdf62027904719d0e036c54b2e2eecf2cd60c224,9102,sentence1,10,search,4
158cc692b9ec709161d4ad0f65106189d0b303abacfa1a92f5480c35424dcd1c,"the irony of wistful recollections of past protest adventures clothed as they were in a style and form so like their own caricatures of the "" reactionary "" forces they opposed , was just too much for me .",158cc692b9ec709161d4ad0f65106189d0b303abacfa1a92f5480c35424dcd1c,14699,sentence1,54,search,2
1593c077f1620d3134f32a6dd6a53b5093cd3e5d29e3fe7d5e4452243051abca,three children are playing soccer in the sand .,1593c077f1620d3134f32a6dd6a53b5093cd3e5d29e3fe7d5e4452243051abca,33069,sentence1,12,search,4
15a74d005fcbceba322c456f87208757ad23eb731fcb79b19bf2d317201e1bca,A dog is swimming after a ball,15a74d005fcbceba322c456f87208757ad23eb731fcb79b19bf2d317201e1bca,10134,sentence1,8,search,7
15b2cb0eb6936b831ce25d85b0974590cfbdf3897d4d006ba0274a7987792c41,the physiological activation of an organism or organ,15b2cb0eb6936b831ce25d85b0974590cfbdf3897d4d006ba0274a7987792c41,8485,sentence1,9,search,5
15b697816580347ef7b9d8c85089bda22103d8f8c48956ca00fa9cc137cc21b5,two dogs are running in the field .,15b697816580347ef7b9d8c85089bda22103d8f8c48956ca00fa9cc137cc21b5,10043,sentence2,9,search,7
15c246e786c43cb91bbd2a601ad1a6fbc98ca9ef620a78ecf243c78ba862edac,"algerian field strike retaliation over mali , reports say -",15c246e786c43cb91bbd2a601ad1a6fbc98ca9ef620a78ecf243c78ba862edac,35248,sentence1,19,search,3
15c32921004fcd0707747c4718d1894df33b0d1f701154d26d31af952f97f4f5,A wild deer is jumping a fence,15c32921004fcd0707747c4718d1894df33b0d1f701154d26d31af952f97f4f5,3555,sentence1,9,search,7
15cb02ecd185f93a5b5ab960dc1d004fd898863c8a852dc52bf2695c427ba52c,a man sitting on the floor plays a guitar .,15cb02ecd185f93a5b5ab960dc1d004fd898863c8a852dc52bf2695c427ba52c,36249,sentence1,13,search,6
15cfce6b75e42fbec6a41edbe3f9ca5f3ac6937c13221a9389d8a30a52286107,The two women are playing a game.,15cfce6b75e42fbec6a41edbe3f9ca5f3ac6937c13221a9389d8a30a52286107,31106,sentence2,9,search,1
15d6ced7fbbfe7c56087bc17b1c3fb847dfbafcfb16af2c1423e08c70e8ccc10,The tail of an animal is being chasing by a dog in the grass,15d6ced7fbbfe7c56087bc17b1c3fb847dfbafcfb16af2c1423e08c70e8ccc10,6247,sentence2,16,search,7
1616b092432207132e9a1e161af53504f5e1d42eccd89b352f9343b045456a50,should i switch to third person or continue in first person ?,1616b092432207132e9a1e161af53504f5e1d42eccd89b352f9343b045456a50,15160,sentence2,14,search,5
161b13b15d181880b77750c34a5f405258ace9f8176793164de26c4841b941a8,a man is eating a banana .,161b13b15d181880b77750c34a5f405258ace9f8176793164de26c4841b941a8,13100,sentence2,10,search,6
161e718299a672c8984604e0c18abb0f0c77c89968db730804ab7312956e6f68,Two black dogs are jumping and playing with a yellow tennis ball in the snow.,161e718299a672c8984604e0c18abb0f0c77c89968db730804ab7312956e6f68,25606,sentence1,17,search,7
1649e473a616e0f3b09fc8a27333ef20f8cca3903833c7d13af0652138d5b764,"ukraine protest leaders name ministers , russian troops on alert",1649e473a616e0f3b09fc8a27333ef20f8cca3903833c7d13af0652138d5b764,34421,sentence2,17,search,2
16757e9475c6462fab1435356ff256787546a51754f71a82d2edc1fd1b8db8aa,egyptian court bans muslim brotherhood,16757e9475c6462fab1435356ff256787546a51754f71a82d2edc1fd1b8db8aa,12289,sentence2,14,search,3
167dd16694b72ec8fc97637e7bc033b2e536b7045b8eaa38babedd3bb4fa30d5,british stuntman fell to his death in wing suit mishap,167dd16694b72ec8fc97637e7bc033b2e536b7045b8eaa38babedd3bb4fa30d5,3070,sentence2,16,search,3
1689784b807e7071ad6c1a25b11a10d918bc7c8ce454ea995b6e6311cf25b94c,"A young girl is wearing a blue patterned swim suit, a black and yellow swim cap and has blue swimming goggles on her head",1689784b807e7071ad6c1a25b11a10d918bc7c8ce454ea995b6e6311cf25b94c,5356,sentence1,30,search,1
168bbd67918d07761a5727c24fcc3adc656b64890c1c032b400b428121b5e9c2,"6.1-magnitude quake hits papua , indonesia -- usgs",168bbd67918d07761a5727c24fcc3adc656b64890c1c032b400b428121b5e9c2,3462,sentence1,26,search,3
16b28278697300cbb3f9ce4c183203c7ade4fa9b6eb878d0f879091e530c352c,A woman is slicing a tomato,16b28278697300cbb3f9ce4c183203c7ade4fa9b6eb878d0f879091e530c352c,4601,sentence2,10,search,1
16db95c5fc55b23ebcca49745e480a6855770947e14c1b9315a3db41b7cf717d,a person wearing a helmet sits on a bicycle on a sunny day .,16db95c5fc55b23ebcca49745e480a6855770947e14c1b9315a3db41b7cf717d,4301,sentence1,20,search,6
16ee01729302c0fe7d1255a5517cccfa3a184769a4abfe44a4d79d22045576ff,north korea cuts last ties with south by barring joint industrial park,16ee01729302c0fe7d1255a5517cccfa3a184769a4abfe44a4d79d22045576ff,37237,sentence2,17,search,3
170298b7c0549b57e4054f9a90f6f22d99300cb9208abdabfb5de142d9390ab5,red sports car racing down track .,170298b7c0549b57e4054f9a90f6f22d99300cb9208abdabfb5de142d9390ab5,18246,sentence2,8,search,4
172ebedb0035d9b9e4818d43b50a6a6e4f9b3e55e5c563b75868a425497567c1,the man is sitting at a messy table and using a laptop .,172ebedb0035d9b9e4818d43b50a6a6e4f9b3e55e5c563b75868a425497567c1,15306,sentence2,16,search,6
173218c3093d4282b03ff641c6076e28db4df4180f5092f89c0a4339f450141e,A barefoot man in pajamas is looking toward the sky and is standing on the tennis court,173218c3093d4282b03ff641c6076e28db4df4180f5092f89c0a4339f450141e,37150,sentence1,21,search,6
1735dd8b7e19fd7c8d5617946d9731c0f832b8b0244134dabfe20cd4f37c04c1,a cruise ship docked at a coast .,1735dd8b7e19fd7c8d5617946d9731c0f832b8b0244134dabfe20cd4f37c04c1,20029,sentence1,13,search,4
173fe0424dbad5eb4d2d95902958abfb1ae844e009595dd640410b2a90fa08b9,terminal 5 is connected to the positive battery terminal .,173fe0424dbad5eb4d2d95902958abfb1ae844e009595dd640410b2a90fa08b9,15271,sentence1,11,search,5
17485ca74dccfe9c5d0dc462dc0aedf0491f5cba62cb7504528f9d5020799017,long lines formed outside gas stations and people rushed to get money from cash machines sunday as israelis prepared to weather a strike that threatened to paralyze the country .,17485ca74dccfe9c5d0dc462dc0aedf0491f5cba62cb7504528f9d5020799017,24373,sentence1,38,search,2
174b276fd0529ded5c1893b62eb07528a116399d4e4a506186c2111435f4fa75,a and c are in the same path,174b276fd0529ded5c1893b62eb07528a116399d4e4a506186c2111435f4fa75,12424,sentence1,10,search,4
17ad86e6145b505cc40b043874c87f722a42fe4da056f17c4c1d008989339de8,wow : announcing plan to hire every veteran who wants a job - w a few conditions . they anticipate 100k + hires :,17ad86e6145b505cc40b043874c87f722a42fe4da056f17c4c1d008989339de8,22309,sentence1,36,search,2
17cad10eada25f416010040ffbd5d35452918567b9436bb4dbd9efae891eca30,where is justice ? ' they ran him over because he was black',17cad10eada25f416010040ffbd5d35452918567b9436bb4dbd9efae891eca30,6274,sentence2,17,search,3
17fead6102161bd3731dd099359198dee1bd83d6f4b2dc7b35c035c9d6637d36,the state of being angry .,17fead6102161bd3731dd099359198dee1bd83d6f4b2dc7b35c035c9d6637d36,8558,sentence1,7,search,5
1818f004e5febc81560b6c84b40a6bff46f226d0d9b1acc70071ea9ce5571088,saudi arabia defends maid 's execution,1818f004e5febc81560b6c84b40a6bff46f226d0d9b1acc70071ea9ce5571088,29211,sentence2,13,search,3
18204cf6aa06641c565c575fdd5fb2f54feef4781dfbb3f9d2d8e567c0a44266,Three people preparing to canoe.,18204cf6aa06641c565c575fdd5fb2f54feef4781dfbb3f9d2d8e567c0a44266,32152,sentence2,9,search,4
182ac975dd0502c993e0eb228651380e1e9f3892b3a4a401f044352b97dad897,children play in a pool while adults look on .,182ac975dd0502c993e0eb228651380e1e9f3892b3a4a401f044352b97dad897,25453,sentence2,12,search,4
18307277004f351f63af601a2b14906dd171b80bf92112cb135580a80aa9ef9c,bird eating from a bird feeder .,18307277004f351f63af601a2b14906dd171b80bf92112cb135580a80aa9ef9c,18414,sentence2,9,search,7
18307e890a522783a510d114c08eb27730eadaba29ae09992c193585c866e7a7,treat with an agent ; add ( an agent ) to .,18307e890a522783a510d114c08eb27730eadaba29ae09992c193585c866e7a7,14474,sentence2,15,search,5
1830f1d1490d404dc4316e23760a3cd90a3332dabc5ee71eeb3c0dbb594f3f71,mary jo white to be named new s.e.c. boss,1830f1d1490d404dc4316e23760a3cd90a3332dabc5ee71eeb3c0dbb594f3f71,20170,sentence2,17,search,2
18475034dbae333aa5d37b4397adc27f2cbf413709c416fb16235c56e3f16307,"a social occasion , often official or formal",18475034dbae333aa5d37b4397adc27f2cbf413709c416fb16235c56e3f16307,9274,sentence2,10,search,5
184a3977e5c8e824dbe42d7038bce6fd661cdb0798cbbe45c156a4893845d0af,A dog runs through the grass.,184a3977e5c8e824dbe42d7038bce6fd661cdb0798cbbe45c156a4893845d0af,15085,sentence1,7,search,7
185184209878bacbcfac9ab6818198fc19af9d94b9d623dec7aab7d67228dec7,"daniels said he doesn 't know what bush will have to say about him at tonight 's $ 2,000-per-person presidential fund-raiser .",185184209878bacbcfac9ab6818198fc19af9d94b9d623dec7aab7d67228dec7,11042,sentence1,39,search,2
1872f3ee3e8b2662604032ffdf3e6ea3481e7b3f6b99070184b9f8775213d274,A white horse is being ridden by a man in a blue cowboy hat,1872f3ee3e8b2662604032ffdf3e6ea3481e7b3f6b99070184b9f8775213d274,14331,sentence1,19,search,6
18992d314200ffcc2ec91bf9f10d4f6adb05deff158428410b57e98e45b0998b,the leaders are today of a new chance and therefore let us take it .,18992d314200ffcc2ec91bf9f10d4f6adb05deff158428410b57e98e45b0998b,2287,sentence1,17,search,2
18a9bb161427abe04f87bc556423acb8bf1015419148a55da49e5a735e46fc36,A man in a car is not pulling up beside a woman who is walking along a road,18a9bb161427abe04f87bc556423acb8bf1015419148a55da49e5a735e46fc36,30191,sentence1,21,search,0
18aebc14547ac0e6955949841b7899d54692393e0cfc76e567b00e2233601c2b,A person is not chopping an onion,18aebc14547ac0e6955949841b7899d54692393e0cfc76e567b00e2233601c2b,22507,sentence2,9,search,0
18f13cf3ba4b957c2ad7f36b3bd2dc9955c50d138ad7bb4bb931955e2bb3ca4c,i had a similar situation .,18f13cf3ba4b957c2ad7f36b3bd2dc9955c50d138ad7bb4bb931955e2bb3ca4c,27662,sentence2,9,search,5
1941ce9f2939d0e43076b85c8a67ef0025a7397a77ef64f550ae3b57510a4f95,A man is spreading dough,1941ce9f2939d0e43076b85c8a67ef0025a7397a77ef64f550ae3b57510a4f95,22364,sentence2,5,search,6
1977bdfc3e62cc77472d36005dc420b6113ced686217e991d96331498afb19bb,A woman is washing a big pepper,1977bdfc3e62cc77472d36005dc420b6113ced686217e991d96331498afb19bb,26507,sentence1,8,search,1
197d067f7d293c0aacbcc0be1d1aeefe530484a72766faf5563fd973614361c5,A woman is pouring eggs into a frying pan,197d067f7d293c0aacbcc0be1d1aeefe530484a72766faf5563fd973614361c5,12339,sentence1,12,search,1
1983274f0c9726db49ac789c783a3313a74bacd2232890260f078eec41868fe7,george zimmerman ' to be charged ' with killing trayvon martin,1983274f0c9726db49ac789c783a3313a74bacd2232890260f078eec41868fe7,129,sentence2,20,search,3
19ba7c63a7712aa53647617ba7ed6a92853265d21bf6d552996e9c9d2dab154f,the positive terminal is connected to the bulb,19ba7c63a7712aa53647617ba7ed6a92853265d21bf6d552996e9c9d2dab154f,19236,sentence1,8,search,5
19c7ea50a73d2ee784bb43a1f2985e7bc66807d52f33fbee15260033bea5d4e0,A person is slicing some onions,19c7ea50a73d2ee784bb43a1f2985e7bc66807d52f33fbee15260033bea5d4e0,26330,sentence2,9,search,1
1a128e060601cac401e4b28be2bac9617adce7eb7e5da30afaffc268e57ce1f9,a gap wil be created,1a128e060601cac401e4b28be2bac9617adce7eb7e5da30afaffc268e57ce1f9,20718,sentence1,8,search,5
1a20b1f097a1a43db4a07717eaf44f79b14fadf93a11925cf0293162e612e24d,There is no man cutting pieces of butter into a mixing bowl,1a20b1f097a1a43db4a07717eaf44f79b14fadf93a11925cf0293162e612e24d,7205,sentence1,13,search,0
1a2f3f752048e483be977621f5f2f1224584839e814239962c576cc97cabfa1f,an explosion is booming in the desert .,1a2f3f752048e483be977621f5f2f1224584839e814239962c576cc97cabfa1f,4450,sentence1,10,search,3
1a3f3d05ff0a2fab3bd0f7157cc1799409e72c580cc8f91bc8fd3b975e3daf4f,a coal train traveling down the tracks .,1a3f3d05ff0a2fab3bd0f7157cc1799409e72c580cc8f91bc8fd3b975e3daf4f,32364,sentence1,10,search,4
1a6b41e054897d4351b2cffe8b774df3662da0cf8202d051c2245575ab03b96c,A black and white dog is jumping into the water.,1a6b41e054897d4351b2cffe8b774df3662da0cf8202d051c2245575ab03b96c,1036,sentence2,11,search,7
1a6d12cf9caa035b7dfee3cccc9c385684b2a02d9dc26580f6a82c8c2b21d6ee,oil falls in asian trade,1a6d12cf9caa035b7dfee3cccc9c385684b2a02d9dc26580f6a82c8c2b21d6ee,970,sentence2,7,search,3
1a7095da7ee5e9ee1beb4789afd29b4587d151218e417c36392dc6793e47fdaf,thousands more syrian refugees flee to turkey overnight,1a7095da7ee5e9ee1beb4789afd29b4587d151218e417c36392dc6793e47fdaf,24246,sentence2,12,search,3
1a8089dcf2c4b045006799cf9f28ff9bed726b16b9883663a44d30aba5e93a39,an amtrak passenger train waiting at a station .,1a8089dcf2c4b045006799cf9f28ff9bed726b16b9883663a44d30aba5e93a39,10804,sentence1,13,search,4
1acf866e18fbe3c1bf56f0997f98b06d2d32c3fcd5afa80e1fd102f158b85c06,A woman is peeling a potato.,1acf866e18fbe3c1bf56f0997f98b06d2d32c3fcd5afa80e1fd102f158b85c06,16521,sentence2,9,search,1
1ad9912e7dfbbb29f3e7a2267addbc5d79094a8867544344e28f2f2bd1fa310e,A bald person is playing a guitar,1ad9912e7dfbbb29f3e7a2267addbc5d79094a8867544344e28f2f2bd1fa310e,14339,sentence1,9,search,6
1ae88c9aadb130bf7e7e768052c64a0a34847c743fdb3697f2fef70de70a236f,saudi gas truck blast kills at least 22,1ae88c9aadb130bf7e7e768052c64a0a34847c743fdb3697f2fef70de70a236f,18288,sentence2,11,search,3
1af47875bcc0ebe351207d93388278d8cf7cf2c738276ae78e7ff3aa9f451419,Two brown and white dogs are fighting on a grassy area in front of a tree,1af47875bcc0ebe351207d93388278d8cf7cf2c738276ae78e7ff3aa9f451419,26881,sentence2,19,search,7
1b1c275ee6eb9bc84e0c81991a26d2aa6e4f4503eb8c79ef4bf8c451e42990ad,A brown puppy is gnawing a metallic post that is stuck in the ground,1b1c275ee6eb9bc84e0c81991a26d2aa6e4f4503eb8c79ef4bf8c451e42990ad,8247,sentence2,17,search,7
1b3f7b1757d6b2ad77bea9ad946cbff9a6351d158472d53254218b73ffba8cff,pakistan to release senior taliban commander on saturday,1b3f7b1757d6b2ad77bea9ad946cbff9a6351d158472d53254218b73ffba8cff,10138,sentence2,17,search,3
1b4f7ca211639ca512e3c080b9763d1f5ff533e5f04791a83f861217bb0cfa7e,how to blackout a large bedroom window on a budget ?,1b4f7ca211639ca512e3c080b9763d1f5ff533e5f04791a83f861217bb0cfa7e,24228,sentence1,15,search,5
1b7388b190b0942f8ff1234915cbb35ead7895f18aad06445c05d992b2844320,The kids are playing outdoors near a man with a smile,1b7388b190b0942f8ff1234915cbb35ead7895f18aad06445c05d992b2844320,25690,sentence1,13,search,4
1b784fc05d7b30e3de3a71080469ca92b007b173bb75f2f44039d3c435283371,a boy plays baseball .,1b784fc05d7b30e3de3a71080469ca92b007b173bb75f2f44039d3c435283371,21360,sentence1,7,search,4
1b7e1cd83c658d1547886511aa1e0fcc90481f22ed0f44276a5099d907f9dd14,Funeral of Ian Paisley to take place in Belfast,1b7e1cd83c658d1547886511aa1e0fcc90481f22ed0f44276a5099d907f9dd14,30636,sentence2,10,search,3
1bb84a99d602a501cc2f2697ae9c129c11197a1c0647fd8a73ae91aaa909eb62,a woman is peeling shrimp .,1bb84a99d602a501cc2f2697ae9c129c11197a1c0647fd8a73ae91aaa909eb62,24692,sentence1,9,search,1
1bc33e70b61eb8ac85ea50e2f29c707c49e1114c14fd1b7f6f2a85667a8e43da,south korea orders immediate shutdown of 2 nuclear reactors,1bc33e70b61eb8ac85ea50e2f29c707c49e1114c14fd1b7f6f2a85667a8e43da,14260,sentence2,13,search,3
1bcc1194edfe21b429bacf46d031338cbcb10c1b412bc98987fa1e9286a4fc93,Several jumpers are swimming in the water,1bcc1194edfe21b429bacf46d031338cbcb10c1b412bc98987fa1e9286a4fc93,2462,sentence2,9,search,4
1bcc14b04771af9c1c3959544ebf7ee13c113120ebd4f7b4700ade6037a5dd75,"Schools Chancellor Joel Klein said the push for higher standards and accountability ""is showing results.""",1bcc14b04771af9c1c3959544ebf7ee13c113120ebd4f7b4700ade6037a5dd75,3377,sentence2,18,search,2
1bcfed23ea822724943102436b5dc282698a77d5d25feaa01d555681f887c1a2,A black dog stands next to materials at a construction site.,1bcfed23ea822724943102436b5dc282698a77d5d25feaa01d555681f887c1a2,27063,sentence1,13,search,7
1bf6136c1c48852c9d0b55854900653d099d6e5c6cc6c50c8ac7944ac1bfd7a0,A dog is lying on a trampoline,1bf6136c1c48852c9d0b55854900653d099d6e5c6cc6c50c8ac7944ac1bfd7a0,20195,sentence1,10,search,7
1c25838342a0cd573b8f6d06c702c50b8395964e5a1aed0ac7413034bed0649b,follow one 's own or another 's path,1c25838342a0cd573b8f6d06c702c50b8395964e5a1aed0ac7413034bed0649b,16415,sentence1,12,search,5
1c3b3c68714a9c19f654c649b8620a224ab5576da9f704b8dd93d967c07d5b45,Two smiling little girls playing in a fountain with other people.,1c3b3c68714a9c19f654c649b8620a224ab5576da9f704b8dd93d967c07d5b45,22289,sentence1,13,search,4
1c8ebb01330af9a373f8ebfd54015b1485363d24d4f777dbdaced0a9a0792330,"rerun a performance of a play , for example .",1c8ebb01330af9a373f8ebfd54015b1485363d24d4f777dbdaced0a9a0792330,16292,sentence2,16,search,5
1c90a5498f05dea75be6b362a02e03931ed036485750a76fa1001f82bf8a6760,accessibility is determined by the axioms of the modal logic you 're working within .,1c90a5498f05dea75be6b362a02e03931ed036485750a76fa1001f82bf8a6760,9147,sentence2,23,search,5
1c98f349cbf89b81dd7e9036d8c4b780587c2fda0daea3752ca831e741c30938,a small child in a pink dress sits on a table .,1c98f349cbf89b81dd7e9036d8c4b780587c2fda0daea3752ca831e741c30938,21399,sentence2,17,search,4
1c9db164b507061b8b9794dd25b05173c9972f67b690e977f8f9fbc67fd7f2dc,A little boy with a bib is not watching the camera,1c9db164b507061b8b9794dd25b05173c9972f67b690e977f8f9fbc67fd7f2dc,13397,sentence1,13,search,0
1cc1ca73b17eb5156b307df04c67f24481e2f17038a741bac10e246d981e0520,south african icon nelson mandela hospitalized,1cc1ca73b17eb5156b307df04c67f24481e2f17038a741bac10e246d981e0520,1497,sentence2,13,search,3
1d0132ac7479225e4082aaad86b7f3c1aa022612161a3a76180102f1cbeacd6e,a dog is running along the beach beside the ocean .,1d0132ac7479225e4082aaad86b7f3c1aa022612161a3a76180102f1cbeacd6e,32613,sentence1,13,search,7
1d04859ccaaa513ac492e76a3c8322224e454f2ba75ee249a8af433b74788e12,A few men on the deck are dropping another man into the water,1d04859ccaaa513ac492e76a3c8322224e454f2ba75ee249a8af433b74788e12,9179,sentence2,13,search,4
1d360aa78461506e2cb9ad4080acb94f8de9e276756075d13a0e2e32930c8637,lance 's classic quotes,1d360aa78461506e2cb9ad4080acb94f8de9e276756075d13a0e2e32930c8637,12434,sentence2,7,search,5
1d4700f054bc01c0216180c755674b81b63e42c0457ccf2f8a4156345bb538a6,A young boy is jumping off a chair,1d4700f054bc01c0216180c755674b81b63e42c0457ccf2f8a4156345bb538a6,14632,sentence2,9,search,4
1d4c8d022e72b7983ffe709814796dceda8b7284f69abc73322035de5a492941,a pitcher on a mound throws a baseball .,1d4c8d022e72b7983ffe709814796dceda8b7284f69abc73322035de5a492941,26109,sentence1,15,search,6
1d4d410d8ff3f488a30202a93a94063fd1fc4512fbe717765bc9a78091e14581,"A boy, who is young, is jumping in the air with his knees bent and arms spread",1d4d410d8ff3f488a30202a93a94063fd1fc4512fbe717765bc9a78091e14581,35194,sentence2,20,search,4
1d4d55e84fcf3d8202b15a74d5a50222174a0927f0bd762aee2a3ac86e006959,one thing that should be used as a seasoning in odyssey tales is the idea of the false destination .,1d4d55e84fcf3d8202b15a74d5a50222174a0927f0bd762aee2a3ac86e006959,34307,sentence2,29,search,5
1d5488b2117ba6439970ca66968df0d4945551382ca7b956aea491acdbc59378,a man is playing a flute .,1d5488b2117ba6439970ca66968df0d4945551382ca7b956aea491acdbc59378,32228,sentence2,10,search,6
1d5c3ba77511339baf6f8850d99e15986f75c250566e02abbd5603e04e18b9a8,There are no dogs playing in the snow,1d5c3ba77511339baf6f8850d99e15986f75c250566e02abbd5603e04e18b9a8,34068,sentence1,8,search,0
1d6629d32b3d461e5332d8b7b3f4864983b81aedd3f4c9169a33bfca21be42c9,iraq violence kills 11,1d6629d32b3d461e5332d8b7b3f4864983b81aedd3f4c9169a33bfca21be42c9,24145,sentence2,9,search,3
1daaf8be9b6d360b1596aeeed1e4c51d6555366fc2f0ee9a4ea218fe84fdb81b,"All known GEFs reconfigure the nucleotide-binding pocket, often opening it by rearranging the switch regions.",1daaf8be9b6d360b1596aeeed1e4c51d6555366fc2f0ee9a4ea218fe84fdb81b,29129,sentence1,30,search,2
1db69a0b305e2830a0dc3d4cbf34a82c393493171efd2393c3f0494ced458316,"warmer , almost certainly a record .",1db69a0b305e2830a0dc3d4cbf34a82c393493171efd2393c3f0494ced458316,8458,sentence2,10,search,5
1dc4a4539489d8672f0861b32d6eb60f3ddb84d59e830468bae34150cffc0541,Not 'hiding the ball' on Russia: Obama,1dc4a4539489d8672f0861b32d6eb60f3ddb84d59e830468bae34150cffc0541,20126,sentence1,12,search,0
1dda9395cc6f97e043d83ecb036f81dd5b85c4c8a28c1209d10878a40084f02d,"there is , however , no photograph of dr hollingworth in the june issue of the magazine examined by the age yesterday .",1dda9395cc6f97e043d83ecb036f81dd5b85c4c8a28c1209d10878a40084f02d,4123,sentence2,33,search,0
1df7b52041d2c2c7bb601e81426ea36d73b3b0d20fb484454eafaab615020609,A man is cutting pieces of butter into a mixing bowl,1df7b52041d2c2c7bb601e81426ea36d73b3b0d20fb484454eafaab615020609,36395,sentence2,12,search,6
1e30b2cd260a685adaecda4dfedfade58641fc566ed84e7338bf39f274a90324,like better ; value more highly .,1e30b2cd260a685adaecda4dfedfade58641fc566ed84e7338bf39f274a90324,31061,sentence1,9,search,5
1e4d83cc54ddfacb5ef4b64db28c8df1f7436b923a6378a0b48515e4d36b4758,A dog with a blue collar is playing with the ball in the garden,1e4d83cc54ddfacb5ef4b64db28c8df1f7436b923a6378a0b48515e4d36b4758,6910,sentence2,15,search,7
1e5d719901b02c3115dd421363af9ddfb0c66c42bbc5b58012de13c9aae3caca,donohue said it is very difficult to manipulate radioactive isotopes without leaving a trail .,1e5d719901b02c3115dd421363af9ddfb0c66c42bbc5b58012de13c9aae3caca,3309,sentence1,26,search,0
1e64f6edef115b73e01ac9868091ba8059c9e57cb558a53956ff57562a775861,A brown and white animal is jumping on the sidewalk,1e64f6edef115b73e01ac9868091ba8059c9e57cb558a53956ff57562a775861,7645,sentence2,10,search,7
1ec42f0e4aca1de9459cbff654a9401331e62a9a9bd353cdc82a12624608ae8d,turkmenistan borders afghanistan .,1ec42f0e4aca1de9459cbff654a9401331e62a9a9bd353cdc82a12624608ae8d,6318,sentence2,15,search,2
1ec8085140a318a5fd59a3f505f883346c2ae5d43c2694e7d2477621490faac9,Two small children are idling in the street,1ec8085140a318a5fd59a3f505f883346c2ae5d43c2694e7d2477621490faac9,11284,sentence1,11,search,4
1f1ecad9270ad5bf91f75df69ad90961e5d542af58384196e240b491097593cf,A woman is chopping a potato.,1f1ecad9270ad5bf91f75df69ad90961e5d542af58384196e240b491097593cf,3153,sentence2,10,search,1
1f26d8c93e258db3a6d5ff9dbbe19dbec0fb41c49a82a5aabde6d761b40d16cf,more french soldiers to central african republic,1f26d8c93e258db3a6d5ff9dbbe19dbec0fb41c49a82a5aabde6d761b40d16cf,1532,sentence1,8,search,2
1f3d02868e87251756b44347f606871fbcbd9dfcc910660449f7b9869730d841,( cause to ) lengthen or stretch out in space,1f3d02868e87251756b44347f606871fbcbd9dfcc910660449f7b9869730d841,33591,sentence1,12,search,5
1f6475f33183689e149fa10eefbd0f83caab7a4a0c20cf0bc2baabfb6a510b55,You answered your own question.,1f6475f33183689e149fa10eefbd0f83caab7a4a0c20cf0bc2baabfb6a510b55,15645,sentence2,6,search,5
1f913b4aab4764734adb95fcbdac8b7f35e101d23fe7632f604171332a3cc2a1,A man is massaging a woman,1f913b4aab4764734adb95fcbdac8b7f35e101d23fe7632f604171332a3cc2a1,30627,sentence2,8,search,6
1fdc319b49dffab0d6c059762bf26cd0220d49ddc3b7678c2ffd7c0404327a90,"he gave a surprisingly impassioned speech to the united steelworkers of america , who announced their endorsement yesterday .",1fdc319b49dffab0d6c059762bf26cd0220d49ddc3b7678c2ffd7c0404327a90,5033,sentence2,30,search,2
1ff5f568a802e6646ec9bd5da53d3f845caa23c70dd8bdec36bf71a925f2b78f,a pet playfully investigates the contents of a gift bag .,1ff5f568a802e6646ec9bd5da53d3f845caa23c70dd8bdec36bf71a925f2b78f,19439,sentence2,16,search,7
1ffc196cdec957be6618a59f09e364615413441084c331edc003c60ef8625135,Three people are driving four wheel ATVs in a field,1ffc196cdec957be6618a59f09e364615413441084c331edc003c60ef8625135,14718,sentence2,13,search,4
20028dfc894bc2a4537ce2860a5f40dbd6a217355de446db75aec7f1e27892b5,There are a few things I don't understand:,20028dfc894bc2a4537ce2860a5f40dbd6a217355de446db75aec7f1e27892b5,3360,sentence1,12,search,5
203e8ee3e9d077211c6c9a3db54f37c1f00f849a5623ff5673757388cf52f8a2,the problem is that the commercial state of all czech mobile operators prohibits such a resale .,203e8ee3e9d077211c6c9a3db54f37c1f00f849a5623ff5673757388cf52f8a2,729,sentence1,27,search,0
20ac3326b20a165b759ba93142be9e220cea201d5f46632bf4e99fbf01d64ff1,emphasize ; draw attention to ; underline,20ac3326b20a165b759ba93142be9e220cea201d5f46632bf4e99fbf01d64ff1,13338,sentence2,10,search,5
20b5eb60f90803f77a5c6de2d2290ca02998daba209c96c64b9cbe85f87fc21f,a bay foal is walking next to its mother in a grassy field .,20b5eb60f90803f77a5c6de2d2290ca02998daba209c96c64b9cbe85f87fc21f,10489,sentence1,19,search,7
20b72bf7f37d3fc83164e3933e0aa3114116899ae69f687e6deb1bbe00aa718f,the act of concealing the identity of something by modifying its appearance .,20b72bf7f37d3fc83164e3933e0aa3114116899ae69f687e6deb1bbe00aa718f,23025,sentence2,16,search,5
20c3a3210981123b89d68df1e66d2a476fd31094498e9b3c87085a8c797b9f31,The herd of caribous is crossing a road,20c3a3210981123b89d68df1e66d2a476fd31094498e9b3c87085a8c797b9f31,14415,sentence1,12,search,4
20c613e83b878fc610b65e073d2b963d3b131fc5a1acc4c27eea412e5af24586,relation horse-trailer orden ( a5-0241 / 2000 ),20c613e83b878fc610b65e073d2b963d3b131fc5a1acc4c27eea412e5af24586,20354,sentence2,19,search,5
210a2a940b5e767ccb56a2bce79173e43f51acb8e6db96f51bb37b3c6322189e,"brian halla , ceo of natsemi , claimed the deal made sense for both companies .",210a2a940b5e767ccb56a2bce79173e43f51acb8e6db96f51bb37b3c6322189e,32440,sentence2,29,search,2
21291c90db7b102267499f481868680be3b1a645775db48eaba2b0c72c1eced7,mahmud controlled access to saddam and was frequently at his side .,21291c90db7b102267499f481868680be3b1a645775db48eaba2b0c72c1eced7,16048,sentence1,16,search,2
212ef41a699329940a833d392ff91720829ca7d20ccd131b90212946d1dd3b8b,"provide evidence for ; stand as proof of ; show by one 's behavior , attitude , or external attributes .",212ef41a699329940a833d392ff91720829ca7d20ccd131b90212946d1dd3b8b,16138,sentence2,28,search,5
2134627c83d37ccd536b6e627f93770102b647511d92910f88cac212e3f46984,A woman is putting make-up on,2134627c83d37ccd536b6e627f93770102b647511d92910f88cac212e3f46984,28488,sentence2,9,search,1
2141f862fee8568eae247af8952d0fd77b89b4f6d09c3ac3b157a4b1fef2758c,A chef is discarding some food,2141f862fee8568eae247af8952d0fd77b89b4f6d09c3ac3b157a4b1fef2758c,15563,sentence1,7,search,1
218bd664d497a219e0cfc24c9958ce5b40240f883edd7f98a6a852dbbb9c2666,"first , you should realize that this is not you or your dog 's problem .",218bd664d497a219e0cfc24c9958ce5b40240f883edd7f98a6a852dbbb9c2666,13411,sentence1,20,search,7
21b2106acd72128f0875e33e1f2ae73bff11264459cc556f1e5950dc58a79ff7,i don 't actually give two figs what minimum wage does for or against the economy .,21b2106acd72128f0875e33e1f2ae73bff11264459cc556f1e5950dc58a79ff7,35251,sentence1,23,search,0
21da35808b92ae6be210b2c6d4f8373870fe6b456f86a537235b6a604a6054f5,switch y does not effect bulb a,21da35808b92ae6be210b2c6d4f8373870fe6b456f86a537235b6a604a6054f5,2199,sentence1,9,search,0
21dbeaf05c77b10b61f6832f0118cff6b56c8aa3536eca8d863b2aa3fde34a07,tampering with medicine has been so lucrative that many of those arrested lived in million-dollar homes .,21dbeaf05c77b10b61f6832f0118cff6b56c8aa3536eca8d863b2aa3fde34a07,2146,sentence2,24,search,2
21e9c70d3042acba5662e24c6c976fb96b6b6215e51b38d52659bb20640317a6,edward snowden 's father in moscow,21e9c70d3042acba5662e24c6c976fb96b6b6215e51b38d52659bb20640317a6,150,sentence1,14,search,2
21ed17916336367d2df47b7626465f7fb68bcb2441b5c65b0865ffefa973104e,A young man is talking to a leaf,21ed17916336367d2df47b7626465f7fb68bcb2441b5c65b0865ffefa973104e,17276,sentence2,9,search,6
21ee60bbc623c8636b44d143ab4deae3103ba990ceef258774b6ed8ff2a2282e,god definately does not exist .,21ee60bbc623c8636b44d143ab4deae3103ba990ceef258774b6ed8ff2a2282e,9058,sentence1,10,search,0
21f47f7e656c252ad0bd4d8d41a424bdac53bcd70ebcff16967774746078704f,A small monkey is walking through water,21f47f7e656c252ad0bd4d8d41a424bdac53bcd70ebcff16967774746078704f,37107,sentence2,7,search,7
21f5e3ad94ca70535988a84497608ecd9dd5bf80350a5f5ccb63054285c1840f,A child wearing blue and white shorts is jumping in the surf.,21f5e3ad94ca70535988a84497608ecd9dd5bf80350a5f5ccb63054285c1840f,15003,sentence2,14,search,4
22085a87144dc3b947559779ea6af5804b62c444c1f22cad985e5f6db9eeacf5,two people who are married to each other .,22085a87144dc3b947559779ea6af5804b62c444c1f22cad985e5f6db9eeacf5,18524,sentence2,10,search,2
2216bbaec42331e97b7733fa23aa3993af9bf1c57cd5500d38912912d9d246c4,"they are not made up of the usual zombietime bums , college students or acorn bussed in hacks and seiu union thugs or commie funded answer geeks .",2216bbaec42331e97b7733fa23aa3993af9bf1c57cd5500d38912912d9d246c4,9432,sentence2,43,search,2
222e4d6234229ecbd411eebb77db030acbf74f84ed03ea66afa8c4f63a0e3d68,"wait , what ? ! - ' universal background checks ' defined",222e4d6234229ecbd411eebb77db030acbf74f84ed03ea66afa8c4f63a0e3d68,28107,sentence2,18,search,2
224d4f9ddb9f43ed7542cb726b1a24488f724317b7222fe6565031bd90c636f7,A person is performing a trick on a surfboard in the water,224d4f9ddb9f43ed7542cb726b1a24488f724317b7222fe6565031bd90c636f7,1230,sentence1,15,search,6
225228fb47deb473f960fe838c3dd05b1a6bf21434d6dec85981848038bf82c4,horse standing in a field .,225228fb47deb473f960fe838c3dd05b1a6bf21434d6dec85981848038bf82c4,1544,sentence2,8,search,7
226760fcaa48504c7b1e9c2a9edb303241ccdb512cbb81ee1e7d5aebc750f9e7,become or make oneself fresh again .,226760fcaa48504c7b1e9c2a9edb303241ccdb512cbb81ee1e7d5aebc750f9e7,3344,sentence2,9,search,5
227f373a94d8b8dd31d2e23771eaec6c341ed41768df2c866808a8ced009ed06,nascar officials could not be reached for comment tuesday .,227f373a94d8b8dd31d2e23771eaec6c341ed41768df2c866808a8ced009ed06,6152,sentence2,19,search,0
228af234c2b044ed63439469d232453d2b4d9ca0f005fc67807aa5bda97d68b3,The product also streams Internet radio and comes with a 30-day free trial for RealNetworks' Rhapsody digital music subscription service.,228af234c2b044ed63439469d232453d2b4d9ca0f005fc67807aa5bda97d68b3,17346,sentence1,29,search,2
22a34a174c42b9799b2186cf0fd1ad6166dec2bdd8435f6e4d1a5412e643b7a9,become hard or harder .,22a34a174c42b9799b2186cf0fd1ad6166dec2bdd8435f6e4d1a5412e643b7a9,26981,sentence2,6,search,5
22a7e87b16b194e8ee5aa80dfa72d3bc2b920f8bf6400686a04dccccb6f9aac7,bulb a and bulb c are in a closed path with the battery .,22a7e87b16b194e8ee5aa80dfa72d3bc2b920f8bf6400686a04dccccb6f9aac7,11374,sentence2,18,search,0
22c878a83ec9725582e9ee02ad68435ea25c4d960aec8f6857c66d4ceee5693f,mother arrested on suspicion of manslaughter after dog kills daughter,22c878a83ec9725582e9ee02ad68435ea25c4d960aec8f6857c66d4ceee5693f,3302,sentence2,15,search,3
22db3596c0fb1cab89b3c16be12eb1cd709da420a6e6a79ae3b2071f1e17af92,nato strongly condemns syria 's downing of turkish jet,22db3596c0fb1cab89b3c16be12eb1cd709da420a6e6a79ae3b2071f1e17af92,7105,sentence1,24,search,3
22dcef07011587e56452db46381ccd19ce53b8871e9e6456c66e3189642f1526,french fear new serial killer after murders,22dcef07011587e56452db46381ccd19ce53b8871e9e6456c66e3189642f1526,28163,sentence2,8,search,3
22e14145c6e33eb63e42749b0bdeda24a1d6861734cdefbabb496fa88bb38ab1,i don 't think what she 's saying is that controversial .,22e14145c6e33eb63e42749b0bdeda24a1d6861734cdefbabb496fa88bb38ab1,37179,sentence2,18,search,1
22e614e3e2bf683066c85aa80745bd1e7ebba507973314a8eaaf289095a88443,A small child is outdoors climbing steps in a grassy area,22e614e3e2bf683066c85aa80745bd1e7ebba507973314a8eaaf289095a88443,31370,sentence2,13,search,4
22e6167ac1e7a29cb3a66a5d021332e2aab1467c88e59f7dbeabcf257a4f3c6e,Obama says he's not 'hiding the ball' on Russia,22e6167ac1e7a29cb3a66a5d021332e2aab1467c88e59f7dbeabcf257a4f3c6e,24297,sentence1,16,search,2
22f38da29de94c3d0ece8cef3c6ee80ec957dc13158db380b9992c0c2a500703,a girl is bouncing on her head on a trampoline .,22f38da29de94c3d0ece8cef3c6ee80ec957dc13158db380b9992c0c2a500703,6031,sentence1,18,search,4
22fb5846b3cbff660683fd825542eb62f7e265342c1d2a1b3e22b16034bdb3e7,mr mcdevitt has been granted control of three aspects of policing by commissioner william morrell .,22fb5846b3cbff660683fd825542eb62f7e265342c1d2a1b3e22b16034bdb3e7,7371,sentence1,30,search,2
2301df673b343f00ab52e9769566c875974b3448256d183e86b28f16745d6f7e,mumbai is 2nd costliest indian city to live in,2301df673b343f00ab52e9769566c875974b3448256d183e86b28f16745d6f7e,10180,sentence1,13,search,2
2312eec2481967cc159f51ba9835314c435dea6d1c05e0d3d6d092a4b479b0ae,A woman is cutting a vegetable,2312eec2481967cc159f51ba9835314c435dea6d1c05e0d3d6d092a4b479b0ae,21552,sentence1,7,search,1
2313b526b1de753406d9727f654e6b8565dc47f486f4e0faa3ff03080a232c80,Nobody is holding a hedgehog,2313b526b1de753406d9727f654e6b8565dc47f486f4e0faa3ff03080a232c80,11257,sentence2,7,search,0
231eda389f8a9cac8ae2c4f4448dd13ad9f2c1129f1087c8f203fe42fa6e311e,A child in orange is playing outdoors with a snowball,231eda389f8a9cac8ae2c4f4448dd13ad9f2c1129f1087c8f203fe42fa6e311e,19176,sentence1,12,search,4
233c1688e6f5116d45571ddd8b12262e0626f4e19c4eeceab06818ce045df2c4,former new mexico gov. richardson pressing north korean test ban,233c1688e6f5116d45571ddd8b12262e0626f4e19c4eeceab06818ce045df2c4,35152,sentence1,19,search,2
23762ed58baa5a2fc288b6699b71b02abf589a97fbab6bd87b1bf3449ff81849,A person with a red hooded jacket and a black backpack is not walking near a rocky wall,23762ed58baa5a2fc288b6699b71b02abf589a97fbab6bd87b1bf3449ff81849,29,sentence2,25,search,0
238513bad35145edc3b9daae52b1041106c15139d97e318434c30f5702383e05,china sends aid team to philippines,238513bad35145edc3b9daae52b1041106c15139d97e318434c30f5702383e05,13426,sentence1,11,search,2
238f1e7b7ccc4ad07758761c36bc21d7b10f6776abc293a0c39537ce927079bb,A man is standing on the ground with a paintbrush,238f1e7b7ccc4ad07758761c36bc21d7b10f6776abc293a0c39537ce927079bb,16318,sentence1,12,search,6
2394445b1d1fac0ba69838711c418ab84b1ac6590074b3dae2e7d42895759681,chinese foreign ministry spokesman qin gang was asked to respond to cheney 's speech on china 's military development .,2394445b1d1fac0ba69838711c418ab84b1ac6590074b3dae2e7d42895759681,27256,sentence2,35,search,2
23950fbf4f20b2ff36ca512cf146145287ce06b366ac136cddbc1ac79b4dba84,"it is used in information filtering , information retrieval , indexing and relevancy rankings .",23950fbf4f20b2ff36ca512cf146145287ce06b366ac136cddbc1ac79b4dba84,1416,sentence1,22,search,5
23a735609f5fcb69b7e50a21616dd7a6bade5a2bdb7a157a4d3b9461d57330da,what is this vocal technique called ?,23a735609f5fcb69b7e50a21616dd7a6bade5a2bdb7a157a4d3b9461d57330da,450,sentence2,8,search,5
23b5c2b0898556a4762c634b74a56803b3843a1bc44101f9e2349bba1d23c370,a woman cuts off a small piece of lemon rind .,23b5c2b0898556a4762c634b74a56803b3843a1bc44101f9e2349bba1d23c370,29265,sentence2,15,search,1
23d6de153fe069fc914e47b23f99e0078d9b4437feb20559bef845ad94bddbba,"i have years of "" neener neener "" rights they are crack ups .",23d6de153fe069fc914e47b23f99e0078d9b4437feb20559bef845ad94bddbba,13396,sentence1,25,search,2
23e3190e9c9b8b96f702b61a78d99cbaa66e4a1247f15e7289dddf1e1d68b6de,you should prime it first .,23e3190e9c9b8b96f702b61a78d99cbaa66e4a1247f15e7289dddf1e1d68b6de,1459,sentence2,7,search,5
241a7fb9da615de3139628f0ea934f36ca9eb4e32fb4b0ba580a5cc513a61720,they don 't intend to leave those items around the house or untidy the house .,241a7fb9da615de3139628f0ea934f36ca9eb4e32fb4b0ba580a5cc513a61720,17566,sentence1,23,search,0
243385efaa0347b579821b0d77d5124d75a12e45a3c7736dd5f7dd5670b4ed54,there is a gap in terminal 1,243385efaa0347b579821b0d77d5124d75a12e45a3c7736dd5f7dd5670b4ed54,7603,sentence1,8,search,5
2437d72b2ca762d8c656f3f0fb96e43c6a125832d58e1d28038f517718a0cb39,syrian opposition reports ' massacre',2437d72b2ca762d8c656f3f0fb96e43c6a125832d58e1d28038f517718a0cb39,17085,sentence1,10,search,3
245567a616ea4f09e6067a2f96d02cf3651c931df2d7d658124926bd4e94bccd,a vehicle race on public roads,245567a616ea4f09e6067a2f96d02cf3651c931df2d7d658124926bd4e94bccd,37196,sentence1,7,search,4
24595e3a41c328f71c6d415b619d2a623c98b2773f5654896a3f2477390dbdf0,A man is on a ship in front of the sunset,24595e3a41c328f71c6d415b619d2a623c98b2773f5654896a3f2477390dbdf0,23350,sentence2,12,search,6
245a2c51a00158541f7cf7266844ade677f956a2d78fd10725a0091b27bcec53,no you are not .,245a2c51a00158541f7cf7266844ade677f956a2d78fd10725a0091b27bcec53,19337,sentence1,6,search,0
2464e082118520bd8f2601d5a26e9a559fa36e4d67eb16b8b612b4e896404c8a,A dog is jumping for a Frisbee in the snow,2464e082118520bd8f2601d5a26e9a559fa36e4d67eb16b8b612b4e896404c8a,32181,sentence1,14,search,7
2481b44e3667a6a4520718c48b5f6cf7f74db9ecbfce412e318c3b41300749a1,there is no test that can tell you if it is sealed or not .,2481b44e3667a6a4520718c48b5f6cf7f74db9ecbfce412e318c3b41300749a1,3428,sentence2,17,search,0
24845a2533afa05b97711472a5e3427ee2c65fb0f1fe19a9a255fd4868e34498,advance warning or notification of something,24845a2533afa05b97711472a5e3427ee2c65fb0f1fe19a9a255fd4868e34498,1300,sentence1,6,search,5
24853d697582f51375dec962f687d22519792a41d85e68b6dda914a9edb82820,A dog is leaving a ball in the dirt,24853d697582f51375dec962f687d22519792a41d85e68b6dda914a9edb82820,33397,sentence2,10,search,7
248576b150b3dae40a4c5dd721960b802948b06344260efcf6bb1ee6c48fd6ef,the battery keeps a chemical reaction reaction .,248576b150b3dae40a4c5dd721960b802948b06344260efcf6bb1ee6c48fd6ef,15335,sentence1,10,search,5
2489abb07bbc68e2c32ac61c49b48b6c6bfb026846679eed526b0383279a6214,The woman is not wearing glasses or a headdress,2489abb07bbc68e2c32ac61c49b48b6c6bfb026846679eed526b0383279a6214,4617,sentence1,11,search,1
248baa608f03ecbda1355a5094fab0c39d1356f673033bad6649f13e912d6591,a small dog steps onto a log.,248baa608f03ecbda1355a5094fab0c39d1356f673033bad6649f13e912d6591,5109,sentence1,10,search,7
248c5305f111e2e1bdec1d17b6e7c821f5b68ddfa09f007a6ea74cd19802d25f,a man is cleaning a glass door .,248c5305f111e2e1bdec1d17b6e7c821f5b68ddfa09f007a6ea74cd19802d25f,37084,sentence1,11,search,6
249e0d9cf18e2ef1510e74cb42c4e988c1d4e8aa1e97ad25c4fae3ef84db0100,& gt ; cuba 's castro assumes celac presidency,249e0d9cf18e2ef1510e74cb42c4e988c1d4e8aa1e97ad25c4fae3ef84db0100,530,sentence1,19,search,2
24a443c56f2e5a161ad86322731eab77bcee630b7a4c99d8b4e7b81bf09e2d36,two dogs play with purple football .,24a443c56f2e5a161ad86322731eab77bcee630b7a4c99d8b4e7b81bf09e2d36,15154,sentence1,8,search,7
24ac6543760faefacf6238cd5e09f0719400e232e72d82efc2ac4020bb4126a3,uk income tax & charitable donations : how much is income tax reduced by donations ?,24ac6543760faefacf6238cd5e09f0719400e232e72d82efc2ac4020bb4126a3,21001,sentence1,20,search,5
24e6c7aa1fa8faab1a9ceaf3f7097fe4b4fbe190d834aff0ef644845fa43e957,make clear and ( more ) comprehensible .,24e6c7aa1fa8faab1a9ceaf3f7097fe4b4fbe190d834aff0ef644845fa43e957,8366,sentence2,13,search,5
24ed5b51e55af49009761e38a50d109c47eaa51d08df8f97348db02719409e2a,purge of kim uncle sends chilling message to north korea ’ s elite,24ed5b51e55af49009761e38a50d109c47eaa51d08df8f97348db02719409e2a,5920,sentence2,22,search,3
24ff56469606fddf140e898320ec9737dd1bd782bd38f1f7cc6e0e95ba14ac79,the amount of organizations and clubs at # college is overwhelming ! choose carefully before dedicating your time :,24ff56469606fddf140e898320ec9737dd1bd782bd38f1f7cc6e0e95ba14ac79,6382,sentence2,22,search,5
251b6d2dc8c6ad3cc19d4663b0b7c8a98647e1369f5c0b5edcaf444a3cab8246,A violin is being played by a man,251b6d2dc8c6ad3cc19d4663b0b7c8a98647e1369f5c0b5edcaf444a3cab8246,9614,sentence1,9,search,6
25375dbb836341e78ef9306bba0d9c87f1b108059dacc971bc95b52d508858c0,A line of motor bikes are parked in the middle of a street.,25375dbb836341e78ef9306bba0d9c87f1b108059dacc971bc95b52d508858c0,23400,sentence2,16,search,4
2553d3a45825288718beff52505b1e04b5118eb1f29f2f9f62c73dc63d71968f,A chimp is kicking a target.,2553d3a45825288718beff52505b1e04b5118eb1f29f2f9f62c73dc63d71968f,2268,sentence2,11,search,7
25867a7bed8c65596456581ac6a66747eceb4c04738c5c82931e394d69fdd5b1,because the path connecting the bulbs will be damaged,25867a7bed8c65596456581ac6a66747eceb4c04738c5c82931e394d69fdd5b1,22182,sentence1,9,search,5
25880a86a6a34cb09e26eff00761dfc3a0f99e045e2112e0ec80a897feed0dfa,'Arrest warrant' for Maldives ex-president,25880a86a6a34cb09e26eff00761dfc3a0f99e045e2112e0ec80a897feed0dfa,13074,sentence2,14,search,2
25a6a33b61daf3814786411c49df254b2d5a4c2e29953ce6fed577a526398761,Iran upbeat on 'useful' expert-level nuke talks,25a6a33b61daf3814786411c49df254b2d5a4c2e29953ce6fed577a526398761,17081,sentence1,15,search,2
25f05132bbc7effc41795506c5581e91b7936fa8c5d8fd5dcd8c3a8599b3a939,two white dogs are running together .,25f05132bbc7effc41795506c5581e91b7936fa8c5d8fd5dcd8c3a8599b3a939,33331,sentence2,8,search,7
261daaacb0e7184e823d4508bfc3f7d678c3a26fc44176bee15ff189e5109451,go one 's own way ; move apart .,261daaacb0e7184e823d4508bfc3f7d678c3a26fc44176bee15ff189e5109451,22409,sentence1,13,search,5
268455b6e41e39e7674cbedd14983fb441bcf49d1d0ef0cc5e75f37850789a42,A person is folding a sheet,268455b6e41e39e7674cbedd14983fb441bcf49d1d0ef0cc5e75f37850789a42,29318,sentence1,7,search,1
26ae8ba5555f18f496f29298e0214786cb5c5b05aa161e276116d9e4c2548152,Hilsenrath and Klarman each were indicted on three counts of securities fraud.,26ae8ba5555f18f496f29298e0214786cb5c5b05aa161e276116d9e4c2548152,25052,sentence1,20,search,2
26f2833089d301049873c03dbafe82069d03e7cd36bad499b9f6b35a11a80106,egypt launches offensive against sinai militants,26f2833089d301049873c03dbafe82069d03e7cd36bad499b9f6b35a11a80106,18082,sentence1,14,search,3
270e9aad1ec0ee93de7537ea9f72ce251870de3789a2eb89a0f1d7df9e972415,nelson mandela memorial service,270e9aad1ec0ee93de7537ea9f72ce251870de3789a2eb89a0f1d7df9e972415,15376,sentence2,9,search,2
271a332a21529338c06a7f8540f024361e4fff59800d3150567a5391a8048cf1,A man is slicing some bread,271a332a21529338c06a7f8540f024361e4fff59800d3150567a5391a8048cf1,29658,sentence2,9,search,6
27420e2dd47c53e7aa1c09e9c029e5ddc355cfd82a89b53ac18060626b6153d4,a local announcement made within a public broadcast,27420e2dd47c53e7aa1c09e9c029e5ddc355cfd82a89b53ac18060626b6153d4,28343,sentence1,10,search,2
274a979aa2d7bee43b25a36d5a328f07c14a1dfab04e27c34b9507be5207bf4d,"allen steele 's book hex describes a dyson sphere , but made of hexagons , 1000 miles ( k ?",274a979aa2d7bee43b25a36d5a328f07c14a1dfab04e27c34b9507be5207bf4d,37151,sentence2,33,search,5
276e8423564804a15fe9bd0d31f2284f2c243da9fcaf00b429a5a6a31362dcd8,rightful portion or stake of something,276e8423564804a15fe9bd0d31f2284f2c243da9fcaf00b429a5a6a31362dcd8,2189,sentence2,7,search,5
277312f0f13b57e6f6419c85e726cd466126980feb5ec58918a91f3ce5b071b2,police helicopter crashes into pub in glasgow - several casualties,277312f0f13b57e6f6419c85e726cd466126980feb5ec58918a91f3ce5b071b2,34360,sentence2,15,search,3
27894b33183f332c0021c0aa8c83d4d473b48f0d2335687ec59a14b8b1ed64dc,"because one of the bulb terminals is bad , and the other ones are good .",27894b33183f332c0021c0aa8c83d4d473b48f0d2335687ec59a14b8b1ed64dc,37403,sentence1,19,search,5
27af20a47b6663c2b4545b79e3dac2b532591c9f5f04cd28ef96c83d1d947400,It depends entirely on your company and your contract.,27af20a47b6663c2b4545b79e3dac2b532591c9f5f04cd28ef96c83d1d947400,9998,sentence1,10,search,5
27c6aeb9f3bede0c7802ebc3ced506ad836f359a5972fb1a1fcf7182d48e419d,a yellow bird perched on a branch .,27c6aeb9f3bede0c7802ebc3ced506ad836f359a5972fb1a1fcf7182d48e419d,9446,sentence2,12,search,7
27df69f96a9b3ad9e74e40045245726027c2ba4587745d51faf711070d51ff09,that 's what i find curious .,27df69f96a9b3ad9e74e40045245726027c2ba4587745d51faf711070d51ff09,9461,sentence1,11,search,5
27e4add22fd25e8e41082b05feb813ab5dfaf8dc61301976d533035e6d72be83,"liberal elbaradei named egypt pm , islamists cry foul",27e4add22fd25e8e41082b05feb813ab5dfaf8dc61301976d533035e6d72be83,4247,sentence2,24,search,3
27ea6d763ce2fa741bd695e97c899224c882ff1693c6cb4b5a2b4d768f7f8e3e,the government didn 't have any thing to do with it .,27ea6d763ce2fa741bd695e97c899224c882ff1693c6cb4b5a2b4d768f7f8e3e,2158,sentence2,15,search,0
27f70ed3f8109ad7db2f58a9fa17fb382d2d3c706ff5b7ed5d6d37109b9385b3,a black and white dog swimming in the pool,27f70ed3f8109ad7db2f58a9fa17fb382d2d3c706ff5b7ed5d6d37109b9385b3,519,sentence2,10,search,7
28238b9b29bc6845617091cbc3fe628962d4003f1be1e0b57c75ba87bd981675,a woman placing a baby on a skateboard on the beach .,28238b9b29bc6845617091cbc3fe628962d4003f1be1e0b57c75ba87bd981675,7378,sentence2,17,search,1
28321a2e9e8f25e4a7f8853fd0695b2da9b6ed2a1814ed4b8786113ac89f15e8,will it be a birthday party without genuine .,28321a2e9e8f25e4a7f8853fd0695b2da9b6ed2a1814ed4b8786113ac89f15e8,5254,sentence1,11,search,5
2839692a97aa539b2923689c1bff42b4339a89b7779e2b3f7129af348c0fe866,Someone is cleaning an animal,2839692a97aa539b2923689c1bff42b4339a89b7779e2b3f7129af348c0fe866,15436,sentence1,5,search,7
28407124cfaa269bc239ec22fe31ea3a9e41329c068270c2685c1bd2acbd533a,A little dog is slowing down and the owner is quitting chasing it,28407124cfaa269bc239ec22fe31ea3a9e41329c068270c2685c1bd2acbd533a,1314,sentence1,16,search,7
285cade119970cd4f27dfa06f640fded681a97fa454c758fe25ab05c8bb62997,u.s. military stops sending detainees to some afghan prisons on rights fears,285cade119970cd4f27dfa06f640fded681a97fa454c758fe25ab05c8bb62997,9333,sentence1,23,search,3
28792363ff67e268d1dcc2cc6541f61e6136056f91f8cdbd8f49a50c869f052d,A woman is chopping herbs.,28792363ff67e268d1dcc2cc6541f61e6136056f91f8cdbd8f49a50c869f052d,9302,sentence2,8,search,1
288c4488547fcd885331854e1f3f5dfb538d92a5e0d4722341294607b2523b9b,A pedestrian woman is building pink bicycles for boa wearing riders,288c4488547fcd885331854e1f3f5dfb538d92a5e0d4722341294607b2523b9b,6126,sentence1,13,search,1
289ad846180070ca90466912bb2141fa4aab76cd055616dc267b81db67144521,"tampa bay manager lou piniella , bench coach john mclaren and huff all were ejected in the middle of the ninth .",289ad846180070ca90466912bb2141fa4aab76cd055616dc267b81db67144521,22282,sentence2,38,search,3
28a380881d02082ca4fdd2f199cdebad4c07de84b2d7eb3cb51f4cb64fd3badb,stars pay tribute to cory monteith,28a380881d02082ca4fdd2f199cdebad4c07de84b2d7eb3cb51f4cb64fd3badb,5195,sentence2,10,search,2
28c07875990675cd8e86f49b0a9bfa8979b138bf7eb480e414d97a7233ad288a,impress or affect deeply .,28c07875990675cd8e86f49b0a9bfa8979b138bf7eb480e414d97a7233ad288a,1477,sentence1,6,search,5
28c55d1f4636911b4bba14e2b045b6677e9c70c4324cff87f6ffd060669c94a5,"the users will be the losers , with the employees , and the competitiveness and growth regress .",28c55d1f4636911b4bba14e2b045b6677e9c70c4324cff87f6ffd060669c94a5,7237,sentence1,25,search,3
28c5a3df68346d6120a993c566da76b3f8e3926ef939ac5c554f19416fabe006,this is the moloch scene .,28c5a3df68346d6120a993c566da76b3f8e3926ef939ac5c554f19416fabe006,11482,sentence1,8,search,2
28d585e99a8f19b36a9067f49ad03dcfe7f30b96c049fc8149cd59f5dca3ea9b,A person has blonde and flyaway hair and is playing a guitar,28d585e99a8f19b36a9067f49ad03dcfe7f30b96c049fc8149cd59f5dca3ea9b,35661,sentence1,14,search,1
28f33909d4411e1ba6a1842611d3617169ff3a0565340fedcb3055cf7ab61593,algeria mulls international force for hostages,28f33909d4411e1ba6a1842611d3617169ff3a0565340fedcb3055cf7ab61593,29023,sentence1,11,search,3
2962b346565a9c0ff953f625ecee07b177f4ca5aa7a5b5dabce7b3714914d87d,Blond woman in a tunnel.,2962b346565a9c0ff953f625ecee07b177f4ca5aa7a5b5dabce7b3714914d87d,10325,sentence2,8,search,1
296f2216f57fd4b7d34f47e179b189222106ccf1b5991e419169ea996ee71692,a black and white dog frolics in the snow .,296f2216f57fd4b7d34f47e179b189222106ccf1b5991e419169ea996ee71692,6352,sentence1,15,search,7
296fa6c9caf2208b215a30e812aee85d66c1df44c128482c50f24f7b10b50116,Man paddling a yellow canoe towards a the shore.,296fa6c9caf2208b215a30e812aee85d66c1df44c128482c50f24f7b10b50116,10557,sentence1,15,search,6
297a17359829da7a00f884449deac2b53772ee6fcaa9c706b237ba7d6e3f645d,is it possible to write a song without a key ?,297a17359829da7a00f884449deac2b53772ee6fcaa9c706b237ba7d6e3f645d,23057,sentence2,14,search,5
2997e508d1be65b59581ef88e41fa11364e2fb9d6fd0000135854a249fea09f4,"turkey , us weigh no-fly zones for syria",2997e508d1be65b59581ef88e41fa11364e2fb9d6fd0000135854a249fea09f4,26000,sentence2,17,search,2
299ca937a6a32787176e8427eecbd98e52f82eaa90702b0e813dd4a322f26f1a,support by placing on or against something solid,299ca937a6a32787176e8427eecbd98e52f82eaa90702b0e813dd4a322f26f1a,28128,sentence2,8,search,5
29bc7208a866b9c2de37ad3c91ad321f1bbfd3f44df7faf38f70c3ef093faf7e,what matters most consumer awareness and make this information to public domain .,29bc7208a866b9c2de37ad3c91ad321f1bbfd3f44df7faf38f70c3ef093faf7e,19137,sentence2,14,search,5
29d36820522bdbe0f08869dc8bcc96f82784bb15221338f602570fbed9fbc66d,rudd sworn in as new australian pm,29d36820522bdbe0f08869dc8bcc96f82784bb15221338f602570fbed9fbc66d,22017,sentence2,12,search,2
29e615f916d06962cfc0470ba04c5c713c4c3186d878ea856e630d85832fa675,The man in a cowboy hat is not walking through a market and is not putting a hand in his pocket,29e615f916d06962cfc0470ba04c5c713c4c3186d878ea856e630d85832fa675,9368,sentence1,27,search,0
29e88840d096ba665f78f81833caa8ae4897764e6faa8cd38062aeee6a301d72,how do i track investment performance in quicken across rollovers ?,29e88840d096ba665f78f81833caa8ae4897764e6faa8cd38062aeee6a301d72,6416,sentence2,16,search,5
29ee1d7747666daee0b360d1ee0e3311762059b4009b5ce38b3e1d43e29409fb,A man on a motorcycle is not riding on one wheel,29ee1d7747666daee0b360d1ee0e3311762059b4009b5ce38b3e1d43e29409fb,30520,sentence1,12,search,6
29fd2deaf00433647a048502ab781c3c2accf7ec42f4695b7dc130ed9a68f469,large green boat floating on water.l .,29fd2deaf00433647a048502ab781c3c2accf7ec42f4695b7dc130ed9a68f469,21102,sentence2,10,search,4
2a2ba305edb72e6f4a29acb3236d813de6563d304ea0c9ed5c83cfc883c66d9d,three boys are dancing .,2a2ba305edb72e6f4a29acb3236d813de6563d304ea0c9ed5c83cfc883c66d9d,27545,sentence2,6,search,4
2a316d9b3e21d83342a1eb486f5a07f1110bd75377d1526b1c0c2a4ff51dec5c,i 'd say the precedent was set when the democrats gave clinton a pass for lying under oath .,2a316d9b3e21d83342a1eb486f5a07f1110bd75377d1526b1c0c2a4ff51dec5c,14627,sentence1,31,search,2
2a49d6c4225f1cf1b24cbd0c51dd1914ec0bffafbe2e19e94cc3a946135f0147,sad but brings back memories of ink-stained hands reading her column . what a life . nytimes : dear abby dies at 94,2a49d6c4225f1cf1b24cbd0c51dd1914ec0bffafbe2e19e94cc3a946135f0147,10322,sentence1,38,search,3
2a9137fd75967749f7715d73ee74028c3d2e6fa9adf2b83270aeac8cab254ae6,rewrite so as to make fit to suit a new or different purpose .,2a9137fd75967749f7715d73ee74028c3d2e6fa9adf2b83270aeac8cab254ae6,3389,sentence1,18,search,5
2ab160ab98c87d6206792f863de9faf870750381d1e6fd4acc038e3071d54c35,shares of coke were up 6 cents at $ 44.42 in afternoon trading wednesday on the new york stock exchange .,2ab160ab98c87d6206792f863de9faf870750381d1e6fd4acc038e3071d54c35,9226,sentence2,29,search,2
2ac44a6030a246b1d4451886873aee54e9466941f503cbb41fdc42415757a5da,my kids busted in and said ' whats that dad ? ',2ac44a6030a246b1d4451886873aee54e9466941f503cbb41fdc42415757a5da,1412,sentence2,17,search,5
2afa7be2a13b39011a210999e3166df7447c389ee207e6645133e70697ce7edb,19 killed in tunis museum attack,2afa7be2a13b39011a210999e3166df7447c389ee207e6645133e70697ce7edb,29214,sentence1,7,search,3
2afb499a4160f5eec10e2028e9705aa4ac0d08d8d30470820535c86695e5aeb7,"give to , and receive from , one another .",2afb499a4160f5eec10e2028e9705aa4ac0d08d8d30470820535c86695e5aeb7,579,sentence1,13,search,5
2b2a0c904dbadcd23318ed04f0c3a3f2827f30b10d60950b9813b6a367207679,"attention to the fungus orange juice , and bone .",2b2a0c904dbadcd23318ed04f0c3a3f2827f30b10d60950b9813b6a367207679,6353,sentence2,14,search,5
2b3f27b7544c92f919b7cd9ea366ff80b0d07a842a7237dc46321c1b71839895,four people rowing down a river .,2b3f27b7544c92f919b7cd9ea366ff80b0d07a842a7237dc46321c1b71839895,3649,sentence2,10,search,4
2b3f4b32f4c1883a3e3696560cc01394336cd9f18815ea665edac433c337dfc8,A man and a woman are having a conversation,2b3f4b32f4c1883a3e3696560cc01394336cd9f18815ea665edac433c337dfc8,6524,sentence2,11,search,6
2b42a0a074644c1d4b4d3d4338d7eb6c2dbdfb0ecda3378802ceef63d4b7158c,A motorcyclist without a helmet is waiting on a blue motorcycle near the road,2b42a0a074644c1d4b4d3d4338d7eb6c2dbdfb0ecda3378802ceef63d4b7158c,88,sentence2,18,search,0
2b4c0b268ca55aba0a6391aa4f6070787415a057dbc55e3b9d4c61ea7dad721e,gunman kills 6 in shooting at wisconsin sikh temple,2b4c0b268ca55aba0a6391aa4f6070787415a057dbc55e3b9d4c61ea7dad721e,439,sentence2,16,search,3
2b4dadac4eab55516e8bb4f2cf926a6d345e2084c1edb9054a0e482876cb6fda,there are two main approaches for dynamic programming .,2b4dadac4eab55516e8bb4f2cf926a6d345e2084c1edb9054a0e482876cb6fda,3353,sentence1,10,search,5
2b6244838b5f61967b9a9289beac48a8efb97665418ca7b3dccddc9efc109b14,narendra modi ' photoshopped ' image of chennai floods visit goes viral,2b6244838b5f61967b9a9289beac48a8efb97665418ca7b3dccddc9efc109b14,13217,sentence2,24,search,2
2b68aa3fb505d95350cf06fea71f57d2fc72f73714c1685404a7b773a23eba1f,A woman is swimming underwater.,2b68aa3fb505d95350cf06fea71f57d2fc72f73714c1685404a7b773a23eba1f,9999,sentence2,6,search,1
2b76821add0c99100c0e0599c05b8556b7aea53afce4592da4db4217e02f6492,A hamster is singing,2b76821add0c99100c0e0599c05b8556b7aea53afce4592da4db4217e02f6492,13364,sentence1,6,search,7
2b82bdd872b7498f023aa0a0ae5cd8909558631b53b7aef3c29b5e58481a43ee,The man is cracking eggs into a bowl,2b82bdd872b7498f023aa0a0ae5cd8909558631b53b7aef3c29b5e58481a43ee,16189,sentence2,10,search,6
2b8709d53dc600c9aeb01512f8268393b232b7a486da494a3174137eea65150c,"tragic . my thoughts and prayers go out to all ... "" at least 220 killed in brazil nightclub fire """,2b8709d53dc600c9aeb01512f8268393b232b7a486da494a3174137eea65150c,18163,sentence2,27,search,3
2b9df49260b48cf3bbc95025eb7187e63bfcaec0154f700de1fd0b72bcfd9d37,People are singing and a clown is dancing,2b9df49260b48cf3bbc95025eb7187e63bfcaec0154f700de1fd0b72bcfd9d37,27542,sentence2,9,search,4
2ba2aba2e05827f1b43c1a3bec1796b5eb32c22eb164c4f2b92f8063e6beb3df,A little dog is running on the sand,2ba2aba2e05827f1b43c1a3bec1796b5eb32c22eb164c4f2b92f8063e6beb3df,15265,sentence2,10,search,7
2ba8611c9c163445735d9972136d2fb43545536fa495730c6cbce8be08e26567,"you 're going to find answers all over the map for this one ( i.e. , there probably aren 't "" standards "" ) .",2ba8611c9c163445735d9972136d2fb43545536fa495730c6cbce8be08e26567,31304,sentence1,37,search,5
2baaf4826711c68b49a235813623c9036d82f065d6fc0abc4d8c5f862ee3f932,A deer jumps a fence.,2baaf4826711c68b49a235813623c9036d82f065d6fc0abc4d8c5f862ee3f932,2352,sentence2,9,search,7
2bd8cc91f2c7f8711e234ec21fc3f750672e63c13edcf3accbc4599f6420546a,japan pm calls for quicker tsunami waste processing,2bd8cc91f2c7f8711e234ec21fc3f750672e63c13edcf3accbc4599f6420546a,25018,sentence2,9,search,2
2c49f835f83e7764f27cdd2a7eb7c17ac0f612e077627047de5d734d0883fbc2,The oriental lady is cutting a carrot into pieces that are thin,2c49f835f83e7764f27cdd2a7eb7c17ac0f612e077627047de5d734d0883fbc2,4105,sentence2,13,search,1
2c5a5a8ddb5f1ca90c4b4f653cf18b139c19a6f53874b7a1de5c8cb23783f2b0,manchester united slashes price for us ipo,2c5a5a8ddb5f1ca90c4b4f653cf18b139c19a6f53874b7a1de5c8cb23783f2b0,19217,sentence1,13,search,2
2c5e47a34b942d64db99059b1efe0db4a29a9733ca8fb7105477ba92d3b28545,material in the top layer of the surface of the earth in which plants can grow ( especially with reference to its quality or use ) ;,2c5e47a34b942d64db99059b1efe0db4a29a9733ca8fb7105477ba92d3b28545,7434,sentence1,29,search,5
2c6796eeecd842b9a6bd494a7e485fdd09133733f06921759c0603896b3a096c,Food is being deep fried by a woman,2c6796eeecd842b9a6bd494a7e485fdd09133733f06921759c0603896b3a096c,35054,sentence2,10,search,1
2c78146e97260e99668870d12a2c99a32870386d1341ef778365a0c68dc37f0b,a man and woman sit on a park bench .,2c78146e97260e99668870d12a2c99a32870386d1341ef778365a0c68dc37f0b,9146,sentence2,13,search,4
2c86b6682838a88f40ced490422b5b0b88e859abec54bd67d8fa788678859b28,"yes , you should make a résumé .",2c86b6682838a88f40ced490422b5b0b88e859abec54bd67d8fa788678859b28,10216,sentence2,13,search,5
2c8cf553149636c5fab7ae88fb5898ef74763e0f3fc46dbf5d5eeecbb1ac3ed1,Storm buries Northeast; 16 inches of snow in NJ,2c8cf553149636c5fab7ae88fb5898ef74763e0f3fc46dbf5d5eeecbb1ac3ed1,1235,sentence1,11,search,3
2c8f92385521b1c5d7f424bfd9404f1dba8caac834fccc08c8c7bb0d5ae48427,Pete Slover reported from Laredo and Gromer Jeffers from Albuquerque.,2c8f92385521b1c5d7f424bfd9404f1dba8caac834fccc08c8c7bb0d5ae48427,6384,sentence1,20,search,2
2c9327f12bb7173ce5724098e07109a102906d762ab1f27f6f35b24f76b4fa8b,The violin is being played by a little girl on a beach,2c9327f12bb7173ce5724098e07109a102906d762ab1f27f6f35b24f76b4fa8b,6067,sentence2,14,search,4
2c9a147e6f139902ecfbc3aa54a10bc21f763b6dd39e37471cc36c4f4d11c66f,A man in a motocross uniform is wearing a helmet and rides a red motorcycle,2c9a147e6f139902ecfbc3aa54a10bc21f763b6dd39e37471cc36c4f4d11c66f,21133,sentence1,20,search,6
2cbb1ad4ff6cc96e3db7e80f7df3cb54ef7eb270ac41e84d21bf58f90868e0cf,obama praises u.s.-latin america trade ties,2cbb1ad4ff6cc96e3db7e80f7df3cb54ef7eb270ac41e84d21bf58f90868e0cf,30389,sentence2,19,search,2
2cc91b269911824b52d5ebabbab8c196bddf3c603ba2d77e4d42e41a69ac3d29,"The city had requested federal funds, but withdrew that request when American Express pledged at least $3 million.",2cc91b269911824b52d5ebabbab8c196bddf3c603ba2d77e4d42e41a69ac3d29,24996,sentence1,24,search,2
2ce2e1f80a492f2a6ffbd9aaafa24fb07baa2c4601a49e81e59b43d1c16b2daa,"these words refer to parts merging to form a whole . ( the parts may also be encoded as part _ 1 and part _ 2 . ) there is a symmetrical relationship between the components that undergo the process , and afterwards the parts are consumed and are no longer distinct entities that are easily discernable or separable in the whole .",2ce2e1f80a492f2a6ffbd9aaafa24fb07baa2c4601a49e81e59b43d1c16b2daa,6306,sentence2,79,search,5
2d0339d1b0c652bfdd6efc238ca240e69fece090e3cf23f94a833ab2110f5b75,The boy is not playing the piano,2d0339d1b0c652bfdd6efc238ca240e69fece090e3cf23f94a833ab2110f5b75,30307,sentence1,7,search,4
2d16d5d41d7edb5fb4d80d1bdad80cf1f741b25230579267f9ba64cedb30e1d0,a child is playing with two white and black geese .,2d16d5d41d7edb5fb4d80d1bdad80cf1f741b25230579267f9ba64cedb30e1d0,3314,sentence1,16,search,4
2d209e70d5222ea9e834937d66857dc48138a7252c40e0f84f617bf9a9e3ccef,"Mr Blair went on: ""I think we did the right thing in relation to Iraq.",2d209e70d5222ea9e834937d66857dc48138a7252c40e0f84f617bf9a9e3ccef,21387,sentence1,18,search,2
2d31b2c89699ccf682552c30bab465baa4e170aac3012b081ed8b104dd95f999,value a thing or course of action more highly than another,2d31b2c89699ccf682552c30bab465baa4e170aac3012b081ed8b104dd95f999,17185,sentence2,12,search,5
2d348914809a4acef1332ecc1a3fbe4362640aef22dd72a51f6e68e7a4484c37,this should particularly bring nights of insomnia to long term creditors on the decision of whether they should secede from their commitments or not .,2d348914809a4acef1332ecc1a3fbe4362640aef22dd72a51f6e68e7a4484c37,14581,sentence1,29,search,2
2d490acbbf20af1047eb34c93216ad2406727716d4e2d688c754588773897376,There is no man eating a pizza,2d490acbbf20af1047eb34c93216ad2406727716d4e2d688c754588773897376,28000,sentence2,8,search,0
2d59bf450fe9fa377c06afc5e38218b23b693d5a600d6fae9e48c6e0cc7b5e27,A man is typing on a machine used for stenography,2d59bf450fe9fa377c06afc5e38218b23b693d5a600d6fae9e48c6e0cc7b5e27,7287,sentence2,13,search,6
2d8334c86147ee798acc03dd64408f85ba804932c2c94b778076797f350866c7,"a small , indefinite portion of something",2d8334c86147ee798acc03dd64408f85ba804932c2c94b778076797f350866c7,22169,sentence2,10,search,5
2d8a6ea388d1ab8521af905919854f9ecbba4f8d589529ed1d545ad1362cc330,heat a metal prior to working it .,2d8a6ea388d1ab8521af905919854f9ecbba4f8d589529ed1d545ad1362cc330,18403,sentence1,10,search,5
2d8ed891380f2ce2a298a1d8a0624cbb586b02bb6cfaef543e55b186bb483b7e,"he has done , that the initiative not go very far .",2d8ed891380f2ce2a298a1d8a0624cbb586b02bb6cfaef543e55b186bb483b7e,5339,sentence1,15,search,5
2da04309263422208f0f8ba3012e93d818d6345c7d5f7d2b5efc3ef455555311,A white car and a yellow car are racing down the track,2da04309263422208f0f8ba3012e93d818d6345c7d5f7d2b5efc3ef455555311,7294,sentence1,13,search,4
2db36a4925fc56866dfe5b4a95d43820878d877fbbb8acd22d43e23386e3cd59,"a black , flat screen television placed on the floor .",2db36a4925fc56866dfe5b4a95d43820878d877fbbb8acd22d43e23386e3cd59,6337,sentence2,14,search,4
2dde89b6e639689e537cc0abe51c060251975b359cb54e777179eddc3faed6a2,five killed by bomb blast in east india,2dde89b6e639689e537cc0abe51c060251975b359cb54e777179eddc3faed6a2,12406,sentence2,8,search,3
2df047567ab8eb46bbec03facc816fdab330d6b3427b7a46edcc797ae5d42ec9,how do i make this paint match ?,2df047567ab8eb46bbec03facc816fdab330d6b3427b7a46edcc797ae5d42ec9,33386,sentence2,10,search,5
2dfe2683ad5ddcb858a1665b927709b1f4a85dfb26c6e1a35219e0c593e80f1e,specific aid as the support of the market or the premium to grass is essential .,2dfe2683ad5ddcb858a1665b927709b1f4a85dfb26c6e1a35219e0c593e80f1e,33117,sentence2,17,search,5
2e2d025f58572336fc37505d2ddc1752ae3d3c2a80fd7c8bdad8393e37ab868c,There is no monkey teasing a dog at the zoo,2e2d025f58572336fc37505d2ddc1752ae3d3c2a80fd7c8bdad8393e37ab868c,17435,sentence1,16,search,0
2e597421832af1a6c8009a637711203b5cfb3ae3ef79516f8ed4a6452e271424,australian speaker steps aside,2e597421832af1a6c8009a637711203b5cfb3ae3ef79516f8ed4a6452e271424,26297,sentence1,5,search,5
2e6281cb5fb832e66afe72f87f455f6017bb3527084363599bf8a7ccf5371743,suicide bombers kill 3 soldiers in pakistan,2e6281cb5fb832e66afe72f87f455f6017bb3527084363599bf8a7ccf5371743,24066,sentence1,11,search,3
2e6aeca7777c8d27f3373752ca8cf92670fa7336f2708e2ea72aac49203fcec8,"apple revenue misses again , iphone disappoints",2e6aeca7777c8d27f3373752ca8cf92670fa7336f2708e2ea72aac49203fcec8,33475,sentence1,11,search,3
2e6d9867daaebb4a6c3727b9f5df134280be552d03254df4ddcb64b22d0b7909,Some onions are being cut by a person,2e6d9867daaebb4a6c3727b9f5df134280be552d03254df4ddcb64b22d0b7909,15487,sentence1,9,search,1
2e7a9ad7e5f5ae0b3811bc3176858129bae076c78b1d85c8f179ad1276064f91,The person is setting fire to the cameras,2e7a9ad7e5f5ae0b3811bc3176858129bae076c78b1d85c8f179ad1276064f91,16959,sentence2,8,search,3
2ea8b56565972b66afb8cf5830ea5e239010c730e4fd2adffe072147d26966dd,because the switch was connected to the closed circuit,2ea8b56565972b66afb8cf5830ea5e239010c730e4fd2adffe072147d26966dd,28203,sentence2,9,search,0
2ec893d80e4a58d66168cdc62bb08021d5bc3436621712f3ad0eb2fe212ef6df,"the rescue or release of someone , something",2ec893d80e4a58d66168cdc62bb08021d5bc3436621712f3ad0eb2fe212ef6df,3450,sentence2,9,search,5
2ef040069a6248694aa1aecbb80a7a334050a6b578486f4fc2b7b9ea79beb517,when the switch is connected between the bulb and the battery,2ef040069a6248694aa1aecbb80a7a334050a6b578486f4fc2b7b9ea79beb517,21070,sentence1,11,search,5
2ef2efe35b39d70ff346eebe5091c4d8c9ceb5074f49c8e1b707dbccb12a027d,muslim brotherhood supporters die in egypt clashes,2ef2efe35b39d70ff346eebe5091c4d8c9ceb5074f49c8e1b707dbccb12a027d,11439,sentence1,17,search,3
2ef70c7494b5065aac6c88ff0e83275c9ac40e3249a2ab21e1e6c991435de137,The boys are wearing bathing suits and water is splashing around,2ef70c7494b5065aac6c88ff0e83275c9ac40e3249a2ab21e1e6c991435de137,35000,sentence2,13,search,4
2ef78f39ed63d64a28a4c2db953f86d5e7e6c662f9a30283cf9da8547d1d11e9,Iraq searches Syrian-bound Iranian plane,2ef78f39ed63d64a28a4c2db953f86d5e7e6c662f9a30283cf9da8547d1d11e9,14334,sentence2,7,search,3
2ef9dbe4c870f53f6b0f020bbc20498b41f702e5a4ddfd475d311ade31d2e9ac,a restraint that confines or restricts freedom ( especially something used to tie down or restrain a prisoner ) .,2ef9dbe4c870f53f6b0f020bbc20498b41f702e5a4ddfd475d311ade31d2e9ac,13479,sentence1,30,search,5
2f0eaa4b14647f96f0e7e69c8cf7ed7c0c09c8fb28f7e54bdad76ab4a4f4f260,utter in a certain way,2f0eaa4b14647f96f0e7e69c8cf7ed7c0c09c8fb28f7e54bdad76ab4a4f4f260,9534,sentence2,7,search,5
2f1daca29b8b28a9b6d1168721c95e26833592bd2a1ba70c13f374550a2ebe40,cut the surface of ; wear away the surface of .,2f1daca29b8b28a9b6d1168721c95e26833592bd2a1ba70c13f374550a2ebe40,19503,sentence1,13,search,5
2f3333eb56c6f804fb08b1771d9890fb71a06692c1ed7847584d4f2c665cffe3,Libya postpones assembly election to July 7,2f3333eb56c6f804fb08b1771d9890fb71a06692c1ed7847584d4f2c665cffe3,355,sentence2,10,search,3
2f34e559a398dcf973e5000bb5cd39792cd4d2a5d1796162fd67631a721a40c9,nelson mandela hospital release reports ' incorrect',2f34e559a398dcf973e5000bb5cd39792cd4d2a5d1796162fd67631a721a40c9,11520,sentence2,14,search,3
2f3e63fb86808a702068375502d782721035538a93fac48444ea2d12f767aa55,gain points in a game .,2f3e63fb86808a702068375502d782721035538a93fac48444ea2d12f767aa55,9435,sentence1,8,search,5
2f40e7cd79db2d627a279b039e680d03b59d444764c1e4725566cba5f8aacd6d,a young female rider on a brown horse .,2f40e7cd79db2d627a279b039e680d03b59d444764c1e4725566cba5f8aacd6d,3117,sentence2,13,search,1
2f4164d5707102dd0d0b28e41276125880d635e7980381a9a86dfa5cabe59c5b,Masked people are looking in the same direction in a forest,2f4164d5707102dd0d0b28e41276125880d635e7980381a9a86dfa5cabe59c5b,2959,sentence1,13,search,4
2f428921aa5612f38970351d8994e43cdd90b0f0a936b4dcc42e794c92e761f1,A man is squeezing water.,2f428921aa5612f38970351d8994e43cdd90b0f0a936b4dcc42e794c92e761f1,16131,sentence2,10,search,6
2f5d34efb53539ac94246b6ced654d22020cf2841aa16b3b63e67ac57b2f1ca3,schrecklich ! 😢 “ : at least 90 killed in brazil nightclub fire ”,2f5d34efb53539ac94246b6ced654d22020cf2841aa16b3b63e67ac57b2f1ca3,35562,sentence1,25,search,3
2f64ab43f5bf35a3ba7f1223873af0216f7f57af292f26a1c4a783877b814d13,make a copy with the intent to deceive .,2f64ab43f5bf35a3ba7f1223873af0216f7f57af292f26a1c4a783877b814d13,18033,sentence1,13,search,5
2f75603b4641c8d7025e0a8af788ff0c1bc5006ee0544510ebf1939603657b9c,the treaty was amended in 1999 to reflect changes since the soviet breakup .,2f75603b4641c8d7025e0a8af788ff0c1bc5006ee0544510ebf1939603657b9c,16441,sentence2,19,search,2
2f8db6a50bcc4ab3f465bb2e140786819f3ceccb5281da1107e2c075bbf8dab0,"iran , atomic agency in first talks since rowhani election",2f8db6a50bcc4ab3f465bb2e140786819f3ceccb5281da1107e2c075bbf8dab0,30173,sentence1,16,search,2
2fb4748c63cda466e429318ec558deb2d667a59159b6b4769efe109b4f8eed38,clinton warns kenya of cost of election violence,2fb4748c63cda466e429318ec558deb2d667a59159b6b4769efe109b4f8eed38,16993,sentence2,14,search,2
2fbfab024e96db49f2a52b42e710dea5e2c5554209e748df86be01047a21477e,A girl is playing a wind instrument,2fbfab024e96db49f2a52b42e710dea5e2c5554209e748df86be01047a21477e,31935,sentence2,8,search,1
2ff8fc962ae8889633fb4043e7433a867d02256994248d2bbadbb4e5ea938992,The man is not dancing,2ff8fc962ae8889633fb4043e7433a867d02256994248d2bbadbb4e5ea938992,11792,sentence2,5,search,6
2ffcb6db243b4883f3e1a7ffeafbae06e0ae1c45d8034b37b19a8e84a5a458b2,Congress has added a new benefit - an option to buy insurance coverage for prescription drugs.,2ffcb6db243b4883f3e1a7ffeafbae06e0ae1c45d8034b37b19a8e84a5a458b2,20036,sentence2,19,search,2
30029f89a0a8f13fda182e007b273a434df76a7c13187872710c4bba46aa9251,a petition or appeal made to a person of superior status or rank .,30029f89a0a8f13fda182e007b273a434df76a7c13187872710c4bba46aa9251,25334,sentence2,17,search,5
300602a76bd1f7773ab3c8768c3b6efe1df835f4704eee26f7f3b2791d7a5c02,A person is buttering a tray.,300602a76bd1f7773ab3c8768c3b6efe1df835f4704eee26f7f3b2791d7a5c02,11152,sentence2,9,search,1
3015509e91ea089f497c68e5077c3994f02b8e3362be8044c051fb602faa3137,former prime minister is elected president of czech republic,3015509e91ea089f497c68e5077c3994f02b8e3362be8044c051fb602faa3137,34206,sentence1,12,search,2
3076bd586ed286bd9a851d322721819f12ca2d0e00d9956547ea91837f858307,a girl wearing green twists something in her hands .,3076bd586ed286bd9a851d322721819f12ca2d0e00d9956547ea91837f858307,10474,sentence1,13,search,1
308e8499f0cb2dcab4d41668310c2b71b27b0b334e309e5bc75a51f67275b599,People on motorcycles wearing racing gear ride around a racetrack,308e8499f0cb2dcab4d41668310c2b71b27b0b334e309e5bc75a51f67275b599,1298,sentence2,13,search,4
30a3485bda34d63f8698c18772f5d84bf01ab9d40da967ba2a5ed47f0f5bc0f3,A person in a motocross uniform is not wearing a helmet and riding a red motorcycle,30a3485bda34d63f8698c18772f5d84bf01ab9d40da967ba2a5ed47f0f5bc0f3,17414,sentence1,21,search,0
30d8e6e1d193936b025ddd3a7d79d7171f706ae06cb7de087abfccc861cb4ce2,"a set sequence of steps , part of larger computer program .",30d8e6e1d193936b025ddd3a7d79d7171f706ae06cb7de087abfccc861cb4ce2,14436,sentence2,15,search,5
30f6042a4c072570653ec2b399f83950e4323c2452901a46d05cf9f3f3c104c7,"opinion : our talking , walking objects",30f6042a4c072570653ec2b399f83950e4323c2452901a46d05cf9f3f3c104c7,8545,sentence1,9,search,5
310c26f46be1774455b0fb14d4a84c54694265ffbcb7f0ffb96a116fcb595d1f,close up of a white sheep with a black head .,310c26f46be1774455b0fb14d4a84c54694265ffbcb7f0ffb96a116fcb595d1f,4324,sentence2,14,search,7
3118586f77ebde85d1d82f876c232d471eef69f6063122a2fba6f61381b4257c,death toll rises in russia plane crash,3118586f77ebde85d1d82f876c232d471eef69f6063122a2fba6f61381b4257c,27091,sentence2,10,search,3
311ed54cb8d78d01518069974fae4537293040dc6c21e45d0879e429b6ca3b65,2 british soldiers killed in afghan insider attack,311ed54cb8d78d01518069974fae4537293040dc6c21e45d0879e429b6ca3b65,22927,sentence2,15,search,3
31223ab566500c12501e572edf05dfdb493b39ce2db8631a14f83ba0475fda16,"about 1,557 genes on chromosome 6 are thought to be functional .",31223ab566500c12501e572edf05dfdb493b39ce2db8631a14f83ba0475fda16,34344,sentence2,17,search,5
314187abdba4b0d7d98db0c01fb3a0ca7f9c223d4d51db4f0351cff81bd47b9a,the act of pursuing in an effort to overtake or capture .,314187abdba4b0d7d98db0c01fb3a0ca7f9c223d4d51db4f0351cff81bd47b9a,20065,sentence2,15,search,5
314570aebd81c240bd744054264a258fad62daab2f6e58227a8851f2131aa83c,enclose in or as if in a frame .,314570aebd81c240bd744054264a258fad62daab2f6e58227a8851f2131aa83c,22033,sentence2,14,search,5
316a2921a983e0b92941cf09a13bfe30236f28c629b5d8e86c5c99f1d515dd1b,"general myers told reporters that "" at first blush , it doesn 't look like any rules were broken "" .",316a2921a983e0b92941cf09a13bfe30236f28c629b5d8e86c5c99f1d515dd1b,21435,sentence2,26,search,2
317ce52201f652263b40c6c1fe65188b8a488f0e618849727bd753d3e54ead4d,Some men in the distance are staring at three big hills,317ce52201f652263b40c6c1fe65188b8a488f0e618849727bd753d3e54ead4d,19943,sentence1,12,search,4
317f570e8b0aec9be74d9982230ba59bc13d989a8d1a4bbfc28ce71a590a63eb,give a thrashing to ; beat hard .,317f570e8b0aec9be74d9982230ba59bc13d989a8d1a4bbfc28ce71a590a63eb,34282,sentence1,14,search,5
31a264a13c8a341148c262a49e1b7da47a70f06215249894da7e43bf3d231eb1,Nobody is cutting a capsicum into pieces,31a264a13c8a341148c262a49e1b7da47a70f06215249894da7e43bf3d231eb1,1840,sentence2,10,search,0
31ac46bf4776bf535b9bc5c212e72af9642ab3d93d31f5a5c465dc22fd96d92f,The men are in the suitcases that are being packed in the trunk of a car,31ac46bf4776bf535b9bc5c212e72af9642ab3d93d31f5a5c465dc22fd96d92f,31285,sentence1,18,search,4
31b08de46b7137bd7e0ae766c27b56212d15868166aa3c5df472686cfd26da8e,"Sony Ericsson also said it plans to close its R&D site in Munich, Germany, for GSM and UMTS handsets.",31b08de46b7137bd7e0ae766c27b56212d15868166aa3c5df472686cfd26da8e,8043,sentence2,30,search,3
31c1810ef00a4ac3990257d1521b4bf6400cf4ab500b417d5cd527cc8f0ab7b7,elbaradei states that a middle east peace deal can only be reached in parallel with a security agreement based on eradicating all weapons of mass destruction from the region .,31c1810ef00a4ac3990257d1521b4bf6400cf4ab500b417d5cd527cc8f0ab7b7,14607,sentence1,43,search,2
31d8620164aabfbc12da43765c90b724a69231ab111c0672fa74a5fe8c2c6d61,a black poodle is running in the snow .,31d8620164aabfbc12da43765c90b724a69231ab111c0672fa74a5fe8c2c6d61,204,sentence2,13,search,7
31dd2907654fadf90f0e9313c565c33a6b1dca9edfc3713912aef2f603c078ca,A girl is on a jumping car,31dd2907654fadf90f0e9313c565c33a6b1dca9edfc3713912aef2f603c078ca,2088,sentence2,8,search,4
31e1468aff9bf9629acc1725c8ac727c8cbb0f7919505029405519dd61815234,the statement was posted on the kremlin web site and carried by state news agencies .,31e1468aff9bf9629acc1725c8ac727c8cbb0f7919505029405519dd61815234,21307,sentence1,22,search,2
3200d8baeb55574759190d5d1f9b8334d0f3728f859261a13c503657d7f948a0,"A man is holding an animal, which is small, in one hand",3200d8baeb55574759190d5d1f9b8334d0f3728f859261a13c503657d7f948a0,4378,sentence1,14,search,6
325cf86508523b2b2b7e09c439fd2e4a74d3720055a6d231905390c4425d507c,a black dog emerges from the water with a white ball in its mouth .,325cf86508523b2b2b7e09c439fd2e4a74d3720055a6d231905390c4425d507c,4242,sentence1,19,search,7
328cf6efcea9b7310c1278e7d3ade1d51b98a07d03beeb9529aec74ea67782c9,"have the financial means to obtain , buy , or do something",328cf6efcea9b7310c1278e7d3ade1d51b98a07d03beeb9529aec74ea67782c9,27336,sentence1,14,search,5
328ed1940ded814aaa46f6a3f0f8183ca7caf60e564f5852221355e8b8c518bb,free from obligations or duties .,328ed1940ded814aaa46f6a3f0f8183ca7caf60e564f5852221355e8b8c518bb,8271,sentence2,7,search,5
32906744805ab5756af93bd0ba7803ce3fc116093b364cbc57673b55a730632b,a concrete representation of an otherwise nebulous concept .,32906744805ab5756af93bd0ba7803ce3fc116093b364cbc57673b55a730632b,37404,sentence1,15,search,5
32c1ade50d033a0c9756025157e10b900790c1693fa273a3032568868a6934fc,tropical storm andrea to slide up east coast,32c1ade50d033a0c9756025157e10b900790c1693fa273a3032568868a6934fc,15158,sentence2,9,search,2
32d1d72c76eac3fdc15860cc847b3933fc250c9f0447aa06b42a148f06e39847,"this is a clear if implicit repudiation of mubarak , the sole ruler for 24 years .",32d1d72c76eac3fdc15860cc847b3933fc250c9f0447aa06b42a148f06e39847,26281,sentence2,25,search,2
32e5ca09ec9ad4602f734eebd1004a08335bf7f3c4b3f9400ed1d60b5a6b8dac,south korea to boost nuclear power ?,32e5ca09ec9ad4602f734eebd1004a08335bf7f3c4b3f9400ed1d60b5a6b8dac,33311,sentence1,11,search,2
32f8fce173e7446525a1c099af583c321c4ee3b311b213d545a131765c70945c,A girl in a uniform is playing the flute with a band,32f8fce173e7446525a1c099af583c321c4ee3b311b213d545a131765c70945c,2047,sentence1,14,search,1
331fe334e623419baca32b209a060365e8de5da1ba9cf8c118f852ce13acad3c,I don't think it makes any tremendous difference.,331fe334e623419baca32b209a060365e8de5da1ba9cf8c118f852ce13acad3c,435,sentence1,11,search,0
336308d900b93198b0c30784fc2bfeca3660a3935c5bfad3ced2821847ffc804,a non-zero voltage means that there is a gap,336308d900b93198b0c30784fc2bfeca3660a3935c5bfad3ced2821847ffc804,14256,sentence2,14,search,0
338d8e655a052c48cce711fdb15eb109cee3867e41f39d1050d45f37c8a23a6f,bollywood cuts costs by a third as rupee collapse bites,338d8e655a052c48cce711fdb15eb109cee3867e41f39d1050d45f37c8a23a6f,7124,sentence2,15,search,3
33ab146753792953bf00fed7c3e4b13cc95dc5a35d2a2bd21c855fbb96a72b0c,the battery is in a closed path with itself .,33ab146753792953bf00fed7c3e4b13cc95dc5a35d2a2bd21c855fbb96a72b0c,992,sentence2,12,search,0
33b90ba7c9e2dcb0c6481a8727e047c591726172b549cb88599c203e3ff51a3b,israel remains outside the treaty .,33b90ba7c9e2dcb0c6481a8727e047c591726172b549cb88599c203e3ff51a3b,9961,sentence1,9,search,0
33bd1ea9443783121cafa8bc350f2bfde2ea4ea814b43f6612445662faa1eaae,man riding a surfboard on a wave .,33bd1ea9443783121cafa8bc350f2bfde2ea4ea814b43f6612445662faa1eaae,24953,sentence1,12,search,6
33d81379f186a5c896da91ab4be7ffdc7cfc0f102052ea84e94640ea31317c94,six killed in drone strike in n waziristan,33d81379f186a5c896da91ab4be7ffdc7cfc0f102052ea84e94640ea31317c94,3313,sentence1,13,search,3
33da2faf6be49841fac56cee0ffc398dfe6ad4b9cfe7fc221887b09a6e3155cd,The man is sitting outside under a purple umbrella,33da2faf6be49841fac56cee0ffc398dfe6ad4b9cfe7fc221887b09a6e3155cd,18186,sentence2,10,search,6
3434de8f73ec79357a438f6a945a77bd53b69fb264dcd5fe3b13f5e0caf96aee,make a retreat from an earlier commitment or activity .,3434de8f73ec79357a438f6a945a77bd53b69fb264dcd5fe3b13f5e0caf96aee,6614,sentence2,12,search,5
343bcaadc57038e13353e79c599439bbc8bf3bb23701ccd90ae373f8f8472b08,japan surrendered unconditionally .,343bcaadc57038e13353e79c599439bbc8bf3bb23701ccd90ae373f8f8472b08,29299,sentence1,9,search,2
3449ab780fdb8036de8c370c9c4281ab26d2bb68abbb90541e176cefc6d363f7,The man is biking in the snow and wearing a red jacket,3449ab780fdb8036de8c370c9c4281ab26d2bb68abbb90541e176cefc6d363f7,21574,sentence2,13,search,6
345191c4197ed33d53cdfe8f30cb6ae4070a69d79768b14adac5a2869b4dc6f8,new sex claim hits secret service,345191c4197ed33d53cdfe8f30cb6ae4070a69d79768b14adac5a2869b4dc6f8,12255,sentence1,8,search,2
34524c18eb1c28c24ecc35d8349de42241551221696a6e037fdc1ad79459d19e,One man is doing floor exercises,34524c18eb1c28c24ecc35d8349de42241551221696a6e037fdc1ad79459d19e,21442,sentence2,6,search,6
346536c7db4773b1402b9ee68791f3811bdee5c4cf62a88eb1bb94c193782a72,now you don 't have to be perfect on every answer .,346536c7db4773b1402b9ee68791f3811bdee5c4cf62a88eb1bb94c193782a72,1447,sentence1,15,search,5
34703b26453d58e2f213ad72a5bb7f17e2a463891c52463f0211f9bfbaf9709f,because there are more effective ways for her majesty to change or veto laws .,34703b26453d58e2f213ad72a5bb7f17e2a463891c52463f0211f9bfbaf9709f,24265,sentence2,21,search,2
34a4fef24f248a37a3777f40d5cbbd06ab9ebd47b14e21e8459ad7d05b52ed87,form an aesthetic or conceptual whole .,34a4fef24f248a37a3777f40d5cbbd06ab9ebd47b14e21e8459ad7d05b52ed87,21188,sentence1,8,search,5
34abaabe53f602d0d34bae1870cc0147ab4fca8371ab69e114ba9049e4f80d9a,a dog is on the beach near a ball .,34abaabe53f602d0d34bae1870cc0147ab4fca8371ab69e114ba9049e4f80d9a,3547,sentence1,13,search,7
34b5eb888fe75821c55ebedf162cad0c640dc742f46bf2f77d8abaff6ea75f6f,The man is running on the road,34b5eb888fe75821c55ebedf162cad0c640dc742f46bf2f77d8abaff6ea75f6f,8608,sentence1,7,search,6
34e2ee081bb7b11e17b7df3f7d2a7300d1d232fd6e0e0693cc61eeff9f35afa5,A little boy is playing a keyboard.,34e2ee081bb7b11e17b7df3f7d2a7300d1d232fd6e0e0693cc61eeff9f35afa5,3085,sentence2,9,search,6
34faacbbde9f18e90749a110bdd1002c50a46d4fff07cc5df5557abbe5bf2ddc,"Baker called a pregame meeting, believing the the corked-bat episode had distracted the team.",34faacbbde9f18e90749a110bdd1002c50a46d4fff07cc5df5557abbe5bf2ddc,25330,sentence2,21,search,2
3508f5407777ae5ae5a93485453c9a5fa276294d2be27281fa405dd15d89111a,a man and woman walking past a record shop,3508f5407777ae5ae5a93485453c9a5fa276294d2be27281fa405dd15d89111a,8227,sentence2,11,search,4
352636374e1dcadc1e775622626b93e88927b6320d1e204f373deae21baaa6d0,"whatever you do , don 't bite him back to show him that it hurts .",352636374e1dcadc1e775622626b93e88927b6320d1e204f373deae21baaa6d0,31495,sentence1,21,search,5
3530243adedfd433e74740c12d7324d24c233b9c8550ae5047d7d6ca493e9e52,it 's pretty ridiculous that i 've seen airlines ask for these to be turned off at times .,3530243adedfd433e74740c12d7324d24c233b9c8550ae5047d7d6ca493e9e52,3511,sentence2,25,search,5
3534f12d79b047b6881e756fdffa1e9d850e4c6af3d446e87bb87988fb1d9b47,"Kyi, a U.N. envoy says, as Japan adds to growing international pressure by saying it will halt its hefty economic aid unless Suu Kyi is freed.",3534f12d79b047b6881e756fdffa1e9d850e4c6af3d446e87bb87988fb1d9b47,8081,sentence1,44,search,2
35366059b29d1297b0fcfe2a304d2e9977cbd67ec98005bcecb4adb40e3ba34a,a group of youngsters swim in lake water,35366059b29d1297b0fcfe2a304d2e9977cbd67ec98005bcecb4adb40e3ba34a,7397,sentence2,9,search,4
353692bb68f531cdef71f57686d0f7cfbed8ba1c3f3e6357b4243ae970fbc97c,al-qaida says it captures 70 yemeni soldiers in abyan 's battle,353692bb68f531cdef71f57686d0f7cfbed8ba1c3f3e6357b4243ae970fbc97c,25017,sentence1,25,search,3
35481ea03b25113a95d6b546af0f0950c51296b4fdd32d4ca5d518266e57c663,couple marry in the uk 's first scientology wedding,35481ea03b25113a95d6b546af0f0950c51296b4fdd32d4ca5d518266e57c663,21204,sentence1,14,search,2
35539a4bea0a2472ec70b055971dd2ac316d563e3a2bb82b1bb82cdac33e55f2,"and the new government often pays attention to improving the lot of its citizens , at least for a while .",35539a4bea0a2472ec70b055971dd2ac316d563e3a2bb82b1bb82cdac33e55f2,34400,sentence2,24,search,2
3559051460be6c13d592634c056ceb52ecd3e0e64a75886975196947b0e6c529,A black and brown dog is eyeing a fly,3559051460be6c13d592634c056ceb52ecd3e0e64a75886975196947b0e6c529,12021,sentence1,11,search,7
355f0f88bc5eb26721e668692d575c94fe3e81f97f8333f74c76c208ab251384,those who do not know the intensive methods surprised the necessity of such legislation .,355f0f88bc5eb26721e668692d575c94fe3e81f97f8333f74c76c208ab251384,818,sentence1,16,search,2
3595e1dc34d1d9da2ffb9006a8b9877927bc435e4d232c51cccee45e933d8dca,A couple is sitting on a patio and is staring at the ocean,3595e1dc34d1d9da2ffb9006a8b9877927bc435e4d232c51cccee45e933d8dca,37318,sentence1,15,search,4
35d3f84c029f300834b714d06762cdcb519c4052e4113416132c276fa4e0d664,mali 's interim president sworn into office,35d3f84c029f300834b714d06762cdcb519c4052e4113416132c276fa4e0d664,2210,sentence2,12,search,2
35db7aad141ae12d4fa145c5ae7d7769190305d6518a0459e553f154ae6cf794,Two dogs are playing by a plant,35db7aad141ae12d4fa145c5ae7d7769190305d6518a0459e553f154ae6cf794,18308,sentence2,8,search,7
35dc4e30ff098712c459745db0b81e168bc48da06a2c01b7006c739e98a62e40,coca-cola joining the fight on obesity,35dc4e30ff098712c459745db0b81e168bc48da06a2c01b7006c739e98a62e40,6297,sentence1,9,search,2
36364ef2741703cf43326fc57262aff55abdb4648070733d2219fa307bda8653,a brown dog is walking on the grass beside a fence .,36364ef2741703cf43326fc57262aff55abdb4648070733d2219fa307bda8653,4033,sentence1,15,search,7
3680ff4a63057eb38c5bb93f6d1f3d004a335da52665bccaea2cdd43a9e4c518,The women are dancing outside,3680ff4a63057eb38c5bb93f6d1f3d004a335da52665bccaea2cdd43a9e4c518,28007,sentence1,5,search,4
36a814c1b4353b35e769f56a969a89d1280b2f0cdea3237b5a36eed404581df9,require or need something that is missing,36a814c1b4353b35e769f56a969a89d1280b2f0cdea3237b5a36eed404581df9,37276,sentence1,7,search,5
36a961297bd448db344d0f27510fab77a4d7e5c500964a48d685b5344c1fd767,who was ' jihadi john ? ',36a961297bd448db344d0f27510fab77a4d7e5c500964a48d685b5344c1fd767,14271,sentence2,13,search,3
36b011b010dbc71ba6ab2d92c49410a8b000918f851a5803e1aa2875e574dd94,""" we believe we are fully prepared to roll out the [ touch-screen ] machines for the 2004 presidential primary , "" said gilles w. burger , state board of elections chairman .",36b011b010dbc71ba6ab2d92c49410a8b000918f851a5803e1aa2875e574dd94,6329,sentence2,44,search,2
36dbf0debd1f4bef2fe751de8a2a046b41a366dc2bb43f85179634e490b636e6,i don 't think there is an answer for this .,36dbf0debd1f4bef2fe751de8a2a046b41a366dc2bb43f85179634e490b636e6,5195,sentence1,15,search,5
36ee70d3c627c9e490c988b4c2e4268928155377147d67d3d08f340034ef1136,china yuan strengthens to 6.168 against usd monday,36ee70d3c627c9e490c988b4c2e4268928155377147d67d3d08f340034ef1136,3259,sentence2,15,search,2
36f49f030b54a823b5633a3ba3d8ee7c3fb579880b16b68d9c822ff37a81d257,a classroom of students watching a presentation .,36f49f030b54a823b5633a3ba3d8ee7c3fb579880b16b68d9c822ff37a81d257,22579,sentence2,11,search,4
371269ffe4f34bfa4a5549d83fab0c42d4667e5e720508d165036e77b979d4ed,There is no woman preparing an egg in a skillet,371269ffe4f34bfa4a5549d83fab0c42d4667e5e720508d165036e77b979d4ed,3359,sentence1,12,search,0
37451e7ab0d22293b4c9c09dee0025cb711129d8976acd65e9de8c81beac1940,A group of children in a church basement is playing guitars and tambourines,37451e7ab0d22293b4c9c09dee0025cb711129d8976acd65e9de8c81beac1940,14678,sentence2,17,search,4
377e231cd8fba26baf83d2ce6ac7d9eff93e398b8201669c8be2b18405fd10b0,janice kelly said her husband had received assurances from senior mod officials that his name would not be made public .,377e231cd8fba26baf83d2ce6ac7d9eff93e398b8201669c8be2b18405fd10b0,16247,sentence1,26,search,2
37ced50fb0721f32604aa26f912ed2dfdfc2f4970a028745cca6035246296c7f,nato helicopter makes hard landing in e. afghanistan,37ced50fb0721f32604aa26f912ed2dfdfc2f4970a028745cca6035246296c7f,6201,sentence1,18,search,3
37e4714ff3fc5c264e0b3eeb107409deaa7d238d4eb98738ea87cf59810c6c02,the dog is playing with a plastic container .,37e4714ff3fc5c264e0b3eeb107409deaa7d238d4eb98738ea87cf59810c6c02,6706,sentence1,11,search,7
37f9d3ba36703981b8dcb747542ba549574f63c7e67f27fddf712e71c9613ed4,glasgow helicopter crash : woman pc is victim,37f9d3ba36703981b8dcb747542ba549574f63c7e67f27fddf712e71c9613ed4,7754,sentence2,14,search,3
38003e372cf046af135e7f7595f592d76ed95a5bf345da16ef48511c21164cfd,"joining him in the majority opinion were justices sandra day o 'connor , david h. souter , ruth bader ginsburg and stephen g. breyer .",38003e372cf046af135e7f7595f592d76ed95a5bf345da16ef48511c21164cfd,9210,sentence1,51,search,2
3811b5b2f43bb8a1f659fb20ddbb9c7cf8986219dffeeb02672677b16ca630a3,"the dow jones industrial average < .dji > rose 49 points , or 0.47 percent , to 10,578 .",3811b5b2f43bb8a1f659fb20ddbb9c7cf8986219dffeeb02672677b16ca630a3,15698,sentence2,33,search,2
3838f9d23f9ddf985bd4bc4004afff4333ed4982b7692ad7deed348eadbb61e7,syrian rebels skeptical of chemical weapons deal,3838f9d23f9ddf985bd4bc4004afff4333ed4982b7692ad7deed348eadbb61e7,27694,sentence2,11,search,3
38714920b052aae26faa458ed6e3957d7f1aa8e19a1a4e0fcd430de3240b9cdf,the man is riding a horse .,38714920b052aae26faa458ed6e3957d7f1aa8e19a1a4e0fcd430de3240b9cdf,5034,sentence2,9,search,6
3876cd549f2fac9e9234f41383af2b69f591c4eb349b5f0ca322957676070cdb,i am part of the parliamentary ones that are rather present honorably .,3876cd549f2fac9e9234f41383af2b69f591c4eb349b5f0ca322957676070cdb,22363,sentence1,17,search,2
38788b90b8ff1a7562a10b2a68975a4942d64a06053f56287188d721612c5e20,a customer requests an entity from a supplier. the customer can order the entity himself or via a medium .,38788b90b8ff1a7562a10b2a68975a4942d64a06053f56287188d721612c5e20,14353,sentence2,25,search,5
3895571b52545ce51b34a0f6159d43a5b68d318dc91775df2d76f6563bf2d639,A man is tanking on a stage in front of a crowd,3895571b52545ce51b34a0f6159d43a5b68d318dc91775df2d76f6563bf2d639,12308,sentence1,15,search,6
38d04579ca87d1852b21990464f8977a96635bbf7c9a1d4a6ee3f79bdeb100d4,"for the full year period ending june 30 , 2003 , high-speed lines increased by 45 percent .",38d04579ca87d1852b21990464f8977a96635bbf7c9a1d4a6ee3f79bdeb100d4,16130,sentence1,25,search,2
38dbd91ba764cfdb562d5161d57d489b76be0b5fed6994271d988e1f90c3ad9f,A dog is eating a doll,38dbd91ba764cfdb562d5161d57d489b76be0b5fed6994271d988e1f90c3ad9f,8116,sentence1,7,search,7
38e08ef0fe7cd7eae3366990be9cdf817eaa6188693af97fe9397ddc8ea40e88,A man is packing the guitar,38e08ef0fe7cd7eae3366990be9cdf817eaa6188693af97fe9397ddc8ea40e88,8166,sentence1,6,search,6
38f516933e3c15d15de839248e67cec6d2e349bed78e98fa0db7b893f6508830,ada bryant and robert haire you go girl ! !,38f516933e3c15d15de839248e67cec6d2e349bed78e98fa0db7b893f6508830,368,sentence1,21,search,2
38fcf626e358951556db9e3c3fbbdc2e45f05285a4ded378171861e49539fe2f,"The dollar fell as low as $1.1624 per euro from $1.1486 on Friday, and traded at $1.1594 at 10:15 a.m. in London.",38fcf626e358951556db9e3c3fbbdc2e45f05285a4ded378171861e49539fe2f,8519,sentence2,39,search,2
3906afc7ecbb9c803d03a756a3af39ab4bc1ed40a11afef822c278a9003f5036,blast kills 11 in northwestern pakistan,3906afc7ecbb9c803d03a756a3af39ab4bc1ed40a11afef822c278a9003f5036,1500,sentence2,11,search,3
390df42790c20ec69853c3e9a30df8a4eab87aa9c4d6f71e16fcb43fc1c27bb1,a man in a black shirt is holding a child wearing sunglasses .,390df42790c20ec69853c3e9a30df8a4eab87aa9c4d6f71e16fcb43fc1c27bb1,9475,sentence1,17,search,6
391eee21067ea510ff97aac603db7bc89e15564db0fd2ef0517eaf9e49086b5f,a new cold war ?,391eee21067ea510ff97aac603db7bc89e15564db0fd2ef0517eaf9e49086b5f,657,sentence2,7,search,2
392ea3b11ec51c6fbc4a960dd4eb83af3f40ecd94a02d95a422adecb7daf0dc9,China FM hosts senior ASEAN officials,392ea3b11ec51c6fbc4a960dd4eb83af3f40ecd94a02d95a422adecb7daf0dc9,7065,sentence2,7,search,2
3957d7261df83712a7deb45805cbe73bb10f4c69347f8f0487c646c8292ecfbf,a small dog runs through an obstacle course .,3957d7261df83712a7deb45805cbe73bb10f4c69347f8f0487c646c8292ecfbf,5632,sentence1,11,search,7
39694323269c2c4c89abee056b909155038c1fe33c4f9b049634fdc3fb8bfda1,militants stage pakistan jailbreak,39694323269c2c4c89abee056b909155038c1fe33c4f9b049634fdc3fb8bfda1,14232,sentence2,9,search,3
396de8c2ec7762a87f615137848d34183fda7f4d2457e5324acc03687f9b46a2,a man jumping rope,396de8c2ec7762a87f615137848d34183fda7f4d2457e5324acc03687f9b46a2,15323,sentence1,5,search,6
3980b0ac736e6ace24a428cb21bc5286c6433d58745af3afb970c6829ffdf40e,a girl is running on a desert path .,3980b0ac736e6ace24a428cb21bc5286c6433d58745af3afb970c6829ffdf40e,12061,sentence2,12,search,1
3997f6876ed8b1f0edb03ae741e68de750d2690713203f315de6d9f746c29ae0,"i have years of "" neener neener "" rights hi wiggies !",3997f6876ed8b1f0edb03ae741e68de750d2690713203f315de6d9f746c29ae0,6414,sentence1,25,search,2
39a62692b67927c89b0bd58884f466230040585987e06bd743610a0bef1c8a8e,French President Francois Hollande's plane hit by lightning en route to Berlin,39a62692b67927c89b0bd58884f466230040585987e06bd743610a0bef1c8a8e,13361,sentence2,17,search,3
39b1eeae42e9ceed1d2c8794fc5cc97e9293df1313638d36787268276aca3c28,This varies by institution.,39b1eeae42e9ceed1d2c8794fc5cc97e9293df1313638d36787268276aca3c28,36745,sentence1,6,search,5
39cae44e6b72e0c3a51a6cc2c61906f51ebb9d8f19629f6c5ba80e79359eb0ab,miss montana has a great story to tell . # autism,39cae44e6b72e0c3a51a6cc2c61906f51ebb9d8f19629f6c5ba80e79359eb0ab,33437,sentence1,15,search,2
39cf7037091038889d71e38adba5a9e883009f0e547fef2916b7a5a6c75d5cd2,"an animate agent utters with a spitting sound , as if in a rage .",39cf7037091038889d71e38adba5a9e883009f0e547fef2916b7a5a6c75d5cd2,13443,sentence2,26,search,3
39ed15b84b883c5f642b8f842a04527d8fcbfa7fe42614c5139ab5fec5957c14,It is up to you.,39ed15b84b883c5f642b8f842a04527d8fcbfa7fe42614c5139ab5fec5957c14,13676,sentence1,6,search,5
39faad8fc88ef3830737f6cdb8fa48d5f136e619deb77c66dc6b847e6f3381c0,three young women standing in a room together .,39faad8fc88ef3830737f6cdb8fa48d5f136e619deb77c66dc6b847e6f3381c0,7013,sentence2,11,search,4
3a2e475fed5024bc98e4724b535ded6241e0de1fa5ae73d1c11429bf09e16f3f,the point of aerating your pile is to get oxygen to the microbes that break down the organic matter .,3a2e475fed5024bc98e4724b535ded6241e0de1fa5ae73d1c11429bf09e16f3f,8466,sentence2,26,search,5
3a3a55326cc354378d2020a9f1358fe18f991dc2c085ec70c5f22d9b2b6f8deb,The man is standing next to a bird cage,3a3a55326cc354378d2020a9f1358fe18f991dc2c085ec70c5f22d9b2b6f8deb,34481,sentence1,10,search,6
3a4170f580f959d3990ae450028fbd88fdc5e18137527a559d474c3c7a5178a6,a dog wearing a cape is running through the snow .,3a4170f580f959d3990ae450028fbd88fdc5e18137527a559d474c3c7a5178a6,3109,sentence2,15,search,7
3a4aa6188e465e2e78f058a4351da6f9f68590893b91119acad12f9a9870d3f6,hundreds killed in brazil nightclub fire,3a4aa6188e465e2e78f058a4351da6f9f68590893b91119acad12f9a9870d3f6,36000,sentence1,9,search,3
3a4f3081e876aca898c7d9e92e2c231748b4b89fa1c4c7d381e4bbd0d02c97a8,a woman and a dog standing in the grass .,3a4f3081e876aca898c7d9e92e2c231748b4b89fa1c4c7d381e4bbd0d02c97a8,19237,sentence1,13,search,7
3a530c2efcdcae14ae356d6565ce0e244fc169f6e350cd67de7387528855bab5,there is no gap between the positive battery terminal and terminal 6,3a530c2efcdcae14ae356d6565ce0e244fc169f6e350cd67de7387528855bab5,2294,sentence2,12,search,0
3a6c93b122f40c2c90e66f94227deaf459085ac12f0041cfacf33e94658541f6,tunisia was,3a6c93b122f40c2c90e66f94227deaf459085ac12f0041cfacf33e94658541f6,14003,sentence1,5,search,2
3a8308e790856c7aecc9d5644e3530abbe5bb78acebe4bfdcc4ac89b67feaf98,Sources within the racing industry have told the Daily Bulletin that Fontana will get a second NASCAR race on Labor Day weekend starting next season.,3a8308e790856c7aecc9d5644e3530abbe5bb78acebe4bfdcc4ac89b67feaf98,20396,sentence2,33,search,2
3a86ffbca16ee7bf720c49e1fda1618c7b64e7ee2ea276074daeb95792607e5f,A man puts three pieces of meat into a pan.,3a86ffbca16ee7bf720c49e1fda1618c7b64e7ee2ea276074daeb95792607e5f,5000,sentence1,12,search,6
3a914dd0f562ed61eca00d514725289c3c62d942c74f7de70809539837566a50,"react , or respond to a call , command , or stimulus",3a914dd0f562ed61eca00d514725289c3c62d942c74f7de70809539837566a50,5464,sentence2,16,search,5
3aa3565ca7a5f8a977938538c05db3e56ce15cee3f60aff0a3948b10f0960c31,they also inherit the attributes and methods of its superclass .,3aa3565ca7a5f8a977938538c05db3e56ce15cee3f60aff0a3948b10f0960c31,30032,sentence2,13,search,5
3aa52536ea024abbabc3304f9fa177512f7fb2da1c17f8505aaedd9349911afb,g7 ' to intensify russia sanctions',3aa52536ea024abbabc3304f9fa177512f7fb2da1c17f8505aaedd9349911afb,8294,sentence2,12,search,2
3aa561f6a8d132a485c816b962d192bb46e4b14cd087e5b6637cbfd75e5eb697,A dog with a ball is being chased in the grass,3aa561f6a8d132a485c816b962d192bb46e4b14cd087e5b6637cbfd75e5eb697,12010,sentence2,13,search,7
3abd26130b2031cef5dc6c2f0716284cb849edc41639cf0acd17f4bd000b31b2,"warren david campbell , 32 , and climbing companion jonathan smith , 47 , did not return as expected on tuesday from climbing on mt d 'archiac in the mckenzie district .",3abd26130b2031cef5dc6c2f0716284cb849edc41639cf0acd17f4bd000b31b2,18403,sentence2,60,search,3
3ad441561f8e667fc8e97cce4c4a09ec8b0578472e8da0048088ded59817254f,well : long term effects on life expectancy from smoking,3ad441561f8e667fc8e97cce4c4a09ec8b0578472e8da0048088ded59817254f,24230,sentence1,12,search,5
3addc4d7017eed54b89da55d3c7d65c6e0389f5a16b8871c4ab2c8b8d488f95b,Frist proposed a process in which it would take gradually fewer votes to overcome filibusters preventing final votes on judicial confirmations.,3addc4d7017eed54b89da55d3c7d65c6e0389f5a16b8871c4ab2c8b8d488f95b,21225,sentence2,31,search,5
3aeb24b4a3f92edf0c2d2c1ce7f41a5a949d0995ea63c64371cb19ff617b4cdf,a man wearing a blue hat and shirt is riding a white horse .,3aeb24b4a3f92edf0c2d2c1ce7f41a5a949d0995ea63c64371cb19ff617b4cdf,5063,sentence1,19,search,6
3af3d390e013b9cfe85265bba4926e570e1f165caf6045818682e1bdd50dbf8d,a white curly haired dog runs with a stick in it 's mouth .,3af3d390e013b9cfe85265bba4926e570e1f165caf6045818682e1bdd50dbf8d,8233,sentence2,22,search,7
3af6cd55bb5e1fcc712be2eae83f075739bc75b4c46aba046637560e9dbdd011,an alarm in the offing on climate change,3af6cd55bb5e1fcc712be2eae83f075739bc75b4c46aba046637560e9dbdd011,36621,sentence2,9,search,2
3b00cde36fce9578334af0126c3a1456ae8cf38aaf89aba412d648e42c166d5f,There is no woman cooking eggs,3b00cde36fce9578334af0126c3a1456ae8cf38aaf89aba412d648e42c166d5f,55,sentence2,6,search,0
3b067a0fc7a691030e2447978ce468ff23b5fc69b9b0a79b0a897f7390ce4628,"9. no "" spouse "" means no established a family relationship where a spouse can then sponsor their spouse for immigration purposes .",3b067a0fc7a691030e2447978ce468ff23b5fc69b9b0a79b0a897f7390ce4628,6501,sentence2,26,search,0
3b236a1a627350c1190ad23330314699c0a42a364ff11efd00bf258981b69973,""" this is extraordinarily fast , "" said matt geller , an analyst at cibc world markets .",3b236a1a627350c1190ad23330314699c0a42a364ff11efd00bf258981b69973,14359,sentence1,28,search,2
3b2888533b80777ec4762c43c7a5fa394edf9032e76c5d824d7df13520bea99f,a dog runs across the grassy field .,3b2888533b80777ec4762c43c7a5fa394edf9032e76c5d824d7df13520bea99f,30871,sentence1,11,search,7
3b3dc7adc753ddb9d4e761643fabaaada219cba30bc66cfe19592efaffd38479,A keyboard is being played by a person,3b3dc7adc753ddb9d4e761643fabaaada219cba30bc66cfe19592efaffd38479,20275,sentence2,9,search,6
3b484c49a10c67af972ff21e2fb808c4d637b83174d10360a3ececb583176f9f,There is no man with a hard hat dancing,3b484c49a10c67af972ff21e2fb808c4d637b83174d10360a3ececb583176f9f,24284,sentence1,11,search,0
3b597f8ae4d083ac2aab159851b16eb18272207ea93d17051309386cf3f1adeb,A topless boy has a clean face,3b597f8ae4d083ac2aab159851b16eb18272207ea93d17051309386cf3f1adeb,5411,sentence2,9,search,4
3b908162d9e5d4ba52ffe5ddc346600b02ddbb265ca984a916df696646b99e4b,a women holds a small baby while sitting on a sofa .,3b908162d9e5d4ba52ffe5ddc346600b02ddbb265ca984a916df696646b99e4b,4570,sentence2,16,search,1
3b9f2566aca876f95cd00af0d6908f07c8fffecb05829c4ce48a0a5212c713c3,israeli soldier hits palestinian child in hebron,3b9f2566aca876f95cd00af0d6908f07c8fffecb05829c4ce48a0a5212c713c3,11319,sentence1,13,search,3
3ba2fec22d90ce71f4ef2506aee1be9a693dc610365bb6f32d01a13d56df6c5d,A woman is putting meat in a pan,3ba2fec22d90ce71f4ef2506aee1be9a693dc610365bb6f32d01a13d56df6c5d,25221,sentence1,10,search,1
3bd023052109faf79dab8a1f95f0b45ff8f415cd749bc051e2a148b39595ad9d,A man is dancing upside-down on the ceiling,3bd023052109faf79dab8a1f95f0b45ff8f415cd749bc051e2a148b39595ad9d,13674,sentence2,10,search,6
3bd691f4886c3211f1be8ca47560a5ce0b2c9bffac9d43d906f5505df73d10d3,the terminals are on the same side as the negative side of the battery .,3bd691f4886c3211f1be8ca47560a5ce0b2c9bffac9d43d906f5505df73d10d3,25350,sentence1,17,search,5
3be608006a3c8e1f0abb9d61abf51d73d63e9e5d02919403daea0a77fe6ec9a0,"But in the first 30 seconds of the bout, family members knew it was an uneven match, Jodie Meyers, Stacy Young's sister, said.",3be608006a3c8e1f0abb9d61abf51d73d63e9e5d02919403daea0a77fe6ec9a0,7997,sentence2,33,search,3
3c11db3514ef06bbdd63991a18181f56d3d7aa0768aa8b0b9ebcf3187f07bb54,take up someone 's soul into heaven .,3c11db3514ef06bbdd63991a18181f56d3d7aa0768aa8b0b9ebcf3187f07bb54,9329,sentence1,11,search,5
3c1bddcaadc022d2dfec27c13dcd8db0704cada2ad8dc0163d0bcc6385db6274,A woman is looking out a window.,3c1bddcaadc022d2dfec27c13dcd8db0704cada2ad8dc0163d0bcc6385db6274,16556,sentence2,9,search,1
3c3a7e58829555e35f38f53d7e896fbdc8de7441fbd34ad17119e3de88f458f8,"philippines typhoon death toll rises above 5,000",3c3a7e58829555e35f38f53d7e896fbdc8de7441fbd34ad17119e3de88f458f8,5225,sentence1,18,search,3
3c76f6d9f4fc84301bc7454237370351d1b963503c159a45238326b4e7a8658b,A pale dog runs down a path.,3c76f6d9f4fc84301bc7454237370351d1b963503c159a45238326b4e7a8658b,5587,sentence2,9,search,7
3c827e36af6e4d44eb1f5578c88e82d01081e8a3e943b7def5ea5a6a2e17a8d4,a black dog is chasing two birds on the shore of the ocean .,3c827e36af6e4d44eb1f5578c88e82d01081e8a3e943b7def5ea5a6a2e17a8d4,30573,sentence1,17,search,7
3c8db45d78a700e98e3ec371cbfe37d4a8bdce7c095b29dfc5aba36b42978e83,The man is cautiously operating a stenograph,3c8db45d78a700e98e3ec371cbfe37d4a8bdce7c095b29dfc5aba36b42978e83,3545,sentence1,11,search,6
3c9fe3977493cfc19ae8fb27d38fef5320c586df5680867c2f659dd343f357c3,US suspects Syria used chemical weapons,3c9fe3977493cfc19ae8fb27d38fef5320c586df5680867c2f659dd343f357c3,17183,sentence1,7,search,3
3cae2ddc9042cfdf04ea3ca7b28cdcdfb514ee587369825bb2a8c1439ee66dd8,A little child in a pink sweater is climbing a concrete staircase,3cae2ddc9042cfdf04ea3ca7b28cdcdfb514ee587369825bb2a8c1439ee66dd8,3768,sentence1,14,search,4
3cc8a2dcce6b5f872ba421b17eb7601d02fc16602f86fa7d84399ce8cac61c53,the black dog leaps off the dock and into the water .,3cc8a2dcce6b5f872ba421b17eb7601d02fc16602f86fa7d84399ce8cac61c53,4224,sentence2,14,search,7
3cd3b6cbd298a56b2c6aa2e4d585c5207e9a6d3c7869208afb54810b4f111ef1,"The woman is wearing a red jacket and holding a glass in front of the man in a t-shirt, which is white",3cd3b6cbd298a56b2c6aa2e4d585c5207e9a6d3c7869208afb54810b4f111ef1,37070,sentence1,29,search,1
3cd3e0aae97e8cdd69d690b10d54f7852c52dda1a63c82ff15a47f51b5316d17,The two men are wearing jeans.,3cd3e0aae97e8cdd69d690b10d54f7852c52dda1a63c82ff15a47f51b5316d17,18049,sentence1,7,search,4
3d03e6d642ebdc36561e9eb7ee9c1df36c60d4b03dbd88be0752903bec75220a,( cause to ) appear suddenly or briefly,3d03e6d642ebdc36561e9eb7ee9c1df36c60d4b03dbd88be0752903bec75220a,19399,sentence1,9,search,5
3d0f9bbbceab1bc137f1b8f5f7ac59a1a0afede6a011fc6841bdfea7ec913c46,pakistan begins demolition of bin laden compound,3d0f9bbbceab1bc137f1b8f5f7ac59a1a0afede6a011fc6841bdfea7ec913c46,11545,sentence2,11,search,3
3d284d78d6afcee770c6aba1719ee051455a8ebb2973d4a2d7030cc998d78f2b,A man in a elegant dress is being surrounded by photographers,3d284d78d6afcee770c6aba1719ee051455a8ebb2973d4a2d7030cc998d78f2b,3295,sentence1,13,search,6
3d2dc9a5f15910618194d2bd4427f8c8c773a873bdad22d174de5c498c838a0f,A man at the keyboard is playing with his nose,3d2dc9a5f15910618194d2bd4427f8c8c773a873bdad22d174de5c498c838a0f,27331,sentence2,10,search,6
3d976c5aad1434e038500f51750246520a9fd99b110009b2595cf67af773b28e,two dogs are wrestling in the grass .,3d976c5aad1434e038500f51750246520a9fd99b110009b2595cf67af773b28e,16615,sentence1,9,search,7
3da9ca12b612c37542a1b83214fefb08e8f75abe332545ad28e37639044a0736,"us , allies to set demands for iran nuclear talks",3da9ca12b612c37542a1b83214fefb08e8f75abe332545ad28e37639044a0736,13737,sentence1,14,search,2
3dae112fb60eba7a89e63fa0a6ea2cd7c2427cc16c2e477ff107b2df21814a75,There is no person boiling noodles,3dae112fb60eba7a89e63fa0a6ea2cd7c2427cc16c2e477ff107b2df21814a75,13485,sentence2,6,search,0
3dcb6ea124ee3fd53a6756caaaa4867cb261b75af1bc006367d5ceab2ffec27b,There is no woman dancing,3dcb6ea124ee3fd53a6756caaaa4867cb261b75af1bc006367d5ceab2ffec27b,4402,sentence1,5,search,0
3dda02c227311d9a06c77ec59110cb648055fd5931a5eb42d217a8bc6a19c50e,Afghan Parliament Votes to Oust Key Ministers,3dda02c227311d9a06c77ec59110cb648055fd5931a5eb42d217a8bc6a19c50e,17034,sentence1,11,search,3
3e14957c95b9d693215c788426a4093e5d0fba21b8f7f8561d3597f1eb0af3ff,"our country is supposed to be a nation of laws and not men , right ?",3e14957c95b9d693215c788426a4093e5d0fba21b8f7f8561d3597f1eb0af3ff,500,sentence2,19,search,2
3e1ac695d27a95f4abb496425bf354d3a40a4a6c1666e9f93f0cea3e6cbb6bef,"a chinese influential businessman who share his time between hong kong and london , was even more precise .",3e1ac695d27a95f4abb496425bf354d3a40a4a6c1666e9f93f0cea3e6cbb6bef,33025,sentence2,31,search,2
3e361676ccbbbeea799f68ebc8d30749d60e502e33af72a3a16e7d8ba53ac8b1,"paul themba nyathi , an mdc spokesman , said the avenues clinic was being targeted because it was treating opposition supporters .",3e361676ccbbbeea799f68ebc8d30749d60e502e33af72a3a16e7d8ba53ac8b1,8152,sentence2,37,search,2
3e39d5a98da2d9b8c3c42b7b7afab167f605868db86e3d7fb996dded47029845,I am in a similar situation.,3e39d5a98da2d9b8c3c42b7b7afab167f605868db86e3d7fb996dded47029845,4340,sentence2,8,search,5
3e49c71f7454662be511986e9229bf38b84710b6e07b1d65915c8321fa7c73ed,pro-pak taliban warlord killed in us drone strike,3e49c71f7454662be511986e9229bf38b84710b6e07b1d65915c8321fa7c73ed,11345,sentence2,15,search,3
3e525be9c55bbf802e7d6e05ca3da27497c786730b1d16d292b5db16d23b7513,The man is not slicing the potato,3e525be9c55bbf802e7d6e05ca3da27497c786730b1d16d292b5db16d23b7513,20577,sentence1,10,search,0
3e8eecb8158332dada61ec46eacd753bd822995e16242f07bdb7bd43659fa04d,abbvie sours on $ 55b shire deal after tax changes,3e8eecb8158332dada61ec46eacd753bd822995e16242f07bdb7bd43659fa04d,16986,sentence2,15,search,2
3ea71cab2da66d30cd5de6783c165e3556c7be234e630d4aef46c88ce41b89cc,someone is playing a keyboard .,3ea71cab2da66d30cd5de6783c165e3556c7be234e630d4aef46c88ce41b89cc,21842,sentence1,8,search,6
3ea85532da666042b16830afb968244355f635e10040646f9bed5b1b11b1de89,i am one of the members who are rather honourably here .,3ea85532da666042b16830afb968244355f635e10040646f9bed5b1b11b1de89,34341,sentence2,15,search,2
3eafe7f5224c002e01a80661f17f21dffc56c9a0d37dfae6030f14e6c1e7fe9f,sensex down 193 points on budget blues,3eafe7f5224c002e01a80661f17f21dffc56c9a0d37dfae6030f14e6c1e7fe9f,24373,sentence2,10,search,3
3eb1915d4fc30d6f7a829d33ac2145dbad9b2c009271360fba7aaeb617d5bbd5,a measure of the likelihood or probability of an event,3eb1915d4fc30d6f7a829d33ac2145dbad9b2c009271360fba7aaeb617d5bbd5,14136,sentence1,11,search,5
3ee18d689fe00cbdbfd940a3ffc8e97c8d82b33b67eb7ca16ced66b007b9b243,It depends on what they are.,3ee18d689fe00cbdbfd940a3ffc8e97c8d82b33b67eb7ca16ced66b007b9b243,645,sentence2,7,search,5
3f0b73c2e2b30026293d1620c3b296ccfeb58fbd3d125e13cc522a3a7d3b5223,Some people are sitting on the ground outside a monument,3f0b73c2e2b30026293d1620c3b296ccfeb58fbd3d125e13cc522a3a7d3b5223,8328,sentence1,11,search,4
3f56399e9a0106a631303215d58a09d28ece6794d31a829d94470f4a05183cd1,The woman is not slicing an onion with a knife,3f56399e9a0106a631303215d58a09d28ece6794d31a829d94470f4a05183cd1,4096,sentence2,14,search,1
3f5d3af2d0aded88be14f93bb0cfb08148e74799b6ce8673e5d27f5705e14405,ukraine hosts ‚ äėunity talks ‚ äô,3f5d3af2d0aded88be14f93bb0cfb08148e74799b6ce8673e5d27f5705e14405,10347,sentence2,18,search,2
3f7321b5376aa108d31cdc4e5d7c79212c7a2f9eb71714dd12835ffa9b3decbc,"india , us to hold talks on china next week",3f7321b5376aa108d31cdc4e5d7c79212c7a2f9eb71714dd12835ffa9b3decbc,3443,sentence1,11,search,2
3feca4ada6f1b521f62460316f69bca4419813fae3bf01ddec757143fbf8ca28,a man lies on a street with his headand shoulders under a parked car that is jacked up .,3feca4ada6f1b521f62460316f69bca4419813fae3bf01ddec757143fbf8ca28,4132,sentence2,27,search,6
400607e448061c5381b546ac07cc63f56680911524aca943499889dbc5312020,The young boy is running through the ocean waves,400607e448061c5381b546ac07cc63f56680911524aca943499889dbc5312020,17026,sentence1,9,search,4
403e58d1ec6174ae4bbcaa27467cd042dd5ae2c2627a521e39c24de7212f17e2,38 taliban militants killed in afghanistan,403e58d1ec6174ae4bbcaa27467cd042dd5ae2c2627a521e39c24de7212f17e2,15094,sentence1,15,search,3
404478617b976ca8dd1857e34e7502c7d49cc8380cac337186c8d021956310ca,A group of students in uniforms is listening attentively at the front of the class,404478617b976ca8dd1857e34e7502c7d49cc8380cac337186c8d021956310ca,35582,sentence1,17,search,4
404b2813fb75c64a9b96e640548c57bbbea5bd95079ee71157c4316274929494,iraq 's future depends directly on the fate of iraqi oil production .,404b2813fb75c64a9b96e640548c57bbbea5bd95079ee71157c4316274929494,1496,sentence2,25,search,2
40992210faf942e5c65a7dfb29d15f6a99771a2aa355678999756d06ae554a66,29 people were convicted by the quang ninh people 's court of participating in a drug ring that trafficked heroin from vietnam to china .,40992210faf942e5c65a7dfb29d15f6a99771a2aa355678999756d06ae554a66,28316,sentence2,38,search,2
4099bdf08e6b3b47092320c73cb6104a349b03ec33bfe0f95c07ba746db8ec4e,the nist discovered that in 1999 the port authority issued guidelines to upgrade the fireproofing to a thickness of 1 1 / 2 inches .,4099bdf08e6b3b47092320c73cb6104a349b03ec33bfe0f95c07ba746db8ec4e,21354,sentence2,32,search,2
40a070be0fe8459a8e5fb95e9b388160aaa900d7d94aa139d0199b6489f8eb8c,israel faces european backlash over settlement plan,40a070be0fe8459a8e5fb95e9b388160aaa900d7d94aa139d0199b6489f8eb8c,15053,sentence1,9,search,2
40b8aaa9250e4c1ed40bf987f9719b0f1f58f9d9656928cad4bec744505fe7ca,china says defense budget to rise 11.2 % in 2012,40b8aaa9250e4c1ed40bf987f9719b0f1f58f9d9656928cad4bec744505fe7ca,2337,sentence1,12,search,2
40bb8b7a2485b39fb1addaa01b324b8af3a495d27972d578ccb2fbfa5500ab35,medium of exchange minted by a government,40bb8b7a2485b39fb1addaa01b324b8af3a495d27972d578ccb2fbfa5500ab35,35258,sentence2,10,search,2
40c4ce67ef72112ac4039750534b3789d0b2996165a71261e29fc216b615a9ff,"the appetizer devoured , annika sorenstam moves on to the entree this week at the mcdonald 's lpga championship .",40c4ce67ef72112ac4039750534b3789d0b2996165a71261e29fc216b615a9ff,21311,sentence2,41,search,1
40cad832ec1b876863e42991a9cfe1d41823e16b63d63426854ec5099a9daab1,"the first trial of a suspect in last year 's bali nightclub bombings that killed more than 200 people opened in indonesia today , sky news reported .",40cad832ec1b876863e42991a9cfe1d41823e16b63d63426854ec5099a9daab1,25120,sentence2,42,search,3
40d339424134cb2ac04e622983ca01e618865f499f36cefa4ef5103f086a0e4c,abc to look at ' star wars ' live-action series,40d339424134cb2ac04e622983ca01e618865f499f36cefa4ef5103f086a0e4c,10235,sentence2,16,search,2
40fc2c3efaf1c9f1cdecf84af3264e4a9d6c98e9ce7a2a3af366916aa9098ddd,doubt or an impression that something might not be the case .,40fc2c3efaf1c9f1cdecf84af3264e4a9d6c98e9ce7a2a3af366916aa9098ddd,2419,sentence2,13,search,5
41097a33ca5a1570c5b9c692f5df6e3c2b513b4b285fed87d024d442d067987a,"The meat, poultry, butter, cheese and nuts were being stored by more than 100 wholesalers in Chicago.",41097a33ca5a1570c5b9c692f5df6e3c2b513b4b285fed87d024d442d067987a,31170,sentence1,23,search,2
4119bcd878b17c3fbfb18d2e66a7c0f6fc69b96906356fc350db620ea2f4581e,air strike kills one man in syria 's hama,4119bcd878b17c3fbfb18d2e66a7c0f6fc69b96906356fc350db620ea2f4581e,389,sentence2,19,search,3
411a1782d37ff1e3305a21bf8402ef55878eeb29cbaa182245b56e872c233b98,A red dog is sitting and dropping a tennis ball from its mouth,411a1782d37ff1e3305a21bf8402ef55878eeb29cbaa182245b56e872c233b98,16272,sentence2,14,search,7
41655e8243ce16d5b7a9456ae9f153151debed9ce861df4de8688b713b5c36a1,a man puts seasoning in a bowl of water .,41655e8243ce16d5b7a9456ae9f153151debed9ce861df4de8688b713b5c36a1,8270,sentence1,14,search,6
416fa3008771be7f4cac7f538c4430bfa20b55a68862f1da4ca4281e564b69af,the european union must be involved and do so quickly .,416fa3008771be7f4cac7f538c4430bfa20b55a68862f1da4ca4281e564b69af,34350,sentence2,12,search,2
418ba50405e6331f4d0f8d33e9380587c579be0c553eb6391768fa6ce0a656b9,The gate is yellow.,418ba50405e6331f4d0f8d33e9380587c579be0c553eb6391768fa6ce0a656b9,21392,sentence1,5,search,4
4197fd9e14674275a092cbeca19a194878e8106de11ca4a5ed645da74a376f90,thai protesters block polling stations in bangkok,4197fd9e14674275a092cbeca19a194878e8106de11ca4a5ed645da74a376f90,1564,sentence1,15,search,3
41b246776347cb312919bf77017b30e71df3cc473c180a9ed0952a92583035f1,"microsoft says to cut up to 18,000 jobs",41b246776347cb312919bf77017b30e71df3cc473c180a9ed0952a92583035f1,7130,sentence1,10,search,3
41ca1d11982e25ff080ee43766ef463fdacf149bd986cc927c697cacfe893c12,A girl dressed in purple and blue is walking beside her bike at night,41ca1d11982e25ff080ee43766ef463fdacf149bd986cc927c697cacfe893c12,2202,sentence1,14,search,4
41ce253777209895b689b16293887113fbac20d7097458d5bb575deee9743522,pussy riot verdict greeted with defiance,41ce253777209895b689b16293887113fbac20d7097458d5bb575deee9743522,20310,sentence2,12,search,3
41df408de37ccdfba8561b74b10f26ed11aac7b93def91c53c09e147329ba41f,has nasa discovered water on mars ?,41df408de37ccdfba8561b74b10f26ed11aac7b93def91c53c09e147329ba41f,8316,sentence1,12,search,2
41f7869eb51c7f81beffa37b17a92dade53c7af522670bb8643122b7d6f1b5bc,"ahmadinejad is embarking upon an adventure , bernanke .",41f7869eb51c7f81beffa37b17a92dade53c7af522670bb8643122b7d6f1b5bc,4407,sentence2,22,search,2
421568475a3803508eec41dad8a4be4d7aa08b5cc73f52efcf22016cc7724188,a baby is sitting in the grass .,421568475a3803508eec41dad8a4be4d7aa08b5cc73f52efcf22016cc7724188,4092,sentence2,10,search,4
4268cdcf83a6abd2bf650d866467502dc5a002a9442a8bf564975d14fe08a529,"justices said that the constitution allows the government to administer drugs only "" in limited circumstances . """,4268cdcf83a6abd2bf650d866467502dc5a002a9442a8bf564975d14fe08a529,17338,sentence2,20,search,2
428ffbe608d310db0517c01dc1c910b5616a8a1a74f63a726d75e86fc791e810,"teacher talks armed student into giving up , police say",428ffbe608d310db0517c01dc1c910b5616a8a1a74f63a726d75e86fc791e810,25396,sentence1,12,search,3
429f663593c215b113603e5a1bc1d215a29824250b2de71a650d8ea6700d66b7,"north american markets grabbed early gains monday morning , as earnings season begins to slow and economic indicators take the spotlight .",429f663593c215b113603e5a1bc1d215a29824250b2de71a650d8ea6700d66b7,4122,sentence2,26,search,2
42b9a37a3dd3028401ba4645d84c69bf962059ed8afecef14170ae2db0549f04,". what is your definition of "" life force "" ?",42b9a37a3dd3028401ba4645d84c69bf962059ed8afecef14170ae2db0549f04,19489,sentence1,13,search,5
42d49b924b7b934f2389856cf8122bff439e7b39ff740c9546162e29b878a912,hezbollah confirms it sent drone downed over israel,42d49b924b7b934f2389856cf8122bff439e7b39ff740c9546162e29b878a912,9593,sentence2,17,search,3
432948818d8ef8afb49471b68b3b8c94932a8309553b563a86ce86b306b9faac,it 's up to you what you want to do next .,432948818d8ef8afb49471b68b3b8c94932a8309553b563a86ce86b306b9faac,15564,sentence2,15,search,5
4365b5af31bd68507b5e543d14f3b4eeb8ef635bedf4b9e36b4505846eb639c6,ukraine claims rebels flushed from main stronghold,4365b5af31bd68507b5e543d14f3b4eeb8ef635bedf4b9e36b4505846eb639c6,522,sentence1,14,search,3
436eb127b44ffe27ffaf378c43e966122e44f0c4e4464d7cfeb6b26182444953,"kids can 't trust anyone ! ! "" : 50 arrested in florida child sex sting - including several teachers : """,436eb127b44ffe27ffaf378c43e966122e44f0c4e4464d7cfeb6b26182444953,33351,sentence2,34,search,3
43cac6c6e3bdc6030db5ab4ee7c47b044d2916f828545aacc9c9294ab33555e9,puretunes representatives could not be located thursday to comment on the suit .,43cac6c6e3bdc6030db5ab4ee7c47b044d2916f828545aacc9c9294ab33555e9,6333,sentence2,20,search,0
43e30bc9ff1c71276101e39956bc36298c45d776a356618da222f011b36528c0,"first of all , let me say that there seems to be 3 main traits to casting a spell .",43e30bc9ff1c71276101e39956bc36298c45d776a356618da222f011b36528c0,36781,sentence1,23,search,5
43eca81fbba38026a00febd009781353f2136c0c1b0c4f647186b3f162645c89,A crew of workers working on a railroad track.,43eca81fbba38026a00febd009781353f2136c0c1b0c4f647186b3f162645c89,18808,sentence1,11,search,4
4408612c6d3eb7ed7f71e3856fa22c6e3e3607adf3a5e14301b16c481125f375,The snowboarder is doing a flip over a mound of snow,4408612c6d3eb7ed7f71e3856fa22c6e3e3607adf3a5e14301b16c481125f375,12702,sentence1,15,search,6
442c849b5235185419ca1920acf731c316d31a8a280d2f24fdf375e2c7c9cc1b,romney pledges to ' stand with israel ' on iran threat,442c849b5235185419ca1920acf731c316d31a8a280d2f24fdf375e2c7c9cc1b,10220,sentence1,19,search,2
4437322308a1f7a195831310ee60850005ad2e8229d82466c5d2f419338c96b2,A man is riding a water toy in the water,4437322308a1f7a195831310ee60850005ad2e8229d82466c5d2f419338c96b2,28169,sentence1,12,search,6
443a22693a51c4aa2270a60bd64f5788e1dcf79240c8a4cae3ce05d17aed9034,make pure or free from sin or guilt .,443a22693a51c4aa2270a60bd64f5788e1dcf79240c8a4cae3ce05d17aed9034,7518,sentence1,10,search,5
447c55f928302daa9ed2fa12bf738e90e05bdfb6cbdb34c826e39b6d5ea26413,britain sees evidence assad could use chemical weapons,447c55f928302daa9ed2fa12bf738e90e05bdfb6cbdb34c826e39b6d5ea26413,3322,sentence1,15,search,2
4488edc97cb9d5d2806b04b3ff2ceace5806bddbad76c3412b94997b74b10bae,A banana is being eaten by a man,4488edc97cb9d5d2806b04b3ff2ceace5806bddbad76c3412b94997b74b10bae,13119,sentence1,9,search,6
448d1fad9c4428dd40fe87b74d8eb9cead8160eacd51262b72dd6c6648d6b426,( biology ) taxonomic group containing one or more families,448d1fad9c4428dd40fe87b74d8eb9cead8160eacd51262b72dd6c6648d6b426,6201,sentence2,15,search,5
44a86ea2e9fbb0c2c2e1508701cc756413464a5fa1e949ebe576f423075588d9,think so ? they don 't think so !,44a86ea2e9fbb0c2c2e1508701cc756413464a5fa1e949ebe576f423075588d9,17408,sentence2,13,search,5
44c6dbae5cfb8bb62e20f0a935163032ba23ee4206d5639a89c993df32d38232,A man is playing a guitar that is acoustic,44c6dbae5cfb8bb62e20f0a935163032ba23ee4206d5639a89c993df32d38232,51,sentence2,14,search,6
44d950e026bfe1fa16dd495a385b3f06251223356f714060db481f1fa5506b49,more than 60 killed at iraq funeral,44d950e026bfe1fa16dd495a385b3f06251223356f714060db481f1fa5506b49,11693,sentence1,11,search,3
4502e65148591a1edefcdecee08919c563108e7a07b1b2540032e9881e39f4cd,A man is singing to a woman,4502e65148591a1edefcdecee08919c563108e7a07b1b2540032e9881e39f4cd,22349,sentence2,8,search,6
4509f775c7bfc59de4f780ad2e1dac98046bcf5320d120b2122d1be4d0343cb3,a man is smelling two pizzas .,4509f775c7bfc59de4f780ad2e1dac98046bcf5320d120b2122d1be4d0343cb3,22498,sentence1,11,search,6
451b335c25af71bae3c5a19669c8f30643c85669946ecc5c16921fcb54cdfc2e,The woman with the knife is not slicing a pepper,451b335c25af71bae3c5a19669c8f30643c85669946ecc5c16921fcb54cdfc2e,36406,sentence1,14,search,0
45448cb01df53d25445e3972c5efa8bcc2c3a794b31795d6f24b347a99c968f5,iran says un nuclear talks will continue,45448cb01df53d25445e3972c5efa8bcc2c3a794b31795d6f24b347a99c968f5,1461,sentence2,9,search,2
45575b2eff0ec176f7a9a188e26bbf213792c3d7b4657f3772b9f00d347f9093,japan urges u.s. to quickly handle budget deadlock,45575b2eff0ec176f7a9a188e26bbf213792c3d7b4657f3772b9f00d347f9093,9496,sentence2,15,search,2
455e4daeacba58431f5ff394efd2f1a3b6c5272d11a8860c122519a91ec4cbfd,russian president vladimir putin states that the decision to cease implementation of the conventional forces in europe treaty is a response to u.s. plans to establish missile defense sites in eastern europe and to nato 's failure to ratify an amended version of the treaty .,455e4daeacba58431f5ff394efd2f1a3b6c5272d11a8860c122519a91ec4cbfd,32549,sentence1,70,search,2
45785876d2cc55299f8b1d05feba91049964ca01d4ccdad4f6f8dcb7a3f53fe7,a general rule of thumb is every 5-6 hours of skating .,45785876d2cc55299f8b1d05feba91049964ca01d4ccdad4f6f8dcb7a3f53fe7,22056,sentence2,15,search,5
458cdb2379521f2c93b93971bd6eb9f6bcf2a8056c580373724e2b62b0693445,"a protagonist is in the dynamic , maintained state of being alive or has exited this state .",458cdb2379521f2c93b93971bd6eb9f6bcf2a8056c580373724e2b62b0693445,7665,sentence2,23,search,5
45a55cf05c5cec3fea1cf11f8e8aa9524e1021f59986d20ff387c1af3e4fb63d,facebook boosts size of ipo by 25pc to raise $ 15bn,45a55cf05c5cec3fea1cf11f8e8aa9524e1021f59986d20ff387c1af3e4fb63d,23033,sentence1,19,search,2
45c8682aff8ef9ac18faeb9e9019b87ecfcaa14ecb99af353cc0b4ba9b1fdd3a,how can i remove paint from a deck ?,45c8682aff8ef9ac18faeb9e9019b87ecfcaa14ecb99af353cc0b4ba9b1fdd3a,8338,sentence2,12,search,5
45d33b5704723f5e0bf80a8ee9271e695ddcfdab601a5962ebd9ebd2683b0f42,A person is not performing tricks on a motorcycle,45d33b5704723f5e0bf80a8ee9271e695ddcfdab601a5962ebd9ebd2683b0f42,26331,sentence2,10,search,0
45dbc0136f0f4ca7d27f662860f012ffee4c45430721810de0795591512ae8d4,A lemur is eating quickly,45dbc0136f0f4ca7d27f662860f012ffee4c45430721810de0795591512ae8d4,2220,sentence2,6,search,7
45e0cf1644b9f9ea72d397b08420a9b62384433049bc1389db49095ee69ea84a,This is a bad idea.,45e0cf1644b9f9ea72d397b08420a9b62384433049bc1389db49095ee69ea84a,2340,sentence2,7,search,0
45fe62eebb299782fdf49907325c6e75b858230969f054eec372f1f0d733e2d2,cause to vibrate in a definite pattern .,45fe62eebb299782fdf49907325c6e75b858230969f054eec372f1f0d733e2d2,9483,sentence1,12,search,5
46061d46823f7bd1aa08d33fb823fd1c29467125ea326cbf81b550d669682cd1,obama 's delicate dance on same-sex marriage,46061d46823f7bd1aa08d33fb823fd1c29467125ea326cbf81b550d669682cd1,17075,sentence1,16,search,2
461b68d6cff6ede9d0e8480ea934cf30ec29b87f647b5d5a6d57df2a99644f05,a boy is walking across a bridge .,461b68d6cff6ede9d0e8480ea934cf30ec29b87f647b5d5a6d57df2a99644f05,4369,sentence2,11,search,4
46688ae56795ba3d7f9b38734e683a6c5b1ff151dc8abac91f539d1af7d00cae,The women are trying to sell something to the individual.,46688ae56795ba3d7f9b38734e683a6c5b1ff151dc8abac91f539d1af7d00cae,1411,sentence1,11,search,1
468c18cf4ac4599c33f213e1faf27aaa8b8a7f856410ea3a03983d13781b1728,"""We are expending all available resources toward the investigation,"" said Assistant U.S. Attorney Todd Greenberg, a counterterrorism prosecutor in Seattle.",468c18cf4ac4599c33f213e1faf27aaa8b8a7f856410ea3a03983d13781b1728,1212,sentence2,32,search,2
4691bf746ad356bb0136c51df52da47097ab41871b13945138f893054086db30,club or association of people with a shared interest,4691bf746ad356bb0136c51df52da47097ab41871b13945138f893054086db30,1470,sentence1,10,search,5
469474742b8ece3fc6817e8d3d75821f927e4cca41965db1951d2550e2688610,typhoon death toll rises to 3633,469474742b8ece3fc6817e8d3d75821f927e4cca41965db1951d2550e2688610,20018,sentence2,13,search,3
46b748bf180bc52a5d2b6013b4d3811bd39871ddf3628339ab238da034070957,facebook to test mobile payments service,46b748bf180bc52a5d2b6013b4d3811bd39871ddf3628339ab238da034070957,2217,sentence1,6,search,2
46bfb2a38c0856d9c054bd81716fefd2e07a3585dac7db40a7baed5645256ba7,a pointed tool for writing or drawing or engraving .,46bfb2a38c0856d9c054bd81716fefd2e07a3585dac7db40a7baed5645256ba7,8459,sentence1,12,search,5
46c4462e8d4887c4b447f7ed006323e9de69e7ff6c38acb3f107ff5497906e9b,"The climbing equipment to rescue a man is hanging from a white, vertical rock",46c4462e8d4887c4b447f7ed006323e9de69e7ff6c38acb3f107ff5497906e9b,30318,sentence2,17,search,6
46c5840c7941ed9603a18de5867109a6a056572fabe1c57de80dab77c36f18cc,"ahmadinejad board in an adventure , not bernanke",46c5840c7941ed9603a18de5867109a6a056572fabe1c57de80dab77c36f18cc,9460,sentence2,19,search,0
46c82656f40700ba8e926667f7f418dbd5e8d7d2c0ca5b2227c65de474e963a7,a woman sitting on a sofa holding a baby .,46c82656f40700ba8e926667f7f418dbd5e8d7d2c0ca5b2227c65de474e963a7,711,sentence2,14,search,1
46f44c209fb8868c16c777c24a078f7a2d2fe085b0780f02dac633054daeba72,"downstream at mount vernon , the skagit river was expected to crest at 36 feet -- 8 feet above flood stage -- tonight , burke said .",46f44c209fb8868c16c777c24a078f7a2d2fe085b0780f02dac633054daeba72,8233,sentence1,37,search,2
47009755b0af9f794b51fa8a1948eee548fe2ba934a0431550e36818a6202981,"carry , as on one 's back .",47009755b0af9f794b51fa8a1948eee548fe2ba934a0431550e36818a6202981,36774,sentence1,12,search,5
47350afa88b9e18bc76ae7a421548ef1775ceaba3e642a732e0aaa2ad7b53db2,sri lanka 's tamils vote for greater autonomy,47350afa88b9e18bc76ae7a421548ef1775ceaba3e642a732e0aaa2ad7b53db2,15076,sentence2,18,search,2
473636dd730af9e0a14dd354e825c0b226a1e777267aa44a96a8c3275e48d9a4,sheriff : i won 't enforce obama 's gun laws . good for him .,473636dd730af9e0a14dd354e825c0b226a1e777267aa44a96a8c3275e48d9a4,21358,sentence2,28,search,0
476087b701b4097e7dce88e9a29e6b614fe214641e333f3a035ed2a8dea1ec04,Two men are carrying colorful baskets and blankets and walking near a building,476087b701b4097e7dce88e9a29e6b614fe214641e333f3a035ed2a8dea1ec04,36427,sentence1,16,search,4
47737264059110002ecb42125be741e899c62e12a3da22832d5bf098493336a2,an occasion on which people can assemble for social interaction and entertainment .,47737264059110002ecb42125be741e899c62e12a3da22832d5bf098493336a2,7343,sentence2,15,search,5
479b79007d410df64d237552bdf598ce04a52d0d3dc525cde7fae52f59e3c23c,the yellow motorcycle is parked on the street .,479b79007d410df64d237552bdf598ce04a52d0d3dc525cde7fae52f59e3c23c,13579,sentence1,11,search,4
47b021db8c9ddea3a17c7a5d1497b6df1a05052bd2861d402a621aa9316189f8,"The overall accuracy of our gene expression classifier was ~88%, and all T-ALL, TEL-AML1-positive, hyperdiploid and E2A-rearranged cases were correctly classified (i.e., 100% sensitivity) which resembled the data previously reported using other strategies for probe set selection and classifier construction.",47b021db8c9ddea3a17c7a5d1497b6df1a05052bd2861d402a621aa9316189f8,26326,sentence2,74,search,2
47c95e71a2fca864dc80f0637d7dc7f21f4a1123ee78a8f24a58fb274bb5c182,the man is playing the piano .,47c95e71a2fca864dc80f0637d7dc7f21f4a1123ee78a8f24a58fb274bb5c182,16450,sentence2,8,search,6
47cc2ecf123a907eafdc1cf6de6cf5fa8fe2f8d52feb8a1217da979ad91fcce6,a portion or percentage of a whole,47cc2ecf123a907eafdc1cf6de6cf5fa8fe2f8d52feb8a1217da979ad91fcce6,6477,sentence2,9,search,5
47ecdf962b50966b825c421e45dcbd63057924041309c41cf0f60ecc5d631c4f,A baby is sneezing and frightening another baby,47ecdf962b50966b825c421e45dcbd63057924041309c41cf0f60ecc5d631c4f,31288,sentence2,13,search,4
47f124cc22392bf9d2ac6f086af5a1a5fbaec49a26a0d988232dc1905cfcd3a4,a man is breaking water jugs .,47f124cc22392bf9d2ac6f086af5a1a5fbaec49a26a0d988232dc1905cfcd3a4,14330,sentence1,12,search,6
47f7cbb904fb97851d118af59ac63a114b8caff6bd19f62ce6598e363c70fadd,There is no woman putting a child in a waste bin,47f7cbb904fb97851d118af59ac63a114b8caff6bd19f62ce6598e363c70fadd,16026,sentence1,14,search,0
48055777d9fd8df170728746c36fed61296d323eb8f001e514a3c0a98b237f9c,"regain or make up for , as of a financial loss .",48055777d9fd8df170728746c36fed61296d323eb8f001e514a3c0a98b237f9c,5251,sentence2,16,search,5
481364ffddb9587d7f0ce96033e46069d11a0dedad393ea5f7e62e02ec7a2ed4,head of a country,481364ffddb9587d7f0ce96033e46069d11a0dedad393ea5f7e62e02ec7a2ed4,8414,sentence2,5,search,2
481c72e0835334e510d41fbb0ce45ce23fb9053b3524215be5595ab7cc35a408,"two dead , nine hurt in french building collapse",481c72e0835334e510d41fbb0ce45ce23fb9053b3524215be5595ab7cc35a408,1461,sentence1,10,search,3
483580a27767020479ef24423b79f7a605bdd3dc8cdaafb296b2629493b438de,77 % of americans use search to find diagnosis . ? : turning to the web for a medical advice ?,483580a27767020479ef24423b79f7a605bdd3dc8cdaafb296b2629493b438de,34386,sentence1,29,search,5
4843339fd8a7432df916bde91b051d9f65af0bddb713aa626c54e0dc9509ac3a,The kid is still in the snow,4843339fd8a7432df916bde91b051d9f65af0bddb713aa626c54e0dc9509ac3a,10635,sentence2,7,search,4
485359100618f3fd57c3f19a06151b8156f9de1e237fdd42db8b3306576a0389,this is to increase the power of the large countries at the expense of small .,485359100618f3fd57c3f19a06151b8156f9de1e237fdd42db8b3306576a0389,37379,sentence1,17,search,2
48934778ac42a248145c15ed5782cba0a183b1e3b30047b69d195b09d238f5e5,"spike trigger is a specific type or you could say a sub-set of reverse correlations , covariance and probabilities .",48934778ac42a248145c15ed5782cba0a183b1e3b30047b69d195b09d238f5e5,21013,sentence2,30,search,5
489441c13509faa37a452c303db9881f68efcf37910c189950161caa11b37788,"the great pax europe of today , as prosperity pan-european today , depends on it .",489441c13509faa37a452c303db9881f68efcf37910c189950161caa11b37788,12126,sentence1,24,search,2
48a9a218b8ef4f19d0705d05c546b895094b89436d63f2202159e9a2e9dbe58b,A man is drilling a hole in a piece of wood,48a9a218b8ef4f19d0705d05c546b895094b89436d63f2202159e9a2e9dbe58b,10960,sentence1,13,search,6
48acf0d73941124bc34dd06eb1792473973e425179d9d8e3958104aae130b218,"they need to be funded and organised on a state-wide basis , these tiny school districts make no sense .",48acf0d73941124bc34dd06eb1792473973e425179d9d8e3958104aae130b218,1427,sentence1,25,search,5
48b5876a83cdc7da70a660023bd89ff8b6b36bfd57d21b81ccaaacdada76d99a,israel forces kill 2 palestinian militants,48b5876a83cdc7da70a660023bd89ff8b6b36bfd57d21b81ccaaacdada76d99a,14491,sentence2,10,search,3
48e51fa520c4e6577d9f777ac327ed523b24cfaf6ce08da2274064b50dfc0ddb,i am too a hobby swimmer but as part of my triathlon training .,48e51fa520c4e6577d9f777ac327ed523b24cfaf6ce08da2274064b50dfc0ddb,23004,sentence1,18,search,5
48e9fc46bf279b950e06074fa0bb82bcb18801af78ccb1fa03cfdd81cb56d887,Erdogan's party submits plan for Turkish presidency,48e9fc46bf279b950e06074fa0bb82bcb18801af78ccb1fa03cfdd81cb56d887,32457,sentence1,10,search,2
490f3b50c2640b9dbcc44cce30a662c20933614f75c6cca654cf8e619d83a28d,it has its own path connected to the battery,490f3b50c2640b9dbcc44cce30a662c20933614f75c6cca654cf8e619d83a28d,9802,sentence1,9,search,5
4917641c51143dd39ff8a98a6574b33ad70cee5504257e1af2f1877472cc73ae,nytimes : n.r.a. attacks obama & daughters in video \ repugnant .,4917641c51143dd39ff8a98a6574b33ad70cee5504257e1af2f1877472cc73ae,31371,sentence1,34,search,3
49212a3b706485dc01b85613a684f4901fd39c1eaed0f667600514e8095ee15c,red sox beat tigers to reach world series,49212a3b706485dc01b85613a684f4901fd39c1eaed0f667600514e8095ee15c,22291,sentence1,11,search,2
4923fe54dd1111aebc2d424226958563b177f384603d9d3604368ab883368ffd,A man is standing in the water at the base of a waterfall,4923fe54dd1111aebc2d424226958563b177f384603d9d3604368ab883368ffd,3030,sentence1,14,search,6
4956cb21697e11e260c44ed3f4fb5a852984dfd048e7b82ba44ff271c905b76e,hard-line jewish leader shot in jerusalem,4956cb21697e11e260c44ed3f4fb5a852984dfd048e7b82ba44ff271c905b76e,12305,sentence1,14,search,3
496013bd7a8dc8d487d6d06ecddec496015f7c0983e9077e1e0cd5082a10d2ea,"i 've found with my baby that it 's more accurate to go by his behavior than by "" rules "" .",496013bd7a8dc8d487d6d06ecddec496015f7c0983e9077e1e0cd5082a10d2ea,35344,sentence2,28,search,5
497844af9325a6a0cabde285a358a876336a0251aa1407807d28c946ca082d16,the act of moving hurriedly and in a careless manner .,497844af9325a6a0cabde285a358a876336a0251aa1407807d28c946ca082d16,3592,sentence2,17,search,5
4994a5b25f7fa195c71241e6e90f088388a3c1a23525072fa4dbceb4737f1a9b,Some young bikers are getting a dirt bike up a sandy hill,4994a5b25f7fa195c71241e6e90f088388a3c1a23525072fa4dbceb4737f1a9b,27537,sentence1,16,search,4
4994babed8b2bd4b1d06515491dd8ff2abcae00723a21f5e14c31b5b7098fbb2,east timor bans martial arts schools amid killings,4994babed8b2bd4b1d06515491dd8ff2abcae00723a21f5e14c31b5b7098fbb2,37314,sentence1,12,search,3
49be30ef4bd9ce95d418904d254085ac9d1a96cbd53f122f0fafbc0744175ab8,The man is doing exercises,49be30ef4bd9ce95d418904d254085ac9d1a96cbd53f122f0fafbc0744175ab8,1250,sentence2,5,search,6
49fa265b185b7b0118f9e57b20a1e8bc685a1c81114a114fa51577dcb18483fa,"the stars of the intoxicating spirit of flamenco as diego el cigala , chano lobato , cristina hoyos , enrique morente , el lebrijano , antonio canales , vicente amigo , among others , are part of the selection made from around seventy artists photographed .",49fa265b185b7b0118f9e57b20a1e8bc685a1c81114a114fa51577dcb18483fa,30432,sentence1,96,search,5
4a231d4f9edfe888365d1f74168c3cb69f8d8dc1aaeeacafe02f85055ef558a2,asteroid zips between earth and satellites,4a231d4f9edfe888365d1f74168c3cb69f8d8dc1aaeeacafe02f85055ef558a2,29447,sentence1,10,search,5
4a347fe43d8199eb041fca28eeffb72c61c3afa4c421af90b3b7db63099a8fd8,two men in a running contest .,4a347fe43d8199eb041fca28eeffb72c61c3afa4c421af90b3b7db63099a8fd8,11414,sentence2,9,search,4
4a4852a7f735ce0b4f53d13c94a9ead22ae6f22a102cb691855b76118878dea4,Two people are standing in the ocean and looking at the sunset,4a4852a7f735ce0b4f53d13c94a9ead22ae6f22a102cb691855b76118878dea4,14514,sentence2,12,search,4
4a4a1c14fd9c4758dda0cafd4a78936b90a605b92132cf227855c5bd7ead474e,"bring back to life , return from the dead",4a4a1c14fd9c4758dda0cafd4a78936b90a605b92132cf227855c5bd7ead474e,3488,sentence1,10,search,5
4a5a22ed33dc46d2ca0e15fb69cde099c562e9bfb1fe65017a5afa7f91e992af,A boy is wearing all black and is sliding down a blow up slide,4a5a22ed33dc46d2ca0e15fb69cde099c562e9bfb1fe65017a5afa7f91e992af,17528,sentence2,15,search,4
4a6ff9a7a2f41763f4306f8929347d14c84e4251422048c707b0cfdf72047d18,top asian news 1 : 25 p.m. gmt,4a6ff9a7a2f41763f4306f8929347d14c84e4251422048c707b0cfdf72047d18,23381,sentence2,18,search,2
4a81c507ea85204a312b2e5f395d23bdb451e7bd27ed5b3267804bdb78b47e19,two females jump off of swings .,4a81c507ea85204a312b2e5f395d23bdb451e7bd27ed5b3267804bdb78b47e19,13384,sentence1,10,search,4
4a8339e2d18f1906e6199f1634dcd51e25b0e13ae2b14e333a231f10e12831ac,do quy doan is a spokesman for the vietnamese ministry of culture and information .,4a8339e2d18f1906e6199f1634dcd51e25b0e13ae2b14e333a231f10e12831ac,4240,sentence1,25,search,2
4a869052475d43ef8f71fe14911b218802506ac0f8199186360803f4cdcf0ffc,A young girl is standing on one leg,4a869052475d43ef8f71fe14911b218802506ac0f8199186360803f4cdcf0ffc,19319,sentence1,8,search,4
4aa5c34f27fd211284c8c5e3ae92ccbaa040fd47c4b62277d602959c0332da5c,u.s. has determined syria used chemical weapons,4aa5c34f27fd211284c8c5e3ae92ccbaa040fd47c4b62277d602959c0332da5c,3571,sentence2,16,search,2
4acd24c7752285ec4a20a70c7a5880a7fb727ab069fa55a720118d2a89581e06,"trade : pakistan , india agree to take it a step ahead",4acd24c7752285ec4a20a70c7a5880a7fb727ab069fa55a720118d2a89581e06,2379,sentence2,18,search,2
4ad91fbc757f2f9c06280a3d9ea4dd568c505da88b79da3b5255c0c19b2686d2,this is a great one ...,4ad91fbc757f2f9c06280a3d9ea4dd568c505da88b79da3b5255c0c19b2686d2,4308,sentence1,8,search,5
4ae1de52bd5c831e4e53baa2d93707ec52501a1c4f5750cab128bfd77d505cfc,"shine intensely , as if with heat .",4ae1de52bd5c831e4e53baa2d93707ec52501a1c4f5750cab128bfd77d505cfc,20100,sentence1,12,search,5
4aecb54903fca5d173a27d6f0f5a8b0d23ec03881d75153ef58859b4ac3ed07a,air force instructor faces sentencing for rape,4aecb54903fca5d173a27d6f0f5a8b0d23ec03881d75153ef58859b4ac3ed07a,36456,sentence1,11,search,3
4b017af2c51d420baca6513de7c1c473319331392add0314daa66ec2aef32e55,a small dog jumps over a yellow beam .,4b017af2c51d420baca6513de7c1c473319331392add0314daa66ec2aef32e55,12740,sentence1,13,search,7
4b12ae8555329985e593300707344f4429c5af3124ed2bfa6deea00a9c7e88a4,economists ' not against the companies openly using the attractiveness of luxury to promote their products .,4b12ae8555329985e593300707344f4429c5af3124ed2bfa6deea00a9c7e88a4,4082,sentence1,22,search,2
4b160a8688fc5d952386467043da6a32fa49671f101b0319dba03d6ef75b54ff,Many cheerleaders are walking in a parade,4b160a8688fc5d952386467043da6a32fa49671f101b0319dba03d6ef75b54ff,20413,sentence2,10,search,4
4b1b3e1b8c27fb60f5be36f76e83d787df52acfaa676ae10c3ac38dae0873908,"the waves of scandal angered not only victims ' advocates but parishioners and some priests , to the point that law could no longer run the archdiocese .",4b1b3e1b8c27fb60f5be36f76e83d787df52acfaa676ae10c3ac38dae0873908,1148,sentence2,39,search,3
4b32595c024be367bed13832679506df0a9ae7ebf70e96d26424a5ea2680b71e,A man in a white shirt and hat playing a guitar.,4b32595c024be367bed13832679506df0a9ae7ebf70e96d26424a5ea2680b71e,3093,sentence1,15,search,6
4b42041c8ea95416db1dcb9a29f72f51cd406f9e3bff5b13427a6b3bb95b1112,"the circumstances surrounding a shooting before the release of the hostages are still unclear : the kidnappers were close to putting an end to the kidnapping , before the sudanese army killed six of the kidnappers without warning , according to an egyptian security official .",4b42041c8ea95416db1dcb9a29f72f51cd406f9e3bff5b13427a6b3bb95b1112,8148,sentence1,70,search,3
4b569487dfd90d4ff6342c64b9a2342456a4f44211d46006b6d59b99c164cea2,"iran lies on a major drug trafficking route between afghanistan and europe , as well as the persian gulf states .",4b569487dfd90d4ff6342c64b9a2342456a4f44211d46006b6d59b99c164cea2,25319,sentence1,36,search,2
4b7148a67b5f25d3e2e1f2cbc97c204da4bdf3efbf667cb29c400ff13552bbe0,"beyond the geographical division , the divisions occur at local level .",4b7148a67b5f25d3e2e1f2cbc97c204da4bdf3efbf667cb29c400ff13552bbe0,15394,sentence2,15,search,5
4b724787066cae4a5d0ff2a968517c82f60271ef42a36803c5277dfac295ce75,A brown and white dog is putting the baseball in its mouth down,4b724787066cae4a5d0ff2a968517c82f60271ef42a36803c5277dfac295ce75,11991,sentence1,14,search,7
4b828ccaa1cc541b9cd1cc84babc6981262ac8af222c2567945b948e17092008,philippines government says peace talks with communists have failed,4b828ccaa1cc541b9cd1cc84babc6981262ac8af222c2567945b948e17092008,32117,sentence2,15,search,3
4b8e72cfbaa46a2a212494d32271d0498c657e2c5816943e4a67a21e6aa2b59a,The man is standing in a body of water near a waterfall,4b8e72cfbaa46a2a212494d32271d0498c657e2c5816943e4a67a21e6aa2b59a,26553,sentence1,14,search,6
4b94f85171e2b40fc293d2f9054d9c24c4beb0fd518acd476fc75cc64cc1d849,india 's anti-graft party forms government in delhi,4b94f85171e2b40fc293d2f9054d9c24c4beb0fd518acd476fc75cc64cc1d849,11179,sentence1,16,search,2
4baf4fc6bdfcf97e0abdd2f41bdd2ac6e4fc566f7c379abe11941afa655b0c50,Some women are holding each other in a circle and dancing,4baf4fc6bdfcf97e0abdd2f41bdd2ac6e4fc566f7c379abe11941afa655b0c50,3017,sentence1,12,search,4
4bd9478b4f0171302828298729e2ad16f6fabb88593eb73951779e704ecf2d36,suspected boko haram suicide bombers in nigeria kill 24,4bd9478b4f0171302828298729e2ad16f6fabb88593eb73951779e704ecf2d36,16312,sentence2,16,search,3
4be4b7750cc23810e563c2412bba61987e1d7c26f2a6fad3f6c68689acb65a05,most powerful typhoon of 2013 hits the philippines,4be4b7750cc23810e563c2412bba61987e1d7c26f2a6fad3f6c68689acb65a05,37947,sentence2,16,search,3
4bfb5b7c27160711ccbe08a43e84ed08a6793a4b5ab31921b2b4925fde728468,brazil held by england 2-2 as maracana re-opens,4bfb5b7c27160711ccbe08a43e84ed08a6793a4b5ab31921b2b4925fde728468,12303,sentence2,21,search,2
4bfe6ee3b4290b1bd0717536f326d364b8214c9646775c2c25e8ca96533c302a,A group of kids having a good time.,4bfe6ee3b4290b1bd0717536f326d364b8214c9646775c2c25e8ca96533c302a,18188,sentence2,10,search,4
4bff66bf7c77d611a45cf92820e6382b3cb54114a176c537ccbd70b6630184b5,a deer jumping over a fence .,4bff66bf7c77d611a45cf92820e6382b3cb54114a176c537ccbd70b6630184b5,1569,sentence1,11,search,7
4c026e41a762b48c0511eb2b37453cef65657061ce20e6ee2fe9178083392942,"as i wrote above , it 's hard to rate this wall .",4c026e41a762b48c0511eb2b37453cef65657061ce20e6ee2fe9178083392942,22305,sentence2,18,search,5
4c3728276cf4d656866f9797811c7f4971f324e5ed8551d47de1b1be7297e6e0,A man is putting rice in a bowling pot.,4c3728276cf4d656866f9797811c7f4971f324e5ed8551d47de1b1be7297e6e0,7873,sentence2,13,search,6
4c3f3ef2ff967897ac29d5e9be1ac73575ee01a8c43ffd8555cbb5186a4e5de6,the vast amount was done in person or over the phone although i did put my concerns on paper a few times .,4c3f3ef2ff967897ac29d5e9be1ac73575ee01a8c43ffd8555cbb5186a4e5de6,8615,sentence2,26,search,5
4c40712d38fbf8fa1053d26ef40b317257b1a85a6c8c1a0d369cd00ecf57242d,inflation falls to 15-month low : what the analysts say,4c40712d38fbf8fa1053d26ef40b317257b1a85a6c8c1a0d369cd00ecf57242d,5198,sentence1,13,search,2
4c5f8999420bcd22bf612cdf8be8100e5b07da050d60e72889fe9943dc9cd5fa,the euro < eur = > was up 0.67 percent against the dollar at $ 1.1784 after rising to a three-month high earlier in the session above $ 1.18 .,4c5f8999420bcd22bf612cdf8be8100e5b07da050d60e72889fe9943dc9cd5fa,20898,sentence1,40,search,2
4c816feccdde0aad47b15861af209301934c8cc4a3e0a55c568411bcf62d90ba,"romney , paul vie for maine caucus win",4c816feccdde0aad47b15861af209301934c8cc4a3e0a55c568411bcf62d90ba,2203,sentence2,16,search,2
4caeb96ca430ea480af6ecd5c63a868a1fd1c749e81847539a105cb76b819459,venezuela expels three u.s. diplomats,4caeb96ca430ea480af6ecd5c63a868a1fd1c749e81847539a105cb76b819459,10048,sentence2,15,search,3
4cb1da266e943a793cee7588cb97b122600de634714fd1528bf3be17a683bd5f,A big dog and a small white dog are playing together,4cb1da266e943a793cee7588cb97b122600de634714fd1528bf3be17a683bd5f,10270,sentence1,12,search,7
4cdab7f58da6d916fc04b02f2cc3f897c1f6010c1e41842397caa08a04902465,"red grapes , blueberries boost human immunity",4cdab7f58da6d916fc04b02f2cc3f897c1f6010c1e41842397caa08a04902465,27288,sentence2,10,search,5
4d0e0de9f83f7e0a3ba13de02416f0cd75fba3600faa318d93eb32aac5dd0ccb,tokyo to host 2020 games,4d0e0de9f83f7e0a3ba13de02416f0cd75fba3600faa318d93eb32aac5dd0ccb,21119,sentence2,7,search,2
4d129025e7cd13d5490acc57f7927dee184e9f603485e90885f370280a25fdbf,britain summons israeli envoy over settlements,4d129025e7cd13d5490acc57f7927dee184e9f603485e90885f370280a25fdbf,11535,sentence1,15,search,2
4d1c470a64d0b0f575d1d41f078ea0713bb36c16b1ab1dfc04f015c907192a0b,There is no young Asian woman with pink gloves standing in the snow,4d1c470a64d0b0f575d1d41f078ea0713bb36c16b1ab1dfc04f015c907192a0b,29186,sentence2,13,search,0
4d44cf6e6cbbfba2f79c50080aca8c14516f379ac5dc332b48fa358c170d5595,the process must happen in the blink of an eye .,4d44cf6e6cbbfba2f79c50080aca8c14516f379ac5dc332b48fa358c170d5595,2246,sentence2,12,search,5
4d663aca09d6b6b374fac2cee2230e419a92dd185c29914ec1e328bcc49f01d2,A dog is running towards a toy,4d663aca09d6b6b374fac2cee2230e419a92dd185c29914ec1e328bcc49f01d2,1107,sentence1,9,search,7
4d91821f54b2b92d11e3f611e9098af7df729c577de0facf8c00fcbcf2643a7d,many sheep standing on a green hill .,4d91821f54b2b92d11e3f611e9098af7df729c577de0facf8c00fcbcf2643a7d,14344,sentence2,10,search,7
4d924174af60599b4b7e914ff7e6b052a3ba067dece652b222a987e7b8dd3680,shares of hartford rose $ 2.88 to $ 46.50 in new york stock exchange composite trading .,4d924174af60599b4b7e914ff7e6b052a3ba067dece652b222a987e7b8dd3680,3239,sentence1,22,search,2
4d92a05bd31c244c375fff97a62091783797af8ca097d1bf8862766636987cbc,She was the only woman employed as a warehouse worker and heavy equipment operator and the only woman in her Teamsters local.,4d92a05bd31c244c375fff97a62091783797af8ca097d1bf8862766636987cbc,5085,sentence2,25,search,1
4da9694cb7d2c6a16db1077c69a3d8a01d975e8ced3f5cc27d650ddfe98dc11f,"the russia of putin has already lost 12 prominent journalists , murdered during the last six years .",4da9694cb7d2c6a16db1077c69a3d8a01d975e8ced3f5cc27d650ddfe98dc11f,29015,sentence2,21,search,3
4db1f7929e0f65627038fe18943bdd2d3b1f910a85fbba12dfc73bdab40ea59e,flash floods kill 58 in eastern afghanistan,4db1f7929e0f65627038fe18943bdd2d3b1f910a85fbba12dfc73bdab40ea59e,11296,sentence2,14,search,3
4dc0223d01c18a9ea2bdb5dbc34b67ce76101e5a424b0eb0f854a28dd812ca51,"general strike ends : histadrut , treasury reach agreement",4dc0223d01c18a9ea2bdb5dbc34b67ce76101e5a424b0eb0f854a28dd812ca51,1381,sentence2,19,search,2
4dcabdb582169b8334e398c3a03abc7dc5afab03ec55620d5f541c81bcfcd301,obama nominates new transportation secretary,4dcabdb582169b8334e398c3a03abc7dc5afab03ec55620d5f541c81bcfcd301,8062,sentence1,11,search,2
4dec752fd47f90f48b3a112dba5b53182c25c41bc8f98c655ed1523f45bfb8c5,"internet activist # aaronswartz , creator of # rss , is dead at 26- suicide . was the pressure of pending lawsuits too much ?",4dec752fd47f90f48b3a112dba5b53182c25c41bc8f98c655ed1523f45bfb8c5,4702,sentence1,41,search,3
4e47e8b6c9fdbe113ae7a16ca145a243b841564b295f779946c20d2d39548776,a black and white cat laying on a cat bed .,4e47e8b6c9fdbe113ae7a16ca145a243b841564b295f779946c20d2d39548776,9434,sentence1,15,search,7
4e6a6341b50928df334292c688f794bb31a626a262f501a42a52e3f231b2a28e,a man is preparing some dish .,4e6a6341b50928df334292c688f794bb31a626a262f501a42a52e3f231b2a28e,16293,sentence2,10,search,6
4e8cdc1ff2941932cb09a94e4985afe5e993d17e26f3862911a17ecf2e9d51c8,The people are not sitting on a bench in front of a restaurant,4e8cdc1ff2941932cb09a94e4985afe5e993d17e26f3862911a17ecf2e9d51c8,4282,sentence1,15,search,4
4e8d246a75a0822a39d7f8251ca966f4460b9b89f43b8ab076f7c18599bb1d59,"a quick research ( 1 , 2 ) showed me that the concentration of caffeine seems to peak about 30-60mins after ingestion .",4e8d246a75a0822a39d7f8251ca966f4460b9b89f43b8ab076f7c18599bb1d59,3418,sentence1,31,search,5
4eadccfe66043251007e93faf42a892408f765f6e4445bb227d1c2d6f0de03d4,i am one of the members of parliament who are rather present .,4eadccfe66043251007e93faf42a892408f765f6e4445bb227d1c2d6f0de03d4,13456,sentence2,15,search,2
4edaa3dd60d702560dfa0a48d17fd1b25574166d0e04d52b5a9bb6218c27be5a,A girl in a uniform is not playing the flute with a marching band,4edaa3dd60d702560dfa0a48d17fd1b25574166d0e04d52b5a9bb6218c27be5a,28223,sentence1,17,search,0
4eec620638353f47708b3dc7c34d494f8677d1a6e8f094698137a698c31bedbd,A black and white dog is playing with a broken ball,4eec620638353f47708b3dc7c34d494f8677d1a6e8f094698137a698c31bedbd,35146,sentence2,12,search,7
4ef180255770bda0f02f3b07aba230edd1d4d55a8133f3f4375cea3c63ead0f9,A group of boys is playing soccer on the beach,4ef180255770bda0f02f3b07aba230edd1d4d55a8133f3f4375cea3c63ead0f9,12333,sentence1,10,search,4
4ef9c565e0d807c7b37a8d4c2553acd930d560279f4377b9e94581fe73f0ccf1,Two women are dancing and singing in front of a crowd,4ef9c565e0d807c7b37a8d4c2553acd930d560279f4377b9e94581fe73f0ccf1,7008,sentence2,12,search,4
4f2652c49e93f7db8041f4411156fb07cfa422890a56c48fb6e04ea4048bb04d,The muscular man is dancing and the man behind him is wearing green beads,4f2652c49e93f7db8041f4411156fb07cfa422890a56c48fb6e04ea4048bb04d,9492,sentence1,14,search,6
4f2c293da762d4bbab445042b3fd2714dd908687ce3c86a3f05b0e3af4ce7277,"a woman wearing jeans , a dark bikini top , and a bracelet .",4f2c293da762d4bbab445042b3fd2714dd908687ce3c86a3f05b0e3af4ce7277,1294,sentence1,22,search,1
4f361a9608fe3ce25d1bd07183d898551f10a440215108c853239872824904db,other parts of the study 's methodology is flawed .,4f361a9608fe3ce25d1bd07183d898551f10a440215108c853239872824904db,19472,sentence2,13,search,5
4f662f0b9036489ab8f6982c2b4378de1afa9538b87ec215796fa2cc51167d38,north korea : experts call for dialogue ‚ äď and say china must play a part,4f662f0b9036489ab8f6982c2b4378de1afa9538b87ec215796fa2cc51167d38,20324,sentence1,24,search,2
4f83f60e1155131d6aea41e5c0c5c7571f235165dc773dba704b83adc039542f,A woman is standing near three children,4f83f60e1155131d6aea41e5c0c5c7571f235165dc773dba704b83adc039542f,9074,sentence2,7,search,1
4f8fc52746644eda9b284054732a10c9280fee8cd00be7b168e7a7f34f7bf079,a black and white photo of a cow under a tree.,4f8fc52746644eda9b284054732a10c9280fee8cd00be7b168e7a7f34f7bf079,5094,sentence1,15,search,7
4f9c4c5fd475d9b8b7d182851fc4b278e665fb034f2d2b9f54f7387cdbf883ec,"idec shareholders would own 50.5 percent of the stock of the combined company , and biogen shareholders the remaining 49.5 percent .",4f9c4c5fd475d9b8b7d182851fc4b278e665fb034f2d2b9f54f7387cdbf883ec,14624,sentence1,29,search,2
4fc0325ce8ce38abb655350d6ba378ea887840788282eca749f73b8719bd47c1,so answer the question .,4fc0325ce8ce38abb655350d6ba378ea887840788282eca749f73b8719bd47c1,27496,sentence2,6,search,5
4fc191a75d459f4e095bc0f7ea626db1ba170c209aecbb379911b0d3a2ecfef3,typhoon haiyan : world sends relief to battered philippines,4fc191a75d459f4e095bc0f7ea626db1ba170c209aecbb379911b0d3a2ecfef3,6369,sentence1,24,search,3
4ff8702d06d14e5952594455d08b11323318e43861a5a6df6fb62792d29eab73,A person is riding a bike along a muddy trail,4ff8702d06d14e5952594455d08b11323318e43861a5a6df6fb62792d29eab73,6453,sentence2,13,search,4
505157e5de08566e5299d132ecb4bce2d933d24ba04ce7001bd59e1099609c80,a man wearing a orange vest is canoeing in the blue water .,505157e5de08566e5299d132ecb4bce2d933d24ba04ce7001bd59e1099609c80,24770,sentence2,19,search,6
509f5bc8a59226d43a9aa74ade8fbf332bfab6d2e10113d316bb45863dcfefb7,jacqui weaver tells the ny times : ? i do have friends in australia who now refer to me as ? hollywood jack ? ?,509f5bc8a59226d43a9aa74ade8fbf332bfab6d2e10113d316bb45863dcfefb7,24318,sentence2,40,search,2
50a8d58ad5195763fcf94ed7a19f9473aa82348d8caa9c9e0bae8330cfba4ba0,A bike is being held over his head by a bicyclist in a group of people,50a8d58ad5195763fcf94ed7a19f9473aa82348d8caa9c9e0bae8330cfba4ba0,32424,sentence1,20,search,4
50ba165db6972afc1215980828691c8fd284a5c45a3a4c8d82962cf6f60de5d9,a man is playing on his keyboard .,50ba165db6972afc1215980828691c8fd284a5c45a3a4c8d82962cf6f60de5d9,8105,sentence2,10,search,6
50bc872a16cc533c57751f2da8630feebd12c3b25fd6cde665df13d356692d81,a man stands next to a helmeted man on a motorcycle in an empty parking lot .,50bc872a16cc533c57751f2da8630feebd12c3b25fd6cde665df13d356692d81,27620,sentence1,23,search,6
50e2c5c33c3eca6ff7f029e13c70ac2bc0ed3dd32067dfd7a46de5824738550d,ukraine almost has all of the necessary approvals to join the european space agency 's program .,50e2c5c33c3eca6ff7f029e13c70ac2bc0ed3dd32067dfd7a46de5824738550d,22309,sentence2,24,search,2
50fc21b2a337ac575957e368c0887aa0bce4ddc497bf4d9be55955c7995f2598,"the note 's must-reads for friday , july 12 , 2013",50fc21b2a337ac575957e368c0887aa0bce4ddc497bf4d9be55955c7995f2598,10674,sentence1,21,search,2
51119bc1a813e64eb820691cdd197a2041a5430335d0f59625a1b5811f5a444f,to fill with coal or oil,51119bc1a813e64eb820691cdd197a2041a5430335d0f59625a1b5811f5a444f,12573,sentence2,6,search,5
511dba50319f0e86e585dc238f39af0f497bf07b5065cd035f2fc2ce58ba761d,a visual representation of something .,511dba50319f0e86e585dc238f39af0f497bf07b5065cd035f2fc2ce58ba761d,28417,sentence2,8,search,5
511df4a036b8c8ed5911d9f38f6567f88f37ec612b12b722bd30ea93d6806488,A man is wearing a colorful shirt and a lot of jewelry,511df4a036b8c8ed5911d9f38f6567f88f37ec612b12b722bd30ea93d6806488,27480,sentence1,14,search,6
5131beb03009b3acc1be71d95a403bb31ac04d05d03d5cf0757438932bf9fa36,A pale dog is running along a dirt path.,5131beb03009b3acc1be71d95a403bb31ac04d05d03d5cf0757438932bf9fa36,21113,sentence2,11,search,7
513af6bd0aefc8fb444694179c592258151ede976f81882b3977c520d2bdde4d,a girl jumping rope on a sidewalk near a parking garage .,513af6bd0aefc8fb444694179c592258151ede976f81882b3977c520d2bdde4d,8462,sentence2,16,search,4
51413b2da579f2dfae5fa0969e98a93b34eceaeddd5cf381a7a01d21054d8af5,none of the czech operators has a dominant position on such a market .,51413b2da579f2dfae5fa0969e98a93b34eceaeddd5cf381a7a01d21054d8af5,14489,sentence1,20,search,0
5143bc4d2ca91e500d21b2ef1fb3b66b30f67d1f673da176bf5092de94d7ffe8,A man is praying.,5143bc4d2ca91e500d21b2ef1fb3b66b30f67d1f673da176bf5092de94d7ffe8,11141,sentence2,5,search,6
514f66a24e6dff50d8e2ec9da1379a0a79a6d794bb9bac05bf39bbb0918d6d1d,Three men are doing same dance in the street.,514f66a24e6dff50d8e2ec9da1379a0a79a6d794bb9bac05bf39bbb0918d6d1d,1239,sentence2,10,search,4
5152ed8817cd371f5e93a9e22cb3b80af963e55018b594664516c3c71964d4df,KL shares higher at mid-afternoon,5152ed8817cd371f5e93a9e22cb3b80af963e55018b594664516c3c71964d4df,19423,sentence1,11,search,2
515fd64b56ee7c5d50c44b5831c9cd12d79f180465dd34d241ce130eeabdc36f,"So was Edie Falco, the critically praised co-star of ""Frankie and Johnny.""",515fd64b56ee7c5d50c44b5831c9cd12d79f180465dd34d241ce130eeabdc36f,3,sentence2,23,search,2
51899bcbdaba5bcfaf35029ed398de96118fdbb623f900c2c68b6147d0710411,wrestling to feature in 2020 tokyo olympics,51899bcbdaba5bcfaf35029ed398de96118fdbb623f900c2c68b6147d0710411,315,sentence1,14,search,2
51c63bec79aad63d6e9357a97d712fef7c99ddc8ac3169717ba4cf5c56d28c73,a man is maneuvering a soccer ball with his feet .,51c63bec79aad63d6e9357a97d712fef7c99ddc8ac3169717ba4cf5c56d28c73,18431,sentence1,15,search,6
51d9601f305eb3b31e4cf15b6b9db2a44d7874a42d8ab254164375ceace4c3ee,Tiles are being broken with his hands by a man,51d9601f305eb3b31e4cf15b6b9db2a44d7874a42d8ab254164375ceace4c3ee,4077,sentence1,12,search,6
51e2a4f20952823095feda5cae1d75cde619f50077f9b05cce3d57cd979865d0,Three men are sitting on a mountainside and looking at the view with a pair of binoculars,51e2a4f20952823095feda5cae1d75cde619f50077f9b05cce3d57cd979865d0,4025,sentence2,23,search,4
5208607c5495595d7d2cc68fe89269b3cb57a569b47ff391707286308fb8cbba,"they produce nothing i can eat , wear , live in .",5208607c5495595d7d2cc68fe89269b3cb57a569b47ff391707286308fb8cbba,21295,sentence2,17,search,0
5223556896f9faba324db528332d88c4d080db6e5e54999382537131315f6316,A big wave is being ridden by a surfer across dark green water,5223556896f9faba324db528332d88c4d080db6e5e54999382537131315f6316,33119,sentence2,16,search,6
5238e218ea0770292b7e0a41c124f5bee3e168e02227d8f3daddc939ce0d6259,A man in a white shirt and blue pants is talking with a woman in a pink shirt.,5238e218ea0770292b7e0a41c124f5bee3e168e02227d8f3daddc939ce0d6259,8808,sentence2,22,search,6
523bc0e298cbebf903ee0226c26062462073d5ac250a0ab96ff2a37dfc4c20cd,death toll rises to 236 after brazzaville blasts,523bc0e298cbebf903ee0226c26062462073d5ac250a0ab96ff2a37dfc4c20cd,7155,sentence2,14,search,3
52433b4662c5de46cc8d2fa5805a6ebdfb8754e9aad9a30ec8942f674a3525b9,"what the papers say , aug. 19 , 2013",52433b4662c5de46cc8d2fa5805a6ebdfb8754e9aad9a30ec8942f674a3525b9,3453,sentence2,13,search,2
526f938d427171a3cf20958548c2ec72a3ee44da61c12b6603ccc5fecaf65b45,A fearful little boy is on a climbing wall,526f938d427171a3cf20958548c2ec72a3ee44da61c12b6603ccc5fecaf65b45,24555,sentence1,11,search,4
52723a401b99f723ecbb7d937ffb265b98fb41b37a98648817ad0a41ea360291,twitter blocks content in pakistan,52723a401b99f723ecbb7d937ffb265b98fb41b37a98648817ad0a41ea360291,14413,sentence2,8,search,3
5286a1a8b673de206a8dfe7a600b38c04c731859609450ba4678e19754b3b1dc,a rider is running and jumping her horse .,5286a1a8b673de206a8dfe7a600b38c04c731859609450ba4678e19754b3b1dc,13904,sentence2,12,search,1
52a45ff28c11d7be63c2d1541da6a8c3bc7038b3c4ffe30fd88d5e6db487e030,A shirtless man is escorting a horse that is pulling a carriage along a paved road,52a45ff28c11d7be63c2d1541da6a8c3bc7038b3c4ffe30fd88d5e6db487e030,4089,sentence1,24,search,6
52beb0376a3315ec31a4e05d3853b30b915546d41a8422a00e388912752970e7,to be unconsititutional means to violate the constitution .,52beb0376a3315ec31a4e05d3853b30b915546d41a8422a00e388912752970e7,28406,sentence1,15,search,5
52c72a24250e5323d562009e3b5de5610975b97cd28a29db7df6f8ee7cf63748,move together in a hive or as if in a hive .,52c72a24250e5323d562009e3b5de5610975b97cd28a29db7df6f8ee7cf63748,5373,sentence1,20,search,5
52e0b74009a2cbd7597ee85d274bcbe362945780529e4313ed3d245419a2b0a8,A boy skateboards down the railing of some graffiti stairs,52e0b74009a2cbd7597ee85d274bcbe362945780529e4313ed3d245419a2b0a8,36302,sentence1,13,search,4
53046c6c8803eb0da341fa61c8087c5377713e1b6bf58167186be6c8358eaff8,australia : australia hands asylum-seekers back to sri lanka,53046c6c8803eb0da341fa61c8087c5377713e1b6bf58167186be6c8358eaff8,11633,sentence1,18,search,2
5319cebcbd8b55984a1ab38e06729868490fc2279afb86b79d0dcf9935a84fd1,because terminal 4 is connected to the positive terminal but not the negative terminal,5319cebcbd8b55984a1ab38e06729868490fc2279afb86b79d0dcf9935a84fd1,11356,sentence1,14,search,5
531d12297f23c7e8a8fd094af71d7105b2e964726cde2f66d7fe74841d69607a,a woman is opening a soda and drinking it .,531d12297f23c7e8a8fd094af71d7105b2e964726cde2f66d7fe74841d69607a,12152,sentence1,13,search,1
531f4bf230f2cd3973a2c94a717b8600b6a2df2e4eeb61937e00b0a2af9abfb2,There is no man holding a sign and seeking money,531f4bf230f2cd3973a2c94a717b8600b6a2df2e4eeb61937e00b0a2af9abfb2,9721,sentence1,11,search,0
536cfba5e848bfa22ebe87909f96264905f8ca46a8c800fd2d95c92d35110580,A man is skiing down a snowy hill,536cfba5e848bfa22ebe87909f96264905f8ca46a8c800fd2d95c92d35110580,36221,sentence2,10,search,6
537748ceb42929960953d15168f9f152150b977d37f361bc8ebefd1230b39add,the future of iraq is linked to the country .,537748ceb42929960953d15168f9f152150b977d37f361bc8ebefd1230b39add,27934,sentence1,15,search,2
537f715bdb709861becc215ed19ff09f2ec65cfc5ca003e475af3a5d6c425339,they are for the moment .,537f715bdb709861becc215ed19ff09f2ec65cfc5ca003e475af3a5d6c425339,3373,sentence2,7,search,2
53854fb852a2bdbd574cd4e5529d8f40f942adbddd20a93c8c3638e94c4cf9db,roadside bomb kills 3 policemen in southern afghanistan,53854fb852a2bdbd574cd4e5529d8f40f942adbddd20a93c8c3638e94c4cf9db,19126,sentence2,16,search,3
53a8f973a6500fb4d302b3f5aa4123d346d2d4e628b6c261b8f5ad6991afd4e7,singapore shares open 0.19 % higher on thursday,53a8f973a6500fb4d302b3f5aa4123d346d2d4e628b6c261b8f5ad6991afd4e7,245,sentence1,15,search,2
53aed8d750ee92ee468801fc3804931905d7de78ef364de2a6df3f595fd9a4f3,bring ( several things ) into consonance or relate harmoniously .,53aed8d750ee92ee468801fc3804931905d7de78ef364de2a6df3f595fd9a4f3,15696,sentence2,16,search,5
53b2745b4ef91ef2022f3d08183a5c9ef19b4ec32ba63cb550f35bff998b5900,A woman is pouring egg into a frying pan.,53b2745b4ef91ef2022f3d08183a5c9ef19b4ec32ba63cb550f35bff998b5900,24361,sentence2,13,search,1
53b4dbe0d9c1475f1263309058dcf638a9172cc574f17ef62c49f7a1467ff44b,A woman is cracking eggs,53b4dbe0d9c1475f1263309058dcf638a9172cc574f17ef62c49f7a1467ff44b,6029,sentence2,6,search,1
53b7741f64e4f1d1d4bd09f1eddefe5215c789e91404a885da8967569c611829,Syrian Opposition Urges EU to Send Arms to Rebels,53b7741f64e4f1d1d4bd09f1eddefe5215c789e91404a885da8967569c611829,15048,sentence2,13,search,2
53bf496316478216fa5ed4d669600e8a2bf04f488134d6744287079d6b12d44a,what could be causing gfci breakers and receptacles to trip ?,53bf496316478216fa5ed4d669600e8a2bf04f488134d6744287079d6b12d44a,8229,sentence2,23,search,5
53d6dcd80b754b874be98466015b93c7905e91eaf5091cade6bc652ad8a3c310,abrupt state of disbelief about something,53d6dcd80b754b874be98466015b93c7905e91eaf5091cade6bc652ad8a3c310,15477,sentence1,9,search,5
53dfbd9c2b55c55fdcb3223b1796d5c8d7e3133a68ccb0df22d50b4da905618c,A bride with a white dress is looking down,53dfbd9c2b55c55fdcb3223b1796d5c8d7e3133a68ccb0df22d50b4da905618c,13263,sentence1,10,search,1
540f631b86919951972ee5e912eb995c6701a2d2978e4b5c7c586391d076bc53,bodies found at russian jet crash in indonesia,540f631b86919951972ee5e912eb995c6701a2d2978e4b5c7c586391d076bc53,7328,sentence2,15,search,3
5429ce0072d7364bb6eeeb0287e9cc36d6c35309537ca64f8a5c4b02a2fd1fde,A man is running down the road,5429ce0072d7364bb6eeeb0287e9cc36d6c35309537ca64f8a5c4b02a2fd1fde,32001,sentence2,7,search,6
544f3b8743f84a45e067ce1f424d53d25c15fb6931cda02bc3c6d8b33cb95033,follow the dinero : cuomo raises $ 22.5 million for re-election bid,544f3b8743f84a45e067ce1f424d53d25c15fb6931cda02bc3c6d8b33cb95033,11569,sentence2,24,search,2
5469c3da70c0400a79833245d21441fd7274fdfc64a03b2979fc3845f72e160c,you need to make up your mind .,5469c3da70c0400a79833245d21441fd7274fdfc64a03b2979fc3845f72e160c,17563,sentence1,9,search,5
5474167e39ef3edb0b6822c175abf85cb7b9213e482da31bd35c98f24b055b0b,There are no people driving ATVs,5474167e39ef3edb0b6822c175abf85cb7b9213e482da31bd35c98f24b055b0b,25339,sentence1,8,search,0
5482c2427175712a30b81553dd6d35af6d90586804ecdfa35a840cea706cb6e1,be fully aware or cognizant of .,5482c2427175712a30b81553dd6d35af6d90586804ecdfa35a840cea706cb6e1,30494,sentence2,9,search,5
5486a4a3a541f45d5c2a57d6f6efb4e298177e745ef8d6d93396d67da5ede017,"on saturday , a 149mph serve against agassi equalled rusedski 's world record .",5486a4a3a541f45d5c2a57d6f6efb4e298177e745ef8d6d93396d67da5ede017,36600,sentence1,31,search,2
54d51535513d6a83deab2ed26d2e0bc3c50bf206c30030072aaf6c2dc7ea0f54,An animal is biting somebody's hand,54d51535513d6a83deab2ed26d2e0bc3c50bf206c30030072aaf6c2dc7ea0f54,19346,sentence2,9,search,7
54d9deed84461b7396456eff2984ab3c350df4eb35f258219b2ba884ed1f94ea,A person is eating a cut onion,54d9deed84461b7396456eff2984ab3c350df4eb35f258219b2ba884ed1f94ea,27566,sentence2,8,search,1
54e1d0b7541ded218c5e0b3af4cd5fca1990876bf2f7bcc0911572cddcc2cc4a,"the pound also made progress against the dollar , reached fresh three-year highs at $ 1.6789 .",54e1d0b7541ded218c5e0b3af4cd5fca1990876bf2f7bcc0911572cddcc2cc4a,1217,sentence1,25,search,2
54e5a15f2c46cb4fa7c5e8d45f9d27110fa3070037cfb62fe67ce566476b159d,"above that , medicare would pay 90 percent of all drug costs .",54e5a15f2c46cb4fa7c5e8d45f9d27110fa3070037cfb62fe67ce566476b159d,8142,sentence2,16,search,2
55191fc41c2af7603a118ead48843f52cfd9be61595ab1a4b2e8b2f6d6f5fb6e,A man is cutting paper with a sword.,55191fc41c2af7603a118ead48843f52cfd9be61595ab1a4b2e8b2f6d6f5fb6e,7315,sentence1,10,search,6
551effcd59322cda0b0fcf7bb23aaf387008d5c1fd4525490f5240efc8f64d43,There is no person peeling an onion,551effcd59322cda0b0fcf7bb23aaf387008d5c1fd4525490f5240efc8f64d43,32579,sentence2,8,search,0
552ecf0c23d5ea4d9378c574884a74b657ce962fcc84895218765253696a0b1f,a dog is walking along the edge of a pool .,552ecf0c23d5ea4d9378c574884a74b657ce962fcc84895218765253696a0b1f,12629,sentence2,14,search,7
55524f8292e8a004fce82690cf2512e050e716ae1f5cb7e0bf70f3cfaa7cab65,"This Lady might be ready for Rock Climbing, or just watching the Clouds, above.",55524f8292e8a004fce82690cf2512e050e716ae1f5cb7e0bf70f3cfaa7cab65,15632,sentence2,20,search,1
55859f2412559e65bf528cc27c3cf4aaa22f990bcfbb8f69f7d758add5f7bdf5,china returns 10 children abducted from vietnam,55859f2412559e65bf528cc27c3cf4aaa22f990bcfbb8f69f7d758add5f7bdf5,3181,sentence1,10,search,3
558de4285087fcddea08bf959cf6a560ad82e260dc736e0913ae93554de3ee9c,There is no man slicing a potato,558de4285087fcddea08bf959cf6a560ad82e260dc736e0913ae93554de3ee9c,36204,sentence1,11,search,0
559334e355c136f33266eff5f1b3043ccd84831a7e24ba6925421bc829770bfb,( cause to ) form a cluster in either abstract or physical space .,559334e355c136f33266eff5f1b3043ccd84831a7e24ba6925421bc829770bfb,7436,sentence1,17,search,5
55a1801b21c0a8d73f8072e1850f57c694011c285315fd408d27a98f3b47ebc6,The man in the purple hat isn't operating a camera that makes videos,55a1801b21c0a8d73f8072e1850f57c694011c285315fd408d27a98f3b47ebc6,3096,sentence1,18,search,0
55ceb581bd0f0bac75d224e924e1eb137a70f67e3e51490de8fb04e0497f9f36,holly holy we are all vessels filled with many wonders .,55ceb581bd0f0bac75d224e924e1eb137a70f67e3e51490de8fb04e0497f9f36,18404,sentence1,15,search,5
55e8fe64f0db703fa3099064989d74f34888c8747b6eee9690f6ba886425996f,Some ingredients are being separated in a bowl by a person,55e8fe64f0db703fa3099064989d74f34888c8747b6eee9690f6ba886425996f,13555,sentence1,13,search,1
55ed6de522d007f8fbfe58c72343b72df739f4fb4fb70c546c798df39e7d7b3e,water samples are being sent to the state health department for analysis .,55ed6de522d007f8fbfe58c72343b72df739f4fb4fb70c546c798df39e7d7b3e,12545,sentence2,14,search,2
55f34292d5fb0ec3771e5b7aca1ac55456a2aae906d5d0995b0de9c862b5ae3d,gartner analysts said that businesses are not yet feeling confident enough to upgrade corporate pcs .,55f34292d5fb0ec3771e5b7aca1ac55456a2aae906d5d0995b0de9c862b5ae3d,3449,sentence1,22,search,2
55fd957d154ea97fafe7e17530940517547b0871e9502974506653b734235e8e,the man used a stenograph .,55fd957d154ea97fafe7e17530940517547b0871e9502974506653b734235e8e,17470,sentence1,10,search,6
562d75be0f6cc350a37063008a15d68796c9a391526ccc83e681580c22a6e761,A woman is using a machine made for sewing,562d75be0f6cc350a37063008a15d68796c9a391526ccc83e681580c22a6e761,16317,sentence2,10,search,1
564311c53e0b1857d15d0ece50f409c7ad6e2d2e925f67c258f9672c538ac345,A boy is playing on a toy phone,564311c53e0b1857d15d0ece50f409c7ad6e2d2e925f67c258f9672c538ac345,15005,sentence2,10,search,4
5644136ac7623625a4abd30feb6b90e26447594b80e59260ff5d823819008ee2,nigerian mp charged with accepting $ 3m bribe,5644136ac7623625a4abd30feb6b90e26447594b80e59260ff5d823819008ee2,15158,sentence1,15,search,2
56555211a801fde57e79def10c1cab417e7a1f3a4f71d8157c4bb9bb36cf96db,Three women wearing black vests and gray shirts are talking outside of a building.,56555211a801fde57e79def10c1cab417e7a1f3a4f71d8157c4bb9bb36cf96db,33189,sentence2,18,search,4
565b3e006c2c4510db4f54fbd7093434858f66cd4a759ed6febd67be73c69e27,Four dogs play in the snow with the city skyline behind them.,565b3e006c2c4510db4f54fbd7093434858f66cd4a759ed6febd67be73c69e27,27648,sentence2,14,search,7
567bec917d036fc7c77d91d965a4287ae266470f19e1f511f6332723ae2a9adc,"cricket-england 155-4 v australia , fourth test - tea",567bec917d036fc7c77d91d965a4287ae266470f19e1f511f6332723ae2a9adc,22095,sentence2,18,search,4
568c979cbc687a67f60184a669e4a62c1c9a6cc674595c63a5ba8f7f12bf87d4,The children aren't playing in front of a large door,568c979cbc687a67f60184a669e4a62c1c9a6cc674595c63a5ba8f7f12bf87d4,31480,sentence1,14,search,0
56dfc7cb2ad435da7bf514e6ae24482a99ed361f16fec93558087ed48e851829,"cats don 't usually like to have their paws held , touched , or anything like that .",56dfc7cb2ad435da7bf514e6ae24482a99ed361f16fec93558087ed48e851829,5167,sentence1,25,search,0
56f443f4649655e961d40149c536344a803d2c3e27592f35ac2f897e4f5b8902,i prefer to run the second half 1-2 minutes faster then the first .,56f443f4649655e961d40149c536344a803d2c3e27592f35ac2f897e4f5b8902,27072,sentence1,17,search,5
56ff4a78a53d2df3e5d418850bca4ef6e3fe0deb3004bf8982bb6a84be51e0ae,place or set apart .,56ff4a78a53d2df3e5d418850bca4ef6e3fe0deb3004bf8982bb6a84be51e0ae,23150,sentence2,6,search,5
5700690fb9d1f83e10bd31a5fce948c091b3e90f6eefc976c77bfc86c1e350ab,a woman is cutting some vegetables .,5700690fb9d1f83e10bd31a5fce948c091b3e90f6eefc976c77bfc86c1e350ab,22479,sentence1,9,search,1
570f9fcb1be854e51e51026438d281ddfae566c992027f475b33fb30cde15a98,The lady is cracking an egg into a bowl,570f9fcb1be854e51e51026438d281ddfae566c992027f475b33fb30cde15a98,11121,sentence2,11,search,1
571adec2975f519321a36e82eedd9d74b2bd004942cde0ace5da95cc483e7ec2,Some cheerleaders are dancing,571adec2975f519321a36e82eedd9d74b2bd004942cde0ace5da95cc483e7ec2,31091,sentence2,6,search,4
5727b7b3e887274fbf8e7f04348ecebfff6818538a9a350c93a7dadc6ece0ae1,the killers escaped .,5727b7b3e887274fbf8e7f04348ecebfff6818538a9a350c93a7dadc6ece0ae1,9181,sentence1,7,search,3
575377f543cf6854673776e92f28fb72ba96b287e3136ebfdb661a643b7c7ad9,US Senate votes to advance Iran nuclear review bill,575377f543cf6854673776e92f28fb72ba96b287e3136ebfdb661a643b7c7ad9,7288,sentence2,9,search,2
57722b7fa236097230a0471d20da4596157ca8c76076aec7c8f104b7c55cd6f7,The man is pacing around a room,57722b7fa236097230a0471d20da4596157ca8c76076aec7c8f104b7c55cd6f7,13893,sentence1,10,search,6
57815863b331008290a677d1024676bb31c824c35e4f70c35aa7bcfe0954a91d,"Sudan allows private traders to export gold in bid to boost revenues Sudan has begun allowing private traders to export gold, a move expected to crack down on smuggling and attract foreign currency into the country’s cash-strapped treasury. Until January 1st 2020, when the decision was made, Sudan’s Central Bank had been the sole body legally allowed to buy and export gold and set up centers to buy the metal from small-scale miners. Hajooj Kuka, Analyst and Activist joins CNBC Africa for more on what the country is doing to revive the economy.",57815863b331008290a677d1024676bb31c824c35e4f70c35aa7bcfe0954a91d,369,sentence2,132,search,2
57992bd8539059079587e0b2c67f16497f4b6b539bb324c99d0bcef7cfc5e6cd,germans represent more than a quarter of all foreign visitors to italy and 40 percent of hotel bookings .,57992bd8539059079587e0b2c67f16497f4b6b539bb324c99d0bcef7cfc5e6cd,13157,sentence1,25,search,2
57a4e55a9a34f52cae61cc86aec9ab54a63ad608fb5b6b303b39b8a1d821bcf8,four dogs play in the snow with the city skyline behind them .,57a4e55a9a34f52cae61cc86aec9ab54a63ad608fb5b6b303b39b8a1d821bcf8,11262,sentence2,15,search,7
57ac29d52a33811b85bcc42dc055c9aef1e9cf1c6421461777b1ae0e3310796e,"The boy fired once into a wall and sprayed the room with fire extinguishers, making it hard to see, the chief said.",57ac29d52a33811b85bcc42dc055c9aef1e9cf1c6421461777b1ae0e3310796e,13313,sentence1,32,search,3
57b79a63042acd9ab87b8c7985bb7ef507752523f95da047482083f642d8ba82,A woman wearing large sunglasses holds newspapers in both hands.,57b79a63042acd9ab87b8c7985bb7ef507752523f95da047482083f642d8ba82,25414,sentence2,11,search,1
57db807450218c19df6e7d9fc3e1c4c7644bf026e382c33736f7f63b6ced5433,"turkish police fight protesters , clear square",57db807450218c19df6e7d9fc3e1c4c7644bf026e382c33736f7f63b6ced5433,36353,sentence1,12,search,3
57e001cd18b7f05b241fd15598b2c9b85966dbebc9eed723784195986c6feb21,israel carrying out ground offensive in gaza,57e001cd18b7f05b241fd15598b2c9b85966dbebc9eed723784195986c6feb21,9294,sentence2,9,search,3
57f1f215e63e14a3e4593750ea2ebd4ec734aefd842b2973ad8bc8314d226cd2,A person in a black jacket is doing tricks on a motorbike,57f1f215e63e14a3e4593750ea2ebd4ec734aefd842b2973ad8bc8314d226cd2,9626,sentence2,15,search,6
57f531ec9f855293130c7944ca3ca2d3e1b281bcddf5fa717bd7e56d59b73cb4,four young men stand still as a car explodes behind them .,57f531ec9f855293130c7944ca3ca2d3e1b281bcddf5fa717bd7e56d59b73cb4,20307,sentence2,15,search,3
58004b1758fdbd23a8335c4436fdc18a02cfea2a90c6a46f0a847cd90aa38d9d,fill ( a ship 's bunker ) with coal or oil .,58004b1758fdbd23a8335c4436fdc18a02cfea2a90c6a46f0a847cd90aa38d9d,11435,sentence2,18,search,5
5837db0d0527c52b217a4e9cc7ff7788acb119319567500d13e6df578ca4aa82,The lady is selling things.,5837db0d0527c52b217a4e9cc7ff7788acb119319567500d13e6df578ca4aa82,5030,sentence1,6,search,1
584295c8d02944ad2b1c67ea9c8980bbadf3ee9e56b26a9ddbd32d1aff27dd82,the trait of being well behaved .,584295c8d02944ad2b1c67ea9c8980bbadf3ee9e56b26a9ddbd32d1aff27dd82,1349,sentence1,9,search,5
585621485e253ae1a2c5e469f9b3258a6884714d07ba8025b6a6205358983d7f,A child is indoors watching a program about some young climbers on a rock wall.,585621485e253ae1a2c5e469f9b3258a6884714d07ba8025b6a6205358983d7f,16395,sentence1,20,search,4
5866dee3b6aa0027327be2d126b994cebe2d5e5207f494faa94d896feaf219f6,i don 't see why this could be a problem .,5866dee3b6aa0027327be2d126b994cebe2d5e5207f494faa94d896feaf219f6,37367,sentence1,16,search,0
58915825df79062e75e4cacc3b73e9fa94c7e3e5ca636d7915256cdb97f4e050,Two men pushed carts through the woods.,58915825df79062e75e4cacc3b73e9fa94c7e3e5ca636d7915256cdb97f4e050,32160,sentence2,11,search,4
58c180e2531e1cdadabb286c193d53acf56d00a7e07678e6d85c4027b3ce1022,the territory occupied by a nation .,58c180e2531e1cdadabb286c193d53acf56d00a7e07678e6d85c4027b3ce1022,30551,sentence1,10,search,2
58cc361abbe692008533ca2594ecfc917579773e1a594704f26c2d3433b7d84b,"the pcs are scattered across the united states , canada and south korea .",58cc361abbe692008533ca2594ecfc917579773e1a594704f26c2d3433b7d84b,6482,sentence1,22,search,2
58e8d6de33395d0043f52266cdb3dd779954f6e1ddb631081a0b994cd9fa5ce9,egypt orders arrest of brotherhood chief badie,58e8d6de33395d0043f52266cdb3dd779954f6e1ddb631081a0b994cd9fa5ce9,1172,sentence2,15,search,3
5904ff02caabfa97e844505948f268f222da211f3cf96427849e07b5e378b165,voting canceled in three provinces in tense thai election,5904ff02caabfa97e844505948f268f222da211f3cf96427849e07b5e378b165,5337,sentence2,16,search,3
5917394e6e275158f4d9731f8f5d39a4d7d50c3b7e28bbfb2f51945ae96e67d7,insert or close with a plug,5917394e6e275158f4d9731f8f5d39a4d7d50c3b7e28bbfb2f51945ae96e67d7,13376,sentence1,7,search,5
59233eed690cdc3473fb0964a9f90d4e034549a7d52a0b45858a73122bcbd1e8,plane crash in ghana kills at least 10,59233eed690cdc3473fb0964a9f90d4e034549a7d52a0b45858a73122bcbd1e8,4322,sentence2,11,search,3
59263c1f8115a4bd2a0116989dc00b58bdf9db10b6377108500cc27d8e7e8ed4,Guitar is being played by a man,59263c1f8115a4bd2a0116989dc00b58bdf9db10b6377108500cc27d8e7e8ed4,1044,sentence1,8,search,6
596228556e8740611c21bae524e1d58ae9c12719b5fe4a194789ddc76b5bc359,"carry as a backpack , go backpacking",596228556e8740611c21bae524e1d58ae9c12719b5fe4a194789ddc76b5bc359,1552,sentence2,10,search,5
596279f4bfde0a265c9dfd573b3b16308aa7c0779ecb8cc8095bbfb73c51d678,A cat is eating corn on the cob,596279f4bfde0a265c9dfd573b3b16308aa7c0779ecb8cc8095bbfb73c51d678,31092,sentence2,9,search,7
59705591fbdd9a7dad2353d2e5a01d163f699441a4a88ae67db303b76f0e8575,A man is cutting carpet with a knife.,59705591fbdd9a7dad2353d2e5a01d163f699441a4a88ae67db303b76f0e8575,12782,sentence1,10,search,6
597d2b1ba4b7f35d95e8327e71c71aeb63c2947d71bc630c564c31ad6adb5539,pursue for food or sport ( as of wild animals ) .,597d2b1ba4b7f35d95e8327e71c71aeb63c2947d71bc630c564c31ad6adb5539,17571,sentence2,14,search,7
598f2e48761ec0a551583c9c540a8d387ecf5dbd1cd5084ca48cdd68832bf4fe,i 've noticed a remarkable difference when i run on the treadmill vs when i run on the road .,598f2e48761ec0a551583c9c540a8d387ecf5dbd1cd5084ca48cdd68832bf4fe,8513,sentence2,29,search,5
59e504c57dcfc79c2a72c3efbeeb6d8fcba6e2f09c5cd1e9c7af1ecf71b80c00,a girl doing a back bend at the beach .,59e504c57dcfc79c2a72c3efbeeb6d8fcba6e2f09c5cd1e9c7af1ecf71b80c00,3157,sentence1,13,search,4
5a02abf65bc69d194374e14364f038076305cc6e3cef217d29be17272654d346,five children buried alive in bohol landslide,5a02abf65bc69d194374e14364f038076305cc6e3cef217d29be17272654d346,5187,sentence2,12,search,3
5a2500173d7b437c7e27b8dc266c511092da141e06cfe48b848a0d297b904007,a cat is playing a key board .,5a2500173d7b437c7e27b8dc266c511092da141e06cfe48b848a0d297b904007,32838,sentence1,11,search,7
5a421655d1806fd3f3e7d2602313934e375a37cf2860d4d05f003f5aad028fe8,the trade of a funeral director .,5a421655d1806fd3f3e7d2602313934e375a37cf2860d4d05f003f5aad028fe8,15497,sentence2,9,search,3
5a4d0da27489dabde159f0d3d55f0ed9fe23f5dee70fe555ac314c82a3b2a094,"A dog, which has a brown and white coat, is holding a baseball in its mouth",5a4d0da27489dabde159f0d3d55f0ed9fe23f5dee70fe555ac314c82a3b2a094,11197,sentence2,20,search,7
5a6eab1325c1bd023498a2b6f9414293ce6ab279984c03b8c8bcaf96490fdc0e,a consequence of someone 's efforts or of a particular set of circumstances .,5a6eab1325c1bd023498a2b6f9414293ce6ab279984c03b8c8bcaf96490fdc0e,25473,sentence1,19,search,5
5a739d88e3419695fd784f40ebad80c9a675fc2d06426c5a9869bd85547c23e1,a buddha statue holding a candle is sitting on a table .,5a739d88e3419695fd784f40ebad80c9a675fc2d06426c5a9869bd85547c23e1,6154,sentence2,19,search,4
5a73e141c566118d41c59a665a9c7156bd5a1f86cf5a0aca16d312a3d6c1aa39,a loss entailed by giving up or selling something at less than its value .,5a73e141c566118d41c59a665a9c7156bd5a1f86cf5a0aca16d312a3d6c1aa39,30544,sentence1,19,search,5
5a7788f2f0ffd9cba2057f8acc975fa779edd35ff12dd9900dce5a65a7a896fe,"MediaQ's customers include major handheld makers Mitsubishi, Siemens, Palm, Sharp, Philips, Dell and Sony.",5a7788f2f0ffd9cba2057f8acc975fa779edd35ff12dd9900dce5a65a7a896fe,13014,sentence2,24,search,2
5a7cdc5d8e444168b7d5cedefb5ca3bb9c351415ca383e479931c107e0637a58,The singer is leaving the band,5a7cdc5d8e444168b7d5cedefb5ca3bb9c351415ca383e479931c107e0637a58,6098,sentence1,6,search,3
5a84d67c987426c0b2f913e875eb313920fd13afaf1cf25b7307845127fcaca7,two black and white cows behind a metal gate against a partly cloudy blue sky .,5a84d67c987426c0b2f913e875eb313920fd13afaf1cf25b7307845127fcaca7,13231,sentence2,21,search,7
5a890a1a79081c1e07411affa8f3471dfb36d642bbff655869cdc3228cef6559,A door is being opened by a man,5a890a1a79081c1e07411affa8f3471dfb36d642bbff655869cdc3228cef6559,21615,sentence2,9,search,6
5a97be8ac9329d71b441cccb8bcd91cb5bf33661f042a969e3b6a1d511c441df,op-ed columnist : lessons from guns and a goose,5a97be8ac9329d71b441cccb8bcd91cb5bf33661f042a969e3b6a1d511c441df,18335,sentence2,17,search,2
5aa0d3c570c77f551ec3c0591193cbcfa5aa2b3b9bae040ab9dcade626128cd7,"cancel , reverse , annul",5aa0d3c570c77f551ec3c0591193cbcfa5aa2b3b9bae040ab9dcade626128cd7,35392,sentence1,7,search,5
5abc5cb954841a8741957f731f95f09c81ab8495cf161b12bb8dbd549a496b40,"russia of putin already lost 12 eminent journalists , assassinated during the six last years .",5abc5cb954841a8741957f731f95f09c81ab8495cf161b12bb8dbd549a496b40,3253,sentence1,26,search,3
5ad7ec7f2097d11ea5ee399b44d985777f59f2c3e4448212efaa768aad205add,Shares of McDonald's Corp. and Wendy's International Inc. continued a modest run-up on the New York Stock Exchange Monday.,5ad7ec7f2097d11ea5ee399b44d985777f59f2c3e4448212efaa768aad205add,1201,sentence2,30,search,2
5b194a040e8e9b95dbab1732c03f2a8ec8d5a1d8f871fd312e56654d8d128b39,South Korean Soldier Kills Comrades And Flees,5b194a040e8e9b95dbab1732c03f2a8ec8d5a1d8f871fd312e56654d8d128b39,10106,sentence2,13,search,3
5b352426e2d778353e9f9615bfc02166c0ef5a28eddf15802b2212dc8f6881e7,A woman is performing a trick on a ramp with a car,5b352426e2d778353e9f9615bfc02166c0ef5a28eddf15802b2212dc8f6881e7,19255,sentence2,15,search,1
5b5ae09d73511ff2f4fc457a6352779e25c1b340815fe68d6b0e6a07b4b0fc42,A black and orange bird is not standing in the grass,5b5ae09d73511ff2f4fc457a6352779e25c1b340815fe68d6b0e6a07b4b0fc42,36466,sentence2,11,search,7
5b6f7e95b63bc7e79af6668e9493e21f4d28b66ada0a600469361a20ac552114,a quantity of money .,5b6f7e95b63bc7e79af6668e9493e21f4d28b66ada0a600469361a20ac552114,23108,sentence1,7,search,5
5bb09ab50efddbb08edc98002b77f8249a953bad9fd60886840e60071bb1e84a,"A man, a woman and two girls are sitting on the beach",5bb09ab50efddbb08edc98002b77f8249a953bad9fd60886840e60071bb1e84a,1245,sentence1,14,search,4
5bb5b29d588bf9efadd0e19fb29189d9b35f7204252f8706ea96453f0c9d9d94,police have arrested 21 people in connection with the murder of a young nigerian child whose headless and limbless torso was found floating in the river thames .,5bb5b29d588bf9efadd0e19fb29189d9b35f7204252f8706ea96453f0c9d9d94,3221,sentence2,42,search,3
5bb5eb294e634d3c7948e65e55b437dc67ea32afa054f3350b8f3d5aebe02bfb,Two adults are standing on a scooter in a field of yellow flowers,5bb5eb294e634d3c7948e65e55b437dc67ea32afa054f3350b8f3d5aebe02bfb,20538,sentence2,15,search,4
5bcd06fe9137bfe99587a514e0add4081f2833d502641cd59f317ceb798f908c,'it 's either too late or too early to intervene in syria',5bcd06fe9137bfe99587a514e0add4081f2833d502641cd59f317ceb798f908c,15310,sentence2,23,search,2
5bdf580a238446a9e84d921e31e355fca3c7420c230d693313d9a4e063cef384,have a monopoly of ; control fully,5bdf580a238446a9e84d921e31e355fca3c7420c230d693313d9a4e063cef384,2479,sentence1,11,search,5
5be5a1168023a1e31ff2f960c555490c847e07a3290eddf5d09b38839008d9ff,a group of people are standing beside a fire truck .,5be5a1168023a1e31ff2f960c555490c847e07a3290eddf5d09b38839008d9ff,3220,sentence2,14,search,4
5bfb4241186ab90916ca6b69cda3c54634caefb0379f71b24624b7309bebcd2d,Goa building collapse death toll touches 15,5bfb4241186ab90916ca6b69cda3c54634caefb0379f71b24624b7309bebcd2d,10115,sentence1,9,search,3
5c07f79840524a3ba4e61736a40b428c8ef521fdc0564bebf7c0a906dbda7762,"us , un up pressure on israel over gaza",5c07f79840524a3ba4e61736a40b428c8ef521fdc0564bebf7c0a906dbda7762,15017,sentence1,12,search,2
5c236532e77e1821d6f146ee9e5425cd9d4e170b4a0ceb7964856316da8314d1,Three young girls walk down a sidewalk.,5c236532e77e1821d6f146ee9e5425cd9d4e170b4a0ceb7964856316da8314d1,27579,sentence2,9,search,4
5c26da83066dd9ef0833fe6958d281f605a68d0e6f6455df63d7522ecc5cbab2,the government does not determine if you are married or not .,5c26da83066dd9ef0833fe6958d281f605a68d0e6f6455df63d7522ecc5cbab2,9044,sentence1,14,search,0
5c326533ae95a7a20ed1d17db920befd694e1c770c28c82507ea15d786544606,"Sgt. Ernest Bucklew, 33, was coming home from Iraq to bury his mother in Pennsylvania.",5c326533ae95a7a20ed1d17db920befd694e1c770c28c82507ea15d786544606,6091,sentence2,24,search,3
5c42d0737d4c159105aa48faf32db565bf93ed932647f597d13e65ead15580f2,The man is getting off a motorcycle onto ground which is mostly barren,5c42d0737d4c159105aa48faf32db565bf93ed932647f597d13e65ead15580f2,36260,sentence2,15,search,6
5c45897a143ea6948384a093065a5df85fdbe3089888f6e42f02e1707264beee,"but he is the only candidate who has won national labor endorsements so far , picking up his 11th union on tuesday when the united steelworkers of america endorsed him .",5c45897a143ea6948384a093065a5df85fdbe3089888f6e42f02e1707264beee,5795,sentence1,45,search,2
5c4c8383c0646024bbe826b9cc84a13acfea09aac564d723b100be6b982fe254,mandela 's condition has ' worsened over past 48 hours',5c4c8383c0646024bbe826b9cc84a13acfea09aac564d723b100be6b982fe254,14454,sentence1,19,search,3
5c4e1ccfbe0ed0d7a0d2193d8d75cb558af43f7da149dd1f532a8c8650f2ae27,a person on a snowmobile in mid jump .,5c4e1ccfbe0ed0d7a0d2193d8d75cb558af43f7da149dd1f532a8c8650f2ae27,6345,sentence1,13,search,4
5c940f7eb4061d2ee21a6b4851fdf762a0e3598cc6b737db396fac1b0e8c8bf5,A person is riding a dirt bike up a dirt hill,5c940f7eb4061d2ee21a6b4851fdf762a0e3598cc6b737db396fac1b0e8c8bf5,23439,sentence1,13,search,6
5cdaa586a1d6e3f93395802fb812ba32f55f29c8eb5b7e15f7a6d4adf0a4036e,the reader attends to a text to process its information. sometimes a particular kind of phenomenon is sought in the text .,5cdaa586a1d6e3f93395802fb812ba32f55f29c8eb5b7e15f7a6d4adf0a4036e,4233,sentence2,27,search,5
5cef38235b8a9cb933bdddb8bf6cb0ca06d2c4b8e4950897af0831f956115f0d,the event of something burning ( often destructive ) .,5cef38235b8a9cb933bdddb8bf6cb0ca06d2c4b8e4950897af0831f956115f0d,12453,sentence2,12,search,5
5d66a298c8011da8b35737f9f0d0a23f8b032563a6555cecc87d0edab8d711f4,Three dogs are sniffing at something,5d66a298c8011da8b35737f9f0d0a23f8b032563a6555cecc87d0edab8d711f4,20216,sentence1,7,search,7
5d6c26f3907667bb72305eeebc150d504c9f744e722ebe695f5456cbc573f714,the act of distributing things into classes or categories of the same type .,5d6c26f3907667bb72305eeebc150d504c9f744e722ebe695f5456cbc573f714,30558,sentence1,16,search,5
5d968beff29a174326bd7b17187529a7f4e9a95656d25d3cbd3e349c0999ae48,recover posession or get back again,5d968beff29a174326bd7b17187529a7f4e9a95656d25d3cbd3e349c0999ae48,22316,sentence2,7,search,5
5d973be02cb0f4e19a9227190251490ee628e586c7140a054c5a886d5685c7da,A woman is eating a cupcake,5d973be02cb0f4e19a9227190251490ee628e586c7140a054c5a886d5685c7da,25137,sentence1,7,search,1
5db4ca17866d6e9bd8e919074fb2e8da83ff9aba79fc82c9a732eefd66cf2e6b,two skydivers dead after colliding during us jump,5db4ca17866d6e9bd8e919074fb2e8da83ff9aba79fc82c9a732eefd66cf2e6b,20408,sentence2,11,search,3
5db8f34eaeb72e3a77eb0c6dba268347037327101d02598cd746c98adc40fb27,man sets self afire outside breivik trial,5db8f34eaeb72e3a77eb0c6dba268347037327101d02598cd746c98adc40fb27,5333,sentence2,12,search,6
5dbc67843a446c17c76960ee9435629635a32929dc0618df7104f6e4c0995934,japan marks one year since quake and tsunami disaster,5dbc67843a446c17c76960ee9435629635a32929dc0618df7104f6e4c0995934,3334,sentence2,12,search,3
5dd2d17042860d78f8d8885be1204427efd4625ae1193f91eabba4b549e83812,egypt confirms mubarak 's pm back in presidency race,5dd2d17042860d78f8d8885be1204427efd4625ae1193f91eabba4b549e83812,24751,sentence2,19,search,2
5de844fa0862094ee80ff21ae94098e8c8f2fddc9f8c60edbcd7153bf55869f1,matter that remains after something has been removed .,5de844fa0862094ee80ff21ae94098e8c8f2fddc9f8c60edbcd7153bf55869f1,27422,sentence1,10,search,5
5deac316d702fc29f22fc0136725ce081ff41595824123d533596da58af9c48c,op-ed columnist : military women and the front lines,5deac316d702fc29f22fc0136725ce081ff41595824123d533596da58af9c48c,11224,sentence1,16,search,2
5dff056671833c1073e545e8c8a224964370ca6731799b514f6b5a01610004f7,a grey house with a red door .,5dff056671833c1073e545e8c8a224964370ca6731799b514f6b5a01610004f7,1442,sentence2,11,search,5
5e06d664943db547129f822b27b433413378d0e5b1ded73c669e64ba6323240d,Gov. Linda Lingle and members of her staff were at the Navy base and watched the launch.,5e06d664943db547129f822b27b433413378d0e5b1ded73c669e64ba6323240d,3368,sentence2,20,search,2
5e13b80e7c7a52a16fdca2b132e859793f03d2729d0cdcd948d0c1c880273f61,"with the collapse of the investment bank lehman brothers two weeks ago , the allocation of appropriations between banks has again expressed constant significantly , the banks that have accumulated their liquidity .",5e13b80e7c7a52a16fdca2b132e859793f03d2729d0cdcd948d0c1c880273f61,14515,sentence2,41,search,2
5e4041ad5aaff304b8a455129efe3c8aa9a2972e12eb83eb02b2774f046735ba,Two black and white cows drinking out of a pond.,5e4041ad5aaff304b8a455129efe3c8aa9a2972e12eb83eb02b2774f046735ba,18398,sentence1,14,search,7
5e4a0b1ff7dc5fce3ad4b8989e9fc2cb337ab1c5b0ecbb0365ba533dcd3084cd,a little girl is sitting on santa 's lap,5e4a0b1ff7dc5fce3ad4b8989e9fc2cb337ab1c5b0ecbb0365ba533dcd3084cd,16080,sentence2,15,search,1
5e5ba283fc816d1a018a5437b30cd0516baed6cee35ea05eb129eb878f6db814,egypt 's opposition criticizes president 's speech,5e5ba283fc816d1a018a5437b30cd0516baed6cee35ea05eb129eb878f6db814,35390,sentence2,18,search,2
5e6e13f3f00fa38ed63d6b30a390af6dc8a442738623d540953c84b965ab01a7,Kurds see Turkey impeding Islamic State fight,5e6e13f3f00fa38ed63d6b30a390af6dc8a442738623d540953c84b965ab01a7,17211,sentence2,11,search,3
5e8096f6c4cb2a7ad154783a3de74187bb985a436e6d6266c89504ec4e82f5f5,a woman and dog are walking together .,5e8096f6c4cb2a7ad154783a3de74187bb985a436e6d6266c89504ec4e82f5f5,32058,sentence2,10,search,7
5e8bd476b4dee98e386ec0991be2612d4304251f49297d645302a115b821ecf1,A group of kids is staring at a colorful structure,5e8bd476b4dee98e386ec0991be2612d4304251f49297d645302a115b821ecf1,1039,sentence1,12,search,4
5ea2075a0fc72da67b6f1d698a7b9963600574f1046d362cd030718343397ce9,"""MediaMax performs EXACTLY as ""advertised"" to the companies who purchased it,"" Jacobs said in the statement.",5ea2075a0fc72da67b6f1d698a7b9963600574f1046d362cd030718343397ce9,29437,sentence2,30,search,2
5eb7457ea458923c469e4762bb5af651d1f746fe9bf8a755a3590844056c8bcf,china 's anger at north korea overcomes worry over u.s. stealth flights,5eb7457ea458923c469e4762bb5af651d1f746fe9bf8a755a3590844056c8bcf,10191,sentence1,23,search,2
5ee80d2bcd3596f3554fceffbee10cbc96b018ba5edc8ca814a5f4ba249b6412,rise or heave upward under the influence of a natural force such as a wave .,5ee80d2bcd3596f3554fceffbee10cbc96b018ba5edc8ca814a5f4ba249b6412,1086,sentence2,22,search,5
5efe9df9f038eedbd219dcaa78bbfcbaea6fdf42be50f8309da12b6b88a11e31,create something in the mind,5efe9df9f038eedbd219dcaa78bbfcbaea6fdf42be50f8309da12b6b88a11e31,12324,sentence2,5,search,5
5eff2c53291bf99b9a3f2ad6ecc2ffd2f5f464c5c54ba53728ae8856a82836a9,A man is cutting a bun,5eff2c53291bf99b9a3f2ad6ecc2ffd2f5f464c5c54ba53728ae8856a82836a9,31975,sentence1,7,search,6
5f472f23f86af2f05507a176b11dd3cbccd0906c629c0d4d37e7b859c5232f89,a white train pulling into a station .,5f472f23f86af2f05507a176b11dd3cbccd0906c629c0d4d37e7b859c5232f89,7924,sentence2,11,search,4
5f4f75c64cb66aac6ed49fc159c47c5890e64ec9728eb31536e60cf7b6d90be2,pakistan fighter jets bomb ' taliban hideouts',5f4f75c64cb66aac6ed49fc159c47c5890e64ec9728eb31536e60cf7b6d90be2,15025,sentence1,18,search,3
5f67f0d58640b31af8dd65d0379ea2d9c1ee5a60e8d63f85e33004349816870f,irreligion that does that i have a problem .,5f67f0d58640b31af8dd65d0379ea2d9c1ee5a60e8d63f85e33004349816870f,3296,sentence2,15,search,5
5f6d638a664d19dca75b125059f81f265c63356dfeb64689fc1219a88cd711ac,a man in black on a surfboard riding a wave .,5f6d638a664d19dca75b125059f81f265c63356dfeb64689fc1219a88cd711ac,9025,sentence1,16,search,6
5f7568f40daf42cdbfe5199f8a5e163702ab34c2fcc487fe5e0fffb12a6935f3,identify or pick out someone or something,5f7568f40daf42cdbfe5199f8a5e163702ab34c2fcc487fe5e0fffb12a6935f3,7518,sentence2,7,search,5
5fc4f3f534cd651d11701c81c9d24d75715fd8e920a669f7786fcdb756cb1e77,a train is moving .,5fc4f3f534cd651d11701c81c9d24d75715fd8e920a669f7786fcdb756cb1e77,1622,sentence2,7,search,4
5fd0f0795816e5ecf83e022acb100253fafcda3a76a0ce7d8ede2a6b1b8702b8,obtain data from magnetic tapes .,5fd0f0795816e5ecf83e022acb100253fafcda3a76a0ce7d8ede2a6b1b8702b8,7396,sentence2,8,search,5
5fd1b8e0a5a9d5d19c018ff86efdd623c3525dc3324d7f8431599618ce90b490,golf : westwood takes lead in dubai desert classic,5fd1b8e0a5a9d5d19c018ff86efdd623c3525dc3324d7f8431599618ce90b490,17173,sentence2,12,search,4
5fd935858484819b1a53c7e8422658a6e25a5452ec99d8148ebd4dfcfb7afd77,myanmar was formerly called burma .,5fd935858484819b1a53c7e8422658a6e25a5452ec99d8148ebd4dfcfb7afd77,29008,sentence1,12,search,2
5fda02a29a645c73547150f22eb46e9ddaeffd8044a59260f605e25a007f802e,there are basically two types of cakes : butter and sponge ( or génoise ) .,5fda02a29a645c73547150f22eb46e9ddaeffd8044a59260f605e25a007f802e,22044,sentence1,23,search,5
5fef46f331bb73fbbe87563ec8c638a911754a4b5f29532a30e9b0062a786b4a,selenski had previously spent seven years in prison on a bank robbery conviction .,5fef46f331bb73fbbe87563ec8c638a911754a4b5f29532a30e9b0062a786b4a,18483,sentence2,22,search,2
5ff047ff8cf63ec31d5fcc9a865e20799793a7abc0191fe0341987668b632c9f,"For the full year period ending June 30, 2003, high-speed lines increased by 45 percent.",5ff047ff8cf63ec31d5fcc9a865e20799793a7abc0191fe0341987668b632c9f,234,sentence1,19,search,2
6000454b4131cc59595e5dfad5324c3e46f166eb0d148d03c008fc8889af0ffb,nra official to face questions for first time since controversial remarks,6000454b4131cc59595e5dfad5324c3e46f166eb0d148d03c008fc8889af0ffb,24104,sentence1,14,search,2
601aa23d59ba8446fd1067a9203a34d01e25d02940adf859aad56fcc6738a2f6,changing one thing for another,601aa23d59ba8446fd1067a9203a34d01e25d02940adf859aad56fcc6738a2f6,28279,sentence2,5,search,5
604f2fe9ff1a23329879a9cc57f2a67a0eeedee6a956cbd74ebb8c2af7295796,iraqi car bomb near church kills at least 14,604f2fe9ff1a23329879a9cc57f2a67a0eeedee6a956cbd74ebb8c2af7295796,18097,sentence1,15,search,3
605016491845d55b2b7d1a751c6889e564d7f7e614ffa31e8b49806db15ad69a,opium is the raw ingredient for heroin .,605016491845d55b2b7d1a751c6889e564d7f7e614ffa31e8b49806db15ad69a,14185,sentence1,11,search,2
6053a20c8ed1867db85e9a473644f7a0d50d525f36c4ca64dc88798ad5aeace8,it is therefore used to create relationships between one object and another .,6053a20c8ed1867db85e9a473644f7a0d50d525f36c4ca64dc88798ad5aeace8,14472,sentence2,14,search,5
605d2250117892e61900700b34421243310a2ff37e65730ec7b06a49f99b8652,a man in a black uniform on a white horse .,605d2250117892e61900700b34421243310a2ff37e65730ec7b06a49f99b8652,4554,sentence1,15,search,6
60752ede47a1c7c7e736748f17fb04e762cbab1725798183b1dd24bc8bad4d68,what could be causing my toilet to back up ?,60752ede47a1c7c7e736748f17fb04e762cbab1725798183b1dd24bc8bad4d68,21035,sentence2,12,search,5
607dd7ecbe89b760eaf9404f4908ff2749d3cbda47ddc669303f20941cae3f0e,french train derails south of paris,607dd7ecbe89b760eaf9404f4908ff2749d3cbda47ddc669303f20941cae3f0e,32247,sentence2,9,search,3
60af1b1d400cbc60dab1c9fc59431c1e8b68020e1f4b40268ed24b83eb32d7c4,"a physical framework of crossing strips , often wooden",60af1b1d400cbc60dab1c9fc59431c1e8b68020e1f4b40268ed24b83eb32d7c4,20001,sentence1,11,search,5
60bb6c9a732221e7ca90172ffb2f610cb3ed68e3de9d00b7f75a71555c7c285a,A person is wearing a red jacket and holding a beer,60bb6c9a732221e7ca90172ffb2f610cb3ed68e3de9d00b7f75a71555c7c285a,10250,sentence2,13,search,6
60d4a46ed48dccb689cfbce2f88af01e38619781244623022f62b761f7191185,connected to the negative terminal,60d4a46ed48dccb689cfbce2f88af01e38619781244623022f62b761f7191185,8355,sentence2,5,search,5
60d5f794a7fd1a7153a532b0fd156d96e3f3eea23483aa50d10b4190b21a6e66,"the question of time is an incredibly difficult one , which has been treated of philosophers from aristotle to heidegger .",60d5f794a7fd1a7153a532b0fd156d96e3f3eea23483aa50d10b4190b21a6e66,27031,sentence1,32,search,5
60e6f715480bb44b1118b43e5d0427e32f1815e295bc281fd3720176e6597bb4,the act of copying the actions of someone else .,60e6f715480bb44b1118b43e5d0427e32f1815e295bc281fd3720176e6597bb4,4222,sentence1,12,search,5
610ace0cc730e3f40cea54840855ebdbd46d867e945fa984641d3453d8d5b978,an orange tabby cat sleeping on the sofa .,610ace0cc730e3f40cea54840855ebdbd46d867e945fa984641d3453d8d5b978,5244,sentence1,11,search,7
610e7e123fcaf479d6297579df47191f3363bcbc52fa697412eaf3e803b66f2c,"u.s. military says it conducts airstrikes against is in syria , iraq",610e7e123fcaf479d6297579df47191f3363bcbc52fa697412eaf3e803b66f2c,14508,sentence2,30,search,2
6115a411264c73b8229ef4e5ceca4a0dc8208e2f7085c4b1fd76ed56173bb016,so that you will admit and verify that i have made no claim .,6115a411264c73b8229ef4e5ceca4a0dc8208e2f7085c4b1fd76ed56173bb016,11222,sentence2,16,search,5
6170e665d5362ac3c49a80efd3858b37fc7306d89bf57e58d076f96c5a1b85fa,discipline in personal and social activities .,6170e665d5362ac3c49a80efd3858b37fc7306d89bf57e58d076f96c5a1b85fa,8250,sentence1,8,search,5
617aad0fcb65a6f96c546cc74a997ae44b0057e2c51a71d9d2ed1591badee1e6,"a crowd of people stand on a rural road , a field behind them , a forest in front .",617aad0fcb65a6f96c546cc74a997ae44b0057e2c51a71d9d2ed1591badee1e6,4120,sentence2,27,search,4
61809b6e5a55b7c01b4b1e364bfc0d2cdf9ce316dfbb2bbb7c44f67700945d6e,bulbs b and c werer still contained in a closed path with the battery .,61809b6e5a55b7c01b4b1e364bfc0d2cdf9ce316dfbb2bbb7c44f67700945d6e,27446,sentence2,20,search,0
6184e02a5bcf7f614e5561eb62abde79135f12b7b0dc4c95a3b9cb167be0e9ce,the opening page of a web site .,6184e02a5bcf7f614e5561eb62abde79135f12b7b0dc4c95a3b9cb167be0e9ce,7557,sentence2,10,search,5
6191e37b5a7f5f7bb394849ce0af083103cf7f62693c61052df184ca44707d83,rocket fired from gaza damages home in sderot ; none hurt,6191e37b5a7f5f7bb394849ce0af083103cf7f62693c61052df184ca44707d83,21184,sentence1,16,search,3
61a2b98079a111be322f3cbd2f97e67ad87ea64a6e45e5dfa452cf4549a5ec8f,iran arrests several spies near nuclear plant,61a2b98079a111be322f3cbd2f97e67ad87ea64a6e45e5dfa452cf4549a5ec8f,13248,sentence2,12,search,3
61ae123013cc6a8652b59244bd2b7d119174e2029339f5caeca587125b6fc3ea,myanmar government stated myanmar is on track to be drug-free by 2014 .,61ae123013cc6a8652b59244bd2b7d119174e2029339f5caeca587125b6fc3ea,10590,sentence2,20,search,2
61c481f6cce04ae45fa6ee7f63ff852a36fdb44b0d7ec24156a866cefdf3dfd3,polls close in egyptian presidential election,61c481f6cce04ae45fa6ee7f63ff852a36fdb44b0d7ec24156a866cefdf3dfd3,5691,sentence2,12,search,2
620788b919017a7d05efe7760f6b12d32a000e83dce4755bad780ddb383ba383,"teen shot in west bank by israeli military , activists say",620788b919017a7d05efe7760f6b12d32a000e83dce4755bad780ddb383ba383,9573,sentence1,15,search,3
620d594774f59af06c49964ceb1408cb20d08a9f09b91bc087146e587094510b,the ginger in me loves that world 's # 1 bachelor is part of the # gingerfamily,620d594774f59af06c49964ceb1408cb20d08a9f09b91bc087146e587094510b,28160,sentence1,20,search,2
621bcb4d6ec7264f6aca1d9bea396b1a0b285bedeee08e636e34e80847d1dab5,The kangaroo is picking up the woman,621bcb4d6ec7264f6aca1d9bea396b1a0b285bedeee08e636e34e80847d1dab5,16456,sentence2,11,search,1
6245b1dd4ce3da2780a248f98c5a1c7ee15d212681179f0adf4681cd9c3502c1,a very retro living room with a television in it .,6245b1dd4ce3da2780a248f98c5a1c7ee15d212681179f0adf4681cd9c3502c1,10383,sentence2,14,search,4
62677e4c2344df5cf61095f6645ef808f7704bd7287f33949fe306bbb50d1d97,two dogs bound across the grass .,62677e4c2344df5cf61095f6645ef808f7704bd7287f33949fe306bbb50d1d97,35332,sentence2,8,search,7
62734d0c44a8029f22585f73b4fcca0861d99c9e985a1949394ee72ac124568d,wear away or erode .,62734d0c44a8029f22585f73b4fcca0861d99c9e985a1949394ee72ac124568d,36799,sentence2,7,search,5
627decd5d009b9a92929615d564d7890ae7a1c26e47e2354bca53ee619bd8c85,The person is going into the sea,627decd5d009b9a92929615d564d7890ae7a1c26e47e2354bca53ee619bd8c85,17459,sentence1,7,search,6
62c2a21652e4edf3468a954cfca6fe7283cee02750b253d4e9a5d5b3d541d4b9,"no , nothing in the patient protection and affordable care act grants the president transitional authority .",62c2a21652e4edf3468a954cfca6fe7283cee02750b253d4e9a5d5b3d541d4b9,22179,sentence1,20,search,0
62d8af7878e0d5fbe29cd6d2c562815682268d8c442a4c3a47f4553d209ddde0,( cause to ) be overcome with sudden fears,62d8af7878e0d5fbe29cd6d2c562815682268d8c442a4c3a47f4553d209ddde0,199,sentence1,10,search,5
62db14d6139c4842f226a7bbe51a6f1dbfbbe1ae8a6e0a93fb5fe5e74953ab11,the lede blog : live updates on armstrong 's oprah interview,62db14d6139c4842f226a7bbe51a6f1dbfbbe1ae8a6e0a93fb5fe5e74953ab11,36523,sentence1,18,search,2
62f53703e5f34b29650a8356cbb6d11923edd87336880c1f4ca58ce385a9d301,"the standard & poor 's 500 stock index ended the quarter up 120 points , a gain of 14 percent , the best performance for that broad market benchmark since 1998 .",62f53703e5f34b29650a8356cbb6d11923edd87336880c1f4ca58ce385a9d301,12286,sentence1,39,search,2
630601859e78b657f00a919618104e25a1276bea1459e9e328511b56fdb02dd3,two dogs play in a field .,630601859e78b657f00a919618104e25a1276bea1459e9e328511b56fdb02dd3,6499,sentence2,9,search,7
63156aa5a524e5aec80061efb1feed2097a9aa1b99ac390b38101f40373e31df,a cyclical span of time defined by a calendar system,63156aa5a524e5aec80061efb1feed2097a9aa1b99ac390b38101f40373e31df,19325,sentence2,14,search,5
632cba316f2e65c99f5677e1bff612955a22b2c9f22c22a79820b48bd4cf3095,A girl is playing a flute,632cba316f2e65c99f5677e1bff612955a22b2c9f22c22a79820b48bd4cf3095,12893,sentence2,7,search,1
6331d43864f85acb80dcdd3422baa74180285b60e660d3843a8f573cc3f8056a,helicopter crashes near rail station in london,6331d43864f85acb80dcdd3422baa74180285b60e660d3843a8f573cc3f8056a,2263,sentence2,10,search,3
6343d1e09edf86f79ee8dd9b7cf5a0c94880dba1b82cf8fa7231080bc9760a23,although truth is a the higher standard ... : readers sue lance armstrong for book refund after doping admission,6343d1e09edf86f79ee8dd9b7cf5a0c94880dba1b82cf8fa7231080bc9760a23,36476,sentence2,26,search,2
635db3ab24fe151d77342554a7b98e7710ab5063f66317255bb4f5cb06c8115a,everyone else at the current prosperity level of mexico .,635db3ab24fe151d77342554a7b98e7710ab5063f66317255bb4f5cb06c8115a,26356,sentence1,13,search,2
63701ecfa9479a262b3099ff239403ee73b8d7ca199767abcfd3837c07c4c932,"i see , we 've change the direction of debate because the other was fruitless ?",63701ecfa9479a262b3099ff239403ee73b8d7ca199767abcfd3837c07c4c932,27528,sentence2,22,search,5
63757f7fa02599cf4e00cdc8f0bdb218da0ede6ac3f67f9c97c7b382d80eb82b,The dog plays in the park.,63757f7fa02599cf4e00cdc8f0bdb218da0ede6ac3f67f9c97c7b382d80eb82b,21564,sentence2,7,search,7
6377003bb48c447cc801ccd05048ceb58b83dd639154d329c57c84f6de1fab94,nelson mandela in hospital for tests,6377003bb48c447cc801ccd05048ceb58b83dd639154d329c57c84f6de1fab94,37944,sentence1,11,search,3
63781685d8f0023f5ae6566a4e3f2ef306cbdadfa2bafce771515403c4716f91,"organize anew , as after a setback ; collect or compose oneself .",63781685d8f0023f5ae6566a4e3f2ef306cbdadfa2bafce771515403c4716f91,6836,sentence1,21,search,5
63ac0bd709618c63cecef03f4806ad4206933c07f1e46d97264e1a52737f64d0,"mr president , i should like to take the defence of workers in this sector .",63ac0bd709618c63cecef03f4806ad4206933c07f1e46d97264e1a52737f64d0,19393,sentence1,21,search,2
63b5a466c44b3dac529768d0939cc9c4be83d211b5c3c3d4adefc6bdab1a0e24,the definition of a term depends on the application .,63b5a466c44b3dac529768d0939cc9c4be83d211b5c3c3d4adefc6bdab1a0e24,12102,sentence2,12,search,5
63c9b2024256c0df68b81ac3561a6990336a8a4c5da70fa6a5fb7995d25ddbfd,A red and brown dog is digging its nose inside the holiday gift bag,63c9b2024256c0df68b81ac3561a6990336a8a4c5da70fa6a5fb7995d25ddbfd,3603,sentence2,14,search,7
63d2a0f4776f38d6c3bef319e73a124adf05319c978cd8156d9c5476ca85dfd7,putin warned that russia would take retaliatory actions .,63d2a0f4776f38d6c3bef319e73a124adf05319c978cd8156d9c5476ca85dfd7,4629,sentence2,15,search,2
63d926133fade746a50ff7ab9002f40582a0f31dbe5a817f63b8cd8639e8ad03,"the short answer is that yes , you can do this .",63d926133fade746a50ff7ab9002f40582a0f31dbe5a817f63b8cd8639e8ad03,31829,sentence1,14,search,5
63f541d18105276dbbd40ca68e27e3094c73d3e406d4a5538c207af008ee08ce,The interviewer is granting a break to the man,63f541d18105276dbbd40ca68e27e3094c73d3e406d4a5538c207af008ee08ce,28240,sentence2,12,search,6
64061491605568014d42ac2f331f088bd9a2a2cd733d1e7fde32c7ad0b5414ff,a black and tan dog looks at a black sheep .,64061491605568014d42ac2f331f088bd9a2a2cd733d1e7fde32c7ad0b5414ff,17752,sentence2,16,search,7
6418beaa58305b03aacdff8dddc3a49009b2341d06296bcc7620b2317fc0264f,Obama rejects GOP offer to ease shutdown,6418beaa58305b03aacdff8dddc3a49009b2341d06296bcc7620b2317fc0264f,21172,sentence2,8,search,0
6423fb98b24ff6798162d1388a4091822985806009c9bf3aa8ecc5ce439ce9f9,the no-shows were sens. john kerry of massachusetts and bob graham of florida .,6423fb98b24ff6798162d1388a4091822985806009c9bf3aa8ecc5ce439ce9f9,26122,sentence1,32,search,2
6448226f10819e4401ee6bb4adb2f85ada98396746665e7ef0e2f9e28c6babb0,titanic violin nabs record $ 1.4 million,6448226f10819e4401ee6bb4adb2f85ada98396746665e7ef0e2f9e28c6babb0,9240,sentence1,11,search,2
6471b0ae93827ef40edab6d662b54ecc30e976f0dc6f1e37f0d95b9240ec3551,burma 's aung san suu kyi to address parliament on june visit,6471b0ae93827ef40edab6d662b54ecc30e976f0dc6f1e37f0d95b9240ec3551,11542,sentence2,25,search,2
648a1d10c0458ed6df209e6c39902be863a1a4652acc524e5ca29fdee068cf78,at least 28 people die in chinese coal mine explosion,648a1d10c0458ed6df209e6c39902be863a1a4652acc524e5ca29fdee068cf78,9440,sentence2,13,search,3
64a19eb34baddee4d1b0e011355e5f44dc9515ccf81ed1ab9fbb8a874f4837c2,make a dry crackling sound .,64a19eb34baddee4d1b0e011355e5f44dc9515ccf81ed1ab9fbb8a874f4837c2,151,sentence2,9,search,5
64b16247f5e8c830ea7f7a653e2f794e906858b855fd7eb3176d75edcf187706,Two girls are playing inside a jumper house,64b16247f5e8c830ea7f7a653e2f794e906858b855fd7eb3176d75edcf187706,34284,sentence1,10,search,4
65137e2d66ce5f6b303800e1a080986ef309a6549319b2c8780fc95eeae4f396,A person is tearing sheets,65137e2d66ce5f6b303800e1a080986ef309a6549319b2c8780fc95eeae4f396,20612,sentence1,6,search,1
6528384db32204a0afeb800d2913546763d6baf9da76d1b4a245313c076f2146,A dog with long hair and a red vest is running in the grass,6528384db32204a0afeb800d2913546763d6baf9da76d1b4a245313c076f2146,21607,sentence1,15,search,7
6549d3f571c35dd3327528f5b1b1f0a4c97be0e8fb185b1b7f6855f8a07a0b50,the dog carrying a long stick in its mouth .,6549d3f571c35dd3327528f5b1b1f0a4c97be0e8fb185b1b7f6855f8a07a0b50,12203,sentence2,12,search,7
6551ce930803443ec61fcfca6518cb2ac4696ca5f2c4247c214d323f288089d6,break from a meeting or gathering .,6551ce930803443ec61fcfca6518cb2ac4696ca5f2c4247c214d323f288089d6,13452,sentence1,9,search,5
6555b8537c6213b40f72c254085bce435470a4a593d98114c52daa526d87d4d6,interior 's ken salazar stepping down,6555b8537c6213b40f72c254085bce435470a4a593d98114c52daa526d87d4d6,1180,sentence2,12,search,3
656c113331efdbd9b3bc8620c6f6b272349f74af9382a78a8c5d8f93e2d8e3ec,i am calling bs ! ! ! nytimes : morsi says his slurs of jews were taken out of context,656c113331efdbd9b3bc8620c6f6b272349f74af9382a78a8c5d8f93e2d8e3ec,17292,sentence1,38,search,3
658ebff2e9aa094bed3016211f6d6717bedc9e2fd38073e49899a7af4504581d,supporters asked a federal court monday to block the removal of a ten commandments monument from the alabama judicial building .,658ebff2e9aa094bed3016211f6d6717bedc9e2fd38073e49899a7af4504581d,23338,sentence1,32,search,2
65ad64d897e0a0a24c4f752a074b1e80e5f0431f515e517104cc8f0cbda42fb9,furnish with spars .,65ad64d897e0a0a24c4f752a074b1e80e5f0431f515e517104cc8f0cbda42fb9,11518,sentence2,6,search,5
65b35e6796f9e7177ad55a5b8c166710160cfde1bf4bd57660cc25d45a5db185,the tan dog runs through the leaves .,65b35e6796f9e7177ad55a5b8c166710160cfde1bf4bd57660cc25d45a5db185,5305,sentence2,11,search,7
65df901aebf56f42c9c1fcccce7ba022f13f23da4e4c4e00356b15d0ac5605c7,Eggs are being cracked into a bowl by the woman,65df901aebf56f42c9c1fcccce7ba022f13f23da4e4c4e00356b15d0ac5605c7,26215,sentence1,12,search,1
65e03553f6dbadf9e6f5ebbd8703f1afa39384a7613b629ac27ee0e4abb64041,A dog in a colored coat is running across the yard,65e03553f6dbadf9e6f5ebbd8703f1afa39384a7613b629ac27ee0e4abb64041,16242,sentence1,12,search,7
65f3c42535fd6ff5a0266f32e76a19871f84db7824719476e91ba98495773850,"blizzard wallops us northeast , closes roads",65f3c42535fd6ff5a0266f32e76a19871f84db7824719476e91ba98495773850,29076,sentence1,13,search,3
66017b46368b911f511011ecf94c4a8e458aab025c81d8b5df21b5d08dc3bb87,"the ideology was built around violent expansion , so yes - violent expansion .",66017b46368b911f511011ecf94c4a8e458aab025c81d8b5df21b5d08dc3bb87,8259,sentence2,17,search,2
66152dfdfc7ba9318adcef339550875f5d48ce264bf6fb8389fdd40867d9d7b1,the process of becoming less or smaller,66152dfdfc7ba9318adcef339550875f5d48ce264bf6fb8389fdd40867d9d7b1,18406,sentence1,7,search,5
662a9e326f727f51ab5c3b7d8f6ce000e3c43ddced08737e4cd64822092ee33a,a close-up of a brown horse 's head .,662a9e326f727f51ab5c3b7d8f6ce000e3c43ddced08737e4cd64822092ee33a,6385,sentence1,16,search,7
6639b186f51898856876c99f0c53b9c7c46292bcf5c9600fbb6e5dd62704bd21,A homeless man is putting down a sign and refusing some charity,6639b186f51898856876c99f0c53b9c7c46292bcf5c9600fbb6e5dd62704bd21,21399,sentence1,15,search,6
667c02fec066000a0114bf0cd7a1f39629d3f1e4a9a445ea4778b61bb9fe56b1,three men are on stage playing guitars .,667c02fec066000a0114bf0cd7a1f39629d3f1e4a9a445ea4778b61bb9fe56b1,9245,sentence2,10,search,4
66f6925843ace35a6943590f4d02da865e05b6392ca134cb2dd062ae5d55b5a2,A horse and its rider are leaping quickly over a barrier,66f6925843ace35a6943590f4d02da865e05b6392ca134cb2dd062ae5d55b5a2,1844,sentence2,14,search,4
67108d8cbafac7288d14eadc1eb6af0ffeb150fc925972b6c91b052412d94b25,A boy is talking to a leaf,67108d8cbafac7288d14eadc1eb6af0ffeb150fc925972b6c91b052412d94b25,78,sentence2,8,search,4
671f1a71f76d5f2806740dfb2d510404c9ed680dd39d3ac9c922d008610ac7eb,dreamliner fix : ' it 's not easy ' - this a big mess that is not easy .,671f1a71f76d5f2806740dfb2d510404c9ed680dd39d3ac9c922d008610ac7eb,3442,sentence2,29,search,5
67202f89e55a180b6c63e8773dcb871467ac34b7066786d07625600a07764508,the boy in the orange shirt is throwing the ball .,67202f89e55a180b6c63e8773dcb871467ac34b7066786d07625600a07764508,7056,sentence1,12,search,4
672981198b5b530d1d4470d7b233d9a4f6cbf2b5245144fc71c3897c32c2f0b5,foreign exchange rates in singapore,672981198b5b530d1d4470d7b233d9a4f6cbf2b5245144fc71c3897c32c2f0b5,10012,sentence2,7,search,2
673afe1df4d29358cc579114e85ce5421755ff9c6db393a6d343426e6b87b4d5,in a statement naif arab academy for security sciences announced-- it will sponsor a 2-week workshop for 50 anti-terrorism experts .,673afe1df4d29358cc579114e85ce5421755ff9c6db393a6d343426e6b87b4d5,34322,sentence1,32,search,2
6747375f2e7cdb0b947131e4b4767fec9fc23c12c04a232d3962f088e15948b8,"sean harrigan , president of the california public employees ' retirement system , also suggested paring the nyse 's 27-member board and allotting more seats to investors outside the securities industry .",6747375f2e7cdb0b947131e4b4767fec9fc23c12c04a232d3962f088e15948b8,2009,sentence2,56,search,2
675a49c656590b2060565707174ab4f3d9ef383cb4f87219ce36433e933824f7,"@ cicerone imposter , frank , i observe and perceive .",675a49c656590b2060565707174ab4f3d9ef383cb4f87219ce36433e933824f7,8384,sentence2,22,search,5
675c592e5c60502113f89a1366a9a2c4be719e0aa8de1790bcebcfe864ace891,adapt or conform oneself to new or different conditions .,675c592e5c60502113f89a1366a9a2c4be719e0aa8de1790bcebcfe864ace891,9317,sentence2,12,search,5
678ab0c83bb43afd737d82a030c814198ed76358aea8e3e8e0b95613aa34ad09,sendmail said the system can even be set up to permit business-only usage .,678ab0c83bb43afd737d82a030c814198ed76358aea8e3e8e0b95613aa34ad09,10224,sentence1,18,search,2
6792907e2e2a7f19ea4233c738ad3d111ab1c2f3599151988ddd67de36ea6b4d,now she has her first trophy after victory in the us women 's amateur public links here on sunday .,6792907e2e2a7f19ea4233c738ad3d111ab1c2f3599151988ddd67de36ea6b4d,36209,sentence1,24,search,1
67afc9fb20a39e06da52bce90faa029739ee8166b9cd6e2f1ec69f92e5b72b80,google invests 200 million usd in texas wind farm project,67afc9fb20a39e06da52bce90faa029739ee8166b9cd6e2f1ec69f92e5b72b80,5231,sentence1,15,search,2
67c4413c0f7323caf7914435811a5c90b19f0cda34a28350dbcf03db2f3945ef,There is no man walking in the rain,67c4413c0f7323caf7914435811a5c90b19f0cda34a28350dbcf03db2f3945ef,1269,sentence2,8,search,0
67d4f4d2034efe86d26c9ca69ad87c83375fccb16d966ff12f288830967c220e,halliburton 1q income rises 23 pct,67d4f4d2034efe86d26c9ca69ad87c83375fccb16d966ff12f288830967c220e,181,sentence1,14,search,2
680479730f9f7a9079cbcf6c6a0efd75af0e3873764a3cd4c04b3f510e21451e,A tiger is walking outside a cage,680479730f9f7a9079cbcf6c6a0efd75af0e3873764a3cd4c04b3f510e21451e,4618,sentence2,10,search,7
680af53d3ec1bba8069a345987a7abb6dd31fd8691afefa0a347e89f4dd17208,the battery is contained in the circuit and the light bulb is not,680af53d3ec1bba8069a345987a7abb6dd31fd8691afefa0a347e89f4dd17208,10730,sentence1,13,search,0
68311684ce357c842fc0d8956b3ac70772dab1db2ce14ebee82abc5142bfe2fb,the act of giving a false appearance .,68311684ce357c842fc0d8956b3ac70772dab1db2ce14ebee82abc5142bfe2fb,595,sentence2,10,search,5
68357744ebff45eb31faa6f529c9c3c3b525306c4878e9550cf10540030406af,the bulb is not fully in the path of the circuit,68357744ebff45eb31faa6f529c9c3c3b525306c4878e9550cf10540030406af,1519,sentence1,11,search,0
683ff768a292139aa3af60b7eeb3658f390c82e0055a7584bacb0d62480cde54,a man is sprinkling seasoning on several split and buttered loaves of bread .,683ff768a292139aa3af60b7eeb3658f390c82e0055a7584bacb0d62480cde54,9662,sentence2,23,search,6
68582d6ebeb515aedb9804b5069a00e54be6893345a257cb388e9e55a2a895c0,the answer to your question is not really .,68582d6ebeb515aedb9804b5069a00e54be6893345a257cb388e9e55a2a895c0,10256,sentence1,10,search,5
687053049e9079af8d624bf2c9cd13fc2f9644e217f2a8bc314d887283dccc28,syrian forces kill 54 ahead of annan peace mission,687053049e9079af8d624bf2c9cd13fc2f9644e217f2a8bc314d887283dccc28,30435,sentence1,14,search,3
6887032a3415c8a16b720e8701095afc3bb67c127abc9d52b7cf22d050a8c481,bombings kill 19 people in iraq,6887032a3415c8a16b720e8701095afc3bb67c127abc9d52b7cf22d050a8c481,17045,sentence2,12,search,3
689933bf3d91e3ce134bd9e392b3bb8f72857052a94656b428ba59d4f8f0d30b,A surfer is surfing a huge wave,689933bf3d91e3ce134bd9e392b3bb8f72857052a94656b428ba59d4f8f0d30b,9821,sentence1,9,search,6
68a448083bdf0829726c5e162f0f826fa0d27d1b0b328dcdc47a41161db5b9df,A toddler is sitting in a seat,68a448083bdf0829726c5e162f0f826fa0d27d1b0b328dcdc47a41161db5b9df,34077,sentence1,8,search,4
68c1c8260543a92230a7b32b9080161775b81e57840af10dd45833a48e11dffe,the man poses for a photo in front of the train .,68c1c8260543a92230a7b32b9080161775b81e57840af10dd45833a48e11dffe,4088,sentence2,14,search,6
68d782318933226e90261e39408c292ea162ef4cd6cb419135df5e8632f4c278,facebook earnings jump 63 % as mobile ads accelerate,68d782318933226e90261e39408c292ea162ef4cd6cb419135df5e8632f4c278,33046,sentence2,11,search,2
690319806c83a7dc7016038741fffbb7630c96da7563d575861be23a91f43f69,A man is diving into the water,690319806c83a7dc7016038741fffbb7630c96da7563d575861be23a91f43f69,22397,sentence1,7,search,6
6919656d4399f679f5e37850d7d8cbfdf1a331f55304da4d15c38f30486432ac,"immerse or be immersed in a boiling liquid , often for cooking purposes .",6919656d4399f679f5e37850d7d8cbfdf1a331f55304da4d15c38f30486432ac,22422,sentence2,20,search,5
6927f59b868c8fc65b13bcbc37fda5163a6ac5c36c1b229c1f25eb8a41f89fe4,A group of Asian girls are standing together,6927f59b868c8fc65b13bcbc37fda5163a6ac5c36c1b229c1f25eb8a41f89fe4,689,sentence1,8,search,4
6948162b3bc6d405d40af302780b9a450c591d19614a8a0ead3c72a4c0ac978a,russians in damascus !,6948162b3bc6d405d40af302780b9a450c591d19614a8a0ead3c72a4c0ac978a,31721,sentence2,12,search,2
6950de132bf5507ee10569024ba965730ca46079bff7dedd460b36f3307eea1a,The train is riding on the tracks in the snow.,6950de132bf5507ee10569024ba965730ca46079bff7dedd460b36f3307eea1a,8743,sentence1,11,search,4
6953faf1caa1961bfcca1c736ae914a9ab09b80d0f0d2256b9046c4678d04962,eu renews sanctions against zimbabwe,6953faf1caa1961bfcca1c736ae914a9ab09b80d0f0d2256b9046c4678d04962,3315,sentence1,11,search,2
6980f24250d0d272b79266caef62c7507c2b69f0c064a7d40a107e2e334f439a,The teenage girl is wearing beads that are red,6980f24250d0d272b79266caef62c7507c2b69f0c064a7d40a107e2e334f439a,6079,sentence1,9,search,1
69cc480c81b46c6786066d948e50dda3ad766fe8daa22e2722af684622a9d006,a competitor most likely to win,69cc480c81b46c6786066d948e50dda3ad766fe8daa22e2722af684622a9d006,16376,sentence2,7,search,2
69d4e81d570b38f78f80abcaa11b0ef73c0ee999178cd7a787507fadecd5657e,"beyond the geographical division , the divisions recur at local level .",69d4e81d570b38f78f80abcaa11b0ef73c0ee999178cd7a787507fadecd5657e,33028,sentence2,17,search,5
6a2dbc3d748e30c652ed755a28af206dacd31109e0559da519b5965e3c36c921,drafting has changed dramatically with the new collective bargaining agreement .,6a2dbc3d748e30c652ed755a28af206dacd31109e0559da519b5965e3c36c921,4116,sentence2,14,search,2
6a3258a9944460c520f4fb5adb556e2463b201d502fbe9169e78960f4269c159,it runs on a different current,6a3258a9944460c520f4fb5adb556e2463b201d502fbe9169e78960f4269c159,17277,sentence1,7,search,5
6a63356671bd34b37da6c8d567c52d6eee4b62168515fb7f346011f6a9a34277,a dog swimming in a pond,6a63356671bd34b37da6c8d567c52d6eee4b62168515fb7f346011f6a9a34277,353,sentence2,9,search,7
6a6a5f6cc41f28b9075b8f203bf5e4492abbda10c86fec02f9c2b0a67df6b428,A woman is cutting a block of tofu into small cubes.,6a6a5f6cc41f28b9075b8f203bf5e4492abbda10c86fec02f9c2b0a67df6b428,22604,sentence1,17,search,1
6a89e978b236645468d883ed99166f7029cbba09a48b5d7fb9b8229da851b4fb,"pardon the brevity of this answer , but i would say "" named "" is preferred within the context of your example .",6a89e978b236645468d883ed99166f7029cbba09a48b5d7fb9b8229da851b4fb,3492,sentence2,30,search,5
6aaddd70b3ed3f4992ef9c2a1bfc8c1262e881cd593069a53e6ea9f8f25f098f,amount of time that something is postponed,6aaddd70b3ed3f4992ef9c2a1bfc8c1262e881cd593069a53e6ea9f8f25f098f,15513,sentence1,10,search,5
6aeb80b95552e2b94a63708ab05cca2890042247e06ec70fb952720bd62ae6fe,two women stand in a living room with a black dog .,6aeb80b95552e2b94a63708ab05cca2890042247e06ec70fb952720bd62ae6fe,8002,sentence2,15,search,7
6af19aae69c93d0f53a414521599c51a1cb0e794ef92b9ae5a964d90a830163b,a squirrel is spinning around in circles .,6af19aae69c93d0f53a414521599c51a1cb0e794ef92b9ae5a964d90a830163b,35012,sentence1,10,search,7
6b274609004d666718e17b7c1269acdc6d4363eb38050dc92b53e09245316b6d,A woman is dancing beautifully in a cage,6b274609004d666718e17b7c1269acdc6d4363eb38050dc92b53e09245316b6d,12095,sentence1,9,search,1
6b2ee311784b9c5f599ba7a82e91ca6b57e9619424e110ca77eaf034a331bdf8,i think you 're looking for mikey ( 1992 ) .,6b2ee311784b9c5f599ba7a82e91ca6b57e9619424e110ca77eaf034a331bdf8,14704,sentence1,17,search,5
6b3ce1f9066813693bfdac381df17f2bdc3047a06e72187d02a608ba24ed618b,"if the government provides health care , whether spelled out in this bill or not , it will ration the care .",6b3ce1f9066813693bfdac381df17f2bdc3047a06e72187d02a608ba24ed618b,9165,sentence1,29,search,2
6b3da02099534563adbc4c93bbca9e84db875c2a56f1f6a2981680b77c57222f,A man is standing in the snow at the edge of a mountain,6b3da02099534563adbc4c93bbca9e84db875c2a56f1f6a2981680b77c57222f,3029,sentence2,14,search,6
6b613ad32a58a2b2b2265ad5d082418bb9ab96658c52530cf47743f1759f2cf4,A man is performing today.,6b613ad32a58a2b2b2265ad5d082418bb9ab96658c52530cf47743f1759f2cf4,1121,sentence1,6,search,6
6ba705cdcd9a45ceccde2b47f2299e473b0b50d5cc8be20af307e5d4f296ff5e,"pentagon breaking news , this going to be a big debate .",6ba705cdcd9a45ceccde2b47f2299e473b0b50d5cc8be20af307e5d4f296ff5e,14556,sentence2,17,search,2
6bf7e2947394182f0e37a529dfa62f97068b181f1746cd4d83f4f22646e66ccb,the battery will have a different electrical state than the circuit,6bf7e2947394182f0e37a529dfa62f97068b181f1746cd4d83f4f22646e66ccb,24264,sentence1,12,search,5
6bfec8ae03589b7b0f1fddee880aba1285dc5b8a5621e917db493971fa24fc69,A boy is laying down a hose next to a man and another boy is running away,6bfec8ae03589b7b0f1fddee880aba1285dc5b8a5621e917db493971fa24fc69,16291,sentence2,21,search,4
6c0d94531b8c6ceb98d9aa988856e9b01a82403aaa2ac45d699609d65d9dca05,police converge on street in search for boston bomb suspect,6c0d94531b8c6ceb98d9aa988856e9b01a82403aaa2ac45d699609d65d9dca05,2236,sentence1,12,search,3
6c18abee7656bdffab32809f4d6540c4fef2d44b8e0feaa9aed5d60a33105f10,bulb a is in the closed path,6c18abee7656bdffab32809f4d6540c4fef2d44b8e0feaa9aed5d60a33105f10,26586,sentence2,8,search,0
6c1fa0a9136532403f3adaf755d3cdea772d2c8510e9e1c706742dd15ec3b2a6,hague ' concerns over conduct ' of zimbabwe election,6c1fa0a9136532403f3adaf755d3cdea772d2c8510e9e1c706742dd15ec3b2a6,24133,sentence2,15,search,2
6c2850a318f462a7f2e959e63b35f08eaaf7b1bbdfa5bf32402a63202882aefb,a nuclear weapon explodes in a desert .,6c2850a318f462a7f2e959e63b35f08eaaf7b1bbdfa5bf32402a63202882aefb,18578,sentence2,12,search,3
6c293bb5e3fc01eafbf241d70ad0dcfbc66faa5e9e0d942b0d2cd5167f46c247,asked many people ( including yours truly ) if # lancearmstrong deserves another chance . interesting views,6c293bb5e3fc01eafbf241d70ad0dcfbc66faa5e9e0d942b0d2cd5167f46c247,19539,sentence2,24,search,2
6c4d29b6ad7473f975ebcfc8bb17e4b004f8d78c43446358230a90fc5f18115c,israel finds bodies of three missing teens in west bank,6c4d29b6ad7473f975ebcfc8bb17e4b004f8d78c43446358230a90fc5f18115c,21418,sentence1,11,search,3
6c5ba10cd3e236b503941a28cadea4ae4b6c6c3590ee0613a34056fcfa9589e5,"the history of temp agencies : using the sexism of the ' 60s to expand "" right under the noses of powerful labor unions . """,6c5ba10cd3e236b503941a28cadea4ae4b6c6c3590ee0613a34056fcfa9589e5,32088,sentence1,36,search,2
6c9890d079c4a2970edf22d50fe0e9c35fb89cab4ec1bc6cd80147be999068e4,A man is idling on the floor,6c9890d079c4a2970edf22d50fe0e9c35fb89cab4ec1bc6cd80147be999068e4,12184,sentence2,10,search,6
6ca375db46c68dac3a4c0ae3ab97ff4bb9f4c2e3513e11b362d630c517d111d8,some refused to go because they didn 't want to be killed .,6ca375db46c68dac3a4c0ae3ab97ff4bb9f4c2e3513e11b362d630c517d111d8,5289,sentence1,16,search,3
6cc7cc8ddf08484cbcd679e7fe0c59a0aa954c461604dc1bb6db4f7cb6919365,"the word "" cable "" has its origins in the days of the telegraph .",6cc7cc8ddf08484cbcd679e7fe0c59a0aa954c461604dc1bb6db4f7cb6919365,21022,sentence2,19,search,5
6cead2f24b0308defee81123095dd84d9c25cc8b62e43eb5873aca481c27de9b,"no country is perfect , but this country is far and away better than any other on earth .",6cead2f24b0308defee81123095dd84d9c25cc8b62e43eb5873aca481c27de9b,26275,sentence2,21,search,2
6cf15517dffa4163fe35e1906b290433b793886ff8d4299722d439717189851b,ann romney has never had to get out and be a part of the workforce .,6cf15517dffa4163fe35e1906b290433b793886ff8d4299722d439717189851b,29138,sentence2,21,search,0
6cfdfdef2c08d5a7ffdea05a2a89c829adcc6e835561c779b2d7869d08c49b3b,the white airplane is flying in the sky .,6cfdfdef2c08d5a7ffdea05a2a89c829adcc6e835561c779b2d7869d08c49b3b,26081,sentence1,10,search,4
6d1690f421ebf503ef692d32b8cd9778b85309e57c3b28df26b77d067d479300,another migrant ship capsizes off italy,6d1690f421ebf503ef692d32b8cd9778b85309e57c3b28df26b77d067d479300,2699,sentence2,12,search,3
6d17e13cabe68a8618d1a3f07b4b310199d694c30af24ebbd5974318d3f2d27e,bulbs a and b are still contained on a closed path with the battery,6d17e13cabe68a8618d1a3f07b4b310199d694c30af24ebbd5974318d3f2d27e,8795,sentence1,17,search,0
6d41b668783927396961aa4602ec35311eda2fa8ecf99976caf04a391669640d,There is no dog chasing another or holding a stick in its mouth,6d41b668783927396961aa4602ec35311eda2fa8ecf99976caf04a391669640d,69,sentence1,15,search,0
6d57afbf5f63754de80cabd35f31c3b7287ba0896ef66105ec7b0f12140aa59d,madoff 's brother to plead guilty to fraud,6d57afbf5f63754de80cabd35f31c3b7287ba0896ef66105ec7b0f12140aa59d,33075,sentence2,12,search,3
6d5848e75b868ffb9ce972ceff0ef861535c3b9aabb6954d5d61a592c62a70be,The black and white bull is looking at the camera.,6d5848e75b868ffb9ce972ceff0ef861535c3b9aabb6954d5d61a592c62a70be,13588,sentence2,11,search,7
6d8a4af68e1427d220498bcd528e32052f08d6e94db3df7db42165392744dc5c,A woman on a rock is standing and looking around,6d8a4af68e1427d220498bcd528e32052f08d6e94db3df7db42165392744dc5c,21241,sentence2,11,search,1
6da9ae975156084cec143174543f5b6186c199dfe41bbb978f5c600a5f0dbd98,"sorry for your loss , this could be handy .",6da9ae975156084cec143174543f5b6186c199dfe41bbb978f5c600a5f0dbd98,18412,sentence2,12,search,5
6dad0eec79365b7c8d97ccb8b731d6b5b790b982497f99beaa501e65d4bebbeb,A man is cutting an onion,6dad0eec79365b7c8d97ccb8b731d6b5b790b982497f99beaa501e65d4bebbeb,2883,sentence2,6,search,6
6dcbe4929a1031cdf1093497d96ddcf2382af261bfde1aa451578530b52b624f,A woman is playing a guitar which is electric,6dcbe4929a1031cdf1093497d96ddcf2382af261bfde1aa451578530b52b624f,2119,sentence1,10,search,1
6dece0f0fb49ab79c34a33d727c452d690a9f6eb8c90e574a7706a77260a57b9,A man is talking.,6dece0f0fb49ab79c34a33d727c452d690a9f6eb8c90e574a7706a77260a57b9,4481,sentence1,5,search,6
6df5bdc8bae4adb9617ff2383f5a970d8985b041178b049aaa1c73aa325a7cec,"Iran, world powers agree nuclear deal",6df5bdc8bae4adb9617ff2383f5a970d8985b041178b049aaa1c73aa325a7cec,34186,sentence1,7,search,2
6dfecd5e01ffe05532cb11998bb92ebdc65fde065b149c1f18ba7c01a972d102,piers morgan questioned by police,6dfecd5e01ffe05532cb11998bb92ebdc65fde065b149c1f18ba7c01a972d102,18304,sentence1,10,search,2
6e20540972917765e8a3fc0c3376b0d77db8460d85773d9c76b637992e744086,there are quite a few things you would need to do ;,6e20540972917765e8a3fc0c3376b0d77db8460d85773d9c76b637992e744086,33310,sentence1,14,search,5
6e2641c34df584599b6c39b1e41f8b57a9c14d5d21de24f61754d711cebb8b2c,A sports uniform is being worn by a man who is running down the field,6e2641c34df584599b6c39b1e41f8b57a9c14d5d21de24f61754d711cebb8b2c,23455,sentence1,16,search,6
6e55c72c50f566d62927be131787139c00e44f9f5974f5e8c8fc805940fb53a6,two men standing on beach .,6e55c72c50f566d62927be131787139c00e44f9f5974f5e8c8fc805940fb53a6,1363,sentence1,7,search,4
6e95a8d94c704a33a03604b20eae4cce14f0909848f6f65afd19d66917aaaaa9,prove or suggest to be false or incorrect .,6e95a8d94c704a33a03604b20eae4cce14f0909848f6f65afd19d66917aaaaa9,8574,sentence1,10,search,5
6e9e07fbd52b5fc4ec1c34ed107115098c4cb9e0f62e61aedeb3b39f43fedae9,he projected vanderpool will be available within the next five years .,6e9e07fbd52b5fc4ec1c34ed107115098c4cb9e0f62e61aedeb3b39f43fedae9,3273,sentence1,16,search,2
6ea1fa381886df24f5e4f416a0c68791015cf3e8fd5d93dfdaa321d03fef4d20,us supreme court limits president 's recess appointments power,6ea1fa381886df24f5e4f416a0c68791015cf3e8fd5d93dfdaa321d03fef4d20,25102,sentence2,14,search,2
6ec84ae8b811672fee60c954387cbf7453ebbe1a8a9519b3421a046a6cca0848,"my best , kutte my ex-fiance wouldn 't use the va or navy doctor 's .",6ec84ae8b811672fee60c954387cbf7453ebbe1a8a9519b3421a046a6cca0848,34366,sentence2,28,search,0
6ed0d8ca548b1081b7beaefc4d01501b2880d3d7783731b47c9de09cf7ffd9d7,Six children are cleaning a room.,6ed0d8ca548b1081b7beaefc4d01501b2880d3d7783731b47c9de09cf7ffd9d7,15298,sentence1,8,search,4
6ed1e0a9fd632eefaee7762517a51b37019d26b234a9ee916ccce1efa9bddf03,a distinctive style of clothing,6ed1e0a9fd632eefaee7762517a51b37019d26b234a9ee916ccce1efa9bddf03,602,sentence1,6,search,5
6ee269564b37d75c5bca3dc325db766d7000fbb2c9c4c5fe3b058d3bdb971a88,A group of children in uniforms is standing at a gate and one is kissing the mother,6ee269564b37d75c5bca3dc325db766d7000fbb2c9c4c5fe3b058d3bdb971a88,1046,sentence2,20,search,4
6eec4aeb2662441de75988b9a22b5d90107ecdc8c5d6c791e262e2b1e6cbfc7a,A young child is wearing boots made of green rubber and playing in a puddle full of mud,6eec4aeb2662441de75988b9a22b5d90107ecdc8c5d6c791e262e2b1e6cbfc7a,24695,sentence2,22,search,4
6efc50b2f6e79243a3b32db581ab3800834793a87210057a07cff1788c7bf157,can you do it ?,6efc50b2f6e79243a3b32db581ab3800834793a87210057a07cff1788c7bf157,7422,sentence2,6,search,5
6f020ff4c540b023098076668d4d7787d54f3baad3714c359a273e625272aad8,A woman is crouching down next to a dog and is smiling at a young girl sitting on the sidewalk,6f020ff4c540b023098076668d4d7787d54f3baad3714c359a273e625272aad8,22269,sentence1,25,search,1
6f06fb51f40c009ae36fcb8eb7350d1156b013472a0b9b6d627249daecc4ffa1,A man in a black jersey is standing in a gym,6f06fb51f40c009ae36fcb8eb7350d1156b013472a0b9b6d627249daecc4ffa1,18303,sentence2,13,search,6
6f1042ad3dd80fbc4a7c2068f4b7cf3119399b8f52dcb2a4411a4dcb0e0f0609,greece to vote on 2013 budget,6f1042ad3dd80fbc4a7c2068f4b7cf3119399b8f52dcb2a4411a4dcb0e0f0609,7711,sentence1,9,search,2
6f13c723bccf171e20d4cde2675d35d4d9154dfd3283dc7854c5215f571bfbc1,There is no young boy playing a wind instrument,6f13c723bccf171e20d4cde2675d35d4d9154dfd3283dc7854c5215f571bfbc1,5023,sentence2,10,search,0
6f3d2286e4d9dcc89feb5a0e9a2009e409f6f567d9b05494bcffb088758db544,a man sliced a plastic bottle with a sword .,6f3d2286e4d9dcc89feb5a0e9a2009e409f6f567d9b05494bcffb088758db544,27391,sentence2,15,search,6
6fa323be8744565165f47909e861e034fe010a18bc12408e313d1576207dce28,how long should i wait for plaster to dry / cure between coats ?,6fa323be8744565165f47909e861e034fe010a18bc12408e313d1576207dce28,24320,sentence1,18,search,5
6fa55e4c81689671d0fb5865bbc757caaa2365218182a1fe87ced65cca960cdb,demand as being one 's due or property ; assert one 's right or title to .,6fa55e4c81689671d0fb5865bbc757caaa2365218182a1fe87ced65cca960cdb,22088,sentence1,23,search,5
6fd762235ae8d6d9bca61a0780774832b6e4e2e17d7af3cb9e2b0ef358715158,illegal arms trafficking has increased in kenya and raised concern about security .,6fd762235ae8d6d9bca61a0780774832b6e4e2e17d7af3cb9e2b0ef358715158,27113,sentence1,18,search,2
6ff7c10be57898a0f8cfc8ae700da70fedf73f4c90f8e224034ed7a677eddb31,A flute is being played by a girl,6ff7c10be57898a0f8cfc8ae700da70fedf73f4c90f8e224034ed7a677eddb31,8736,sentence1,9,search,1
6ff9229d25fe49b55258dfc314d95306d154d22659e02da83df1ed588f514d69,the black and brown cow is looking at the camera .,6ff9229d25fe49b55258dfc314d95306d154d22659e02da83df1ed588f514d69,16789,sentence1,12,search,7
700a4deedfb0b5e787b250f7b40c86006c2ba27c7b3dbe99945c035130b1c3c3,"the fourth world aircraft manufacturer , embraer , maintains its forecast for 2008 with 215 aircraft deliveries left , reaffirmed fredrico fleury curado , its chairman .",700a4deedfb0b5e787b250f7b40c86006c2ba27c7b3dbe99945c035130b1c3c3,13252,sentence2,45,search,2
704b4bd15b7b80d0d9f97c50a43adf6a98aa2321e1aafeaf746d59cf336651ea,"wednesday ’ s decision is likely to please turkey , which has warned that the bill , if enacted , would seriously affect turkish-french ties .",704b4bd15b7b80d0d9f97c50a43adf6a98aa2321e1aafeaf746d59cf336651ea,20316,sentence2,46,search,2
7056954792f6d1fd3d8b4a2b382dcbb991eab2babaa9cc3f4cbb4637a432183f,"this shouldn 't be the problem that it is . ready-set-go . nytimes : as disabled athletes compete , questions of logistics",7056954792f6d1fd3d8b4a2b382dcbb991eab2babaa9cc3f4cbb4637a432183f,539,sentence2,36,search,5
70761cd838c3e044b1e1c05950b453d22926c59d078f9084026d2bae1cac52a8,The man in blue is posing for a picture next to a car,70761cd838c3e044b1e1c05950b453d22926c59d078f9084026d2bae1cac52a8,30278,sentence2,17,search,6
70840ebfebc855b5aea4245f6a336714c966432881086e6cb6360c47bc30d3c0,the little dog barked at the electronic toy .,70840ebfebc855b5aea4245f6a336714c966432881086e6cb6360c47bc30d3c0,2604,sentence1,12,search,7
709c002d8b9d28127aed887d5d0537539779ad40e1325859dd651105728a8faa,d ' other separate themselves unfortunately because of an accumulated grudge .,709c002d8b9d28127aed887d5d0537539779ad40e1325859dd651105728a8faa,25419,sentence2,17,search,3
709f56b0b4d06523b9a448334ac4c21bd404b26cb210c585f88395eb497710b2,a man is playing a keyboard piano .,709f56b0b4d06523b9a448334ac4c21bd404b26cb210c585f88395eb497710b2,29037,sentence2,11,search,6
70a1ae535eba966ca605e9f5ba02ee367611ad92d56be7038800c44ab81adb32,A man is singing and playing a guitar,70a1ae535eba966ca605e9f5ba02ee367611ad92d56be7038800c44ab81adb32,16645,sentence2,9,search,6
70bee43a98ad208118481c5e91e282c86cc25ac737ae1726de372d637e956eeb,A man uses a chainsaw to sculpt a phallic ice sculpture.,70bee43a98ad208118481c5e91e282c86cc25ac737ae1726de372d637e956eeb,18302,sentence2,19,search,6
70e323a204db6dfc47acc5f436fc2fa4771fc3738d7f53bacc3c1de99cdbed87,"the phrase ' you do not consider "" is enshrined in majuscules on the registration plate .",70e323a204db6dfc47acc5f436fc2fa4771fc3738d7f53bacc3c1de99cdbed87,27384,sentence1,29,search,5
70e9dacafe0b3fef08ffb55d5b1c4d8add5f39c8abf4a909e080c8db5239c78b,There is no person slicing a potato,70e9dacafe0b3fef08ffb55d5b1c4d8add5f39c8abf4a909e080c8db5239c78b,97,sentence2,11,search,0
710bf31237337d01e2f175f5c64f07460f8987c651fa028ed74ca0b2ff3fd008,"chaudhry was released 56 days later and the fiji military installed an all-indigenous government led by qarase , who won democratic elections in september 2001 .",710bf31237337d01e2f175f5c64f07460f8987c651fa028ed74ca0b2ff3fd008,14348,sentence1,40,search,2
711b8795a5b1141e35061ebf9bc03e2970347627c9e8e53a0a22ed561c38e774,a man on a bike in mid-air,711b8795a5b1141e35061ebf9bc03e2970347627c9e8e53a0a22ed561c38e774,3738,sentence2,11,search,6
71265055a9033bebccfeb9886a9d82e55f016282082e968269918191a44234e9,"( cause to ) separate into constituents , weaken , or destroy specifically by soaking .",71265055a9033bebccfeb9886a9d82e55f016282082e968269918191a44234e9,13149,sentence2,23,search,5
71284e577381423603b210a0769fbb81734a3afdebb954b714a6dac7a89abb7d,There is no woman stroking a lemur,71284e577381423603b210a0769fbb81734a3afdebb954b714a6dac7a89abb7d,17264,sentence1,11,search,0
7139f17eba9a72f681ba93342f2cb438fafbfdf25db136a4c0e1702d029d6668,A person is not cutting garlic into pieces with a knife,7139f17eba9a72f681ba93342f2cb438fafbfdf25db136a4c0e1702d029d6668,1840,sentence1,12,search,0
715622f30f297057b33abf9cd374faeabc492dd19c02969fe8833d07541e99f0,A ribbon is being twirled by a girl in pink,715622f30f297057b33abf9cd374faeabc492dd19c02969fe8833d07541e99f0,36152,sentence1,14,search,1
715808fcf64f90002d6c7e738f864a2ac9d101477cae93a304af81f1a87a46a1,insignificant 20 bucks a week isn 't ?,715808fcf64f90002d6c7e738f864a2ac9d101477cae93a304af81f1a87a46a1,26254,sentence1,14,search,5
7166bc7c9df27cf32df8ecdd49b22e021dffcf00294aab24a861d4982eeaa4f8,move by turning over or rotating .,7166bc7c9df27cf32df8ecdd49b22e021dffcf00294aab24a861d4982eeaa4f8,345,sentence1,8,search,5
7169e52d23cb7109f2b2ddddfc5e212c29c2a3b0880320cabf03bcc5bf37aa3a,Five wooden stands are in front of each child's hut,7169e52d23cb7109f2b2ddddfc5e212c29c2a3b0880320cabf03bcc5bf37aa3a,743,sentence2,13,search,4
7175ea20adbc48db90fd030ac52e05b4d35a6bafa4a7dac01decce2b0a3a0724,he proposed a system under which it would take fewer and fewer votes to overcome a filibuster .,7175ea20adbc48db90fd030ac52e05b4d35a6bafa4a7dac01decce2b0a3a0724,25008,sentence1,27,search,5
71a9ebf2860ed014ee008dacdee1c0e5112df10a04614173e6217362de75bcb9,george0b1 nobody on this thread has said a good word about north vietnam .,71a9ebf2860ed014ee008dacdee1c0e5112df10a04614173e6217362de75bcb9,20162,sentence1,23,search,0
71b396970255abe2ac9c307d862ebf7f880084d33b3f322677e71b914a5dd19e,"a girl swings her long , wet hair in a lake .",71b396970255abe2ac9c307d862ebf7f880084d33b3f322677e71b914a5dd19e,29156,sentence2,18,search,1
71c95f5e872fbc15b36b17a4e0f325c20bd5fc5c2374b1deec70937dc802ef58,"sex abuse common , but so is our inability to face road range of behaviors common to humans a pedophile in plain sight",71c95f5e872fbc15b36b17a4e0f325c20bd5fc5c2374b1deec70937dc802ef58,9387,sentence1,31,search,5
71d72ef802c63a8b35f66588a7b5cd407400ac673341dbbc11dcc994e178d64a,where can i find a good vocabulary list ?,71d72ef802c63a8b35f66588a7b5cd407400ac673341dbbc11dcc994e178d64a,2096,sentence2,12,search,5
71f4407dd879b94757c8c301148f9c3905f6b0ddf76ec0bd0c195123836bcfb4,The child is delightedly playing with toys outdoors,71f4407dd879b94757c8c301148f9c3905f6b0ddf76ec0bd0c195123836bcfb4,15000,sentence2,9,search,4
720041695b8ccb4c13dadcabc0d5ae5b579bbcaf714fdb51afe35fce019059b9,we could perhaps then have avoided a catastrophe .,720041695b8ccb4c13dadcabc0d5ae5b579bbcaf714fdb51afe35fce019059b9,9987,sentence2,11,search,2
7204ac67f433f5a70f0c00ca3a4e219767d12ff062145ad8c9c22f1bb48c6e58,"that victim , a new jersey resident , was in critical but stable condition at the hospital .",7204ac67f433f5a70f0c00ca3a4e219767d12ff062145ad8c9c22f1bb48c6e58,5079,sentence2,22,search,3
7227f63fac7c6e8e643f6700bd90fd4d2ed6858f62a37d6fdbc50eacd9d49097,thai police use tear gas against protesters,7227f63fac7c6e8e643f6700bd90fd4d2ed6858f62a37d6fdbc50eacd9d49097,16518,sentence2,11,search,3
7252a6d5013ca4ae167ce596f36af4741fa2f888d37442620782c7c5a9d2a010,china stocks close higher on wednesday,7252a6d5013ca4ae167ce596f36af4741fa2f888d37442620782c7c5a9d2a010,15103,sentence2,9,search,2
725a9e2108cf324bbffb37c72bb0bacf2e7e168e426bdd3db7aab0a9cd1d2374,( literally ) sound with resonance .,725a9e2108cf324bbffb37c72bb0bacf2e7e168e426bdd3db7aab0a9cd1d2374,12555,sentence2,9,search,5
728d1369c4739a5a69925e7524283a84525dd2299d270c45042d20f9f2c1883c,someone is riding a horse .,728d1369c4739a5a69925e7524283a84525dd2299d270c45042d20f9f2c1883c,22343,sentence1,8,search,6
729f8fbb7316ffe91243a3cfc9b9ec01528a544439371bddf187111faa6996c9,'housewives ' actress kathryn joosten dies at 72,729f8fbb7316ffe91243a3cfc9b9ec01528a544439371bddf187111faa6996c9,24064,sentence1,21,search,3
72bb200d669e04f0645f30c91674f9c60ea6bd6dd7b52870dcf8378c5674b5df,when it is on the same pathway as the batter and the bulb .,72bb200d669e04f0645f30c91674f9c60ea6bd6dd7b52870dcf8378c5674b5df,27350,sentence1,15,search,5
72bee986e4c680bae0bb55b1324be4dda64c7a201eea149c95ed7901bfd62afe,"these human rights violations include summary executions , torture and the recruitment of child",72bee986e4c680bae0bb55b1324be4dda64c7a201eea149c95ed7901bfd62afe,7366,sentence1,16,search,2
72efb573b4f6e9e6cd851e8479efb0615433fe5d49a5eb5689b53066bc2b56bd,The little girl in a pink shirt is running under a tree in the desert,72efb573b4f6e9e6cd851e8479efb0615433fe5d49a5eb5689b53066bc2b56bd,5065,sentence2,17,search,4
72f04a10d7447d2e7e086924bf7ac1eaaf0e53d912e0c198fc32a7039a75b6ee,"Brown and black dogs on snow, showing teeth and barking at each other.",72f04a10d7447d2e7e086924bf7ac1eaaf0e53d912e0c198fc32a7039a75b6ee,5803,sentence2,16,search,7
7303565308bd228b2a61140e38cda25e216249509a3df4b3e525fec098966806,A woman is being measured by another woman,7303565308bd228b2a61140e38cda25e216249509a3df4b3e525fec098966806,30260,sentence2,8,search,1
73072e91f366cd19e13b31cdab82ca8882c12cf381e3beeb3cd7c442f8340e83,a party of people assembled for dancing .,73072e91f366cd19e13b31cdab82ca8882c12cf381e3beeb3cd7c442f8340e83,34832,sentence2,10,search,4
7313cc08188def039469f9b272cb14121a322556e47d4947a86ff2c37132e770,A girl is practicing the piano,7313cc08188def039469f9b272cb14121a322556e47d4947a86ff2c37132e770,12047,sentence1,6,search,1
73552d3fdb265b063f56177c8623cf3013173eb9db4878d242217fa7c34e1630,Rugby is being played by some men,73552d3fdb265b063f56177c8623cf3013173eb9db4878d242217fa7c34e1630,6403,sentence1,7,search,6
737905e8e281ab6fea1538ac6c64762b7289310b92b5a886326f31a40aee1f79,Three sheep on a dirt road shot from a car.,737905e8e281ab6fea1538ac6c64762b7289310b92b5a886326f31a40aee1f79,1324,sentence1,13,search,7
7389470fbb9f82fa040a4112e8b9a2f241882590bb8ded43c3f983c986a9f28f,the bad thing is there 's space .,7389470fbb9f82fa040a4112e8b9a2f241882590bb8ded43c3f983c986a9f28f,7469,sentence2,11,search,5
738a415a05ad8eae61371079d0da507fe3c78d8f34f652baba1701ad9d915c8e,a brown and white dog runs across the grass .,738a415a05ad8eae61371079d0da507fe3c78d8f34f652baba1701ad9d915c8e,830,sentence2,12,search,7
739423a0691251fe7783b4e82e6f7b3ba38b520f7ce16e0d2a20dc919cb7ea5e,A woman is cutting an octopus,739423a0691251fe7783b4e82e6f7b3ba38b520f7ce16e0d2a20dc919cb7ea5e,12197,sentence2,10,search,1
73a7dd1215b229e046878bae1d90327e5fbb0e2e1a9c9b11121ccc30d428ef0b,a dog jumping into a swimming pool .,73a7dd1215b229e046878bae1d90327e5fbb0e2e1a9c9b11121ccc30d428ef0b,30153,sentence2,11,search,7
73aa323cd7c95d7cce23a5a759dcd83405d577b78a29802b0538539fdb6549b5,A man dressed in black is wearing inline skates and performing acrobatics on a rail,73aa323cd7c95d7cce23a5a759dcd83405d577b78a29802b0538539fdb6549b5,24573,sentence2,23,search,6
73c07b99d2496b84e3ae41f3d714006f3473d8f961171d3da7591c43b260782d,it contains a bulb and does not complete a full circuit to the battery,73c07b99d2496b84e3ae41f3d714006f3473d8f961171d3da7591c43b260782d,34445,sentence2,16,search,0
73c2c61a20689cdfc9451e6b0cb2119e40b8e35d8381f4963a2d185b59efe257,8 arrested after deadly bangladesh building collapse,73c2c61a20689cdfc9451e6b0cb2119e40b8e35d8381f4963a2d185b59efe257,14375,sentence1,10,search,3
73c9b52a2de7959cb1e1421dce29eb5d94413ee00e2648e645fcb1e2697e07b4,A man is playing a game with a ball,73c9b52a2de7959cb1e1421dce29eb5d94413ee00e2648e645fcb1e2697e07b4,33416,sentence1,11,search,6
7431a0cba83130d7aa369cf0ffaa5e59d1024c6acb922c26bef8e56c4807f47c,two men in shorts are sitting on a sofa .,7431a0cba83130d7aa369cf0ffaa5e59d1024c6acb922c26bef8e56c4807f47c,20393,sentence2,13,search,4
74362693a7f4d6013505bbd6c385fa18f699f3458785e35885546aebf4a66926,"travel in front of , be first , precede",74362693a7f4d6013505bbd6c385fa18f699f3458785e35885546aebf4a66926,27359,sentence1,11,search,5
7440468814759984a1ef4f9c2cd034e23c82d95e66b2859985b59e57efd98a74,i don 't want a president who ' cares ' .,7440468814759984a1ef4f9c2cd034e23c82d95e66b2859985b59e57efd98a74,32137,sentence2,19,search,0
74855b5d4793bbf27b9fedd804320a57d64d0f5388a07eb63af689b526a5d55c,A kid is playing the piano,74855b5d4793bbf27b9fedd804320a57d64d0f5388a07eb63af689b526a5d55c,21454,sentence1,6,search,4
74a147a0f5b715192b1e86e014a1389e6732c8c8e1aba242bdaeb81fe2cb620e,two explosions at boston marathon finish line,74a147a0f5b715192b1e86e014a1389e6732c8c8e1aba242bdaeb81fe2cb620e,31576,sentence2,9,search,3
74ad2d517a0e42674307ebaeb26d97fcbd81bf1374dba5b0cbe47b104ee7c613,A gloved person is kicking at the hand of a monkey,74ad2d517a0e42674307ebaeb26d97fcbd81bf1374dba5b0cbe47b104ee7c613,26993,sentence2,14,search,6
74f0c4cb5d1e268553075762566c7e2c3ff9a8ac1caa6cf2cf4f485f711346af,a small bird perched on an icy branch .,74f0c4cb5d1e268553075762566c7e2c3ff9a8ac1caa6cf2cf4f485f711346af,767,sentence1,13,search,7
7533bfdb918e027b1b3e78f887065e92a58cfbb562ccdefa433c82675602a2f7,russian coal mines seek new outlets in china,7533bfdb918e027b1b3e78f887065e92a58cfbb562ccdefa433c82675602a2f7,18207,sentence1,11,search,2
7536793440a030993850e126667e64d38f10d395782f06c70a7ff0de0dcddfd2,chinese stocks fall after rrr cut - may 14,7536793440a030993850e126667e64d38f10d395782f06c70a7ff0de0dcddfd2,12297,sentence1,16,search,3
753e1c3d5a4a9a62d6dd60b3be91f0719135427b642a27e50e731e83318e7f5f,Racers are running down a track,753e1c3d5a4a9a62d6dd60b3be91f0719135427b642a27e50e731e83318e7f5f,25334,sentence1,8,search,4
754454608d35d0b4cb7cfbc45dfcf7681dba16bc75f4c0bf184d6726888cc378,losing on the question of alstom would have serious repercussions in europe and not just for policies on competition .,754454608d35d0b4cb7cfbc45dfcf7681dba16bc75f4c0bf184d6726888cc378,551,sentence1,27,search,2
754513135da300508f33fd23b28d10de439ef834966365649aa46f9c4bdeb2c0,tomorrow is the state of the union and obama will be talking about the huge deficit we have .,754513135da300508f33fd23b28d10de439ef834966365649aa46f9c4bdeb2c0,6171,sentence1,24,search,2
7554ee7d004f1641b72818189d9d7944485133aabea7b8abfcc9ca020a1c0b50,dealbook : british retailer hmv enters equivalent of bankruptcy,7554ee7d004f1641b72818189d9d7944485133aabea7b8abfcc9ca020a1c0b50,30221,sentence1,18,search,3
75663d5514539ed118911e7302fefe0ec23fa67cdec222dfe02864fd2c52fd62,The elderly lady is anxiously waiting on the sidewalk,75663d5514539ed118911e7302fefe0ec23fa67cdec222dfe02864fd2c52fd62,17070,sentence2,10,search,1
7592f2d1cc1bd5238584d243eafe37bad781446ea93063e925e62caecadaa473,A player bounces a ball.,7592f2d1cc1bd5238584d243eafe37bad781446ea93063e925e62caecadaa473,10536,sentence2,8,search,6
759efb642bbd5eaf182333db35814b455912093e412914406f75d4ad1a9fb5b5,"i bought a book , which talks about this , so here 's an answer to my own question .",759efb642bbd5eaf182333db35814b455912093e412914406f75d4ad1a9fb5b5,13646,sentence1,27,search,5
75c19a0667101178d62e46adcc33075ffaff3fc5d3c0c030e9c60558839cb5ce,"for first time in history , technion to teach engineering in russia",75c19a0667101178d62e46adcc33075ffaff3fc5d3c0c030e9c60558839cb5ce,37248,sentence2,17,search,2
75cccd6c9954f55eb48c04f319daf3d3121fbdd90bc5c8b9392d301d37a49b72,A brown dog is standing in the water,75cccd6c9954f55eb48c04f319daf3d3121fbdd90bc5c8b9392d301d37a49b72,14244,sentence1,8,search,7
75f72a50aaf79d2d84b170c74fc388c82ab238f24cd2599dc65252d91ebdaa99,bulb a was still contained in a closed path with the battery .,75f72a50aaf79d2d84b170c74fc388c82ab238f24cd2599dc65252d91ebdaa99,32349,sentence1,16,search,0
761ce3505562aeabbf3a7b9ddf2d7e81fc251a8740d233793d9e69e1304eea0e,syria launches ground assault in aleppo,761ce3505562aeabbf3a7b9ddf2d7e81fc251a8740d233793d9e69e1304eea0e,5143,sentence1,13,search,2
763df4148c4374e87e48eed0bf37caff68cba2735b3ece2e4cad96f119ad99a5,a woman is placing eggs into a pan .,763df4148c4374e87e48eed0bf37caff68cba2735b3ece2e4cad96f119ad99a5,30120,sentence2,12,search,1
764313010cbc2d9a09ae03a343ecb3faba09403cbfba84430828356629d7b891,music industry pays tribute to whitney houston,764313010cbc2d9a09ae03a343ecb3faba09403cbfba84430828356629d7b891,35222,sentence1,12,search,2
7645f797e9134522db6282c0326e8317032fe3e971a38d4baffc1a8c756e40c4,a bus driving in a street .,7645f797e9134522db6282c0326e8317032fe3e971a38d4baffc1a8c756e40c4,25405,sentence2,10,search,4
764e5c7cc9f9ff763d8e6e43cf0019f3903897fffcfab6019872f6af4c15a3eb,little white dog wearing a leash jumping after a red ball .,764e5c7cc9f9ff763d8e6e43cf0019f3903897fffcfab6019872f6af4c15a3eb,7675,sentence2,16,search,7
7650a71f54dd39e78e640901d9141db268d66444f40cab53ed3cb44d4b59b54d,a group of people sitting at a restaurant table .,7650a71f54dd39e78e640901d9141db268d66444f40cab53ed3cb44d4b59b54d,15273,sentence1,13,search,4
7703dfb2f2f94b48fc8b7ad2dac48143140dfb224e05dcc8077bbde2b56f8bcf,a saint in his city : archie manning in new orleans,7703dfb2f2f94b48fc8b7ad2dac48143140dfb224e05dcc8077bbde2b56f8bcf,11503,sentence2,18,search,2
7704151181f7e1f2e6502a4e88a7c77d6a5cf80293b4a9c753c82668e09246e0,iron dome intercepts 17 rockets,7704151181f7e1f2e6502a4e88a7c77d6a5cf80293b4a9c753c82668e09246e0,21189,sentence2,7,search,3
7732f9b7e7d7224580c36ed4ef0f849110d4c3987736c316bc0769768f415b3c,A lady is standing near three children,7732f9b7e7d7224580c36ed4ef0f849110d4c3987736c316bc0769768f415b3c,30589,sentence2,7,search,1
77611dfbcc83183b6aa61f3776ef655de344375f962d3301fa33d6c6d556d69d,A boy is wearing a white hat and is walking on the beach,77611dfbcc83183b6aa61f3776ef655de344375f962d3301fa33d6c6d556d69d,10535,sentence1,15,search,4
776b976c722b07f472eac34beef2ff0b51a85eecfa4386e572e601498fe2e4e3,The lady is peeling the potato,776b976c722b07f472eac34beef2ff0b51a85eecfa4386e572e601498fe2e4e3,30202,sentence2,7,search,1
777aab22e93cf0bb0a0f4443b5ca0e3368466e8abb3fbb8c8365f6e38a7f31aa,A woman is deep frying food,777aab22e93cf0bb0a0f4443b5ca0e3368466e8abb3fbb8c8365f6e38a7f31aa,28174,sentence2,7,search,1
7799b0512076cc402a2c2f426c142c0c8cb674bbaf863c5367e25a6b6b53c03b,the foundations of south africa are built on nelson mandela 's memory,7799b0512076cc402a2c2f426c142c0c8cb674bbaf863c5367e25a6b6b53c03b,2410,sentence1,20,search,2
779c255252f007f058c789221555b7d11d8885781d186a969f7f00153625945b,Two white dogs are playing with a brown dog and a ball,779c255252f007f058c789221555b7d11d8885781d186a969f7f00153625945b,24383,sentence2,14,search,7
77adbcfa9ed3a575f4ca71eb9794aa34e947caf287339b9eb6db588e7f73e755,a lady fastens someone 's ice skates in the snow .,77adbcfa9ed3a575f4ca71eb9794aa34e947caf287339b9eb6db588e7f73e755,29477,sentence1,19,search,1
780560d3eac4e4e3588113e132c8e1393b3277009798270095e08ec1a25e8e2b,red-shirt leader calls not to oppose army,780560d3eac4e4e3588113e132c8e1393b3277009798270095e08ec1a25e8e2b,26447,sentence2,10,search,2
7811b918a2ca48553294527c0984854ae84df03844a4a86503bd5063207c0e04,doctor and patient : when the doctor returns to doctoring,7811b918a2ca48553294527c0984854ae84df03844a4a86503bd5063207c0e04,22321,sentence1,12,search,5
783edcff3ba007295959014deee349eec0e186d1f2862c54ae16c1e33a0646b3,woman dies in co cork house fire,783edcff3ba007295959014deee349eec0e186d1f2862c54ae16c1e33a0646b3,8031,sentence1,9,search,3
78411e1c5fd6c05cf3208a5c829c576cd607ec458372acd468b1f15dd10a8244,the panda bear lay on the logs .,78411e1c5fd6c05cf3208a5c829c576cd607ec458372acd468b1f15dd10a8244,5173,sentence1,12,search,7
78440a2c71a86aa0ace1884abaa636e7542b19f4e57e5e81009e17d353a9935c,this is about my experience in computer engineering i found that reading for breadth was the more important approach .,78440a2c71a86aa0ace1884abaa636e7542b19f4e57e5e81009e17d353a9935c,16096,sentence2,23,search,5
785433712000d14a8ec4d206ca756280bb5dbb98b7a0fad125b11901a8c44ba0,A little girl is playing a grand piano on stage,785433712000d14a8ec4d206ca756280bb5dbb98b7a0fad125b11901a8c44ba0,12075,sentence2,11,search,1
786a6de7a473b0c26a180f809b871942f66daaee5bf496b71954daf5a16fb1d0,it 's definitely just a matter of preference .,786a6de7a473b0c26a180f809b871942f66daaee5bf496b71954daf5a16fb1d0,37322,sentence1,13,search,5
78716df15650314eb43c9dccbc9c016d03cc306826bf2758df58eecff41feead,a sheep standing in a mountainous area .,78716df15650314eb43c9dccbc9c016d03cc306826bf2758df58eecff41feead,12425,sentence2,12,search,7
787a70b114b3b1cfb42d191aaf8abe647b54dc8574ee8464993eca99593dc2c1,Two children are crouching under some metal bars,787a70b114b3b1cfb42d191aaf8abe647b54dc8574ee8464993eca99593dc2c1,3223,sentence2,11,search,4
789414a6108df3afaacd8934090d2d12f73b80a1c635f4e94f46dca37646f6e0,russia destroys over 75 % of its chemical weapons stockpile,789414a6108df3afaacd8934090d2d12f73b80a1c635f4e94f46dca37646f6e0,8217,sentence2,15,search,3
78cdc92a3d34aeb6ef1244dcc3ccbb657e30867a2edc120c7076967f8564dea2,A young pitcher is throwing the baseball.,78cdc92a3d34aeb6ef1244dcc3ccbb657e30867a2edc120c7076967f8564dea2,5153,sentence2,8,search,4
78d28a9012d72b4cda5f56ac89fed13211bd1b2f1f849e5cfa4e684450581341,No dog is emerging from a lake,78d28a9012d72b4cda5f56ac89fed13211bd1b2f1f849e5cfa4e684450581341,11,sentence1,8,search,0
78d4b157a4f161cc93961046a1d2c74205ee3ae10536972fa533853b1ec10ff4,some men are playing soccer .,78d4b157a4f161cc93961046a1d2c74205ee3ae10536972fa533853b1ec10ff4,28026,sentence2,7,search,6
78dd331bff4f7532d48246342d1ba639fc05eb612d05c7912d8532f91d0062b8,because the battery is not in a closed path .,78dd331bff4f7532d48246342d1ba639fc05eb612d05c7912d8532f91d0062b8,4703,sentence2,12,search,0
78e28eaf2c66d9d6ad744cc07d88a7b2a2c9b894371f0f8f7b63e711de809fcb,a man is kicking pots of water .,78e28eaf2c66d9d6ad744cc07d88a7b2a2c9b894371f0f8f7b63e711de809fcb,10431,sentence2,12,search,6
79134a5f60412e1df4d652e17fbd1f2e1f65780cefece23e2fcc986a578b113e,there is a gap in the connection .,79134a5f60412e1df4d652e17fbd1f2e1f65780cefece23e2fcc986a578b113e,3492,sentence1,10,search,5
793a30c509c5cbfc73428aada25a68ef47b3f4ddc17adb7d727527ac9867ee67,dutch automat returning zing to dutch cooking,793a30c509c5cbfc73428aada25a68ef47b3f4ddc17adb7d727527ac9867ee67,17373,sentence2,12,search,5
794f6f5ef5040a178e59513305916cc6272183a10ed894c593e7f6dc2175b640,a girl in orange lights a candle .,794f6f5ef5040a178e59513305916cc6272183a10ed894c593e7f6dc2175b640,11248,sentence2,11,search,1
797281996c3db63a3a8ff7417291b065fffbde5248af0a6ad1bc657014849ed7,"i am sorry for this news to you but this has been the case since ... well ,",797281996c3db63a3a8ff7417291b065fffbde5248af0a6ad1bc657014849ed7,5087,sentence1,21,search,2
797acf6fd9e20972221c28a456d75f5c4a87be5c762a2ea241d5babab5048986,A man is playing a trumpet.,797acf6fd9e20972221c28a456d75f5c4a87be5c762a2ea241d5babab5048986,17678,sentence2,8,search,6
7987b4169c9f69f0175625bf6c449d636992e3d89f0377374afad7906368a231,"Chaudhry was released 56 days later and the Fiji military installed an all-indigenous government led by Qarase, who won democratic elections in September 2001.",7987b4169c9f69f0175625bf6c449d636992e3d89f0377374afad7906368a231,25108,sentence1,36,search,2
7997b328c38bb849aa59cbfb4bfcff06a1534b732da3d9899848612c0f91e420,stocks to watch at close on thursday,7997b328c38bb849aa59cbfb4bfcff06a1534b732da3d9899848612c0f91e420,10333,sentence1,10,search,2
79989e9110343401f605b952fb6e35584a44d2b945bdb93414244e4f81c38690,"despicable ben , stop trying to find excuses for the man .",79989e9110343401f605b952fb6e35584a44d2b945bdb93414244e4f81c38690,20245,sentence1,18,search,3
79a605a3e478890d476db29f022652dd9868a68e50795819e050de14f5fe17ff,"under the u.s. constitution , the other chamber of congress , the house of representatives , does not vote on foreign alliances .",79a605a3e478890d476db29f022652dd9868a68e50795819e050de14f5fe17ff,30474,sentence1,32,search,0
79f0a12313c42345f4e9043d2f92594e1ad253968501f568150ee3969cb738bb,a woman is using a hoe .,79f0a12313c42345f4e9043d2f92594e1ad253968501f568150ee3969cb738bb,5285,sentence2,11,search,1
7a043152a175c81209b7eedeccd08204fd0e781f0d9d2e67b8f3ed1f2a4e9c7e,get the meaning of something .,7a043152a175c81209b7eedeccd08204fd0e781f0d9d2e67b8f3ed1f2a4e9c7e,1236,sentence2,7,search,5
7a0b8cafee3e719f96028f1e628ec7370999d8d0ec9e98a6b045f751f804bbc9,"this episode has shown that the precautionary principle that has been applied , made sense . """,7a0b8cafee3e719f96028f1e628ec7370999d8d0ec9e98a6b045f751f804bbc9,33377,sentence1,20,search,2
7a1254baa5147dcb1cec92372859ed214bbd1b996ae490d90951313889d772b4,"# disney ' s new # videogame , via nytimes : video game combines the worlds of disney",7a1254baa5147dcb1cec92372859ed214bbd1b996ae490d90951313889d772b4,17252,sentence1,31,search,2
7a186ecafafde4a83359e7d4c6de0fea9e1deff4d12de3f7b02af36b6e845ebb,his dissent was joined by chief justice william h. rehnquist and justice clarence thomas .,7a186ecafafde4a83359e7d4c6de0fea9e1deff4d12de3f7b02af36b6e845ebb,31056,sentence1,32,search,2
7a415c65b47d1484388e7228d7e5dab19874d53738f5fa54555296a9afb6cc63,"It depends on what you want to do next, and where you want to do it.",7a415c65b47d1484388e7228d7e5dab19874d53738f5fa54555296a9afb6cc63,1123,sentence2,18,search,5
7a4308fab853dd33d535b8fca742278770ac4c55b15f84b443f1c783898f04f7,A few men are dancing,7a4308fab853dd33d535b8fca742278770ac4c55b15f84b443f1c783898f04f7,29410,sentence1,5,search,4
7a5c7a23bc42037245bf7f895b8cf0f91c8a905f2e33de750fa576a03ae54828,pass into by penetrating or permeating,7a5c7a23bc42037245bf7f895b8cf0f91c8a905f2e33de750fa576a03ae54828,18216,sentence2,11,search,5
7a6b60b474748e9e3402ff9d96b2c69e8628fc92254db83a634539e1d7605cf4,a man is slicing a cucumber .,7a6b60b474748e9e3402ff9d96b2c69e8628fc92254db83a634539e1d7605cf4,22516,sentence1,13,search,6
7a78a9f87c2495c5cffe2e3f9f2939b8e26842a64632b88780ca2e530d3025c4,a rabbit is kissing another rabbit .,7a78a9f87c2495c5cffe2e3f9f2939b8e26842a64632b88780ca2e530d3025c4,13567,sentence1,10,search,7
7a857bd0abecb3ddd73064aa81bd4f4d7a35fa6bc4442f3acdaa4104d8f4a3ca,The wave is being ridden by a surfer,7a857bd0abecb3ddd73064aa81bd4f4d7a35fa6bc4442f3acdaa4104d8f4a3ca,10097,sentence2,11,search,6
7ab7da983633ae2fc432aef6fe031a6f3c271c9b0fcc18f9a6661b4fcdf3e666,The girl is erasing the other man's work from the board,7ab7da983633ae2fc432aef6fe031a6f3c271c9b0fcc18f9a6661b4fcdf3e666,14347,sentence1,16,search,1
7ace9d2f918dfce5eb7261bbf1c02b9e3bd04889afbdde1d5e9ca2d3ed77583b,a woman watches a dog jump down the stairs .,7ace9d2f918dfce5eb7261bbf1c02b9e3bd04889afbdde1d5e9ca2d3ed77583b,10418,sentence1,13,search,7
7ae1f6c88eae7eed774192d82c83b5df4c1608fdf7acbfa7292f55406edebf54,girl accused of burning koran goes into hiding,7ae1f6c88eae7eed774192d82c83b5df4c1608fdf7acbfa7292f55406edebf54,14314,sentence1,10,search,3
7aee110619843e03cbb0ad0550dab129aef397a9b91a4d8ff76646020bc2affc,moscow protesters demand vladimir putin 's resignation,7aee110619843e03cbb0ad0550dab129aef397a9b91a4d8ff76646020bc2affc,8335,sentence1,17,search,3
7afc4b021bb1b3bccb7e0abb4ccd3f041e09c72a1a6a3c344f403bc313707124,the white dog runs across the snow .,7afc4b021bb1b3bccb7e0abb4ccd3f041e09c72a1a6a3c344f403bc313707124,33606,sentence2,9,search,7
7b06f536a6e47113940ea7d83364632dee0c8f2aa77717918214cdd081144fa5,move or cause to move with a sudden jerky motion .,7b06f536a6e47113940ea7d83364632dee0c8f2aa77717918214cdd081144fa5,3528,sentence2,15,search,5
7b11f3eb754ac214d0b0675428b60befe3dce4dd61a77fa6eb91d9772e5d6ed4,nato soldier killed in afghan attack,7b11f3eb754ac214d0b0675428b60befe3dce4dd61a77fa6eb91d9772e5d6ed4,16377,sentence2,12,search,3
7b1a7e7bce8bfc49245057c1a4c88af76280d7fb39768bb7f991e0d801e91bfc,russian military ordered to switch to socks i learned something new today ! ! !,7b1a7e7bce8bfc49245057c1a4c88af76280d7fb39768bb7f991e0d801e91bfc,9329,sentence2,21,search,2
7b1b1729104fc83d5da4bf29e12b650ef89f1c43d90324cec4e82fcad56f1aca,"The plane, which is south African, is flying in a blue sky",7b1b1729104fc83d5da4bf29e12b650ef89f1c43d90324cec4e82fcad56f1aca,24396,sentence1,15,search,4
7b1b7c3e236aebdcb95b0690a057099bc65509d0c94ede30be510b1492fb525f,the leaders benefit aujourd ' hui of a new luck and let 's let them therefore seize it .,7b1b7c3e236aebdcb95b0690a057099bc65509d0c94ede30be510b1492fb525f,13165,sentence1,26,search,2
7b2313a2d4cfd4d3636ace8485596246d918fd88a7e24efeae660023ff817c9e,an attempt or effort to achieve a goal,7b2313a2d4cfd4d3636ace8485596246d918fd88a7e24efeae660023ff817c9e,9594,sentence1,9,search,5
7b2e2215da0dfef20534965a735e6496542a314687ca34c621c799888b239a65,wrap well in plastic ( individually ) and then put in a freezer bag .,7b2e2215da0dfef20534965a735e6496542a314687ca34c621c799888b239a65,13425,sentence2,18,search,5
7b547544d68859e243e4d122becf022882ab06fde1fcf3aa06e700d5263bc715,orphaned alps massacre girl returns to uk,7b547544d68859e243e4d122becf022882ab06fde1fcf3aa06e700d5263bc715,7131,sentence2,13,search,3
7b78bdf09e5060a3e0451644baf4ea9148cccf6003ebc6899a621c868b0260a2,"- video shows usda official saying she didn 't give ' full force ' of help to white farmer try to read the entire thread before post , as it will make you appear less silly .",7b78bdf09e5060a3e0451644baf4ea9148cccf6003ebc6899a621c868b0260a2,14652,sentence1,46,search,2
7b869ce297114924def9fc38963139e31940f97f97c03a6f3fbd6994cac4a9b6,cause to appear in a new form .,7b869ce297114924def9fc38963139e31940f97f97c03a6f3fbd6994cac4a9b6,29258,sentence2,10,search,5
7b933bd47afff691b5f35570e1722121b4944b4e7ec68bc468ef01e732438dfb,pass or put a vessel through a lock in a waterway,7b933bd47afff691b5f35570e1722121b4944b4e7ec68bc468ef01e732438dfb,2401,sentence2,15,search,5
7ba2ee1f5a5c39b34fd30e67687a96f3a06b6f6c960f8895ad1a1bc27a9518b1,president vladimir putin signed a decree suspending russia 's participation in the conventional forces in europe treaty .,7ba2ee1f5a5c39b34fd30e67687a96f3a06b6f6c960f8895ad1a1bc27a9518b1,12378,sentence2,31,search,2
7baf487e83bc727204ec27af35578e22ecf549641eedb47ddaa390adc5bf329a,A family is posing by the mantel and the Christmas tree,7baf487e83bc727204ec27af35578e22ecf549641eedb47ddaa390adc5bf329a,36024,sentence2,14,search,4
7bb00e48b6581931ec8cd62d87b6ceebddd5b681016b997d654d26893f0cb868,russian roulette in syria,7bb00e48b6581931ec8cd62d87b6ceebddd5b681016b997d654d26893f0cb868,3571,sentence1,11,search,3
7bb515da8d8d8261b78b521c7ae0836eb53c3e2d450e5c0632efd538caa75972,"bush said resistance forces hostile to the u.s. presence "" feel like ... the conditions are such that they can attack us there .",7bb515da8d8d8261b78b521c7ae0836eb53c3e2d450e5c0632efd538caa75972,506,sentence2,30,search,2
7bbbcb21e0f9cd6574e61c795530455f08a4d46326ea850be34833745d9e07c7,because bulb c was in an open path,7bbbcb21e0f9cd6574e61c795530455f08a4d46326ea850be34833745d9e07c7,22756,sentence1,9,search,5
7be255baefdf1607aa340a042a4f7130526bcea4f65cf6b89fc8149b64fc3e87,23 missing as typhoon utor hits philippines,7be255baefdf1607aa340a042a4f7130526bcea4f65cf6b89fc8149b64fc3e87,25263,sentence1,18,search,3
7be3842253768e208b4059936fcaa2221e015f4615a4172684b72eae7d087dc4,a man is holding onto handles in the air .,7be3842253768e208b4059936fcaa2221e015f4615a4172684b72eae7d087dc4,24500,sentence2,12,search,6
7bebe9d97e979ba2a5859c5fa2035ac65177dff2da5743ee9b5ba5c7e1d66046,arranged for contracted work to be done by others .,7bebe9d97e979ba2a5859c5fa2035ac65177dff2da5743ee9b5ba5c7e1d66046,1498,sentence2,12,search,5
7bf3c6c30e2395ec174ddfe57257fd202be0f8d21b7f5a8b681f6870ad37ef78,a man rode a mechanical bull .,7bf3c6c30e2395ec174ddfe57257fd202be0f8d21b7f5a8b681f6870ad37ef78,31410,sentence1,11,search,6
7bfc6c1612bba2edcb075dfc0abc455d1ec02e8cc310e22cfe860e26df620b45,rosberg emulates father with monaco win,7bfc6c1612bba2edcb075dfc0abc455d1ec02e8cc310e22cfe860e26df620b45,15017,sentence2,11,search,6
7bfe12ca1d79f7ecbc968592c7498b22dbe6cbf5fa9275ae1c1d8362d291f575,persuade somebody to accept something .,7bfe12ca1d79f7ecbc968592c7498b22dbe6cbf5fa9275ae1c1d8362d291f575,34588,sentence2,11,search,5
7c2413687a762dce030ef3205c18f2037ed7daa92d953ac6168926724aa0399d,the man is wearing a black shirt and hat and smiling .,7c2413687a762dce030ef3205c18f2037ed7daa92d953ac6168926724aa0399d,24569,sentence2,15,search,6
7c26c8ffe47d092fd8f9bd1cc9c78c90be4c36031cfc8b5675a195e73dfa1d34,a little girl is riding a toy tricycle on springs .,7c26c8ffe47d092fd8f9bd1cc9c78c90be4c36031cfc8b5675a195e73dfa1d34,8098,sentence1,17,search,4
7c927662fd2093aa1f009c2623f7d0b816e8053176c3fca2f01d2366c3d249d7,he has appointed a working party to make the necessary changes to the policies of public spending and fiscal policies .,7c927662fd2093aa1f009c2623f7d0b816e8053176c3fca2f01d2366c3d249d7,17453,sentence1,24,search,2
7ca53597f67f95bcd8e0743dff13984ed9dae77ba0c6f9118f4fd48d8c43c60a,five people standing on a sidewalk,7ca53597f67f95bcd8e0743dff13984ed9dae77ba0c6f9118f4fd48d8c43c60a,17352,sentence1,7,search,4
7cc894c0da6cb1a6ca5a76534ff7b8e8c26087b6050b2f1232cfbccb1a03a3c9,A person is riding a motorbike,7cc894c0da6cb1a6ca5a76534ff7b8e8c26087b6050b2f1232cfbccb1a03a3c9,15784,sentence2,8,search,6
7cce4b01765825b607123da498658384c22def8bff0de0d6874034a64826d376,suicide bomber kills policeman in pakistan,7cce4b01765825b607123da498658384c22def8bff0de0d6874034a64826d376,1751,sentence2,12,search,3
7cd9f1063d1f11dfc65ca47ac40c8a59ec2454060633b8cef85868a9ebfccbee,You should do what it says.,7cd9f1063d1f11dfc65ca47ac40c8a59ec2454060633b8cef85868a9ebfccbee,323,sentence1,7,search,5
7ceff84305cdd21b76bd96eb4833ebb0c1bd4fa8ed2bad9fc69206ef0e125370,a man is cleaning the house .,7ceff84305cdd21b76bd96eb4833ebb0c1bd4fa8ed2bad9fc69206ef0e125370,35520,sentence2,9,search,6
7d0b0b38ba2c887c217908e4877ccf06bc3d3970e7b553984fd3e70e1472f586,A green car parked outside the saloon.,7d0b0b38ba2c887c217908e4877ccf06bc3d3970e7b553984fd3e70e1472f586,25386,sentence2,11,search,4
7d127fd326f74ec7ac6514bb8a1d515c16ecbba107eed81afb1a8d5845a89727,"as i have already explained in second reading , a crisis is at the basis of this modification of directive .",7d127fd326f74ec7ac6514bb8a1d515c16ecbba107eed81afb1a8d5845a89727,7420,sentence1,25,search,2
7d3e3e1eee45d2b2d0e3dfed1bf78421f232c8cb36593bf8c4860258464373d6,a couple who have left ?,7d3e3e1eee45d2b2d0e3dfed1bf78421f232c8cb36593bf8c4860258464373d6,19506,sentence2,8,search,5
7d409fd82b2b146f4304b20883ab35c853b47bd65d3049649bd60959d3e726c2,"make a loud noise , as of animal .",7d409fd82b2b146f4304b20883ab35c853b47bd65d3049649bd60959d3e726c2,20180,sentence1,12,search,5
7d7de17e86dabbee65f19db34342a98f77f2abd415e4bba9a141d8428c2d186c,"come into conflict , meet in opposition",7d7de17e86dabbee65f19db34342a98f77f2abd415e4bba9a141d8428c2d186c,3560,sentence1,8,search,2
7d9ab094075d7b3b36f8ce1fe8f91e7af7c2951b98e86e4869d625e6610cb0ca,"but mitsubishi tokyo financial ( jp : 8306 : news , chart , profile ) declined 3,000 yen , or 0.65 percent , to 456,000 yen .",7d9ab094075d7b3b36f8ce1fe8f91e7af7c2951b98e86e4869d625e6610cb0ca,36644,sentence2,51,search,2
7da118cecbcb870f5c6a57f47a431fc1720edf5d66a117dc257cf179e651945b,This is a problem that the professor has to deal with.,7da118cecbcb870f5c6a57f47a431fc1720edf5d66a117dc257cf179e651945b,36678,sentence2,13,search,5
7dafd5baa826690d287829e971acbe5c94d95e363772c96a6937594686dc92ac,the act of forcing the enemy to withdraw .,7dafd5baa826690d287829e971acbe5c94d95e363772c96a6937594686dc92ac,12623,sentence2,10,search,3
7db64eb2eb04ce9e59e58d2454e609c26f5f4e25e31fe327d42f09bcca287c06,"al qaeda clashes , blasts kill 35 soldiers in yemen",7db64eb2eb04ce9e59e58d2454e609c26f5f4e25e31fe327d42f09bcca287c06,31301,sentence2,22,search,3
7dbeaf06381601484d3a5da6c82205df7c3ade6fb75bf28a22a71622634b3558,cuba 's ' ladies ' to pick up eu prize 8 years later,7dbeaf06381601484d3a5da6c82205df7c3ade6fb75bf28a22a71622634b3558,16220,sentence1,20,search,2
7dcd0d693e178dae32da828ad8f7e1ad6894f653c55a9346e07b7267feafc49a,two people sitting at a table at a restaurant .,7dcd0d693e178dae32da828ad8f7e1ad6894f653c55a9346e07b7267feafc49a,2241,sentence1,13,search,4
7df8bc523332578c6ba64a0cf8d298db187a01f8405e5e433d4645f3b7c092e9,the girl is using an eye pencil on her eyelid .,7df8bc523332578c6ba64a0cf8d298db187a01f8405e5e433d4645f3b7c092e9,203,sentence2,13,search,1
7e048e4a81e7889baed1888ed7335eb3817baa5f9ec3d8977d17f63aa6e451be,red sports car on top of white semi truck .,7e048e4a81e7889baed1888ed7335eb3817baa5f9ec3d8977d17f63aa6e451be,23098,sentence1,11,search,4
7e0f608e6376f220ab2b877a1c2a62af79cd7a7533fccc172ff6173d2b3e8719,goff stated that this presents a major threat to global security .,7e0f608e6376f220ab2b877a1c2a62af79cd7a7533fccc172ff6173d2b3e8719,8376,sentence1,16,search,3
7e33b7f30d256f3486caf449cbb194810ac78e721b7904a2eee492d8f0b05506,Calico cat sitting on step in front of a door.,7e33b7f30d256f3486caf449cbb194810ac78e721b7904a2eee492d8f0b05506,25727,sentence2,13,search,7
7e70b7fc1250c2540bb83b525d372c541c2ca9531fb48083cdce1e3933482106,i am not convinced that positivism is routinely asociated to a leftist ideology .,7e70b7fc1250c2540bb83b525d372c541c2ca9531fb48083cdce1e3933482106,3957,sentence2,23,search,5
7ea0be5567ff317f9acaa6251dd00437d18d660eca05aa711a75f78582767c38,The blond girl is dancing in front of the sound equipment,7ea0be5567ff317f9acaa6251dd00437d18d660eca05aa711a75f78582767c38,36301,sentence1,13,search,1
7eb8421a6931dba72b9accf62207c4d73d3ef07472101958067951182b05170e,A tree is being picked up by a man,7eb8421a6931dba72b9accf62207c4d73d3ef07472101958067951182b05170e,14448,sentence2,10,search,6
7ee9defa6f613fa5c4008b923c5f00bd5b914bb155493f80f988422978f32850,a state of confinement in a small space,7ee9defa6f613fa5c4008b923c5f00bd5b914bb155493f80f988422978f32850,16250,sentence2,11,search,5
7f070c53fa99137fc99ff25e42599de4efcdb8d24e5b1913a3bfb32fa19383d2,a name or trait that identifies a product or type of thing,7f070c53fa99137fc99ff25e42599de4efcdb8d24e5b1913a3bfb32fa19383d2,3638,sentence1,16,search,5
7f294fc05192957ea2d07c0901ed49e7a07422a81105a6e7ead9ce23ebe55667,two brown dogs are playing with each other in the snow .,7f294fc05192957ea2d07c0901ed49e7a07422a81105a6e7ead9ce23ebe55667,218,sentence2,13,search,7
7f4dff2d58234be3abea08c2435756c8e8e4e6f0ecf89392beea1ba98d5d3266,make lighter or brighter .,7f4dff2d58234be3abea08c2435756c8e8e4e6f0ecf89392beea1ba98d5d3266,16335,sentence1,7,search,5
7f4efd04fe6da204d3bfdc85fd1be5acf7e6c2119d024e27c665b2e20f16e915,A man is riding the horse,7f4efd04fe6da204d3bfdc85fd1be5acf7e6c2119d024e27c665b2e20f16e915,21405,sentence2,6,search,6
7f6f2b9c8ae6e0c24cbc971c7a9591e9729fce4b9a9517b1da3c07315a3e6ca4,zahedan is a city in southeastern,7f6f2b9c8ae6e0c24cbc971c7a9591e9729fce4b9a9517b1da3c07315a3e6ca4,27257,sentence1,12,search,2
7fa140a4fa864c894ed88dea0930deda4b3b0fbf8d37ccdcdf093f35eabea7b3,a boy in a blue shirt and blue jeans runs across a playground,7fa140a4fa864c894ed88dea0930deda4b3b0fbf8d37ccdcdf093f35eabea7b3,8010,sentence1,16,search,4
7fa53d9371d51fa8f34c1b6e25980aef7097e90a31280de16619a2cb8313accc,"iran vows to preserve "" peaceful "" nuclear program",7fa53d9371d51fa8f34c1b6e25980aef7097e90a31280de16619a2cb8313accc,5442,sentence2,12,search,2
7ff4f6f140adaf3c76821a4d05c700032fd8830f7003e6b5e0f4a6eeae1b9c80,free of clouds or rain ;,7ff4f6f140adaf3c76821a4d05c700032fd8830f7003e6b5e0f4a6eeae1b9c80,31906,sentence1,7,search,5
7ffd93d03ba28e260ef678a27a779657f5fd404656aef2853f03d1141a94382a,There is no dog barking,7ffd93d03ba28e260ef678a27a779657f5fd404656aef2853f03d1141a94382a,15432,sentence2,6,search,0
8011f1f4c7ee533a2f9c0cf07abd88352041d7696e1ef8ae9a3f1022d4800cfd,A man is slicing a tomato,8011f1f4c7ee533a2f9c0cf07abd88352041d7696e1ef8ae9a3f1022d4800cfd,24119,sentence2,10,search,6
80444ddc60f04c15ff8c34595a3c184f564b5646797b92888c4f030c5195185f,international forensic teams join kenyan mall carnage probe,80444ddc60f04c15ff8c34595a3c184f564b5646797b92888c4f030c5195185f,17244,sentence1,13,search,3
80446f79965a647739e3e79e35fcc311eeec85d1c0105db272e0bef035ba099f,A man is spitting.,80446f79965a647739e3e79e35fcc311eeec85d1c0105db272e0bef035ba099f,29387,sentence2,7,search,6
805837bdea42cf040a82ccdcbf5414ed6a370a5270665c1f94818f5fa8b5e42e,guatemala arrests software guru john mcafee,805837bdea42cf040a82ccdcbf5414ed6a370a5270665c1f94818f5fa8b5e42e,20277,sentence1,18,search,3
805c4d039ff3ee056de820d7352c6f942a6937ee3e27f6470c97defc969945eb,A young woman is carrying a lot of colorful scarves on the beach,805c4d039ff3ee056de820d7352c6f942a6937ee3e27f6470c97defc969945eb,1163,sentence1,16,search,1
80625f5133b68091ab951de91a685a7750bc6410d749e758da64471c8dab4d0a,a black table with white fuzzy chair .,80625f5133b68091ab951de91a685a7750bc6410d749e758da64471c8dab4d0a,7428,sentence1,10,search,5
806bb0c62694651610657248174e0feeaaf6bc7e6702554a467b163928d2a176,a woman is water skiing .,806bb0c62694651610657248174e0feeaaf6bc7e6702554a467b163928d2a176,22620,sentence1,8,search,1
806f3ecd5461daeb5f1ac13070ad9e464a26fd8232fba3ffd44088a81aa08351,"it was our day , how we wanted and it was wonderful .",806f3ecd5461daeb5f1ac13070ad9e464a26fd8232fba3ffd44088a81aa08351,29186,sentence1,15,search,2
808642b9e0cfd9cb5d8f1aee171d2ab33c28b2b0c8533283358067b8a7a17b51,the bottom line is that the video clip doesn 't show a gas chamber .,808642b9e0cfd9cb5d8f1aee171d2ab33c28b2b0c8533283358067b8a7a17b51,18486,sentence1,19,search,0
80a638ff8bd35809d430fbaf0bab5f850d7e31d4e05c8dcbacb4f64a198e9be1,( construction ) a layer of masonry .,80a638ff8bd35809d430fbaf0bab5f850d7e31d4e05c8dcbacb4f64a198e9be1,20139,sentence1,12,search,5
80a6a5da73b5c41cc1925ca593a352037f8d582b8375fc12d43aabc6275ad433,ukraine ‚ äôs pro-russia protesters demand greater autonomy,80a6a5da73b5c41cc1925ca593a352037f8d582b8375fc12d43aabc6275ad433,6544,sentence1,18,search,2
80abe8ada98ff3e1b2b7f6ed9e6315d25ee51b6247cc4dca0de16f2080885ea8,terminal 6 is connected to postive end of battery and the voltage meter,80abe8ada98ff3e1b2b7f6ed9e6315d25ee51b6247cc4dca0de16f2080885ea8,3757,sentence1,15,search,5
80bb40df672676f27e6c316d4b6727b8ffdc27c1ba8cb8770e4c241d9d17914b,The woman is taking up and holding a baby kangaroo,80bb40df672676f27e6c316d4b6727b8ffdc27c1ba8cb8770e4c241d9d17914b,2252,sentence1,15,search,1
80c8802d9988c163783ed476bb72ba57b579df38b43486a35d828ac0a40c0d2e,"train , tutor or polish social behavior , taste , judgement",80c8802d9988c163783ed476bb72ba57b579df38b43486a35d828ac0a40c0d2e,8383,sentence1,14,search,5
80d1d11c0f25464eafd3ddf866ca058313e361d2a9402036bb76179035e739ab,The man is kick boxing with a trainer,80d1d11c0f25464eafd3ddf866ca058313e361d2a9402036bb76179035e739ab,8210,sentence2,10,search,6
81168e7339ea95f97d30f68c9d6f362e88aa332f248ad97df7fdfa1d46fad763,A naked girl is walking beside her bike at night,81168e7339ea95f97d30f68c9d6f362e88aa332f248ad97df7fdfa1d46fad763,14365,sentence2,10,search,4
812c44355df803445645b95dc81649dd0f673f779019fd7ae41285d48929dc91,a man in an oversized shirt sits at a shop,812c44355df803445645b95dc81649dd0f673f779019fd7ae41285d48929dc91,37094,sentence2,14,search,6
813453a33e0aa47d4dbe25056d3d8720d7e32a1ef4f1012dc7786442644f26c9,how can i build a wall mounted adjustable height desk ?,813453a33e0aa47d4dbe25056d3d8720d7e32a1ef4f1012dc7786442644f26c9,29034,sentence2,14,search,5
813719156897eeb696f61e2c21b743d949f3b3dda82b3ea28a013b156ac152db,a bubble is a market that is artificially propped up for any reason .,813719156897eeb696f61e2c21b743d949f3b3dda82b3ea28a013b156ac152db,13237,sentence1,19,search,5
813c1f36147eed96678e7284aeea9c2b805f034495666ed9dd8ef07132448fe2,A woman with pigtails is climbing a rock wall,813c1f36147eed96678e7284aeea9c2b805f034495666ed9dd8ef07132448fe2,6092,sentence1,13,search,1
814a9a9f586246205cbb9b9d8c8ddf618df5f1123ce2123812df88611ac90384,A deer is jumping over a fence,814a9a9f586246205cbb9b9d8c8ddf618df5f1123ce2123812df88611ac90384,18996,sentence1,9,search,7
8154ad354d27f67372853c1f17f4e035072f49c7e3b866721dc88652fbc8836b,Bread is being sliced by the man,8154ad354d27f67372853c1f17f4e035072f49c7e3b866721dc88652fbc8836b,29244,sentence1,8,search,6
8161087a8f90057d578091f8b29ef6e2499336632377c8854366a5e65547b166,a man running track,8161087a8f90057d578091f8b29ef6e2499336632377c8854366a5e65547b166,5674,sentence1,5,search,6
8166c1cee7c9bdb3c2a934fdae9db8bd9b679406253d7eb514f9e51242993888,The family is playing a game together.,8166c1cee7c9bdb3c2a934fdae9db8bd9b679406253d7eb514f9e51242993888,1240,sentence2,9,search,4
81818145383c8e3fe99d5e341c3e5c37af74e59d9db9ae29e1173deabec543c3,Air strike kills one man in Syria's Hama,81818145383c8e3fe99d5e341c3e5c37af74e59d9db9ae29e1173deabec543c3,12395,sentence2,12,search,3
818b4e56ee402dfd24d0c9adc4bd57d7903864594f6b80b113464ced1af5ee56,The man is staging a microphone and is singing,818b4e56ee402dfd24d0c9adc4bd57d7903864594f6b80b113464ced1af5ee56,21238,sentence2,10,search,6
81c59a29dfd8f13bbb0813bf99425d9f58b34a860d34e79384cc6c1b6154d45a,Women swimmers are diving in from the starting platform.,81c59a29dfd8f13bbb0813bf99425d9f58b34a860d34e79384cc6c1b6154d45a,7053,sentence2,11,search,4
81cf0360e5e6e50281f959b75acc5c4fc12e391837374a9f8489f58977125f4b,Garlic is being chopped by a woman,81cf0360e5e6e50281f959b75acc5c4fc12e391837374a9f8489f58977125f4b,4184,sentence2,9,search,1
81f041ce56d2785dd18683e694da6542a05d27db0f15e3f5e22ea29286905117,officials with torch and jetblue did not respond to repeated phone calls from the mercury news seeking comment .,81f041ce56d2785dd18683e694da6542a05d27db0f15e3f5e22ea29286905117,29127,sentence1,22,search,3
81fbb4b6ef69fd641b7d05b92314a7d5a31f6996f4a06ae112821dbb2fa7ccd4,Yucaipa bought Dominick's in 1995 for $693 million and sold it to Safeway for $1.8 billion in 1998.,81fbb4b6ef69fd641b7d05b92314a7d5a31f6996f4a06ae112821dbb2fa7ccd4,37231,sentence1,29,search,2
81feaac6688129c1357951cad85c0c33a1bfdaa8aa46c232d0b9dad8a174f279,A person is eating in a restaurant,81feaac6688129c1357951cad85c0c33a1bfdaa8aa46c232d0b9dad8a174f279,29400,sentence2,8,search,1
821bed318fb186b38a92eb9b343d932340480c8e13371493fb79a5a194e9bf2c,A panda slides down a slide.,821bed318fb186b38a92eb9b343d932340480c8e13371493fb79a5a194e9bf2c,31985,sentence2,10,search,7
82211188667c5679d1a35207c5f3961dc3a6e0694de4eaf19a1e89d568522052,""" : voice of charlie brown arrested , charged . "" please tell me he said good grief ...",82211188667c5679d1a35207c5f3961dc3a6e0694de4eaf19a1e89d568522052,28178,sentence2,26,search,2
824939a5d71fae3ea781a3ef3832b679eb245253215340af14ae1cca3d36d843,britain teeters toward triple-dip recession cnnmoney,824939a5d71fae3ea781a3ef3832b679eb245253215340af14ae1cca3d36d843,13278,sentence2,19,search,2
824f004b38b1a17fbfa459822b18da002c9bbb4ead4b47558088bc207b95ae0b,meet by design ; be present at the arrival of ;,824f004b38b1a17fbfa459822b18da002c9bbb4ead4b47558088bc207b95ae0b,20227,sentence2,13,search,5
8252655ac07e6c9366c3c570637ab8b45803cc99d89c74ef32fcbbe167d343ff,forex & amp ; gold 6 march 2013,8252655ac07e6c9366c3c570637ab8b45803cc99d89c74ef32fcbbe167d343ff,23052,sentence2,10,search,2
8266e5a0ca9e26b62d07b76871e5c31112d513c4b5079b4e1d2c8bb8021aff03,A woman is tailing a pony near a rock climbing wall,8266e5a0ca9e26b62d07b76871e5c31112d513c4b5079b4e1d2c8bb8021aff03,6060,sentence2,14,search,1
826949b5878d3a3525c0ade66ebbfafcb9287f2a763cbf7948d42fa660ea6d16,a group of four people walking past a giant mushroom .,826949b5878d3a3525c0ade66ebbfafcb9287f2a763cbf7948d42fa660ea6d16,662,sentence1,14,search,4
827fdfc9df71143396a8f033fd314a27f286cb6c94d18ed9f6d74dca60c4ccfa,No motorcycle racer is riding a red and black bike,827fdfc9df71143396a8f033fd314a27f286cb6c94d18ed9f6d74dca60c4ccfa,8707,sentence2,12,search,0
828930b1f91a429b1542a18ba986e9f5b1ece7c0147d76592473d286b46db4d8,A woman drives a golf cart.,828930b1f91a429b1542a18ba986e9f5b1ece7c0147d76592473d286b46db4d8,21213,sentence2,8,search,1
828e9e1dcd1e3bb3f7d6dc70a8ca817a28e699c63fe53ae8c7a1c95faf05abb1,bulb a has a closed pathway,828e9e1dcd1e3bb3f7d6dc70a8ca817a28e699c63fe53ae8c7a1c95faf05abb1,8680,sentence1,8,search,0
82a954cf7ba33d948a39a2cac3cd498e0fefc6c23d7334db11fc580c9f6a9065,"yes , i can tell you from personal experience that they certainly did whistle .",82a954cf7ba33d948a39a2cac3cd498e0fefc6c23d7334db11fc580c9f6a9065,29010,sentence2,18,search,5
82ac6ebe7c166a00da9a905a5c6b0edddb4751fa1651eed3b30c50d27e0779c5,two men are playing ping pong .,82ac6ebe7c166a00da9a905a5c6b0edddb4751fa1651eed3b30c50d27e0779c5,451,sentence1,10,search,6
82ad802cd5d6da9c02a8f9f03971ce07cd8adf4a8c8ec9afb53273ff2d1e1144,russia would not immediately increase military strength along russian borders .,82ad802cd5d6da9c02a8f9f03971ce07cd8adf4a8c8ec9afb53273ff2d1e1144,19387,sentence1,15,search,0
82e006e13304824fafd9696a9839dc7524199a5c8043c72e1c40530924931f15,chuck close we are all vessels filled with many wonders .,82e006e13304824fafd9696a9839dc7524199a5c8043c72e1c40530924931f15,26248,sentence1,14,search,5
82e2d42851126c8ef08e99b7d0004fcb3c2294c0a4488483746a585101862120,the budget analysis comes as negotiations between the city council and the bloomberg administration heat up .,82e2d42851126c8ef08e99b7d0004fcb3c2294c0a4488483746a585101862120,27623,sentence2,19,search,2
833f0a7866882ea2027662fc7f6a0d3bd06e245bfdc02b901d7b0bee3fc9db86,A top violin player is standing on the roof over a man,833f0a7866882ea2027662fc7f6a0d3bd06e245bfdc02b901d7b0bee3fc9db86,19549,sentence2,13,search,6
834ffa6098b72641d90835c99de3a345d51037a5c109e2f80e1738fc25f5a971,"this is precsisely , is it not ? ,",834ffa6098b72641d90835c99de3a345d51037a5c109e2f80e1738fc25f5a971,17467,sentence1,17,search,5
835c6fe9df5186b6829491904a5194e30d6a6227e1e6a4af5c949625606f6a5d,s as you wish : do you see hitler killing jews ?,835c6fe9df5186b6829491904a5194e30d6a6227e1e6a4af5c949625606f6a5d,9212,sentence2,18,search,3
83978e78310a5497b79b2a30dae03ddcf509543d9e95a2dda331165ea11f444f,obama relaxes deportation rules for young immigrants,83978e78310a5497b79b2a30dae03ddcf509543d9e95a2dda331165ea11f444f,9299,sentence1,15,search,2
839dc2d8f4bb928efbb7c3b52e90aefd9bb9f39534de1418d0728cccb8c81e85,A man is watering a tree,839dc2d8f4bb928efbb7c3b52e90aefd9bb9f39534de1418d0728cccb8c81e85,14259,sentence2,8,search,6
83bae838d9ca3ca33cb68f6fce7b492506eab4f1e4c799d1e52ad0ed71924c24,Three men and a woman are standing still for a picture,83bae838d9ca3ca33cb68f6fce7b492506eab4f1e4c799d1e52ad0ed71924c24,29151,sentence2,13,search,4
83c9de1ef04ac487f19fd30b502747e4135cd91d27bd12a81e4b37391d29341b,many dead as asylum boat sinks off australia,83c9de1ef04ac487f19fd30b502747e4135cd91d27bd12a81e4b37391d29341b,2845,sentence1,9,search,3
83ce7d51d9e9715347b9942b9e118ef7bf0a34d3d8c4fc75aa383e47a619a3f0,other divide unfortunately due to a accumulated ill-will .,83ce7d51d9e9715347b9942b9e118ef7bf0a34d3d8c4fc75aa383e47a619a3f0,19570,sentence1,15,search,5
83d9ad7ee023291807b058e92217d55ef7b333630fbba3efd3682f3d68a918af,A man is playing a piano.,83d9ad7ee023291807b058e92217d55ef7b333630fbba3efd3682f3d68a918af,25156,sentence1,8,search,6
83e2374e37321c86019e3028c22d43f5638230fc3ffe6060a5ee6133555404a5,"i visited peru in august , starting from lima and touring for three weeks .",83e2374e37321c86019e3028c22d43f5638230fc3ffe6060a5ee6133555404a5,2193,sentence2,21,search,2
83ec8a33748416e8449d2d86f6b29118dcc3156057695032ce687eccac761d4b,There is no man cutting a box,83ec8a33748416e8449d2d86f6b29118dcc3156057695032ce687eccac761d4b,16128,sentence2,8,search,0
83f97980a7a4f593dd923369e3c96294a4fbc593ab42442a15d33ae23f7b10d5,A man is making a bed.,83f97980a7a4f593dd923369e3c96294a4fbc593ab42442a15d33ae23f7b10d5,20585,sentence1,8,search,6
844b39b54d46df4796f0df2750ac4323e5c7de41cd3c5d4b74341387c64e77c2,A woman is squeezing a lemon,844b39b54d46df4796f0df2750ac4323e5c7de41cd3c5d4b74341387c64e77c2,11127,sentence2,11,search,1
845f21f7f11d6723496a37411ceafe85f945e14d7c947bcd7f87988f702ba139,A woman is talking on a cell phone.,845f21f7f11d6723496a37411ceafe85f945e14d7c947bcd7f87988f702ba139,23587,sentence1,10,search,1
84744527c81997fd5a6bd6b3e39b7421bd8be02ab9729158695f88fbb996d973,urban athlete : a hotel room workout from nicole glor,84744527c81997fd5a6bd6b3e39b7421bd8be02ab9729158695f88fbb996d973,27206,sentence1,17,search,1
84b1851826a0b3e71b55bca3180bcbcf56184284cb7533e194b0578e053c9256,south africa unites in prayer and song for nelson mandela,84b1851826a0b3e71b55bca3180bcbcf56184284cb7533e194b0578e053c9256,1084,sentence1,16,search,2
84cef80ca6acd595e7b4dce317924faa2ec1e4a6b433bd3dbb543a86e9dd37bf,a rationale or reason for something,84cef80ca6acd595e7b4dce317924faa2ec1e4a6b433bd3dbb543a86e9dd37bf,9611,sentence2,8,search,5
8521e197ebdaee8cc39f37ff4dc82b561fc23e7c77c45f3402b17df0b319bd02,the cat is laying on an animal print blanket .,8521e197ebdaee8cc39f37ff4dc82b561fc23e7c77c45f3402b17df0b319bd02,35127,sentence2,12,search,7
853657e85ce1375f41aa3749d3758ab12dcb9d3df3c54788fb47caebd615c35f,"i haven 't read the books , but i saw the movie today .",853657e85ce1375f41aa3749d3758ab12dcb9d3df3c54788fb47caebd615c35f,10012,sentence1,21,search,0
854c7dd033ed960711d775ca979aebed5b3286592803e62825cbbb32de00ab4c,a rabbit is playing with a toy rabbit .,854c7dd033ed960711d775ca979aebed5b3286592803e62825cbbb32de00ab4c,2566,sentence1,13,search,7
858ce3fdbd85cb616caa9e9ddcc7f21232a6b924edc820dba36d70bf4e2f162e,Two girls are sitting on the ground,858ce3fdbd85cb616caa9e9ddcc7f21232a6b924edc820dba36d70bf4e2f162e,15381,sentence1,7,search,4
8591d383cfea38922f7a09a85cf6350cf9111692e15717109af9a71107d277f8,rescuers scour debris after india buildings collapse,8591d383cfea38922f7a09a85cf6350cf9111692e15717109af9a71107d277f8,20272,sentence1,11,search,3
85d3e17c9d1afb759ced21678a6d7a233df7e6b089c0848bfcdf9eef0f8b6149,that 's what the data available shows .,85d3e17c9d1afb759ced21678a6d7a233df7e6b089c0848bfcdf9eef0f8b6149,19582,sentence1,11,search,5
861be5cce939ce47f20bba2bf2a51f02f37425daf15e33d52546d59b396d2e51,The orange rescue boat is rushing across the water,861be5cce939ce47f20bba2bf2a51f02f37425daf15e33d52546d59b396d2e51,26503,sentence1,10,search,4
862d043419793eba71cd36b7a575dc1aa486d531cf037a902355f8bbf1d2ca0a,clean with hard rubbing .,862d043419793eba71cd36b7a575dc1aa486d531cf037a902355f8bbf1d2ca0a,12438,sentence1,7,search,5
863500f48699366394b56e11514855bd8015146eb756f51948cc91f0fb7dce24,a black dog wearing an orange collar is entangled with fishing wire .,863500f48699366394b56e11514855bd8015146eb756f51948cc91f0fb7dce24,33520,sentence2,17,search,7
86380a6cd7f70f8d592c752c41f912c33f2e9fe5d58e2a8d267017215be0f79a,Two adults are standing on a scooter in a field of flowers,86380a6cd7f70f8d592c752c41f912c33f2e9fe5d58e2a8d267017215be0f79a,6180,sentence2,14,search,4
867333b640a26043e361f37d6dbe04d204a66ea3a4923ce7841f8f43621870e2,A skateboarder is falling off a half pipe,867333b640a26043e361f37d6dbe04d204a66ea3a4923ce7841f8f43621870e2,5006,sentence1,11,search,6
868ef7c42eaac7c86797f61817565152d93c7dd269d318f47f001596fafd1384,The man and woman are not walking,868ef7c42eaac7c86797f61817565152d93c7dd269d318f47f001596fafd1384,13207,sentence1,7,search,6
8690841d49646c61de63cfa279c3ae026f17ab8da652543bbb018d8ac6ea18c2,a man is playing soccer .,8690841d49646c61de63cfa279c3ae026f17ab8da652543bbb018d8ac6ea18c2,1366,sentence1,8,search,6
86a736517dd77aac9d65a5229a544f81a3ab7fd72a1c235c4dddd2574e542941,"The Fijian military installed an all-indigenous government led by Mr Qarase, who won democratic elections in September 2001.",86a736517dd77aac9d65a5229a544f81a3ab7fd72a1c235c4dddd2574e542941,32418,sentence1,28,search,2
86e3c6f8f0742f83b2e0f279f2b242a48da9fc43d2534ce7f7d7c3e599774a5d,"and in the end , bush 's poll numbers were circling the drain because of his spending ...",86e3c6f8f0742f83b2e0f279f2b242a48da9fc43d2534ce7f7d7c3e599774a5d,2123,sentence2,24,search,3
86e76cc3e4c6f8c3d9ace16f763baa58a5ea589bb4fd562cbaa9e12069054404,a man is slicing a leave .,86e76cc3e4c6f8c3d9ace16f763baa58a5ea589bb4fd562cbaa9e12069054404,14342,sentence1,13,search,6
86ed73d3dc9c9b9c50bb66e932f44b499bd59a6ed1205bdd113ec35c2f35c7a6,the problem i see with the gres is that the scoring range is highly compressed .,86ed73d3dc9c9b9c50bb66e932f44b499bd59a6ed1205bdd113ec35c2f35c7a6,5170,sentence2,19,search,5
8711253eafe5c771810e0369d032c62639805f52ae27206eea7b5e4f5847fb60,the total immersion in the english language focusses on the almost constant use of english in teaching .,8711253eafe5c771810e0369d032c62639805f52ae27206eea7b5e4f5847fb60,36140,sentence2,20,search,5
8736dde23697041a05af46736797c935757bf44f06f16574aa0613803240fed1,The microphone in front of the talking parrot is being muted,8736dde23697041a05af46736797c935757bf44f06f16574aa0613803240fed1,30276,sentence1,13,search,7
8744f813c98f28047dac92b45363abacaceca67303d7cb986075bf6e8181d355,bulb a and b are still contained within a closed path and connected to a battery,8744f813c98f28047dac92b45363abacaceca67303d7cb986075bf6e8181d355,21318,sentence2,20,search,0
87478c2a7058a946d0145f9f38e94bace055112c60b3ae8bb95ae4d5766d6e1f,The helmeted girl is perching on a bike,87478c2a7058a946d0145f9f38e94bace055112c60b3ae8bb95ae4d5766d6e1f,12196,sentence2,12,search,1
874d0b4201464529e63ade086b0348913a35fd578c626eb4f703973eedccd358,because the bulb does not have a closed path .,874d0b4201464529e63ade086b0348913a35fd578c626eb4f703973eedccd358,10456,sentence2,12,search,0
87ba25d7f3632841ca7db8d22fd8a02300603f033af34d862a9d3dbbde2f80bf,a judgement or opinion about something,87ba25d7f3632841ca7db8d22fd8a02300603f033af34d862a9d3dbbde2f80bf,19369,sentence2,7,search,5
87c59c2c5ad44d1a3467cb24618b49119d6a4f4d2629041effd1c672411e2d44,A camera is being held in front of the face of a child,87c59c2c5ad44d1a3467cb24618b49119d6a4f4d2629041effd1c672411e2d44,5254,sentence2,14,search,4
87d572bc715a8c20e032ba52e42b4f9b7764fbbe04cdd0b9a648f1c7e1d7ee2b,helmand province is the world 's largest opium-producing region .,87d572bc715a8c20e032ba52e42b4f9b7764fbbe04cdd0b9a648f1c7e1d7ee2b,20060,sentence1,19,search,2
87f20181580b61ee5a55d39b2981ab0ad8e79e258852a81ff5c130f4bee39b3b,a breakdown of order in china will be worse than in afghanistan or yugoslavia .,87f20181580b61ee5a55d39b2981ab0ad8e79e258852a81ff5c130f4bee39b3b,17265,sentence1,28,search,3
881053cfca9b73cd313d80752697ad0f55eee98b06a2d9655424433f20623b7e,four u.s. air force helicopter crew members killed in uk crash,881053cfca9b73cd313d80752697ad0f55eee98b06a2d9655424433f20623b7e,28261,sentence1,16,search,3
8817fdaa3c944c6d50fd18dfb68b3383f5c3ff76d30590490eb73922a8397463,"the nasdaq had a weekly gain of 17.27 , or 1.2 percent , closing at 1,520.15 on friday .",8817fdaa3c944c6d50fd18dfb68b3383f5c3ff76d30590490eb73922a8397463,17117,sentence2,35,search,2
8826900a5f84d357684b9e2a55ab8e4ac1a056254a2603766fbe7bd4e2500f0d,he also objects to the sales and personal income tax increases in the package .,8826900a5f84d357684b9e2a55ab8e4ac1a056254a2603766fbe7bd4e2500f0d,5016,sentence2,17,search,2
8842ea0b8c1cf54f953fae3143774400ab1faba699acb70434d8dc5687e1d3ec,"piers , guest clash over ar-15s",8842ea0b8c1cf54f953fae3143774400ab1faba699acb70434d8dc5687e1d3ec,16350,sentence1,11,search,3
8850e0be88a8ffa0bcc2338612c5742661851d400eb1a6eb3dd3ac9317b72ca8,17 : 02 23 killed in iraq car bombings,8850e0be88a8ffa0bcc2338612c5742661851d400eb1a6eb3dd3ac9317b72ca8,2151,sentence1,16,search,3
8893d502aa52f5212b640cf7566f0110a141236f2b04754e3d8d012ab0ea4948,a shirtless man is sitting on a chair .,8893d502aa52f5212b640cf7566f0110a141236f2b04754e3d8d012ab0ea4948,1222,sentence2,13,search,6
889e21f08943e0ffcde8d9214cd5ecb10bdd0cd34bca863614ace1222313afc9,"the americas market will decline 2.1 percent to $ 30.6 billion in 2003 , and then grow 15.7 percent to $ 35.4 billion in 2004 .",889e21f08943e0ffcde8d9214cd5ecb10bdd0cd34bca863614ace1222313afc9,29299,sentence2,34,search,2
88bbb00a64f9fdbf44d096e6b780ba47b572fa89de598f697f7aebc4c850c982,"one thing you seem to be forgetting regarding myths , is they are extremely prevalent stories .",88bbb00a64f9fdbf44d096e6b780ba47b572fa89de598f697f7aebc4c850c982,11243,sentence2,21,search,5
88c9699421ce8543366fed238babf765ca5f16e219de50008ee5f8695d213e9e,"moving on ... "" what is limbaugh 's or beck 's "" intent "" when they take some innocuous comment uttered by someone in the obama administration , ... """,88c9699421ce8543366fed238babf765ca5f16e219de50008ee5f8695d213e9e,26440,sentence2,48,search,5
88e9a5c8d1f1b5797b6f8e8fcc034b7fd08c2f414c50c138216b2a65bb60fdf6,reach a destination or goal,88e9a5c8d1f1b5797b6f8e8fcc034b7fd08c2f414c50c138216b2a65bb60fdf6,18468,sentence2,6,search,5
89056ee252c6207a891fa941cbf9862aa22951dfd983dfdc8b120814edf3a441,A man holding a dog.,89056ee252c6207a891fa941cbf9862aa22951dfd983dfdc8b120814edf3a441,14204,sentence2,7,search,7
890cb8c705f9f14e5fe012f6289b81d6959ec0f4a9b17c477e81c5920628fadb,asiana air boeing 777 crash lands at san francisco airport,890cb8c705f9f14e5fe012f6289b81d6959ec0f4a9b17c477e81c5920628fadb,2270,sentence2,19,search,3
890d01ef852af42b10e8abcea80eb977f00d4d00e93c64fd77da031c702cc6a9,A dog is playing on the green grass,890d01ef852af42b10e8abcea80eb977f00d4d00e93c64fd77da031c702cc6a9,1033,sentence2,8,search,7
8914cd4dee17ed40652be4cb12f90218f8fb646f530b431faad2b0831c9e9c11,what 's the best way to store unused sushi rice ?,8914cd4dee17ed40652be4cb12f90218f8fb646f530b431faad2b0831c9e9c11,26048,sentence2,15,search,5
893b7a781335a4f76f6962fde786eb2067adf9db966ee361d196921849c0d2d8,Four athletes are with a man in a crowded stadium,893b7a781335a4f76f6962fde786eb2067adf9db966ee361d196921849c0d2d8,19560,sentence2,13,search,6
8952479d6f8f86cd4948aef889ff858f9c48590a976c9a813f7656e543045179,a small monkey walks through water .,8952479d6f8f86cd4948aef889ff858f9c48590a976c9a813f7656e543045179,9698,sentence1,9,search,7
89934b0941a48e032132bf4124c3654918a11b03698ac75831cee437593673ad,"dunlap won both the swimsuit competition and the talent portion of the competition , singing "" if i could . """,89934b0941a48e032132bf4124c3654918a11b03698ac75831cee437593673ad,4188,sentence2,28,search,2
8996a561bb9babd6860655ee222755264a07f9101483ff0e648a0f92474330a9,There is no child playing with a water spout outdoors with the rest of his family watching,8996a561bb9babd6860655ee222755264a07f9101483ff0e648a0f92474330a9,26083,sentence1,21,search,0
89ca2d83c38e88697194b72044fb6ec2998598a5c7b9c19e6c525e1f134e1f11,"Two men, a woman, and two young boys are standing in front of a large gathering of people outside a building",89ca2d83c38e88697194b72044fb6ec2998598a5c7b9c19e6c525e1f134e1f11,3502,sentence1,26,search,4
89f742191ab9c91950f630d6eb5ee9962ef8707727b2a04295336d8b2c85f91e,a boy jumping in the air on the beach .,89f742191ab9c91950f630d6eb5ee9962ef8707727b2a04295336d8b2c85f91e,21466,sentence1,12,search,4
8a1c852bcccc87ac2314120e7eab669bb48b01352a492075aa9d4b2e306b38b9,the who says the latest case does not fit its profile of sars and is not a public health concern .,8a1c852bcccc87ac2314120e7eab669bb48b01352a492075aa9d4b2e306b38b9,23290,sentence1,26,search,0
8a3615ec5fc82a5ebebd8c449e4bbc07289c73508d9399ff7678ca2fa5ccbe75,A man is throwing blades into a close target outside.,8a3615ec5fc82a5ebebd8c449e4bbc07289c73508d9399ff7678ca2fa5ccbe75,26987,sentence2,13,search,6
8a5b8fe8d2e6d59729b4a6aa7ae447f720a2ee7902dbca1aca2158a8a6c77507,A sheepdog is grouping a herd of sheep,8a5b8fe8d2e6d59729b4a6aa7ae447f720a2ee7902dbca1aca2158a8a6c77507,16999,sentence1,12,search,7
8a92de66d3706dd9e1829d9612286516e47a5900ea8ab3670e3ad50bfde9912a,make a film or photograph of something .,8a92de66d3706dd9e1829d9612286516e47a5900ea8ab3670e3ad50bfde9912a,17426,sentence1,10,search,5
8aa4191293db76081d1c3b0c411a88bd237f62b2efb13a8667dd65b7c5f16291,the voltage is nearest the burnt out bulb,8aa4191293db76081d1c3b0c411a88bd237f62b2efb13a8667dd65b7c5f16291,6597,sentence1,9,search,5
8aafca90a5979238da6cc097ed5f41bec9125830556cea0fe6dc634ec5da8e0c,"consider again ( a bill ) that had been voted upon before , with a view to altering it .",8aafca90a5979238da6cc097ed5f41bec9125830556cea0fe6dc634ec5da8e0c,5052,sentence2,27,search,5
8abe97c8ba194af3d3f0c53cb0e59204b8997d3a899bd75ffad8112c48d459ab,a bicycle is parked by a shop .,8abe97c8ba194af3d3f0c53cb0e59204b8997d3a899bd75ffad8112c48d459ab,30599,sentence1,12,search,4
8ac4670ad4dd8aaa101eca25eb23815ec93c2b12d79cf323c05ae54569c01783,there is a small desk and chair in front of the laundry room .,8ac4670ad4dd8aaa101eca25eb23815ec93c2b12d79cf323c05ae54569c01783,11393,sentence1,16,search,5
8acbde61ba4eabac7274759d6d3451104fb97d4a60bf19e2c7ddd53f8101fa6b,Someone is peeling a banana,8acbde61ba4eabac7274759d6d3451104fb97d4a60bf19e2c7ddd53f8101fa6b,34939,sentence1,7,search,1
8adad9951b738da1bfdf0ce1a38f70e4e92d941cf4872aa54f8560ec9cf02db7,thus the need for health care insurance reform ... the,8adad9951b738da1bfdf0ce1a38f70e4e92d941cf4872aa54f8560ec9cf02db7,27268,sentence2,11,search,5
8afdf063a8eff57c42959f09fc5302d78298b22823b3d619e9de21a6f9553c4c,there is no difference between the two terminals .,8afdf063a8eff57c42959f09fc5302d78298b22823b3d619e9de21a6f9553c4c,6297,sentence2,11,search,0
8aff6ba16f9f03f56e6342c7eb20b54d1f8266c2d738283d589557a4f49faa88,"the decision came after "" listening to our customers and associates , "" melissa berryhill , a spokeswoman for wal-mart , said .",8aff6ba16f9f03f56e6342c7eb20b54d1f8266c2d738283d589557a4f49faa88,507,sentence2,41,search,2
8b0b37f5d350d4a7aa97cd6362be1ac1433edc607ef01b42544471f57d3003a0,gun ban argument continues but will it really solve anything except to disarm the innocent ? # pols1101,8b0b37f5d350d4a7aa97cd6362be1ac1433edc607ef01b42544471f57d3003a0,14482,sentence2,24,search,2
8b1789dad1886eb4a9e931d2fc3327d8d5b79a2393b96dd8b507d478728c8b3f,"board chancellor robert bennett declined to comment on personnel matters tuesday , as did mills .",8b1789dad1886eb4a9e931d2fc3327d8d5b79a2393b96dd8b507d478728c8b3f,8230,sentence2,31,search,0
8b2599f7969f208408b962a54a20a7adeff6015db30e0dd4e2b4640f6693edd0,"umm , that pretty clearly states , "" the statute is presumed constitutional . """,8b2599f7969f208408b962a54a20a7adeff6015db30e0dd4e2b4640f6693edd0,22292,sentence1,20,search,2
8b26b96560d1ab3aec8a52778d72f7fe17f555224068cf37b45b6f7f55df31a1,"cause to have , in the abstract sense or physical sense .",8b26b96560d1ab3aec8a52778d72f7fe17f555224068cf37b45b6f7f55df31a1,8599,sentence2,14,search,5
8b7b590a01602e9968606cbd975035f3664dee69f87793a8e529bf642dcfad5e,cryptic crossword - saturday 27th april,8b7b590a01602e9968606cbd975035f3664dee69f87793a8e529bf642dcfad5e,26924,sentence1,17,search,5
8b92e6be200aa5d4fce12122467f5425db2ac485922de06140dc107f4d1fa769,what is the difference between a mode and a scale ?,8b92e6be200aa5d4fce12122467f5425db2ac485922de06140dc107f4d1fa769,23036,sentence2,14,search,5
8b993f17f80b70ae6a33f14ed32256143374fff8d196d45f5070050ab7946430,A cat is looking at a store counter,8b993f17f80b70ae6a33f14ed32256143374fff8d196d45f5070050ab7946430,31573,sentence1,9,search,7
8be4dd17754585674ca109b9fe86e7ce2724497b6b0d9e313e79761c817d7243,harry kane leaves it late to rescue a point for tottenham hotspur,8be4dd17754585674ca109b9fe86e7ce2724497b6b0d9e313e79761c817d7243,11321,sentence2,22,search,6
8bff2d4f1f3ebebd3e225f83465f47fe09abaddea670c808ea96df23ce3f2e36,"through thursday , oracle said 34.75 million peoplesoft shares had been tendered .",8bff2d4f1f3ebebd3e225f83465f47fe09abaddea670c808ea96df23ce3f2e36,16170,sentence1,24,search,2
8c1d62e25b376871b55d114a0eaf5143f69f0a91b23d9fade4632c21e3c4e1be,a man is riding a red motorcycle on the road .,8c1d62e25b376871b55d114a0eaf5143f69f0a91b23d9fade4632c21e3c4e1be,9046,sentence1,14,search,6
8c2270d9720a2e2910bf6161ff552659e011b91cd9dffc1a07b2818aab948851,gunmen ' kill 10 tourists ' in kashmir,8c2270d9720a2e2910bf6161ff552659e011b91cd9dffc1a07b2818aab948851,2399,sentence2,14,search,3
8c26d35008a1697d37607001c4b83bc2f06b84748b1800084bff613f4ed9ef3a,members of the proliferation security initiative are considering ways of intercepting ships or aircraft suspected of carrying weapons of mass destruction .,8c26d35008a1697d37607001c4b83bc2f06b84748b1800084bff613f4ed9ef3a,6338,sentence2,24,search,2
8c4fdb3869d6b09a651f1abb7a992fc8fbb3f38f80ef485edd6d5d720e275eff,libya ‘ destroys last chemical weapons ’,8c4fdb3869d6b09a651f1abb7a992fc8fbb3f38f80ef485edd6d5d720e275eff,19140,sentence1,12,search,3
8c724f9cd2c1e4956356e4a9e033a0bde8c4130a4a6153d22552fbcef934738d,Two poodles are in the snow and one is jumping,8c724f9cd2c1e4956356e4a9e033a0bde8c4130a4a6153d22552fbcef934738d,8195,sentence2,13,search,7
8c7573fb91fd47a65dd1318f2effd12dba3e6a2e5638556d8ba8c5f3b29846f9,us helping get arms to syria rebels,8c7573fb91fd47a65dd1318f2effd12dba3e6a2e5638556d8ba8c5f3b29846f9,10201,sentence2,13,search,2
8c78e056318ee0fbc8dee64735219af33a87a81f407a4f245e2b906c4a7c1f61,Some people who play soccer are kicking a soccer ball into the goal,8c78e056318ee0fbc8dee64735219af33a87a81f407a4f245e2b906c4a7c1f61,15345,sentence1,15,search,4
8c9bc1e559da651871ba148360f5b5da212ad284d3e7fc886188302662f3ba4e,A black dog is jumping from a cylindrical hay bale,8c9bc1e559da651871ba148360f5b5da212ad284d3e7fc886188302662f3ba4e,19141,sentence1,13,search,7
8ca437a4b35af9b041fc6eaffa2f877dad09c393245691d7e537151d80442068,A group of boys are playing with a ball in front of a large door made of wood,8ca437a4b35af9b041fc6eaffa2f877dad09c393245691d7e537151d80442068,16262,sentence1,20,search,4
8caf2775dfbad0f4a7c4a0e5cdf9f3f54aecb583fc7bf3c930123172f5021fd3,"many at eatonville , like ms jones , a courageous teacher who has a weakness for bright red , always fear that their insular community will not be understood .",8caf2775dfbad0f4a7c4a0e5cdf9f3f54aecb583fc7bf3c930123172f5021fd3,33322,sentence2,45,search,5
8cc703a7c3244112e5da6267f2adf553c1065dc3f7d4464f95791e09a0d270f2,Bahraini protesters and police clash after funeral,8cc703a7c3244112e5da6267f2adf553c1065dc3f7d4464f95791e09a0d270f2,30651,sentence2,9,search,3
8ceb8483ddf3f686958a64cd50511b609866709c9d1ec99bede0bfa2ec40bf77,There are four people outside.,8ceb8483ddf3f686958a64cd50511b609866709c9d1ec99bede0bfa2ec40bf77,27580,sentence1,6,search,4
8d2bf4a3cc0649d03965a5c5556b1040b71004c31f44b90774b17bfceef0ba34,a contract granting use or occupation of property under certain terms or conditions .,8d2bf4a3cc0649d03965a5c5556b1040b71004c31f44b90774b17bfceef0ba34,19719,sentence1,17,search,5
8d2cef03224d53a52aa5b79406ab7dd8dc3b47a4156b24f49836e22b09985af3,there will be a gap at one point in time and there will be a voltage decrease so you know .,8d2cef03224d53a52aa5b79406ab7dd8dc3b47a4156b24f49836e22b09985af3,19470,sentence2,24,search,5
8d4151402c1f0762911179b7310d55f651bc6ee11d8cd7046a7f06c0851fa9e0,adhere to stereotypes perpetrate a negative / unform view of the lgbt community .,8d4151402c1f0762911179b7310d55f651bc6ee11d8cd7046a7f06c0851fa9e0,13563,sentence2,24,search,5
8d5507b68c544f08cff2f034fc745ad01ef1356ba73ff3812e9638c06dea352b,red double decker bus driving through the streets .,8d5507b68c544f08cff2f034fc745ad01ef1356ba73ff3812e9638c06dea352b,29012,sentence2,11,search,4
8d586d7a3d4a6a0728cb57f1a9ff1c3fb76c069704def032242b762f57d94f44,we are meant to move .,8d586d7a3d4a6a0728cb57f1a9ff1c3fb76c069704def032242b762f57d94f44,19471,sentence1,7,search,5
8d71c7201fe4685870e5f7a7b8d3f0205ab84375d4d319e2eb0be5a58804ba1a,This group of people is practicing water safety and wearing preservers,8d71c7201fe4685870e5f7a7b8d3f0205ab84375d4d319e2eb0be5a58804ba1a,3381,sentence2,13,search,4
8d77a2cb71bf5d89681da8d4c0824681b6f4f591b93db666b813723af68ce22d,A cat is crawling under a piece of furniture,8d77a2cb71bf5d89681da8d4c0824681b6f4f591b93db666b813723af68ce22d,28427,sentence2,11,search,7
8d82fe65304a549ef1016d876a30833adabd6e9863449e032e403c7c7df2f1a9,two women and a baby pose in front of a dining room .,8d82fe65304a549ef1016d876a30833adabd6e9863449e032e403c7c7df2f1a9,32407,sentence2,16,search,4
8dafd2160bf65cb3db968a4d06d1c71a5e5a8540ff559022dad0473fad9ac87d,both bulbs b and c are in the same path as bulb a,8dafd2160bf65cb3db968a4d06d1c71a5e5a8540ff559022dad0473fad9ac87d,27346,sentence1,16,search,4
8db32ca34d22e2d5f71e1bf3c9642fcf8afcad920f022994cbe86100f61ad4b3,each and every dimension corresponds to a separate term .,8db32ca34d22e2d5f71e1bf3c9642fcf8afcad920f022994cbe86100f61ad4b3,17445,sentence1,13,search,5
8dc0fcf60efaf302753ef579461aa8b5a3e64358a33ebc8b8361ef71c4e82e3d,A small camouflaged airplane parked in the grass.,8dc0fcf60efaf302753ef579461aa8b5a3e64358a33ebc8b8361ef71c4e82e3d,6249,sentence2,14,search,4
8dd3c3b42b4171e7a64c4583459dd6a801ad0fb18cf06be44f51cb108e3cbc72,A man is catching a fish,8dd3c3b42b4171e7a64c4583459dd6a801ad0fb18cf06be44f51cb108e3cbc72,7168,sentence1,8,search,6
8e092309ba33eaccbb0b5895cc17247ffc3dcff65a75e999d8498a106ea71386,"syrian forces bombard homs , russia warns of civil war",8e092309ba33eaccbb0b5895cc17247ffc3dcff65a75e999d8498a106ea71386,15055,sentence1,18,search,3
8e0e92e9d0e09a26aec5a510e6d1b541d9a4b13e7e427340d2a3d44cc6397b2e,Two young women with folded arms are looking at the screen,8e0e92e9d0e09a26aec5a510e6d1b541d9a4b13e7e427340d2a3d44cc6397b2e,31135,sentence2,11,search,4
8e1c6a867d0b6b14384f23e09961bce012de096f3cfe8edd9a4ad67cb2cc3cb6,A boy is sitting in a room and playing a piano by lamp light,8e1c6a867d0b6b14384f23e09961bce012de096f3cfe8edd9a4ad67cb2cc3cb6,1003,sentence2,16,search,6
8e2e8419bddaf771c0cea80b0f22db17bbf9076c47f5f159afd71d965b78a334,a woman is putting flour onto some meat .,8e2e8419bddaf771c0cea80b0f22db17bbf9076c47f5f159afd71d965b78a334,1359,sentence2,12,search,1
8e3bc12649efc179aa7294e7d02fdb58c706e063a2ea85cfd8ad2aaa244187bb,A middle eastern woman is standing with her back against a lamp post near to other people,8e3bc12649efc179aa7294e7d02fdb58c706e063a2ea85cfd8ad2aaa244187bb,13600,sentence2,18,search,1
8e3ec89a0b8fe83c6564ccb90c481cdedfc048a8409abd9822b23d32a8e3a8ee,"the coffee simply picks up the aluminum from the pot , as the coffee is acidic .",8e3ec89a0b8fe83c6564ccb90c481cdedfc048a8409abd9822b23d32a8e3a8ee,37194,sentence1,21,search,5
8e5117751f998cc520cda4eca46b20b172c022ef0f46bb4e117a9271f17604e1,A man is playing piano.,8e5117751f998cc520cda4eca46b20b172c022ef0f46bb4e117a9271f17604e1,4026,sentence1,6,search,6
8e5eeaf58afbca9704a18392dfb3945ca001538439a5eef30bb3793214d60cea,A small brown birds is eating from a bird feeder hanging from a tree.,8e5eeaf58afbca9704a18392dfb3945ca001538439a5eef30bb3793214d60cea,31190,sentence1,17,search,7
8e5ffb272f6c6dd3e68d66590e34d93a5b84fa3783ef122ecf9af289e6987dfa,intrinsic reward is the emotional pay-off that you get by completing an activity .,8e5ffb272f6c6dd3e68d66590e34d93a5b84fa3783ef122ecf9af289e6987dfa,23065,sentence1,18,search,5
8e738ed6de40e9ff475b88d2c25cd3c9b3940a379332f7bdf8882029cb1ba78e,A boy on a hill covered in snow is wearing a red jacket and a black hat and is sliding on his knees,8e738ed6de40e9ff475b88d2c25cd3c9b3940a379332f7bdf8882029cb1ba78e,2219,sentence1,28,search,4
8e7b90d5848c5c19c3898eb3daf4194bd52d22135b2839a44dfd57c786fc51d2,( computer science ) the ability to exchange and use information ( usually in a large heterogeneous network made up of several local area networks ) .,8e7b90d5848c5c19c3898eb3daf4194bd52d22135b2839a44dfd57c786fc51d2,26247,sentence2,34,search,5
8e7db0d4f5ca7fe4808420793d874b35b41645c8536c76ecdc92daf3e8a2bf2c,indian pm snubs commonwealth summit,8e7db0d4f5ca7fe4808420793d874b35b41645c8536c76ecdc92daf3e8a2bf2c,35457,sentence1,14,search,0
8e7e43ed33afe62d9c30aaa1b5b6ad41ad0b6b426f6210fd881f75d0681d84a9,"""We put a lot of effort and energy into improving our patching process, probably later than we should have and now we're just gaining incredible speed.",8e7e43ed33afe62d9c30aaa1b5b6ad41ad0b6b426f6210fd881f75d0681d84a9,18154,sentence2,34,search,2
8ec23e23803390b38230bd450fcc99ac4d7cf181a8499037e720ef9c6d364fc0,my son didn 't become potty trained until about his 4th birthday .,8ec23e23803390b38230bd450fcc99ac4d7cf181a8499037e720ef9c6d364fc0,14458,sentence2,19,search,5
8ed1c9873a1bd306af343df76f456b70009c46f4ad6673ac19fd15648ac23f69,there was not majority qualified within this parliament to bring back to the article 272 either .,8ed1c9873a1bd306af343df76f456b70009c46f4ad6673ac19fd15648ac23f69,16023,sentence1,19,search,0
8ed73bc29a91ce586f0d208f814cd5c1881ef5aa1b891ed805b065b60645e811,ukraine protesters topple lenin statue,8ed73bc29a91ce586f0d208f814cd5c1881ef5aa1b891ed805b065b60645e811,34239,sentence2,12,search,3
8ef550bc20fa23a55f7c83b893f6b2b0546c5f87cd91f7b666b577bc7b1935b9,police helicopter crashes into scottish pub,8ef550bc20fa23a55f7c83b893f6b2b0546c5f87cd91f7b666b577bc7b1935b9,7754,sentence1,9,search,3
8f0dacb0c27f11216ba81db293a4e5d5ca2b58f1f6a17cba331e84c58ec421b5,"to say , state , or perform again .",8f0dacb0c27f11216ba81db293a4e5d5ca2b58f1f6a17cba331e84c58ec421b5,20074,sentence2,12,search,5
8f31231071c4f430746c610d348d8ba5869bf6cd03fa80ac885977d53f8935bb,Three children playing on a floor with toys.,8f31231071c4f430746c610d348d8ba5869bf6cd03fa80ac885977d53f8935bb,10720,sentence1,10,search,4
8f4dce4238737475c73cce641f3e88ef8a672980bffc62fe2327164905544ad9,switch y and bulb a are not in the same closed path,8f4dce4238737475c73cce641f3e88ef8a672980bffc62fe2327164905544ad9,17742,sentence2,14,search,0
8f7a4012668ed1467847357458d0ff2d4015f214065a74e6280e3efa0e5d018d,A man is driving a car,8f7a4012668ed1467847357458d0ff2d4015f214065a74e6280e3efa0e5d018d,13122,sentence1,7,search,6
8f84e9565920b8f491295a1cdd3c1f6308dcd055b54c5ef370f6eff8d833d9cc,hope this is what you are looking for .,8f84e9565920b8f491295a1cdd3c1f6308dcd055b54c5ef370f6eff8d833d9cc,1556,sentence1,10,search,5
8f973d1d3a9b2483c81e080edf457872c7b3a9afef8b27545a10108d82bf684e,us releases initial report on fracking impacts on water,8f973d1d3a9b2483c81e080edf457872c7b3a9afef8b27545a10108d82bf684e,12195,sentence1,11,search,2
8fbb7b91a4f43be14f4859c93878e5d40c2a1ac8af546ceee1dda7f1ed793d4a,breed animals or plants using parents of different races and varieties .,8fbb7b91a4f43be14f4859c93878e5d40c2a1ac8af546ceee1dda7f1ed793d4a,32219,sentence1,13,search,5
8fc601c950df43a718b3d740db34ebccb895c8cc34f3c22c7f9160039451e622,i don 't think there is a single definition .,8fc601c950df43a718b3d740db34ebccb895c8cc34f3c22c7f9160039451e622,31369,sentence1,15,search,5
8fe11d6a7136b95d25c9d4c02fe8dd4a41c33797d9de5ff19c039f89adafe0d1,edwards found not guilty on one count ; mistrial on others,8fe11d6a7136b95d25c9d4c02fe8dd4a41c33797d9de5ff19c039f89adafe0d1,33456,sentence2,18,search,2
8ffc41ed0a8556a8591125c07bf373d41bacc32edb64762a814a330295fe6212,a woman is slicing a cucumber .,8ffc41ed0a8556a8591125c07bf373d41bacc32edb64762a814a330295fe6212,940,sentence1,13,search,1
9019893bdc8e3bb82715e86f07af13b31d57d4d2a365986eaeef6367b7601e12,i have had the same problem .,9019893bdc8e3bb82715e86f07af13b31d57d4d2a365986eaeef6367b7601e12,32136,sentence1,9,search,5
902d025c1bc56ab191469ca632006722f931519cedf78e9066137da8a1537432,"as i already explained it in second reading , a crisis is located to the basis of this modification of directive .",902d025c1bc56ab191469ca632006722f931519cedf78e9066137da8a1537432,32476,sentence2,26,search,2
904133cfd097a7a4d3784b66e468a5c4754e048a24e87ff74b3e2d8fcaf5b491,A man is snowboarding down a railing in the snow,904133cfd097a7a4d3784b66e468a5c4754e048a24e87ff74b3e2d8fcaf5b491,17036,sentence1,13,search,6
90431f2837c7b5e3da59b58bacbc75d1d9d672976723f74f3cc3a1bcff674ae6,tie or fasten into a knot .,90431f2837c7b5e3da59b58bacbc75d1d9d672976723f74f3cc3a1bcff674ae6,18946,sentence2,10,search,5
90516e80e4066060a39446aded5b0235a8ab21a4c2d2a0f8ebcc9c52e56ce417,kerry call on congress to end shutdown,90516e80e4066060a39446aded5b0235a8ab21a4c2d2a0f8ebcc9c52e56ce417,10123,sentence2,9,search,2
906ed4848a015a76332fa3114ff26130ad64195181c31e8506d67f89a3644600,The man is not knocked off of a horse,906ed4848a015a76332fa3114ff26130ad64195181c31e8506d67f89a3644600,12482,sentence2,12,search,6
907da0fb41c126027ee9f22f7115e0f57a2550d084b96d6df8b7c321615dcc82,"the eye of the bee plays an important role , since it is able to see in all directions , in an angle of 300 degrees .",907da0fb41c126027ee9f22f7115e0f57a2550d084b96d6df8b7c321615dcc82,15534,sentence2,32,search,5
907da4cd2343ff99b49aec289bff36cef544ba365a7cd55e4e421a9d4becc296,A woman is preparing an egg in a skillet.,907da4cd2343ff99b49aec289bff36cef544ba365a7cd55e4e421a9d4becc296,20397,sentence2,12,search,1
909f75bddc0c815e5b6ad967d6455c9c4123c2ac001df271630415737e514e92,man sets himself on fire at breivik trial,909f75bddc0c815e5b6ad967d6455c9c4123c2ac001df271630415737e514e92,13572,sentence2,11,search,3
90c8d581e58a06f66b6aefc95bfc6d17aefc91b966b54d1a3c2a27986d5baea5,26 palestinian prisoners released from israeli prison,90c8d581e58a06f66b6aefc95bfc6d17aefc91b966b54d1a3c2a27986d5baea5,15208,sentence1,11,search,3
90db47e52874ce6a1964f42f4e858eaaa4c457b306919c249ab9dd78b084dc74,a man is busting concrete .,90db47e52874ce6a1964f42f4e858eaaa4c457b306919c249ab9dd78b084dc74,8186,sentence1,9,search,6
90e837f8d855a05e3e56dba92b7120fa9dd78a263d758e2657ab85c23c44188b,go around the rim of,90e837f8d855a05e3e56dba92b7120fa9dd78a263d758e2657ab85c23c44188b,37271,sentence1,6,search,5
90f58e3856e5fb185d57b7f90a396d422ad225a71c7dd2943ab9dc775fadd93f,i form part of the members of parliament who are rather honourably present .,90f58e3856e5fb185d57b7f90a396d422ad225a71c7dd2943ab9dc775fadd93f,5398,sentence1,17,search,2
911b33087cadf5436ee5a264fe3cc91a68fd698fbdb505e624ff0b553224b571,a woman enjoying her reading at a coffee shop,911b33087cadf5436ee5a264fe3cc91a68fd698fbdb505e624ff0b553224b571,20596,sentence2,11,search,1
91536494b4c8bc639c6f842ab682f7061ca45faf608c27ffed9dcf8c332074d1,Nepalese citizens require a visa to visit the UK.,91536494b4c8bc639c6f842ab682f7061ca45faf608c27ffed9dcf8c332074d1,6998,sentence1,14,search,2
917a2b606a4ecdc002d43b6c03dbbbb3b066cd6c1c6429a051f259ceb89754ac,"A man, a woman and two girls are walking on the beach",917a2b606a4ecdc002d43b6c03dbbbb3b066cd6c1c6429a051f259ceb89754ac,22568,sentence1,14,search,4
918dad52c3d29605b541a7da4a7f568b5451e6c45e8df130559b929d3368be26,"also missing is al larsen , 31 , of fort worth , texas , who was in another vehicle swept off the turnpike .",918dad52c3d29605b541a7da4a7f568b5451e6c45e8df130559b929d3368be26,13377,sentence1,39,search,3
91a58b492b6f054d7dea9e9116e7b16115d5cd3e5c695b331d3de4c0f98280eb,A black cat is jumping from a hay ball to another hay ball,91a58b492b6f054d7dea9e9116e7b16115d5cd3e5c695b331d3de4c0f98280eb,26451,sentence1,16,search,7
91a5ba5f2e0ffcd6d497a47a2b4611fb3cc37654803f160993959fbf9929998f,a man looking at a red motorcycle .,91a5ba5f2e0ffcd6d497a47a2b4611fb3cc37654803f160993959fbf9929998f,16395,sentence2,11,search,6
91eb0e6bbb368444c5407167662864a05c3baf751b2e74ec18269349b832fdbb,Black and white photo of a girl on a sofa.,91eb0e6bbb368444c5407167662864a05c3baf751b2e74ec18269349b832fdbb,34392,sentence1,13,search,1
91f062b551ae873cf1cd3e8ed09c6b570e5ac5940d8024d7ba1fca9d6ca22e84,A woman is slicing garlics.,91f062b551ae873cf1cd3e8ed09c6b570e5ac5940d8024d7ba1fca9d6ca22e84,8211,sentence2,10,search,1
91f7311fdc84187addbf7eba9fd0397cba96e3ec46f59771cf5b8e0126229c97,The men in brown shorts are walking on the rocks beside a river,91f7311fdc84187addbf7eba9fd0397cba96e3ec46f59771cf5b8e0126229c97,73,sentence2,15,search,4
9202450841b6aff49741892ca8b9a18d09d20271a4fe05b0173eb2dc1e0d3e23,Two women are wearing bikinis and are walking on the sand,9202450841b6aff49741892ca8b9a18d09d20271a4fe05b0173eb2dc1e0d3e23,22830,sentence1,15,search,4
921c76b68fbf40615e1564616f22367397d7fb8997330d3b3d58d98042563e40,A girl is not playing the guitar,921c76b68fbf40615e1564616f22367397d7fb8997330d3b3d58d98042563e40,30288,sentence2,7,search,1
9251f6f9095fc6a78bcf2e206fdd6dc994301980d44f997da3ee9a8e30421552,mandela to spend christmas in hospital,9251f6f9095fc6a78bcf2e206fdd6dc994301980d44f997da3ee9a8e30421552,11502,sentence1,8,search,3
925260f9e4032d594a652f1f226225d233a823e8f512238024d651103a442588,"three dark haired young women in white , red and black sweaters .",925260f9e4032d594a652f1f226225d233a823e8f512238024d651103a442588,6048,sentence1,18,search,4
926fc808c8fde214c7987bdc26b0bbbec2c51c7c930576dbdb1d4794877bfa42,The content of a bowl is being mixed by a man,926fc808c8fde214c7987bdc26b0bbbec2c51c7c930576dbdb1d4794877bfa42,14855,sentence1,13,search,6
9297c81fbbd729a837cd7639f793283640b8e4d46dc1efec9269322a67808cfb,A man in green is kicking a soccer ball and a man in purple and white is rising up,9297c81fbbd729a837cd7639f793283640b8e4d46dc1efec9269322a67808cfb,4789,sentence1,22,search,6
92d14066d9eec261e49995eb96bfef0230ddb348b0ca61fe2ae65232da236d3e,A dog is jumping on a trees in the shades,92d14066d9eec261e49995eb96bfef0230ddb348b0ca61fe2ae65232da236d3e,10192,sentence1,11,search,7
932c45a6493e614133632717741cd9d84910473b831ff16144250f1f59f612c2,Two children are lying in the snow and are drawing angels,932c45a6493e614133632717741cd9d84910473b831ff16144250f1f59f612c2,33125,sentence2,12,search,4
93334f6c530b9c7c81c6f4e5a15a1f1cb545523c390cff6b586782bfb4280b5b,a group of people are wearing bunny ears .,93334f6c530b9c7c81c6f4e5a15a1f1cb545523c390cff6b586782bfb4280b5b,37657,sentence2,13,search,4
9350730c53d16ca265de151486f240220a57d7e1d0c42b54114e5f7b7bd1c14d,national constitution center president joseph torsella was hit in the head and knocked to his knees .,9350730c53d16ca265de151486f240220a57d7e1d0c42b54114e5f7b7bd1c14d,1449,sentence2,26,search,3
9359eb986ee8c082967f4542a54743cbfb35af0fc773a604376fe2f4bf7a28bd,release ( gas or energy ) as a result of a chemical reaction or physical decomposition .,9359eb986ee8c082967f4542a54743cbfb35af0fc773a604376fe2f4bf7a28bd,32266,sentence1,23,search,5
935e6c222d70318f398bf1e4835267ee717a9d30a15655d4bb152f1fa18a0f8e,passengers dead in italy bus plunge,935e6c222d70318f398bf1e4835267ee717a9d30a15655d4bb152f1fa18a0f8e,2699,sentence1,8,search,3
93b50bc4d99be55bee1ec0fe6d2465455e86dbf7cdd317c8d72c68a8b5984893,"linda riss pugach , 1937-2013 : linda riss pugach , whose life was ripped from headlines , dies at 75",93b50bc4d99be55bee1ec0fe6d2465455e86dbf7cdd317c8d72c68a8b5984893,9357,sentence1,44,search,3
93cbc46123658fdb9425e9177971d00cfedb106fab862860cddd69e1551b4aa6,"a man in a blue shirt and tan pants is standing in front of a statue of a man , which is in a cobble stone paved plaza .",93cbc46123658fdb9425e9177971d00cfedb106fab862860cddd69e1551b4aa6,24574,sentence1,41,search,6
93d5060133de72c9d8a5c0b16738035502b9fa9776bc8f7bb4f690c77db50689,israeli forces detain 2 in hebron arrest raid,93d5060133de72c9d8a5c0b16738035502b9fa9776bc8f7bb4f690c77db50689,13520,sentence2,15,search,3
93d72272d97e95d086acb50cf1dcf81382f430eca5b68a8324fdbcc4a1c1ff80,indian minister killed in head-on collision,93d72272d97e95d086acb50cf1dcf81382f430eca5b68a8324fdbcc4a1c1ff80,20211,sentence2,9,search,3
93ee078b2c40fcb1afc365533d90d79fa057b56bdbaeadf674f9392e56896451,man held after subway attack in philadelphia,93ee078b2c40fcb1afc365533d90d79fa057b56bdbaeadf674f9392e56896451,11455,sentence1,11,search,3
93f06b2f8fc57b17074f3be2defb7271409381f677f9764cd91241034a37ca5b,"up to 21 , mostly foreigners , killed in kabul suicide attack",93f06b2f8fc57b17074f3be2defb7271409381f677f9764cd91241034a37ca5b,34254,sentence1,17,search,3
93fd9b2424414e5088a6bfd9c2111203dbbdca766132ef5020ca46a1049dffdd,A young couple is lying in bed,93fd9b2424414e5088a6bfd9c2111203dbbdca766132ef5020ca46a1049dffdd,29345,sentence1,7,search,4
940faa26d8e649a11e63da4ea826c497ce5a1b08ed9e3eb43238ac489e65bdf2,the infestation posts .,940faa26d8e649a11e63da4ea826c497ce5a1b08ed9e3eb43238ac489e65bdf2,2330,sentence1,5,search,2
9439d06faab76020e97d3faba25a01e13cfaad4a329055dccd4ca219d863beb6,a man and a woman looking at the camera .,9439d06faab76020e97d3faba25a01e13cfaad4a329055dccd4ca219d863beb6,6177,sentence1,13,search,4
94497671381f253487581abca069e536015d32dc534eca3405d814e17a0be7c7,because there is a difference in electrial states between the two terminals,94497671381f253487581abca069e536015d32dc534eca3405d814e17a0be7c7,7656,sentence2,15,search,5
945404f633c301a6aa490d92df284a9908cc269e18f58f3666e453d77cf230fe,"shortly after , the witness , who initially had not recognised the actress has given that locklear has been arrested in the middle of the motorway and is out of his vehicle .",945404f633c301a6aa490d92df284a9908cc269e18f58f3666e453d77cf230fe,632,sentence1,39,search,3
946e3404e4ab063c7eb5d800f1372f77c33d909be39ec002581c3de07c030c17,Nelson Mandela in Hospital for Tests,946e3404e4ab063c7eb5d800f1372f77c33d909be39ec002581c3de07c030c17,30778,sentence1,8,search,2
947e21b8450d37b4967b1dee71a62826706afa95a17751b1d2bea94d54c06fa9,"custody , images at stake in cruise-holmes divorce",947e21b8450d37b4967b1dee71a62826706afa95a17751b1d2bea94d54c06fa9,4124,sentence1,12,search,2
94944cd277eb553e609095a7c617c8a9e1376618d731f5c27e7b50874384e62d,A blonde haired child is swinging on a tire swing.,94944cd277eb553e609095a7c617c8a9e1376618d731f5c27e7b50874384e62d,7413,sentence1,15,search,4
94a410eb37d6fdfcb4717966bfde5402c6567519c0e45d6c034dd7cfbf3de618,the leaders of the world need to get together and begin constructing a massive plan to stop global warming .,94a410eb37d6fdfcb4717966bfde5402c6567519c0e45d6c034dd7cfbf3de618,530,sentence2,23,search,2
94c3acd74851bdc09312a398a900991a0b7e88bbc6d443136bc81df82ff90bd3,A surfer does a flip on a wave.,94c3acd74851bdc09312a398a900991a0b7e88bbc6d443136bc81df82ff90bd3,17205,sentence2,12,search,6
94de82e4fe5ce03240a531caa8cc59a75277f480b527f73ba34669771c3cb112,mexico storm death toll continues to rise,94de82e4fe5ce03240a531caa8cc59a75277f480b527f73ba34669771c3cb112,11647,sentence1,10,search,3
94f968c2edabdc6318541707532215db13dbb2f998d2be5b9b2ddba72348dbe3,news summary for january 14,94f968c2edabdc6318541707532215db13dbb2f998d2be5b9b2ddba72348dbe3,14484,sentence1,8,search,2
94ff8277ee6c0aa07cde15313b484f8e7e4e27853798da9008d3de2929bb4692,elegant dining room with wood furniture .,94ff8277ee6c0aa07cde15313b484f8e7e4e27853798da9008d3de2929bb4692,4157,sentence1,8,search,5
9515aa9eb95c70c665061295cd1fa39d0c9405b08fe0b31d5a141cb90ba748dd,A little girl is missing a baseball on a tee,9515aa9eb95c70c665061295cd1fa39d0c9405b08fe0b31d5a141cb90ba748dd,34018,sentence1,15,search,4
951a7ff40e35c0f545bdb78b36f6936e50c60c4b25eeb8010f1300f00dc7993d,Two dogs and a cat resting on a couch.,951a7ff40e35c0f545bdb78b36f6936e50c60c4b25eeb8010f1300f00dc7993d,111,sentence2,13,search,7
9520b9480de7bd34112d90798b469146202e5a37653b573cb1504f034af1e9f4,can livestrong survive lance armstrong doping admission ?,9520b9480de7bd34112d90798b469146202e5a37653b573cb1504f034af1e9f4,24427,sentence2,13,search,2
9523c4d3ee6eff5e9c3c918bef2d3b3029a02cb6ad84c1ca6f9fc817b3faa522,a blond haired lady in white poses for the camera .,9523c4d3ee6eff5e9c3c918bef2d3b3029a02cb6ad84c1ca6f9fc817b3faa522,11395,sentence1,17,search,1
953c944e40d481535f47eae02691cee65013202af662a918b46c2d31a63562c6,The respected medical journal Lancet has called for a complete ban on tobacco in the United Kingdom.,953c944e40d481535f47eae02691cee65013202af662a918b46c2d31a63562c6,37370,sentence1,20,search,3
9542f15868de0e9e3f3f14737c0a80d68093b0806ea4d64fa6b55ac5148e9610,"to train yourself to use keyboard shortcuts , unplug your mouse for a few days .",9542f15868de0e9e3f3f14737c0a80d68093b0806ea4d64fa6b55ac5148e9610,23014,sentence1,22,search,5
954329892b47a2f130a2fa050bb5b4d03030213552bb27c525886dbd11093031,50th anniversary of jfk 's death remembered,954329892b47a2f130a2fa050bb5b4d03030213552bb27c525886dbd11093031,23075,sentence1,13,search,3
954db5aea0d2813b97eca56a3a4afee1a0bc0a417161ee852d72696dffb20db7,Two boys are playing a video game,954db5aea0d2813b97eca56a3a4afee1a0bc0a417161ee852d72696dffb20db7,1126,sentence2,8,search,4
957c2ac2754ac8698ed190545f16c2fa51f21d6575c32e9495e011feea450c62,russian influence on rise in # israel,957c2ac2754ac8698ed190545f16c2fa51f21d6575c32e9495e011feea450c62,21176,sentence2,10,search,2
957eb8b509934d10cc697d0025d7e950c30e9be25891e4a9a45edff6ec081dee,A big green ball is missing a potato,957eb8b509934d10cc697d0025d7e950c30e9be25891e4a9a45edff6ec081dee,31375,sentence2,9,search,0
9585f690d26fd8a3fc57ac9d302c609bd5a51d97d69cb2608e5a30746df8ff6e,"childcare ' costing £ 15,000 a year'",9585f690d26fd8a3fc57ac9d302c609bd5a51d97d69cb2608e5a30746df8ff6e,4106,sentence1,12,search,2
9587f9ba662ff90f4bcf8f1b52cf59bd83eedf8a9b75c49c73fc9e8df06e6366,is it appropriate to call a professor for a recommendation on the weekend ?,9587f9ba662ff90f4bcf8f1b52cf59bd83eedf8a9b75c49c73fc9e8df06e6366,19562,sentence2,17,search,5
95a395d55806b728bb11238dd4aa37950769785e228dc95b186cea6522b5abde,sony to axe pc unit in major business overhaul,95a395d55806b728bb11238dd4aa37950769785e228dc95b186cea6522b5abde,15052,sentence1,13,search,2
95b739e5c335cd2c9e20f1d8c240641128c8b74a85152fdd6acd6d0760076b14,"A girl in water, with goggles and swimming cap.",95b739e5c335cd2c9e20f1d8c240641128c8b74a85152fdd6acd6d0760076b14,15033,sentence1,13,search,1
95b7480658c92941db378b21e783b144bcaa1a341b0297d69696887a561a671d,the crouching man is holding a large camera .,95b7480658c92941db378b21e783b144bcaa1a341b0297d69696887a561a671d,33579,sentence1,14,search,6
95e7c9de026bdc02836dca3bc91805506e7bfbf87169c25c8f15b9f129a7c2ec,Two people are walking two dogs with golden coats in the snow,95e7c9de026bdc02836dca3bc91805506e7bfbf87169c25c8f15b9f129a7c2ec,14290,sentence2,13,search,7
961daaa74e898746f116959c14b81ebd45ebe3b3b5d52fbb82cf74f984148a42,because there was a positive and negative connection,961daaa74e898746f116959c14b81ebd45ebe3b3b5d52fbb82cf74f984148a42,594,sentence2,9,search,5
9630c97e1cdabaa45149eabfbd56d52bb7d133c8e3eff55b25f79e88df130ab5,palestinian president receives jordanian foreign minister,9630c97e1cdabaa45149eabfbd56d52bb7d133c8e3eff55b25f79e88df130ab5,9297,sentence1,13,search,2
9635558ead10996d6573a1913400de7c352dea1ea9083cfa4776b647e0d254fc,"but , like the union itself , it will be built and it will be done .",9635558ead10996d6573a1913400de7c352dea1ea9083cfa4776b647e0d254fc,2764,sentence2,20,search,2
9646903b1454e9d7a3a87d017ca01f2f0e3a82b1604ea9ad0ed732fb8b25f6b1,The red and brown dog is digging its nose inside a holiday gift bag,9646903b1454e9d7a3a87d017ca01f2f0e3a82b1604ea9ad0ed732fb8b25f6b1,8111,sentence2,15,search,7
964bfc6e823b4641d79c2c49ae8342f0c6914970e01c67c9b2070be14ba830d5,A black dog is sitting in the grass and keeping its mouth closed,964bfc6e823b4641d79c2c49ae8342f0c6914970e01c67c9b2070be14ba830d5,10040,sentence1,13,search,7
965e0b6737f64cd2081192d245e7e5ebb5b146a33edbdde8ecf7add5af28c24f,indian maoist rebels offer talks to free italian hostages,965e0b6737f64cd2081192d245e7e5ebb5b146a33edbdde8ecf7add5af28c24f,15479,sentence1,14,search,2
967661b7704c101b5368f71f74ab3c6c65bee1f209c292329af73b5457c9a972,Nobody is fighting in a cow pasture,967661b7704c101b5368f71f74ab3c6c65bee1f209c292329af73b5457c9a972,5025,sentence2,8,search,0
9685d1e784ddfa83d126e3a9480a42bb0b8d9e75ec35d0b5f0ffe79b26abf849,something with no concrete substance .,9685d1e784ddfa83d126e3a9480a42bb0b8d9e75ec35d0b5f0ffe79b26abf849,37400,sentence2,7,search,0
96abe4a23a2265bb83777098ee018493a351a8fe7f04bfa184eca9ef77ffe994,"walk heavily and firmly , as when weary , or through mud .",96abe4a23a2265bb83777098ee018493a351a8fe7f04bfa184eca9ef77ffe994,22408,sentence1,19,search,5
96c1c9c6d8af02b528ea38189f2c5d58abc5aa5a04bb559c03fb734d0e7c7a5c,i wouldn 't budget anywhere near 3-4k on it though !,96c1c9c6d8af02b528ea38189f2c5d58abc5aa5a04bb559c03fb734d0e7c7a5c,24255,sentence1,17,search,0
96d2b56b938b825489306062bb2df2d680a178d9dd057b6475d2c3facd531296,do you notice the nonsensical things you are saying ?,96d2b56b938b825489306062bb2df2d680a178d9dd057b6475d2c3facd531296,29243,sentence2,15,search,5
97057a79f1f444b1b460c29b0e5ba34cbf250d518a8065b7373ff307c9123691,The horse is leaping over the rider at the barrier,97057a79f1f444b1b460c29b0e5ba34cbf250d518a8065b7373ff307c9123691,23228,sentence1,12,search,7
9713ca6ad083432a3299d7dae2beb68f81ad8132c231d4a386f9aa0d97f15979,they keep talking about the huge deficit in the obama admin .,9713ca6ad083432a3299d7dae2beb68f81ad8132c231d4a386f9aa0d97f15979,27856,sentence1,17,search,2
9716c188bde93cfb5423ffeed174a9470577f150cb3450ca007011caf90e917d,two found dead in swimming pool at essex hotel,9716c188bde93cfb5423ffeed174a9470577f150cb3450ca007011caf90e917d,3293,sentence2,11,search,3
972dc54c39126f6aeebc5cdf2d1486d7b5231d72b441347a60f04b82ccdb81e3,bulb b is not in the same path with bulbs a and c .,972dc54c39126f6aeebc5cdf2d1486d7b5231d72b441347a60f04b82ccdb81e3,22720,sentence2,18,search,0
972de73bf257ab69a5e6f19f14873099bd8bd05a611a81ff0b86e4cc75e6f5e0,A man doing a jumping bike trick surrounded by trees.,972de73bf257ab69a5e6f19f14873099bd8bd05a611a81ff0b86e4cc75e6f5e0,33140,sentence1,13,search,6
9735c87f5141cf7fc90510b83c92b810531ddb9fad7c5801dd9a734ef59b8b73,you can 't arrest someone for something they haven 't done ...,9735c87f5141cf7fc90510b83c92b810531ddb9fad7c5801dd9a734ef59b8b73,11516,sentence2,18,search,0
973d5999b956a0e0249c37c0f79353a16456071555a6176842e9ff25c25cf125,two girls with baseball caps are eating a snack outside .,973d5999b956a0e0249c37c0f79353a16456071555a6176842e9ff25c25cf125,16256,sentence1,13,search,4
974daa5c45bd38c491fc9b6ac6fc1cecaf37d94d84893a97ab4a85943fb0e4ea,afghan parliament votes to remove key ministers,974daa5c45bd38c491fc9b6ac6fc1cecaf37d94d84893a97ab4a85943fb0e4ea,26168,sentence1,11,search,3
975563f92ba8b458ef8ed411302696f9bec21242179c30d3370e2bbaf174457c,Two cats are playing with a red ball,975563f92ba8b458ef8ed411302696f9bec21242179c30d3370e2bbaf174457c,18149,sentence2,9,search,7
975ea6d9fa1176b2c7d537a3b908c4d519ba917e0bfb5662105c7da3486945a5,The woman in the white sweater is not drawing a tattoo on the hand of a teenager,975ea6d9fa1176b2c7d537a3b908c4d519ba917e0bfb5662105c7da3486945a5,4292,sentence2,19,search,0
9770c84ef2e6eec35a0759b956a702745e40b47e80b8edf289e58a1cf77407bd,schiphol airport partly evacuated after bomb threat,9770c84ef2e6eec35a0759b956a702745e40b47e80b8edf289e58a1cf77407bd,5331,sentence2,11,search,3
977ff8fad44cdb48887b1e0fcc03ddea0a00670d6cb91f0ceec4b27daec5aa80,A woman is bungee jumping.,977ff8fad44cdb48887b1e0fcc03ddea0a00670d6cb91f0ceec4b27daec5aa80,9045,sentence2,9,search,1
9785d5126a7c4eea212e6266efebdec587e98ac7eccba6d24d2948d9ccb5d8f2,i 'm not yet able to answer if the phenomenon has an official polisci name .,9785d5126a7c4eea212e6266efebdec587e98ac7eccba6d24d2948d9ccb5d8f2,19394,sentence2,25,search,5
9792bf87cb1f356360a651d8847ca9f29cb2022fd2f31bd5b76750e0575d351c,The players is maneuvering for the basket ball,9792bf87cb1f356360a651d8847ca9f29cb2022fd2f31bd5b76750e0575d351c,8448,sentence2,9,search,4
97a643a9c3cb093a370fed620a704ab475ebc036c7b84c6fe14931ea940704e1,A man is slowly folding a tortilla,97a643a9c3cb093a370fed620a704ab475ebc036c7b84c6fe14931ea940704e1,488,sentence1,8,search,6
97a8e69a8b20164782188b1319c2bbe4da99a2c3f87eb09da2a5cf082a637fd4,"MiR-155 is upregulated in several human tumors, such as chronic lymphocytic leukemia, melanoma, head and neck squamous cell carcinoma, clear-cell kidney cancer , hepatocellular carcinoma, lymphoma, thyroid carcinoma], breast cancer, colon cancer, cervical cancer, pancreatic cancer, and lung cancer.",97a8e69a8b20164782188b1319c2bbe4da99a2c3f87eb09da2a5cf082a637fd4,20241,sentence1,82,search,2
97aa01ed4f98f369f7ed4a1308250591b3d09134a0504aa7583a536dbe0e7dd9,a man is playing the trumpet .,97aa01ed4f98f369f7ed4a1308250591b3d09134a0504aa7583a536dbe0e7dd9,10467,sentence1,9,search,6
97da63392a74d194e59ffd96cb42ea1b9ecb1b4887892212e66173beb9345874,"US, China fail to paper over cracks in ties",97da63392a74d194e59ffd96cb42ea1b9ecb1b4887892212e66173beb9345874,30086,sentence1,12,search,0
97f477ef79ebf201c7f79be0df33a5f2d96515b6944531b3281ad44e38258aa8,hold back ; keep from being perceived by others .,97f477ef79ebf201c7f79be0df33a5f2d96515b6944531b3281ad44e38258aa8,19434,sentence1,12,search,5
97fdf02905380b58916c8b6304e9bdf47726b542fda8e7047db32b782cb9c5be,A brown dog is running through a snowy trail,97fdf02905380b58916c8b6304e9bdf47726b542fda8e7047db32b782cb9c5be,26041,sentence2,11,search,7
980a80693996a0493050fe7bc761ca2fa88659ee7642bc238b3cb765ad226419,bulb a is not on the same path that bulb b and bulb c are .,980a80693996a0493050fe7bc761ca2fa88659ee7642bc238b3cb765ad226419,29840,sentence2,20,search,5
98175e0d4fd0942b7f6128f32c47b2c98b1aa66c6e1155157712469e4f72b361,boy scouts delay decision on admitting gays,98175e0d4fd0942b7f6128f32c47b2c98b1aa66c6e1155157712469e4f72b361,37118,sentence1,13,search,0
9826e8fa767e4397305a42c2a4a663b82e40782a4c8acae4d610c0e341aee7b6,a woman is shredding chicken .,9826e8fa767e4397305a42c2a4a663b82e40782a4c8acae4d610c0e341aee7b6,6017,sentence2,10,search,1
983e0a690ad39247a413a500fd4455bd40bfad6cd7f804f489c44dc410e2172f,"disregard , fail to attend to",983e0a690ad39247a413a500fd4455bd40bfad6cd7f804f489c44dc410e2172f,17623,sentence2,7,search,0
986a53810f2896a74a7877fa036b87b0676459f3d78bdb9ae20b7ed1062a2c0c,dalmation running along the beach .,986a53810f2896a74a7877fa036b87b0676459f3d78bdb9ae20b7ed1062a2c0c,2760,sentence1,11,search,7
986c63fa3358154fe2ee9dceb1291046eae8a7b14fb4fc499e431d420c4517d7,football : messi hits 300th barcelona goal in comeback win,986c63fa3358154fe2ee9dceb1291046eae8a7b14fb4fc499e431d420c4517d7,14494,sentence1,17,search,6
9872ee304e3b5568827bd0c104f5bcf63416d38dbed669bc5e20c4dc1f0f8768,a steam engine comes down a train track near trees .,9872ee304e3b5568827bd0c104f5bcf63416d38dbed669bc5e20c4dc1f0f8768,29975,sentence1,14,search,4
987648530fba01aa54e397bfc900cfcfb0774ce361372b3ab96ddcca1a8b9067,bulb b is in a independent path,987648530fba01aa54e397bfc900cfcfb0774ce361372b3ab96ddcca1a8b9067,7643,sentence1,9,search,0
98788633e18788baf30179d76feeeafcc70d7ed5e472d438a510f1bc90430aec,a child in a blue and white team uniform chasing a soccer ball .,98788633e18788baf30179d76feeeafcc70d7ed5e472d438a510f1bc90430aec,27226,sentence1,19,search,4
988dc635ac087c89dfcfff02ee62c5e316e58d708f47af5cc159ede73831c20b,One man is passionately playing the guitar,988dc635ac087c89dfcfff02ee62c5e316e58d708f47af5cc159ede73831c20b,2016,sentence2,8,search,6
98a43875cc646bb9b37fcb75e01da57cc47dd446a8dc741c7c9be6b4b88331f0,the international atomic energy agency insists that the iranian government 's simple denials of the intelligence presented to the international atomic energy agency board are not good enough to allay western countries suspicions .,98a43875cc646bb9b37fcb75e01da57cc47dd446a8dc741c7c9be6b4b88331f0,22270,sentence2,49,search,0
98bd6cc768c5d6d9cdedf69507f0b64c64743ec2e8acffa04bb0f2a79326d64a,"they "" have "" fox because fox news reports on newsworthy events .",98bd6cc768c5d6d9cdedf69507f0b64c64743ec2e8acffa04bb0f2a79326d64a,17403,sentence1,17,search,2
98dd968086d306f80b07804ba34bc3389ed80028a2ee8479a6b3174b7f29f7ca,u.n. : stop the suffering in syria,98dd968086d306f80b07804ba34bc3389ed80028a2ee8479a6b3174b7f29f7ca,26614,sentence1,17,search,2
98f51d1973d310ec60602c7140322e3e7588a5577b41ae77ed1fa4e833860c3f,"there is still a closed path that contains the battery , bulb b , and bulb c .",98f51d1973d310ec60602c7140322e3e7588a5577b41ae77ed1fa4e833860c3f,18423,sentence2,24,search,0
98ff04b78348de874e4de91b1faa4950adc7993629591057a6d42ec7dd15f252,it doesn 't matter unless it is really far off .,98ff04b78348de874e4de91b1faa4950adc7993629591057a6d42ec7dd15f252,7484,sentence1,15,search,5
9946d8aa28d360a4bf881960990f0091a014dc23d47119c52537f4a85376a1ac,musharraf arrested in pakistan,9946d8aa28d360a4bf881960990f0091a014dc23d47119c52537f4a85376a1ac,4929,sentence1,11,search,3
995d63e27571873e5ea7c906bcfa91fe1b2c7d1446466e1ad5e07ee30837edb6,the answer to both of your questions is yes .,995d63e27571873e5ea7c906bcfa91fe1b2c7d1446466e1ad5e07ee30837edb6,2420,sentence2,11,search,5
996948e3ae3cebad4979398331bfe343cb04944a0ff057fb7f8298d80cc1a6fc,sorting one thing from others .,996948e3ae3cebad4979398331bfe343cb04944a0ff057fb7f8298d80cc1a6fc,25638,sentence1,8,search,5
997de1b219288af1ee1a03137cbe2061ee2d3456128e926845b4b11f2e1b0d80,egypt : protesters storm muslim brotherhood 's hq,997de1b219288af1ee1a03137cbe2061ee2d3456128e926845b4b11f2e1b0d80,36311,sentence2,22,search,3
99cba665b5e5fc026517bd380ab7767498dd885c2f4121b6b1e8c0be686c9370,aussie surfers find stricken asylum seekers,99cba665b5e5fc026517bd380ab7767498dd885c2f4121b6b1e8c0be686c9370,3165,sentence2,11,search,3
99cc8cde8e4a34fdacc37df342254b1a7e4b88e33d65788d6ea87607479d01aa,today 's great pax europa and today 's pan-european prosperity depend on this .,99cc8cde8e4a34fdacc37df342254b1a7e4b88e33d65788d6ea87607479d01aa,33069,sentence2,24,search,2
9a0a5e65ff3760748c63017ea3377d381bb2302ac9eb3a7bdc53d303c33fd456,a man is cutting and onion .,9a0a5e65ff3760748c63017ea3377d381bb2302ac9eb3a7bdc53d303c33fd456,15220,sentence2,9,search,6
9a1bbc3e063366831c4ab1c054ee7d9a5fd6e13d0290ec34491bde2b80b59cc8,nato solider dies in afghanistan,9a1bbc3e063366831c4ab1c054ee7d9a5fd6e13d0290ec34491bde2b80b59cc8,29931,sentence2,15,search,3
9a1f31fbe7ce01bfbce70ee7400e67dd45db6ee8519ba7c103364b8ad3b03aad,"the course of the obligations , however , are going particularly well .",9a1f31fbe7ce01bfbce70ee7400e67dd45db6ee8519ba7c103364b8ad3b03aad,21329,sentence1,16,search,2
9a5192504eb4e8d7bdea7f748dcd5f517d68426f227791c1e070129c5c2d3219,cats may or may not lick a person based on all kinds of things .,9a5192504eb4e8d7bdea7f748dcd5f517d68426f227791c1e070129c5c2d3219,5481,sentence1,19,search,5
9a77fbfe26f833a0243514507200fe66eebc17071af3310f040ae9e313eed3ea,A few men in a competition are running indoors,9a77fbfe26f833a0243514507200fe66eebc17071af3310f040ae9e313eed3ea,2160,sentence1,11,search,4
9a78c4587dc12f406e0e3351d55967fdbf7381492fa76eecd88980e538feaa53,both tajikistan and uzbekistan share a border with afghanistan and have experienced raids by taliban-backed islamic militants in recent years .,9a78c4587dc12f406e0e3351d55967fdbf7381492fa76eecd88980e538feaa53,1271,sentence2,46,search,2
9a96aa6a1adc5fa4dc131e190fd2fb5a3ab69f07fc2bc549f7bf1bc004fa9a80,a panda is climbing .,9a96aa6a1adc5fa4dc131e190fd2fb5a3ab69f07fc2bc549f7bf1bc004fa9a80,8560,sentence1,9,search,7
9aa1e9158af10bc54515976c728b505173b5a953195baef355b6a764972e17d5,Some students in uniforms are listening attentively at the front of the class,9aa1e9158af10bc54515976c728b505173b5a953195baef355b6a764972e17d5,14323,sentence1,15,search,4
9aed71fb3fd0ef2a520a3c87b798b66c17cfcb6d8a07904830df295cf6944472,# wal-mart plans to hire any # veteran who wants a # job,9aed71fb3fd0ef2a520a3c87b798b66c17cfcb6d8a07904830df295cf6944472,34440,sentence1,18,search,2
9b036d077197c4b93497c2d3a31ba3b7a0b755e45fdafb9890a037a67ab6603c,A monkey is riding a bike,9b036d077197c4b93497c2d3a31ba3b7a0b755e45fdafb9890a037a67ab6603c,10007,sentence2,7,search,7
9b0c442352fc979b2b3432c7a46e54a04233539e3634eb7efa49afe9627548e1,why would the addition of more of jesus words be left out of the canon ?,9b0c442352fc979b2b3432c7a46e54a04233539e3634eb7efa49afe9627548e1,615,sentence1,20,search,0
9bba86622a573e6a73486519257bc9cba9d73cff46f7b6c145a1a6c53fa8c601,"on wall street , the dow jones industrial average rose 0.5 per cent at 9,905.8 and the nasdaq composite added 0.7 per cent at 1,995.1 .",9bba86622a573e6a73486519257bc9cba9d73cff46f7b6c145a1a6c53fa8c601,20140,sentence2,44,search,2
9bd4a676447ce542c4c69bae2885aaf600290c05028ba3480df90c437fcff764,a woman is frying something in the pan .,9bd4a676447ce542c4c69bae2885aaf600290c05028ba3480df90c437fcff764,13694,sentence1,12,search,1
9bfa0955aa62fadcc9dea4f1eee8fdd662ed190d57b14d0abf35bd67e4156f63,a major division of a long written composition ;,9bfa0955aa62fadcc9dea4f1eee8fdd662ed190d57b14d0abf35bd67e4156f63,5495,sentence1,12,search,5
9bfce6036108dcdfd12265c3970bab3719e21bdcde503c66485eef979bb3e919,a sovereign regime and its assemblage,9bfce6036108dcdfd12265c3970bab3719e21bdcde503c66485eef979bb3e919,20185,sentence2,8,search,2
9c05fd000ecaf517ee8e6b7e0c0f3d479b5bfe35f16f8c4d7b8f161e20359346,the bulb will not light,9c05fd000ecaf517ee8e6b7e0c0f3d479b5bfe35f16f8c4d7b8f161e20359346,14243,sentence1,5,search,0
9c131e634cb67717500dbbd01fea21d33578b53f737286fc168b08fceb49258c,you can find where there is a gap,9c131e634cb67717500dbbd01fea21d33578b53f737286fc168b08fceb49258c,1594,sentence2,9,search,5
9c43f34da3fe66032b5d5af2b4ecece07ab3e0dedcbdad09fcc6b50189053566,mexico wishes to avoid more violence .,9c43f34da3fe66032b5d5af2b4ecece07ab3e0dedcbdad09fcc6b50189053566,16171,sentence1,10,search,2
9c4632b060822c012ca0db3c2b09a51aa51ef6a7dc9fe6f2bb38489af21c8dd3,separate with or as if with an instrument .,9c4632b060822c012ca0db3c2b09a51aa51ef6a7dc9fe6f2bb38489af21c8dd3,5550,sentence2,11,search,5
9c50a99ec783bf1d5521f62daaa09661a47c0e064156b0ff1bf3232dfc9655f7,""" we condemn and denounce the governing council , which is headed by the united states , "" moqtada al-sadr said .",9c50a99ec783bf1d5521f62daaa09661a47c0e064156b0ff1bf3232dfc9655f7,16139,sentence2,37,search,3
9c74eb46add34d7944f7effea86e8d3a97362e6424e54f32a814048fdd8a9276,permalink to two killed in germany train accident,9c74eb46add34d7944f7effea86e8d3a97362e6424e54f32a814048fdd8a9276,7406,sentence1,10,search,3
9c82dcdafecaa980e8031f2eae1b237c5e5cecf3e60d4133a702525879530340,the people versus putin,9c82dcdafecaa980e8031f2eae1b237c5e5cecf3e60d4133a702525879530340,4297,sentence2,5,search,2
9c832a793d383eef4bc924ff682fd6977af325d812dc739c3b17e86ecad779ae,"U.S., Iran prepare for Istanbul nuclear talks",9c832a793d383eef4bc924ff682fd6977af325d812dc739c3b17e86ecad779ae,21541,sentence2,11,search,2
9c8e8f8b8df41d8efc26c1e4083805a3e63f060358e7e48208c22c936cfb0484,The man is rising from a swamp,9c8e8f8b8df41d8efc26c1e4083805a3e63f060358e7e48208c22c936cfb0484,3579,sentence1,8,search,6
9c9b7aece4d4dda794f5e8488b0b9e3531ca44f580361f2be09b6d07220406cd,"the septuagénaire mccain has repeatedly put forward its indisputable experience in foreign policy , while emphasising the "" naive "" of his opponent on these issues that were at the heart of this first contest .",9c9b7aece4d4dda794f5e8488b0b9e3531ca44f580361f2be09b6d07220406cd,12288,sentence1,52,search,2
9ca5d7fc5edbec910e4953f73498e43cfb6e60571adb8b6dcbfbc2b4d884eb3f,( cause to ) become less intense or strict,9ca5d7fc5edbec910e4953f73498e43cfb6e60571adb8b6dcbfbc2b4d884eb3f,35472,sentence1,10,search,5
9cac3d300d69bcf6d6e57b485157aa9aa05df5c59bd4d0cc0dd76777c1c9a621,at least 12 killed in nigeria church bombing,9cac3d300d69bcf6d6e57b485157aa9aa05df5c59bd4d0cc0dd76777c1c9a621,5255,sentence1,11,search,3
9cba487682216654f2e50c4468ca2a20a9fbe3ef34a7bc2af0b97f61ff59cc35,be the host of or for .,9cba487682216654f2e50c4468ca2a20a9fbe3ef34a7bc2af0b97f61ff59cc35,13298,sentence2,8,search,5
9ccd6d1c5d027f14e46e74d48eb2f35e0ce8d0f95a0acc4f116c827624d61991,A man who is playing is running with the ball in his hands,9ccd6d1c5d027f14e46e74d48eb2f35e0ce8d0f95a0acc4f116c827624d61991,22365,sentence1,13,search,6
9cd2c448f4ea0309130a1841e506ed4bc6277faf8dc76d44751fe343b9bc3ca5,tech sector heats up : google and ibm post strong earnings,9cd2c448f4ea0309130a1841e506ed4bc6277faf8dc76d44751fe343b9bc3ca5,8248,sentence2,16,search,2
9ce1ad4b700640e0aab70a7ba95fd7831ca5a24ce91c7604011c42b702548bdd,work into it slowly .,9ce1ad4b700640e0aab70a7ba95fd7831ca5a24ce91c7604011c42b702548bdd,19468,sentence2,6,search,5
9ceb49980055fce3a7022f3bebd57721f13b561f1c724559c0bd4746219e12dd,government-affiliated hackers in china are at the forefront of a burgeoning cyber cold war .,9ceb49980055fce3a7022f3bebd57721f13b561f1c724559c0bd4746219e12dd,12057,sentence2,24,search,2
9cfa8d01b9910b161afd5e234c14b2071e9cd14d8be949eaaa2b4ebeea4afe9d,"but like the eu itself , this will be built and this will happen .",9cfa8d01b9910b161afd5e234c14b2071e9cd14d8be949eaaa2b4ebeea4afe9d,14738,sentence1,19,search,2
9d102fd164907e0270e250f0750b300a00cc54b7cba5af995a5114f893a06a34,the battery is not contained in a closed path,9d102fd164907e0270e250f0750b300a00cc54b7cba5af995a5114f893a06a34,9895,sentence1,10,search,4
9d1e35e2dd58fb466398104096e22f9d4649448827fe5cee65ba067b420127e8,protests planned across brazil despite concessions,9d1e35e2dd58fb466398104096e22f9d4649448827fe5cee65ba067b420127e8,17158,sentence2,11,search,2
9d25af55057bc27067ef8973e8d3821cad4d8aaa79b282113935e872bcf19c06,what something is used for ;,9d25af55057bc27067ef8973e8d3821cad4d8aaa79b282113935e872bcf19c06,6574,sentence2,7,search,5
9d335ad61f44729e598c41c2de382bd9d58ef89dcf4b7c9c0a482c934f7f287f,"don 't get any ideas , . u.s. programmer outsources own job to china , surfs cat videos -",9d335ad61f44729e598c41c2de382bd9d58ef89dcf4b7c9c0a482c934f7f287f,8143,sentence1,33,search,2
9d369be2bbb4697ee94fbcc7614272019f90c1fd305dc072bcb71fb3a8627c46,"putin , annan meet on syria crisis",9d369be2bbb4697ee94fbcc7614272019f90c1fd305dc072bcb71fb3a8627c46,1394,sentence2,15,search,2
9d421f6a817540666c179ab313e8259f5b2c0a8b82092e162f2e66ab3b692b05,be adjacent or come together ;,9d421f6a817540666c179ab313e8259f5b2c0a8b82092e162f2e66ab3b692b05,8345,sentence2,7,search,5
9d4bd65ac0b897d8f30c4d26781527af1ab5119230592a70ad725dde8880ef83,Gunmen kidnap airline pilots in Lebanon,9d4bd65ac0b897d8f30c4d26781527af1ab5119230592a70ad725dde8880ef83,30628,sentence2,11,search,3
9d4c6aaa6513b6134ea68d6f9dabdd2e747615ae49e49d679bbe5fc1539b9ba9,a large boat pulling a small white boat .,9d4c6aaa6513b6134ea68d6f9dabdd2e747615ae49e49d679bbe5fc1539b9ba9,25594,sentence1,12,search,4
9d576a44d931b27ce49afc9f2b29457beed107735abdeb7648a274dfd138a4a2,A nearby throng of people are kissing two by two,9d576a44d931b27ce49afc9f2b29457beed107735abdeb7648a274dfd138a4a2,16350,sentence2,13,search,4
9d57e97ef700ba6d0e9d3ec923b63471c83d0cc97a0aa4bfffdd8cff17e74416,explosion hits pipeline as assad attacks cities,9d57e97ef700ba6d0e9d3ec923b63471c83d0cc97a0aa4bfffdd8cff17e74416,23021,sentence1,10,search,3
9d6412da75a41dc1df549c655f310c1ed57bd08d86061df8eff6fc5a3441d21f,"however , a process of de-institutionalisation religious experience is also happening within islam .",9d6412da75a41dc1df549c655f310c1ed57bd08d86061df8eff6fc5a3441d21f,25323,sentence2,22,search,2
9d64a21d445c9ff8e3d09c0e3ec33611fa6421e37127bdfa832c2edc54e3d571,The woman is holding a whole tomato,9d64a21d445c9ff8e3d09c0e3ec33611fa6421e37127bdfa832c2edc54e3d571,5283,sentence1,8,search,1
9d6d3f975e9acb7c72b7e8bc1e117f781aa1368cd9663a673899dc99129b0e4c,But Lawtey is the first entire prison to take that path.,9d6d3f975e9acb7c72b7e8bc1e117f781aa1368cd9663a673899dc99129b0e4c,9257,sentence1,15,search,2
9d8a3b22d05654aaf0fddc614eae27be4a01e751a6eed709b84e8c3b14a91d19,A little girl is riding a toy tricycle on springs.,9d8a3b22d05654aaf0fddc614eae27be4a01e751a6eed709b84e8c3b14a91d19,10272,sentence1,15,search,4
9d98443d3ad57bab12bb45b7bf1d42044437a092d9b8df9f4b677f5b9d97f038,A courageous performer is doing a wheelie with a motorcycle over a man in a blue jumpsuit,9d98443d3ad57bab12bb45b7bf1d42044437a092d9b8df9f4b677f5b9d97f038,15526,sentence2,25,search,6
9dbf93ee4c33c155698cb0ef6f6742874387fbc0e61e827a78d801840acaba08,a yellow car speeds along a snowy field .,9dbf93ee4c33c155698cb0ef6f6742874387fbc0e61e827a78d801840acaba08,896,sentence1,13,search,7
9de16e74e29f974fcc706fed5772e016cf4a5fb3d7fbe031acebad41bc6dd1ba,"The team has named the sensor Canary, for cellular analysis and notification of antigen risks and yields.",9de16e74e29f974fcc706fed5772e016cf4a5fb3d7fbe031acebad41bc6dd1ba,6239,sentence2,23,search,2
9def08cd8c93ccc166910607cbb3e79712e9c994b676ad7e6bb0bafd80d231dc,succeed in reaching ; arrive at ;,9def08cd8c93ccc166910607cbb3e79712e9c994b676ad7e6bb0bafd80d231dc,31719,sentence2,9,search,5
9e025d8a3c9f7d6a1dd94eda265918d4edbe2cebf9d5f76ff5f92eb4090000cc,u.s. drone kills five militants in pakistan,9e025d8a3c9f7d6a1dd94eda265918d4edbe2cebf9d5f76ff5f92eb4090000cc,16517,sentence2,16,search,3
9e6871ceb6a77fdc63d52693b5e35dde69e96ef5c403c11b6e2aea9f142a434e,move an implement through .,9e6871ceb6a77fdc63d52693b5e35dde69e96ef5c403c11b6e2aea9f142a434e,13463,sentence1,6,search,5
9e6e3e1bbc4ce07a798e2d9a9d75a87b176dac622623e8706e715715441ffdde,chinese premier meets indian vice president,9e6e3e1bbc4ce07a798e2d9a9d75a87b176dac622623e8706e715715441ffdde,11371,sentence1,10,search,2
9e90a33e0b6edbe7bf9c28971db8453325f394310d36fd9a722a2369894838e5,a black dog running along the edge of the ocean .,9e90a33e0b6edbe7bf9c28971db8453325f394310d36fd9a722a2369894838e5,3683,sentence1,13,search,7
9ea9b6b1fe7ccba05feb44c982d415fcfeebf854a73005f429b8253b98cfe9fc,The man with the dyed purple hat is operating a camera that makes videos,9ea9b6b1fe7ccba05feb44c982d415fcfeebf854a73005f429b8253b98cfe9fc,20340,sentence1,17,search,6
9eaf8f3e96cc53a4fec046e73f0ef1b1d5dab87406f231fda229d6ec4af0ff6b,somalia lawmakers to vote for new president,9eaf8f3e96cc53a4fec046e73f0ef1b1d5dab87406f231fda229d6ec4af0ff6b,11865,sentence2,9,search,2
9ec2a89f52d3f5ec0f67892fb2126214bf3997af289365e0db87336cb6ecd627,The woman is cutting cooked octopus,9ec2a89f52d3f5ec0f67892fb2126214bf3997af289365e0db87336cb6ecd627,28099,sentence2,10,search,1
9efe29d8b0831a694e21c7189143bdfadcde9b9d3a2598708d868fa87211bae0,family based on male descent ;,9efe29d8b0831a694e21c7189143bdfadcde9b9d3a2598708d868fa87211bae0,6692,sentence1,8,search,5
9f0191d0b8f2c38594aba78ececb1dc80b24c091a164684e5df7d7d29d0605ba,The cat is sitting on a bag of cat food.,9f0191d0b8f2c38594aba78ececb1dc80b24c091a164684e5df7d7d29d0605ba,1208,sentence2,12,search,7
9f1062823e5b4c08fbd98548e16728ed60e161386c1810124365246a0cbe87ab,a young woman dressed in black .,9f1062823e5b4c08fbd98548e16728ed60e161386c1810124365246a0cbe87ab,31126,sentence1,9,search,1
9f18e583c9431b64f9d7edd38cfb69f1a343c21a55a62a81c91dd58f5a974fca,A person is folding a piece of paper,9f18e583c9431b64f9d7edd38cfb69f1a343c21a55a62a81c91dd58f5a974fca,5087,sentence2,9,search,1
9f1b9b663b353d3db5632a307bd53f0966f9a0885c1cd52769be2af4641b77af,the act of selecting or picking something,9f1b9b663b353d3db5632a307bd53f0966f9a0885c1cd52769be2af4641b77af,6565,sentence2,7,search,5
9f3284e0c9347269169b6a2818f7b1d28ce9fabc0a9fe45853a1db875541fd5a,A boy under an umbrella is being held by his father who is wearing a blue coat,9f3284e0c9347269169b6a2818f7b1d28ce9fabc0a9fe45853a1db875541fd5a,13058,sentence2,18,search,4
9f68d6b78cc2a3906bf48da9f6e125990d9a1a4078980c1c0caf1a9ac437aff0,populist without a backbone elected by popular vote supported by heavy media campaign # zeman # czechrepublic,9f68d6b78cc2a3906bf48da9f6e125990d9a1a4078980c1c0caf1a9ac437aff0,37296,sentence2,27,search,2
9f7433371059f64823f3ef1f5afd7db5e80afca541a2abeaf0a767e4c39c6a44,"cisco has similar relationships with bellsouth competitors sbc communications , at & t and sprint communications .",9f7433371059f64823f3ef1f5afd7db5e80afca541a2abeaf0a767e4c39c6a44,31490,sentence1,30,search,2
9fa6f5da017ba69cb4fba39a49b43cc23894c013084071cd2fe3dd2a09635ce5,a girl holding a picture of Michael Jackson smiling,9fa6f5da017ba69cb4fba39a49b43cc23894c013084071cd2fe3dd2a09635ce5,394,sentence2,11,search,4
9faa77010662234e1f2b32993d19760cf3d03379ed5d573c0a503a0a8dd33ce8,decide upon or fix definitely .,9faa77010662234e1f2b32993d19760cf3d03379ed5d573c0a503a0a8dd33ce8,6665,sentence1,7,search,5
9faf6adfeb8b373597d8debdc1e37552526227e61f0a41feece9a0770e5dd899,A man in a red uniform is making a jump in a dirt bike race,9faf6adfeb8b373597d8debdc1e37552526227e61f0a41feece9a0770e5dd899,2527,sentence2,18,search,6
9fb06a5806e8e1887aba8cbca80fd485a0301019688c4c57099758968a9f8d46,"retreat or move from a position , relocate",9fb06a5806e8e1887aba8cbca80fd485a0301019688c4c57099758968a9f8d46,4670,sentence1,10,search,5
9fb273c9f30d6ce655c83f606072bb2101c80f4957fd08d0611ad07eeacd670e,men in china detained after taking girls to hotel,9fb273c9f30d6ce655c83f606072bb2101c80f4957fd08d0611ad07eeacd670e,14621,sentence2,10,search,3
9fba1e7a735f2a25f6872352fe543673e6b0942eae59156824c9199beb522fb5,a means or agency by which something is communicated .,9fba1e7a735f2a25f6872352fe543673e6b0942eae59156824c9199beb522fb5,32318,sentence2,13,search,5
a0272b2fe1c4cf25d0d99be3a9c02f2613bdab479fbb9cbbdd3f90a30a82fe1d,two young women shear a sheep .,a0272b2fe1c4cf25d0d99be3a9c02f2613bdab479fbb9cbbdd3f90a30a82fe1d,3026,sentence1,10,search,4
a04c79f7a2f83986537350970dac2aa63022e3d796db2b769b6c5fb20872b86c,a young man and woman sitting on a bench outside are kissing .,a04c79f7a2f83986537350970dac2aa63022e3d796db2b769b6c5fb20872b86c,7141,sentence2,17,search,4
a04ca91ee96b585a09a0cd6abc98f68a4f5e8d847600ae248da6150c57b19288,if it is in the same path as the bulb .,a04ca91ee96b585a09a0cd6abc98f68a4f5e8d847600ae248da6150c57b19288,22192,sentence1,13,search,5
a05795afbb6700335339678f195090d2ce2b594fdccdc6b7c50374268252d421,"Wal- Mart, Kohl's Corp., Family Dollar Stores Inc., and Big Lots Inc. posted May sales that fell below Wall Street's modest expectations.",a05795afbb6700335339678f195090d2ce2b594fdccdc6b7c50374268252d421,3246,sentence1,35,search,2
a075dddb44f6667101bd85987a52f29def2ea7a739f628e333c927da53c651ca,A man and a woman are driving down the street in a jeep,a075dddb44f6667101bd85987a52f29def2ea7a739f628e333c927da53c651ca,18133,sentence1,17,search,4
a07993c72dc999a0374ce89d50c3941db9791084379f74551af6454c3e725dd8,the cfe is 1 of several issues negatively impacting russia 's relations with the united states and europe .,a07993c72dc999a0374ce89d50c3941db9791084379f74551af6454c3e725dd8,28317,sentence2,28,search,2
a0a627a4617ba8b06840f60b67b887dd2c4c047b3e7c2ee8285a4be8be6cef35,A man and a woman are not driving down the street in a jeep,a0a627a4617ba8b06840f60b67b887dd2c4c047b3e7c2ee8285a4be8be6cef35,7611,sentence1,18,search,0
a0a878e197276c8c7f9b5a33540c578985f0307c85d68b03e4ba57648fd11b99,comstock said several federal courts have ruled that the detentions are fully within the law .,a0a878e197276c8c7f9b5a33540c578985f0307c85d68b03e4ba57648fd11b99,16164,sentence1,22,search,2
a0bcf8310034a74407d22ee4b2d99b6137ca25311083f3d5c47240b2457a5266,A large green ball is missing a potato,a0bcf8310034a74407d22ee4b2d99b6137ca25311083f3d5c47240b2457a5266,10337,sentence1,9,search,0
a0c601f419560363fea837b1b9d020a3b443ca74fc899056d9c1d4fceff8e88b,a close-up picture of a white and purple motorcycle .,a0c601f419560363fea837b1b9d020a3b443ca74fc899056d9c1d4fceff8e88b,1313,sentence1,15,search,4
a0dc343e8aeafa379cf10acb8226a3c988629a9bae6b81c50480e13d217fccce,"become less tense , rest , or take one 's ease .",a0dc343e8aeafa379cf10acb8226a3c988629a9bae6b81c50480e13d217fccce,15646,sentence2,19,search,5
a0e46fe267b4075861b397993952f95600d7895cf26258a731bb8b455028aa9b,'ready to go home : ' last boston bombing victim leaves the hospital,a0e46fe267b4075861b397993952f95600d7895cf26258a731bb8b455028aa9b,11426,sentence2,19,search,3
a102aba2019987ac2bc84190c052f74f4f95d0ff951a6a5f6460f4ddd0bf067d,a close up of the front end of a purple and white motor cycle .,a102aba2019987ac2bc84190c052f74f4f95d0ff951a6a5f6460f4ddd0bf067d,191,sentence2,18,search,4
a1067c3fc41e5d1dff8ab42ba1a3ebddbc70cb8a29a6f42cb15c82f3d39bb1ca,a man breaks a stick .,a1067c3fc41e5d1dff8ab42ba1a3ebddbc70cb8a29a6f42cb15c82f3d39bb1ca,1367,sentence1,9,search,6
a106c3751c23822ce1f7ad9a2969949ebd89039960b34389f45b130612412b8e,negative reconnaissance requirements .,a106c3751c23822ce1f7ad9a2969949ebd89039960b34389f45b130612412b8e,10429,sentence2,5,search,0
a10e47023995cf075df446b269feddf00074e63987780506269825a663247b43,A dog in a colored coat is running swiftly across the yard,a10e47023995cf075df446b269feddf00074e63987780506269825a663247b43,12037,sentence2,14,search,7
a123ffc8136637136c481070619fa02d56c6afb23c284c53bde2f707b84c3248,woman leading her small dog through an obstacle course .,a123ffc8136637136c481070619fa02d56c6afb23c284c53bde2f707b84c3248,6751,sentence2,11,search,7
a13cf927d70091bec0eabc6a0fcbd83e406e29fe314d9bee87c22441ab07568f,A man in a red uniform is racing and making a jump over a bike in the dirt,a13cf927d70091bec0eabc6a0fcbd83e406e29fe314d9bee87c22441ab07568f,12022,sentence2,21,search,6
a163520c47a93cbab5d829f2d79b6972710151645336f57bb9ae85323de11a60,A brown and white dog is catching a dirty tennis ball in a dirt field,a163520c47a93cbab5d829f2d79b6972710151645336f57bb9ae85323de11a60,9321,sentence1,18,search,7
a1c851fbe7f9815ffc387a3235500fd7a1da8f695bee7f48087068b8dc63831e,A man is painting a woman's face,a1c851fbe7f9815ffc387a3235500fd7a1da8f695bee7f48087068b8dc63831e,628,sentence1,10,search,6
a1cf104981b0510bbe32a496b2a971b05cf60a62f01ef83f8bc954a623a24b53,Group of people posing with two men dressed as Elvis.,a1cf104981b0510bbe32a496b2a971b05cf60a62f01ef83f8bc954a623a24b53,27513,sentence1,13,search,4
a1d2e26f68e527ba8c43c60cbd1233a20da5665b461fbe4f1a486c6723e5cc8f,needs thinking about .,a1d2e26f68e527ba8c43c60cbd1233a20da5665b461fbe4f1a486c6723e5cc8f,12461,sentence2,5,search,5
a21cb654afdfee1df5c4eba7b75757351f8ccb47361fce45fa202b102997d260,"firstly , you should be aware that there are two different kinds of dashes : the en dash and the em dash .",a21cb654afdfee1df5c4eba7b75757351f8ccb47361fce45fa202b102997d260,10300,sentence1,34,search,5
a23431de27f73ec6ea5009371c40a196de83f29fb48d9ef641004ffc6be72d4f,a man in a black leather jacket is sleeping in a subway car .,a23431de27f73ec6ea5009371c40a196de83f29fb48d9ef641004ffc6be72d4f,13468,sentence2,18,search,6
a249c8e48fc62db149eff11a92f3fdcc657fe7f9f1ca94990a849bdd2dd2fda0,A young man on a bmx bicycle is jumping off a pyramid,a249c8e48fc62db149eff11a92f3fdcc657fe7f9f1ca94990a849bdd2dd2fda0,15248,sentence1,17,search,6
a2649a08b7d9482d6764700fd34f52c7c7500641a3aed04c430972d463856510,A woman is cutting a tomatoe.,a2649a08b7d9482d6764700fd34f52c7c7500641a3aed04c430972d463856510,32147,sentence2,9,search,1
a2667d5b79433f2a56ee6be75d70b65882a5efc1eb1c870a09b68d1edbbef4e1,runners race around a track .,a2667d5b79433f2a56ee6be75d70b65882a5efc1eb1c870a09b68d1edbbef4e1,17329,sentence2,8,search,4
a267b237170760208902c5e2a8d12d6c4ced1712e9fc1eedf6bdd2a690fc9963,Two bikes are being ridden by two people,a267b237170760208902c5e2a8d12d6c4ced1712e9fc1eedf6bdd2a690fc9963,2290,sentence1,9,search,4
a26b204b0907a6556ffe46fb4896d8bba146bc508d821a68a6b14ef3722f0795,There is no girl in a brown dress being surrounded by children and closing her eyes,a26b204b0907a6556ffe46fb4896d8bba146bc508d821a68a6b14ef3722f0795,24660,sentence2,18,search,0
a27c7d5e9487b58dfa987439f95665e0432a9128780bb38f3447525bcf85a007,"thank you , mister the police chief .",a27c7d5e9487b58dfa987439f95665e0432a9128780bb38f3447525bcf85a007,2483,sentence2,11,search,2
a288b4c5335bada95a4c673903542315854fce879d30128f164d093fac3a4352,A person is holding two baby lorises.,a288b4c5335bada95a4c673903542315854fce879d30128f164d093fac3a4352,10355,sentence1,11,search,4
a2d003fc65b0605490f5bbf62b59386fd02a4aee5dc1351122abeb81beabcdf1,fortunes of facebook may hinge on search - is this the big reveal ?,a2d003fc65b0605490f5bbf62b59386fd02a4aee5dc1351122abeb81beabcdf1,10691,sentence2,17,search,5
a2d124d12dcc93cec718d8ca76f06e7d1f82df13843cab59202e83b384cd6584,the act of hiring something or someone .,a2d124d12dcc93cec718d8ca76f06e7d1f82df13843cab59202e83b384cd6584,23023,sentence2,9,search,5
a2da0eca18ca0547810e8d84fe7ba01b7ea1b4064ad564cf1e5353842ab09c18,A young boy covered in grass is jumping near a fence made of wood,a2da0eca18ca0547810e8d84fe7ba01b7ea1b4064ad564cf1e5353842ab09c18,19213,sentence1,15,search,4
a2dcad22842143c4fde11582724a00e507845fa34dcb48df05e9f075e1a21c39,6.2 magnitude quake jolts sarangani,a2dcad22842143c4fde11582724a00e507845fa34dcb48df05e9f075e1a21c39,6203,sentence1,16,search,3
a2e36de3f23e07f6a2e2b3d902ea1b5e6bea5eefa311b956b7e60a2d772c297e,red fox standing by .,a2e36de3f23e07f6a2e2b3d902ea1b5e6bea5eefa311b956b7e60a2d772c297e,25554,sentence2,7,search,7
a3300f9edef809bc6046b9aef2b8072e16377a6a44a16fd6d0441bc30920044b,amendment no 7 proposes certain changes in the references to paragraphs .,a3300f9edef809bc6046b9aef2b8072e16377a6a44a16fd6d0441bc30920044b,29142,sentence1,15,search,2
a351010b1bd3c1c7a26bda0c3374db6e2f508e357c5efca06fdc090b5eb031e0,The person with the green shirt is jumping high over the grass,a351010b1bd3c1c7a26bda0c3374db6e2f508e357c5efca06fdc090b5eb031e0,23516,sentence2,12,search,4
a3553a6658e4fd0071fb0bb9e3aecb4a5777066390a1f5f5f07fe7983684a681,a kitchendiner with papers laying on the blue clothed dining table .,a3553a6658e4fd0071fb0bb9e3aecb4a5777066390a1f5f5f07fe7983684a681,27593,sentence1,19,search,1
a38b0f4414adb7693712803d9843d85b971d6b4dd6398ad7651282648a3d3324,police confirm how suspect was captured,a38b0f4414adb7693712803d9843d85b971d6b4dd6398ad7651282648a3d3324,9262,sentence2,6,search,2
a3942bdb9632af22da7944d0f90ff734c240201d1f1cce0f5899c3704a335cb7,Bomber strikes near Pakistan army HQ,a3942bdb9632af22da7944d0f90ff734c240201d1f1cce0f5899c3704a335cb7,15216,sentence2,8,search,3
a39ca8d47b29d8241f873efe509f5f46623ceb170cec5b992ab5498b8c911fbf,A woman in a black and orange jacket throws a stick for a brown and black dog to fetch.,a39ca8d47b29d8241f873efe509f5f46623ceb170cec5b992ab5498b8c911fbf,71,sentence2,24,search,7
a3ef8905ca4d71e247993786800353bbdbea1461a11176b3a3f036ff95f6ba0c,A man is being curiously looked at by a woman,a3ef8905ca4d71e247993786800353bbdbea1461a11176b3a3f036ff95f6ba0c,3395,sentence1,12,search,6
a3fe1da208a35d57addbd34ceddd24518bb7c378bfe0e411cd2d42364654f6d4,boy given pot to manage his autism,a3fe1da208a35d57addbd34ceddd24518bb7c378bfe0e411cd2d42364654f6d4,4279,sentence1,7,search,5
a4537e6ac5710a491d4bcc4bc9129c5b4c4668969556cc04aa6fd02ce5e9acc4,what to do when doctors don 't listen,a4537e6ac5710a491d4bcc4bc9129c5b4c4668969556cc04aa6fd02ce5e9acc4,3336,sentence2,10,search,5
a47b17711f9a456d0a5b294b3959e12233fd8904090c7bd24ea575acc8521515,drug lord captured by marines in mexico,a47b17711f9a456d0a5b294b3959e12233fd8904090c7bd24ea575acc8521515,497,sentence1,12,search,3
a4852ac7e2483b5356720ec0be2bb8d2e7da7f651b1196786df135ba8bd18bf0,The doctor is helping the patient,a4852ac7e2483b5356720ec0be2bb8d2e7da7f651b1196786df135ba8bd18bf0,18864,sentence2,6,search,6
a488643e1ce42474e1107f05580f52d1e6579415c4dedfc3cf715e185ab1b1a5,the best thing to do is to overcome the fussiness .,a488643e1ce42474e1107f05580f52d1e6579415c4dedfc3cf715e185ab1b1a5,15636,sentence1,13,search,5
a49010e0188d1aa48a87194b13d5cc9a1845f5c98f1c0a1b6c1e22feaf1ff936,Three men are lying on a hill and looking at the mountains and sky,a49010e0188d1aa48a87194b13d5cc9a1845f5c98f1c0a1b6c1e22feaf1ff936,10132,sentence2,15,search,4
a4976f4894cbc9c8b75b7a08fb550d99112198718c84ec7185a76b4fa44fec4c,some stimulus causes a cognizer to think of a prior phenomenon due to its perceived similarity .,a4976f4894cbc9c8b75b7a08fb550d99112198718c84ec7185a76b4fa44fec4c,13044,sentence1,22,search,5
a4d8f6d62727380a0c4a1ad9985ae349f80b7a171669230708680dd2075fec01,A person in the gear used for biking is standing steadily in front of the mountains,a4d8f6d62727380a0c4a1ad9985ae349f80b7a171669230708680dd2075fec01,1303,sentence1,17,search,6
a504ca8e743a2fe87cbf091b9d192a19dfe24fdc5de35bd7f96206bef2b1d8d8,mubarak retrial adjourned to june,a504ca8e743a2fe87cbf091b9d192a19dfe24fdc5de35bd7f96206bef2b1d8d8,11377,sentence2,16,search,2
a508fef9315e799c0b592da4db48d3989a3547f2a17735eba4af7da3aef13dd1,"everyone in the world at the current "" prosperity "" level of northwest africa .",a508fef9315e799c0b592da4db48d3989a3547f2a17735eba4af7da3aef13dd1,603,sentence1,16,search,2
a50fc28661121a092ed19278948dd7b0516b0e663326f371627be8082c836207,a man is playing an acoustic guitar and singing into a microphone .,a50fc28661121a092ed19278948dd7b0516b0e663326f371627be8082c836207,4172,sentence1,20,search,6
a524f5d3c6a30574ca8a52365778510558e3d479dcd4937d63ae9158c63e2ec3,"Unfortunately, this question cannot be answered in its full generality.",a524f5d3c6a30574ca8a52365778510558e3d479dcd4937d63ae9158c63e2ec3,10728,sentence1,13,search,5
a5281087ceadd4d93ff8bfd51c86d9e5ef1cdd5fbf6d2810e46b7e24bb2140a9,Ten people riding ATVs.,a5281087ceadd4d93ff8bfd51c86d9e5ef1cdd5fbf6d2810e46b7e24bb2140a9,26555,sentence1,7,search,4
a5397f08009bd2812cb756ef9aaef6a3cb52f4bb2403e3639ea09e512172991a,The dog is running through the dry sand,a5397f08009bd2812cb756ef9aaef6a3cb52f4bb2403e3639ea09e512172991a,6935,sentence1,10,search,7
a5473efa38196cba6cd7a25144b2d616570a0e2a8dafdb7dc6d557973e758c15,A black and white photo of a man driving a car and someone with a motorcycle.,a5473efa38196cba6cd7a25144b2d616570a0e2a8dafdb7dc6d557973e758c15,3338,sentence1,20,search,6
a54bae395f77fbd96cdcb33bd40683f8e63079f5640aefadc8e20c1895c6fe7f,"death toll in nepal earthquake tops 8,000",a54bae395f77fbd96cdcb33bd40683f8e63079f5640aefadc8e20c1895c6fe7f,1320,sentence1,13,search,3
a55b199d029e39f272b0d8d5d08c23be6652a60f97ec1eabf140380544c64a8c,the man used a machine to chop up a potatoe .,a55b199d029e39f272b0d8d5d08c23be6652a60f97ec1eabf140380544c64a8c,21159,sentence1,15,search,6
a589414b8be64dc049ee6034de4b518d5f58609e3649a616feb69b78ae7c7bb4,The men are acting on a stage,a589414b8be64dc049ee6034de4b518d5f58609e3649a616feb69b78ae7c7bb4,10070,sentence1,8,search,6
a58a934d5a650c69c2ec6279bad4becf36f81ecea82731e5972f726b1e4f2437,"but mr. crosby told the associated press : "" right from the beginning , we didn 't want to see anyone take a cut in pay .",a58a934d5a650c69c2ec6279bad4becf36f81ecea82731e5972f726b1e4f2437,14151,sentence1,39,search,2
a58d27ac56ea6e041104c7ecec42db4f5e9bf2da2d621b5736569214a0d47f7e,j.j. abrams to direct next ' star wars ' movie,a58d27ac56ea6e041104c7ecec42db4f5e9bf2da2d621b5736569214a0d47f7e,6061,sentence2,19,search,2
a5924e2567755591a7704a45bcdfea8aeaf079524074c8416afcbd0fedba6363,what is the difference between assertive and non-assertive words ?,a5924e2567755591a7704a45bcdfea8aeaf079524074c8416afcbd0fedba6363,5308,sentence2,16,search,5
a596cd6620a671c0a6626c784543dec5d40b053a69edd715fc11305129812098,physically attach to something .,a596cd6620a671c0a6626c784543dec5d40b053a69edd715fc11305129812098,329,sentence2,6,search,5
a59e28a36ddd3d7de1657d44258e0aaf90cebd0fa5dfdb3d67b12692063ea0f0,the human act of making something new .,a59e28a36ddd3d7de1657d44258e0aaf90cebd0fa5dfdb3d67b12692063ea0f0,35362,sentence1,9,search,5
a5a1b01641776210a08b1f5ca1ce5ff050a8d49f5910828f0e08bf5cb6c9a0cf,"by the way , the truth of the super committee negotiations is that the democrats didn 't off one single plan .",a5a1b01641776210a08b1f5ca1ce5ff050a8d49f5910828f0e08bf5cb6c9a0cf,16090,sentence2,28,search,0
a5b1fe62323031de0dc6b1c5d1fd3fd14f8a7d61cf2d4369592e1cb7421e5adb,a long-haired dog stands in a grassy wooded area .,a5b1fe62323031de0dc6b1c5d1fd3fd14f8a7d61cf2d4369592e1cb7421e5adb,34781,sentence1,20,search,7
a5e9866a0bbb27a3b735eab15db5d6a382e52a5f4f24ce73f6e9d0f8b813ac24,The man is erasing the drawing on the board,a5e9866a0bbb27a3b735eab15db5d6a382e52a5f4f24ce73f6e9d0f8b813ac24,11346,sentence1,12,search,6
a6041514f76ad8749a79627c383c34d6caf3c20eefe69f016fae28e3e3e123f8,A dog is running through a field and is chasing a ball,a6041514f76ad8749a79627c383c34d6caf3c20eefe69f016fae28e3e3e123f8,9013,sentence1,15,search,7
a60a7f2dabb4815ba1b4241f15549da6cc25233cd722ea6613b8a8115a8a9537,"a romantic partner , girlfriend or boyfriend",a60a7f2dabb4815ba1b4241f15549da6cc25233cd722ea6613b8a8115a8a9537,12409,sentence1,9,search,5
a6166490182e6b3ede28e26364a7915608993c88703d2994bfc7a5306e249314,"israel unveils 1,800 more settler homes",a6166490182e6b3ede28e26364a7915608993c88703d2994bfc7a5306e249314,5150,sentence1,10,search,2
a64724a7ece97a0a02d3c2596ab33a4d0419844048680c604951da8dba326498,"syrians protest against erdogan in paris , venezuelans stress support to syria",a64724a7ece97a0a02d3c2596ab33a4d0419844048680c604951da8dba326498,25055,sentence2,31,search,2
a659e37d8424e1541c8bcaa91e848f669ca2080c7741b1e81632e3396451ee1b,a woman sings into a microphone with a guitar player in the background .,a659e37d8424e1541c8bcaa91e848f669ca2080c7741b1e81632e3396451ee1b,13106,sentence1,19,search,1
a65efb103bfe7704553c035e5928bc1715e9c068b77559b86be0228ec6326d57,there is a gap in the circuit .,a65efb103bfe7704553c035e5928bc1715e9c068b77559b86be0228ec6326d57,11333,sentence2,10,search,5
a6614f9f7cf6fda0829f27fd5f1cac5427f30eb8a8c83cfb50cabe58b3bb387a,Someone is playing a piano,a6614f9f7cf6fda0829f27fd5f1cac5427f30eb8a8c83cfb50cabe58b3bb387a,19448,sentence1,6,search,6
a669b8c4739ea3501ea6ee683ba7e8edf3f2a998a4e694147e5db278c3e0eac2,"the act of protesting , dissenting",a669b8c4739ea3501ea6ee683ba7e8edf3f2a998a4e694147e5db278c3e0eac2,2547,sentence1,11,search,5
a6864702864d89c1dc7efe81d64045fbe3cbaaeb0b43593e665e5b7bfb5c36a6,i have the same situation and have traveled extensively .,a6864702864d89c1dc7efe81d64045fbe3cbaaeb0b43593e665e5b7bfb5c36a6,30116,sentence2,12,search,5
a68a3266d95a07645b01db960cb625b812501fd102e64aec31c33688b9db2334,messi scores 4 to send guardiola off with victory,a68a3266d95a07645b01db960cb625b812501fd102e64aec31c33688b9db2334,4321,sentence2,11,search,3
a6afff5b137939a3e27169dc53c1718cfbde30cf3a399eadc98c91d05e593ab6,kim jong-un executed his ' worse than a dog ' uncle,a6afff5b137939a3e27169dc53c1718cfbde30cf3a399eadc98c91d05e593ab6,4422,sentence1,19,search,3
a6c41826d6b28a9a2eb8f09a2ceeca010ba5403499cd3eefdac32cde6b2d97e6,the ballerina is dancing .,a6c41826d6b28a9a2eb8f09a2ceeca010ba5403499cd3eefdac32cde6b2d97e6,10021,sentence2,8,search,1
a6cad6c34a66eb256a4f745b8640b8cf442692e10a4072b085a00283aa1d6f0c,pope hits out at ‚ äėwar to sell arms ‚ äô in syria,a6cad6c34a66eb256a4f745b8640b8cf442692e10a4072b085a00283aa1d6f0c,4370,sentence1,26,search,2
a6fbea119aa6d7cf49a68bb4d755a160278dd6ca42bc8ac6200d2c7a6377f0b6,"formally reject or disavow a formerly held belief , usually under pressure .",a6fbea119aa6d7cf49a68bb4d755a160278dd6ca42bc8ac6200d2c7a6377f0b6,9360,sentence2,21,search,5
a703176ec4944e7ab165da6edbd07532a985c2fb02a8eef47b77edc44d033810,Black and white cows grazing in a pen.,a703176ec4944e7ab165da6edbd07532a985c2fb02a8eef47b77edc44d033810,17718,sentence2,13,search,7
a72d186b2bcff3c1921abfea12ca4e5147e505d15caaa89379196e2451178c9b,a cat is playing on the floor .,a72d186b2bcff3c1921abfea12ca4e5147e505d15caaa89379196e2451178c9b,22412,sentence2,10,search,7
a759475c4669c59d098d0d03ebf7bd19c7398643462a624335d463ffc4cc2326,alleged cop killer died from shot to head,a759475c4669c59d098d0d03ebf7bd19c7398643462a624335d463ffc4cc2326,11625,sentence2,9,search,3
a76da58cfdff5fee412124ec8be8187b2a65d1b31adc6906d05c519d161fb3e7,wto : india regrets action of developed nations,a76da58cfdff5fee412124ec8be8187b2a65d1b31adc6906d05c519d161fb3e7,17220,sentence1,12,search,3
a7855cc9bd77c6f3e368f5a1da043421453f74b6d384b02090c5e768f21b7f4d,A dog is quickly running uphill,a7855cc9bd77c6f3e368f5a1da043421453f74b6d384b02090c5e768f21b7f4d,3206,sentence1,7,search,7
a794995c4f5a9cddf2392ef8c57b83d5ebed91ec5c21f990f1368ea946f70cce,"if i owe you , dollars , i have a problem .",a794995c4f5a9cddf2392ef8c57b83d5ebed91ec5c21f990f1368ea946f70cce,35744,sentence2,21,search,5
a7c55e33ee97760c4750044cdfc2fd1db36ed92b5eb0b266bc91e3c95cb4614e,"to close within bounds , limit or hold back from movement .",a7c55e33ee97760c4750044cdfc2fd1db36ed92b5eb0b266bc91e3c95cb4614e,28441,sentence1,15,search,5
a7d3fb74d80f6758e1e9587617b7f20e1358426de8ae27578ef5f6f145ac9552,reach a destination ; arrive by movement or progress .,a7d3fb74d80f6758e1e9587617b7f20e1358426de8ae27578ef5f6f145ac9552,31815,sentence2,13,search,5
a81accd81619a4cfa42f3940f0a10c67f0c5becb96389756e1fb079535be151d,"holy poo poo , this show .",a81accd81619a4cfa42f3940f0a10c67f0c5becb96389756e1fb079535be151d,14680,sentence1,11,search,2
a834e30b97a6e2ccdd0c3d4fdc19d96b71fe9f1724c2daf4b5bd201a5988a82c,there is no closed path containing the battery,a834e30b97a6e2ccdd0c3d4fdc19d96b71fe9f1724c2daf4b5bd201a5988a82c,9559,sentence2,9,search,0
a848ee3f1051a560d935b8b3b1ab09e22a62fd2e2c47efbf5b80e7d402069e97,there is still a closed path containing bulb b and c with the battery .,a848ee3f1051a560d935b8b3b1ab09e22a62fd2e2c47efbf5b80e7d402069e97,34469,sentence1,20,search,0
a857aaa9d693929a1afbcb299a4d146648e15657a77103604f32ca1e1ca5c050,a snowboarder rides a snowboard down a railing beside a flight of steps .,a857aaa9d693929a1afbcb299a4d146648e15657a77103604f32ca1e1ca5c050,18262,sentence1,21,search,4
a8c084754c2901d58df18f53ec29b7ce746ffdab5956e971b035b4cfa00d4413,iran nuclear talks enter crucial third day,a8c084754c2901d58df18f53ec29b7ce746ffdab5956e971b035b4cfa00d4413,15196,sentence1,9,search,2
a8e77dc22d9e50be81d87874b84518e28bb012f12107df5f3f805fe5f99a355a,black train idle on the tracks .,a8e77dc22d9e50be81d87874b84518e28bb012f12107df5f3f805fe5f99a355a,3700,sentence2,8,search,0
a8e973d1ddba7600bee83487749cab894fecb651d3b44b493cd3aa397dbdee7c,a small turboprop plane being loaded on the tarmac .,a8e973d1ddba7600bee83487749cab894fecb651d3b44b493cd3aa397dbdee7c,5646,sentence2,15,search,4
a8f65f3a85f786f978f654dbc5cdec3779fcfb37d4dc82e1bbda9b0b25b6fec0,the are on the same wire,a8f65f3a85f786f978f654dbc5cdec3779fcfb37d4dc82e1bbda9b0b25b6fec0,1635,sentence2,6,search,4
a906ecce82fe8a805c0c8a697e97295867c9ea8fe6a38fe82c267e4b01889f5b,"mister preside over it , the relation cashman can amount in some words : the power of the citizens on the bureaucracy .",a906ecce82fe8a805c0c8a697e97295867c9ea8fe6a38fe82c267e4b01889f5b,11564,sentence2,32,search,2
a90f6bc384230f5cf88d6084be70229bfb2222965385bd95d02154e697f480fe,fire in russian psychiatric hospital kills 38,a90f6bc384230f5cf88d6084be70229bfb2222965385bd95d02154e697f480fe,26131,sentence1,14,search,3
a9189b27ccc66f752d65c3be8d643d50010339f0a4851206b5819e8f567a13f8,the act of surrendering or losing something of value,a9189b27ccc66f752d65c3be8d643d50010339f0a4851206b5819e8f567a13f8,32572,sentence1,10,search,5
a91c2721faa77c7713a0bfb00478d2262162d630ba3a1cbf00d6228655636023,Two women sitting in chairs in a shop.,a91c2721faa77c7713a0bfb00478d2262162d630ba3a1cbf00d6228655636023,112,sentence2,10,search,4
a93b475092124a37cc81b5b038ba3c13feababe4613c87e8d2ecebd867bed577,There is no woman cutting a vegetable,a93b475092124a37cc81b5b038ba3c13feababe4613c87e8d2ecebd867bed577,35339,sentence1,8,search,0
a93c78577431f2b5c1959e7426c624a421512303b3417e9672a1965445bd4d2e,It depends on the meat and how it's cut.,a93c78577431f2b5c1959e7426c624a421512303b3417e9672a1965445bd4d2e,6622,sentence1,12,search,5
a9b5c843eb7921551ffccb3786b4e25c3468a88b67773dfe7539179fd2961555,five greyhounds are racing on a sand track .,a9b5c843eb7921551ffccb3786b4e25c3468a88b67773dfe7539179fd2961555,20489,sentence2,15,search,7
a9d709de13b2c9e38b1a9ec4ae2a1c3b25317475babdd8b36ed115848c2c6c5a,"the old version of the european response ( what psychologists call "" the envy of the dollar ' only become more pervasive .",a9d709de13b2c9e38b1a9ec4ae2a1c3b25317475babdd8b36ed115848c2c6c5a,34560,sentence1,28,search,2
a9d9bc13fbdccf30d0517ac89d77c526cbf983929a18c53a6670c1b70e77d6d4,french set for mali ground combat,a9d9bc13fbdccf30d0517ac89d77c526cbf983929a18c53a6670c1b70e77d6d4,32370,sentence2,7,search,2
a9f7bb73a8d3595bbf0f26461fd2970cefd54dd76a01b797cc0ca66368dc1062,they launched a watermelons of their car ' .,a9f7bb73a8d3595bbf0f26461fd2970cefd54dd76a01b797cc0ca66368dc1062,15354,sentence2,14,search,4
aa050566065d8ac7fe17a73c6adb4b58586402855e66ff4dc8acce6419832ed2,But the economy hasn't shown signs of sustainable growth.,aa050566065d8ac7fe17a73c6adb4b58586402855e66ff4dc8acce6419832ed2,1193,sentence2,13,search,2
aa0958ac2b48dacb52accc7c658a0fcd7d809ef6af703ad7279dbb96f8c55447,man convicted in vatican leaks case,aa0958ac2b48dacb52accc7c658a0fcd7d809ef6af703ad7279dbb96f8c55447,2230,sentence2,10,search,2
aa1cf7d6a474003d725867c6db9e4a03ddf73f34b226d9758471bc3851650994,The windows are being cleaned by a man,aa1cf7d6a474003d725867c6db9e4a03ddf73f34b226d9758471bc3851650994,11091,sentence2,9,search,6
aa392189795c6860aa8d680066d9458a58a70fd8a3bcb04078820c379f38098e,Ingredients are being poured into a bowl by a woman,aa392189795c6860aa8d680066d9458a58a70fd8a3bcb04078820c379f38098e,31580,sentence1,14,search,1
aa67082ffc7de24e363dc7a589cec6bd6eba7e49b2eda6da946dd28617a6266a,a little blonde girl is sitting on a green chair .,aa67082ffc7de24e363dc7a589cec6bd6eba7e49b2eda6da946dd28617a6266a,22515,sentence1,14,search,1
aa6c4092d8ee15d739f35dddf4d8b695d88c31c96c15eb6bce33316e56419b0b,a moped in front of steps of ruins .,aa6c4092d8ee15d739f35dddf4d8b695d88c31c96c15eb6bce33316e56419b0b,11331,sentence1,13,search,4
aa6e5e187ca0da668fd744503a227592402cb478e60eeebb5a2d488c0f4ff69c,the scuba diver is underwater .,aa6e5e187ca0da668fd744503a227592402cb478e60eeebb5a2d488c0f4ff69c,33104,sentence2,9,search,6
aa80442d2158832b15fc51a472ce79ee2a1010170c580f12624ca43a5701be27,The dog is on a leash and is walking in the water,aa80442d2158832b15fc51a472ce79ee2a1010170c580f12624ca43a5701be27,17086,sentence2,14,search,7
aa86997d128c55fa094efc8c2e0280eb9b17e79ed04a11e494f3d885470100e5,communicate silently and non-verbally by signals or signs .,aa86997d128c55fa094efc8c2e0280eb9b17e79ed04a11e494f3d885470100e5,34333,sentence2,14,search,5
aa8b5ffe6cbf04e94166ea9291b633ad7c7273d6fd67f7094a643ff1a43ab057,a city on the river thames in berkshire in southern england .,aa8b5ffe6cbf04e94166ea9291b633ad7c7273d6fd67f7094a643ff1a43ab057,2166,sentence2,23,search,5
aa939da0bc4a8c75646142092b37e676b46b58c537af139e7a40a243a06b5c6f,"while in motion , an impactor makes sudden , forcible contact with the impactee , or two impactors both move , mutually making forcible contact .",aa939da0bc4a8c75646142092b37e676b46b58c537af139e7a40a243a06b5c6f,104,sentence1,41,search,5
aacb7d65f012242a650b4599dc37667cdfb04d66ebee3f2fad69bac80a7f232b,the forceful exhalation of air from nose or mouth,aacb7d65f012242a650b4599dc37667cdfb04d66ebee3f2fad69bac80a7f232b,9287,sentence1,12,search,5
aadc3f2ea1994daaae91414f0935de4fdd8231fb375c390740ae86376a2b3780,how to remove milk smell from hardwood floor ?,aadc3f2ea1994daaae91414f0935de4fdd8231fb375c390740ae86376a2b3780,5246,sentence2,10,search,5
aafb7e7ab2c311b6205778d8e4537b0bd657f6e4a02d623e77b826be7b66d09f,There is no man cutting a potato,aafb7e7ab2c311b6205778d8e4537b0bd657f6e4a02d623e77b826be7b66d09f,24416,sentence1,8,search,0
ab13ced48649fec8281ac13d937d88518c3c827b38fc84af60427efe85b7867e,icc jails congolese warlord for 14 years over child soldiers,ab13ced48649fec8281ac13d937d88518c3c827b38fc84af60427efe85b7867e,9351,sentence1,18,search,3
ab892d1ff92c8ffafff6bb5815559b1c26ce163b2196ee2e8f9548cbc540d6af,scores killed in egyptian protests,ab892d1ff92c8ffafff6bb5815559b1c26ce163b2196ee2e8f9548cbc540d6af,14396,sentence1,11,search,3
aba6ad9fb8e71bca59208eabedabf22226087a53d417ff9ee5142671f87194b0,A person is slicing garlic into pieces with a knife,aba6ad9fb8e71bca59208eabedabf22226087a53d417ff9ee5142671f87194b0,25846,sentence2,14,search,1
abab2df03d5dfbf8466a9dee3a63d98e7ec0ac9918fa80ab3908be4a83fe408c,two dogs are playing together in the grass .,abab2df03d5dfbf8466a9dee3a63d98e7ec0ac9918fa80ab3908be4a83fe408c,15395,sentence1,10,search,7
abadbb91222dad0e511f9d8b2a60a4a949c5bb9548aa6fe85042493088cebe25,eu imposes new sanctions on syrian regime,abadbb91222dad0e511f9d8b2a60a4a949c5bb9548aa6fe85042493088cebe25,6016,sentence1,14,search,2
abaf45c87b42dcd8405902d49b0670f896a5e230d7138beca0782ec8ab40f27e,over 120 dead in pakistan factory blaze,abaf45c87b42dcd8405902d49b0670f896a5e230d7138beca0782ec8ab40f27e,24001,sentence1,11,search,3
abb517d87215ba47f59b0f8fb644c6152f1ada0168343aa2da7792a51affac8d,the gay and other ‘ modern ’ practices are rejected because nombrilistes .,abb517d87215ba47f59b0f8fb644c6152f1ada0168343aa2da7792a51affac8d,5375,sentence2,18,search,0
abca461987da6ec53a7e337b8fc94cd544e5b5fdd531eb457d8a74173e9099b5,a group of swimmers fall into a pool .,abca461987da6ec53a7e337b8fc94cd544e5b5fdd531eb457d8a74173e9099b5,31345,sentence1,13,search,4
abd3d4cb87c984a5589f659ff36d820598324c776b28ae7554ccb839308da4f2,Philadelphia's council is not the first to defy the national policy.,abd3d4cb87c984a5589f659ff36d820598324c776b28ae7554ccb839308da4f2,22144,sentence2,16,search,2
ac0030b72043de85ca36b36c7c8d618f2a5757709cad288c438d79b6921d3c36,The presentation isn't being watched by a classroom of students,ac0030b72043de85ca36b36c7c8d618f2a5757709cad288c438d79b6921d3c36,15934,sentence1,14,search,0
ac04ce012880770d4033db6245d05b0787df50f7d1529300a461e7cddb33e3c8,A dog is leaping high in the air and another is watching,ac04ce012880770d4033db6245d05b0787df50f7d1529300a461e7cddb33e3c8,17597,sentence2,13,search,7
ac19855023ac790b76de72ea50f471e0087d1c340ecbe91a0fef6f43078f21e3,the rate of some repeating event .,ac19855023ac790b76de72ea50f471e0087d1c340ecbe91a0fef6f43078f21e3,3661,sentence1,9,search,5
ac1d244170220e067be93c6bc19ea73c20fe24e22737d4568f7881ee72797f1c,the silver train is parked in a station .,ac1d244170220e067be93c6bc19ea73c20fe24e22737d4568f7881ee72797f1c,9421,sentence2,12,search,4
ac353672acfa1c41288677f60e4d01f46be77b76f2f107b41329961191ad589e,a cheetah chases prey on across a field .,ac353672acfa1c41288677f60e4d01f46be77b76f2f107b41329961191ad589e,16219,sentence1,19,search,7
ac81337e3ebc983a22366d859bcab2e0d92d4199777949762229f8c20de5408c,terminal 6 is connected to a positive battery terminal,ac81337e3ebc983a22366d859bcab2e0d92d4199777949762229f8c20de5408c,1552,sentence1,10,search,5
ac8695d6ce98c687c5ee794a0f26a1f9f6894c6ae8f388fb001436d53c5b7e21,it 's pretty difficult to imagine a person with social anxiety disorder being an extrovert .,ac8695d6ce98c687c5ee794a0f26a1f9f6894c6ae8f388fb001436d53c5b7e21,17320,sentence2,23,search,0
ac96c87d3aa4505e6ea118e124d568c1c6a636acda70bfc49e4f7fa7eebc6301,Prominent AIDS researchers killed in Malaysian plane crash,ac96c87d3aa4505e6ea118e124d568c1c6a636acda70bfc49e4f7fa7eebc6301,9506,sentence1,12,search,3
ac99ae0f6cedf54b546c05cb094183a7267cac1f28d5b16d9769df8df8bdc8cf,a cat is sliding upside down under a couch .,ac99ae0f6cedf54b546c05cb094183a7267cac1f28d5b16d9769df8df8bdc8cf,9676,sentence2,13,search,7
acab77b221c304c113eefb1e0602c5b46476a66b796bfc9158ce847ad37e12ee,"tomatoes will last longer if kept in the fridge , but i actually recommend against keeping them there .",acab77b221c304c113eefb1e0602c5b46476a66b796bfc9158ce847ad37e12ee,19438,sentence1,23,search,0
acb1ef055f793709e190861e255ceb11aeac629f5a109d38898abd14d31ad2a6,A paper plate is being cut by a man,acb1ef055f793709e190861e255ceb11aeac629f5a109d38898abd14d31ad2a6,7396,sentence1,10,search,6
acb9782cd8443d61f13b5ea75c0ea17f0b0ff8a65bb3e3d568b0be0886cf6dc0,A man is missing the soccer ball,acb9782cd8443d61f13b5ea75c0ea17f0b0ff8a65bb3e3d568b0be0886cf6dc0,27500,sentence2,7,search,6
acc6152974a14b74bc2e52da782b4c0d74cbb0571c8b2f42d67b61a53a97d034,"In eukaryotic cells, small G-proteins are critically regulated by Guanine nucleotide Exchange Factors (GEFs) and GTPase Activating Proteins (GAPs).",acc6152974a14b74bc2e52da782b4c0d74cbb0571c8b2f42d67b61a53a97d034,12485,sentence1,51,search,5
acc9206682637479c40246afd70f0f8f1e1cd256dcfd0b5f4c1290a794e7382b,"summon into action or bring into existence , often as if by magic ; ask for the aid or protection of .",acc9206682637479c40246afd70f0f8f1e1cd256dcfd0b5f4c1290a794e7382b,32673,sentence2,26,search,5
acffde57c7f1d8db0fdf492b76395a3d11698661238ab9570748ffa72eaec842,nearly half - 45 percent - are for shopping or running errands .,acffde57c7f1d8db0fdf492b76395a3d11698661238ab9570748ffa72eaec842,24370,sentence1,20,search,5
ad487b8b652187aaac36c6d2bb9b4173479dd779246288f1bc30f9ea07124fbb,A blonde man is hanging by gymnastic ropes,ad487b8b652187aaac36c6d2bb9b4173479dd779246288f1bc30f9ea07124fbb,692,sentence1,10,search,6
ad53b771c74e75b037e7f44f8859220cd4fe29b706b09f3d32238de7cea28a6c,A schoolgirl with a black bag is on a crowded train,ad53b771c74e75b037e7f44f8859220cd4fe29b706b09f3d32238de7cea28a6c,35118,sentence2,15,search,1
ad59e38faa9675b58f749f65e09928b0c68732bc777d5ef28a6abedd6cb52ced,Several old people are posing for a photo and holding beers,ad59e38faa9675b58f749f65e09928b0c68732bc777d5ef28a6abedd6cb52ced,27239,sentence1,16,search,4
ad5ac6fb236baa18ccfce3d4f7e6f194f8eb61bef175427c9dec15f573bfd0d3,A man is peeling a potato.,ad5ac6fb236baa18ccfce3d4f7e6f194f8eb61bef175427c9dec15f573bfd0d3,30292,sentence1,9,search,6
ad78b27b726056ef1aa47d5db868f6633910a94d6750802881ecb7dbebdf59c1,a woman rides an elephant .,ad78b27b726056ef1aa47d5db868f6633910a94d6750802881ecb7dbebdf59c1,4024,sentence2,8,search,1
ad8e13699586628bc060b128ce83f7e224da6aec14e30c90c8ae31537e332a26,"the broad standard & poor 's 500 index .spx inched up 3 points , or 0.32 percent , to 970 .",ad8e13699586628bc060b128ce83f7e224da6aec14e30c90c8ae31537e332a26,3241,sentence2,34,search,2
ad95bf18b29dec68a399ae944856266e1d9c42d3d2387e10a581090513c74e66,A group of kids is playing on a structure which is colorful,ad95bf18b29dec68a399ae944856266e1d9c42d3d2387e10a581090513c74e66,17647,sentence2,13,search,4
ad9c2494d56aac7547f60adfbc9cc3045f52f5c4f5e84c458c388be7579b94e6,Two people are fighting and spectators are watching,ad9c2494d56aac7547f60adfbc9cc3045f52f5c4f5e84c458c388be7579b94e6,26111,sentence2,9,search,4
adaf2441ecb8506eee21af015db59c1cc638620b31f5a7629d42973e4dfb758b,"A dog is near a ball colored in red, which is in the air",adaf2441ecb8506eee21af015db59c1cc638620b31f5a7629d42973e4dfb758b,19251,sentence2,16,search,7
adcc3c828ffd091bd9e374602c9e61b9b8096e5999338fa4748a0e40a93963f3,The man is not going into the water,adcc3c828ffd091bd9e374602c9e61b9b8096e5999338fa4748a0e40a93963f3,21588,sentence2,8,search,6
add264c4f494a7f882a5413ca9e8cff4857fd467936bf56a92f0694a0d1fe7f1,a man on the back seat of a red tandem bicycle .,add264c4f494a7f882a5413ca9e8cff4857fd467936bf56a92f0694a0d1fe7f1,10660,sentence2,15,search,6
adef7f8c8efa1c74a310bf6d808376482f751978632a9144a07cc31c61d6277e,a girl is riding a horse .,adef7f8c8efa1c74a310bf6d808376482f751978632a9144a07cc31c61d6277e,4077,sentence2,10,search,1
adfa5c1cb4a8bc17c4bd10d789cbfa20c984fba168b27a7fb53777b2dbe392d2,world awaits oprah 's lance armstrong interview - but will it change anything ?,adfa5c1cb4a8bc17c4bd10d789cbfa20c984fba168b27a7fb53777b2dbe392d2,1101,sentence2,23,search,2
adfd123059d4592c14eba279b8d3056206caba587ee7bfe17b1e5f4b3990889c,but the returns which make the american securities markets if attractive reflect a fragile political balance .,adfd123059d4592c14eba279b8d3056206caba587ee7bfe17b1e5f4b3990889c,31203,sentence2,20,search,2
ae120483e0c6c441e07d1f23b77fd2a9a360c3ab0211fcd04f4a43e9fa340103,A sheepdog is dispersing a herd of sheep,ae120483e0c6c441e07d1f23b77fd2a9a360c3ab0211fcd04f4a43e9fa340103,6522,sentence2,13,search,7
ae25a3e9645727547692f9481a947ecc5224bdc39a48756fe4bcb5ebf8c1dc9e,terminal 6 and the positive terminal are connected,ae25a3e9645727547692f9481a947ecc5224bdc39a48756fe4bcb5ebf8c1dc9e,968,sentence1,8,search,5
ae2a1b9e9984c26d5cb82d2267064e34b95ed83a58442198d9f0ade99ddfb686,"you can always ask , then it is the choice of the author to accept or not .",ae2a1b9e9984c26d5cb82d2267064e34b95ed83a58442198d9f0ade99ddfb686,16159,sentence1,20,search,5
ae6c09d52c5c66777433729cb7b98794af6444ac0d3b70d91b1b5c8097d20aeb,An old woman is carrying a lot of colorful scarves on the beach,ae6c09d52c5c66777433729cb7b98794af6444ac0d3b70d91b1b5c8097d20aeb,24225,sentence1,16,search,1
ae75c9c0cd89a882aaf216a185ab06814d542d3272a844aa04965f6a4f686813,There is no man dancing on the road,ae75c9c0cd89a882aaf216a185ab06814d542d3272a844aa04965f6a4f686813,31007,sentence2,8,search,0
ae80141c3a60af6665111d9cff040bd4f49ab7ee9887797cf90baddfb1df9059,There are two traditional ways to bend wood:,ae80141c3a60af6665111d9cff040bd4f49ab7ee9887797cf90baddfb1df9059,65,sentence2,9,search,5
ae8157656fc30d756ee2c526e7146f3ad007ed031cafff217d21680c1eaab447,There is no baby talking,ae8157656fc30d756ee2c526e7146f3ad007ed031cafff217d21680c1eaab447,32204,sentence2,5,search,0
ae8ed453691b4f28f138f38681399ae605c01eb7413d24e9a2787d355151523a,"spur on , urge , or deride by cheers and shouts .",ae8ed453691b4f28f138f38681399ae605c01eb7413d24e9a2787d355151523a,17217,sentence1,18,search,5
ae8f2f3f5bdcd1e7e9b18836a8465d16b605b7fd2e03ae7245dd3d03659b1e72,"we have four versions - one each with solo male or female voices , an interpretation with choir and an instrumental version .",ae8f2f3f5bdcd1e7e9b18836a8465d16b605b7fd2e03ae7245dd3d03659b1e72,4307,sentence1,26,search,5
aeab44b2448cace400b494d50125679c645dbc0858803ca4b2d8c4d8a8bf496e,"the nasdaq composite index .ixic jumped 43.64 points , or 2.89 percent , to 1,553.73 .",aeab44b2448cace400b494d50125679c645dbc0858803ca4b2d8c4d8a8bf496e,1130,sentence2,35,search,2
aebc4cd1242f395571d9827dcb0faae87b9d98dd5703c5aeea1c52447f00d616,"following this , each web page is given a ranking of 0-10 according to its relevance to a search .",aebc4cd1242f395571d9827dcb0faae87b9d98dd5703c5aeea1c52447f00d616,34499,sentence2,26,search,5
aec92c906625499ae39cfc1afef1cf221454d273b6841e24f34b78a5694b2541,syrian forces storm central town,aec92c906625499ae39cfc1afef1cf221454d273b6841e24f34b78a5694b2541,24829,sentence2,8,search,3
aedd68d4a6821d3d30ec80327fd1264e1bfb7afd00a02a825bc21a3b8ef9ac45,loving the street style from the # couture in # paris # fashion,aedd68d4a6821d3d30ec80327fd1264e1bfb7afd00a02a825bc21a3b8ef9ac45,33310,sentence2,14,search,4
af043088dbafa2cf5da6dd72c007f9ded6f38c6a14be0cec8be6c96c642e34f2,a black dog fighting with a brown dog in the snow .,af043088dbafa2cf5da6dd72c007f9ded6f38c6a14be0cec8be6c96c642e34f2,30364,sentence2,15,search,7
af11a961b17aaf93e75185ad760d3b0b6ee2b68fbd67971be112adc06ed2b8a3,A person opening a banana.,af11a961b17aaf93e75185ad760d3b0b6ee2b68fbd67971be112adc06ed2b8a3,4390,sentence2,7,search,1
af18a1fc79e2dc661efc3abb32d9ff69b81fce766fb4c14043edb8ac4172c9ea,how do i make mayonnaise split ?,af18a1fc79e2dc661efc3abb32d9ff69b81fce766fb4c14043edb8ac4172c9ea,2131,sentence1,11,search,5
af2bbb04890f3bf7836c540a340217289eba32351dc5ff519a1f2d9a6fa1d63f,There is no man on a bicycle riding on the beach,af2bbb04890f3bf7836c540a340217289eba32351dc5ff519a1f2d9a6fa1d63f,8021,sentence1,12,search,0
af4b3a609ed11ecede74f1d7ffe54dc4c001d889634970103325689a2ac568c2,A man and a woman are walking together through the woods,af4b3a609ed11ecede74f1d7ffe54dc4c001d889634970103325689a2ac568c2,25128,sentence2,13,search,4
af4cd40e1a23dad870d335261dc2d083d9a7333dcf2092fcadfd47536bd567b1,The men are carefully putting suitcases into the trunk of a car,af4cd40e1a23dad870d335261dc2d083d9a7333dcf2092fcadfd47536bd567b1,20282,sentence1,15,search,4
af75a03250e2e9bfd7fcc644646683354d6983f2019cfb4d553820182043c5bf,an approximate attribute or quality of something,af75a03250e2e9bfd7fcc644646683354d6983f2019cfb4d553820182043c5bf,22005,sentence1,7,search,5
af7e778e866db84d92b74ad7a4d353ff5a75499f1cce8086273c757d7ed97b5e,A yellow palm is in front of a building and one dark skinned male is standing next to it,af7e778e866db84d92b74ad7a4d353ff5a75499f1cce8086273c757d7ed97b5e,3478,sentence1,23,search,6
afb9db2f740a187e6122b70e92df998195f7cb4e1976996f2fbb2e8aeb40d0fc,react to in a certain way .,afb9db2f740a187e6122b70e92df998195f7cb4e1976996f2fbb2e8aeb40d0fc,7601,sentence1,9,search,5
afd00dab2a7514cac372fd41d06a9cdb4d5f527dca8e1b2915f12edc80a0d8eb,in july 2006 jordanian prime minister maaruf bakhit stated that-- raghdad hussein and family were living under the protection of king abdullah ii .,afd00dab2a7514cac372fd41d06a9cdb4d5f527dca8e1b2915f12edc80a0d8eb,37090,sentence2,50,search,2
afe0163333223c5652e307ac0ec536d47361bec3cb1d074a7ad5c4223d841eff,people sitting on the porch .,afe0163333223c5652e307ac0ec536d47361bec3cb1d074a7ad5c4223d841eff,14313,sentence1,7,search,4
afe80236aae7112057fca3606ff5e3ea760b255a4b56d4dcc1cc5d49c360c2a0,russian court releases greenpeace ship doctor on bail,afe80236aae7112057fca3606ff5e3ea760b255a4b56d4dcc1cc5d49c360c2a0,2382,sentence1,12,search,3
b019e3f164df88523d9a30ef18c0ea2f5647277a1ef2ec743d52004f1d955699,a topless woman with her face painted is covered in mud .,b019e3f164df88523d9a30ef18c0ea2f5647277a1ef2ec743d52004f1d955699,25490,sentence1,16,search,1
b02007cb2a65fb9aa7c3214cc7e30b8da831b509a38901f66d84ec2f84cf66a2,rangers voted into third division,b02007cb2a65fb9aa7c3214cc7e30b8da831b509a38901f66d84ec2f84cf66a2,7993,sentence1,8,search,2
b02376ebf97afb91fb83e6bc339c04efbc77661342fc396974d052418b27ede2,former reagan spokesman larry speakes dies at 74,b02376ebf97afb91fb83e6bc339c04efbc77661342fc396974d052418b27ede2,2967,sentence1,18,search,3
b038ba83717c289bcfae1101c971de0b35738c0dfb7036e81948603f9456d3c9,two dogs approach each other in the grass .,b038ba83717c289bcfae1101c971de0b35738c0dfb7036e81948603f9456d3c9,1824,sentence1,10,search,7
b03d5edac4d6a58fa70b9e6acfcf9175eb4dbf67f98e23ba9f400b43e6d6e56c,A woman is standing in the water at the base of a waterfall,b03d5edac4d6a58fa70b9e6acfcf9175eb4dbf67f98e23ba9f400b43e6d6e56c,3032,sentence1,14,search,1
b03d89f5f72f39394c3a15840e73cad92a073d549543fc69469eed174a564242,plane crash site search called off for the night,b03d89f5f72f39394c3a15840e73cad92a073d549543fc69469eed174a564242,18328,sentence2,9,search,3
b0592da874b2188118a485b28f7f01c10007829b0d536ded818ae3244b4e3d32,be or play a part of or in .,b0592da874b2188118a485b28f7f01c10007829b0d536ded818ae3244b4e3d32,33047,sentence2,11,search,5
b062f4bf0bf699d366a1d43ddd931f92a760c0616c1e813ce5925202b2fb8d5a,A woman is slicing lemons.,b062f4bf0bf699d366a1d43ddd931f92a760c0616c1e813ce5925202b2fb8d5a,987,sentence1,10,search,1
b063cf4068f6cf5f164cbdd4792c2dbaa09b156a14c2a903ed8b2958a55b99b7,"A man with equipment used for climbing is under a vertical, white rock",b063cf4068f6cf5f164cbdd4792c2dbaa09b156a14c2a903ed8b2958a55b99b7,18443,sentence2,15,search,6
b098c7848c626ab9f28902ea3f9f01a4c02db3038b1b59d329c083bae531a198,observatory says russian air strikes kill 45 in syria,b098c7848c626ab9f28902ea3f9f01a4c02db3038b1b59d329c083bae531a198,434,sentence2,17,search,3
b0a2f73854d5d86bebb3f744f6761f64c94872f31cd00a5f1fc19927595c6641,"although i believe searle is mistaken , i don 't think you have found the problem .",b0a2f73854d5d86bebb3f744f6761f64c94872f31cd00a5f1fc19927595c6641,3359,sentence2,26,search,0
b0bf1b3d971699ae9108c33ebdfbee3f677037d523397268189fcd59f22dd757,There are a few things you need to consider:,b0bf1b3d971699ae9108c33ebdfbee3f677037d523397268189fcd59f22dd757,7436,sentence2,11,search,5
b1033d58247f2fdebf9f7cb3f6758aec24031acceb8123eafaa96dea4ec0b600,"nevertheless , the patent is assigned to the university of stanford and not to google .",b1033d58247f2fdebf9f7cb3f6758aec24031acceb8123eafaa96dea4ec0b600,31044,sentence2,20,search,0
b10388ea11603fdf00acd02a9495b096522f6d7205244162af65cef0f8e1c64f,a women dangles from a blue fabric connected to a tree .,b10388ea11603fdf00acd02a9495b096522f6d7205244162af65cef0f8e1c64f,24431,sentence1,19,search,1
b11376214c2b9ee0efa4b7212f57738676954aec61299db53086bd249fb64295,"come upon , attack or catch someone or something unaware",b11376214c2b9ee0efa4b7212f57738676954aec61299db53086bd249fb64295,8458,sentence1,11,search,5
b126e4b695e781e132395dd554d9f7fc68c1a33ccef9a63a930f81f99674114f,"A woman, who is seated, is singing a song and playing the guitar",b126e4b695e781e132395dd554d9f7fc68c1a33ccef9a63a930f81f99674114f,6010,sentence1,17,search,1
b1288ab70fdaef8ae01b1044de66a08e91119c4fe0915fe13deccb31c201de78,Some boys are kneeling next to each other in front of a ball,b1288ab70fdaef8ae01b1044de66a08e91119c4fe0915fe13deccb31c201de78,14140,sentence1,15,search,4
b12a61969858aac184a97d00ca498cf076d7697d6678606feef2e8ba986942b9,A person is singing and playing a guitar,b12a61969858aac184a97d00ca498cf076d7697d6678606feef2e8ba986942b9,35312,sentence2,9,search,1
b14eb61a01915a43f4e3a7c4dd9c49be3e188adcc045249dd6ef6fe76dc2d45e,A man with a bicycle at a coffee house.,b14eb61a01915a43f4e3a7c4dd9c49be3e188adcc045249dd6ef6fe76dc2d45e,30386,sentence1,12,search,6
b1561ed5a1006eedcf34573ce43a63c7d48559db9c44fdf1341e2d1791d7d112,There is no one typing,b1561ed5a1006eedcf34573ce43a63c7d48559db9c44fdf1341e2d1791d7d112,8616,sentence1,5,search,0
b19a5e0264fa69e6007615e28e6bd7b1be8957d04757c83f0349154395b1d4e8,the entire caribbean poisoned ?,b19a5e0264fa69e6007615e28e6bd7b1be8957d04757c83f0349154395b1d4e8,31468,sentence1,11,search,3
b1a2bd78d6db34d58005cf779016149e0ed1c5586d437f9d2cea1d60b73cfef4,"pass by , over , or under without making contact .",b1a2bd78d6db34d58005cf779016149e0ed1c5586d437f9d2cea1d60b73cfef4,29504,sentence1,14,search,5
b1a752e732fd8c82f9b8a60d366cf5c109ab4184b7fa40bae9b9448dc9af1932,russia invites syrian opposition for talks,b1a752e732fd8c82f9b8a60d366cf5c109ab4184b7fa40bae9b9448dc9af1932,22288,sentence2,11,search,2
b1b30f52c861fb1b11a80304feed791c675284cac064bcc0b215779e3b451fff,"over 50 , and under no illusions over 50 ? invent yourself everyday !",b1b30f52c861fb1b11a80304feed791c675284cac064bcc0b215779e3b451fff,7140,sentence1,19,search,5
b1bdb45780f477073c2bfecca19c2f3eef5678b48c4156a0348ec983aa0a7c11,"4 killed , several injured in sw china car accident",b1bdb45780f477073c2bfecca19c2f3eef5678b48c4156a0348ec983aa0a7c11,11968,sentence1,13,search,3
b1d2a19e52648e07b2a9279a627a7616fc43c1953f359d6b409ff5723f3a22e9,un envoy in turkey for talks on syria,b1d2a19e52648e07b2a9279a627a7616fc43c1953f359d6b409ff5723f3a22e9,7628,sentence2,15,search,2
b1db6c5ba09d6c1a828cd76bff30b692f71498d1ce95c85cba367261f3a70886,you can put her toys near her or give he toys to her .,b1db6c5ba09d6c1a828cd76bff30b692f71498d1ce95c85cba367261f3a70886,5013,sentence1,16,search,5
b20e67d0f7ffc22c2b695b78dc34a856cedf9ea6f24210f8afbd868189189862,Two young girl are looking up at the camera and one is sticking out his tongue,b20e67d0f7ffc22c2b695b78dc34a856cedf9ea6f24210f8afbd868189189862,24503,sentence2,16,search,4
b217859ce7bd6e1895f9cc3c974c68ac4c0c83e11de99ee532b8be36632ba257,two different breeds of brown and white dogs play on the beach .,b217859ce7bd6e1895f9cc3c974c68ac4c0c83e11de99ee532b8be36632ba257,9745,sentence1,15,search,7
b22d08a44c003f1e79e1be4389381d039b76f650bd222b22f57376b4af029116,a boy is playing a wooden flute .,b22d08a44c003f1e79e1be4389381d039b76f650bd222b22f57376b4af029116,7044,sentence1,11,search,4
b234558f0fbc4d6698c20ae0a6b1f56905119c3a859b84966a3f5855264d58b0,A fearful little boy is on the ground,b234558f0fbc4d6698c20ae0a6b1f56905119c3a859b84966a3f5855264d58b0,23272,sentence1,9,search,4
b23e5d0df8bf1447977012ee822315634f8a34851c1e644f7dc4ebfd88239b02,baghdad cafe bombing kills at least 38,b23e5d0df8bf1447977012ee822315634f8a34851c1e644f7dc4ebfd88239b02,1284,sentence2,11,search,3
b25d90e5b24b8e51c954cff5b59c679667a919bfa893a5977295a783e3de88e2,indian stocks open lower,b25d90e5b24b8e51c954cff5b59c679667a919bfa893a5977295a783e3de88e2,24234,sentence1,5,search,2
b25fd43658320c435f138e1c97311ebaf7a3f7409393a4ff076e404e11838501,un security council to vote on up to 300 syria monitors,b25fd43658320c435f138e1c97311ebaf7a3f7409393a4ff076e404e11838501,14525,sentence2,17,search,2
b2688f89b114ce0d6d2bf3eab428282e8db6c78758ce93655c7a5758909e3961,enclose in a protective covering .,b2688f89b114ce0d6d2bf3eab428282e8db6c78758ce93655c7a5758909e3961,6539,sentence2,10,search,5
b277b9f480506878bca1486c1f6f2e709d7c7bb25e095df0de523c8ffe09cb33,A magician is cutting a girl into two pieces like butter,b277b9f480506878bca1486c1f6f2e709d7c7bb25e095df0de523c8ffe09cb33,30310,sentence2,12,search,1
b27efa7a96b39ddbbcb4049552d577e89727d80093624a9d30a45cbdec7fa969,The ice hockey goalkeeper is not wearing a yellow jersey and is not defending the goal,b27efa7a96b39ddbbcb4049552d577e89727d80093624a9d30a45cbdec7fa969,95,sentence2,20,search,0
b28c87995737447241525c7f05a09a8f834c1c6f3472d5760a812cb337d80d7b,select images from bangladesh building collapse,b28c87995737447241525c7f05a09a8f834c1c6f3472d5760a812cb337d80d7b,15314,sentence1,9,search,3
b2aa89a3ad8fd9e5a6685000fcc979a43b8d558aca2dd4ce2869b4c750a02153,the state of being controlled or governed .,b2aa89a3ad8fd9e5a6685000fcc979a43b8d558aca2dd4ce2869b4c750a02153,4455,sentence2,10,search,5
b2ee37cc21d8405e25b423273a30e278b75c8f1184d125d70508d2d4caedba05,The man is exercising.,b2ee37cc21d8405e25b423273a30e278b75c8f1184d125d70508d2d4caedba05,1403,sentence2,5,search,6
b2f2f815727865473012e769a179125489639a9d1157a120ba7f115355569e18,"the phrase "" you do not think "" is inscribed in capital letters on the registration plate .",b2f2f815727865473012e769a179125489639a9d1157a120ba7f115355569e18,13304,sentence2,20,search,5
b2f5faa918ace27485fd11aea87c4f356f74034f6281ee167cc403a0fd25e06b,a man is playing the drums .,b2f5faa918ace27485fd11aea87c4f356f74034f6281ee167cc403a0fd25e06b,2222,sentence1,10,search,6
b2ff0058efc873167a4b444fe09cad6a38554e80423f1f56a8a17336480454e1,There is no dog leaping through snowy grass and rocks,b2ff0058efc873167a4b444fe09cad6a38554e80423f1f56a8a17336480454e1,16410,sentence1,12,search,0
b31bc88b9da11a908adc470b16d55513c1aa0f616fc049b489ee4130396b6a50,The milk is being drunk by a cat,b31bc88b9da11a908adc470b16d55513c1aa0f616fc049b489ee4130396b6a50,31210,sentence2,9,search,7
b34afcb5183d0800eebb84904108fa30a2d263b3b7420b5c2b44e6e88eec7e9d,A young couple is not lying in bed,b34afcb5183d0800eebb84904108fa30a2d263b3b7420b5c2b44e6e88eec7e9d,36487,sentence2,8,search,4
b350cf630878e4c268a8f891b9cf4a378666e8cc0f1637eaca519fc97147b613,A person is stupidly throwing a cat at the ceiling,b350cf630878e4c268a8f891b9cf4a378666e8cc0f1637eaca519fc97147b613,10109,sentence2,12,search,6
b3645d19d29cb824f09285eb14157de9f78a8115eabb02d89dceff2ccaf83709,A boy in a swimsuit is sitting on top of a circular fountain,b3645d19d29cb824f09285eb14157de9f78a8115eabb02d89dceff2ccaf83709,11186,sentence1,16,search,4
b366097b19687ca33bd392023b0c1eb53e7994ed037e102a12771fdadb7e6be8,a deer jumps a fence .,b366097b19687ca33bd392023b0c1eb53e7994ed037e102a12771fdadb7e6be8,15649,sentence2,11,search,7
b376c5b7f986f201e39d6009a6dbce74651a0811d6b63df6dc733464f7b557a6,the dumping total in english focusing on the use almost constant of english in the investigation .,b376c5b7f986f201e39d6009a6dbce74651a0811d6b63df6dc733464f7b557a6,19436,sentence1,20,search,5
b377f64bbb44d69eb6d82cf9ec79fb8a1acf7df8b0eeae4a6d08a83c2137c9b6,a soft pad placed under a saddle .,b377f64bbb44d69eb6d82cf9ec79fb8a1acf7df8b0eeae4a6d08a83c2137c9b6,14325,sentence1,11,search,5
b3c890fc4876cd68e0b18aa9ab0c5498d608ac6de071ed3c5939094544b73d96,the act of having and controlling property .,b3c890fc4876cd68e0b18aa9ab0c5498d608ac6de071ed3c5939094544b73d96,19530,sentence2,9,search,5
b3cb39a1592dd3a89802e8deb070719c698f037ae095d428475fb628385ac00c,a woman is dancing in railway station .,b3cb39a1592dd3a89802e8deb070719c698f037ae095d428475fb628385ac00c,1247,sentence1,10,search,1
b41995dbecc885ddd248b3640934c23c63e93a6e939948af9071a6076f28b905,us : assad used chemical weapons on syria rebels,b41995dbecc885ddd248b3640934c23c63e93a6e939948af9071a6076f28b905,32860,sentence2,19,search,3
b41d633a928081389f31ef4a3f59ee4d7d626418515417ca12baf84cbddeb529,Three boys are jumping off a platform,b41d633a928081389f31ef4a3f59ee4d7d626418515417ca12baf84cbddeb529,7001,sentence2,8,search,4
b42b15e910c76d7300c08e678007b9a80ab5ea416ef4b59b8bf77068f6457752,"lance armstrong quotes , pure gold",b42b15e910c76d7300c08e678007b9a80ab5ea416ef4b59b8bf77068f6457752,13428,sentence1,9,search,2
b42bfc89b074b5ac317cbf17856863ea7011eff71219508a95e5ae16b0bdbf73,A woman breaks an egg into a pan.,b42bfc89b074b5ac317cbf17856863ea7011eff71219508a95e5ae16b0bdbf73,912,sentence2,10,search,1
b434d7d23031fffdf825dcc6b85965000214f7d0dc3c0ac0332bea96f6827565,"i managed to find this recipe , i think this is where i got the idea .",b434d7d23031fffdf825dcc6b85965000214f7d0dc3c0ac0332bea96f6827565,6363,sentence2,22,search,5
b44eda69d92f7b86a4787977383be4453c0faca8e2b9111e871dc12662315f6a,the leaders profit aujourd ' hui of a new luck and let us leave them therefore to seize it .,b44eda69d92f7b86a4787977383be4453c0faca8e2b9111e871dc12662315f6a,9487,sentence1,25,search,2
b46407234cedb7e2d1a1dd42d3c5f08273262173d560b7bcd911505a75e5e24f,malaysia airlines loses contact with plane carrying 239 to beijing,b46407234cedb7e2d1a1dd42d3c5f08273262173d560b7bcd911505a75e5e24f,37839,sentence2,17,search,3
b46700e02aee7fe6ddab3cf945977f1f564980aa3dffd4e8968aff998b56cc57,a young boy climbing on a rock wall,b46700e02aee7fe6ddab3cf945977f1f564980aa3dffd4e8968aff998b56cc57,14579,sentence2,10,search,4
b46a1923cb0912f2485e3e3e41d900eea52b016c987ae038e5ae779cbeea70d5,battle behind china 's ' firewall',b46a1923cb0912f2485e3e3e41d900eea52b016c987ae038e5ae779cbeea70d5,25090,sentence2,10,search,3
b47656a0a6ad704c24b03e552066f818eba0db99e3e2ebbc986f51777774c870,wikileaks begins publishing two million syria emails,b47656a0a6ad704c24b03e552066f818eba0db99e3e2ebbc986f51777774c870,25290,sentence2,16,search,2
b48559c632d71996dfa735ec99c6f777820cd8d082f3778e8ce1aea6a94db7fc,The boy is playing a guitar,b48559c632d71996dfa735ec99c6f777820cd8d082f3778e8ce1aea6a94db7fc,3035,sentence2,7,search,4
b497708873fc8811548b8ee71fb99bf5c622073bdd617db4f168ec0740869112,A woman in a black shirt is sitting next to a fluorescent green bag,b497708873fc8811548b8ee71fb99bf5c622073bdd617db4f168ec0740869112,18187,sentence2,16,search,1
b49a25647bf17a8d1f890f700326fe3cd66f9dd90816c1bce106cb70c8ba03f7,i have the exact same problem .,b49a25647bf17a8d1f890f700326fe3cd66f9dd90816c1bce106cb70c8ba03f7,12285,sentence1,9,search,5
b4bd95be630ec164ad58f02e578678f5a1dd802d7b4f0f8dcad31282dfd1fab0,A child is slowly waking up,b4bd95be630ec164ad58f02e578678f5a1dd802d7b4f0f8dcad31282dfd1fab0,17482,sentence1,7,search,4
b4ca983a137db1af9319e07e7b30eb2f57bb6411f019ed8f8121df100483d9cd,"justice thomas hasn 't said a single word in the supreme court in 7 years.he broke his silence.he said "" well he did not """,b4ca983a137db1af9319e07e7b30eb2f57bb6411f019ed8f8121df100483d9cd,24314,sentence2,38,search,0
b5279d949fdf5bac3445d8a786a646b12f77eee1b6ee6d4ca00c99255919be9f,this is not your country .,b5279d949fdf5bac3445d8a786a646b12f77eee1b6ee6d4ca00c99255919be9f,12331,sentence1,7,search,0
b52f981b6101ad41fc2798ef5d3ff1fd65da42d536ada6caf7f2b536699923aa,activists storm syria embassy in kuwait,b52f981b6101ad41fc2798ef5d3ff1fd65da42d536ada6caf7f2b536699923aa,7454,sentence2,14,search,3
b5303f9ebd6117dae995a37c095ba98c9c69ca4f94099bb11cff439f036470ad,make a written note of something,b5303f9ebd6117dae995a37c095ba98c9c69ca4f94099bb11cff439f036470ad,2479,sentence2,7,search,5
b549dd5cbd9ef18f8a094549666cc1a6f914eb2b46cc339dadd7303ef1410258,union membership drops despite job growth,b549dd5cbd9ef18f8a094549666cc1a6f914eb2b46cc339dadd7303ef1410258,20082,sentence2,7,search,3
b569309339b3fe463bacc6801b9d2538964d53cea46848a3f642baaa7a11c4f2,four people are on a boat on green water .,b569309339b3fe463bacc6801b9d2538964d53cea46848a3f642baaa7a11c4f2,12367,sentence2,12,search,4
b576f90eabd48f5af8eeb5fa643a5afec1ebae97c913b0613dfb60431bc45e14,lift and reset in another soil or situation .,b576f90eabd48f5af8eeb5fa643a5afec1ebae97c913b0613dfb60431bc45e14,18474,sentence2,10,search,5
b583cf91b3951c421dd0dd67f21c38f57b48a430fab7eda52a7e6eadac837ec5,a black and white photo of an empty train station .,b583cf91b3951c421dd0dd67f21c38f57b48a430fab7eda52a7e6eadac837ec5,16648,sentence2,13,search,4
b59fb39766d176be54ff4c853e47e05efd00cd546f8e791bbabe75f44bd137f3,"go back , restore , revive",b59fb39766d176be54ff4c853e47e05efd00cd546f8e791bbabe75f44bd137f3,27902,sentence1,8,search,5
b5a73d4ee74160ede50ddaa60f57e7f8c0248c87fae16b891c22d16b018cdb16,Guatemala's former leader found guilty of genocide,b5a73d4ee74160ede50ddaa60f57e7f8c0248c87fae16b891c22d16b018cdb16,37283,sentence1,11,search,3
b5b310d3944b8271a283ecc7a976041e3d20f3b3df7b66acbbdb2e45516e1574,japan : world 's oldest man ever dies aged 116,b5b310d3944b8271a283ecc7a976041e3d20f3b3df7b66acbbdb2e45516e1574,272,sentence1,16,search,3
b5b5f0936de02a0e129647bc7cc17805929445587fc4af0615b3ed9f2b55b79b,A guitarist has blonde and flyaway hair,b5b5f0936de02a0e129647bc7cc17805929445587fc4af0615b3ed9f2b55b79b,15225,sentence1,8,search,6
b5bd648fdaa22b70ef904a9b36cb54a056dca0923204980882488d73354e1fb3,"2 killed , 6 wounded in clashes in northern lebanon",b5bd648fdaa22b70ef904a9b36cb54a056dca0923204980882488d73354e1fb3,6148,sentence1,15,search,3
b5e7aed992ad2a764e61d7044945b806c5670472047a4af7933ed3c7fa50f1f6,"oh , i bet he can i truly hope not .",b5e7aed992ad2a764e61d7044945b806c5670472047a4af7933ed3c7fa50f1f6,12026,sentence2,19,search,0
b5fa95214bf610d7b93d25165fae37c46fb9aad9a081765ab22c361cd1e283ec,this leaves the opposition conservative without any effective response .,b5fa95214bf610d7b93d25165fae37c46fb9aad9a081765ab22c361cd1e283ec,33171,sentence2,11,search,3
b616bb88c226093acce9c1d0118bedd067966125f1071c053aec744cff247513,one word : zombies has annie ever used her sexuality like that ?,b616bb88c226093acce9c1d0118bedd067966125f1071c053aec744cff247513,27325,sentence2,19,search,5
b6228428484c13f33d52835bdd1aacce706811690200217d0fd7d460496ff137,A man is sharpening a weapon,b6228428484c13f33d52835bdd1aacce706811690200217d0fd7d460496ff137,14305,sentence2,9,search,6
b624303e1ca40219ca31d7d84dc1376303130412d6f1171afb788c08bcfa402f,forms at the doctor 's just got fun,b624303e1ca40219ca31d7d84dc1376303130412d6f1171afb788c08bcfa402f,37282,sentence1,10,search,5
b62f4201d7d89a02371b1ec3d6b36dfca91e12a33bbe31217cd6838546f4d6f9,A woman pours a mixture into a bowl and mixes it.,b62f4201d7d89a02371b1ec3d6b36dfca91e12a33bbe31217cd6838546f4d6f9,28290,sentence2,15,search,1
b642a3628aec9760e9f70c627823bee63815689c8418c473d8703744f931a221,i 'm writing here a few tips that can help you with motivation .,b642a3628aec9760e9f70c627823bee63815689c8418c473d8703744f931a221,33272,sentence2,19,search,5
b647f1954c71923cf9303330ed2ceee22a0e092c6c1349eb98dd523c92aa5d8f,six people are seated at a restaurant table and looking into the camera .,b647f1954c71923cf9303330ed2ceee22a0e092c6c1349eb98dd523c92aa5d8f,7678,sentence1,17,search,4
b65b449b3d9cf29864beb370264e92c5e6ccb2c22adf249e8230cc9cc2c410f0,"WorldCom's accounting problems came to light early last year, and the company filed for bankruptcy in July 2002, citing massive accounting irregularities.",b65b449b3d9cf29864beb370264e92c5e6ccb2c22adf249e8230cc9cc2c410f0,15203,sentence1,30,search,3
b66113b29f9ab9a6d0413da7ff2830923b01091e56b0ca8c2ae8ce456109f83d,spend time in prison or in a labor camp ;,b66113b29f9ab9a6d0413da7ff2830923b01091e56b0ca8c2ae8ce456109f83d,24432,sentence1,12,search,5
b6698afd3cc7a9802607b73199c0744e65dd0722a3be823e26852e2e239336d7,A kid is playing a guitar,b6698afd3cc7a9802607b73199c0744e65dd0722a3be823e26852e2e239336d7,3210,sentence2,7,search,4
b68895efe5772fb51e5f65215c745f62a16408107ce369dacc4a67c502ecb45b,"A person is climbing a rock with a rope, which is pink",b68895efe5772fb51e5f65215c745f62a16408107ce369dacc4a67c502ecb45b,15300,sentence1,15,search,6
b6a3da1374052745f8f7267ae085d4cac593ede07620e94e08c1af0ca343404c,People are out on the street.,b6a3da1374052745f8f7267ae085d4cac593ede07620e94e08c1af0ca343404c,31571,sentence1,7,search,4
b6a43cc7f25cf8d36f0ef614955def185348174ddc705dca7da966cfa38059e5,a record in which commercial accounts are recorded ;,b6a43cc7f25cf8d36f0ef614955def185348174ddc705dca7da966cfa38059e5,31388,sentence1,11,search,5
b6aace0666ee7322efb08abba241b2a6a359596bb6e1dc4236d4e251575086e9,A man wearing black formal wear & a black top hat is riding a white show horse.,b6aace0666ee7322efb08abba241b2a6a359596bb6e1dc4236d4e251575086e9,187,sentence2,22,search,6
b6c1751a60a9c55e714f7d92032749ef2265dfc366dca920d90be6c413f9abac,A small girl is riding in a toy car,b6c1751a60a9c55e714f7d92032749ef2265dfc366dca920d90be6c413f9abac,23096,sentence2,11,search,4
b6c409a156f1833427cdb42f16b59d174165ad0397029243e8e94b1f39d6d2a0,because switch y is not conatined in the closed path of bulb a and the battery .,b6c409a156f1833427cdb42f16b59d174165ad0397029243e8e94b1f39d6d2a0,18602,sentence2,23,search,0
b6dab003d49d86c79f65ad571a626bc043665a0d9de92d86de5c92cbe69d44ea,jordan elected to un security council seat that saudi arabia rejected,b6dab003d49d86c79f65ad571a626bc043665a0d9de92d86de5c92cbe69d44ea,31551,sentence2,16,search,2
b7333c13adb3313f8d371dd875cd4a0d5943f83448eaed2d7d152232cb7301a3,ashya king 's parents freed from jail in spain,b7333c13adb3313f8d371dd875cd4a0d5943f83448eaed2d7d152232cb7301a3,30286,sentence2,17,search,2
b74858867fb22843d696fbf0d260463f623bfb9dcf9c30b47032c53af92a302c,sienna miller testifies at uk phone hacking trial,b74858867fb22843d696fbf0d260463f623bfb9dcf9c30b47032c53af92a302c,7195,sentence1,15,search,2
b7490272bd94b449e2a78b6b1d2b7331c7b03ee7a358cbfd2a38e2fd4b762748,There is no football player in a purple jersey running with the ball for a touchdown,b7490272bd94b449e2a78b6b1d2b7331c7b03ee7a358cbfd2a38e2fd4b762748,29406,sentence2,18,search,0
b74f4145f21836fdfc7271b317a820667e946557058d391f3a6c0950358d424d,"trading of echostar 's stock closed tuesday at a 52-week high of $ 32.17 , up $ 1.54 .",b74f4145f21836fdfc7271b317a820667e946557058d391f3a6c0950358d424d,22060,sentence1,35,search,2
b755eb79cbb11c0ad1ee98c08bc6d827e2b8ba6ea5d59c2d787e6c3e14154e9c,prince 's christening a blend of old and new,b755eb79cbb11c0ad1ee98c08bc6d827e2b8ba6ea5d59c2d787e6c3e14154e9c,13323,sentence2,15,search,2
b75ea7973b9d64afd96d9cef600d64c5c2bf28bc0c6bf1a8def91e378663c09a,"9 killed , 31 wounded in car bombs in iraq 's kirkuk",b75ea7973b9d64afd96d9cef600d64c5c2bf28bc0c6bf1a8def91e378663c09a,2381,sentence1,23,search,3
b7776b4a2774115bbbeda76e4553adadb7a23bc482b80b2b5ac28b6083266174,A woman is not frying some food,b7776b4a2774115bbbeda76e4553adadb7a23bc482b80b2b5ac28b6083266174,13506,sentence2,8,search,1
b78b48a70c8d85418dc4fbe06bc87b27c097fa0c231e56f3cb3f889e73f0b03f,I would personally beware of the Motley Fool.,b78b48a70c8d85418dc4fbe06bc87b27c097fa0c231e56f3cb3f889e73f0b03f,19184,sentence1,12,search,2
b78d494d0cf0585b3b64d3806613fb455d20c22b441e431cc1b207a81cce3efe,"the epidemic began in november in the mainland 's guangdong province , but the people 's republic of china refused to report truthfully about its spread for four months .",b78d494d0cf0585b3b64d3806613fb455d20c22b441e431cc1b207a81cce3efe,23316,sentence2,43,search,3
b79e69d21621cf99c2a283d20527d430a564aafeaccb110177f94eca0b0ccf1f,the analysts said they believe the payroll statistics provide a more accurate picture of the economy because they are based on a larger sample .,b79e69d21621cf99c2a283d20527d430a564aafeaccb110177f94eca0b0ccf1f,11162,sentence2,29,search,2
b7bdadec43cff3d054c3c6daab18f9cf8661b36487a0e33ccf4f0b5408fe2568,A grey dog is jumping toward a black and white dog in the soft snow,b7bdadec43cff3d054c3c6daab18f9cf8661b36487a0e33ccf4f0b5408fe2568,27005,sentence1,16,search,7
b7c952640f01d40a53c29d13d6b4ccfa1aa301b1fb02c068d069ecd08b2bd563,bulb had a short circuit,b7c952640f01d40a53c29d13d6b4ccfa1aa301b1fb02c068d069ecd08b2bd563,14500,sentence1,6,search,5
b80fac41b03a006e2c1a1a168f024bd7f66c7fd9aef78b524b64df8cdb51319c,french forces take key mali town,b80fac41b03a006e2c1a1a168f024bd7f66c7fd9aef78b524b64df8cdb51319c,7122,sentence1,7,search,2
b84406f7850f7f14f784a1e3ebf5d1a3e2ddc608418eabe200a176bdafbac32a,Three boys are carefully walking on rocks along a river,b84406f7850f7f14f784a1e3ebf5d1a3e2ddc608418eabe200a176bdafbac32a,18973,sentence1,11,search,4
b84f6c550ddd2e52e1679ad73a79ee16cb1ac1d2d74dcaef0e5aab81140c6d46,"israeli forces arrest 21 palestinians overnight , clash with locals",b84f6c550ddd2e52e1679ad73a79ee16cb1ac1d2d74dcaef0e5aab81140c6d46,10166,sentence1,17,search,3
b84ff7296f422761f6a850584f3bac78fa16afa62f7dba767a284ce86e8b0c57,The man with brown hair is not wearing sunglasses and is not sitting at a table with cans of soda and other drinks,b84ff7296f422761f6a850584f3bac78fa16afa62f7dba767a284ce86e8b0c57,31435,sentence2,25,search,6
b853aea20252de4b6cc2ab68d396319dffc1374a4389923dc3cf859d62394350,also asked about getting an injunction against him they gave me the number for womans aid to get help with obtaining one .,b853aea20252de4b6cc2ab68d396319dffc1374a4389923dc3cf859d62394350,20006,sentence1,28,search,2
b853c7ea15ea01c4131c3aeaee621479cc87b071b375a44dd25839bda381c857,syrian journalists killed in capital,b853c7ea15ea01c4131c3aeaee621479cc87b071b375a44dd25839bda381c857,15013,sentence1,8,search,3
b8573e7cb537f4cc73abe92b93714c069e8c00c1c62b39229945710498a4e738,"i would like to remind you that one of our allies , there are strong this tax .",b8573e7cb537f4cc73abe92b93714c069e8c00c1c62b39229945710498a4e738,789,sentence1,22,search,2
b8648734ba2883c6edd7aec2f35e99a6e2fe3d4d48cbed46ded0e9b006ea4f0a,"obama-backed gun bills a long shot . "" this is one issue that me and the president happen to agree on . """,b8648734ba2883c6edd7aec2f35e99a6e2fe3d4d48cbed46ded0e9b006ea4f0a,9363,sentence2,32,search,2
b878168c1528473d93d54303d6e4839b40cfdbe321326e99760a3b3dcdf330d7,"sony ericsson also said it plans to close its r & d site in munich , germany , for gsm and umts handsets .",b878168c1528473d93d54303d6e4839b40cfdbe321326e99760a3b3dcdf330d7,1184,sentence1,43,search,3
b87c13111bdcf19c7f907c94424f527584f8460aa8e84e6e3fc33aaf6648cbce,an act of hindering someone 's plans or efforts .,b87c13111bdcf19c7f907c94424f527584f8460aa8e84e6e3fc33aaf6648cbce,21020,sentence2,14,search,5
b88963ca565a9fcf6e190ef639cf4c73197d83006d644a0143d45f597164dcd1,texas man finds his car 42 years after it was stolen,b88963ca565a9fcf6e190ef639cf4c73197d83006d644a0143d45f597164dcd1,6184,sentence2,14,search,6
b8a2c36ffd5ff9ae24dd808a81b8cb223f2d9cd974999c54c57a5307706867b1,Two twin preteen boys are dueling with sticks,b8a2c36ffd5ff9ae24dd808a81b8cb223f2d9cd974999c54c57a5307706867b1,16025,sentence1,10,search,4
b8a348802436c94e8ccd820882a070c01286bb0af4af87e77298d40c3c42753c,the muslims would say the same thing about the qur 'an .,b8a348802436c94e8ccd820882a070c01286bb0af4af87e77298d40c3c42753c,21378,sentence2,19,search,2
b8b47ae7fd6a252af3aa27cebcc925eb694d35ff7a0c17c52d0d5d47270d0cdb,egypt ministry again urges end to pro-morsi protests,b8b47ae7fd6a252af3aa27cebcc925eb694d35ff7a0c17c52d0d5d47270d0cdb,15091,sentence1,19,search,2
b8cbd59d7fccb3c38338c64deff558966de41182097aebbd97bf0cdb788669fc,Some runners are competing in a race,b8cbd59d7fccb3c38338c64deff558966de41182097aebbd97bf0cdb788669fc,2180,sentence2,8,search,4
b8d5936cf65628d06c4883159b15d677bddddea180800f6cf3e0ee9e0242e922,"but given the attitude of mobile operators , the indifference of the czech regulators is disconcerting .",b8d5936cf65628d06c4883159b15d677bddddea180800f6cf3e0ee9e0242e922,3277,sentence2,29,search,2
b8ddc08464fbfef6cbe9171229e1b9fc7cba5f06e6410711662830e052c0ab57,official says kenyan forces caused mall collapse,b8ddc08464fbfef6cbe9171229e1b9fc7cba5f06e6410711662830e052c0ab57,29140,sentence1,10,search,3
b8e661f3972eb6462ec9d60bec99bcaf665d63938fb8e62c694a044789272481,a woman is watching television .,b8e661f3972eb6462ec9d60bec99bcaf665d63938fb8e62c694a044789272481,37000,sentence2,8,search,1
b8f9d136dc6401dbe3ada7c6dda27c678b1be4648e94fae7322939624234279d,the classic american fame and blame game . the point of lance,b8f9d136dc6401dbe3ada7c6dda27c678b1be4648e94fae7322939624234279d,18549,sentence2,14,search,2
b8fafdaf781ed4188f8956a959fcb68c9ab9d44c78cfce5aeb9dcdc608f32345,no plan to shut petrol pumps at night moily,b8fafdaf781ed4188f8956a959fcb68c9ab9d44c78cfce5aeb9dcdc608f32345,18921,sentence2,10,search,0
b8fb76f8568152ca9f6896c793975cb234c3bde21492b7865253b78e084adeb2,The person is peeling an onion,b8fb76f8568152ca9f6896c793975cb234c3bde21492b7865253b78e084adeb2,8297,sentence1,7,search,1
b8fe638a29c109d2e20480d911744f2c9a075fb5ec999e937fa41bb7347820e8,A little boy is watching a family that is hitting a baseball,b8fe638a29c109d2e20480d911744f2c9a075fb5ec999e937fa41bb7347820e8,29006,sentence2,14,search,4
b95705173a86a586590fc3e5a1b2957eb7c3e46305fa4406f6b350809b07efca,The man is playing the guitar.,b95705173a86a586590fc3e5a1b2957eb7c3e46305fa4406f6b350809b07efca,20225,sentence1,7,search,6
b979193946cc342759cd97ef5e30a5aa2436cae3f98004559913fd8d31c79ecc,fill with high spirits ; fill with optimism .,b979193946cc342759cd97ef5e30a5aa2436cae3f98004559913fd8d31c79ecc,3621,sentence1,11,search,5
b9803f2f48b03cbb58ca60bc46c6002a9636e91b68f4683427a5523f0ba79cf7,"storm lashes florida , delaying republican convention",b9803f2f48b03cbb58ca60bc46c6002a9636e91b68f4683427a5523f0ba79cf7,29171,sentence2,13,search,3
b983cb4ca89e77ff9cd4d357e6b448f8d803ee2c794ef5ebb5a50baf9472b9ed,the conscious subjective aspect of feeling or emotion .,b983cb4ca89e77ff9cd4d357e6b448f8d803ee2c794ef5ebb5a50baf9472b9ed,6409,sentence2,10,search,5
b99cab24fc6fb3303d42f3004c031776c51b039a96fe029935b1e7cd4e30bdaa,because positive charge is before gap,b99cab24fc6fb3303d42f3004c031776c51b039a96fe029935b1e7cd4e30bdaa,3518,sentence1,6,search,5
b9a0c920aa4691945bd426b2b862ddbd0ec13f98f75c6005b2374e5fa39ac255,"you don 't know if those factors account for the warming , or not .",b9a0c920aa4691945bd426b2b862ddbd0ec13f98f75c6005b2374e5fa39ac255,25294,sentence2,20,search,5
b9a491359d9f2175b198161fac95fbfe70729dd1888cbfe456c704309cb2e2b5,Suicide Bomber Kills 6 in Afghan Capital,b9a491359d9f2175b198161fac95fbfe70729dd1888cbfe456c704309cb2e2b5,7066,sentence1,10,search,3
b9d2b279e0533601411de88e3b80d9e1434fc6fd407ec0d179a9025e9591627a,both papers are being published today in the new england journal of medicine .,b9d2b279e0533601411de88e3b80d9e1434fc6fd407ec0d179a9025e9591627a,11337,sentence1,18,search,2
b9deb2a11cebdd6369e47d8b43b9cef172ea10db4304a0cee4a2dcda10136f4a,three children sitting in floor playing with several toys .,b9deb2a11cebdd6369e47d8b43b9cef172ea10db4304a0cee4a2dcda10136f4a,20996,sentence1,11,search,4
b9df535b3f398cade1e0b4142784f7febbae8aadb079d3d9c3e1abdad61d1ddb,"yeager said the incident appeared to be isolated , but the suspect showed tendencies of being a prior offender .",b9df535b3f398cade1e0b4142784f7febbae8aadb079d3d9c3e1abdad61d1ddb,20402,sentence1,28,search,5
b9f604bcea64b63fd942e0b5f4e94c2318f064d1639f185cb1f01f61ada13716,A man is walking slowly across a rope bridge,b9f604bcea64b63fd942e0b5f4e94c2318f064d1639f185cb1f01f61ada13716,21526,sentence2,10,search,6
ba15521f383290568fb2e747e3560591b3fc98a766f3dc4a1f32c86246023463,There is no man making a phone call,ba15521f383290568fb2e747e3560591b3fc98a766f3dc4a1f32c86246023463,2325,sentence2,9,search,0
ba18295dfd951e4905f47a7b10bc50482f9a326a96b15db4cb48a35f5ddb9660,what can i eat the night before to help me get up in the morning ?,ba18295dfd951e4905f47a7b10bc50482f9a326a96b15db4cb48a35f5ddb9660,8380,sentence2,19,search,5
ba1f09d04bd4f8643d9581f2715e77f01f8663cc20ec1c1fb5dd6751c15468dd,at least 63 dead in pakistan factory blaze,ba1f09d04bd4f8643d9581f2715e77f01f8663cc20ec1c1fb5dd6751c15468dd,22843,sentence2,13,search,3
ba36deccdbdfe170c7a704cfef460f43fdcb6eefe3d877fd198392ec483a5ee1,the act of dropping something .,ba36deccdbdfe170c7a704cfef460f43fdcb6eefe3d877fd198392ec483a5ee1,18397,sentence2,7,search,5
ba410785060a6f78fecfe303e851aaed3a7740805eda8ce722a67bcadb2fe6e0,israeli military court rejects appeal of palestinian hunger striker,ba410785060a6f78fecfe303e851aaed3a7740805eda8ce722a67bcadb2fe6e0,15154,sentence2,15,search,3
ba4365560f1e3e58e00e8cc9730885229f8709a209efd44d4ecbe7244206a804,Two dogs are playing inside,ba4365560f1e3e58e00e8cc9730885229f8709a209efd44d4ecbe7244206a804,17362,sentence1,5,search,7
ba50077617da945ca334b90ec4fc67a12480979663a853fb1e04048e69f21afa,us government shutdown begins - live updates,ba50077617da945ca334b90ec4fc67a12480979663a853fb1e04048e69f21afa,27417,sentence1,8,search,3
ba54457b90adb9dece9631ca52773b8fde76fe1cab42684acc95868725943660,"israel doesn 't give a * * * * , accept it .",ba54457b90adb9dece9631ca52773b8fde76fe1cab42684acc95868725943660,4095,sentence1,19,search,0
ba5e6a48db50bdf68ea6f600655b464c6323cae57b3df54329697598b9ecca05,"zuccarini was ordered held without bail wednesday by a federal judge in fort lauderdale , fla .",ba5e6a48db50bdf68ea6f600655b464c6323cae57b3df54329697598b9ecca05,31100,sentence2,31,search,3
ba66402507adf1d5d9cc402089b16365af0dcd97217b0402ea42a4e445756f47,just can 't stop feeling this way .,ba66402507adf1d5d9cc402089b16365af0dcd97217b0402ea42a4e445756f47,32358,sentence1,11,search,5
ba790ade0ab08c4c11a5199d93ef63329c745608d2103cda38284b4f02ff1687,artsbeat : q. and a. : manuel gonzales on his story collection ' the miniature wife',ba790ade0ab08c4c11a5199d93ef63329c745608d2103cda38284b4f02ff1687,24210,sentence2,28,search,5
ba8794e6f07cefebca3fe75f5e19af37b2db9dea2b7f0497399bc7004e8e824e,olivia colman wins second bafta award,ba8794e6f07cefebca3fe75f5e19af37b2db9dea2b7f0497399bc7004e8e824e,18447,sentence2,12,search,2
ba90235b3f7431bb6e2f96b591d7d3d4e7955cefa2389f92b0bf0a479ee1b145,shanghai free trade zone begins operation,ba90235b3f7431bb6e2f96b591d7d3d4e7955cefa2389f92b0bf0a479ee1b145,6290,sentence2,10,search,2
babb5cf595f89f023fd322592eff0a61fab155c4df64f42da0699d4d25424f48,America Ferrera has celebrated the new year by announcing she is expecting a second child with husband Ryan Piers Williams. The Ugly Betty actress is already a mother to one-year-old son Sebastian.,babb5cf595f89f023fd322592eff0a61fab155c4df64f42da0699d4d25424f48,15352,sentence1,47,search,2
babb84f3cf975105445ea6e1f1fac64111766842aa8217b0f8a616ad05c25c3f,Some bikers are doing acrobatics on a track near water and a skyline,babb84f3cf975105445ea6e1f1fac64111766842aa8217b0f8a616ad05c25c3f,16428,sentence2,23,search,4
bae4605c4c289dca25b93d63c15fcb6d3fc47761db61bc509282f6fd6b5ef1e6,A girl in blue is sliding down a green slide,bae4605c4c289dca25b93d63c15fcb6d3fc47761db61bc509282f6fd6b5ef1e6,16177,sentence1,11,search,4
bae4ce7386d453093a04210e0ff969949cef5d5c767363881ded09018d35347f,a man and a woman are posing for a photograph in front of a yellow flower-bed .,bae4ce7386d453093a04210e0ff969949cef5d5c767363881ded09018d35347f,4820,sentence1,26,search,4
baee421bb5adbe6cb0ccfbbd9e7b0898d65c6bcd4d5d354e83ec3a254e309a32,A woman is spreading mustard on a bread roll.,baee421bb5adbe6cb0ccfbbd9e7b0898d65c6bcd4d5d354e83ec3a254e309a32,23202,sentence2,11,search,1
bb1cc70a1e57b6f23cb234326fd27c2755ab5831d1c26a0b8dfaf1822e2888bd,romney wins big in puerto rico primary,bb1cc70a1e57b6f23cb234326fd27c2755ab5831d1c26a0b8dfaf1822e2888bd,28072,sentence2,13,search,2
bb239f9dff04b0c9ee318c6fa672016bdc1d303aa122f39630254f1407e51a31,A person is pouring olive oil into the stove from a pot,bb239f9dff04b0c9ee318c6fa672016bdc1d303aa122f39630254f1407e51a31,1792,sentence1,14,search,1
bb324bf52f121352edb7e005f5beff96252d269c0923b4d40cabf2da8908c16b,top chinese political advisor meets greek pm,bb324bf52f121352edb7e005f5beff96252d269c0923b4d40cabf2da8908c16b,21296,sentence2,11,search,2
bb3419c92e03a2c9f15876e532f940b7072975793e2efdc667bf18998c87484f,"syria rejects us , uk chemical arms claims",bb3419c92e03a2c9f15876e532f940b7072975793e2efdc667bf18998c87484f,7098,sentence2,16,search,3
bb464f83d62600251cf0ab6fb5e855e171fa92e765453146a69b6fc170502284,Nigeria announces plans to change polymer Naira notes,bb464f83d62600251cf0ab6fb5e855e171fa92e765453146a69b6fc170502284,13485,sentence1,12,search,2
bb6faa8a7cfbf1db58f38bf83af2ff84d925cf3e8a7e05afedd75e8543c6caae,A man playing the violin in the rain.,bb6faa8a7cfbf1db58f38bf83af2ff84d925cf3e8a7e05afedd75e8543c6caae,29184,sentence2,9,search,6
bb79dd1091b59f12f9ffdf069a2d582dd3fdfcf6fd178e0ed4ea36b4f7d2ba36,"however , the american courts accused a reduction of 5.2 % between 9 and on 24 may .",bb79dd1091b59f12f9ffdf069a2d582dd3fdfcf6fd178e0ed4ea36b4f7d2ba36,12218,sentence1,23,search,2
bb8126add69c9cf0e56fd7c67486112c23f9cf52bb7536db3c020bbdaacc6e81,"economic term : raise economic demand , expand the money supply , or raise prices to experience reflation",bb8126add69c9cf0e56fd7c67486112c23f9cf52bb7536db3c020bbdaacc6e81,16940,sentence1,22,search,5
bb9d6c21c9a10ddd2b59942623097012add3cff77c7d9b7034c99b19019128f5,"the users will be the losers , with employees , and european competitiveness and growth will diminish .",bb9d6c21c9a10ddd2b59942623097012add3cff77c7d9b7034c99b19019128f5,30166,sentence1,23,search,3
bbb08a2895f97f389d17c2d555b56c04466dd0064b5da7e4793d3448bc240b49,6 trends from ces 2013,bbb08a2895f97f389d17c2d555b56c04466dd0064b5da7e4793d3448bc240b49,18189,sentence1,5,search,2
bbd92bc3a6d030f293aefc8b746e2733dcdf6d3fd2ec0f00b6b33687cd515a4a,Some women are cheerfully dancing,bbd92bc3a6d030f293aefc8b746e2733dcdf6d3fd2ec0f00b6b33687cd515a4a,21519,sentence2,6,search,4
bbdbafdf8f22e4d677ec8461b5fa2cf7ca79800898ee31a356f200d4e3633f0e,A little girl is looking at a woman in costume,bbdbafdf8f22e4d677ec8461b5fa2cf7ca79800898ee31a356f200d4e3633f0e,16164,sentence2,11,search,1
bbecd2d10a03f55840d2d92d0e7d51632e8b6c74eb3e43909c10bf9e913f3b29,"russia , china veto un resolution on syria endorsing",bbecd2d10a03f55840d2d92d0e7d51632e8b6c74eb3e43909c10bf9e913f3b29,23193,sentence1,21,search,2
bc11f1c2bc13fa27f1dc9e51d6fe7a434f0b0ff1e03c4f9fbcaa4ca77cbaa4d5,what could be wrong with my a / c unit ?,bc11f1c2bc13fa27f1dc9e51d6fe7a434f0b0ff1e03c4f9fbcaa4ca77cbaa4d5,238,sentence2,15,search,5
bc4067099704910d0aeb3f301e5a3d4705f270e083ca21230aab0d5c8178438e,the most popular is tf-idf weighting .,bc4067099704910d0aeb3f301e5a3d4705f270e083ca21230aab0d5c8178438e,19978,sentence2,15,search,5
bc478ed8b874886a0816a72ee2dc439f0f367cec66112551b41ce6de1f6a0138,a slight cut in a physical surface,bc478ed8b874886a0816a72ee2dc439f0f367cec66112551b41ce6de1f6a0138,35062,sentence1,9,search,5
bc58ba78c5c3894eb5fb6f2c67ad415ea58cab8fe5f097e469233d4ec8fb5b38,cause to become alive again .,bc58ba78c5c3894eb5fb6f2c67ad415ea58cab8fe5f097e469233d4ec8fb5b38,1665,sentence1,7,search,5
bc79b8918b1409cdaf2fefd31accdd28322e723b156d3fa83a74ebda2cc47866,a group of people dance on a hill .,bc79b8918b1409cdaf2fefd31accdd28322e723b156d3fa83a74ebda2cc47866,4891,sentence2,12,search,4
bc803cba1e72049a2cc2bc9b07fea66605e1fa86c0c75ac41c28fdc8c92b6f21,us believes syrian government used chemical weapons,bc803cba1e72049a2cc2bc9b07fea66605e1fa86c0c75ac41c28fdc8c92b6f21,9161,sentence2,10,search,2
bc920b40b79f1f9800b754a02a6ed15faa149f24c388e6618ca39e1f7e8e6e35,"To my knowledge, there's no time requirement.",bc920b40b79f1f9800b754a02a6ed15faa149f24c388e6618ca39e1f7e8e6e35,13769,sentence2,11,search,5
bc9e97091b90f031c7074bed30b97aa2832c157cd00733e17a6387f109b23055,A concentrated woman is playing flute,bc9e97091b90f031c7074bed30b97aa2832c157cd00733e17a6387f109b23055,7098,sentence1,6,search,1
bcce80c0118ac1fe35ad96f154a010630f6524650754ec50145121e049dac8c9,"if a term exists in a document , its value in the vector is not equal to zero .",bcce80c0118ac1fe35ad96f154a010630f6524650754ec50145121e049dac8c9,27180,sentence2,24,search,5
bcfdd1f05cb8c86c59057adcb8f7fa7739c713388acde00d090bd5598235896a,cause to move forward with force .,bcfdd1f05cb8c86c59057adcb8f7fa7739c713388acde00d090bd5598235896a,3475,sentence1,8,search,5
bd3abd501465b8586a6b88811ae60a7e835e7e07685dde9246be876a766bedbd,iran ups oil swap with eastern neighbors,bd3abd501465b8586a6b88811ae60a7e835e7e07685dde9246be876a766bedbd,29342,sentence1,10,search,2
bd425394259fa91e7fe2a044fe8cd2feb11fb54799f02fcff27511ef505fe6f2,toys r us waives fee for layaway program,bd425394259fa91e7fe2a044fe8cd2feb11fb54799f02fcff27511ef505fe6f2,9358,sentence1,11,search,2
bd70fb95a63ca0fe35cfaad0dfd0d2618431b7ae99f4a0e2747c4d473158440a,suggest or prescribe a solution,bd70fb95a63ca0fe35cfaad0dfd0d2618431b7ae99f4a0e2747c4d473158440a,36751,sentence2,6,search,5
bd714ef4e6e54288181d27a9ce0563af95b4c87b014ef7b0784ff38fa529131e,australia 's 9 million income taxpayers received surprise tax cuts of between $ 3 and $ 11 a week from treasurer peter costello last night .,bd714ef4e6e54288181d27a9ce0563af95b4c87b014ef7b0784ff38fa529131e,35378,sentence2,34,search,2
bd8490d21a798357b360a44272a73a9daabce5c4d669a8ff9510632cb3981f59,A soccer ball is rolling into a goal net,bd8490d21a798357b360a44272a73a9daabce5c4d669a8ff9510632cb3981f59,24492,sentence2,10,search,4
bdacd92d8221b19df7a674b562f96eea11dc29cd31dd4474f97f706697eeed5b,police deploy water cannon at northern ireland riot,bdacd92d8221b19df7a674b562f96eea11dc29cd31dd4474f97f706697eeed5b,5434,sentence2,14,search,3
bdbf6a22413339203817bdb974312f0995c3fbde41ea7bfaab5a47da61ab4a8a,a little girl on a kid swing .,bdbf6a22413339203817bdb974312f0995c3fbde41ea7bfaab5a47da61ab4a8a,22505,sentence2,11,search,4
bdbf9dc69572565d615dc7c86d2b6696497fc0644c09c2d9836e3b9fa119b5d3,A woman is squeezing juice out of a lemon,bdbf9dc69572565d615dc7c86d2b6696497fc0644c09c2d9836e3b9fa119b5d3,22483,sentence2,14,search,1
bdc8103a5f1647d9344ce1e8a8d714952539b8de0b0cef582fd2c7edc886384a,"ehud olmert , former israeli prime minister , sentenced to six years in jail for corruption",bdc8103a5f1647d9344ce1e8a8d714952539b8de0b0cef582fd2c7edc886384a,9245,sentence1,29,search,3
bdd6cce78eb62520beefb8a16aadec486e2de9d3c88f1dbe7872b223662c9b49,a man talking with two water bottles sitting in front of him .,bdd6cce78eb62520beefb8a16aadec486e2de9d3c88f1dbe7872b223662c9b49,36322,sentence1,15,search,6
bddc8dae518da6f271fb7bc5a83b8881444ab4e40a2dd4490054fab72da69806,Pakistani PM shocked at avalanche trapping army personnel,bddc8dae518da6f271fb7bc5a83b8881444ab4e40a2dd4490054fab72da69806,27168,sentence2,13,search,3
bde40e9f91c26defbee04f430fc609152dcd883a4279bb8d9d57d86e0dbc739a,two children and a black dog are playing out in the snow .,bde40e9f91c26defbee04f430fc609152dcd883a4279bb8d9d57d86e0dbc739a,27057,sentence2,15,search,7
bdef6e181f8321c5d044be542a754c60a46ede8d1ae8695cac495749fcca7113,The black dog is walking through the tall grass,bdef6e181f8321c5d044be542a754c60a46ede8d1ae8695cac495749fcca7113,10027,sentence1,9,search,7
bdf67a5870d05ef69757cb29cb4a632a1a189a6296c1c8bceedf3095809db864,suicide bomber attacks algerian security base,bdf67a5870d05ef69757cb29cb4a632a1a189a6296c1c8bceedf3095809db864,3158,sentence1,9,search,3
be03a092871c0199eecee9a401929872425d49e4d92b51dc08bc29a0ad1bc20d,"compel , enforce , or insist on something",be03a092871c0199eecee9a401929872425d49e4d92b51dc08bc29a0ad1bc20d,13244,sentence1,12,search,5
be20f287005c2c4c2b5c7d5cc6f0333bea570695ddc47fd76d287edfd4820c44,a young man in red swimming trunks jumped off a large rock into the water .,be20f287005c2c4c2b5c7d5cc6f0333bea570695ddc47fd76d287edfd4820c44,16486,sentence2,21,search,6
be2a74974da3f1663c8d7c50143389dca479ed6d38adda6254191c7a40eb3951,give suck to .,be2a74974da3f1663c8d7c50143389dca479ed6d38adda6254191c7a40eb3951,37436,sentence1,7,search,5
be608756e11fae3295beed55312856cb21786ef8e7bd4e03f78e52a415976c8e,No skateboarder is making a jump off a ramp,be608756e11fae3295beed55312856cb21786ef8e7bd4e03f78e52a415976c8e,14302,sentence2,13,search,0
be780b26988241c9b658fd8da21ebae1d454201f4dde677fa50177f1a5567293,france vows to halt mali jihadists,be780b26988241c9b658fd8da21ebae1d454201f4dde677fa50177f1a5567293,18295,sentence1,13,search,2
be8116be7579ee30f5c630f2e9cd605cd5b1f84265023d243df25ab79faf4b85,i 've stored pancakes in the freezer for over two month and not had any freezer burn .,be8116be7579ee30f5c630f2e9cd605cd5b1f84265023d243df25ab79faf4b85,3249,sentence2,23,search,0
be8e17ddc5c3fa504c9a1a367c51635f265c3c8c054c19cd53847998f62c8e52,"for the larger issue , if you are going to take that route , then is islam an inherently evil / violent religion ?",be8e17ddc5c3fa504c9a1a367c51635f265c3c8c054c19cd53847998f62c8e52,15272,sentence2,31,search,5
be9f1c925a5461f5a693d456bfe23067c70311113e5c6393ba24e5b729cf3810,"prince is replacing sanford "" sandy "" weill , who will remain citigroup 's chairman .",be9f1c925a5461f5a693d456bfe23067c70311113e5c6393ba24e5b729cf3810,20290,sentence1,25,search,2
beb68ee547f1637f360b63e9a49afbe0ed5a2977cd05424cea426a1c027a91f7,A black rally car is throwing mud into the air and is approaching a bend in the track,beb68ee547f1637f360b63e9a49afbe0ed5a2977cd05424cea426a1c027a91f7,24413,sentence1,20,search,4
beb6c387017f1b1eefe4c0b5350481cba48ac61d612810ff12b3800cf8e3fa72,the rhino grazed on the grass .,beb6c387017f1b1eefe4c0b5350481cba48ac61d612810ff12b3800cf8e3fa72,28902,sentence2,11,search,7
beca01e6dcfbc207d766b9fe592e8c7e3a2982599f472fe956aba0038b379599,four people walk toward a tower,beca01e6dcfbc207d766b9fe592e8c7e3a2982599f472fe956aba0038b379599,14473,sentence1,7,search,4
bef861a88e3fe57f00ff98033ecf190e7604f943f4a6642a76d72d48e386f755,Two dogs play in the snow.,bef861a88e3fe57f00ff98033ecf190e7604f943f4a6642a76d72d48e386f755,11001,sentence2,7,search,7
bf15f914ca18f10600c3dd7c33a09c3b4eb4aeef166207873d71061f09488611,i don 't think it makes much difference .,bf15f914ca18f10600c3dd7c33a09c3b4eb4aeef166207873d71061f09488611,8403,sentence2,13,search,5
bf2dba60d95d54b18d4ec342363d0fe20c511a9c1678c8b344f0a8fc8eea6752,and they definitely shouldn 't be forcing anyone to pay for someone else 's contraception & abortions .,bf2dba60d95d54b18d4ec342363d0fe20c511a9c1678c8b344f0a8fc8eea6752,4303,sentence1,26,search,2
bf52cdc17554f09752e53834c29e7465b9ffd6768c23f24ca27198d9f03d8404,maybe this could work for you .,bf52cdc17554f09752e53834c29e7465b9ffd6768c23f24ca27198d9f03d8404,21432,sentence2,8,search,5
bf838412903a81bf5596dbd40bd21d945a0fbddae2e3a5fd8c9e6848340846bd,a woman is carrying a kangaroo .,bf838412903a81bf5596dbd40bd21d945a0fbddae2e3a5fd8c9e6848340846bd,4014,sentence2,14,search,1
bf8ccb52a8b4fc175c2762e4342e2426f8f8e0cf742eccbcc9d2b529152f7b78,add embellishments and paintings to ( medieval manuscripts ) .,bf8ccb52a8b4fc175c2762e4342e2426f8f8e0cf742eccbcc9d2b529152f7b78,28186,sentence1,14,search,5
bf935328471531b3ae0bde31030988254227b7705194f1edce1a2ffd3079223c,a guy and two girls are smiling at the camera .,bf935328471531b3ae0bde31030988254227b7705194f1edce1a2ffd3079223c,22243,sentence1,13,search,4
bfac71a155dcc61f57c26c496dca3af8316ed029f50e63f1d941a97b0b9abda1,a person stands on the motorcycle seat and pops a wheelie .,bfac71a155dcc61f57c26c496dca3af8316ed029f50e63f1d941a97b0b9abda1,18400,sentence2,18,search,6
bfd40aef52102ee73cdd2b2db8e01583e8bbfabf00b81fc4ac04203f364e62b9,"although cheese is very healthy and also good during pregnancy , some types might contain listeria , which can cause serious problems .",bfd40aef52102ee73cdd2b2db8e01583e8bbfabf00b81fc4ac04203f364e62b9,16127,sentence2,27,search,5
bfe22fda1be8f5d6b130836b77d3378979c06ecd49b3e9e76961c4c510a4a6ed,really ? man says he 's ' certain ' where hoffa is buried,bfe22fda1be8f5d6b130836b77d3378979c06ecd49b3e9e76961c4c510a4a6ed,29301,sentence2,22,search,2
bfe63cfba7662697e7cd6dbcd009e79ac6162ad16953c22cccc9bbd6b15cee43,a man and a woman in glasses blow bubbles .,bfe63cfba7662697e7cd6dbcd009e79ac6162ad16953c22cccc9bbd6b15cee43,4033,sentence2,14,search,4
bfe939b2945eef5b54bcd28bb922cb898dc54b04f5832ac0a163759f56b88f31,I'm thinking it's a bad idea.,bfe939b2945eef5b54bcd28bb922cb898dc54b04f5832ac0a163759f56b88f31,44,sentence1,12,search,5
bff14e1c2c8eaab77b9dff3bc542e9ab8402d15938ddfdfcfec2b5892128a272,A man is holding a big animal in one hand,bff14e1c2c8eaab77b9dff3bc542e9ab8402d15938ddfdfcfec2b5892128a272,16206,sentence2,11,search,6
c001c7116bfee006995893b3071d3cf896e8926f4607105e586e25a6db557bbf,"we are moving "" ... relative to the comoving cosmic rest frame ... at some 371 km / s towards the constellation leo "" .",c001c7116bfee006995893b3071d3cf896e8926f4607105e586e25a6db557bbf,15389,sentence1,34,search,5
c005638f64304d021a38e09a202d72875eb53825b7a35f3d7f7d8047ad9914ca,each protagonist had appreciably different theories and explanations on the situation .,c005638f64304d021a38e09a202d72875eb53825b7a35f3d7f7d8047ad9914ca,25536,sentence2,16,search,5
c0148b49197287bd7de3d97f3d03e3f5e69540f574e743371cd751dabc093211,a little girl is playing on a toy outdoors .,c0148b49197287bd7de3d97f3d03e3f5e69540f574e743371cd751dabc093211,15001,sentence2,14,search,4
c038f322882cf369e35458fe4eb5fac52c106406cdd785fbb4fb17810b32a259,I've done this many dozens of times.,c038f322882cf369e35458fe4eb5fac52c106406cdd785fbb4fb17810b32a259,8316,sentence2,11,search,5
c05eee238bb6d9601c676371e71be3925106357a5593e3eb03d25091fa1f51d7,a woman is writing .,c05eee238bb6d9601c676371e71be3925106357a5593e3eb03d25091fa1f51d7,4038,sentence1,7,search,1
c0b5873a5b2c068b543029267cbcceb69c63e460d4302e3f54e83513b7024050,the attacks occurred after a dispute between the governments of russia and estonia over the relocation of a soviet war memorial .,c0b5873a5b2c068b543029267cbcceb69c63e460d4302e3f54e83513b7024050,19751,sentence2,29,search,3
c0bfc6d765658da2f1650db541f98839b2e0a2cf174f4c9e85a1db6f6439350d,A dog that has a brown and white coat is trotting through shallow water,c0bfc6d765658da2f1650db541f98839b2e0a2cf174f4c9e85a1db6f6439350d,28382,sentence1,16,search,7
c0c8bc399861d517fba0795126f34ca3ae19a71fbd7b2019121078987b0e2f02,my wife and i originally had the same problem with our newborn twins fussing when bath time was over .,c0c8bc399861d517fba0795126f34ca3ae19a71fbd7b2019121078987b0e2f02,21327,sentence1,24,search,5
c0d7a6777e1e3832d50cd8894caa2df5035730e36b5c41d1d8cc3e7f0ce511a2,A man in a maroon bathing suit swings on a rope on a lake.,c0d7a6777e1e3832d50cd8894caa2df5035730e36b5c41d1d8cc3e7f0ce511a2,10155,sentence2,22,search,6
c0d8053c1df88350060155153a625892ebf61596cdebd7ea0d74bbba49deac74,pile of wooden debris with chair on top .,c0d8053c1df88350060155153a625892ebf61596cdebd7ea0d74bbba49deac74,24428,sentence2,10,search,5
c0e516590448370795d320771f366b14e8a3bfb175bd281b161e02060c28e3d6,A woman jumps and poses for the camera.,c0e516590448370795d320771f366b14e8a3bfb175bd281b161e02060c28e3d6,16268,sentence1,10,search,1
c0f3f91834d51834cb8a69622c4cf471b73697a12542da6c41c0e9d82cbff642,wreckage from airalgerie flight ah5017 found in mali,c0f3f91834d51834cb8a69622c4cf471b73697a12542da6c41c0e9d82cbff642,35295,sentence1,17,search,3
c1005b9bb88f081516f5605d2dc563a9573b50fbe6bbe418eb8e30f15e1f8f1d,best way to turn it on its head is to get money out .,c1005b9bb88f081516f5605d2dc563a9573b50fbe6bbe418eb8e30f15e1f8f1d,7352,sentence1,15,search,5
c107d2847e5ebd4f03e51f537035d7a58df9b566102ad250ed3e519fc78d62d5,spring 1966 becomes head of chicago chapter of sclc 's operation breadbasket .,c107d2847e5ebd4f03e51f537035d7a58df9b566102ad250ed3e519fc78d62d5,19423,sentence2,24,search,2
c10c6e91f2200bc07f5e2124a3f5de53371bbf4db3df220cb01862b8c367313f,A boy is wearing an orange shirt and a striped tie,c10c6e91f2200bc07f5e2124a3f5de53371bbf4db3df220cb01862b8c367313f,30587,sentence2,13,search,4
c1132d415adf1ea28ad705b8754ffe46374032647cb364637991fb046d99fed8,6 killed in afghan capital mosque attack,c1132d415adf1ea28ad705b8754ffe46374032647cb364637991fb046d99fed8,10128,sentence2,10,search,3
c149345cf2d22292759655e4eb05e87c8115fc6b1a22acc3d531ce1d68e7853b,a philips flat-screen tv is shown with its two remote controls .,c149345cf2d22292759655e4eb05e87c8115fc6b1a22acc3d531ce1d68e7853b,14348,sentence2,20,search,5
c158bdcd54f0942f9b657ccb83205d9b020f1422e4277653cac998c13e25c2fe,an approximate calculation of quantity or degree or worth .,c158bdcd54f0942f9b657ccb83205d9b020f1422e4277653cac998c13e25c2fe,10697,sentence2,11,search,5
c166a4675d7263913f37e97fa7d466b4f53753ef4cd6d3a1018040b1f55b8533,'Fast &amp; Furious' star Paul Walker dies in car crash,c166a4675d7263913f37e97fa7d466b4f53753ef4cd6d3a1018040b1f55b8533,15290,sentence2,21,search,3
c16ce22f0f016d24ae25288e0619ee7873f704188bbb41308b22d7bfa0d785f0,The person is wearing a fedora.,c16ce22f0f016d24ae25288e0619ee7873f704188bbb41308b22d7bfa0d785f0,1201,sentence1,10,search,6
c17e91a9ab6b45072c3861703602019e99f404509608afa704544bb708ab156e,Coroner: Whitney Houston died in bathtub,c17e91a9ab6b45072c3861703602019e99f404509608afa704544bb708ab156e,5274,sentence2,9,search,3
c18bff28893cb1d3b5a60f21a9f8635057fae84bf28fe6b34993082af2dfe512,is this the kind of thing you 're looking for ?,c18bff28893cb1d3b5a60f21a9f8635057fae84bf28fe6b34993082af2dfe512,37277,sentence1,14,search,5
c1aee499e4e8d37b47406df98579030f948f71a677aafff8d7116694784645a3,"harris and klebold killed 12 students and a teacher before taking their own lives on april 20 , 1999 .",c1aee499e4e8d37b47406df98579030f948f71a677aafff8d7116694784645a3,18466,sentence2,32,search,3
c1e6d2a7856eb412db0ffe7f41f88c3884fd77710c2fa935424ac53314c217ae,both are on same closed paths,c1e6d2a7856eb412db0ffe7f41f88c3884fd77710c2fa935424ac53314c217ae,17443,sentence1,6,search,0
c1f30b59a77027283942ecff5459d02064c37779e61a646559178995ce973b13,man with blue shirt standing in front of a fountain .,c1f30b59a77027283942ecff5459d02064c37779e61a646559178995ce973b13,25619,sentence2,13,search,6
c21544d8078a7584ef4d1cceb4675c1b2cd221bf560d43d6e38640e63f61d790,Three boys in karate costumes aren't fighting,c21544d8078a7584ef4d1cceb4675c1b2cd221bf560d43d6e38640e63f61d790,10484,sentence2,12,search,0
c2261531a16a81249689db0c0a119ebba256815dcf91966c6fb4790c1e8423c4,two boys are jumping into a pool .,c2261531a16a81249689db0c0a119ebba256815dcf91966c6fb4790c1e8423c4,13525,sentence2,10,search,4
c23e970d3ca7c63177ea132f59538cfa5e538ce56a78ec2b2247f03f0763f5cf,"That compared with a year-earlier profit of $102 million, or 13 cents a share.",c23e970d3ca7c63177ea132f59538cfa5e538ce56a78ec2b2247f03f0763f5cf,36922,sentence2,24,search,2
c24dcff631eb4b817e5cec01dd71d3eaad2373818969ed1a619796f004131853,the positive terminal is not seperated from the gap,c24dcff631eb4b817e5cec01dd71d3eaad2373818969ed1a619796f004131853,8335,sentence2,11,search,5
c25184b3a2fa02658a447ed0c9c050226de9d19e4d7aade42bd730f87204322e,defense lawyers had said a change of venue was needed because massive pretrial publicity had tainted the jury pool against their client .,c25184b3a2fa02658a447ed0c9c050226de9d19e4d7aade42bd730f87204322e,4351,sentence1,30,search,3
c252f441af1de5e9da53fbbb39e5ff2a780c45f653f4dad3bc2f54b040dc61eb,iran official : us visa denial to iranian envoy will not affect nuke talks,c252f441af1de5e9da53fbbb39e5ff2a780c45f653f4dad3bc2f54b040dc61eb,14118,sentence2,25,search,0
c256314b4a906c8a476f5fb6324c7a8c0c761666b96ae31072be3f538cbb7665,syria regime agrees to attend peace conference,c256314b4a906c8a476f5fb6324c7a8c0c761666b96ae31072be3f538cbb7665,28199,sentence2,13,search,2
c27032d08f312c0747042749727759c8fcfb83488b355187a26a60458545c4fc,britain set to deport of abu qatada,c27032d08f312c0747042749727759c8fcfb83488b355187a26a60458545c4fc,4213,sentence1,17,search,3
c27c69ff0c6bab046954eb59c25f7d0f3d3da55a95fcc1caec7d02e8324074c0,A black man in green is riding a bike,c27c69ff0c6bab046954eb59c25f7d0f3d3da55a95fcc1caec7d02e8324074c0,6001,sentence2,10,search,6
c29cdc8029f02237db2b5d11da5b5cd148c3fb795863885d9fb23b028d5ac240,"two dogs run through the snow , one with a tennis ball .",c29cdc8029f02237db2b5d11da5b5cd148c3fb795863885d9fb23b028d5ac240,10600,sentence2,16,search,7
c2a663d531c1b9271a3b5891850bb788d1e609ca044ca22481db8faaa2c26da1,A doctor prescribes a medicine.,c2a663d531c1b9271a3b5891850bb788d1e609ca044ca22481db8faaa2c26da1,18864,sentence1,8,search,5
c2b06f19987692212bb9cfc475c92b7f2a5be7b3fab5b7d54adb54d754b073d5,"putin , too , seems suspect the powerlessness of his regime .",c2b06f19987692212bb9cfc475c92b7f2a5be7b3fab5b7d54adb54d754b073d5,37385,sentence1,16,search,3
c2c2496ad32b3b8cdfdf0be5c0b348bfe348ab7a022f15b5cdff2d483dbe09ea,A man is laying a cover over a wild horse that is falling on the track,c2c2496ad32b3b8cdfdf0be5c0b348bfe348ab7a022f15b5cdff2d483dbe09ea,19363,sentence1,19,search,6
c2c4053f6a74a65ea897c509df22e80d2878c97e0badbedb0a2517842786e210,a child in red and blue floaties looking down at the water .,c2c4053f6a74a65ea897c509df22e80d2878c97e0badbedb0a2517842786e210,31364,sentence1,17,search,4
c2d3f6f98eb972ce59a3674c11ca9c21154daf168ac13a2aa3f80a94c58b0c78,"the metropolitan transportation authority , which plans to appeal , was given until may 28 to restore the old subway and bus fare and the old commuter railroad rates .",c2d3f6f98eb972ce59a3674c11ca9c21154daf168ac13a2aa3f80a94c58b0c78,21169,sentence2,35,search,2
c2d76edc4e686045a15fd1c36019a57b86f68e4f2150409e970470a15c543fc8,pictures of the day : pakistan and elsewhere,c2d76edc4e686045a15fd1c36019a57b86f68e4f2150409e970470a15c543fc8,5687,sentence2,12,search,2
c2d968070eae0df039897b48ca893eebe3ea1293086fcda5cecadbbb16f4aa39,A smiling boy in winter clothes is waving his mittened hands outside a building in the snow,c2d968070eae0df039897b48ca893eebe3ea1293086fcda5cecadbbb16f4aa39,36393,sentence2,21,search,4
c2f61848c1d6e26342c1d93f146cbdbdba8d41a13acc1764dde30495430d1256,a visit to libya by the russian foreign minister was announced .,c2f61848c1d6e26342c1d93f146cbdbdba8d41a13acc1764dde30495430d1256,30373,sentence1,19,search,2
c328a68800aa1b26ac37e25b124273573be5a5a88ff9b60af264becd422a97c0,the iaea report is restricted .,c328a68800aa1b26ac37e25b124273573be5a5a88ff9b60af264becd422a97c0,11119,sentence1,11,search,0
c32ddad7e7ae4993ae2e80a00a4f51e1965a3da6f8549348944dccff68fdc258,britain set to join high-speed mobile party,c32ddad7e7ae4993ae2e80a00a4f51e1965a3da6f8549348944dccff68fdc258,26258,sentence2,12,search,2
c34096e0bdca5f90f75c8d14f98ce2ed90749d5d23fd3a2e317bf219db1fd03e,Someone is drawing a person,c34096e0bdca5f90f75c8d14f98ce2ed90749d5d23fd3a2e317bf219db1fd03e,23604,sentence2,6,search,4
c341fb915f6bb3bc38f2727816e2e7f9ba06ac367cb77791fcb600b688be4bd8,A group of children is playing tambourines,c341fb915f6bb3bc38f2727816e2e7f9ba06ac367cb77791fcb600b688be4bd8,33273,sentence1,9,search,4
c348094dcc9e793c18819630b93e4be33fde53b556377035a1f3317297c356a9,secondly to define the value of the optimal solution recursively .,c348094dcc9e793c18819630b93e4be33fde53b556377035a1f3317297c356a9,6349,sentence2,16,search,5
c3496cc3ac69ec94f8d3f8882444bc90ae6b47731a93a182a61a8726151d7df2,There are two things to consider:,c3496cc3ac69ec94f8d3f8882444bc90ae6b47731a93a182a61a8726151d7df2,31421,sentence2,7,search,5
c365d99039bfa1736d4ba6a776951d27a957198e0e0f41b65b54498d4db22513,A woman is talking to a man,c365d99039bfa1736d4ba6a776951d27a957198e0e0f41b65b54498d4db22513,8591,sentence1,8,search,1
c388f50ce1ef4d3171229627007973055935f558b48134ce0b21b5ef8effbb64,we often enorgueillissons ourselves here to represent the european citizens .,c388f50ce1ef4d3171229627007973055935f558b48134ce0b21b5ef8effbb64,6413,sentence2,18,search,2
c3b3ff217a044aa48d5c8fd0aa2777dc27db7c6bff90d1698c132cbd3ece81d9,a siemens spokesman in germany stated to the agence france-presse that siemens was confident about the outcome of the talks to sell the plutonium-processing facility .,c3b3ff217a044aa48d5c8fd0aa2777dc27db7c6bff90d1698c132cbd3ece81d9,33262,sentence1,46,search,2
c3f30e1916c3214d31657b5082e4d43e39f2597c29762738989ffe8b22ab0ced,"findings : positive procrastination , not an oxymoron",c3f30e1916c3214d31657b5082e4d43e39f2597c29762738989ffe8b22ab0ced,35379,sentence1,18,search,5
c402200014b659530a614a43df98d61add32732b163135b0e2730eac0d6ab3c1,not contained inthe same path,c402200014b659530a614a43df98d61add32732b163135b0e2730eac0d6ab3c1,14182,sentence1,6,search,0
c45e3506cf31d09b8c834f9b4c72509e8f5804cf4b04d776e4c52993fd9edf81,the judge also refused to postpone the trial date of sept . 29 .,c45e3506cf31d09b8c834f9b4c72509e8f5804cf4b04d776e4c52993fd9edf81,13437,sentence1,18,search,0
c4d375fba3ffbba2a8cbc006ca71cd49009643995420d46b66c960cb58e390e6,The lady is dicing onions,c4d375fba3ffbba2a8cbc006ca71cd49009643995420d46b66c960cb58e390e6,27428,sentence1,7,search,1
c4dcd4c3ed25d322485ad6099c4f7758cc51385d2aa82a4c712a5a073cdabde6,an attempt to get something .,c4dcd4c3ed25d322485ad6099c4f7758cc51385d2aa82a4c712a5a073cdabde6,6514,sentence1,7,search,5
c51000da67b148c9a23df66671cd27b6655b9202d347d3964dfd3769d9a58af1,"but just like the european union itself , that will be built and that will be done .",c51000da67b148c9a23df66671cd27b6655b9202d347d3964dfd3769d9a58af1,12144,sentence2,20,search,2
c5267fbb2f9964679a4148d2a757f623dd964993beebe0f3ecfbd2ce0fe618ea,A girl is eating a cupcake,c5267fbb2f9964679a4148d2a757f623dd964993beebe0f3ecfbd2ce0fe618ea,20308,sentence2,7,search,1
c53be34b412f9bf9741a7d2e84b90a7226109f22e74967715b346b53dbeb11b7,senate to vote on moving ahead on hagel nod,c53be34b412f9bf9741a7d2e84b90a7226109f22e74967715b346b53dbeb11b7,34298,sentence1,14,search,2
c548d729b6f84ecd3508f170ae6ba37006cec82df2bf1fd3e90134ed93932cdb,the story that is told in a novel or play or movie etc ..,c548d729b6f84ecd3508f170ae6ba37006cec82df2bf1fd3e90134ed93932cdb,261,sentence2,17,search,5
c57cf1721bc8dde9e23b16f0bb3c0c6b3887a3b81f956d259520847a0dd8e039,kamynin said there will be an exchange of opinions on topical international and regional matters based on a joint working relationship at the heart of the un .,c57cf1721bc8dde9e23b16f0bb3c0c6b3887a3b81f956d259520847a0dd8e039,16108,sentence1,35,search,2
c5993c27cf9c1aab35019c9f5318c62614717ba3e0908688bc1899994cec468e,ukraine fears russian invasion,c5993c27cf9c1aab35019c9f5318c62614717ba3e0908688bc1899994cec468e,24276,sentence1,9,search,2
c5b9ab9f5036e6b69b93035370bbb0b281ec6db7a223eca9462ab3d40edbb4bb,A girl is standing in a group and is wearing a black shirt and pink beads,c5b9ab9f5036e6b69b93035370bbb0b281ec6db7a223eca9462ab3d40edbb4bb,1099,sentence2,18,search,1
c5c24220a2b646f4fb66c653669d6d232546d51b50a4b2d283557939a9c1275a,mandela hospitalised after he stops talking,c5c24220a2b646f4fb66c653669d6d232546d51b50a4b2d283557939a9c1275a,515,sentence1,10,search,3
c5d92937b4e424ad8eec37851a5efad39eb1cefda80cfbda556eced4a9640eef,The man isn't doing a magic trick,c5d92937b4e424ad8eec37851a5efad39eb1cefda80cfbda556eced4a9640eef,12313,sentence2,11,search,6
c5e8fe812bc589cead75963cefb3202d8cb77405f1e3772006c13ed05a230d7a,hijacked aircraft lands in geneva,c5e8fe812bc589cead75963cefb3202d8cb77405f1e3772006c13ed05a230d7a,26056,sentence1,9,search,3
c6112a90baccb27ed93576bf913385d94304dca92b0c4ac3fc33860b96b2d279,the texas congressional delegation now is 17-15 democratic .,c6112a90baccb27ed93576bf913385d94304dca92b0c4ac3fc33860b96b2d279,30393,sentence2,14,search,2
c6389ec54794ea6c0935c5280f6ee0dbb8c4cd96d16601da7f9c12ca06a53be5,"if not , don 't do that and spend that time with something you like to do .",c6389ec54794ea6c0935c5280f6ee0dbb8c4cd96d16601da7f9c12ca06a53be5,14329,sentence2,23,search,5
c639f984361216428643b41cea8d91a2b321282b2d4e448a949717eb0523e1b4,chinese shares close higher friday,c639f984361216428643b41cea8d91a2b321282b2d4e448a949717eb0523e1b4,22268,sentence2,9,search,2
c63bc6659eb9a92714da4c1ef8ea71d675aa8e50ce5ce57429626a980d86833c,ooo strike two those who ignore history are doomed to repeat it .,c63bc6659eb9a92714da4c1ef8ea71d675aa8e50ce5ce57429626a980d86833c,24442,sentence1,19,search,2
c675d059db741fed4eb8bc1187a8b31be32c171aade1c9a8606e2fe43d0ee598,A man on a bike is riding on the shore,c675d059db741fed4eb8bc1187a8b31be32c171aade1c9a8606e2fe43d0ee598,20415,sentence1,11,search,6
c67bd8451aad5f900509abbb09bfde40a0facfd77abd3c90e126b3f3b53bdc0b,( computer science ) the occurence of an incorrect result produced by a computer .,c67bd8451aad5f900509abbb09bfde40a0facfd77abd3c90e126b3f3b53bdc0b,10276,sentence2,19,search,5
c67e75dfcb7259ce994b48f1fcf0191ae9564f8eec8038aa556d9f93ad70359b,A biker is riding away from a fence,c67e75dfcb7259ce994b48f1fcf0191ae9564f8eec8038aa556d9f93ad70359b,27354,sentence2,10,search,6
c6a7ec6f0b8f3d14634488998cd8d8e23e87e7da6b0df9fa9147bca9154de4fd,the norms are scarcely comparable and again less transférables .,c6a7ec6f0b8f3d14634488998cd8d8e23e87e7da6b0df9fa9147bca9154de4fd,6964,sentence2,15,search,5
c6f31b73d51455d5258b21b578a24817b374c7768aef9a4e0e47b63b24fc7407,Looking to buy the latest Harry Potter?,c6f31b73d51455d5258b21b578a24817b374c7768aef9a4e0e47b63b24fc7407,393,sentence1,8,search,5
c6f874c07f2fa0eea1832494aaa546192f8434ee0dde5cfb2d9f72f66523c390,that 's how the driver tests the validity of the registered voucher .,c6f874c07f2fa0eea1832494aaa546192f8434ee0dde5cfb2d9f72f66523c390,29239,sentence1,16,search,5
c70981fad3d0132a4de2ee227cd43028a34b3bd6b18c709e00a16c2cda92f870,"conservative writer nicholas kristof : guns are "" an instrument not of protection but of escalation . """,c70981fad3d0132a4de2ee227cd43028a34b3bd6b18c709e00a16c2cda92f870,8165,sentence1,30,search,2
c71e8f76cc0f4ef20e980098319e12efd688d0f875c5ff4553691ddef013a656,A man is cutting the tape on the box,c71e8f76cc0f4ef20e980098319e12efd688d0f875c5ff4553691ddef013a656,37353,sentence2,9,search,6
c72355906ba0b0f41f42a034ed3ab323123152effa7f7b0b327f7c7ba76e31b9,to be moslem and be islamiste are two different things .,c72355906ba0b0f41f42a034ed3ab323123152effa7f7b0b327f7c7ba76e31b9,15447,sentence2,18,search,5
c7612e7f227b04502f691093ed22b6b5afaa9e00ce529f8ee4568e3c317a02f4,The child is splashing water in a big red pool,c7612e7f227b04502f691093ed22b6b5afaa9e00ce529f8ee4568e3c317a02f4,7225,sentence2,12,search,4
c76e2632f45ebbd407210da2213881e44f9d8a3a5058903d7513046ab75a0573,rep. of congo : 236 dead after arms depot blasts,c76e2632f45ebbd407210da2213881e44f9d8a3a5058903d7513046ab75a0573,17218,sentence1,15,search,3
c7742778dc2562ef0252aaa9856cb5cad29b9e684bda867d93132e6dcd72a818,they may also note that the french philosopher marcel gauchet called one of these recent its democracy against itself .,c7742778dc2562ef0252aaa9856cb5cad29b9e684bda867d93132e6dcd72a818,31101,sentence2,23,search,2
c7750bfd3bab3967e7073468bcaed067502de15c424c1964c489437532a1326b,"philly high schoolers , join the conversation . : would you feel safer with armed guards in your school ?",c7750bfd3bab3967e7073468bcaed067502de15c424c1964c489437532a1326b,14596,sentence2,29,search,2
c7a499606de3743f90a4d47a0f350df7fd1f030447799639c4f7b8043bd59da2,president heading to bahrain,c7a499606de3743f90a4d47a0f350df7fd1f030447799639c4f7b8043bd59da2,20334,sentence1,6,search,2
c7b48e26dde83269ccde4c495ae6ba289df2ed6e742b96dc572f646f3dfe73a5,senator unveils bill to limit semiautomatic arms,c7b48e26dde83269ccde4c495ae6ba289df2ed6e742b96dc572f646f3dfe73a5,4356,sentence2,10,search,2
c7ce406df1b528b1a6638d954f947a17e3571350dd146f9487906334e000637e,the only problem with trusting the jury on this one is that they were given a question of law to determine .,c7ce406df1b528b1a6638d954f947a17e3571350dd146f9487906334e000637e,25272,sentence2,25,search,2
c7f345954ba97f3aa97d49caef4507dbbb61640ccbc5753b9fe4581d1e588a6a,view of a living room with a dining room in the background .,c7f345954ba97f3aa97d49caef4507dbbb61640ccbc5753b9fe4581d1e588a6a,4710,sentence1,16,search,4
c7f75ac06c9ca467109d8a3d921684d39498a21b68a925604bbacc6bbf1ce147,the hunger games breaks us box office record,c7f75ac06c9ca467109d8a3d921684d39498a21b68a925604bbacc6bbf1ce147,8372,sentence1,8,search,2
c82580ea1681bc4a07b6d5ad3d303dab4bdd95b8f989b3611d41b243f7ab32a8,something that attains victory,c82580ea1681bc4a07b6d5ad3d303dab4bdd95b8f989b3611d41b243f7ab32a8,18340,sentence2,5,search,5
c82eae1d6af07ebaa30a087dd0e0e4a0d6b58d29817e2404720ed176b5a11819,A man with a crutch lying on the ground.,c82eae1d6af07ebaa30a087dd0e0e4a0d6b58d29817e2404720ed176b5a11819,29540,sentence1,13,search,6
c8315730811309bde9527671879b946d7fdd13f24e503475ff3a7ef3c35acbbb,us inadvertently trained rebels : french strikes in mali supplant caution of u.s .,c8315730811309bde9527671879b946d7fdd13f24e503475ff3a7ef3c35acbbb,21343,sentence2,28,search,2
c83748828fc5669c2ac9a6e70ebd7f79baecd65ffb82e09a61795f4fbfb34252,"A dog, which is brown, and a black one are running in the grass",c83748828fc5669c2ac9a6e70ebd7f79baecd65ffb82e09a61795f4fbfb34252,30514,sentence1,17,search,7
c83a8cce175a970ba56a19391910258f264952ea56206c5b8224d58ca62ba19d,spanish bailout dilemma gets more acute,c83a8cce175a970ba56a19391910258f264952ea56206c5b8224d58ca62ba19d,12431,sentence2,8,search,2
c8419dc44054cd2615fa0a421cc9eb752e41e1601cf486fd1b116428b4337823,"the report cites the marriage of the alleged operational commander of the bali bombings , mukhlas , as an example of how ji uses marriage to grow .",c8419dc44054cd2615fa0a421cc9eb752e41e1601cf486fd1b116428b4337823,16365,sentence1,44,search,2
c848829a23d7343ca9c3df196d81c6f6769485702353808372a94162ae8c080b,An officer is talking to the recruits,c848829a23d7343ca9c3df196d81c6f6769485702353808372a94162ae8c080b,27392,sentence2,8,search,2
c84ce1d47b16c8da8c7f9a6ed7df16e17f5d0edb115df75a1908773329cafd33,"Rev.'s Early Reads: Sept. 3rd, 2015",c84ce1d47b16c8da8c7f9a6ed7df16e17f5d0edb115df75a1908773329cafd33,9314,sentence2,15,search,2
c858c6cf1861ef601c6163d053bd5f772cedee9697924ae0e2ee217c95786afa,A woman is dancing on a stage.,c858c6cf1861ef601c6163d053bd5f772cedee9697924ae0e2ee217c95786afa,25473,sentence2,9,search,1
c85a3f47850d9c0c74a652f14c7b12a5f707476bbb149c6ebe55056210524175,spanish train crash driver to be questioned,c85a3f47850d9c0c74a652f14c7b12a5f707476bbb149c6ebe55056210524175,5019,sentence1,9,search,3
c867d4007db974983b217a85d5b631a72da54465b01c5d41f23651be79b8192a,Some cheerleaders are relaxing,c867d4007db974983b217a85d5b631a72da54465b01c5d41f23651be79b8192a,9514,sentence1,6,search,4
c89136958a1b61044ffe66c872a85c003d2f7e6d190e4dcf15890010084336d0,two cats sit on the back of a couch looking out the window .,c89136958a1b61044ffe66c872a85c003d2f7e6d190e4dcf15890010084336d0,8023,sentence2,16,search,7
c89e56e8986c5288b5be0ab3e36dbf0581355bd99302ca5e6c879b74312f249f,There is no man slicing potatoes,c89e56e8986c5288b5be0ab3e36dbf0581355bd99302ca5e6c879b74312f249f,35105,sentence1,9,search,0
c8a98d015c2d57ea126e6aadb159247c9d8bce238ed638d68c2d72998f95a4ff,A woman is singing into a microphone,c8a98d015c2d57ea126e6aadb159247c9d8bce238ed638d68c2d72998f95a4ff,34391,sentence1,8,search,1
c8c0b2904b98790b100e4a73c884a2f13aab82041a8495fa949aa88536ffce41,"however , the american courses did not show that a fall of 5,2 % between the 9 and on may 24 .",c8c0b2904b98790b100e4a73c884a2f13aab82041a8495fa949aa88536ffce41,754,sentence1,27,search,0
c8e713f1d77eb3df14e89b221b02d0ab36f6267659de008a2b4bdea4b698216f,A man is whacking a boy with a sword,c8e713f1d77eb3df14e89b221b02d0ab36f6267659de008a2b4bdea4b698216f,4100,sentence2,14,search,6
c8f0a8078d9393e35834a6dc1323b19a3837ab7c6c2ff2787ac5128dad348317,"A dog, which is large and gray, is dropping a ball from its mouth and stopping in the grass",c8f0a8078d9393e35834a6dc1323b19a3837ab7c6c2ff2787ac5128dad348317,22277,sentence2,22,search,7
c91472137198ad6cf9862c3190bcae282035255f07a0966095b0865579df14a1,A kitten is drinking fresh milk,c91472137198ad6cf9862c3190bcae282035255f07a0966095b0865579df14a1,19169,sentence1,6,search,7
c9235c605727beeb78f913c52b4c25165ff516d25ec9c434d797d826be442713,bulb a was still in a closed path,c9235c605727beeb78f913c52b4c25165ff516d25ec9c434d797d826be442713,2746,sentence1,10,search,0
c962f960b45dd9c7c52e4c04b45959a8deda39fd47889b6573aa77608b8d6e83,6.0-magnitude quake hits northern italy : usgs,c962f960b45dd9c7c52e4c04b45959a8deda39fd47889b6573aa77608b8d6e83,9420,sentence2,19,search,3
c97510ec328334ade9ee809ffdf891d62b11454ea2ea3d4d686bc0435fbe91e6,A red train driving through a snow covered city.,c97510ec328334ade9ee809ffdf891d62b11454ea2ea3d4d686bc0435fbe91e6,26228,sentence2,11,search,4
c9890f986a51df6b901bad5384fc654d23a8fffc9fae9370a4076d7a666f6996,"the battery uses a chemical reaction to maintain the voltage ,",c9890f986a51df6b901bad5384fc654d23a8fffc9fae9370a4076d7a666f6996,35323,sentence1,13,search,5
c98b181f63ae57559c18b9f20603b0a97de48739b40b1ee3c57e026ce789f8f7,"to achieve this , the programmer has to note generalisations and similarities about various aspects of the program .",c98b181f63ae57559c18b9f20603b0a97de48739b40b1ee3c57e026ce789f8f7,27043,sentence1,24,search,5
c9ec05ca83440cbe4447829b2c906ed71a53b8a58957301364190ecab8adce11,australian television reporter peter lloyd faces 3 new drug charges in singapore .,c9ec05ca83440cbe4447829b2c906ed71a53b8a58957301364190ecab8adce11,25254,sentence2,22,search,2
c9f5f55f6e96a8c24f82bbeba960391ae90d9642eed69ee0d5fd49ccdbd5962e,"only one month before , muybarak refused the demands of constitutional reform by taxing them with “ futile ” .",c9f5f55f6e96a8c24f82bbeba960391ae90d9642eed69ee0d5fd49ccdbd5962e,13290,sentence2,28,search,0
ca3babcc11e412311d9ca9c603d872cfff6cac2c93e8b926f3efd035c65089d4,4 foreigners among 9 killed in Kabul hotel attack,ca3babcc11e412311d9ca9c603d872cfff6cac2c93e8b926f3efd035c65089d4,4262,sentence1,11,search,3
ca54eb8556c953a117c31c64f8472c14c6c0ad388addb7b60d9bcb13b306e93a,Man in Afghan army uniform kills NATO soldier,ca54eb8556c953a117c31c64f8472c14c6c0ad388addb7b60d9bcb13b306e93a,10229,sentence2,9,search,3
ca556b6cd8e402398032e04f79409fd7d93f352029585e3bfcd8d126bcda6b1e,there will be a gap where the bulb holder is supposed to be,ca556b6cd8e402398032e04f79409fd7d93f352029585e3bfcd8d126bcda6b1e,4657,sentence2,15,search,5
ca6cb804489642f12282cd204440691e64ae7e534a9afa90bc361a011f8e101f,who can most can say the least .,ca6cb804489642f12282cd204440691e64ae7e534a9afa90bc361a011f8e101f,3276,sentence1,9,search,5
caace376bbd80b3247a31fd0c0cd12b43ea064342aac092f19435759ca8abf7d,"iran , world powers pledge new nuclear talks",caace376bbd80b3247a31fd0c0cd12b43ea064342aac092f19435759ca8abf7d,7076,sentence2,11,search,2
cabc8e667bf50581c39122199c0b08b4cf7825e0e2a229c08817ebfc0ba976dc,"The woman isn't playing the guitar, which is acoustic, or singing",cabc8e667bf50581c39122199c0b08b4cf7825e0e2a229c08817ebfc0ba976dc,8492,sentence1,20,search,1
cacc85f2fcfbdb1cbe260df3aff068a2ab3691465985809d61ce7c37bad7899f,Canada promises $5-million in typhoon relief,cacc85f2fcfbdb1cbe260df3aff068a2ab3691465985809d61ce7c37bad7899f,7750,sentence2,12,search,2
cad475ab007c26dcb093d250c17dad72cd27781c8d43917f1ea86f302346a137,i brought an ace product that kla crab grass and you can use it below 90 degrees .,cad475ab007c26dcb093d250c17dad72cd27781c8d43917f1ea86f302346a137,17361,sentence1,22,search,5
cad8fa69341ff3ef21add86b87cee1e8bb1345eb07f59550d59ba285e0fa20e9,any accounting period of 12 months .,cad8fa69341ff3ef21add86b87cee1e8bb1345eb07f59550d59ba285e0fa20e9,10376,sentence1,8,search,5
caec81914dd59347e36dc96fc213d6f99f7f26f13fd4a9a295b2439b6df2cf79,a cruise liner docked at a port .,caec81914dd59347e36dc96fc213d6f99f7f26f13fd4a9a295b2439b6df2cf79,4165,sentence2,14,search,4
caf34fb17d14983b39b57059628e9aa7e1a0777c308601de004775b57026e792,A group of people sitting at a restaurant table.,caf34fb17d14983b39b57059628e9aa7e1a0777c308601de004775b57026e792,19559,sentence1,11,search,4
caf629440d13932dd989e0e7fa41e06d4f0b18f1fa3fe3f636c96650e4e9591b,""" would you like to wear your seatbelt ? """,caf629440d13932dd989e0e7fa41e06d4f0b18f1fa3fe3f636c96650e4e9591b,3366,sentence2,13,search,5
cb1bc5480420b49d6f27e71b4806a57c17912a8a7781eab03bbe71eec22aee47,A boy is comfortably sitting in a room and playing a piano by a lamp,cb1bc5480420b49d6f27e71b4806a57c17912a8a7781eab03bbe71eec22aee47,4066,sentence1,18,search,6
cb3a59985b5cd5312cd103bd87eac74cff83d08350b0cd0c2c890b35e99047cc,ask yourself what you look for in a friend too .,cb3a59985b5cd5312cd103bd87eac74cff83d08350b0cd0c2c890b35e99047cc,18083,sentence1,13,search,5
cb5330f263b157f42496696e90a5861f91ca61aa91fa9dc190217fadf4947d44,"a rebel who was captured said more than 2,000 insurgents were involved in the attack .",cb5330f263b157f42496696e90a5861f91ca61aa91fa9dc190217fadf4947d44,2125,sentence2,22,search,3
cb6aab093db8134962165b530b0fdf67267dcb3f7db07910c11022aaa3b15db7,"the terminology is usually called "" destructive vs non destructive "" editing .",cb6aab093db8134962165b530b0fdf67267dcb3f7db07910c11022aaa3b15db7,36763,sentence2,16,search,5
cb7904d5a820990910342f0f802f9eea33ba6ff1087b43252ef3b360e8ccb3b6,headlines in major iranian newspapers on dec 30,cb7904d5a820990910342f0f802f9eea33ba6ff1087b43252ef3b360e8ccb3b6,16169,sentence1,14,search,2
cb9da40fb063c3ad91e6c8e9e754e7bb57cab917a8cedf821f4faeb6ad3723c4,"and , globally , the number of active probable cases has declined to 573 .",cb9da40fb063c3ad91e6c8e9e754e7bb57cab917a8cedf821f4faeb6ad3723c4,25284,sentence2,19,search,3
cbb6a341fb2d65906c767ddfe14ce26a1f9d6a88524513c962a050185d277af5,the men played follow the leader on the grass .,cbb6a341fb2d65906c767ddfe14ce26a1f9d6a88524513c962a050185d277af5,8307,sentence1,11,search,4
cbb7fa27a78fad4656da480e0902197abed0f0a2423fad30302dd5c58e960bb7,A white hat is being worn by a boy which is running on the beach,cbb7fa27a78fad4656da480e0902197abed0f0a2423fad30302dd5c58e960bb7,27757,sentence2,17,search,4
cbb86ef722037c28cfc0d9ac10c012c2ad8305e5d19fd39877e946d7eec5b555,that was to increase the power of the large countries to the detriment of small .,cbb86ef722037c28cfc0d9ac10c012c2ad8305e5d19fd39877e946d7eec5b555,7225,sentence1,19,search,2
cbd29f5cd082afe49622e709e3f1ec985665f96337fa075ba440399676cd2884,because the voltage doesnt change in the battery,cbd29f5cd082afe49622e709e3f1ec985665f96337fa075ba440399676cd2884,22088,sentence2,9,search,0
cbe1bb6b4353af5899dabd9eaf152cf780904cfcbc791eaa91d53b98ee5c2c5f,"bulgaria president backs protesters , opposes snap elections",cbe1bb6b4353af5899dabd9eaf152cf780904cfcbc791eaa91d53b98ee5c2c5f,1312,sentence1,14,search,2
cc03ea9e5242555fa8a7db279df226c7747690f1b18c3bcf2d8665a5d5ab4f5e,landon memory from cats we are all vessels filled with many wonders .,cc03ea9e5242555fa8a7db279df226c7747690f1b18c3bcf2d8665a5d5ab4f5e,28213,sentence2,16,search,5
cc0f5e0d18d92602623e8389f5fa72362b7402c6f211ff5ae11ae709f6767462,travel along a zigzag path .,cc0f5e0d18d92602623e8389f5fa72362b7402c6f211ff5ae11ae709f6767462,36459,sentence2,11,search,5
cc198b4cdad09ca80cb8db13cc438b20ba857ba8a5fa312738d9bca4ff023c82,"timothy cook , apple ? s ceo , said the pipeline of products was ? chock-full . ? ? we feel great about what we have in store ?",cc198b4cdad09ca80cb8db13cc438b20ba857ba8a5fa312738d9bca4ff023c82,9347,sentence1,47,search,2
cc2dac2c5125520e85d4513ac3165c10fd0c5bed523b24a1e519752018fa2107,A little boy in red clothes is jumping onto the ground,cc2dac2c5125520e85d4513ac3165c10fd0c5bed523b24a1e519752018fa2107,1205,sentence2,11,search,4
cc5476dfa4ff18ad2631761c6b35bce5bc8b751605cf47d1a49cc5bc69c9212f,Two twin preteen boys are playing with cards,cc5476dfa4ff18ad2631761c6b35bce5bc8b751605cf47d1a49cc5bc69c9212f,37029,sentence1,9,search,4
cc5b12ffa18c47d468e1cb64ea1a9d1d9d37d778a0c9e2d973fbda9f88f2a95f,convert the genetic information in a strand of dna into a strand of rna .,cc5b12ffa18c47d468e1cb64ea1a9d1d9d37d778a0c9e2d973fbda9f88f2a95f,3534,sentence1,26,search,5
cc6f09ced76b2efd53ddd353adb3494d98fe420c6f6304917d0aaf77ba87a810,"i would like to remind you that our allies , there are ardent supporters of this tax .",cc6f09ced76b2efd53ddd353adb3494d98fe420c6f6304917d0aaf77ba87a810,12033,sentence2,24,search,2
cc8225efaefb75622690b24c04590d3dea310e482a102dec651043a2b08b1635,"dear abby , dies at 94 . dear abby : are birth control pills deductible ? bertie dear bertie : only if they don ? t work .",cc8225efaefb75622690b24c04590d3dea310e482a102dec651043a2b08b1635,10429,sentence1,44,search,3
cc892eeb201040f8803c6d22f8b79cac6ce4365f538f4fd4eef341ae5e8de752,black and white photo of a girl on a sofa .,cc892eeb201040f8803c6d22f8b79cac6ce4365f538f4fd4eef341ae5e8de752,3283,sentence1,14,search,1
cc9b17c8a9553de6b5261503f2e4f19513fdcec54db2d3112d2d8de87a026e3b,southwest china quakes kill at least 50,cc9b17c8a9553de6b5261503f2e4f19513fdcec54db2d3112d2d8de87a026e3b,16203,sentence2,9,search,3
cca34caa04fc799ea96a7d7474028aa451c66c79795c7b3060aad2a03b044dc4,the period of time during which a contract conveying property to a person is in effect .,cca34caa04fc799ea96a7d7474028aa451c66c79795c7b3060aad2a03b044dc4,34140,sentence2,21,search,5
cccdec61fcd5b44191e0259a6e4a03303d9f9ed5621aa89aa24568647d5bb480,A dog is chasing the tail of an animal in the grass,cccdec61fcd5b44191e0259a6e4a03303d9f9ed5621aa89aa24568647d5bb480,28621,sentence2,13,search,7
cceb14c260782e5418a3d6b531841132760c3769c629a867c2e18307e8ba87ba,Two people are riding a motorcycle,cceb14c260782e5418a3d6b531841132760c3769c629a867c2e18307e8ba87ba,31425,sentence1,7,search,4
cd0d4a49457c2cae97e76f73ffa2c176082c1e53e858af9dccba354c320c48ac,"The Jockeys are riding horses on the field, which is completely green",cd0d4a49457c2cae97e76f73ffa2c176082c1e53e858af9dccba354c320c48ac,9776,sentence1,16,search,4
cd2c6ab7c19d59785a7cac11104df404626a6808448624ed1ee82b3984c502a0,The player is dunking the basketball into the net and a crowd is in background,cd2c6ab7c19d59785a7cac11104df404626a6808448624ed1ee82b3984c502a0,36250,sentence1,18,search,4
cd33f3d4f395713a9acf2254fce1f71b339bc1fd73ef2ae77e3d75ca8e3876f7,"i 've only made a couple of bbq sauces , but they 've always come out really well .",cd33f3d4f395713a9acf2254fce1f71b339bc1fd73ef2ae77e3d75ca8e3876f7,6016,sentence2,31,search,5
cd591eadb963d5f4b4f57fc041277276e722ac3efefa473a0e54af5716d28b71,egypt 's president-elect morsi starts to form government,cd591eadb963d5f4b4f57fc041277276e722ac3efefa473a0e54af5716d28b71,25026,sentence1,20,search,2
cd6c787de3f94b33c30dc7eaad5a19a95a9b0c5464c0de2c711a33943e0f647b,"prince , who heads citigroup 's global corporate and investment bank , is replacing sanford weill as ceo .",cd6c787de3f94b33c30dc7eaad5a19a95a9b0c5464c0de2c711a33943e0f647b,22051,sentence1,30,search,2
cd6e2b0df6bd79bc179b7b93fd24649a256d63a5098f8c806941768203bf134d,spokesman themba maseko stated as long as administrative papers are in order south africa cannot intervene to prevent weapons being transported through south african territory to zimbabwe .,cd6e2b0df6bd79bc179b7b93fd24649a256d63a5098f8c806941768203bf134d,23425,sentence2,39,search,0
cd9b7b21d399a4b16dd11ea26001050ba65a43db747d6401e12ec36b275b2fe3,british soldier shot dead in afghan ‘ insider attack ’,cd9b7b21d399a4b16dd11ea26001050ba65a43db747d6401e12ec36b275b2fe3,34595,sentence2,18,search,3
cda0cca5445b086d697c6888a7b4409da7c92c7070498cae3a5c2ad32561fd20,a group of people are firing up a hot air balloon .,cda0cca5445b086d697c6888a7b4409da7c92c7070498cae3a5c2ad32561fd20,1037,sentence1,15,search,4
cdad58cfd8df7c144c1a6b521dab9050e4207d716e028d25ddf2ab4f50f946c8,this is not wrong but if they do you move that would be better if they give you any ( including the electronic chip shop ) .,cdad58cfd8df7c144c1a6b521dab9050e4207d716e028d25ddf2ab4f50f946c8,13660,sentence2,31,search,5
cdff4ff375e4a28f9058d7c1d55b643108360ce2925d8a7d624941c0533a3fe1,a man and woman kissing in front of a crowd of people .,cdff4ff375e4a28f9058d7c1d55b643108360ce2925d8a7d624941c0533a3fe1,36004,sentence1,17,search,4
ce00a9d907cdc20b31513099bd8fe3124d4022ee792e0da3976895b02efa35db,A kitten is walking.,ce00a9d907cdc20b31513099bd8fe3124d4022ee792e0da3976895b02efa35db,15251,sentence1,5,search,7
ce14be4133ff0f0d3b8d62ccbc135845a3765c6da05c6337a43e39c62c03c93b,a black and white dog jumps in the snow .,ce14be4133ff0f0d3b8d62ccbc135845a3765c6da05c6337a43e39c62c03c93b,16544,sentence2,13,search,7
ce79d2532bc43d429cd48c7b1e60b592b9a2141ab201e3992453515cbce99e15,travel in or be shaped like a zigzag,ce79d2532bc43d429cd48c7b1e60b592b9a2141ab201e3992453515cbce99e15,3423,sentence1,13,search,5
ce7ba045f4cb963b7045061127a3eb3a5df4ff6bca02783f9220d291da5a862c,"at them , three groups surenchérissaient with a partner , in different circumstances .",ce7ba045f4cb963b7045061127a3eb3a5df4ff6bca02783f9220d291da5a862c,13404,sentence1,23,search,2
ce85ac5faee50c6b3ca1dc2febe6bab4d675f3f3ca56f4af5a40562fb188cf7d,"throughout china 's mainland , the disease has killed 300 people and infected more than 5,270 .",ce85ac5faee50c6b3ca1dc2febe6bab4d675f3f3ca56f4af5a40562fb188cf7d,37056,sentence1,24,search,3
ce9a1649ca1e1da41edf12cea95ca7b6e44102b48d1af9f307dcd381b2769e83,the brown and white dog is walking in shallow waters .,ce9a1649ca1e1da41edf12cea95ca7b6e44102b48d1af9f307dcd381b2769e83,8152,sentence1,12,search,7
ce9b3edfb7d56cf7c8a2f5fb74f142ad39185446c91adcbdb3abf925a4820a8a,The woman is not handling a frog,ce9b3edfb7d56cf7c8a2f5fb74f142ad39185446c91adcbdb3abf925a4820a8a,2336,sentence2,10,search,0
ce9bef0720a74cb535c226e1e65a9d2751b0eb6fea26e0b73876fdafcc902e44,"the state wants to kill the wolves in approximately a 1,700-square-mile area near the village of mcgrath .",ce9bef0720a74cb535c226e1e65a9d2751b0eb6fea26e0b73876fdafcc902e44,4315,sentence1,30,search,3
cecd3242bcf8ae229411359d984aaa0e0d484f1489962b64ad7971b85cfeaf59,it is undeniable that intolerance reached until the heights of the turkish government .,cecd3242bcf8ae229411359d984aaa0e0d484f1489962b64ad7971b85cfeaf59,26219,sentence2,24,search,2
ced087c7ee4713f2bcf28fb09a68bc753a3ed11db5f0171dd67378a16498f48b,4 killed in building collapse in southern india,ced087c7ee4713f2bcf28fb09a68bc753a3ed11db5f0171dd67378a16498f48b,22359,sentence2,8,search,3
cedffff4f3409df5c9b7a691c004b733a83cd899cd68253faad22d68e7d9579f,the worst part is that he 's not even a leafs fan !,cedffff4f3409df5c9b7a691c004b733a83cd899cd68253faad22d68e7d9579f,10071,sentence2,19,search,0
cee1b82654feaacd77ebd7712283e2a46877039baeb59a15dfcad41ef1de3de5,A brown dog is sitting down,cee1b82654feaacd77ebd7712283e2a46877039baeb59a15dfcad41ef1de3de5,2953,sentence2,6,search,7
cee39eb0fd22da62f7f00d44a42e484ca11774a5bce5fc66ef388ccd57324d57,china activist chen lands in us,cee39eb0fd22da62f7f00d44a42e484ca11774a5bce5fc66ef388ccd57324d57,5166,sentence1,8,search,2
cf1717fb0156d8312168447429455a539c11065e4ce8b6d351906fc356103401,put into or keep in a stall,cf1717fb0156d8312168447429455a539c11065e4ce8b6d351906fc356103401,37340,sentence2,9,search,5
cf297577a295ef6cff57e01a29d13cd494da34596d07c777d6f607bf1d34d235,a dog bounces on a trampoline .,cf297577a295ef6cff57e01a29d13cd494da34596d07c777d6f607bf1d34d235,21166,sentence2,13,search,7
cf50707b809496371ec3b60013653b5317d88ec7eb0d51ac5410a4d67461de5a,There is no man loading a rifle with bullets,cf50707b809496371ec3b60013653b5317d88ec7eb0d51ac5410a4d67461de5a,4442,sentence2,11,search,0
cf577f14d949e3f72489263b30647e3813642df5b65b2baed510fe33712abb5a,bulbs a and c affect each other .,cf577f14d949e3f72489263b30647e3813642df5b65b2baed510fe33712abb5a,3320,sentence1,11,search,5
cf61ff4144597331de9fb4c4522db66399c74116ae3611589a95b2a1159657ae,Electronic Data Systems Corp. Thursday said the Securities and Exchange Commission has asked the company for documents related to its large contract with the U.S. Navy.,cf61ff4144597331de9fb4c4522db66399c74116ae3611589a95b2a1159657ae,35396,sentence2,31,search,2
cf9d59a80ec5896c2d3023b4933d6003785f28c6db59b95d7fc162345f46e91e,something that is made real or concrete .,cf9d59a80ec5896c2d3023b4933d6003785f28c6db59b95d7fc162345f46e91e,17557,sentence2,9,search,5
cfb39586851c66c34226cfa879c7e1f50ae2d5484f1652329e8807848c000ba7,i just hold the cheese closer to the edge away from the grater .,cfb39586851c66c34226cfa879c7e1f50ae2d5484f1652329e8807848c000ba7,21190,sentence2,18,search,5
cfb5829d32b20bf45c9a6feaf11541ebf5f39b6c9b78a75fd894115a6e22ac67,a large dog walks along a gravel path in the woods .,cfb5829d32b20bf45c9a6feaf11541ebf5f39b6c9b78a75fd894115a6e22ac67,6104,sentence2,16,search,7
cfc696b97aeae38e9095ea016435f07051e9c95edc643d75bd8274fbf72ef4bf,"world powers , iran under rouhani revive nuclear talks",cfc696b97aeae38e9095ea016435f07051e9c95edc643d75bd8274fbf72ef4bf,7049,sentence1,15,search,2
cfe30a2e115d1d64dba1d1140c8c20c363c0348dac11e8d6155905f99e35d44b,the occupants who dwell on a level of a building,cfe30a2e115d1d64dba1d1140c8c20c363c0348dac11e8d6155905f99e35d44b,13324,sentence2,14,search,5
cfececd9b3ed24ec074b050cb0b0ff8393ab07e85688d6e87682950f7736d7d4,because a and c are still in a closed circuit,cfececd9b3ed24ec074b050cb0b0ff8393ab07e85688d6e87682950f7736d7d4,2382,sentence2,13,search,0
cff0b0a0065e8bb8d938d66bb8fcae28d7182eef20d0903da1f8fc25daec4276,a grey cat laying on a dining table .,cff0b0a0065e8bb8d938d66bb8fcae28d7182eef20d0903da1f8fc25daec4276,19838,sentence2,13,search,7
cffc5f08eceb438aad5428affb0b030ddb978539470fead34b787572ef4f3006,"a storyline ; the plan , scheme , or main story of a literary or dramatic work , true or fictional .",cffc5f08eceb438aad5428affb0b030ddb978539470fead34b787572ef4f3006,6392,sentence1,30,search,5
d01203f29f21a32df74e99876ccf39789c656f8d8b33ab06045d91d0f188e8a7,because bulb a is in a closed circuit with the battery and switch x,d01203f29f21a32df74e99876ccf39789c656f8d8b33ab06045d91d0f188e8a7,3664,sentence1,17,search,0
d038926a329b6779419404cc44f2c88331888a612fb15170d6a410b0cda5f0e0,A woman is playing the keyboard and a man is dancing,d038926a329b6779419404cc44f2c88331888a612fb15170d6a410b0cda5f0e0,4305,sentence1,12,search,1
d03e03f238e7415a3b4e327d204b6bebd8341f4e40412279610e92223f862e7a,"egypt courts hear cases against mubarak , islamists",d03e03f238e7415a3b4e327d204b6bebd8341f4e40412279610e92223f862e7a,8026,sentence1,19,search,3
d04824979e4d2e2c0ad3633ad03034e00b229f4687fcba1706e18e1aaaebd6f8,was it as gruelling for them as i 'm imagining ?,d04824979e4d2e2c0ad3633ad03034e00b229f4687fcba1706e18e1aaaebd6f8,9185,sentence1,20,search,5
d04c63c76e3ab5f33687f77497053bac5b1bbb8159ca30a1916eef9213cc503d,A woman is slicing garlic,d04c63c76e3ab5f33687f77497053bac5b1bbb8159ca30a1916eef9213cc503d,4061,sentence2,8,search,1
d05317dc3bc1d769810e88879ada571b74fe5a3c3eb0c1b170e4300c8f955eaa,chinese stocks close lower thursday,d05317dc3bc1d769810e88879ada571b74fe5a3c3eb0c1b170e4300c8f955eaa,37681,sentence1,11,search,3
d055a1454155074ac148a950445ca7e13f976383107bf8f8a14c840820faf583,A person who plays soccer is kicking a ball into the goal,d055a1454155074ac148a950445ca7e13f976383107bf8f8a14c840820faf583,7189,sentence2,14,search,6
d05b25fb2965f8cbfe8a43cd6a216c8f9b185aca9b35532aa61f50a3db79b893,Some water is being casually drunk by a cat,d05b25fb2965f8cbfe8a43cd6a216c8f9b185aca9b35532aa61f50a3db79b893,80,sentence2,11,search,7
d05f0878ebb2294a3c60937c3026e73a9d55ff16f3fb4ab09c159362a4b36d83,The man is speaking on the phone,d05f0878ebb2294a3c60937c3026e73a9d55ff16f3fb4ab09c159362a4b36d83,35650,sentence1,7,search,6
d06d0bd298367a92d0ceae61123aa8bc4caf44a8ff983fbbea0de7d1bc3af484,the statement did not specify the quantity of warheads the missile is capable of carrying .,d06d0bd298367a92d0ceae61123aa8bc4caf44a8ff983fbbea0de7d1bc3af484,20133,sentence1,19,search,0
d081cd7be5e5068f93860d8df48f22fc011705704beaa8f7fc0a9012ef459131,a man and a woman are riding on a bicycle .,d081cd7be5e5068f93860d8df48f22fc011705704beaa8f7fc0a9012ef459131,10026,sentence2,15,search,4
d09edf38f7ed8787b39d95017b666d68a72dae2ce2fa6535924ea3eed2b42b9d,magnitude-6.0 quake jolts santa cruz islands : cenc,d09edf38f7ed8787b39d95017b666d68a72dae2ce2fa6535924ea3eed2b42b9d,11226,sentence2,23,search,3
d0a3b3d5e8974ad68db0db5da1d32c7eb4d7b2bd94ab0e14e2577a9a7143bcb8,A very retro living room with a television in it.,d0a3b3d5e8974ad68db0db5da1d32c7eb4d7b2bd94ab0e14e2577a9a7143bcb8,37707,sentence1,12,search,4
d0c4f8a78fdc40ca2940ccd4f6d1316c97ef1120f881f45211b28461d21dd66d,The man is not slicing potatoes,d0c4f8a78fdc40ca2940ccd4f6d1316c97ef1120f881f45211b28461d21dd66d,11350,sentence1,9,search,6
d0e1d090f0f796b3f2b2f33eeea7abcec7b71dffe195bef2ce18d7d952c464d6,south africa mine clash kills at least 30,d0e1d090f0f796b3f2b2f33eeea7abcec7b71dffe195bef2ce18d7d952c464d6,26450,sentence1,9,search,3
d0e201de3520e01e1dff89e524eeebd48ec1422a2dbd497a397bbd0df0633883,senate confirms yellen as fed head,d0e201de3520e01e1dff89e524eeebd48ec1422a2dbd497a397bbd0df0633883,2211,sentence1,12,search,2
d0edc0c6afa71768c5af51143c229f5d878397d4a24cddea449e7bddf210960b,A person is playing basketball on a team.,d0edc0c6afa71768c5af51143c229f5d878397d4a24cddea449e7bddf210960b,19659,sentence2,10,search,6
d0f70f1dad77308fb15114a2b6a2db4fca78d8d26d68e6c1121d024068962c8b,"As p16INK4a blocks the inactivation of pRb by cyclin-dependent kinases, and Arf blocks the inactivation of p53 by Mdm2-mediated proteolysis, both have the capacity to cause cell cycle arrest.",d0f70f1dad77308fb15114a2b6a2db4fca78d8d26d68e6c1121d024068962c8b,128,sentence1,61,search,5
d0fdf46bc821d699ff22d4be035bf85f05c2c20bad3e4f701fad85d339083699,a young man is dancing .,d0fdf46bc821d699ff22d4be035bf85f05c2c20bad3e4f701fad85d339083699,1850,sentence2,8,search,6
d1046eab9dc225f9db0191fdd10eab6ac329da1e60365ce9c64b3726df616aba,pope francis slips out of vatican for prayers,d1046eab9dc225f9db0191fdd10eab6ac329da1e60365ce9c64b3726df616aba,6252,sentence1,14,search,3
d135d2e81b6c7651f4fac1c53db13940a7814283ef5293f812506f12154e78c2,a close up of a horse wearing a blue halter .,d135d2e81b6c7651f4fac1c53db13940a7814283ef5293f812506f12154e78c2,491,sentence1,16,search,7
d13668b98251aedd9d8308bd4cc2ed22d586a1a05e88675a621160223a584458,the woman is going to a wedding.,d13668b98251aedd9d8308bd4cc2ed22d586a1a05e88675a621160223a584458,18012,sentence2,9,search,1
d16038f4bbe2dd71a0cad0b2da432c9afda00e650926e417d2d7579c122ae07a,three dogs in the snow by a fence .,d16038f4bbe2dd71a0cad0b2da432c9afda00e650926e417d2d7579c122ae07a,21373,sentence1,11,search,7
d163882e9234cd6da1350292e169e6ad88305707890cd1f52a22db57d051a589,The smiling boy in winter clothes is waving his mittened hands outside the building in the snow,d163882e9234cd6da1350292e169e6ad88305707890cd1f52a22db57d051a589,20595,sentence1,20,search,4
d180aa6800a5372e60d8137eb59fea6e6047d309a1d8f1c07c51a187add16cca,"in this frame a speaker asks an addressee for something , or to carry out some action .",d180aa6800a5372e60d8137eb59fea6e6047d309a1d8f1c07c51a187add16cca,23264,sentence1,24,search,5
d1812ce8319796e89301b340b22f03daaa3db708c8de2e495453cb5497682b1d,A man is rowing a boat,d1812ce8319796e89301b340b22f03daaa3db708c8de2e495453cb5497682b1d,7114,sentence2,8,search,6
d1836bf875d4f7090566b28a4ff6cfe58870df68d851e87ff02c3292f2f9e2e7,a state of extreme poverty .,d1836bf875d4f7090566b28a4ff6cfe58870df68d851e87ff02c3292f2f9e2e7,29278,sentence1,8,search,3
d183c9df68c3e2e1da6e442c5eef796369f98b22f1af639b7be9eef8f13cd64b,the most obvious is the oldest long distance walk in scotland : the west highland way .,d183c9df68c3e2e1da6e442c5eef796369f98b22f1af639b7be9eef8f13cd64b,14408,sentence2,25,search,5
d195a17c55b051e10ee0086a53ff3d0f86c57aab2315507494e583f44d7988c7,elementary commodity-capital value-form .,d195a17c55b051e10ee0086a53ff3d0f86c57aab2315507494e583f44d7988c7,25630,sentence2,10,search,5
d1ef6da833cc5fdc814f0a73778c5ef9549aad24174b6d4861041e9bc01d2a89,front and left side of a red double decker bus .,d1ef6da833cc5fdc814f0a73778c5ef9549aad24174b6d4861041e9bc01d2a89,34178,sentence2,14,search,4
d1fbe37ccc3024a620b2e16e97ac00493f6fc87460b87c9fcc409c5dcff24654,inheritance is one of the basic concepts of object oriented programming .,d1fbe37ccc3024a620b2e16e97ac00493f6fc87460b87c9fcc409c5dcff24654,36578,sentence2,14,search,5
d20581cb47f923e61d774864ad7f8cae6c52869dd8e1b4ac4a653ffa461f3e36,the global community must cooperate to end illicit trade of small arms and light weapons .,d20581cb47f923e61d774864ad7f8cae6c52869dd8e1b4ac4a653ffa461f3e36,15382,sentence2,17,search,2
d2375d1f403dcd850a41117f4a050c957c85cbf989868ec1f22b228b440c4e2e,The boy is standing next to the opening of a fountain,d2375d1f403dcd850a41117f4a050c957c85cbf989868ec1f22b228b440c4e2e,5003,sentence1,12,search,4
d2513fd0b2fdc72fc3ac73e607f32ad7bc52ebcccab61ffd27deed45fc836d80,and they would try and put people together with volunteer opportunities .,d2513fd0b2fdc72fc3ac73e607f32ad7bc52ebcccab61ffd27deed45fc836d80,11216,sentence2,13,search,5
d25722f60dda311c35d72d1ade33bb0b6fc939205b8d2e097fe170672c006ad6,A group of people are sitting at a beach watching the Blue Angels.,d25722f60dda311c35d72d1ade33bb0b6fc939205b8d2e097fe170672c006ad6,18452,sentence1,16,search,4
d2a33d2f22bf6040774c2acf358b0eae0b5970bfd18e3481af72bfd5de97fb20,A boy in blue is running towards a woman in blue,d2a33d2f22bf6040774c2acf358b0eae0b5970bfd18e3481af72bfd5de97fb20,22515,sentence2,12,search,4
d2d9a3a0aab69cdac4856999efe351f18f31c1ff71312ae2a3c4698ba1c445be,"two young boys , one white and one black , are standing with their arms around each other .",d2d9a3a0aab69cdac4856999efe351f18f31c1ff71312ae2a3c4698ba1c445be,20332,sentence2,22,search,4
d2f22c4cdd9be719f8b3463d80029ba2cad2135d3dfe633f1e77de76a62ff85a,A person is throwing a cat at the ceiling,d2f22c4cdd9be719f8b3463d80029ba2cad2135d3dfe633f1e77de76a62ff85a,9590,sentence1,10,search,6
d30819579050a08a12ff7f2310a522db0c96811880063ea5afe312f8da352940,"Notably, c-Raf has recently been found essential for development of K-Ras-driven NSCLCs.",d30819579050a08a12ff7f2310a522db0c96811880063ea5afe312f8da352940,3475,sentence2,29,search,2
d321168c5934a45711249e16aeaaf6b06b06a785ee57c9f7df141b3547994671,"what does the term "" out of the furnace "" refer to ?",d321168c5934a45711249e16aeaaf6b06b06a785ee57c9f7df141b3547994671,34499,sentence1,14,search,5
d331c4e7257e796b2be0d4232a14c9beef6bdb718317ce71dcd09c68506bd5c3,pro-russia rebels downed malaysian plane : ukraine,d331c4e7257e796b2be0d4232a14c9beef6bdb718317ce71dcd09c68506bd5c3,25028,sentence1,18,search,3
d333538dc9ccb32adcc3a20633cc558942601358cf9aa3abbe7b60a8db3ef0f1,china has always opposed the proliferation of weapons of mass destruction .,d333538dc9ccb32adcc3a20633cc558942601358cf9aa3abbe7b60a8db3ef0f1,25039,sentence2,13,search,0
d3654e388c8363b225fad1a3de060cb954463cd17677b8bc94d38d9b7a4f325e,Three Asian kids are dancing and a man is looking,d3654e388c8363b225fad1a3de060cb954463cd17677b8bc94d38d9b7a4f325e,14072,sentence1,11,search,4
d37ae24d15e070062b757125e879f604d06202f713604628e42ccea881b48ecf,a man is doing trick with play cards .,d37ae24d15e070062b757125e879f604d06202f713604628e42ccea881b48ecf,33186,sentence2,11,search,6
d38cb92cc56f0fa0f016ac15e1cd9b088e738eb36b9b7d879be6bef061c72f8e,There is no woman snowboarding down an incline and there is no other woman standing behind her,d38cb92cc56f0fa0f016ac15e1cd9b088e738eb36b9b7d879be6bef061c72f8e,18021,sentence1,20,search,0
d3931d9f2f922a596cb6c0b81d8aca92a8a4f09e78c10dbc584de3e9d9b6fd83,Obama lashes North Korea as weak ‚Äėpariah state‚Äô,d3931d9f2f922a596cb6c0b81d8aca92a8a4f09e78c10dbc584de3e9d9b6fd83,25092,sentence1,15,search,3
d41e617f0d3689d80e82afd143268bc9764d0acd049361bcd2fdb3b16a98e14b,the length of time of a temporary cessation,d41e617f0d3689d80e82afd143268bc9764d0acd049361bcd2fdb3b16a98e14b,1503,sentence2,11,search,5
d456e072d1ea629ff24e6734ec8a412077c3480c10b77a8f7a4cbc2355d9e028,Four people are walking on the beach,d456e072d1ea629ff24e6734ec8a412077c3480c10b77a8f7a4cbc2355d9e028,16362,sentence2,7,search,4
d473aa95cd544fe11c8db089314400c41d8e760b816b8c5dd26fe61427164476,"fifty-seven senators , including 24 republicans , have signed the letter .",d473aa95cd544fe11c8db089314400c41d8e760b816b8c5dd26fe61427164476,1412,sentence1,20,search,2
d4942065b502f13a32f54b4b21909fe10a588b4d7a418b1828d8d2ad572a49b6,Two women with black hair are standing in front of a plywood wall,d4942065b502f13a32f54b4b21909fe10a588b4d7a418b1828d8d2ad572a49b6,15397,sentence2,14,search,4
d49c5d1e54cd7b8b6cc11fcac578a1c17141609e7337c02437101c8cfbc32e49,malaysia 's long-ruling coalition hangs on to power,d49c5d1e54cd7b8b6cc11fcac578a1c17141609e7337c02437101c8cfbc32e49,3366,sentence1,17,search,2
d4aa7a94022184a3fa541d0dc2c84c2e3ad62411c16851f06ba5e1287c5801a4,the positive battery terminal is separated by a gap from terminal 4,d4aa7a94022184a3fa541d0dc2c84c2e3ad62411c16851f06ba5e1287c5801a4,31675,sentence2,13,search,5
d4b10ae7a540ebf6f32bafe151e361e1118ebb845fc66a9006e027b01d54b71c,second islamist hunger striker dies in a tunisian prison,d4b10ae7a540ebf6f32bafe151e361e1118ebb845fc66a9006e027b01d54b71c,33534,sentence2,16,search,3
d4b40e270bf4367547a41edcfa1354074d978f70cb70aa59918ca54ae132adba,a double decker bus drives on a city street .,d4b40e270bf4367547a41edcfa1354074d978f70cb70aa59918ca54ae132adba,37582,sentence1,14,search,4
d4ba88fd05d498d21acd811d8776466e0932ea598c4e6c2b6cc9495c1b6771ff,why we can 't get enough gosling ( duh ! ),d4ba88fd05d498d21acd811d8776466e0932ea598c4e6c2b6cc9495c1b6771ff,3282,sentence2,18,search,5
d4c86f5f517ba78b8ec89e885a0890c5811879fcd760fdc944c18cb3f975e068,the health department spokesperson added the department is following centers for disease control protocol .,d4c86f5f517ba78b8ec89e885a0890c5811879fcd760fdc944c18cb3f975e068,2134,sentence1,16,search,2
d4d4b9d8c048a81d6c4dc8e5a785a22f73d5c1bd16b0011faf052220dacc5dd4,british soldier killed in southern afghanistan,d4d4b9d8c048a81d6c4dc8e5a785a22f73d5c1bd16b0011faf052220dacc5dd4,22846,sentence2,14,search,3
d5070518b9ae2fe36ccfc3f9d92fbf32bca4b84ae013c0f14b2b5c8374cd2be9,jal 's first order from airbus is blow to boeing,d5070518b9ae2fe36ccfc3f9d92fbf32bca4b84ae013c0f14b2b5c8374cd2be9,9343,sentence2,16,search,2
d5119cf8ddfdbf4929e48b3eb7b930595722a8e1506ddede706616bd2a80b875,a herd of caribou are crossing a road .,d5119cf8ddfdbf4929e48b3eb7b930595722a8e1506ddede706616bd2a80b875,25356,sentence2,15,search,7
d528756b4ade4be513cab9442986259cebba601246afb87b3314b5dedafc2cd6,"make dirty or spotty , as by exposure to air ; also used metaphorically .",d528756b4ade4be513cab9442986259cebba601246afb87b3314b5dedafc2cd6,18225,sentence1,21,search,5
d5609fb5ce4e8888701c4eda4f17082ee2eb1b7077bee60dd079a80dc4ea12d6,s. korea demands talks with n. korea on closed factory,d5609fb5ce4e8888701c4eda4f17082ee2eb1b7077bee60dd079a80dc4ea12d6,4360,sentence1,20,search,3
d578c56709b1152d8407384aa2fbb62da29db89cbc7b8660721f7474bc32751b,An onion is not being sliced,d578c56709b1152d8407384aa2fbb62da29db89cbc7b8660721f7474bc32751b,2494,sentence2,7,search,1
d586a428f73aee2c8509058f35221f2266c2fd1b7e70f27c9ba16bf1ac00dde0,state interior ministry spokesman vasant pitke told reuters that at least 42 people had been killed and 112 injured .,d586a428f73aee2c8509058f35221f2266c2fd1b7e70f27c9ba16bf1ac00dde0,26974,sentence2,30,search,3
d592c08e649ffc4e8a71f43abe17e80f6a104f840e7975faa759d3fe3edf42cf,a woman is chopping up garlic .,d592c08e649ffc4e8a71f43abe17e80f6a104f840e7975faa759d3fe3edf42cf,28333,sentence1,11,search,1
d59acda9900485c2ff9d21dbbecb4feea87dd893acdf87832e42f8942d579955,a chart or map showing the movements or progress of an object .,d59acda9900485c2ff9d21dbbecb4feea87dd893acdf87832e42f8942d579955,30394,sentence2,15,search,5
d5ae2228d030bd7da3ff031c1e841b6184351c515a11176e13fbf4856d8697bd,"egypt braces for more protests , prays for calm",d5ae2228d030bd7da3ff031c1e841b6184351c515a11176e13fbf4856d8697bd,27706,sentence2,18,search,2
d5b669b875f0885735f327321c9ce8d2402f488d45767da5ee80f811ad9b8c7d,"prospero gallinari , a terrorist , is dead at 62",d5b669b875f0885735f327321c9ce8d2402f488d45767da5ee80f811ad9b8c7d,7297,sentence1,17,search,3
d60c565a9449575f4d40e3ec82932798dbb5c66551e8f4f2f0252f07aabe0245,A dog is running on the grass and chasing a ball,d60c565a9449575f4d40e3ec82932798dbb5c66551e8f4f2f0252f07aabe0245,22652,sentence1,13,search,7
d6142a7a59f84f97e304677134bb112759243fce05332a56844daac660a34643,People are clustered around a bonfire at morning,d6142a7a59f84f97e304677134bb112759243fce05332a56844daac660a34643,8438,sentence2,12,search,4
d619ea38683425abafe485c382f0121c6399996325edb8f7e44c3fe8ad7f6a24,the rear view of a red chevrolet concept car .,d619ea38683425abafe485c382f0121c6399996325edb8f7e44c3fe8ad7f6a24,17651,sentence1,16,search,4
d6299fb0d7640063bd972cce3a2b3ca0d0a04dcd9bab99e742aa861fab70483e,algeria hostage death toll rises,d6299fb0d7640063bd972cce3a2b3ca0d0a04dcd9bab99e742aa861fab70483e,16230,sentence2,10,search,3
d62eaaf6972646a15a144549b9ff285f1cc27f5ea6991330069e42cbc8593e50,"the indian government has prohibited direct or indirect export and import of all items , materials , goods and technology that could contribute to iran 's enrichment-related , reprocessing or heavy water-related activities .",d62eaaf6972646a15a144549b9ff285f1cc27f5ea6991330069e42cbc8593e50,37534,sentence1,51,search,2
d6433f2d35ac2bae043491f48a984ace74aff32e80afd38512842a964e779cc8,A boy is fearfully walking across a bridge,d6433f2d35ac2bae043491f48a984ace74aff32e80afd38512842a964e779cc8,8375,sentence2,10,search,4
d68506454b86978c1ec018ff8c6462ba3688621c712a7ff8b59c3da2d27b0dcd,gang violence kills 16 in venezuelan prison,d68506454b86978c1ec018ff8c6462ba3688621c712a7ff8b59c3da2d27b0dcd,12182,sentence1,13,search,3
d686b69e56703e99f9fbeb3fd73c8a19996f09241d9565088e7ab5383371f482,There is no girl jumping into the car,d686b69e56703e99f9fbeb3fd73c8a19996f09241d9565088e7ab5383371f482,24257,sentence1,8,search,0
d68b24e5f4f36dd80f9fdafd6ba770a718091bd1e0bfd151b09b98d28a0c4391,the new zealand commerce commission had given westpac no indication whether it would have approved its deal .,d68b24e5f4f36dd80f9fdafd6ba770a718091bd1e0bfd151b09b98d28a0c4391,14362,sentence1,23,search,0
d695a4db096eb3e1b30f0952b9c0fb358935a520df59bd218937fa65fb2faf29,Three young women standing in a room together.,d695a4db096eb3e1b30f0952b9c0fb358935a520df59bd218937fa65fb2faf29,13120,sentence2,10,search,4
d6b237655b79c6694fe09701808f65a04e2f3cffa1264b7259a94a7d80967ef1,7 states sue over obama administration 's birth control rule,d6b237655b79c6694fe09701808f65a04e2f3cffa1264b7259a94a7d80967ef1,388,sentence2,17,search,2
d6c610a57e47c3bc2b7d401319a1c5741af658c905da46feb627ca67c1c6b674,A white woman is standing on a woman dressed in blue on a stage,d6c610a57e47c3bc2b7d401319a1c5741af658c905da46feb627ca67c1c6b674,16226,sentence2,16,search,1
d6d5dfb5d338d0d63d782b66ca75f783989c795e210614a43ff4b03f9a5cc3d6,gunmen kill nine foreigners in pakistan,d6d5dfb5d338d0d63d782b66ca75f783989c795e210614a43ff4b03f9a5cc3d6,15276,sentence1,11,search,3
d7105241150afef3eab75f1219fca90fecd42847b2be73a189ff32dc62bfc6f6,The black dog is not walking along a tree trunk bridge over water,d7105241150afef3eab75f1219fca90fecd42847b2be73a189ff32dc62bfc6f6,5466,sentence1,14,search,0
d717d2799297afe8b9ff0b165f089e4586838b4eb5a464d5dce835a391aea6f0,algerian president in france for medical tests after minor stroke,d717d2799297afe8b9ff0b165f089e4586838b4eb5a464d5dce835a391aea6f0,16325,sentence2,13,search,2
d71f681eef3e864c654d78deda77157495382d25815bf1fb8e388c0ef2b31805,The boy isn't playing in the mud,d71f681eef3e864c654d78deda77157495382d25815bf1fb8e388c0ef2b31805,13033,sentence1,11,search,4
d72f918b077a36cbbc823a6164b1ab43069d40776df2a574d8aef9b2d291ffb9,""" [ o ] ne thing that i do know is his having grown up in kenya , his view of the brits , for example , very different than the average american , "" huckabee told host steve malzberg , the washington post reported .",d72f918b077a36cbbc823a6164b1ab43069d40776df2a574d8aef9b2d291ffb9,1169,sentence1,73,search,2
d736a02cce8faf357622ab13d33a9658cd65a9acb857b2074055fd6f95984a39,"this is an implicit but clear repudiation of mubarak , only head of state for 24 years .",d736a02cce8faf357622ab13d33a9658cd65a9acb857b2074055fd6f95984a39,5459,sentence2,24,search,0
d75d28520a1ff601bbbdba8b9e20d5348728c11ab0c8fab12d3a121e6bfbe377,"the pour : in describing wines , 5 words not to fear",d75d28520a1ff601bbbdba8b9e20d5348728c11ab0c8fab12d3a121e6bfbe377,12454,sentence1,15,search,5
d761d4900361e63de09289d68eca41acc26d4f3359b8295ab6e5bc10a35fcc5f,a man is tying on a stenographers machine .,d761d4900361e63de09289d68eca41acc26d4f3359b8295ab6e5bc10a35fcc5f,2945,sentence2,17,search,6
d7b6316d6aeddde3db3e7d93100b9f191669a9b9e635337a71a33536bdbfa104,if reid and pelosi had actually investigated gwb as you claim and i wished then he and many of his administration and other war criminals would now be in prison .,d7b6316d6aeddde3db3e7d93100b9f191669a9b9e635337a71a33536bdbfa104,12100,sentence2,45,search,3
d7f1beec933e2dab7b0d42aefae865da5d9a34111b5c03eb47cc25c173a5659d,"for example , a program could exist to model different forms of transport .",d7f1beec933e2dab7b0d42aefae865da5d9a34111b5c03eb47cc25c173a5659d,5062,sentence2,17,search,5
d81afaf218e227e85e2cf5a0b215796624bd5bec3d3de47e4fd1245ca09303d4,Two women walk down the sidewalk in the afternoon.,d81afaf218e227e85e2cf5a0b215796624bd5bec3d3de47e4fd1245ca09303d4,8190,sentence2,10,search,4
d82dfc5c114e5f012e66620f5903d102bc27972074cb91487dcca5975b2e559b,a blonde haired toddler swinging on a tire swing .,d82dfc5c114e5f012e66620f5903d102bc27972074cb91487dcca5975b2e559b,20401,sentence2,16,search,4
d84a27f2e6cd1e924d9299a50e036303f27bfc731a5f11d00fba8d120b15c2ee,ban ki-moon to review syria chemical arms accord,d84a27f2e6cd1e924d9299a50e036303f27bfc731a5f11d00fba8d120b15c2ee,10412,sentence1,18,search,2
d84c3491b55ad66f0f857b424a7e6b0fdc0765aa853a0fe91135fe5f0aafd487,also it is useful to keep the consistency in your story .,d84c3491b55ad66f0f857b424a7e6b0fdc0765aa853a0fe91135fe5f0aafd487,28171,sentence2,13,search,5
d85372b068f95c56a2261dc0f0df69d0cc1d052eb53cdeacc5d1d9a07ef5b932,a squirrel runs around in circles .,d85372b068f95c56a2261dc0f0df69d0cc1d052eb53cdeacc5d1d9a07ef5b932,15992,sentence2,9,search,7
d8605e8b96ffe219671332e8c02305f39e2cc60a030f0ef500766f42a51e9db9,that doesn 't make any sense .,d8605e8b96ffe219671332e8c02305f39e2cc60a030f0ef500766f42a51e9db9,444,sentence2,10,search,5
d87dd58297534c5c269f13e610d2e598186c72f303bae49d08c93bff0fc3d753,Shares of Mandalay closed down 8 cents at $29.42 Thursday.,d87dd58297534c5c269f13e610d2e598186c72f303bae49d08c93bff0fc3d753,32038,sentence2,16,search,3
d8c0ae88340d5aad3eb785cc326277aa2a3f39778f131cd41a496173550da015,swiss cast ballots on world 's highest minimum wage,d8c0ae88340d5aad3eb785cc326277aa2a3f39778f131cd41a496173550da015,480,sentence1,16,search,2
d8c80cfde832686aafc6b302d96a0dc60e673471a25f8a0e5f7561beaf280111,Children in swimming suits are playing in the pool,d8c80cfde832686aafc6b302d96a0dc60e673471a25f8a0e5f7561beaf280111,7000,sentence2,9,search,4
d9095d2def38f5642882abe7e7d7a09d05407cf0632b8775b12ee7e38a0820a1,One boy in orange shorts is standing on a rock cliff over the water and the other boy in black shorts is jumping of it into the water,d9095d2def38f5642882abe7e7d7a09d05407cf0632b8775b12ee7e38a0820a1,12335,sentence2,32,search,4
d918248ab9df22de0a029e5588ce4cbeaf9614d21a0fda40356063731771472d,a cat on its back looking at the camera .,d918248ab9df22de0a029e5588ce4cbeaf9614d21a0fda40356063731771472d,8254,sentence2,12,search,7
d91aa0199eb9f485c594310aa47c77b9eb9a75f1d6ebb8e5f3f4b36ef3f29987,turkey 's pm warns against protests,d91aa0199eb9f485c594310aa47c77b9eb9a75f1d6ebb8e5f3f4b36ef3f29987,27048,sentence1,10,search,2
d95ea4f5f7a30b89b28fa8388ed0eb3cd9eee50a0d159866c6121c556bcdfb7a,a rank or position relative to others,d95ea4f5f7a30b89b28fa8388ed0eb3cd9eee50a0d159866c6121c556bcdfb7a,5365,sentence1,8,search,5
d9addcae21c1c3984b3fa78ced4ffc4844ba4747d94d438aee4bcdfa6d7577d9,five killed in belgian coach crash,d9addcae21c1c3984b3fa78ced4ffc4844ba4747d94d438aee4bcdfa6d7577d9,22438,sentence1,8,search,3
d9b97a4751f7d8b33d24dd73ab70266e15cef54ef617dbac7a81735ccb227421,The 3′UTRs of p27 and connexin-43 were PCR amplified from genomic DNA and cloned into pGL3 (Promega) downstream of the luciferase gene; constructs bearing the LATS2 3′UTR were described.,d9b97a4751f7d8b33d24dd73ab70266e15cef54ef617dbac7a81735ccb227421,7274,sentence1,67,search,2
d9ec7f5486d75ce78932042943804f629e2b6b7717543be59aba5afa00264039,"The developers, The Related Cos. and Apollo Real Estate Advisors, hope sales top $1 billion.",d9ec7f5486d75ce78932042943804f629e2b6b7717543be59aba5afa00264039,250,sentence1,21,search,2
d9ee16c84c88db28cd80188a91c52f4fa5d59c3bcfa33c2942afb010f63dcbff,what do i do if a professor at a foreign university doesn 't respond to my emails ?,d9ee16c84c88db28cd80188a91c52f4fa5d59c3bcfa33c2942afb010f63dcbff,31582,sentence1,25,search,5
da13fab68c69b3e7ae4c97c067f9e44998e5776adb2d0e0c0ebaa643a56a12bb,there is not a complete path involving both battery terminals,da13fab68c69b3e7ae4c97c067f9e44998e5776adb2d0e0c0ebaa643a56a12bb,21061,sentence2,13,search,0
da190151592fa995e045267605af256ef188d43cba4940e83749a642299e3cf2,"israel airstrikes kill hamas commander , 5 others",da190151592fa995e045267605af256ef188d43cba4940e83749a642299e3cf2,8136,sentence1,16,search,3
da4a3f795b0871414524c6e4ae7232e1ffc2491a463326722fd67a2ddbdea777,there are three main factors that drive the low shadow economy in the us .,da4a3f795b0871414524c6e4ae7232e1ffc2491a463326722fd67a2ddbdea777,15388,sentence2,16,search,2
da4b230066570be3e3db6b32d5096dc9724b16c1d481c0a8a51b171f56048166,there are no post-emergents that specifically kill crabgrass without killing lawn grass .,da4b230066570be3e3db6b32d5096dc9724b16c1d481c0a8a51b171f56048166,10219,sentence2,20,search,0
da69afec2d78bf7300ac956584cdef5771af9be73afebc8e220c4c84b61ecaec,6 killed in philippines restaurant blast,da69afec2d78bf7300ac956584cdef5771af9be73afebc8e220c4c84b61ecaec,1433,sentence1,10,search,3
da756cf5e5db4352d53794ca7094c143d03c9d55a94ac2a6172c44c5898a4c89,A horse is being ridden by a person,da756cf5e5db4352d53794ca7094c143d03c9d55a94ac2a6172c44c5898a4c89,26947,sentence2,10,search,6
dab2452603db79a1075c8c8db4d839f6049165df5cf18d5cd55267a8248dc250,"fishermen are inactive , tired and disappointed .",dab2452603db79a1075c8c8db4d839f6049165df5cf18d5cd55267a8248dc250,30462,sentence1,11,search,3
db278ac25572e489388b9ba7f62844751b73456f56a093c4e6d403e1fa0f4ead,"u ds boi ehn "" : piers slams guest over ar-15s """,db278ac25572e489388b9ba7f62844751b73456f56a093c4e6d403e1fa0f4ead,8493,sentence1,28,search,2
db28bf4a23b448c878ec5760dadeb615f18c4065ca6bb302415c50f708de42e2,Two children are not playing in the surf,db28bf4a23b448c878ec5760dadeb615f18c4065ca6bb302415c50f708de42e2,19610,sentence2,8,search,4
db4ce27027e740537a888175d3cba0594c9a5962023333540a24adff4ccc36bf,terminal is connected to the battery,db4ce27027e740537a888175d3cba0594c9a5962023333540a24adff4ccc36bf,3375,sentence2,6,search,4
db4de2cdfb8aa86e603020410e42ece7be6ef40b1d0f6ab9b87e19b7d9638803,factories that ran on korean cooperation go silent,db4de2cdfb8aa86e603020410e42ece7be6ef40b1d0f6ab9b87e19b7d9638803,33094,sentence2,11,search,0
db63ecdc76fbaf97a9c9111282895d1e10d7c18e11a54c43a85b167bb2649288,suarez set for cup comeback,db63ecdc76fbaf97a9c9111282895d1e10d7c18e11a54c43a85b167bb2649288,17085,sentence2,8,search,2
db7032a8fad94221a04aee456a4a30320fa3f43bd549870e09474a88b1af702c,"you will achieve nothing , because in sleeping , it is not aware to hold his thinking .",db7032a8fad94221a04aee456a4a30320fa3f43bd549870e09474a88b1af702c,421,sentence2,21,search,0
db86e08ccf915e44177666de5c3dc3f60c062d0bab6c75a70c1ffdec485046bb,little black and white calf with a tag on its ear .,db86e08ccf915e44177666de5c3dc3f60c062d0bab6c75a70c1ffdec485046bb,25848,sentence1,17,search,7
db9436e23f4c4c69fc17aeb4cbc05215bc9b0dd98de272350424b9a2bd62098b,bloomberg gives $ 1.1b to university,db9436e23f4c4c69fc17aeb4cbc05215bc9b0dd98de272350424b9a2bd62098b,8140,sentence1,9,search,2
dba6641d230ba0fc683990abfe78e21ff51b62d1e349d56cec756d6ce5e96513,afghan legislators approve new election law,dba6641d230ba0fc683990abfe78e21ff51b62d1e349d56cec756d6ce5e96513,24052,sentence2,10,search,2
dba6d074b52d3f18e12a94ef704eb9ee9b4a980efd0d8ac5f7ef6aca2e73e3b9,A man is playing a piano,dba6d074b52d3f18e12a94ef704eb9ee9b4a980efd0d8ac5f7ef6aca2e73e3b9,19191,sentence2,7,search,6
dbae7a3b2e493d7f4021baa557046908dbf2acde576258318844e62d82aa121f,a hp / detijd journalist learned about tno 's chemical weapons experiments from the defense ministry 's archives .,dbae7a3b2e493d7f4021baa557046908dbf2acde576258318844e62d82aa121f,12263,sentence1,35,search,2
dbb4264b63c8954ffe2c21e60c3ec7644cb35b639682a4031b5f4a9b618b1cea,a pitched tent with a horse in the background .,dbb4264b63c8954ffe2c21e60c3ec7644cb35b639682a4031b5f4a9b618b1cea,15583,sentence1,13,search,7
dbbed0d30f3cf4eb619a3357ba4dc6f469c436ee8e84f47881515c8557b063e7,the politicization of securities markets,dbbed0d30f3cf4eb619a3357ba4dc6f469c436ee8e84f47881515c8557b063e7,13382,sentence1,7,search,2
dbc5d29a6c2e846e811d42747bcd88b4307b9be2f5a2a7a5a41cf7dc938debb7,"Two young boys, one white and one black, are standing with their arms around each other.",dbc5d29a6c2e846e811d42747bcd88b4307b9be2f5a2a7a5a41cf7dc938debb7,2111,sentence1,19,search,4
dbd294304d885806ffac9d8be73050223cce836dcff49f969079c9cb6e46d7f2,is it appropriate to ask a professor via e-mail for a letter of recommendation ?,dbd294304d885806ffac9d8be73050223cce836dcff49f969079c9cb6e46d7f2,12444,sentence1,21,search,5
dbdbc6c94372f584afae490e1eb651f0ede1e502bb4a13c2519b3091432bea52,The men are trying to make some money.,dbdbc6c94372f584afae490e1eb651f0ede1e502bb4a13c2519b3091432bea52,25472,sentence2,9,search,6
dbde5e2da4ab5eacd38a8686a0533ce39d49a0e01856392a93d5c84a7ec9e3ad,do i need to replace this water pressure valve ?,dbde5e2da4ab5eacd38a8686a0533ce39d49a0e01856392a93d5c84a7ec9e3ad,20226,sentence1,12,search,5
dc3ae10324fb385407df146767774a7543ef0fcad13bb73c5ac93114abc0ac29,what is the difference between a rollover ira and a roth ira ?,dc3ae10324fb385407df146767774a7543ef0fcad13bb73c5ac93114abc0ac29,1126,sentence1,25,search,5
dc55c37edff75017134d7ffede1a007eda5fcf7a7c09166ab2cfd6cff41bedd7,how america 's top general came to endorse women in combat,dc55c37edff75017134d7ffede1a007eda5fcf7a7c09166ab2cfd6cff41bedd7,31047,sentence1,14,search,2
dc687ad7de570e49ba8eb1e6bbd8b3f5529df3fa86e403f68b2208f5f798fe57,a coefficient assigned to elements in a frequency distribution in order to indicate the relative importance of each element,dc687ad7de570e49ba8eb1e6bbd8b3f5529df3fa86e403f68b2208f5f798fe57,21012,sentence2,21,search,5
dc84759ec40fffd81a9b3f0a95966eccb062f427e84f8ce2e18eb7ce12eb6d26,a close-up of an animal with a long face standing on grass near a tree .,dc84759ec40fffd81a9b3f0a95966eccb062f427e84f8ce2e18eb7ce12eb6d26,24629,sentence2,22,search,7
dc89789d7177dc0d026d43dfc83aebc32c91511541d37a86d3a8f3e2fb5cac86,there is not a terminal connected to the positive path of the battery,dc89789d7177dc0d026d43dfc83aebc32c91511541d37a86d3a8f3e2fb5cac86,11278,sentence1,14,search,0
dcadcb8981fd1ab1b000599ca450fb2c10d4d780fc978d6f69c56ea2605920c7,a man and two women smiling at the camera while sitting on a blue sofa .,dcadcb8981fd1ab1b000599ca450fb2c10d4d780fc978d6f69c56ea2605920c7,15209,sentence1,19,search,4
dcae195e8df63ed6b859c4666aa55f8c4f8ccf59c01c1c299cad3e78b8d47826,"a dining table with candles , wine , and a teapot .",dcae195e8df63ed6b859c4666aa55f8c4f8ccf59c01c1c299cad3e78b8d47826,14266,sentence2,18,search,5
dcb2ea415bea7badae84a35d1c45c3412cb6f286627a296448f7963b602f646b,"generally , almost wherever i go , i find it 's easiest to get money out of the atm .",dcb2ea415bea7badae84a35d1c45c3412cb6f286627a296448f7963b602f646b,28233,sentence2,28,search,5
dceef93cb245886663172db6d65563845f2e2783347f32b97198caba6c52e4d6,armstrong standing down from livestrong,dceef93cb245886663172db6d65563845f2e2783347f32b97198caba6c52e4d6,18313,sentence1,7,search,3
dd2ded419e78a6065fef0dbe19383af3eda79542a35e8979f95cb5e3a120c786,"the note 's must-reads for wednesday , may 30 , 2012",dd2ded419e78a6065fef0dbe19383af3eda79542a35e8979f95cb5e3a120c786,28231,sentence2,21,search,2
dd57b18d28104900cbd6f57174f1638f1722bfb6195f614473bfce734ff762ae,throw with force or recklessness .,dd57b18d28104900cbd6f57174f1638f1722bfb6195f614473bfce734ff762ae,6525,sentence2,8,search,5
dd67a0e34ddb7cce69197701e814f6584528d900b1e8e62d6cb318a7c61d2262,"in morning trading , the dow jones industrial average was down 8.76 , or 0.1 percent , at 9,310.20 , having gained 201 points monday .",dd67a0e34ddb7cce69197701e814f6584528d900b1e8e62d6cb318a7c61d2262,34320,sentence2,41,search,2
dd99b37263d8db50bb2ebe5cf4847252942fce969a50b14ebc25a0970b49c283,"also , assuming the whole thing is a sham ..",dd99b37263d8db50bb2ebe5cf4847252942fce969a50b14ebc25a0970b49c283,712,sentence2,17,search,5
ddb46ac0719d9f0bcd2d98c2c1d1b1036a73bc9f57289f4edd6d23a0e6d5fe2b,"A dog, which is black, is running in the grass",ddb46ac0719d9f0bcd2d98c2c1d1b1036a73bc9f57289f4edd6d23a0e6d5fe2b,4615,sentence1,12,search,7
ddf4a57d57a76181ae24ef35c896f16f8a135af4ad1281031f762156fe9ce148,romney shifts focus to santorum ahead caucuses,ddf4a57d57a76181ae24ef35c896f16f8a135af4ad1281031f762156fe9ce148,35310,sentence1,17,search,2
de10ed58d16a8477b14784ed979a20ba0df467e290ef69817a3242aa303f361a,There is no young boy jumping in the air with his knees bent and arms spread,de10ed58d16a8477b14784ed979a20ba0df467e290ef69817a3242aa303f361a,26170,sentence2,17,search,0
de164e13ea102f97f24d49801d8c4503461e3c13be27b2e56bb60ade24ff4a04,A person is crouching and holding a camera,de164e13ea102f97f24d49801d8c4503461e3c13be27b2e56bb60ade24ff4a04,8506,sentence2,12,search,6
de2a0fc5abbdfdeb52e0c25c0f069d81acc15d474a60b79c4b3e3c48e3e737c3,Some old women are talking,de2a0fc5abbdfdeb52e0c25c0f069d81acc15d474a60b79c4b3e3c48e3e737c3,28045,sentence2,5,search,1
de2e4815e7132d93107c6cc615ec570de2f5ae412e4eb523e138199a99cb08e9,An onion is being cut by a woman,de2e4815e7132d93107c6cc615ec570de2f5ae412e4eb523e138199a99cb08e9,7425,sentence1,9,search,1
de559550ffe0a9ce06c1cce7795019cda3a299e521318772c66ef5a024b50440,three cows are grazing in a grassy field .,de559550ffe0a9ce06c1cce7795019cda3a299e521318772c66ef5a024b50440,6782,sentence1,15,search,7
de7103c87be9c6555c037e619423a8907ded82280dbb044f483acdd1b1131c10,"what the papers say , mar. 12 , 2013",de7103c87be9c6555c037e619423a8907ded82280dbb044f483acdd1b1131c10,2475,sentence1,12,search,2
deaad90fde9ea42102cd14ae263a46b4852f77480d3621c535e0579751acb594,"frank quattrone , the former credit suisse first boston technology investment-banking guru , reportedly pleaded not guilty tuesday to charges of obstruction of justice and witness tampering .",deaad90fde9ea42102cd14ae263a46b4852f77480d3621c535e0579751acb594,31306,sentence2,55,search,2
deadf978345a726f3b3a8167c1b924ebf16216e5564f7f2856fcd1e50dbaffe1,The man is short hair.,deadf978345a726f3b3a8167c1b924ebf16216e5564f7f2856fcd1e50dbaffe1,18439,sentence1,6,search,6
decbaf0ee980c5bb8e8f3afb5241cfbcbf52f29e27507a9caef3a652ab602777,mandela 's family thanks nation and world for support,decbaf0ee980c5bb8e8f3afb5241cfbcbf52f29e27507a9caef3a652ab602777,4406,sentence1,13,search,2
df00e0d069a1806bc910bc402252015353125b49aa655541d36c87e0ced35f3e,coronation street 's bill roache arrested,df00e0d069a1806bc910bc402252015353125b49aa655541d36c87e0ced35f3e,13489,sentence2,12,search,3
df0284cbcc6acad95aea2708ce5588ef59dc092c04a1beaa6a53079a35d85ce0,"ibm said the rational products were also integrated with rational purifyplus , which allows developers to work in java , visual c # and visualbasic .net .",df0284cbcc6acad95aea2708ce5588ef59dc092c04a1beaa6a53079a35d85ce0,20276,sentence2,41,search,2
df185c553dc18e2d92153ef2a0ccbb9497ad39a06531578aadd7761a2a2e7409,"pat or squeeze , especially under the chin .",df185c553dc18e2d92153ef2a0ccbb9497ad39a06531578aadd7761a2a2e7409,37380,sentence2,12,search,5
df575ea71f5ff5a3a941f2b4a6319be5d9e222456e646064b3ae22fbfdab285d,iran is also a signed of the npt and the iaea .,df575ea71f5ff5a3a941f2b4a6319be5d9e222456e646064b3ae22fbfdab285d,25099,sentence2,23,search,2
df80dbd61b291cb82ba4672a6276eb1eb3a4991d4886136972d89d4cbdc5fbf8,cover the front or surface of .,df80dbd61b291cb82ba4672a6276eb1eb3a4991d4886136972d89d4cbdc5fbf8,1683,sentence1,8,search,5
df84179ed6e973f22aa17b6e9572088ab1f388a45e415346703ea381301d6c30,There is no young boy playing in the park with his mother,df84179ed6e973f22aa17b6e9572088ab1f388a45e415346703ea381301d6c30,32002,sentence2,12,search,0
df89c48e4cce471b3376e52fdb0edf0ebb6c8d8924d7636dd94e4cd010827915,a man poses in front of a large fountain with a statue on top .,df89c48e4cce471b3376e52fdb0edf0ebb6c8d8924d7636dd94e4cd010827915,24397,sentence2,19,search,6
df95dfbb87570e09af3d78d5a93b46df90a0c296b42bca3365428c6629ce1a0f,Australians flee homes amid floods,df95dfbb87570e09af3d78d5a93b46df90a0c296b42bca3365428c6629ce1a0f,24031,sentence2,8,search,3
dfc7aa3aa72822b0cd968afa640a89e3b810e1e49f833a71bb15046d4b93b0ae,A man and a woman are eating,dfc7aa3aa72822b0cd968afa640a89e3b810e1e49f833a71bb15046d4b93b0ae,18378,sentence1,8,search,6
dfde5d687b96c5e7006e8f86037e7b7c0734b0efcf4cb51743fdc312e6dd1be7,The little dog is grabbing the bedroom slipper with its mouth funnily,dfde5d687b96c5e7006e8f86037e7b7c0734b0efcf4cb51743fdc312e6dd1be7,29339,sentence2,16,search,7
dfe3ba20c8633d33fd3767753aa617966f3746b1ec00d554c9595b85270e47f2,i like watching kids play .,dfe3ba20c8633d33fd3767753aa617966f3746b1ec00d554c9595b85270e47f2,29044,sentence2,8,search,4
e0371e2bda5133bddf6868c82b25ce31c7323ff7b30bad883786d8f4dfc6e599,take away a vital or essential part of something .,e0371e2bda5133bddf6868c82b25ce31c7323ff7b30bad883786d8f4dfc6e599,29463,sentence2,12,search,5
e038550cbff1cbf1bb1a9cc13096c07185a3071887409355b8bfb391f79144a7,states will be given extra time to set up health insurance exchanges,e038550cbff1cbf1bb1a9cc13096c07185a3071887409355b8bfb391f79144a7,559,sentence2,13,search,2
e04ac769bebe46280d6fc07115cbb7850571dd8428981d09d08c6ecaa91c76c6,UK urges countries over Syria aid,e04ac769bebe46280d6fc07115cbb7850571dd8428981d09d08c6ecaa91c76c6,333,sentence1,7,search,2
e051debaa903dbed229cc2075b1f2db644497a3ff19064ee91bffa2529460ba9,syrian troops kill 35 in damascus suburb,e051debaa903dbed229cc2075b1f2db644497a3ff19064ee91bffa2529460ba9,18069,sentence1,14,search,3
e08db638a9d1d6915198d2e7614b1d6704278de30d9f6018ede1cef2695629e7,a man crouching and holding a camera .,e08db638a9d1d6915198d2e7614b1d6704278de30d9f6018ede1cef2695629e7,12432,sentence1,14,search,6
e099a8d8d76d42f8bcf9adfde26f4c913a626cd61cfebad51fed33ddf2e416b0,"A leading U.K. medical journal called Friday for a complete ban on tobacco, prompting outrage from smokers' groups.",e099a8d8d76d42f8bcf9adfde26f4c913a626cd61cfebad51fed33ddf2e416b0,12405,sentence2,28,search,3
e0a993b9030e62be02b465c45b920e90261c1009cadbbab9045d425e30d5f2c2,boko haram disrupts nigerian elections,e0a993b9030e62be02b465c45b920e90261c1009cadbbab9045d425e30d5f2c2,26671,sentence2,13,search,3
e0bd6e54b0be1052df5fa4d888ff2c9785df2d324379a884c3d96d31782bf9a1,Two motorbikes racing on a dirt course.,e0bd6e54b0be1052df5fa4d888ff2c9785df2d324379a884c3d96d31782bf9a1,7615,sentence2,11,search,4
e0eb6d7d256164ae1b6803d088bec6358a4fe626a09d2f086463623360118894,provide with a soundtrack or voiceover,e0eb6d7d256164ae1b6803d088bec6358a4fe626a09d2f086463623360118894,36165,sentence2,8,search,5
e0f03613318f7f1da1139d1b497d8079db02a482fa161606dd45cfdf61a556f0,the plant will be constructed next to an existing plant also supplied by china and operational since 1999 .,e0f03613318f7f1da1139d1b497d8079db02a482fa161606dd45cfdf61a556f0,25029,sentence2,20,search,2
e11682f25c31830eba61f8fc037b025348b23db009beb3a93831af5bb1006d3a,There is no monkey riding a bike,e11682f25c31830eba61f8fc037b025348b23db009beb3a93831af5bb1006d3a,1679,sentence1,8,search,0
e138df42e9cca87f1efdea308485751c8ee06f3c8a90d8b198a415d45aabac49,subjective dvorak intensity estimates from tafb and sab increased to kt .,e138df42e9cca87f1efdea308485751c8ee06f3c8a90d8b198a415d45aabac49,33000,sentence2,25,search,5
e13a24a098397a3314041714ae12ab467fbdf1fb8b5dd493f573996b5e5db2ec,A cluster of four brown dogs are playing in a field of brown grass,e13a24a098397a3314041714ae12ab467fbdf1fb8b5dd493f573996b5e5db2ec,10256,sentence2,15,search,7
e1401de4a7a7262a1eabe58ecf866a97c6c2d7782705fe39ac35d8d8fcaab366,No onion is being cut by a man,e1401de4a7a7262a1eabe58ecf866a97c6c2d7782705fe39ac35d8d8fcaab366,12323,sentence2,9,search,0
e17420b28113e404382a3715acd9c3af4b2ca69c2ff652fb6bbad969d362c73d,extension likely for iran nuclear talks,e17420b28113e404382a3715acd9c3af4b2ca69c2ff652fb6bbad969d362c73d,14560,sentence1,8,search,2
e193caf6b699c23b8e6dd82637d482ae77148ab76f44e109af055ece1555be20,poverty stats doubt modi 's development claims,e193caf6b699c23b8e6dd82637d482ae77148ab76f44e109af055ece1555be20,13325,sentence2,11,search,0
e1a52f73509950740d75f6fa6677aa20047ffff0f6a973c58a69956021621133,There is no man cutting an onion,e1a52f73509950740d75f6fa6677aa20047ffff0f6a973c58a69956021621133,15831,sentence2,7,search,0
e1a5e17d7ef7c7d5288d8bb50430f4b76b7c50ce66b0500279c847e8d9d8e0e3,A black man is break dancing on the pavement,e1a5e17d7ef7c7d5288d8bb50430f4b76b7c50ce66b0500279c847e8d9d8e0e3,6037,sentence2,9,search,6
e1b3685dd87d758217440ed41bc73313e5e2f59d2e22fe00c04b141fb55d8608,( usually followed by `to ' ) having the necessary means or skill or know-how or authority to do something ;,e1b3685dd87d758217440ed41bc73313e5e2f59d2e22fe00c04b141fb55d8608,27233,sentence2,28,search,5
e1d814054fb138d87e4bfabc42ecd8acb5f85ca158377a70a893405089f335e3,make sense of ; assign a meaning to .,e1d814054fb138d87e4bfabc42ecd8acb5f85ca158377a70a893405089f335e3,1244,sentence1,12,search,5
e1ec9d13661658d583708b4043f945f3224e5e72d29c2bab80ddd2ce20ef89c6,a person is playing the keyboard .,e1ec9d13661658d583708b4043f945f3224e5e72d29c2bab80ddd2ce20ef89c6,32838,sentence2,9,search,6
e200eb7bef8cce7975daa3279cdc6a3189c97e2fcea018ca78b33c9067829b8b,oscar pistorius ' shot steenkamp in bathroom',e200eb7bef8cce7975daa3279cdc6a3189c97e2fcea018ca78b33c9067829b8b,21142,sentence2,19,search,3
e205616184a0e9844ad0f05aa6a789e78bc3b88fad3ca06784eb4c30e53bd81b,"'taliban ' is plural , but that is apparently too esoteric for cnn or any other journalists : .",e205616184a0e9844ad0f05aa6a789e78bc3b88fad3ca06784eb4c30e53bd81b,34434,sentence2,35,search,2
e21cc17f25496c3a03542b7b9ac8991026e71efa51e0e2d24d59ccb49f28abe7,the ability to recall things,e21cc17f25496c3a03542b7b9ac8991026e71efa51e0e2d24d59ccb49f28abe7,8461,sentence2,5,search,5
e234646d7b4599b6e8e9007851fc0b18185dab2f60922d2638ee1add27a323d3,a monkey pushes another monkey .,e234646d7b4599b6e8e9007851fc0b18185dab2f60922d2638ee1add27a323d3,7209,sentence1,10,search,7
e2521fb4dda644a9d7984aa8717b7fa777dc8ef07b22217456356a0aed813069,A boat sails along the water.,e2521fb4dda644a9d7984aa8717b7fa777dc8ef07b22217456356a0aed813069,21265,sentence1,8,search,4
e25dc50c26e14819f2fcb560ecfa1191dc84e914c3d234c625e5694186423558,"Yes, you should mention it.",e25dc50c26e14819f2fcb560ecfa1191dc84e914c3d234c625e5694186423558,63,sentence2,7,search,5
e2852cc731d9ee6d864dabf015b5c442b47d28c291b13162ffed0bf3e5e49a6e,explosions near the iranian embassy in beirut,e2852cc731d9ee6d864dabf015b5c442b47d28c291b13162ffed0bf3e5e49a6e,3974,sentence2,14,search,3
e2996080da616a695f268d31b7e3175158c2e84ea2b1e9787141955c7191c495,Gu Kailai murder trial ends in China,e2996080da616a695f268d31b7e3175158c2e84ea2b1e9787141955c7191c495,24326,sentence1,9,search,3
e2c70522b5ce9df38b06c3b6bc32fb7e45fb5e76a23372b07db7a12f05c1a2c7,The consensus estimate of analysts polled by Thomson First Call called for a profit of $1.70 per share.,e2c70522b5ce9df38b06c3b6bc32fb7e45fb5e76a23372b07db7a12f05c1a2c7,13104,sentence1,24,search,2
e2f273872061404329aca3a38650c3aa1aa82122aea2b563d68b725f342a5687,"A dog, which is black, and a white one are ignoring each other in the street",e2f273872061404329aca3a38650c3aa1aa82122aea2b563d68b725f342a5687,10600,sentence1,20,search,7
e2fdf51bd0615ce50c3ca22b4483fdaae3577807d447f2776bac2c1ce0feab4c,The foundations of South Africa are built on Nelson Mandela's memory,e2fdf51bd0615ce50c3ca22b4483fdaae3577807d447f2776bac2c1ce0feab4c,12481,sentence1,15,search,2
e300a791adf38c40dd61b20197a169d52769d98c846e6c95483b73917d454dca,A big black dog is wearing a red collar and is in the leaves with a blue ball,e300a791adf38c40dd61b20197a169d52769d98c846e6c95483b73917d454dca,11574,sentence1,20,search,7
e3140c41f5e2048db71b9e088ad9b6e6a478caf2cf6f05bd0be48769d5c5732c,"the justice department filed a civil rights lawsuit thursday against the state of mississippi , alleging abuse of juvenile offenders at two state-run facilities .",e3140c41f5e2048db71b9e088ad9b6e6a478caf2cf6f05bd0be48769d5c5732c,2354,sentence2,40,search,2
e316eb3f06da45b301b1c3828cb899c587844c0a4432890128b4c276d6e1351f,the quality of not being useful or convenient .,e316eb3f06da45b301b1c3828cb899c587844c0a4432890128b4c276d6e1351f,7464,sentence1,10,search,5
e32946745b52b4d7170c793cfa459728cdce63e01e076421f1f2d8b973700b90,switch y was not on the path of bulb a .,e32946745b52b4d7170c793cfa459728cdce63e01e076421f1f2d8b973700b90,4773,sentence1,14,search,0
e330f01ffb8951696d299aa0ddbf7e02544cce188782d58ec14c24eeb9bac76c,a woman is cracking eggs into a bowl .,e330f01ffb8951696d299aa0ddbf7e02544cce188782d58ec14c24eeb9bac76c,16637,sentence1,13,search,1
e340378a012265288ce0b08942b8fc06210bd3399fc13fd5940a3777dbf9d49b,A picture is being drawn by a man,e340378a012265288ce0b08942b8fc06210bd3399fc13fd5940a3777dbf9d49b,3330,sentence1,9,search,6
e35e690edafc3161aa399e44fabfd1940dfd78acba1af8f1614eb9b851679248,a light brown dog runs down a path happily .,e35e690edafc3161aa399e44fabfd1940dfd78acba1af8f1614eb9b851679248,18899,sentence1,13,search,7
e38439bd7c366c81327ab095815ce39582fade60cec75e61bab8c0b6c4029a1d,Three people are sitting on a bench under some palm trees,e38439bd7c366c81327ab095815ce39582fade60cec75e61bab8c0b6c4029a1d,13340,sentence1,12,search,4
e3a588424a3d117ce387080f799690d311a89bf7dd0f98dfe3e3bdb3b05e4d81,"in n.a.a.c.p. , industry gets ally against soda ban hmmmmmmmm . . . .",e3a588424a3d117ce387080f799690d311a89bf7dd0f98dfe3e3bdb3b05e4d81,35358,sentence2,35,search,2
e3b865a857634547ff59a31b9663fed6d09bc95ee57e1f9fea10bbbd4a7e38b8,you have no need to do anything .,e3b865a857634547ff59a31b9663fed6d09bc95ee57e1f9fea10bbbd4a7e38b8,6232,sentence1,9,search,5
e3daa7e26ef1c43e8b4ffbba9475364ce4938c5c0be2e7807ac1379606de9bb8,ride a motorcycle .,e3daa7e26ef1c43e8b4ffbba9475364ce4938c5c0be2e7807ac1379606de9bb8,31331,sentence2,6,search,5
e3dcb59009832cb4dc00224aa0966ec7cd9cef57a99ffb90e6e6b95346fa4c56,editorial : president obama ? s plan for gun reform,e3dcb59009832cb4dc00224aa0966ec7cd9cef57a99ffb90e6e6b95346fa4c56,25111,sentence2,17,search,2
e3fad5b6926a4e1093ff49fc6df90e7a2204dd7b55cb0e4fba316422ca647db4,gunmen kill 11 foreign tourists in pakistan,e3fad5b6926a4e1093ff49fc6df90e7a2204dd7b55cb0e4fba316422ca647db4,30193,sentence1,11,search,3
e410bb2ccd29ee652b32e7fb8f8cbe02fcde57e70405c04778de60a9542c3f4a,he said the problem needs to be corrected before the space shuttle fleet is cleared to fly again .,e410bb2ccd29ee652b32e7fb8f8cbe02fcde57e70405c04778de60a9542c3f4a,15302,sentence2,21,search,2
e422fd359531454ffc674ddb88679de3fea8ddd9cf9305b3d599d3302fa1e448,The man is slicing a potato,e422fd359531454ffc674ddb88679de3fea8ddd9cf9305b3d599d3302fa1e448,16600,sentence1,10,search,6
e44bed678ca5fa30f21d8d2431111878aea70cb0605b757e0d1986426a8e1403,The woman is skating in the park.,e44bed678ca5fa30f21d8d2431111878aea70cb0605b757e0d1986426a8e1403,11003,sentence2,8,search,1
e45f6acfe1b80c395760533b3cf7d52458623f7774e905d84374f79813e99b4b,Two kids are bouncing on colorful balls,e45f6acfe1b80c395760533b3cf7d52458623f7774e905d84374f79813e99b4b,15021,sentence2,9,search,4
e467ee92857009f91ecf1ac5eb7157ab59e148252df1e02f43de583061393146,The dogs play in the snow on hind legs.,e467ee92857009f91ecf1ac5eb7157ab59e148252df1e02f43de583061393146,4064,sentence1,11,search,7
e47b92cbed8f97712fe388bd3985018729b72fa204cca65fc01c11b88bdfc2e5,have a strong desire or urge to do something .,e47b92cbed8f97712fe388bd3985018729b72fa204cca65fc01c11b88bdfc2e5,31206,sentence1,12,search,5
e48f1c7021ec95058fff55439403f5d75ab18464f0c0bebcd36a261e4c429d48,because the positive terminal is separated by a gap from terminal 3,e48f1c7021ec95058fff55439403f5d75ab18464f0c0bebcd36a261e4c429d48,7636,sentence2,13,search,5
e497dbf0e557ac0d3e9e87f81a85c09dc497a6d68e833b60872bc1468e35d403,us and russia agree syria arms deal in geneva,e497dbf0e557ac0d3e9e87f81a85c09dc497a6d68e833b60872bc1468e35d403,4313,sentence1,16,search,2
e499d41613650b89e5050bb47db3b8e3020b92afeab5f27dfdd150498f8e59e9,uganda 's president museveni agrees to sign anti-gays bill,e499d41613650b89e5050bb47db3b8e3020b92afeab5f27dfdd150498f8e59e9,29466,sentence2,23,search,2
e4b8f1388c232a1a9a617e0100e42f98a65ee2326b16a523b4cd7574e956d5cc,genetic predisposition to alzheimer is inferior genetics .,e4b8f1388c232a1a9a617e0100e42f98a65ee2326b16a523b4cd7574e956d5cc,11161,sentence1,16,search,3
e4cde71ee3b77b89c901ebc2a937b19e8a0d35dd2e220c63f3ad0d0ff44b9716,france cleared to impose controversial ' millionaire tax',e4cde71ee3b77b89c901ebc2a937b19e8a0d35dd2e220c63f3ad0d0ff44b9716,36537,sentence1,13,search,2
e4dadc520cb86b1528d08a668ff78fb610d6b7fecdff4ca9711dbfe7ac6dea50,An office with multiple desks and green walls.,e4dadc520cb86b1528d08a668ff78fb610d6b7fecdff4ca9711dbfe7ac6dea50,27369,sentence2,10,search,4
e4ec2dc759007c8729e1b9218b469801e4db384c8cfd8efd257d9d99aaa7dedf,an agent manipulates an instrument in order to achieve a purpose .,e4ec2dc759007c8729e1b9218b469801e4db384c8cfd8efd257d9d99aaa7dedf,24272,sentence2,15,search,5
e4fd41cf5acf1aec0b5f063e18856f179ed80e0350ae2949fb8d16062d60b565,"the most extensive vulcan language was made by fans in the 60 's , especially by linguist dorothy jones heydt .",e4fd41cf5acf1aec0b5f063e18856f179ed80e0350ae2949fb8d16062d60b565,31174,sentence1,38,search,2
e50278cb2a7f02e5a7c2622aaa086d5b586fb90be658def78c72504bd5a864f0,"the state of believing in , or having confidence in , something or someone",e50278cb2a7f02e5a7c2622aaa086d5b586fb90be658def78c72504bd5a864f0,1432,sentence1,16,search,5
e505bea2373207159a8a13f2fa304eb2cca597d0b17e98a4479f2e7bfa9096c1,draw a line or lines underneath to call attention to .,e505bea2373207159a8a13f2fa304eb2cca597d0b17e98a4479f2e7bfa9096c1,12378,sentence1,13,search,5
e547444c09a622c0e5d4df88c19ef75f021bbb661e63ccd820043196aba59d74,"ah , so many amazing memories ...",e547444c09a622c0e5d4df88c19ef75f021bbb661e63ccd820043196aba59d74,26221,sentence2,11,search,5
e55a5cf1f9a18faa4d6cb40114ac99e2e1a7274228d2e064ad9644fe4a608165,"a data crusader , a defendant and now , a cause # aaronswartz # mitfail # badbranding",e55a5cf1f9a18faa4d6cb40114ac99e2e1a7274228d2e064ad9644fe4a608165,36625,sentence1,36,search,3
e573505ceaed592b65343345cb7bdbfd39b5872fbc21d106174eee319780e613,"reverse ( a direction , attitude , or course of action ) .",e573505ceaed592b65343345cb7bdbfd39b5872fbc21d106174eee319780e613,31389,sentence1,18,search,5
e57d7784c08788e4371f19a44094aa1f236c4699d9ea3adfd25bc65c10399a3b,"still , mr. weill will remain very much a power at the company .",e57d7784c08788e4371f19a44094aa1f236c4699d9ea3adfd25bc65c10399a3b,18430,sentence2,21,search,2
e59e25a0b8f5426658c101644647a22c799f00b2ac18672121033fb39c3aac46,refer for judgment or consideration .,e59e25a0b8f5426658c101644647a22c799f00b2ac18672121033fb39c3aac46,19575,sentence1,7,search,5
e59faa74f090e35acc1bfca086f79b939fc052a189efc056c798b901cb38eebd,A person is frying some food,e59faa74f090e35acc1bfca086f79b939fc052a189efc056c798b901cb38eebd,397,sentence1,7,search,1
e5a26620db319b00500c00d141b6e859499e8aa127d898c288e14951b7438416,A brown and white dog is jumping on the sidewalk,e5a26620db319b00500c00d141b6e859499e8aa127d898c288e14951b7438416,9119,sentence2,10,search,7
e5b59e9406a18533f5486d0514de7d49bc915a7a75e27bb5d38cdfdce5a496df,A woman is cracking eggs.,e5b59e9406a18533f5486d0514de7d49bc915a7a75e27bb5d38cdfdce5a496df,7380,sentence1,7,search,1
e5b7a12c03cd6f0f48378a9a9024b1776553fddc88019a80aeb3a38ce7c93e65,a dog runs through the snow .,e5b7a12c03cd6f0f48378a9a9024b1776553fddc88019a80aeb3a38ce7c93e65,11005,sentence2,9,search,7
e5bcb95986ccbaea77203a08533f0913b3bb7d0d936e9b2d3321008a678106a7,"putin , too , seems to suspect the powerlessness of his regime .",e5bcb95986ccbaea77203a08533f0913b3bb7d0d936e9b2d3321008a678106a7,5235,sentence1,17,search,3
e5c7f0cc7213782ea8f42a8a568d77e9633ed25001340540f675b3be0f3c1a7e,north korea to put us citizen on trial,e5c7f0cc7213782ea8f42a8a568d77e9633ed25001340540f675b3be0f3c1a7e,16581,sentence1,11,search,2
e5d1c47bfcc3093537db6679e0bfeb866d38bd9131d4ac27b9fa97d16f06ef6a,"in # turkey , mourners protest killings of # kurds",e5d1c47bfcc3093537db6679e0bfeb866d38bd9131d4ac27b9fa97d16f06ef6a,33493,sentence2,16,search,3
e5e971ed0273e2552f3ff0e8c6ad340de07d9e66456175644065a9f2ffbbaa70,There is no man cutting a fish,e5e971ed0273e2552f3ff0e8c6ad340de07d9e66456175644065a9f2ffbbaa70,18020,sentence2,8,search,0
e5f0e541d3cfa69bc226a2448d5546fd131e6d0baf1a6803a8658877221f99b6,"the report shows that drugs sold in canadian pharmacies are manufactured in facilities approved by health canada , which serves a similar role as the fda for the canadian government .",e5f0e541d3cfa69bc226a2448d5546fd131e6d0baf1a6803a8658877221f99b6,31261,sentence1,42,search,2
e5fb6d52ddad8bec02ebe8831a37c960db48c5b46e87b1822ad97cee4a76074e,equip with a fuse ; provide with a fuse .,e5fb6d52ddad8bec02ebe8831a37c960db48c5b46e87b1822ad97cee4a76074e,13344,sentence2,14,search,5
e5ff1832bf3c1bbe657414a15c73287f05f79773c07cdabf3004c6b78d7a96e3,An animal is barking at a ball,e5ff1832bf3c1bbe657414a15c73287f05f79773c07cdabf3004c6b78d7a96e3,2726,sentence2,9,search,7
e60e8e9bb5e9511c698e6fa79e42e8659e675712b0e7c443b993c1c3c734dc85,it was left up to them to decide whether the first amendment applied .,e60e8e9bb5e9511c698e6fa79e42e8659e675712b0e7c443b993c1c3c734dc85,36465,sentence2,15,search,2
e615f7017dbae0d71db5487360ed097ca35eb087d65427bac766f36384c412e7,Two teams are competing in a football match,e615f7017dbae0d71db5487360ed097ca35eb087d65427bac766f36384c412e7,14352,sentence2,9,search,4
e6195905cb2ec8b4889d0ce382efc86498d833e8036b6f6239b1b4109ec70732,a girl riding a brown horse .,e6195905cb2ec8b4889d0ce382efc86498d833e8036b6f6239b1b4109ec70732,24264,sentence2,10,search,7
e62a9b893f817371f79933bf42cbd4c337fd2b14a98b131ccb069c6b35e8ddaa,A man is shooting at target practice,e62a9b893f817371f79933bf42cbd4c337fd2b14a98b131ccb069c6b35e8ddaa,34142,sentence1,7,search,6
e6333afcce78a232289851cab1b595a73e4702750a367b3c553301bc498d869a,There is no man with a camera studying the subject,e6333afcce78a232289851cab1b595a73e4702750a367b3c553301bc498d869a,35360,sentence1,11,search,0
e66acdb6fdc06f5ce68b244dd3bcca57b608ee14a0a4f4a8400956bc9361cc0d,"in other words , it depends on where you go , when you do there and how .",e66acdb6fdc06f5ce68b244dd3bcca57b608ee14a0a4f4a8400956bc9361cc0d,10639,sentence1,21,search,5
e67b129f18b66b768af0cd5fbcae524d7a798ad8901fb1d341f46db5257cf3df,former spokesman for u.s. president ronald reagan dies,e67b129f18b66b768af0cd5fbcae524d7a798ad8901fb1d341f46db5257cf3df,2353,sentence2,20,search,3
e688959d864d8a6ad7703727f8d0abd1b2f7bdcefc562f3440d738cc4fe28c0b,a person is doing pencil tricks with his hand .,e688959d864d8a6ad7703727f8d0abd1b2f7bdcefc562f3440d738cc4fe28c0b,11201,sentence2,12,search,6
e69aaf127369c820ae8acc76064bb15f2d018f142498160b22f176b003d45f5c,birthday of dprk to be celebrated in peru,e69aaf127369c820ae8acc76064bb15f2d018f142498160b22f176b003d45f5c,13240,sentence1,13,search,2
e6ad160aab39ce82ba2540f88ed3f9c1a48248c8ab1e722751703b1e919f0e44,a man rides off on a motorcycle .,e6ad160aab39ce82ba2540f88ed3f9c1a48248c8ab1e722751703b1e919f0e44,20737,sentence1,11,search,6
e6c27fb2ef384bd6702239521023b443ebb1d8de68f1d8dcb1f03fe45658ef67,the scent or odor of something,e6c27fb2ef384bd6702239521023b443ebb1d8de68f1d8dcb1f03fe45658ef67,5462,sentence2,7,search,5
e6d1bf7cd5eb322511ab3a22ff6aee949c4a9330e2bfc787a8ab873df4e9ca65,actor gazzara dead at 81,e6d1bf7cd5eb322511ab3a22ff6aee949c4a9330e2bfc787a8ab873df4e9ca65,17311,sentence1,8,search,3
e6d86279466abda5d87eb270206ed3531b309e64d7ae8db3d2a5c0c93df19495,france to ban child beauty pageants,e6d86279466abda5d87eb270206ed3531b309e64d7ae8db3d2a5c0c93df19495,13401,sentence1,8,search,3
e6deb4beb4de751386441bbb7ef750f5fcdd10c21fe562e381ad337daebf737b,cover with a protective sheathing .,e6deb4beb4de751386441bbb7ef750f5fcdd10c21fe562e381ad337daebf737b,35059,sentence2,10,search,5
e6ef5ea98e1630b0bf408948629c8f92f6cdda9038a284595ef19869c4b33e9a,A young boy in the blue shirt is jumping into the water,e6ef5ea98e1630b0bf408948629c8f92f6cdda9038a284595ef19869c4b33e9a,39,sentence2,12,search,4
e709fdf3358228a706812cb87f82fe3683a8b2b3f9834b1262059ab6e3e3387a,A lemur is eating,e709fdf3358228a706812cb87f82fe3683a8b2b3f9834b1262059ab6e3e3387a,23765,sentence2,5,search,7
e71752fa88916f930aa71e1c020eb8fcac0cea2e93840333fb171f7e0221e481,"an air force military unit , smaller than a squadron",e71752fa88916f930aa71e1c020eb8fcac0cea2e93840333fb171f7e0221e481,11684,sentence2,14,search,5
e721b33c9adf0e6a11da9592d1cc05ce0e509b1a16c76f4e408ad9d922316483,"If you haven’t made any long drive or desert plans during these cooool winter months yet, well then now you have the PERFECT excuse to do so this Friday. *Insert bad space pun* Sirius-ly you guys!! Grab your squad and plan for a quick trip to the desert this Friday night to catch the EPIC Quadrantid meteor shower taking place late at night from January 3-4 in full swing. Issa Happy New Year indeeeed! The Quadrantid meteor shower is expected to peak late night on Friday, January 3 until the dawn of Saturday, January 4.",e721b33c9adf0e6a11da9592d1cc05ce0e509b1a16c76f4e408ad9d922316483,20327,sentence2,134,search,5
e744f9a18acb1f7e433755886fc056521643cd7ab20950bfd3ccf85a7af92704,tentative deal reached to resume israeli-palestinian talks - us,e744f9a18acb1f7e433755886fc056521643cd7ab20950bfd3ccf85a7af92704,17044,sentence1,16,search,2
e76bd3ee5c2805e385423d2acadd2afc167d554f6fff65172a019eae9eacfd30,group of people posing with two men dressed as elvis .,e76bd3ee5c2805e385423d2acadd2afc167d554f6fff65172a019eae9eacfd30,2198,sentence2,17,search,4
e77e4073b4b46675c53849c8563c67ad19af8ecef3a1b2eb6d3a905302dd334a,two gray dogs run together over the green grass .,e77e4073b4b46675c53849c8563c67ad19af8ecef3a1b2eb6d3a905302dd334a,8126,sentence2,11,search,7
e786efd5041fae97e2a8463593c236a36e306ae9084940586ad7123bf598f004,cause to be immersed in,e786efd5041fae97e2a8463593c236a36e306ae9084940586ad7123bf598f004,12607,sentence2,6,search,5
e78948aac238f42d4c8d7f79534fb50b072f001a1186db71ea8ee56a631ddb38,"shots , explosions heard as thais continue protest in bangkok",e78948aac238f42d4c8d7f79534fb50b072f001a1186db71ea8ee56a631ddb38,1364,sentence1,18,search,3
e78d206eda031a59868f1cedc8e28a7322942bed22207c0ef85dde8a4565b202,"The woman wearing silver pants, pink bellbottoms and a pink scarf is happily riding a bike",e78d206eda031a59868f1cedc8e28a7322942bed22207c0ef85dde8a4565b202,2139,sentence1,21,search,1
e78f5cc6d2642c7c7489f433f74e17917ee86b873ae72bbda9ebb69a6f0d34a7,. no signs indicate the street .,e78f5cc6d2642c7c7489f433f74e17917ee86b873ae72bbda9ebb69a6f0d34a7,31006,sentence2,9,search,0
e78f9bce9567ef4b29f2792b71c60dd8dd38d33c220d41685abc6887efd49270,she stated that they could not take complaint over the phone but they had to be in writing or by email .,e78f9bce9567ef4b29f2792b71c60dd8dd38d33c220d41685abc6887efd49270,28087,sentence2,23,search,2
e79b6cc7326053d14504ce68e337d7b41c9087b73c970e8d1efc95007363b178,"put down by force , intimidation , or authority , as of a person ; correct by punishment or discipline .",e79b6cc7326053d14504ce68e337d7b41c9087b73c970e8d1efc95007363b178,4243,sentence2,28,search,5
e7a844f6aa980b325f799e72a893a690862cbd76cdbc8edb58d67f53df21dadc,Two kids are swimming.,e7a844f6aa980b325f799e72a893a690862cbd76cdbc8edb58d67f53df21dadc,4003,sentence1,5,search,4
e7b1c77465be94d397a10c2e1c0c4b4e397ef797abb9523af596523e36db8f1a,five dead in canada train crash,e7b1c77465be94d397a10c2e1c0c4b4e397ef797abb9523af596523e36db8f1a,31287,sentence1,6,search,3
e7db25af00e4ec22e28d45a06468e3275b51da37415dc641aa2114a18f17deea,"the marcel ' s differs from the other by his cotton excellent , by his thumb unisexe , with its distinctive logo and by the belgian flag ( barely recognisable ) that the shirts of bodies have the most well-known in the neck .",e7db25af00e4ec22e28d45a06468e3275b51da37415dc641aa2114a18f17deea,26220,sentence2,62,search,5
e7e51b4878d73f2895ad9cb38aa5e981cfa1a8b0abce4958d763db4ec30ebc92,news summary : apple buying authentec for $ 356m,e7e51b4878d73f2895ad9cb38aa5e981cfa1a8b0abce4958d763db4ec30ebc92,23072,sentence2,15,search,2
e7ee602bffbe2232ba0238add99d4e8ff4fd16e5f23f2e66fa544676ae3365fc,peace lies over the south china sea,e7ee602bffbe2232ba0238add99d4e8ff4fd16e5f23f2e66fa544676ae3365fc,22434,sentence1,7,search,2
e7f0a0d0474e8e59e8175b928292a99b5a4dcd2e1a17cc6398b8418f2396d838,headlines in major iranian newspapers on august 18,e7f0a0d0474e8e59e8175b928292a99b5a4dcd2e1a17cc6398b8418f2396d838,14970,sentence1,13,search,2
e81b0fe8bae64d488b976efba35cb54097ce2d2c6a71eecc68290b3da5d78cec,circuit 2 is not a short circuit because is shows connection to the bulb .,e81b0fe8bae64d488b976efba35cb54097ce2d2c6a71eecc68290b3da5d78cec,8179,sentence2,17,search,5
e821789ae5815edd433435a00069017710630ef7575a5b3d0ca5e6f13c1633a4,a range of mental vision ;,e821789ae5815edd433435a00069017710630ef7575a5b3d0ca5e6f13c1633a4,8396,sentence1,8,search,5
e869e68e2bff8c6890e00b9b0eab8c231d2d3de66ba326ab1a3402bd278013d5,this frame contains words that describe how potent a chemical is .,e869e68e2bff8c6890e00b9b0eab8c231d2d3de66ba326ab1a3402bd278013d5,7472,sentence1,15,search,5
e87248244030601aef02117250a3129e3cb4bd18b669ed8e1aa3ce84c82c7843,There is no large group of cheerleaders walking in a parade,e87248244030601aef02117250a3129e3cb4bd18b669ed8e1aa3ce84c82c7843,8009,sentence1,14,search,0
e890d92dd7ce42869c158eaa7310c20f60150a87bc977af6606f6b5f00aba6c9,"If you do not have a very strong scientific reason to do it, don't.",e890d92dd7ce42869c158eaa7310c20f60150a87bc977af6606f6b5f00aba6c9,1247,sentence2,19,search,5
e8b8e734370654157d168b3264da61af03ceec9f8dfa5213ca66b1d9c061f912,i think there are a number of high-profile crimes where criminals are held long long after the point where they are a danger to anyone .,e8b8e734370654157d168b3264da61af03ceec9f8dfa5213ca66b1d9c061f912,4322,sentence1,33,search,2
e8bdbd24b4aeb6a96d18506bda7eb8500307bb1f73f8126ca095064f9c6f27f2,Three boys are jumping in the leaves,e8bdbd24b4aeb6a96d18506bda7eb8500307bb1f73f8126ca095064f9c6f27f2,1174,sentence2,7,search,4
e8c20d43b06196547de36f03831fea909e7e5368aebaf2b2a2186a3535d245a5,suffer the loss of a person through death or removal ;,e8c20d43b06196547de36f03831fea909e7e5368aebaf2b2a2186a3535d245a5,7505,sentence2,13,search,3
e8cbc94e35d707582efda2e478a3676c2c24d39f7c8bae98168a49d0840cf425,i am part of the members of parliament who are rather honorably present .,e8cbc94e35d707582efda2e478a3676c2c24d39f7c8bae98168a49d0840cf425,17420,sentence1,17,search,2
e8e215e7c312056798b7974340153d43c956d328a831a9d1c9bf6ccc1ce50c8a,a tan calf with a yellow tag on his left ear looking at the camera .,e8e215e7c312056798b7974340153d43c956d328a831a9d1c9bf6ccc1ce50c8a,652,sentence1,24,search,7
e8e231861ef9d8ec0a7e5a0683446240fe9d81659e95b04ec514d08c9470cc7a,bulbs a and b are in a closed path,e8e231861ef9d8ec0a7e5a0683446240fe9d81659e95b04ec514d08c9470cc7a,33760,sentence2,12,search,0
e8fb6c52b6e67bea7f97d0cf986f85e897c861457709dbefb0d993275701ee29,the vote will take place with 17h30 .,e8fb6c52b6e67bea7f97d0cf986f85e897c861457709dbefb0d993275701ee29,32367,sentence1,11,search,2
e929094556b4db36bbd9fa479775defa2529f30da2be23773b73266788e8cee1,a man is crushing garlic with the back of a knife .,e929094556b4db36bbd9fa479775defa2529f30da2be23773b73266788e8cee1,26375,sentence1,15,search,6
e931b1a131e8ed1c1beacd32dd1c0860cef9deae078e27e38b78ba821ba0adba,"! pay it forward - note on a napkin , ' this meal is on us ' -",e931b1a131e8ed1c1beacd32dd1c0860cef9deae078e27e38b78ba821ba0adba,35565,sentence2,26,search,5
e9402031e8842d557e9b15190125cbe0e03c2f6495a6ebc7221edad81afe04ee,There is no dog chasing a ball,e9402031e8842d557e9b15190125cbe0e03c2f6495a6ebc7221edad81afe04ee,18094,sentence2,9,search,0
e9446e41af7ee25065942a6d578850bcd78374f48755b88c492391232af89ce9,A cheetah is running behind its prey.,e9446e41af7ee25065942a6d578850bcd78374f48755b88c492391232af89ce9,637,sentence1,14,search,7
e94663a3ec1d4f07a509524db96bd00d045a345f498907bfe393b77e925fb69f,crocodile victim 's body recovered,e94663a3ec1d4f07a509524db96bd00d045a345f498907bfe393b77e925fb69f,17228,sentence2,11,search,3
e968055d7ccfa145e00269b7e178cd3b033cbd8fbe8653fd73b9ce9ff567517a,There is no dog racing on a track,e968055d7ccfa145e00269b7e178cd3b033cbd8fbe8653fd73b9ce9ff567517a,20212,sentence2,9,search,0
e9746937c5a4d8b8eb4628a8fc3aae242a735ef5568d5bf00fb875fe1dfd32af,accuse formally of a crime .,e9746937c5a4d8b8eb4628a8fc3aae242a735ef5568d5bf00fb875fe1dfd32af,13720,sentence2,10,search,5
e97eb1dc3d91879fcfe5bf918edfb5a1d8a8a1a45e0f40d6fd02b9f87e6ea3ca,Three young girls are dancing in the room,e97eb1dc3d91879fcfe5bf918edfb5a1d8a8a1a45e0f40d6fd02b9f87e6ea3ca,752,sentence1,8,search,4
e9ab58908e1d30b5fce1e65de460c43da9b82d60f685df9fe2cb3127186d2f0e,you should just ask your boss what he wants you to do .,e9ab58908e1d30b5fce1e65de460c43da9b82d60f685df9fe2cb3127186d2f0e,16397,sentence1,15,search,5
e9b3c182c31a85828e12d5a1251cdf82d390839da0f45326df845b45cd3d8555,the questions oprah should 've asked lance amstrong,e9b3c182c31a85828e12d5a1251cdf82d390839da0f45326df845b45cd3d8555,29145,sentence1,14,search,2
e9b58935e66a52866682d77a3fdd04e4c1e847b23c70f060a8a61e9f7fd40344,regulation get the government into everything .,e9b58935e66a52866682d77a3fdd04e4c1e847b23c70f060a8a61e9f7fd40344,11229,sentence2,8,search,2
e9c447ecebb0a6120ba9252378e57ad472068088d950489ee4aa819824fa888f,that 's just not how legal briefs are written .,e9c447ecebb0a6120ba9252378e57ad472068088d950489ee4aa819824fa888f,11299,sentence1,14,search,0
e9c4b8839af020d4de47f522e5d26e4bdeefd2ef47a32ac0bfcf8b5c143bda29,two women standing in a living room with a black dog looking towards the camera .,e9c4b8839af020d4de47f522e5d26e4bdeefd2ef47a32ac0bfcf8b5c143bda29,3012,sentence1,19,search,7
e9cba40c6638247be3657de4c0b532d016168d3c16451aa2783c28f634c5696e,"aaa spokesman jerry cheske said prices may have affected some plans , but cheap hotel deals mitigated the effect .",e9cba40c6638247be3657de4c0b532d016168d3c16451aa2783c28f634c5696e,1157,sentence1,32,search,2
e9cfcf54fa91574e0f45009ef1314e86cfcb53c73f545eedb3da136263bd9aaa,the future of iraq is related to the oil production of the country .,e9cfcf54fa91574e0f45009ef1314e86cfcb53c73f545eedb3da136263bd9aaa,14770,sentence2,19,search,2
e9db8d5533ba39ad2100d65e65659dc81b19b23c8d570e1c76029a5097d80d0c,this has the effect of increasing the power of the large countries at the expense of small .,e9db8d5533ba39ad2100d65e65659dc81b19b23c8d570e1c76029a5097d80d0c,25251,sentence2,19,search,2
ea0988885e4547cb8d0813735c261a14c0b22165191c4d614b3d0454a3f63f78,not a constitutional issue .,ea0988885e4547cb8d0813735c261a14c0b22165191c4d614b3d0454a3f63f78,28207,sentence1,7,search,0
ea2298a622ec37ac87da1c59259d3fedef4fa6a994d7c08b11d66a68bc4f451b,'no plans ' to resettle syrian refugees in the uk,ea2298a622ec37ac87da1c59259d3fedef4fa6a994d7c08b11d66a68bc4f451b,26096,sentence2,20,search,0
ea284a36e17b117e3467b301994aa59fdaf3c778c0ac45e22a78cb9260589e96,The exchange also said its five-person compensation committee will consist only of directors from outside the securities industry.,ea284a36e17b117e3467b301994aa59fdaf3c778c0ac45e22a78cb9260589e96,8087,sentence2,21,search,2
ea29fe2e5ebc56eddf5f4dd3b85c67c12bd6e6d6108c514f8071bcdecb8ee08c,someone is pouring ingrediants into a pot .,ea29fe2e5ebc56eddf5f4dd3b85c67c12bd6e6d6108c514f8071bcdecb8ee08c,5559,sentence1,15,search,1
ea49c3c83c4776447775ed2ab5a2ae4f0a0be8746a3f36da36c596f99b0a8dbd,south korea confirms that north korea has conducted controversial third nuclear test,ea49c3c83c4776447775ed2ab5a2ae4f0a0be8746a3f36da36c596f99b0a8dbd,29333,sentence2,19,search,2
ea61560fe7518434fb45f2d75b7077024377f2d003140f3966430657c07ad39d,a dog leaps over the hurdle .,ea61560fe7518434fb45f2d75b7077024377f2d003140f3966430657c07ad39d,16614,sentence2,10,search,7
ea8b2bf31220fa74ea4645106a0c967a4ccb97a09a8c34680e823bc4e755fcd5,"a problem , something wrong",ea8b2bf31220fa74ea4645106a0c967a4ccb97a09a8c34680e823bc4e755fcd5,23867,sentence2,7,search,5
ea987956381f611674a6344158b634592eb017abe9b5868b8b6493ff19e0f471,cameron to hold talks with sturgeon on uk future,ea987956381f611674a6344158b634592eb017abe9b5868b8b6493ff19e0f471,11525,sentence1,15,search,2
eaa4d126bcef2041a4597ec45c9a05692f2cde5ee914bd08c9640bc0de38b0fd,"Laughing at Wall Street: How I Beat the Pros at Investing (by Reading Tabloids, Shopping at the Mall, and Connecting on Facebook) and How You Can, Too Chris Camillo (4.5/5) Free",eaa4d126bcef2041a4597ec45c9a05692f2cde5ee914bd08c9640bc0de38b0fd,28205,sentence1,49,search,2
eaa7bfa7c79874a41f10a6cc60958bbb9630d90f650338385017fee6868d6fe5,"One, Fort Carson-based Sgt. Ernest Bucklew, 33, had been on his way home to attend his mother's funeral in Pennsylvania.",eaa7bfa7c79874a41f10a6cc60958bbb9630d90f650338385017fee6868d6fe5,5241,sentence1,33,search,3
eab137324a9703d6912c37c6eee9267c784052406f79c7b985240e5a46dbd005,a woman mixes up vegetables .,eab137324a9703d6912c37c6eee9267c784052406f79c7b985240e5a46dbd005,25302,sentence1,8,search,1
eaba621001ae646860ba979a0ce16b5a428fad4e3aed71079c6b3894ed507bf3,the act of becoming more distant .,eaba621001ae646860ba979a0ce16b5a428fad4e3aed71079c6b3894ed507bf3,2752,sentence2,8,search,5
eade23de0063729697d1c1c44ca68f0da4b44cd277e0538d77c1f49dfcb55b5b,libya : un orders investigation into libya rights abuses,eade23de0063729697d1c1c44ca68f0da4b44cd277e0538d77c1f49dfcb55b5b,3270,sentence2,17,search,2
eade80d658a920ab18a836a25b7460a0611ba4641ec95742d59720d6b90a40f6,why hate people because they are successful ?,eade80d658a920ab18a836a25b7460a0611ba4641ec95742d59720d6b90a40f6,10205,sentence2,9,search,2
eb3c3a9b5038a00dc97e0e5fef649addf239090036e57c6d0fa3d59e3b789a24,A man played the guitar.,eb3c3a9b5038a00dc97e0e5fef649addf239090036e57c6d0fa3d59e3b789a24,17792,sentence2,6,search,6
eb6735cf4cb2df58c60e25e05e942fdc5cbd1bb1fb14d647ed0f64b933d64a39,Pakistan blocks Twitter over anti-Islamic material,eb6735cf4cb2df58c60e25e05e942fdc5cbd1bb1fb14d647ed0f64b933d64a39,5433,sentence1,9,search,3
ebae335d7070bd599e845954e2d2416005c9d47c878a27caec7b7e9861618a82,firefighters battling scrub fire in hokianga,ebae335d7070bd599e845954e2d2416005c9d47c878a27caec7b7e9861618a82,22074,sentence2,10,search,3
ebcc24a34beff3e76c8383b59accc2898e81adbbf6c7aef40bbc699c80cdf011,A woman is chopping a red onion,ebcc24a34beff3e76c8383b59accc2898e81adbbf6c7aef40bbc699c80cdf011,4232,sentence1,10,search,1
ebd4fe238b6263d0922bba2bcd3e635ecb63998120d0febd33684eeb83855391,blast on indian train kills one,ebd4fe238b6263d0922bba2bcd3e635ecb63998120d0febd33684eeb83855391,19085,sentence2,8,search,3
ebd7a8899cd000246e83edef7938ebd2cdd1d3e8b13b06adfe4972cce20f0e90,Two men are competing in a tire rolling race,ebd7a8899cd000246e83edef7938ebd2cdd1d3e8b13b06adfe4972cce20f0e90,6110,sentence2,10,search,4
ebdfdb34ec09ebb2ea8f00fbf2caa9dffe27d88d8f0b9b6646a0d206e3946739,"now , blanca 's husband , 63-year-old roger lawrence strunk of tracy , faces a murder indictment issued by the philippine government in february .",ebdfdb34ec09ebb2ea8f00fbf2caa9dffe27d88d8f0b9b6646a0d206e3946739,30518,sentence2,53,search,3
ebee274db8f98d586afcf308ccce5f724989c7b75e76660bf25fa660ca77092e,"a man of influential , which shares his time between hong kong and london , has even been more precise .",ebee274db8f98d586afcf308ccce5f724989c7b75e76660bf25fa660ca77092e,3433,sentence2,30,search,2
ebff7186599055fafa815be31c39c2f435dabb8c8d9bac1049e17eba8fd5b805,the consensus estimate of analysts polled by thomson first call called for a profit of $ 1.70 per share .,ebff7186599055fafa815be31c39c2f435dabb8c8d9bac1049e17eba8fd5b805,1102,sentence1,28,search,2
ec04a00d8ab9025c732ec2353e90873f3a018c79d862039eb0d4852cfa260b5c,Denver shooting: Police to detonate devices in suspect's home,ec04a00d8ab9025c732ec2353e90873f3a018c79d862039eb0d4852cfa260b5c,31420,sentence2,15,search,3
ec08faf7fbcf4bbd454d55a493e20dbc868c47792d8949c024e84308c861b04a,a golden dog is running through the snow .,ec08faf7fbcf4bbd454d55a493e20dbc868c47792d8949c024e84308c861b04a,13344,sentence1,11,search,7
ec18c138aa86b2bba4273ddf0b66bdf7c1c0bd3762acc9c72bb8da7a8bbc0a9f,a woman is cooking a breaded pork chop .,ec18c138aa86b2bba4273ddf0b66bdf7c1c0bd3762acc9c72bb8da7a8bbc0a9f,1482,sentence1,14,search,1
ec1b2489b724d7eed49a6ec2ce12b5dac411a9004dbd00ae836607d59951b95f,start them as early as possible .,ec1b2489b724d7eed49a6ec2ce12b5dac411a9004dbd00ae836607d59951b95f,4132,sentence1,8,search,5
ec2e9f23061541fed8d6a3f9857e5d785d37aaee506ea12a1df461b8bce60b4f,A woman is scrubbing a zucchini with a vegetable brush,ec2e9f23061541fed8d6a3f9857e5d785d37aaee506ea12a1df461b8bce60b4f,16111,sentence1,15,search,1
ec38f4b968fb27ec1f90ce0963e53eab707827877eb07b9ebbfce8df8058ea7f,minn . terminal reopens after bag causes evacuation,ec38f4b968fb27ec1f90ce0963e53eab707827877eb07b9ebbfce8df8058ea7f,4203,sentence1,13,search,2
ec49e3ff26fd1a2b458c78f52a5a5e2e376745c8226291df86e1fb119152639d,A dog is caught mid air with a ball,ec49e3ff26fd1a2b458c78f52a5a5e2e376745c8226291df86e1fb119152639d,18827,sentence1,10,search,7
ec4ebb607e500352fcc35c5d6bd0c25b5bdf7a33b855f612bca7a8a3ae818c02,There is no lady walking in body paint in front of a crowd,ec4ebb607e500352fcc35c5d6bd0c25b5bdf7a33b855f612bca7a8a3ae818c02,7022,sentence1,14,search,0
ec5416779fbea8a925a07c9e4b1b7b94d547e442b52ace396e68a666cb03d61b,a man in a black leather jacket falls asleep on public transportation .,ec5416779fbea8a925a07c9e4b1b7b94d547e442b52ace396e68a666cb03d61b,11252,sentence1,16,search,6
ec672250daed8734680cdf0b3e45a7facb9e37e34c922451287ba04f0adf5705,"microsoft issued a patch for the vulnerability , which affects windows nt 4.0 , windows nt 4.0 terminal services edition , windows 2000 , windows xp and windows server 2003 .",ec672250daed8734680cdf0b3e45a7facb9e37e34c922451287ba04f0adf5705,9112,sentence2,47,search,2
ec771455075d6d8aacfff8be0b14c1753093cf308d89b1b88e90aeef9377eafe,he hasn 't been funny in years .,ec771455075d6d8aacfff8be0b14c1753093cf308d89b1b88e90aeef9377eafe,33276,sentence1,13,search,6
ec8e92746bdf9cd663923c6d8e751cfc385268e172efcb670797e7cbb7a5895b,"egypt braces for more protests over morsi , prays for calm",ec8e92746bdf9cd663923c6d8e751cfc385268e172efcb670797e7cbb7a5895b,10632,sentence1,22,search,2
ecbd57373fd7dd6fe3f3276cbf0f74e4ddebc6fbe4b19cd561b440ef691df350,speed up the process of,ecbd57373fd7dd6fe3f3276cbf0f74e4ddebc6fbe4b19cd561b440ef691df350,3577,sentence1,5,search,5
ecc264419e6ec9833bbf5c9d50290a563f75a6783af246a49c9b3f1b9464238c,"i went to see another male friend last night who i know has a thing for me , and he started hitting on me and i let him have sex with me , until i realised i couldn 't do it and stopped and made him take me home .",ecc264419e6ec9833bbf5c9d50290a563f75a6783af246a49c9b3f1b9464238c,16166,sentence2,65,search,5
ecd27562459762d29be848fcdffb900fb17585da57cc6db619040b3709a4113d,russia finds dead lawyer magnitsky guilty in posthumous trial,ecd27562459762d29be848fcdffb900fb17585da57cc6db619040b3709a4113d,11543,sentence2,15,search,3
ecdb8dc447e5188900c526cd53e95b4fca425a7ff6343bf2d6fd340d364e9f5d,iran says nuclear talks to resume next month,ecdb8dc447e5188900c526cd53e95b4fca425a7ff6343bf2d6fd340d364e9f5d,12284,sentence1,10,search,2
ecf059af96713973792fa54f478da95f98530af1cb0b624e0c8100428dc96827,the battery is contained in a closed path,ecf059af96713973792fa54f478da95f98530af1cb0b624e0c8100428dc96827,9786,sentence1,9,search,0
ecf61c23648a9070c0f6bb55d44e68b57b5bc9b6857d081b09b3c19274c564d5,world 's best place for water rafting ?,ecf61c23648a9070c0f6bb55d44e68b57b5bc9b6857d081b09b3c19274c564d5,11231,sentence2,13,search,4
ed3953b7d2a5a84e6b27c3415831957924a4092b8c95b93da873b9702eb370d1,three dogs swim in the water .,ed3953b7d2a5a84e6b27c3415831957924a4092b8c95b93da873b9702eb370d1,12501,sentence2,8,search,7
ed5f2912763f531f3fdde16880bc925413a7f8c58db72dae43e9aba3bc8e6917,The woman and the man are travelling by car,ed5f2912763f531f3fdde16880bc925413a7f8c58db72dae43e9aba3bc8e6917,12116,sentence1,9,search,1
ed7727490f5e9981cf4729e134dc5d7a4e137e187b0a492cb992b4e2f1d2b079,selenski had served about seven years in prison for bank robbery .,ed7727490f5e9981cf4729e134dc5d7a4e137e187b0a492cb992b4e2f1d2b079,4140,sentence2,19,search,3
ed8649e6dd806a387fadf5f45e1399d7f188d9f545b7ebe098b105c55fa65a75,A young blonde girl wearing a helmet sits with a red bicycle behind her.,ed8649e6dd806a387fadf5f45e1399d7f188d9f545b7ebe098b105c55fa65a75,10459,sentence1,18,search,1
ed94d04a6453ba4c3221346cf6cdbcecab88d2db7f98ca2702a12082a7b517a6,"britz earned $ 3.77 million in salary , bonus and other compensation , and kinney earned $ 3.76 million .",ed94d04a6453ba4c3221346cf6cdbcecab88d2db7f98ca2702a12082a7b517a6,22153,sentence2,28,search,2
edd4c87b877922962b32f01ab706d1fdf00197ac5b22804b05be3749e232dc70,israel detains 37 palestinians as arrest operation continues,edd4c87b877922962b32f01ab706d1fdf00197ac5b22804b05be3749e232dc70,11407,sentence2,14,search,3
ede919e8244a815a85e242d529888d6a7e751b6f858d856a2fe462e5540db134,you 're not talking about current events .,ede919e8244a815a85e242d529888d6a7e751b6f858d856a2fe462e5540db134,21409,sentence2,11,search,0
edeb04789dc7cbe9601429a5b4640834abcb428f3983595bd9d6333647e8ec04,"The tech-heavy Nasdaq Composite Index .IXIC was off 0.11 percent, or 1.78 points, at 1,594.13.",edeb04789dc7cbe9601429a5b4640834abcb428f3983595bd9d6333647e8ec04,32238,sentence1,33,search,2
edf7a5e845c9be3116e830a6bc4ba39b995040f97925a6943da3ff66c6607a56,The woman is cleaning a shrimp,edf7a5e845c9be3116e830a6bc4ba39b995040f97925a6943da3ff66c6607a56,23568,sentence2,7,search,1
ee02953a7706d2701120418bbf91c1766dc6b8f093682401c5e06c55f4090fc3,"there is a very good reason not to refer to the queen 's spouse as "" king "" - because they aren 't the king .",ee02953a7706d2701120418bbf91c1766dc6b8f093682401c5e06c55f4090fc3,22112,sentence2,36,search,0
ee16ce4f4bed71d1cf093b1389fa00756ea704a70744c8bafef4159f97cfccce,Russia detains suspected Islamist militants in Moscow raid,ee16ce4f4bed71d1cf093b1389fa00756ea704a70744c8bafef4159f97cfccce,317,sentence1,12,search,3
ee3fe44336f569967859ef32818140482f62e332f265eafb42c7af8840956c7a,the lady broke raw eggs into a bowl .,ee3fe44336f569967859ef32818140482f62e332f265eafb42c7af8840956c7a,22501,sentence2,11,search,1
ee5ab228a541fcbcc80756dcc5bfa5f1f894a9c9f9011a430c9103d6cb8aba21,bangladesh garment factory fire ' kills 8',ee5ab228a541fcbcc80756dcc5bfa5f1f894a9c9f9011a430c9103d6cb8aba21,31307,sentence1,13,search,3
ee5ff74a8adfce4e8b1a646cfccb9c561da2fbbe3e1ee0d2213382f480f56f2c,a terminal is connected to the negative battery terminal,ee5ff74a8adfce4e8b1a646cfccb9c561da2fbbe3e1ee0d2213382f480f56f2c,19416,sentence1,10,search,5
ee6f33cc97080f0744f0d35b0a63ef2960a0a21eb97c41f483f0afd208da4eae,A horse and its rider are not leaping over a barrier,ee6f33cc97080f0744f0d35b0a63ef2960a0a21eb97c41f483f0afd208da4eae,1130,sentence1,14,search,0
ee81ffeab042e46b060ad47a86d12deb02922dd83ea949952436b731a1682870,A white and grey cat in a bathroom sink looking at the camera.,ee81ffeab042e46b060ad47a86d12deb02922dd83ea949952436b731a1682870,7131,sentence1,15,search,7
ee85fe2e8d1def2f616375421b73313183b2d645c3127e118aca2b4a5bfcdeac,how can i get rid of fleas in my crawlspace forever ?,ee85fe2e8d1def2f616375421b73313183b2d645c3127e118aca2b4a5bfcdeac,1400,sentence1,17,search,5
ee9d673be55a75d44cbea35a288e2a317b922a4060c9b95c31e9842c35703a78,Someone is not putting ingredients into a wok,ee9d673be55a75d44cbea35a288e2a317b922a4060c9b95c31e9842c35703a78,18714,sentence1,11,search,0
eee75241368d9d0057b14964ca3d08a8f23a881f3aec0dd15ce166b75c007832,"In addition to O'Connor, Rehnquist's majority opinion was joined by Justices David Souter, Ruth Bader Ginsburg, and Stephen Breyer.",eee75241368d9d0057b14964ca3d08a8f23a881f3aec0dd15ce166b75c007832,14056,sentence1,37,search,2
eee8eaec669a5974169d5115f3684edf512e698683aa40874765a26c19d659d0,"the act of clipping , cutting",eee8eaec669a5974169d5115f3684edf512e698683aa40874765a26c19d659d0,453,sentence2,8,search,5
eef57286384e99bade65a838f527afafdf47d5d778dfe307fb7f6461f3936b4a,because there is a gap because bulb b is damaged,eef57286384e99bade65a838f527afafdf47d5d778dfe307fb7f6461f3936b4a,21693,sentence1,12,search,5
ef02bb16bead5f555f35917448e803ac325d3392aab76c434f0af913213fc27a,a white sheep on a hillside looking at the camera .,ef02bb16bead5f555f35917448e803ac325d3392aab76c434f0af913213fc27a,6207,sentence2,15,search,7
ef302d4751cc359450d6b6adab3a0847f8609d98ba62854f4611ef30e4df37cc,A man is putting seasoning on a pizza,ef302d4751cc359450d6b6adab3a0847f8609d98ba62854f4611ef30e4df37cc,21195,sentence2,11,search,6
ef45c7094dc33e6f87057ca3ec823a63da72373d1aaf6518adf51e938d39cfa6,Two sumo wrestlers are fighting,ef45c7094dc33e6f87057ca3ec823a63da72373d1aaf6518adf51e938d39cfa6,16266,sentence2,8,search,4
ef5031bd64e020b635441b952ad3a28e6e3fd4fd342a563dcbb59ac034134e89,an image that is generated by a computer .,ef5031bd64e020b635441b952ad3a28e6e3fd4fd342a563dcbb59ac034134e89,12276,sentence2,11,search,5
ef5de8e48cfa3a924dbd1161c5aae182d64c122781805584fe6c76b5fdc73acd,"Syrian forces shell towns, clash with rebels",ef5de8e48cfa3a924dbd1161c5aae182d64c122781805584fe6c76b5fdc73acd,2689,sentence1,9,search,3
ef624333d08e21fd3dbb8159022ab06a96e89ee627b11d270cfd1da62fb6a13d,a man is skating .,ef624333d08e21fd3dbb8159022ab06a96e89ee627b11d270cfd1da62fb6a13d,25428,sentence2,7,search,6
ef6cd8c5a719d0336be6b8053c28d6a45acab939258e9699c31f6d0d6291134d,"fundimental difference , please ?",ef6cd8c5a719d0336be6b8053c28d6a45acab939258e9699c31f6d0d6291134d,442,sentence2,9,search,5
ef81e30501feb0f6a1145033c0c715af5f1d282d668c9087cd2de8f400996684,agreed- no need to flog this deceased equine .,ef81e30501feb0f6a1145033c0c715af5f1d282d668c9087cd2de8f400996684,20388,sentence2,15,search,0
ef8c028b93883ad8fe74032651275e9c37d2675215f961b2eea2d9c35012aa4d,A man is riding a dirt bike down a dirt hill,ef8c028b93883ad8fe74032651275e9c37d2675215f961b2eea2d9c35012aa4d,19371,sentence1,13,search,6
ef8c88a2fc54200f0409c6d29c2799c9914d8b6a61c52c58a306fabccb5582fc,an automobile race run over public roads .,ef8c88a2fc54200f0409c6d29c2799c9914d8b6a61c52c58a306fabccb5582fc,31387,sentence2,9,search,4
efa14b7d68df48b6d15d2c1d828c74f74fdf72960aa89ca03d0d1311edd6cd1e,The people are entering the plane.,efa14b7d68df48b6d15d2c1d828c74f74fdf72960aa89ca03d0d1311edd6cd1e,24605,sentence1,7,search,4
efb741e8c65859dee47b21459622a17d50c88026099210fa0b7b5a56c8276f35,cause to be alert and energetic .,efb741e8c65859dee47b21459622a17d50c88026099210fa0b7b5a56c8276f35,3321,sentence1,8,search,5
efbe7930333b60f4cf826b774b1ed84ec840951a805981ce27820cc4d126941b,north korea conducts third nuclear test,efbe7930333b60f4cf826b774b1ed84ec840951a805981ce27820cc4d126941b,4363,sentence2,10,search,2
efd79c62b218c0b585fad6465cf26f04ccd1cb0c1ac6faf51b739515e33f7756,not contained in a closed path,efd79c62b218c0b585fad6465cf26f04ccd1cb0c1ac6faf51b739515e33f7756,30917,sentence1,7,search,0
efecc586024cad69802c88d8bf7c2a71531403115c2020126f454dd29b2da2df,A dog is running through a pond,efecc586024cad69802c88d8bf7c2a71531403115c2020126f454dd29b2da2df,32305,sentence1,9,search,7
effae15d0733256fcc3987324cfb1da4b303f28c871e737610ec0ddf01d9a8f0,the man is catching a ball,effae15d0733256fcc3987324cfb1da4b303f28c871e737610ec0ddf01d9a8f0,3013,sentence1,8,search,6
f01a7baedca6ff0db28bc5246f0caee40ec7a0d6844a8781952b33b0762627e0,mali interim leader takes office,f01a7baedca6ff0db28bc5246f0caee40ec7a0d6844a8781952b33b0762627e0,496,sentence1,6,search,2
f041ff0244a99db8973b6e0b1d3e6ea216335334dea1159dc6be398567d181e5,"nuremberg , germany-based suse will license sun 's java 2 standard edition ( j2se ) and ship sun 's java virtual machine across its linux software line .",f041ff0244a99db8973b6e0b1d3e6ea216335334dea1159dc6be398567d181e5,11329,sentence2,49,search,2
f042cf519dfa9a095e0c8e375be5eb6d8defb476f69af4bf3f64087bf0cc6325,"i would like to remind you that among our allies , there are strong of this tax .",f042cf519dfa9a095e0c8e375be5eb6d8defb476f69af4bf3f64087bf0cc6325,1967,sentence1,22,search,2
f051bfbf30a085f2e0ee0b654712bb7d0beb2f5e17c48bd1c500ff7cbe8920e8,take out or up with or as if with a scoop .,f051bfbf30a085f2e0ee0b654712bb7d0beb2f5e17c48bd1c500ff7cbe8920e8,18756,sentence2,15,search,5
f06318bbb69455a08e1e06ec441adafe0c90a347797b7a21c59b3e5ef0c14c70,a person is peeling an eggplant .,f06318bbb69455a08e1e06ec441adafe0c90a347797b7a21c59b3e5ef0c14c70,27521,sentence2,10,search,1
f08bbf4461ea32dd368b6f6849033e939df63da0e51e41faff819a0d68f6481b,"it is when the temperature moves up to 2c above the pre-industrial level , expected in the middle of this century - within the lifetime of many people alive today - that serious effects start to come thick and fast , studies suggest .",f08bbf4461ea32dd368b6f6849033e939df63da0e51e41faff819a0d68f6481b,2186,sentence1,52,search,2
f09a3d6760705d70e6a6868daeb7e250193847178861629154a8d69c62cc2895,a woman with a big necklace .,f09a3d6760705d70e6a6868daeb7e250193847178861629154a8d69c62cc2895,32073,sentence2,10,search,1
f0baaf17249ba0e815690b88dbf7b802a4f08f5cf9600ec131ed5da50be20e02,pro-russians forces enter ukrainian naval base in crimea,f0baaf17249ba0e815690b88dbf7b802a4f08f5cf9600ec131ed5da50be20e02,15051,sentence2,16,search,2
f0bb9fc88214d02c9405289a59ba63b7bedbf43ccea325eff7891aca7627d296,defense secretary leon panetta meets pope,f0bb9fc88214d02c9405289a59ba63b7bedbf43ccea325eff7891aca7627d296,9229,sentence1,9,search,2
f116d76536b9f0f27099bc35a0fd4c3fbfee2a3c3fd83c2c7377e6980d47f138,"an offerer indicates that he or she is able and willing to give a theme to a potential _ recipient. in the absence of further qualifications , it is often understood that the potential _ recipient accepts the theme .",f116d76536b9f0f27099bc35a0fd4c3fbfee2a3c3fd83c2c7377e6980d47f138,26504,sentence1,51,search,5
f16eba06775e1d5c75ba74169c7502dbd74c7894ac4292b6b96f90e73806e27f,a negative aspect of something that is generally positive .,f16eba06775e1d5c75ba74169c7502dbd74c7894ac4292b6b96f90e73806e27f,35191,sentence2,12,search,5
f179dffb7e03d9ce303f242d2f79a11feefafcf8fad895fa4c9f7363708fdb5e,the way something is with respect to its main attributes ;,f179dffb7e03d9ce303f242d2f79a11feefafcf8fad895fa4c9f7363708fdb5e,6243,sentence2,12,search,5
f1cc20ba230a42ab5081d8a63977158af98240edd03f4133879f0f9bad558749,"Turkish PM, president clash over reply to protests",f1cc20ba230a42ab5081d8a63977158af98240edd03f4133879f0f9bad558749,22265,sentence1,10,search,3
f1cc634ea004e5e4dc9db3b5b7c3775346259cad8901b5a6c03c0922c3080638,classic crossword - saturday 20th april,f1cc634ea004e5e4dc9db3b5b7c3775346259cad8901b5a6c03c0922c3080638,8598,sentence2,15,search,5
f1d454cc993f4d80a6480dc48d17bde5678487d4bc00684dd31400264415d679,a formation of people or things one beside another .,f1d454cc993f4d80a6480dc48d17bde5678487d4bc00684dd31400264415d679,6404,sentence1,12,search,5
f1f24cd5678fd7dfdc230380a78b25f179ecd8fd90ef8093eca1e81e2ba78a2a,turkish army stages tank exercises near syria border,f1f24cd5678fd7dfdc230380a78b25f179ecd8fd90ef8093eca1e81e2ba78a2a,13125,sentence1,16,search,2
f1fad0e1ed4ba65714406b7fb84151972efe9554da8eb7558ef7e75fc5fcbb4a,a treadmill won 't prepare you for the impact of running for real .,f1fad0e1ed4ba65714406b7fb84151972efe9554da8eb7558ef7e75fc5fcbb4a,6354,sentence2,18,search,0
f216afc5790855b2af4ce0a1a27d87d53e1b1aa6a759392ce067ca0721e7a70a,bulb b and c both still are on a closed path with the battery,f216afc5790855b2af4ce0a1a27d87d53e1b1aa6a759392ce067ca0721e7a70a,649,sentence2,17,search,0
f224d4f714fe2b2e5b6a917bf9bba2859009b35aaebc442b9c2af3ab55e1df04,A man is standing on a boat in front of the sunset near a flag,f224d4f714fe2b2e5b6a917bf9bba2859009b35aaebc442b9c2af3ab55e1df04,16419,sentence1,17,search,6
f24e14b94e4399f9b6cba05ee4eb632ed16d943d97def5559901bf3843067ee5,unsparing and uncompromising in discipline or judgment ;,f24e14b94e4399f9b6cba05ee4eb632ed16d943d97def5559901bf3843067ee5,346,sentence2,12,search,5
f254a0c36debca6f74964aba7f7df7640df9f399e0910aad060236ee397030a5,informal terms referring to a domestic cat .,f254a0c36debca6f74964aba7f7df7640df9f399e0910aad060236ee397030a5,6683,sentence1,11,search,5
f25975b0c2ed11df9447d8963d0addc2759af48b681dceaed451813357b8737c,because the the circuit is complete .,f25975b0c2ed11df9447d8963d0addc2759af48b681dceaed451813357b8737c,12530,sentence2,8,search,5
f25ef6153665d52a312b53fccab4adb695a09a88323c7ae156c8ecf3f0448ce1,A few women are holding each other and dancing together,f25ef6153665d52a312b53fccab4adb695a09a88323c7ae156c8ecf3f0448ce1,12026,sentence1,10,search,4
f26a911fb9db8fd117bb94b8fdc29083c4ed9a1563c40d53c475ea58ae239fae,4 people are riding bikes,f26a911fb9db8fd117bb94b8fdc29083c4ed9a1563c40d53c475ea58ae239fae,18174,sentence1,5,search,4
f27d119187fe3b8835619a365feb7c6f68e3a9e31dd5dcc90f7e5f7528978c59,a woman riding a bicycle on a large concrete area .,f27d119187fe3b8835619a365feb7c6f68e3a9e31dd5dcc90f7e5f7528978c59,1258,sentence2,15,search,1
f29b65eeead15c0391773c997d557b0d2ac81039d095b9d2d15a883951c1759a,the measures could be taken up by the full senate as early as friday .,f29b65eeead15c0391773c997d557b0d2ac81039d095b9d2d15a883951c1759a,37160,sentence2,20,search,2
f2c81410481d48b968289a9ad80d0fada7db86ac305d84c06ae18504b3f86e4a,Some people at a drag race are looking at the flames that are coming out of the cars,f2c81410481d48b968289a9ad80d0fada7db86ac305d84c06ae18504b3f86e4a,5336,sentence2,20,search,4
f2d7c710da9d0874277c37e9ebdc832c29ebe7013372975e1e12e78a1459801d,A guy is cheerfully playing with a footbag,f2d7c710da9d0874277c37e9ebdc832c29ebe7013372975e1e12e78a1459801d,1015,sentence1,11,search,6
f2ee4013e4212744dfa6b8e92885a891d2d9fe9346b3476deaf5e5803746aafe,kittens are eating food on trays .,f2ee4013e4212744dfa6b8e92885a891d2d9fe9346b3476deaf5e5803746aafe,3008,sentence2,10,search,7
f31191f6a4ddf4e97b4fc2a40cb581d0cc9a74d179ccb384d5cd8bb52dd8202c,originally posted by lone fox and it 's not all iranian related either .,f31191f6a4ddf4e97b4fc2a40cb581d0cc9a74d179ccb384d5cd8bb52dd8202c,15491,sentence2,24,search,2
f31a2d1284342bb1c89127424497377df01980250bb1c149848112aa3968cd66,A woman is dancing in the rain.,f31a2d1284342bb1c89127424497377df01980250bb1c149848112aa3968cd66,3058,sentence1,8,search,1
f32fb2bc7274e76b8042b203eb934ec1337fe175aea4b8b5231fe18432614f8c,A car is pulling off the side of the road onto the street.,f32fb2bc7274e76b8042b203eb934ec1337fe175aea4b8b5231fe18432614f8c,20,sentence2,14,search,4
f358f628a95d846d58348d1a958a2e644f9dec4fc5040a5dd8fe8d10f8b5a5aa,this can be useful when the number of times a word appears is not considered important .,f358f628a95d846d58348d1a958a2e644f9dec4fc5040a5dd8fe8d10f8b5a5aa,3546,sentence1,19,search,5
f36738dcf1c762e0d911b73b17a054726e3254a48a469d8456b93f92a3ccc97b,assad warns turkey of ' heavy price ' for backing syrian rebels,f36738dcf1c762e0d911b73b17a054726e3254a48a469d8456b93f92a3ccc97b,6157,sentence1,22,search,2
f3721437f3d622ad6cd5f57a1e8bf436166c90fa6bd9aa5aba406edac124f6d2,a white dog running on sand .,f3721437f3d622ad6cd5f57a1e8bf436166c90fa6bd9aa5aba406edac124f6d2,31646,sentence1,11,search,7
f38e508474f792ea7cf61ac2ba6890df3f96e5ff80146b2c792c75746dc757b5,A cow is eating hay,f38e508474f792ea7cf61ac2ba6890df3f96e5ff80146b2c792c75746dc757b5,510,sentence2,6,search,7
f3c42dcee20a68fbadc8b2c24fa4f96aa3d49a59db32414f8d483e04c6a27574,peacekeeper killed in abyei clash,f3c42dcee20a68fbadc8b2c24fa4f96aa3d49a59db32414f8d483e04c6a27574,5668,sentence2,10,search,3
f3e4ce3d559f9dd2bb9729451e3777c50c4367ad75362abde0469410dfc9d348,ten killed in alaska plane crash,f3e4ce3d559f9dd2bb9729451e3777c50c4367ad75362abde0469410dfc9d348,30654,sentence2,9,search,3
f3ec5f4ec696e5635d93c8240f5d6eb023236b87e94f4844d7fb780450e3163b,a dog is pulling a girl down a hill .,f3ec5f4ec696e5635d93c8240f5d6eb023236b87e94f4844d7fb780450e3163b,7037,sentence2,14,search,7
f3f5b260c2eb2fb74773477987a984c4a9ee31bcb587c65c7b272b3ea200d7ba,a woman is peeling garlic .,f3f5b260c2eb2fb74773477987a984c4a9ee31bcb587c65c7b272b3ea200d7ba,13771,sentence2,9,search,1
f42f01cc9c4f2bb2f237f4d3db7db64723eb574be16edf3a9644594fd1203d52,japan defends dolphin hunt after us criticism,f42f01cc9c4f2bb2f237f4d3db7db64723eb574be16edf3a9644594fd1203d52,14506,sentence2,9,search,2
f440fb9b036e3368d491260bec0e8291984792dd6e3871395e462aaea6da09c1,"many different ways of calculating these values , also known as ( term ) weights , have been developed .",f440fb9b036e3368d491260bec0e8291984792dd6e3871395e462aaea6da09c1,25404,sentence1,26,search,5
f4418d2696bdf4e1f76fd004d6a96b05d12b5edcc52a0931aa9ce85543fee443,Three men are jumping off a tall wall,f4418d2696bdf4e1f76fd004d6a96b05d12b5edcc52a0931aa9ce85543fee443,30553,sentence1,9,search,4
f44ba4753efd2bcb350ce86f42bb5445f979259e99fd642491fb2754c6bbf9e9,The commission estimated California lost $937 million to corporate tax shelters in 2001.,f44ba4753efd2bcb350ce86f42bb5445f979259e99fd642491fb2754c6bbf9e9,22036,sentence1,16,search,3
f454abfa098bc4fed11036a8fe2d4a299f2baffa5b0d0ad15dbda81abc5a33d6,a man is crying .,f454abfa098bc4fed11036a8fe2d4a299f2baffa5b0d0ad15dbda81abc5a33d6,873,sentence1,7,search,6
f45ba9a77395e6faf3b4ef7c17e6af7b517f1d951d2fc3280ba3d240cca0f2fc,world 's oldest person dies in japan at 116,f45ba9a77395e6faf3b4ef7c17e6af7b517f1d951d2fc3280ba3d240cca0f2fc,23049,sentence1,14,search,3
f467be47284527c023092ff6a40e6bf1f477774a5c6aa1a4925c5c9c426747dd,a man walking a large black horse .,f467be47284527c023092ff6a40e6bf1f477774a5c6aa1a4925c5c9c426747dd,8145,sentence2,11,search,6
f47e321f0e3847c2332fc0dc7d9d1b4c91c072aad5b27aa2a5d79179334164e7,US files espionage charges against Snowden over leaks,f47e321f0e3847c2332fc0dc7d9d1b4c91c072aad5b27aa2a5d79179334164e7,31524,sentence2,14,search,3
f47f809e8e704182b792fd2c0d8c508b3a4be89688d1f7d8403feda17a130160,"the offer is also subject to goldman signing an agreement with drax 's senior banks , senior bond holders and hedging banks by sept . 30 , it said .",f47f809e8e704182b792fd2c0d8c508b3a4be89688d1f7d8403feda17a130160,30185,sentence2,41,search,2
f4a8c4fc82d5a0a5b0ed2163eabf1312fa9e6f91ae74819ec1c5a692fb806f44,how can i remove a stuck screw that will still turn ?,f4a8c4fc82d5a0a5b0ed2163eabf1312fa9e6f91ae74819ec1c5a692fb806f44,33050,sentence2,15,search,5
f4aa502c7134a23aa1b511e34e61ff677747f1d206252432979aef017354a6ed,"sure , i 've done this very trip .",f4aa502c7134a23aa1b511e34e61ff677747f1d206252432979aef017354a6ed,17330,sentence1,14,search,5
f4df634d205ee4b9ac81a9a9c185b750ae102a8149d183712e3c1c4ad0464d61,the cook is kneading the flour .,f4df634d205ee4b9ac81a9a9c185b750ae102a8149d183712e3c1c4ad0464d61,28527,sentence2,14,search,1
f4e0efdd1065b28616581f7f9e7f4c5f0a66ef8a3e09f1ca836b0614cc9a0fb7,this is not a good idea .,f4e0efdd1065b28616581f7f9e7f4c5f0a66ef8a3e09f1ca836b0614cc9a0fb7,10530,sentence2,9,search,5
f4f3586027a29666aba5fb0c43ba0fc8707326254ff66ce55e90f83c691b0bc4,owner arrested as bangladesh building toll reaches 372,f4f3586027a29666aba5fb0c43ba0fc8707326254ff66ce55e90f83c691b0bc4,21522,sentence2,14,search,3
f50ea14ba13a21f3be573bfd562999a038c75d59c59b9314c8382b6b9775f194,Our current vehicles will be in museums when everyone has their own aircraft.,f50ea14ba13a21f3be573bfd562999a038c75d59c59b9314c8382b6b9775f194,4311,sentence2,14,search,2
f5305cbfb7198bf496cb1d89d7f2120ba91cc6ed21d8f2f9a3cb4c99f74071c2,save or relieve from an experience or action .,f5305cbfb7198bf496cb1d89d7f2120ba91cc6ed21d8f2f9a3cb4c99f74071c2,2327,sentence1,10,search,5
f54bab750d701c2c7ab0ce5065594f2d10ad1f07cccb06f4c7354c612ab35aea,a man is stabbing a target .,f54bab750d701c2c7ab0ce5065594f2d10ad1f07cccb06f4c7354c612ab35aea,13622,sentence1,11,search,6
f55fa47771992d03787c4a6b914d8a48f20e5350430df46ef81f010f61d95160,a woman is deboning a fish .,f55fa47771992d03787c4a6b914d8a48f20e5350430df46ef81f010f61d95160,8503,sentence2,12,search,1
f56b678890ed615b03798bbdde81eec0bc8f6b5a24ff54dbacb6dcc1e5154807,bulbs b and c were in a closed paty with the battery .,f56b678890ed615b03798bbdde81eec0bc8f6b5a24ff54dbacb6dcc1e5154807,26142,sentence1,18,search,0
f59809ff8479f1e17ac068140695d344e3a66971f40f90219a16ccb339728ac4,I think it's a bad idea.,f59809ff8479f1e17ac068140695d344e3a66971f40f90219a16ccb339728ac4,5161,sentence1,10,search,5
f5a1920e126937bb400fd981ec537f2a477783c02512f24bd3cd67e2a323bb56,"reduce or cause to be reduced from a solid to a liquid state , usually by heating .",f5a1920e126937bb400fd981ec537f2a477783c02512f24bd3cd67e2a323bb56,9320,sentence1,22,search,5
f5af595f0820f716171d88f98476a2b676d864f4f975b14d394aa395b6d1ea18,"a false allegation , allie .",f5af595f0820f716171d88f98476a2b676d864f4f975b14d394aa395b6d1ea18,36559,sentence2,13,search,5
f5bdf1b810a6fd51bb7c805b6ffa9c18eb88e765fa0d7a9a831730a115157f40,The man dressed in chaps made of leather and a purple shirt is standing in front of some onlookers,f5bdf1b810a6fd51bb7c805b6ffa9c18eb88e765fa0d7a9a831730a115157f40,9220,sentence1,23,search,6
f5f6ebebff5453e55c96b708ced5caff1070e8644084597777a55b86ac962e69,12th month of the calendar year,f5f6ebebff5453e55c96b708ced5caff1070e8644084597777a55b86ac962e69,8474,sentence1,7,search,5
f61869e055ddb74c03a01437d5a88d2518860396acfabda1bb7f9d09a8dc4a59,"A biker with a blue jacket, black pants and a white helmet is parking on dirt and people are not watching",f61869e055ddb74c03a01437d5a88d2518860396acfabda1bb7f9d09a8dc4a59,806,sentence1,25,search,6
f61a2f71ac7b538d9d12fd8b93e6d2b8c6b0afb21f8051b30e5761e73116b217,"No, it makes no difference.",f61a2f71ac7b538d9d12fd8b93e6d2b8c6b0afb21f8051b30e5761e73116b217,13107,sentence1,7,search,0
f620024aa7cd36028d0e30b16a3f1d4100f7d6ff5aa84394ca27b754d61060d2,excuse some minor social infraction ; accept an excuse for something .,f620024aa7cd36028d0e30b16a3f1d4100f7d6ff5aa84394ca27b754d61060d2,7186,sentence2,15,search,5
f6344f8a5709c303d4dd43b1318aa642bcaadd70fa30354b5b6cfa0fb0d0429e,a dog is riding a skateboard .,f6344f8a5709c303d4dd43b1318aa642bcaadd70fa30354b5b6cfa0fb0d0429e,27094,sentence1,11,search,7
f6608c55f0b1b37f5170c0cf5d408fa8ff1e9fd5a564813eb4aaa080572735bd,a onion is being sliced .,f6608c55f0b1b37f5170c0cf5d408fa8ff1e9fd5a564813eb4aaa080572735bd,9890,sentence1,9,search,1
f6bd43eb82c229c5592c5525599ac51c1159264b3e86cd4673b8f3b58e15a300,i 'd say it depends what conditions you have .,f6bd43eb82c229c5592c5525599ac51c1159264b3e86cd4673b8f3b58e15a300,29289,sentence2,14,search,5
f70666d992b4c7bdb0f1a4a1480147774fdb8511c416203c96f4ec3b2f2af74b,Necrotic death was augmented when caspase activities were compromised by either viral or chemical inhibitors.,f70666d992b4c7bdb0f1a4a1480147774fdb8511c416203c96f4ec3b2f2af74b,35424,sentence1,22,search,3
f70b19b3a9574db712f1344b38658fc6701dbe8a67589039f34a4af9966ada3d,"stop for a moment , as if out of uncertainty or caution .",f70b19b3a9574db712f1344b38658fc6701dbe8a67589039f34a4af9966ada3d,2519,sentence1,17,search,5
f744bec85c98206ff9743d120ecdda95e17683fbdd42c2cced00496ea4dd896a,mother held over daughter 's death a mother has been remanded in custody charged with murder after her eight-year-old daughter was found dead in a block of flats .,f744bec85c98206ff9743d120ecdda95e17683fbdd42c2cced00496ea4dd896a,8355,sentence1,43,search,3
f75a1733b87b7027e65fe1df46e9ae20da699b92a5ccb0f074a7623756601c14,A man is talking to a woman,f75a1733b87b7027e65fe1df46e9ae20da699b92a5ccb0f074a7623756601c14,30382,sentence1,8,search,6
f75ca20bc4fb90a42d86cb1d34250d48a674d58b0d506ae0319645f415e8a9e5,there is a closed path,f75ca20bc4fb90a42d86cb1d34250d48a674d58b0d506ae0319645f415e8a9e5,15454,sentence2,6,search,0
f78659eacd51b794794f157d465b7798dbdabd7004d2f4138516d1dff7884330,The compensation committee will prohibit securities industry directors from sitting on it.,f78659eacd51b794794f157d465b7798dbdabd7004d2f4138516d1dff7884330,27125,sentence1,13,search,2
f788525c6ec6db4b87781ae411e91c071887fe14d77fd70b5abc2cc29546c867,"they don 't taste identical at all , and even more important , they don 't smell the same .",f788525c6ec6db4b87781ae411e91c071887fe14d77fd70b5abc2cc29546c867,36554,sentence1,27,search,0
f7be24763a9051c4518981466429626110cb086ad4398e8bd10c0be5b272f78a,The woman is not chopping garlic,f7be24763a9051c4518981466429626110cb086ad4398e8bd10c0be5b272f78a,18316,sentence1,8,search,1
f7c448970de6a588deade48740bda7bb8bbe81dbf702cc5a5cb73509b3052fb6,a fruiting structure resembling an umbrella or a cone that forms the top of a stalked fleshy fungus such as a mushroom .,f7c448970de6a588deade48740bda7bb8bbe81dbf702cc5a5cb73509b3052fb6,1371,sentence2,38,search,5
f7c67f2f6457a1e045a71787fdc5c0389e11dc8965f6adca619adb58c702edb8,other separate unfortunately because of a grudge accumulated .,f7c67f2f6457a1e045a71787fdc5c0389e11dc8965f6adca619adb58c702edb8,16341,sentence2,13,search,3
f7dceda807b7119314b53e81b61915deed0c93b7943a4ee63efa537db6558e12,indicate a decision in regard to .,f7dceda807b7119314b53e81b61915deed0c93b7943a4ee63efa537db6558e12,2337,sentence2,9,search,5
f7f5f59785196c7ce07880185e36249aa788c76023f6b0e406dee51d56a0683b,lower than per cent but not very low .,f7f5f59785196c7ce07880185e36249aa788c76023f6b0e406dee51d56a0683b,21262,sentence1,10,search,5
f7f9385623241371e96e50890fe5442473347844b95a833a96ac54a4ecd309f8,a man is staring out the window .,f7f9385623241371e96e50890fe5442473347844b95a833a96ac54a4ecd309f8,16195,sentence2,11,search,6
f81d9c7fd9f0ad9fc050e7af9a475c87f10298286f52744504232062fed2018e,"a surrogate expression , utterance for a taboo word",f81d9c7fd9f0ad9fc050e7af9a475c87f10298286f52744504232062fed2018e,1627,sentence2,18,search,5
f8481c37377c480e2d20263193df371c63a933f8e65629f45a805c8c8d88827b,a race care driving along a dirt road .,f8481c37377c480e2d20263193df371c63a933f8e65629f45a805c8c8d88827b,35075,sentence1,12,search,4
f84db1b14246eb8bea9061a36b9ef2cac74e7b9bd52441bcdb9d7941079a0c14,"pakistan taliban vows revenge , to repay hakimullah 's killing in bloodshed",f84db1b14246eb8bea9061a36b9ef2cac74e7b9bd52441bcdb9d7941079a0c14,9135,sentence2,28,search,3
f87cef11c77de45a8556444bea6b8c0c1347be92d9741a31d9fa0a2f28b8d0c0,sailboat sailing on a cloudy day .,f87cef11c77de45a8556444bea6b8c0c1347be92d9741a31d9fa0a2f28b8d0c0,33343,sentence1,11,search,4
f89fbb09f5acf0bd4751281871478a80d1873461467247c4af0a6ee9022d2eef,A woman in a white dress and a woman in a blue dress are standing on a stage,f89fbb09f5acf0bd4751281871478a80d1873461467247c4af0a6ee9022d2eef,24731,sentence1,22,search,1
f8bcda78c3edef597eb42db52d95e27d3212c3a80cbbf356439bbf4549b89e26,how can i repair a towel rack that was ripped out of the wall ?,f8bcda78c3edef597eb42db52d95e27d3212c3a80cbbf356439bbf4549b89e26,24194,sentence1,19,search,5
f8c4aa5a3cb7f7fe79ba0f7cbb380b5d5dbaef55d6ba5333bf1e8364737bfe57,A man on a bicycle is riding on the beach,f8c4aa5a3cb7f7fe79ba0f7cbb380b5d5dbaef55d6ba5333bf1e8364737bfe57,9009,sentence1,11,search,6
f8c5c17cd2f5dc8eb036582ca63de15efa91d7e889717b32b159b8743f62e824,if a statement is not provable an inconsistency or self-contradiction may or will develop that invalidates the system .,f8c5c17cd2f5dc8eb036582ca63de15efa91d7e889717b32b159b8743f62e824,36446,sentence2,32,search,5
f8d548ea11dd7e768613bded3dead8ad8e7d44aecd1fe70d033ab1bc3d68c539,""" being against using nukes "" means "" not wanting to use nukes "" .",f8d548ea11dd7e768613bded3dead8ad8e7d44aecd1fe70d033ab1bc3d68c539,8536,sentence1,18,search,2
f8d99e66da8502ecb82e1a6a231e3417238de26caaf06e786ad6eba73520749e,""" it 's a huge black eye , "" said publisher arthur ochs sulzberger jr . , whose family has controlled the paper since 1896 .",f8d99e66da8502ecb82e1a6a231e3417238de26caaf06e786ad6eba73520749e,558,sentence2,44,search,2
f8f90fb56ce84e2ac088ee9ee22811712c29f05861fc2e253cf85a548c05055e,fishing-exhaust by allowing to pull on the line,f8f90fb56ce84e2ac088ee9ee22811712c29f05861fc2e253cf85a548c05055e,2645,sentence2,13,search,5
f912e5551224f4d4652837b5a26c5901b2df49995f71d837501d8e9b8dfccf73,casey anthony has two of her four convictions thrown out .,f912e5551224f4d4652837b5a26c5901b2df49995f71d837501d8e9b8dfccf73,20254,sentence1,18,search,3
f92dadbd50452ddba1df15e9b1eb4ce147adfdc060f48dec61c44547a7f2c147,mohammed elbarade is the international atomic energy agency 's director general .,f92dadbd50452ddba1df15e9b1eb4ce147adfdc060f48dec61c44547a7f2c147,14697,sentence2,23,search,2
f932d03d8a8efcedfe98e39d8cc226a990b61e694986a829f972bf032bb4c7c9,i think it 's fine to ask this question .,f932d03d8a8efcedfe98e39d8cc226a990b61e694986a829f972bf032bb4c7c9,26529,sentence1,14,search,5
f93594053ffd8bfab7497162f9ad4390931d592c263fee8d16fbae0e409e9f40,Oscar Pistorius 'shot Steenkamp in bathroom',f93594053ffd8bfab7497162f9ad4390931d592c263fee8d16fbae0e409e9f40,6353,sentence1,15,search,3
f947e22dc2baa10c8e6dff4b70b366e822afffecabb6e3979dae4137f9a93ac7,it is of our duty to continue to support latvia on the question of the integration of the russian population .,f947e22dc2baa10c8e6dff4b70b366e822afffecabb6e3979dae4137f9a93ac7,15268,sentence1,26,search,2
f94fd401c18a39e70af87a61db343e562c0c20dd2f014ecf6b5308983d82a8c1,search ( as the bottom of a body of water ) for something,f94fd401c18a39e70af87a61db343e562c0c20dd2f014ecf6b5308983d82a8c1,6410,sentence1,15,search,5
f954c9d8b9e4fb972422e11bf16093bc7a440b8907c9c3d0167fa8d9d865c410,u.k. prime minister defends decision to seek e.u. vote,f954c9d8b9e4fb972422e11bf16093bc7a440b8907c9c3d0167fa8d9d865c410,30428,sentence2,18,search,2
f9753855d043d21c1151db522a950442c25f8bbd0657bd4f5c776be961dce1a6,An animal is looking around,f9753855d043d21c1151db522a950442c25f8bbd0657bd4f5c776be961dce1a6,27276,sentence2,5,search,7
f97cd2e69a1c8233343349c8bd2121c7969d2de19a080d467d5050c7c8b6c55a,"an agent or entity becomes sufficient enough to meet a standard. alternatively , an action or occurrence can be thought of as event that fulfills a standard. in this frame , the agent , entity , or event can be conceptualized as being on a scale where a change of value or circumstances brings it in line with the position of the standard on the scale .",f97cd2e69a1c8233343349c8bd2121c7969d2de19a080d467d5050c7c8b6c55a,22402,sentence2,82,search,5
f97fd5c8ec5a44035c3e8915ff28349c46dfca3eceb968b74389a42d9ad590c9,us stocks ease in choppy trading,f97fd5c8ec5a44035c3e8915ff28349c46dfca3eceb968b74389a42d9ad590c9,24724,sentence1,8,search,2
f9842decd9aba34ee04471efda5c754d64a6e40824a2361cf0b77413e788f09d,it always has the same voltage due to a chemical reaction inside of it,f9842decd9aba34ee04471efda5c754d64a6e40824a2361cf0b77413e788f09d,33289,sentence2,15,search,5
f9a9c798076853e21bc6ac0a01fc67378d831f705a0c7f6a4fba96e532af07bf,israeli army kills 3 palestinian militants in west bank clashes,f9a9c798076853e21bc6ac0a01fc67378d831f705a0c7f6a4fba96e532af07bf,9089,sentence2,18,search,3
f9c16f5a62b676fe72f1d2bcc9e75ca47617e488c5de5b14eccfe9d510714370,the disclosure of something secret .,f9c16f5a62b676fe72f1d2bcc9e75ca47617e488c5de5b14eccfe9d510714370,1541,sentence1,7,search,5
f9da06a8dc9bd4bddb925fc2a82c061c4422dc61ffce4dbbe38ccb5a682fa75e,a man is doing a card trick .,f9da06a8dc9bd4bddb925fc2a82c061c4422dc61ffce4dbbe38ccb5a682fa75e,19410,sentence2,11,search,6
fa109f89ca9f20999e23bc5e9a66d7ea0100a49031f495aef96ff83d5be1b270,The bearded man is sitting on a train,fa109f89ca9f20999e23bc5e9a66d7ea0100a49031f495aef96ff83d5be1b270,32092,sentence2,11,search,6
fa193035116fb59e63b5576544b832d5ebfdd151b842680a331d5217e7d0a3c3,Two men talking in front of a plane.,fa193035116fb59e63b5576544b832d5ebfdd151b842680a331d5217e7d0a3c3,31411,sentence2,10,search,4
fa2f181f5552d82c1c0e6ca12addff73c4ce27f44ef74ae733b64e70c30ba66c,it would take three votes to kill the acc 's expansion .,fa2f181f5552d82c1c0e6ca12addff73c4ce27f44ef74ae733b64e70c30ba66c,783,sentence2,16,search,3
fa38c2bcd390719d08fc605e2420e825f4cc67fa6d0b885133c55079ad2a44ad,if a bulb and a switch are in the same path the switch affects the bulb,fa38c2bcd390719d08fc605e2420e825f4cc67fa6d0b885133c55079ad2a44ad,20783,sentence2,20,search,5
fa5fe4430423238378016710cff108ad6388f581d26774f9b45147d02a0ede1f,"for the record , i chopped my hair into "" the karlie "" before karlie ; )",fa5fe4430423238378016710cff108ad6388f581d26774f9b45147d02a0ede1f,25242,sentence1,25,search,5
fa626765f788bf0f44386635cd5507c8f569c8fa12a9f60d4362d89ee6303a69,but you said your clients were loosening up and starting to hire again .,fa626765f788bf0f44386635cd5507c8f569c8fa12a9f60d4362d89ee6303a69,32259,sentence1,17,search,2
fa87071215c0d45f5258a15421fae79c6ef1ccd73700018e5c0135d51cd87140,when the switch is in the same papth as the bulb .,fa87071215c0d45f5258a15421fae79c6ef1ccd73700018e5c0135d51cd87140,4616,sentence2,15,search,5
fa9ce83a0e5a9b01476f6bc7d3bc1dfabc58fe36ad2fba8f1d82cf0992cc5a81,the new law attempts to remove any legal obstacles to building more advanced spy satellites and to help innovation in japans 's space industry .,fa9ce83a0e5a9b01476f6bc7d3bc1dfabc58fe36ad2fba8f1d82cf0992cc5a81,7330,sentence1,31,search,2
faacfb987d75f338038b876c9957dc25ba0f8c511b7914df752fb2e0c715a22e,"The Dow Jones industrial average fell 10.89 points, or 0.11 percent, to 9,837.94.",faacfb987d75f338038b876c9957dc25ba0f8c511b7914df752fb2e0c715a22e,9295,sentence2,22,search,3
fab73e47d01826a5c2d656513744bda326ebf8cc9784adb1d8d5782b08b5b47e,the act of choosing among alternatives,fab73e47d01826a5c2d656513744bda326ebf8cc9784adb1d8d5782b08b5b47e,34284,sentence2,6,search,5
fabf447985fb83fcc13aec3914db59b60424f3861def33f9749adf2820c1760f,egyptians to vote for new president,fabf447985fb83fcc13aec3914db59b60424f3861def33f9749adf2820c1760f,2264,sentence2,12,search,2
fadd53338c3e378b92fe53a273b3a7f1a1ac9b0c61aff59a3e5ee3ece429f8ff,A young girl in a bikini is jumping on the beach,fadd53338c3e378b92fe53a273b3a7f1a1ac9b0c61aff59a3e5ee3ece429f8ff,9033,sentence1,14,search,4
fae2419a2481e5072e61f4e156fe78039b60b5ef1f92e8b181470d46dc5fa022,The small dog is walking outside and is carrying a colorful toy in its mouth,fae2419a2481e5072e61f4e156fe78039b60b5ef1f92e8b181470d46dc5fa022,25705,sentence1,17,search,7
fae74fa7974e9fa417744c570325fcfd593d5a6e1f2725fbd0539bbdd2f9df69,i don 't think there are any benefits .,fae74fa7974e9fa417744c570325fcfd593d5a6e1f2725fbd0539bbdd2f9df69,9133,sentence2,13,search,0
faf26721aa1fe3c3afc91cd92e84c9c83337e5474b0b4975225fa6eb2da2e036,how do i maintain a good relationship with an employer after resigning ?,faf26721aa1fe3c3afc91cd92e84c9c83337e5474b0b4975225fa6eb2da2e036,16034,sentence2,19,search,5
fb02b03a1c54669b381d8eee59d542aec306fb1f578cb872ec341246d8e295f1,the act of hindering or obstructing or impeding .,fb02b03a1c54669b381d8eee59d542aec306fb1f578cb872ec341246d8e295f1,19453,sentence2,17,search,5
fb352f0f31ae57fea10dc9dc640b3d33099d08446a9a043467d89bae2d94abb0,"claudette , the first hurricane of the atlantic storm season , hit the mid-texas coast july 15 , classified as a category 1 hurricane with maximum sustained winds of 85 mph .",fb352f0f31ae57fea10dc9dc640b3d33099d08446a9a043467d89bae2d94abb0,29327,sentence1,48,search,2
fb61c262231a14f5eab63ed13a05a191701b3a32199f976b97173db7da661e56,israeli official confirms second air strike at syria,fb61c262231a14f5eab63ed13a05a191701b3a32199f976b97173db7da661e56,32750,sentence1,16,search,2
fbcc8ed480b1303d5cf793a7b2598e686a381dd6b4d469fd403a9f40ae9550cc,Two girls are lying on the ground,fbcc8ed480b1303d5cf793a7b2598e686a381dd6b4d469fd403a9f40ae9550cc,740,sentence2,7,search,4
fbddaa7ecee16fca36c7a9b1dc1653774ac15cc970574fcf049cc228adb01b99,"dynamic programming is a very powerful mathematical technique , often utilised in programming , for solving optimization problems .",fbddaa7ecee16fca36c7a9b1dc1653774ac15cc970574fcf049cc228adb01b99,30006,sentence1,25,search,5
fbe2dd88c679b94c7a4f234af0a916fa45355099def0368f2231ff4af220abde,a badger is digging in the dirt .,fbe2dd88c679b94c7a4f234af0a916fa45355099def0368f2231ff4af220abde,17162,sentence1,11,search,7
fc0dcaa692ce9ef6ad2628866c0118b60ad0f321266b76ebd3894b2226c050de,i am one of those members who are rather honourably here .,fc0dcaa692ce9ef6ad2628866c0118b60ad0f321266b76ebd3894b2226c050de,18396,sentence1,15,search,5
fc0fb74d5b433208c58562bf2af16eb540fce0ec41d9a3b23b319f7464a211da,cause to throb or beat rapidly .,fc0fb74d5b433208c58562bf2af16eb540fce0ec41d9a3b23b319f7464a211da,28465,sentence2,10,search,5
fc352058b3fa49a1e7748735b3ae7d7cd75d2f826159ae06b751887927443b39,occupied palestinian territory : israel warns on security as gaza truce talks resume,fc352058b3fa49a1e7748735b3ae7d7cd75d2f826159ae06b751887927443b39,18116,sentence1,21,search,2
fc447559f253d32c012f9aad7c1f57659849f099744cea0cd84bf4e68e5354b0,5.0-magnitude quake jolts japan,fc447559f253d32c012f9aad7c1f57659849f099744cea0cd84bf4e68e5354b0,2313,sentence1,16,search,3
fc627d5fdaaa7c6f5cea80aec8b38f13b191619808f638d84b91da3cf68b9243,Nobody is playing the guitar,fc627d5fdaaa7c6f5cea80aec8b38f13b191619808f638d84b91da3cf68b9243,6122,sentence2,5,search,0
fc7a2fb2e216cb3d15ad629ca5134dc7b5c989b3dca44b3007737759cb493b6c,A dog is pulling a monkey's tail,fc7a2fb2e216cb3d15ad629ca5134dc7b5c989b3dca44b3007737759cb493b6c,1175,sentence2,10,search,7
fc8ebc84755750b1516b819b8448ddd92aa5a2174001f4299b0f1d32945a43fe,canadian muslims issue fatwa against ' honor killing',fc8ebc84755750b1516b819b8448ddd92aa5a2174001f4299b0f1d32945a43fe,2305,sentence1,17,search,3
fcab7267ab7ec7f7f978b9a455f7514e51910ffefa144157427737f2bf2c82a7,"last week , his lawyers asked warner to grant clemency under certain conditions that would have lead to a new sentencing hearing .",fcab7267ab7ec7f7f978b9a455f7514e51910ffefa144157427737f2bf2c82a7,17351,sentence2,32,search,2
fcb05a998c8e9a3d4837d41933b7d59d10d57e94b27477cdc7e548e6048ac163,"you can use it , too .",fcb05a998c8e9a3d4837d41933b7d59d10d57e94b27477cdc7e548e6048ac163,1576,sentence2,9,search,5
fcc15662adb2e95a1eaf72a3bd814c6b8a97b26a5ce93ea28a9327e9021f95f0,Two men are fistfighting in a ring.,fcc15662adb2e95a1eaf72a3bd814c6b8a97b26a5ce93ea28a9327e9021f95f0,19990,sentence1,14,search,4
fcc81c8d72567306b438a5c24124135b9f3e38f9fbdfc8975ee1ccdd08d21c8f,iran says it captures drone ; u.s. denies losing one,fcc81c8d72567306b438a5c24124135b9f3e38f9fbdfc8975ee1ccdd08d21c8f,3535,sentence1,19,search,3
fcd7958bc1f43cba3ed16e5a4b8100508aaa77b3bd335079de1de20c211cfac0,"The woman is playing a guitar, which is acoustic, and singing",fcd7958bc1f43cba3ed16e5a4b8100508aaa77b3bd335079de1de20c211cfac0,7202,sentence2,18,search,1
fcf17c1c05cff7255ff7395de060db2b24df16ddf441eb47462e6873ee02d80f,A woman dances in the rain out side.,fcf17c1c05cff7255ff7395de060db2b24df16ddf441eb47462e6873ee02d80f,8397,sentence2,10,search,1
fcf7f0c79c4abc89959be568f3396f092536490147823108e543cc9a0575efd9,the amendment 7 proposes some changes in the references to the paragraphs .,fcf7f0c79c4abc89959be568f3396f092536490147823108e543cc9a0575efd9,35629,sentence1,16,search,2
fd138dfb2fdd0e73ee0db95a16d10f1d9506559882c1b57b47bc6570b7b73f0a,man kills 4 in calif. before police shoot him dead,fd138dfb2fdd0e73ee0db95a16d10f1d9506559882c1b57b47bc6570b7b73f0a,1252,sentence1,14,search,3
fd13cc30cd7eea173d050fee992bab1101861e29581eab4b92fc20cf8709c146,I think it is okay to ask the question.,fd13cc30cd7eea173d050fee992bab1101861e29581eab4b92fc20cf8709c146,29736,sentence2,10,search,5
fd6c392049c4d26d741c576353461aa981e54dd492cb7fc2e7ffe9ee61e6cdec,A man looking at a red motorcycle.,fd6c392049c4d26d741c576353461aa981e54dd492cb7fc2e7ffe9ee61e6cdec,18276,sentence1,9,search,6
fdb3a5c64900755b15ea665e219a8376b926bb646715c02e6bc7f5f2ba3a704d,terminal 1 is not separated from the negative battery terminal,fdb3a5c64900755b15ea665e219a8376b926bb646715c02e6bc7f5f2ba3a704d,16322,sentence2,10,search,5
fdca0630aa3b398550fa119a40eb6305329bd329c10737046b869d95d35b1357,There is no group of racing dogs wearing striped uniforms and running down a track,fdca0630aa3b398550fa119a40eb6305329bd329c10737046b869d95d35b1357,12277,sentence1,18,search,0
fdddf0e82d0b4cb286c48e7744eb710f38b87de386e92cc20ffae2c8a61a939f,"Miodrag Zivkovic, the leader of the pro-independence opposition Liberal Alliance, came in second with 31 percent of the vote.",fdddf0e82d0b4cb286c48e7744eb710f38b87de386e92cc20ffae2c8a61a939f,13131,sentence2,32,search,2
fdec443067c6b6ac4db42b62ac1e10d28c79139793a63d3d68b16b87f7f705eb,an airplane facing the camera .,fdec443067c6b6ac4db42b62ac1e10d28c79139793a63d3d68b16b87f7f705eb,17817,sentence2,7,search,4
fe09b3901b3d6905a2a5a2b26b8e4823ca413ec04d1c8c40d1742014f443aaf1,Three hikers are sitting on a mountainside and looking at the view with a pair of binoculars,fe09b3901b3d6905a2a5a2b26b8e4823ca413ec04d1c8c40d1742014f443aaf1,22357,sentence2,25,search,4
fe1d0b00c966c690d2abd506e03e4b424d831caf16b8b99e82286779e8c8e40a,A person is wearing grey pants on a snowboard,fe1d0b00c966c690d2abd506e03e4b424d831caf16b8b99e82286779e8c8e40a,12667,sentence1,10,search,6
fe22c06a695ba04b41e7625a806f75c1f9f55700a9429fafd7b0e29e8936b264,egyptians vote in landmark presidential election,fe22c06a695ba04b41e7625a806f75c1f9f55700a9429fafd7b0e29e8936b264,1414,sentence1,12,search,2
fe3876ca1e7000658c979f9a7cbfe6fd4bbd1e7d35eb0b3a1215b93de3a3697d,A woman is adding ingredients to a bowl,fe3876ca1e7000658c979f9a7cbfe6fd4bbd1e7d35eb0b3a1215b93de3a3697d,32565,sentence1,9,search,1
fe7eec00bbadb4967cb4bc44405333b86f4c4aa2ef14dad8d07c2a73f4e52f9b,terminal 6 is conncted to the positive terminal,fe7eec00bbadb4967cb4bc44405333b86f4c4aa2ef14dad8d07c2a73f4e52f9b,29873,sentence2,11,search,5
fe84f06aae6d19557bdfcf6d205c63fec9080dafc46ba5f1b231ddae6417ea70,person with two ski poles skiing down a snowy hill .,fe84f06aae6d19557bdfcf6d205c63fec9080dafc46ba5f1b231ddae6417ea70,29684,sentence1,15,search,6
fe907e9de7479099a45722d3f6e66fc1010fb7ab2b9d6fbb0cca20228236fba5,egypt 's mubarak in critical condition,fe907e9de7479099a45722d3f6e66fc1010fb7ab2b9d6fbb0cca20228236fba5,16159,sentence2,15,search,3
fe98d21da228ce19e024764464536e2ad0f1fd19235951e67ae424df93315d66,because there is no closed path,fe98d21da228ce19e024764464536e2ad0f1fd19235951e67ae424df93315d66,14359,sentence2,6,search,0
feb46fcee2e97add1763741bb0471036a9db01eb59b7bfc47ddf258a67aa310f,"that is , on the screen of the apparatus , that will show the information about the validity of their document .",feb46fcee2e97add1763741bb0471036a9db01eb59b7bfc47ddf258a67aa310f,31259,sentence2,25,search,5
febbf17b40ce4c422647726d2026a044695c393cce5ad4bc5f570f85e9d7b8ac,"unlike others , i think the route is pretty well described .",febbf17b40ce4c422647726d2026a044695c393cce5ad4bc5f570f85e9d7b8ac,3720,sentence2,15,search,5
fec40fc267bc10a69b8865fe8c4e4a307affe1738a92bc108881607b29b1200f,"but if europe 's performance continues to decline , would this perception survive ?",fec40fc267bc10a69b8865fe8c4e4a307affe1738a92bc108881607b29b1200f,36693,sentence2,20,search,2
fec4afd743f1e196ce2519fce591da8f36372a98a681ce21fc7949987638d142,recording tracks of music made on some medium,fec4afd743f1e196ce2519fce591da8f36372a98a681ce21fc7949987638d142,6339,sentence1,8,search,5
fee38412668884f16563e6a7a0f63cfff992b7c848ad4f2c35167da52aa07fd4,notre dame linebacker says he is victim of hoax,fee38412668884f16563e6a7a0f63cfff992b7c848ad4f2c35167da52aa07fd4,34172,sentence1,15,search,3
feec0cb711fdd01da2c3715fdb9b04e40a41b38c5e4417459de12e99aab9186d,neuromuscular activation and dynamic stretching here is an excellent video on a dynamic stretching routine for running .,feec0cb711fdd01da2c3715fdb9b04e40a41b38c5e4417459de12e99aab9186d,3528,sentence1,23,search,5
fef7db065184c0c51c913fce9df952d3a2f149470b92d900bb450fd150bf4a88,a man standing on a boat is pulling another boat close by with a bamboo stick .,fef7db065184c0c51c913fce9df952d3a2f149470b92d900bb450fd150bf4a88,32263,sentence1,21,search,6
fefc555fbeee74741cebaa7cdedb1648b65608f979811ef12f1ccc18f0165e3a,Four girls are doing backbends and playing outdoors,fefc555fbeee74741cebaa7cdedb1648b65608f979811ef12f1ccc18f0165e3a,114,sentence2,11,search,4
ff039a9c2b4b8b4c919f34fc71a36e07fa6221147a7d90a7fb2bac05648cb921,the best thing you can do is to know your stuff .,ff039a9c2b4b8b4c919f34fc71a36e07fa6221147a7d90a7fb2bac05648cb921,7621,sentence1,13,search,5
ff08fa8278953924d22e5b060ea333ef8494fc36698435ec0fe1dd6ad8309408,7 killed in monster truck crash,ff08fa8278953924d22e5b060ea333ef8494fc36698435ec0fe1dd6ad8309408,21135,sentence1,6,search,3
ff169aaa5de7c311b093f46c0e625a9d16f5196939bf785686b7226a704a1c2b,bulb b and bulb c are still in closed paths .,ff169aaa5de7c311b093f46c0e625a9d16f5196939bf785686b7226a704a1c2b,11387,sentence1,14,search,0
ff17fa23db8309ec218e865fa203ea7c6b2af4e7d42587df61d566805a5a0ece,"their contract will expire at 12 : 01 a.m. wednesday instead of 12 : 01 a.m. sunday , said rian wathen , organizing director for united food and commercial workers local 700 .",ff17fa23db8309ec218e865fa203ea7c6b2af4e7d42587df61d566805a5a0ece,24329,sentence1,54,search,2
ff1f637567479ff9032ca9b86855a94d3b178d5a814fe789ce48afe83f2f1928,a man is doing a wheelie on a bike .,ff1f637567479ff9032ca9b86855a94d3b178d5a814fe789ce48afe83f2f1928,853,sentence2,16,search,6
ff420d10fd42768a4c523532468c70bc592f47ede0029c7d85f6b193936d4ea4,"You should, but you don't have to.",ff420d10fd42768a4c523532468c70bc592f47ede0029c7d85f6b193936d4ea4,12719,sentence1,11,search,5
ff4a72036734415462bf7a31bb5b1703925f15ddd8d67caa9b5c1da2205a95f0,A doctor prescribes medicine to a patient.,ff4a72036734415462bf7a31bb5b1703925f15ddd8d67caa9b5c1da2205a95f0,14309,sentence1,10,search,5
ff4fc71d0027ec9ecc12324d1e9e2874c4f9153f066ee394768bf1cf5ca99e9a,"are you saying that if a government doesn 't break up a monopoly ( cable ) , it is enforcing the monopoly ?",ff4fc71d0027ec9ecc12324d1e9e2874c4f9153f066ee394768bf1cf5ca99e9a,9152,sentence1,39,search,2
ff64c3d0d88484e8944df2a552790f70478d8cdc634c388b9a40f8236478a873,A man is emptying a container made of plastic completely,ff64c3d0d88484e8944df2a552790f70478d8cdc634c388b9a40f8236478a873,26202,sentence2,12,search,6
ff727d61ed00914f7b07bf0410ff350fca81f089ad416ff27d380657aac1124d,two black and white dogs at the bottom of stairs .,ff727d61ed00914f7b07bf0410ff350fca81f089ad416ff27d380657aac1124d,8159,sentence2,12,search,7
ff83a41c018510f2579326411b1796b69a81a0b0477bb43b8f8e17360440fbc8,a orange and white cat asleep on a leather chair .,ff83a41c018510f2579326411b1796b69a81a0b0477bb43b8f8e17360440fbc8,8020,sentence1,14,search,7
ff8a80dc67d767d8ebdf631556a2be8f386b81e8444d228ad27841c64f75c349,man held after teen shot in belfast,ff8a80dc67d767d8ebdf631556a2be8f386b81e8444d228ad27841c64f75c349,21231,sentence1,10,search,3
ff9aedf5afa042d742105ac0a5dee853827f02a6b9381537412bf7194856c6c5,the tan horse is in the pasture .,ff9aedf5afa042d742105ac0a5dee853827f02a6b9381537412bf7194856c6c5,34162,sentence1,11,search,7
ffad51b92777b736dcec725eecd37c05de6957b899d39f29d078005c1bbd4f8f,There is no man mowing grass,ffad51b92777b736dcec725eecd37c05de6957b899d39f29d078005c1bbd4f8f,28291,sentence1,8,search,0
ffe95726500e6c4eb983436c4b58bc61c5ba5ab4a4cd8bb581be59dc378ea5aa,that poll had 712 likely voters and sampling error of plus or minus 3.7 percentage points .,ffe95726500e6c4eb983436c4b58bc61c5ba5ab4a4cd8bb581be59dc378ea5aa,3330,sentence2,21,search,2
