sentence_id,text,source_group,source_row_first_seen,source_column,token_length
fae9b90c7d84553481af60fc5c146f9d9a05210a4ea760c368703b1cbf9095a3,Four ladies in swimsuits play sand volleyball on the beach.,fae9b90c7d84553481af60fc5c146f9d9a05210a4ea760c368703b1cbf9095a3,2,sentence2,15
897b513ce74d6b273578b5f60d792b470e602aadceb78f186e8f1c9e19b526e2,A woman is slicing a pumpkin.,897b513ce74d6b273578b5f60d792b470e602aadceb78f186e8f1c9e19b526e2,3,sentence2,11
69547528da09a61b5a8c493aa3d9b8a60867b9c3b9852cdd9ae097d3998abe41,The little girl is riding a bicycle in a race,69547528da09a61b5a8c493aa3d9b8a60867b9c3b9852cdd9ae097d3998abe41,4,sentence2,12
c5705a912b0ef769b7bc29d7d290e091413f9bee0e96172095fdfd18249eeb8e,a woman is swimming .,c5705a912b0ef769b7bc29d7d290e091413f9bee0e96172095fdfd18249eeb8e,5,sentence2,7
9582e1af1450a90cbbde7d70e3894910252158d088da1f8dda60a0b4b5fc16bc,two dogs running in the dirt,9582e1af1450a90cbbde7d70e3894910252158d088da1f8dda60a0b4b5fc16bc,8,sentence2,6
20a0bd7f88b66bb75f8b642e04e9c93ec83988c7c0b36cf7fb42e255ad8f52de,A woman is dancing near a fire.,20a0bd7f88b66bb75f8b642e04e9c93ec83988c7c0b36cf7fb42e255ad8f52de,9,sentence2,9
70b885e7b757ef354cb2c7809c45ee432ed73925bf7ca19e600ade185f92c954,A kid is smiling at the camera and swimming underwater,70b885e7b757ef354cb2c7809c45ee432ed73925bf7ca19e600ade185f92c954,17,sentence2,10
f75f6a074f0a08f3bb6a397ca3210f0b60add41fdad698f0ed89bf0c0f69b5d1,A brown and white dog is running across a brown field.,f75f6a074f0a08f3bb6a397ca3210f0b60add41fdad698f0ed89bf0c0f69b5d1,18,sentence2,13
7300a15da0c7c21a5fd23c73a977be82e409b1127a46f359a7e863d56606e251,how do i pump up water pressure in my shower ?,7300a15da0c7c21a5fd23c73a977be82e409b1127a46f359a7e863d56606e251,20,sentence2,13
d323e4eff68684c2cca4d48b3ac575696e9a84cdb79979411857cc4ab1977c86,Five girls and one boy are in their swimsuits all in the middle of jumping into the pool.,d323e4eff68684c2cca4d48b3ac575696e9a84cdb79979411857cc4ab1977c86,22,sentence2,21
957ce6c8189a4cbaf6b8927a0a160a831733f42bd744317c5d4210ddc6ba9a34,A women painting a chair with a dining room in the background.,957ce6c8189a4cbaf6b8927a0a160a831733f42bd744317c5d4210ddc6ba9a34,24,sentence2,15
bc1b1b4498b6a095f28a52bb12cbd076121dafdae06dd067f4135be1e92979a5,A young woman is playing the guitar,bc1b1b4498b6a095f28a52bb12cbd076121dafdae06dd067f4135be1e92979a5,25,sentence2,7
aa824df1f135d0b0d35863b5d6db712240670814ac8dab0b49c131aca2f6490b,A woman is cleaning a garden.,aa824df1f135d0b0d35863b5d6db712240670814ac8dab0b49c131aca2f6490b,29,sentence2,8
878e56ae73504ba11cc141196b29c4137eaf5035046f7787914169006aabe631,a dog running through a forest in the winter time,878e56ae73504ba11cc141196b29c4137eaf5035046f7787914169006aabe631,33,sentence2,12
7f21a1ac6264cc78dff7064b652401f8d51a08dff91e585992f62649587600b8,A young girl in swimming suite is jumping on the beach,7f21a1ac6264cc78dff7064b652401f8d51a08dff91e585992f62649587600b8,34,sentence2,11
aa2abd44e6a3fb7523909c20428f5c3ae0178c5f8184a315afde251ef22dc5c8,A black dog is hanging out in the grass and running with its tongue out,aa2abd44e6a3fb7523909c20428f5c3ae0178c5f8184a315afde251ef22dc5c8,36,sentence2,15
79ad5533e79a63524a7b01eed1116e725548ef57f8a05a50ee745d35dff732c9,Several boys are jumping on a trampoline,79ad5533e79a63524a7b01eed1116e725548ef57f8a05a50ee745d35dff732c9,40,sentence2,11
6a7c7bc64f1219ee9f7f30bdb8f20efa4c22db7c943d6dd5a1a885f773d6941c,Two dogs are running and trying to catch a ball,6a7c7bc64f1219ee9f7f30bdb8f20efa4c22db7c943d6dd5a1a885f773d6941c,42,sentence2,11
ea66a97e172b33e81159944c535eb50db68874ace147efa5248b9ed1dbd83329,The man is playing a game on a lawn,ea66a97e172b33e81159944c535eb50db68874ace147efa5248b9ed1dbd83329,43,sentence2,11
5b5eb1eace6d99b27e6fee1b16a37b79926cffac54e156ebc10b5dade463f5b9,the two dogs are playing in the yard .,5b5eb1eace6d99b27e6fee1b16a37b79926cffac54e156ebc10b5dade463f5b9,45,sentence2,10
68bfd460742c4905d522d82307e6f8aa25d94fbc85c537177992fffaff532fcd,a young boy jumping into a lake .,68bfd460742c4905d522d82307e6f8aa25d94fbc85c537177992fffaff532fcd,47,sentence2,11
23e6459e3f8854d990fa1f14eeaf86cd7e704cad4b1afe385121ae33f3be282a,A man is stuffing himself full with food.,23e6459e3f8854d990fa1f14eeaf86cd7e704cad4b1afe385121ae33f3be282a,49,sentence2,10
e057eaaa4f7566fe164bf71454dc825e9dfc226c6a3bd401da79f89738e9e38f,two dogs playing with a ball in a puddle .,e057eaaa4f7566fe164bf71454dc825e9dfc226c6a3bd401da79f89738e9e38f,50,sentence2,15
997d33bacf22171abd1ad2e3584a1de6ad61863384ca53af1926474d1ca1d1d9,a woman is playing an acoustic guitar and singing .,997d33bacf22171abd1ad2e3584a1de6ad61863384ca53af1926474d1ca1d1d9,52,sentence2,16
e9db16c13bc0e6d2b404b11d7291e18de01457b1e0406f994e266fc7de78894c,A man is playing the guitar loudly,e9db16c13bc0e6d2b404b11d7291e18de01457b1e0406f994e266fc7de78894c,54,sentence2,8
12dd18bcaf13a3352b02eb7099f94ce8b35d8f0a37720937e2d9ee1328a5eefc,the basketball player holds the ball .,12dd18bcaf13a3352b02eb7099f94ce8b35d8f0a37720937e2d9ee1328a5eefc,55,sentence2,8
eec1352c46416148c03a2b9f1c4e954b8412b22103fbd247586f026cec034f12,The man is sitting on the floor in a room and strumming a guitar,eec1352c46416148c03a2b9f1c4e954b8412b22103fbd247586f026cec034f12,56,sentence2,17
bfcfc1d6afbe48bee7da731d3c1c993357b32a53f73472be14b65d125255d747,a woman is cleaning a garden .,bfcfc1d6afbe48bee7da731d3c1c993357b32a53f73472be14b65d125255d747,59,sentence2,10
96e35c60577d663d979ac640e5b4e9600155bb4bedbba510c9e0016f37b21aed,a man is putting a pan into an oven .,96e35c60577d663d979ac640e5b4e9600155bb4bedbba510c9e0016f37b21aed,60,sentence2,14
874fe57b30e4e667ffb523e48da999c453226d75c32504d10992d812135682ec,A girl is bungee jumping.,874fe57b30e4e667ffb523e48da999c453226d75c32504d10992d812135682ec,61,sentence1,9
75fa6af116891d7dbac70f8f1b48efd8b65a50963000784f6ab00ea594257fbf,A large white dog is jumping in the air over a snowy area,75fa6af116891d7dbac70f8f1b48efd8b65a50963000784f6ab00ea594257fbf,64,sentence1,15
592767f042eddbb557113451a4497de011499bee3b60a42cf321db0a80cc7c06,Two dogs are playing on a beach made of rocks,592767f042eddbb557113451a4497de011499bee3b60a42cf321db0a80cc7c06,66,sentence1,11
0bd05ff3d0cb6dffddd2b8eeef07b721108b03f9bc2033fea309273a73d689d4,Three children are running up a grassy hillside,0bd05ff3d0cb6dffddd2b8eeef07b721108b03f9bc2033fea309273a73d689d4,69,sentence2,11
7d5a8fcd3ce6af637b8b1ebd02ab634b7f9cec4a63f12c0e1090c93cf17cd982,a young man is singing while playing the guitar .,7d5a8fcd3ce6af637b8b1ebd02ab634b7f9cec4a63f12c0e1090c93cf17cd982,70,sentence2,12
1d0e2bfcc1755953fb9626f6ea082e2924460149808c1b83fe7f216bca75a88a,Two girls are sitting on an ATV on the sand in front of a bridge.,1d0e2bfcc1755953fb9626f6ea082e2924460149808c1b83fe7f216bca75a88a,76,sentence1,20
ff9ac96108dd06b187f5cc6bfbd063394cb32acd5985284722c4a5aafd5127fc,dog running towards camera with a ball in its mouth .,ff9ac96108dd06b187f5cc6bfbd063394cb32acd5985284722c4a5aafd5127fc,78,sentence2,13
db659ad20ea69f181aea80d56cc12a7b85d7ea3a9ce31caa0157830f4e4dfffb,A man on a green bike is performing tricks on a dirt ramp,db659ad20ea69f181aea80d56cc12a7b85d7ea3a9ce31caa0157830f4e4dfffb,79,sentence2,15
5090dff5d60adb160215417ca5ff9ff9d8467a248a1c03bf97e2e53ff5c4b591,Two women are wearing bikinis and walking on the sand,5090dff5d60adb160215417ca5ff9ff9d8467a248a1c03bf97e2e53ff5c4b591,82,sentence2,14
68237d5fe8de7a974a5f0af4a1f6c21086685a8c0d5554e92ec16b73388ddd09,A group of people are dancing at a concert,68237d5fe8de7a974a5f0af4a1f6c21086685a8c0d5554e92ec16b73388ddd09,86,sentence2,10
ce3288992066c8df51d47704aeb4438cad13485fcb340eec681e3f19d184f248,two men standing in grass staring at a car .,ce3288992066c8df51d47704aeb4438cad13485fcb340eec681e3f19d184f248,89,sentence2,13
0bfd39f0e7e40b151e682974e648fecb4bf3ecada2d2bb2014e596583a9b8d53,The yard has a dog.,0bfd39f0e7e40b151e682974e648fecb4bf3ecada2d2bb2014e596583a9b8d53,92,sentence2,7
b75bdedb068f40b11ff1449427d5652b8f67a210776b4f15030b640627a5e66a,Young men are dancing in front of some people,b75bdedb068f40b11ff1449427d5652b8f67a210776b4f15030b640627a5e66a,94,sentence2,9
9bf876259000d6554dd261c9608b6cfab4d13cb3cc2fd86a275e4d3052097330,A man is playing a piano at a concert,9bf876259000d6554dd261c9608b6cfab4d13cb3cc2fd86a275e4d3052097330,97,sentence2,11
6f33ed62719030672651780fda7aa4b1eeaf4c10f1d386a38aadd84bc9734279,A woman plays the flute.,6f33ed62719030672651780fda7aa4b1eeaf4c10f1d386a38aadd84bc9734279,98,sentence2,6
c4b7aaa1edc29fd892e5d74423230f8d7d16fd0320c1f3878acdd2fe993e0079,A man is jumping into an empty pool,c4b7aaa1edc29fd892e5d74423230f8d7d16fd0320c1f3878acdd2fe993e0079,100,sentence2,8
8e2b3f9826d8275a5e84e73b5f34da7cf24921edbd55150a619da0dadb64eed7,a boy is playing violin on stage .,8e2b3f9826d8275a5e84e73b5f34da7cf24921edbd55150a619da0dadb64eed7,101,sentence1,10
cb61838d4efae363a3892350b1b8f76bed91f160257ebe81ae3bcb031e42e57b,a woman is water skiing on a lake .,cb61838d4efae363a3892350b1b8f76bed91f160257ebe81ae3bcb031e42e57b,105,sentence2,12
876d15b573ba32020f96759087441dc1618ba5500b7f4d7ffb30bd6f349e2fa5,The man is eating potato slices,876d15b573ba32020f96759087441dc1618ba5500b7f4d7ffb30bd6f349e2fa5,109,sentence2,6
f751def31d7ea7b07185b58679235b088166647bd048d7535e45f2f8851af2a4,A woman is in the bathroom.,f751def31d7ea7b07185b58679235b088166647bd048d7535e45f2f8851af2a4,110,sentence2,7
9c6f6d3cf00849a6437d0d74a9bcb399914f8c2e6b7f1fb00ad18b4b1e66eda8,a little girl running at on the shore of a beach .,9c6f6d3cf00849a6437d0d74a9bcb399914f8c2e6b7f1fb00ad18b4b1e66eda8,112,sentence1,15
5f4709cfb40a0a8ede6aefcd9992d19d394fb1a20f48e26fa9141a83d93453d8,There is no dog looking around,5f4709cfb40a0a8ede6aefcd9992d19d394fb1a20f48e26fa9141a83d93453d8,114,sentence2,6
73cea0ef9ee79dde1f5ee8f03443d0aa540c69ea17a507902e73459223f47c32,A woman is cooking a pork chop which is breaded,73cea0ef9ee79dde1f5ee8f03443d0aa540c69ea17a507902e73459223f47c32,115,sentence2,13
a896157565886238521143d5f9d27e34284aaaaa588cb208fa8c187383d326cf,A person is pouring oil made with olives into a pot on the stove,a896157565886238521143d5f9d27e34284aaaaa588cb208fa8c187383d326cf,116,sentence2,17
dd4c6547b8f0413af4c4e850e023ff6500bb4dd06d9aff7cebc9378be5fda6cd,two cats are fighting each other .,dd4c6547b8f0413af4c4e850e023ff6500bb4dd06d9aff7cebc9378be5fda6cd,119,sentence1,8
d104b8146fc5aecc7921b8cd5e3303dbfc2de829c7a9238cb97486a3d97bdd68,A man is maneuvering a soccer ball with his feet.,d104b8146fc5aecc7921b8cd5e3303dbfc2de829c7a9238cb97486a3d97bdd68,127,sentence2,13
6538342bf5dd4fc3ba8e4182969980439056869188639d91b3c8e2a1f9087b62,A boy is wearing a yellow jacket and is jumping down from a rock,6538342bf5dd4fc3ba8e4182969980439056869188639d91b3c8e2a1f9087b62,132,sentence2,16
abb010cf5b739e6c5456ec5eaac9a6d8e4c4589bbd59ea976073add8e1d2a77b,a short lyric or poem intended to be sung,abb010cf5b739e6c5456ec5eaac9a6d8e4c4589bbd59ea976073add8e1d2a77b,133,sentence2,14
41595b8354a6d41102c11b872b89570c0931ebc2676a2ba771ada5a994ec0a0b,The man is not talking on the phone,41595b8354a6d41102c11b872b89570c0931ebc2676a2ba771ada5a994ec0a0b,134,sentence1,8
4f065327635ccd70c014a5d8eb27ba0c1222c28a8f7078a027af551433b30b6c,brown dog running on grass .,4f065327635ccd70c014a5d8eb27ba0c1222c28a8f7078a027af551433b30b6c,135,sentence2,7
739eed779241a68d361a73be572c4727f42cc4f90fc14e8a2fc52f539635adf1,a white and brown dog is playing tug-o-war .,739eed779241a68d361a73be572c4727f42cc4f90fc14e8a2fc52f539635adf1,138,sentence2,15
a5e1da027c46c1b54c5b2eb34cee050762b1ac1f1e872438e53fb78303404745,two little girls are playing on a trampoline .,a5e1da027c46c1b54c5b2eb34cee050762b1ac1f1e872438e53fb78303404745,139,sentence1,13
687ad0a4e6b707fdb5e48aedd9f5b5bb79b2b196ff8d7a985364c1acff0ce406,is madeleine mccann still alive ?,687ad0a4e6b707fdb5e48aedd9f5b5bb79b2b196ff8d7a985364c1acff0ce406,141,sentence2,13
62180852400d6f8da6b3b87f54f35c116308f8b6c3256e16f52208973252bd80,having strength or power greater than average or expected ;,62180852400d6f8da6b3b87f54f35c116308f8b6c3256e16f52208973252bd80,145,sentence2,11
609c4b0c1dec9e07d150bbe2f5088fbd5759197f2498d86718cd237c05c2a27c,People are walking outside a building that has many murals on it,609c4b0c1dec9e07d150bbe2f5088fbd5759197f2498d86718cd237c05c2a27c,146,sentence2,14
e9554bbfcd2133f80efb164be14b6299018d9b7ff1e33d2eeef2609cb72e9d2d,how do i remove mildew from a tent ?,e9554bbfcd2133f80efb164be14b6299018d9b7ff1e33d2eeef2609cb72e9d2d,148,sentence2,14
7c93cd6618f3c4bb87495700b059fd55edf224fccc8a637f6636646d1eb8c8a6,any help would be much appreciated .,7c93cd6618f3c4bb87495700b059fd55edf224fccc8a637f6636646d1eb8c8a6,151,sentence1,8
99e77dc42ad36951d2b4309f792795b2851702c6d6566f5a1f57a891f103032e,the man is riding a motorcycle down the road .,99e77dc42ad36951d2b4309f792795b2851702c6d6566f5a1f57a891f103032e,152,sentence2,12
f76e9f66ac8e1398b8235ef3a1e55e3d8cb2216a954cb7ff525f77d61f1db51e,A man with moustaches is standing on a balcony and is looking at the road below,f76e9f66ac8e1398b8235ef3a1e55e3d8cb2216a954cb7ff525f77d61f1db51e,158,sentence1,19
d83a948cef0331d0fe880a7b3689baeb7b1da3ba21ed125697e59bb7477b091e,"the bodies of former invercargill man warren campbell , 32 , and climbing companion jonathan smith , 47 , were recovered from below mt d 'archiac late yesterday morning .",d83a948cef0331d0fe880a7b3689baeb7b1da3ba21ed125697e59bb7477b091e,160,sentence2,53
c8cbd60cf04728efe261fc51da39067432ae78d063f53589bd2c162f43c8f3cd,Two cats are lying together,c8cbd60cf04728efe261fc51da39067432ae78d063f53589bd2c162f43c8f3cd,161,sentence2,5
ba9376f41d2f94e8546e8b510f9cbd8e1411e12eb486b0f75547a4ee05064c27,a young woman in a pink hoodie takes a picture .,ba9376f41d2f94e8546e8b510f9cbd8e1411e12eb486b0f75547a4ee05064c27,163,sentence2,18
c759648c02dfa64667df68652e3e8e9a2b33059fd419b5ae35c736964310804d,A man is smoking a cigarette.,c759648c02dfa64667df68652e3e8e9a2b33059fd419b5ae35c736964310804d,165,sentence2,9
5c92c8100ba57177233cdc882d601ab8c54ea9b0c356c83b8b417d837360f916,supreme court to hear voting rights act case,5c92c8100ba57177233cdc882d601ab8c54ea9b0c356c83b8b417d837360f916,166,sentence2,9
2a34a2c6b3b1f8076c0fea1759e597afd09d4db14a9c00a509bf1c74ee26fca0,A woman is putting the baby into a trash can,2a34a2c6b3b1f8076c0fea1759e597afd09d4db14a9c00a509bf1c74ee26fca0,167,sentence2,12
f75263e03bb7d276b0f65ad381c8ff1b31333864caeac02207d5fa2578e07968,a cat reclines on an office chair .,f75263e03bb7d276b0f65ad381c8ff1b31333864caeac02207d5fa2578e07968,169,sentence2,11
7ff8d5e0cbb745be046669c999cafe46603a559498c9fef50c9605a5660113dc,A man is breaking wooden boards with his hand.,7ff8d5e0cbb745be046669c999cafe46603a559498c9fef50c9605a5660113dc,170,sentence2,10
446553f5343ec958257c8abbd13a633c0959fb9e5a607094177fbfa59d235ae4,The oncogenic activity of mutant Kras appears dependent on functional Craf but not on Braf.,446553f5343ec958257c8abbd13a633c0959fb9e5a607094177fbfa59d235ae4,173,sentence2,22
cb6c1f71fcaa0f7c4ce4aaed2af240faa1e8cf6f68a75ba288f56a4f6844fe81,A red and white bus drives down an England street.,cb6c1f71fcaa0f7c4ce4aaed2af240faa1e8cf6f68a75ba288f56a4f6844fe81,174,sentence2,11
588de4ca3de8dca13900a1665efbe8dcdbcdcb5e0d604fda49ddeeaf5638d432,smiling woman sitting wearing a viking hat .,588de4ca3de8dca13900a1665efbe8dcdbcdcb5e0d604fda49ddeeaf5638d432,175,sentence2,13
836aac4c12afcb5ce7cc94232cda756c1c0e12d2d9314ca310e4455bdf2dc312,There are dogs in the forest.,836aac4c12afcb5ce7cc94232cda756c1c0e12d2d9314ca310e4455bdf2dc312,177,sentence1,7
3abc1df8b726d264fbbc14092193d8b908e41ae12fb0448dcd09ebf667254e59,A man is playing baseball with a flute,3abc1df8b726d264fbbc14092193d8b908e41ae12fb0448dcd09ebf667254e59,179,sentence2,9
2ae0aa0c620b565e0311bbfeb2b4e8ced14a33d8393c77dc3fdfac0c8cee61dc,Two children are rolling in dirty water,2ae0aa0c620b565e0311bbfeb2b4e8ced14a33d8393c77dc3fdfac0c8cee61dc,180,sentence1,7
9630f39c0cbaa68096c613bd566320a0327a4aab21e29897780c70bfe5fd7bd7,A girl is skateboarding on a half pipe,9630f39c0cbaa68096c613bd566320a0327a4aab21e29897780c70bfe5fd7bd7,181,sentence2,10
275ba1c8dc6a6f969fbfeb14d4b7377b91076a0ef7476da0e06b564049628aa6,united has paid $ 34 million in penalties for failing to meet employment targets .,275ba1c8dc6a6f969fbfeb14d4b7377b91076a0ef7476da0e06b564049628aa6,183,sentence2,16
f4be5554a0062712f0a7c764abe4289f97ca5a29a332a7b9801595d6cc02c938,a large tan dog is running with a green item in its mouth,f4be5554a0062712f0a7c764abe4289f97ca5a29a332a7b9801595d6cc02c938,184,sentence1,17
3c9d9a943662f0df8a181a4213f1c5bae415d8fa7ce80358a479375dd016c31a,a dog and cat laying down together .,3c9d9a943662f0df8a181a4213f1c5bae415d8fa7ce80358a479375dd016c31a,186,sentence2,11
8c8feb1cb7b0b81b3e07bdd6dc577d86689a72cb5db00a6137bf757b09736fe8,should i let potential employers know i have a job offer ?,8c8feb1cb7b0b81b3e07bdd6dc577d86689a72cb5db00a6137bf757b09736fe8,187,sentence2,16
b087d932993226d818b02e22d8459aa833f6f885273bc4c7e92bbb1d00857efb,There is no little black dog chasing a little brown dog,b087d932993226d818b02e22d8459aa833f6f885273bc4c7e92bbb1d00857efb,191,sentence1,13
50430e819f69e2c1ee72d5b49b6b6411e6659aa8e1c124b02bb7b21999933c01,"flu season is here , let 's clear something up : "" do i need a flu shot if i ? ve had the flu ? """,50430e819f69e2c1ee72d5b49b6b6411e6659aa8e1c124b02bb7b21999933c01,192,sentence2,38
beada3a5a2b15ae0e6f66cdfc2f9b937f72c7c11d9f52f9a12bc9983a5c59bda,A cowgirl is riding a brown horse and is cornering a barrel,beada3a5a2b15ae0e6f66cdfc2f9b937f72c7c11d9f52f9a12bc9983a5c59bda,193,sentence1,16
08e967471ee6a2f6d1fc92aac897cfc610cd227920d98b3898a873211e29c087,The boy and the girl are playing and wearing arm floats,08e967471ee6a2f6d1fc92aac897cfc610cd227920d98b3898a873211e29c087,194,sentence2,13
b8e4463386aaaaf210be9d2716a0b3e4d47c9049ff32d5d2201c9906c0d86835,a kid plays with a toy phone .,b8e4463386aaaaf210be9d2716a0b3e4d47c9049ff32d5d2201c9906c0d86835,195,sentence2,12
3546d6764009a5540621afc160dc1425b02e21e2394c0f100b67db24e437644e,A little cat is drinking fresh milk,3546d6764009a5540621afc160dc1425b02e21e2394c0f100b67db24e437644e,198,sentence2,7
8a93d20c3fe2fba1d7d03a7475adc17d483c7930904df1108bff3dd6013a35c6,"gold 's bounce pulled other precious metals higher , sending silver to $ 4.83 / 85 an ounce from $ 4.80 / 82 last quoted in new york .",8a93d20c3fe2fba1d7d03a7475adc17d483c7930904df1108bff3dd6013a35c6,201,sentence1,40
9304ce16a0229ba2f2ba30ca67240b003641961fe6286d45a967bd87edd19ef3,A man is peeling an onion,9304ce16a0229ba2f2ba30ca67240b003641961fe6286d45a967bd87edd19ef3,202,sentence1,7
28c321e2c3bc7b10233b448257359f353325088305ebbe40870af2728244afc2,"his daughter , nina axelrod , told the associated press that he died in his sleep , apparently of heart failure .",28c321e2c3bc7b10233b448257359f353325088305ebbe40870af2728244afc2,206,sentence1,33
733b09775be68c7ab54b96f03e0b0a02a1244bd19b50fbcc99ab59f987e5875b,"the broader standard & poor 's 500 index < .spx > was up 9.69 points , or 0.98 percent , at 994.53 .",733b09775be68c7ab54b96f03e0b0a02a1244bd19b50fbcc99ab59f987e5875b,208,sentence2,39
1bd61cbded96404c70c8e000f15972a8e5ac0cd9330035fc5c15908ffffaab88,u.s. judge approves force-feeding californian inmates on hunger strik,1bd61cbded96404c70c8e000f15972a8e5ac0cd9330035fc5c15908ffffaab88,209,sentence2,24
d6f893f912ee16962e55859ac7f538226c27b911a97e4abd32e6a7916ef3065d,"MCF7 or HeLa cells were electroporated as described previously to more than 95% efficiency with pSuper constructs against the various targets, and 72 hr later, protein expression was analyzed by SDS-PAGE and Western blotting.",d6f893f912ee16962e55859ac7f538226c27b911a97e4abd32e6a7916ef3065d,211,sentence2,56
c6621a1c13a438fcadb4dd31d9cd1171b83817fd6121ec9f925b516a137b3afa,hassan rouhani wins iran 's presidential election,c6621a1c13a438fcadb4dd31d9cd1171b83817fd6121ec9f925b516a137b3afa,212,sentence1,16
de2faaf372e8762dda88b5185d429cab2ac75c8225b3b699280eca8cbeb37013,the russian foreign ministry stated that russia has not suspended dialogue .,de2faaf372e8762dda88b5185d429cab2ac75c8225b3b699280eca8cbeb37013,213,sentence1,16
0e68584c62de839ce99ad71d958b9cea1d47efb2226b8ed3b48ad73b649da021,A man is talking on the phone,0e68584c62de839ce99ad71d958b9cea1d47efb2226b8ed3b48ad73b649da021,214,sentence1,7
d05cd5e9bbc5e9f15775ae0f48ed7d7ece68ca51e8bb582242ac1f0266058bd1,I had the same problem as you.,d05cd5e9bbc5e9f15775ae0f48ed7d7ece68ca51e8bb582242ac1f0266058bd1,215,sentence2,8
a795179af9c987421c0e20fd38db9e4b7f580a9f8292456a2c4619d0ff6a7cf2,A man is mindlessly slicing the carrot with a machine,a795179af9c987421c0e20fd38db9e4b7f580a9f8292456a2c4619d0ff6a7cf2,217,sentence1,15
82cfbe4c1a338bc5ecd75f59e68ad4ace7ed21010d4f4fde382ebfcfce2429ec,a woman is chopping onions .,82cfbe4c1a338bc5ecd75f59e68ad4ace7ed21010d4f4fde382ebfcfce2429ec,218,sentence2,10
3679a5e52b0e422acc5a47808e6b4cbb4e218f91b3b990724f601bd525291d2f,"including convertible securities , the total estimated value of the deal is $ 124 million , according to corel .",3679a5e52b0e422acc5a47808e6b4cbb4e218f91b3b990724f601bd525291d2f,220,sentence2,25
e33aedadb4a54b27b4d2d034c53c0c94baff97bc7a530e554338c7463dc5290e,a person in a blue shirt reclines near a coffee table and television .,e33aedadb4a54b27b4d2d034c53c0c94baff97bc7a530e554338c7463dc5290e,222,sentence2,19
e42dc8c3e1ecec9a37c2c3632545ba6aefff496484c0b76eaa066ccc06779c06,"the broader standard & poor 's 500 index .spx climbed 10 points , or 1.10 percent , to 943 .",e42dc8c3e1ecec9a37c2c3632545ba6aefff496484c0b76eaa066ccc06779c06,225,sentence2,34
c051884669f5edd896f71931c0e8c662d36d140161c41c54458119b1c6bb9287,a woman watches a rap group live,c051884669f5edd896f71931c0e8c662d36d140161c41c54458119b1c6bb9287,226,sentence1,10
3216d67d4c86c56ebc12308c5618fe78f65a8a718f5e21b211adc85fc3e35939,h and i both read the books and thought the movie moved so quickly .,3216d67d4c86c56ebc12308c5618fe78f65a8a718f5e21b211adc85fc3e35939,227,sentence1,18
d0c147d14afdbfbe6c5c4902a0201738d6df035f93e4476fbecbb4ec6dfa66c6,A boat's sail is being reflected by the peaceful water,d0c147d14afdbfbe6c5c4902a0201738d6df035f93e4476fbecbb4ec6dfa66c6,231,sentence2,13
35868fd0e7d22df0f3acfd817d24cc97246088a329b4ef9eb57f91999bb43f44,a smiling man holds a small child wearing pink and red .,35868fd0e7d22df0f3acfd817d24cc97246088a329b4ef9eb57f91999bb43f44,232,sentence2,15
9b1defb114c6a505b8b791a0940ff41d3d361f0bb8219dcc55ca9c7bd7359335,a social unit living together ;,9b1defb114c6a505b8b791a0940ff41d3d361f0bb8219dcc55ca9c7bd7359335,233,sentence2,8
4334f7248c1f7fe01b5736ff7e98210f6e1321324e36113bd4b5134ccdfa48ce,"amnesty international 's report was compiled by european and international non-governmental organizations such as saferworld , which opposes armed violence .",4334f7248c1f7fe01b5736ff7e98210f6e1321324e36113bd4b5134ccdfa48ce,234,sentence2,35
7dd608943d9f2ec24834e8c998849ce6293518ea34eaad2b0fc95ccd3248fe5f,"bush , however , also lashed out at the terrorist bombings in saudi arabia that killed at least 29 people -- including a number of americans .",7dd608943d9f2ec24834e8c998849ce6293518ea34eaad2b0fc95ccd3248fe5f,235,sentence2,38
808b61fab5f1a7945bda7b89146a551ced57fed04ef954a59e0c3846534f6571,the man cut some carpet with a knife .,808b61fab5f1a7945bda7b89146a551ced57fed04ef954a59e0c3846534f6571,239,sentence2,11
25d07bff69c5d2a80fc621674c8a10318a2de41f154225f1cc59fcbfa11a9795,egyptians vote on new constitution,25d07bff69c5d2a80fc621674c8a10318a2de41f154225f1cc59fcbfa11a9795,241,sentence1,11
a87d2e348809dadbe8ccce1f68eb4cea74eb0c77a5065b1ccb64b5b91db22970,A large wet yellow dog is holding a toy,a87d2e348809dadbe8ccce1f68eb4cea74eb0c77a5065b1ccb64b5b91db22970,242,sentence1,12
13961ed4b9fe54f98837e1f95f8c23cab7237c01847d60da0232062c793ea521,"For example, loss of, or functional alterations in, the two major tumor suppressor proteins pRB and p53 cause an up-regulation of ribosome biogenesis in cancer tissues.",13961ed4b9fe54f98837e1f95f8c23cab7237c01847d60da0232062c793ea521,245,sentence2,42
56399b71b5c2192f98511606b1966336dae56f6bc042c4117675e5ee60d27730,the prices of everything you own ie assets have gone down .,56399b71b5c2192f98511606b1966336dae56f6bc042c4117675e5ee60d27730,248,sentence2,15
fb95f5a8a3be82132a982aca4f77b61452d9f5a6a5afd74b87fc08e94716d638,cause to be in a state or location,fb95f5a8a3be82132a982aca4f77b61452d9f5a6a5afd74b87fc08e94716d638,250,sentence2,9
19fd0a5c7a66dfe7ea394d051210aba417a3d6a73afc268612507d22a3975c88,He was tracked to Atlanta where he was arrested on Tuesday night.,19fd0a5c7a66dfe7ea394d051210aba417a3d6a73afc268612507d22a3975c88,253,sentence2,14
4235285a098cfe3cbb7ffa98a8196e07c02fa5aacd01b862fa2226f056369804,There is no cat playing with a watermelon,4235285a098cfe3cbb7ffa98a8196e07c02fa5aacd01b862fa2226f056369804,256,sentence2,11
dd32a2503965639b63d71abb265af6347d84f2568ba07ce7b7fb052e00058e5a,"according to frederick herzberg 's two-factor theory of motivation , intrinsic rewards are motivators ( e.g .",dd32a2503965639b63d71abb265af6347d84f2568ba07ce7b7fb052e00058e5a,257,sentence1,32
b37b219ab4fd170dfa6136bee8afbb4c29352f0ca16d3884900676be74f8337a,"suicide bomber kills eight , wounds 13 in afghan capital - police",b37b219ab4fd170dfa6136bee8afbb4c29352f0ca16d3884900676be74f8337a,258,sentence2,20
4de1861c09cd902031e2b00a581058220f49cd918456dc94129faf9b1a6c185d,http : / / en.wikipedia.org / wiki / history _ of _ delhi # early _ history shows that the city was called delhi ( or dilli ) at least since the 12 / 13th century .,4de1861c09cd902031e2b00a581058220f49cd918456dc94129faf9b1a6c185d,259,sentence2,64
f15dfb33ddc6a5545f9fb07193e6e8427cb1144685d412d6987d567d2d5f2949,governance institutions have been ineffective for a long time in somalia .,f15dfb33ddc6a5545f9fb07193e6e8427cb1144685d412d6987d567d2d5f2949,262,sentence1,17
e04e5e600f1bff0e0939958b8646646e6eff1db2a028f54ce8c5adc5c10e9af1,"so at least based on the available data , it appears that voucher programs are neither improving the performance of program participants nor improving the quality of the public school systems .",e04e5e600f1bff0e0939958b8646646e6eff1db2a028f54ce8c5adc5c10e9af1,263,sentence1,35
edc6dba34c6b8070c42fd46593de2122b60ac23d33023b6e4d953bca7084033b,"anyway , i brought this up to the manager and she talked to mrs. i. this was about 1 month ago .",edc6dba34c6b8070c42fd46593de2122b60ac23d33023b6e4d953bca7084033b,265,sentence2,31
9580662470666ad43d530f65dec2ca316c8385edec16538f07cded7763c9fa57,The answer to this and all such similar questions is in two stages:,9580662470666ad43d530f65dec2ca316c8385edec16538f07cded7763c9fa57,266,sentence2,14
ea7ab8ae71e32b1a8a7d10bfe92bb9e80d5e6d1948e74803017a326d0a39d5df,""" that really affects the companies , big time , "" said jim santangelo , president of the teamsters joint council 42 in el monte .",ea7ab8ae71e32b1a8a7d10bfe92bb9e80d5e6d1948e74803017a326d0a39d5df,267,sentence2,42
b17c1adcf9d3cd6ad99bddef841f054d12e709f7027502b7ddd136e0dbc47197,The woman is holding the paintbrush next to the artist's easel,b17c1adcf9d3cd6ad99bddef841f054d12e709f7027502b7ddd136e0dbc47197,272,sentence2,15
c3883c977125fc087552f427d6e38082aa19bdc2af0423ba417b39e95c8e6ece,two men on the side of a barge,c3883c977125fc087552f427d6e38082aa19bdc2af0423ba417b39e95c8e6ece,273,sentence1,10
08a64ad86e8c038ee569c2df7d672260e06f1a5e9d2b43954bce598a58c03664,"the boxeur rocky graziano , delinquant , tormented , violent , unforgettable in somebody up there likes me ( marked by hatred ) , or robert wise , a role intended for james dean , resumed after his death , which really launched newman in 1956 .",08a64ad86e8c038ee569c2df7d672260e06f1a5e9d2b43954bce598a58c03664,274,sentence1,77
1d861d67311417b5c13d9194e4d3d3411c382a82d4df26bb3684291ed79d519c,A lady who looks young is lying on the beach,1d861d67311417b5c13d9194e4d3d3411c382a82d4df26bb3684291ed79d519c,275,sentence1,10
67c519049344da75bef8d6a372e995673a2cabd1849d6d503d4868e3c1b4bd02,i 've done this many dozens of times .,67c519049344da75bef8d6a372e995673a2cabd1849d6d503d4868e3c1b4bd02,276,sentence1,14
d0b54cf292531842d8a644870067e0ff2a2f6ad3cae93b65e823e26d4f990b81,Several people are in front of a building which is covered by colors,d0b54cf292531842d8a644870067e0ff2a2f6ad3cae93b65e823e26d4f990b81,278,sentence2,15
17cd3be2d96f71518b967bbf2be5dd70436e972c3cb9f387c114ecacc603496e,"france shuts mosque , arrests man in crackdown after attacks",17cd3be2d96f71518b967bbf2be5dd70436e972c3cb9f387c114ecacc603496e,279,sentence2,15
74d146e1fdeae77654ac722783a8ab252d7b707d196f642798cde99e0653b7d3,The answer to both of your questions is yes.,74d146e1fdeae77654ac722783a8ab252d7b707d196f642798cde99e0653b7d3,280,sentence2,10
e2438c6e502b26fbda076fab1c97b98eee2e75f83654e0d4869a63248cfb0383,uganda 's president signs anti-gay bill,e2438c6e502b26fbda076fab1c97b98eee2e75f83654e0d4869a63248cfb0383,281,sentence1,15
ec75c8890fe3086da93cef8cb330a8491f94b1ceef0561e52e55f9ae2fde0397,7.2-magnitude quake hits pakistan : cenc,ec75c8890fe3086da93cef8cb330a8491f94b1ceef0561e52e55f9ae2fde0397,283,sentence2,19
b680c28f179e14f71b8220f6fea66e6a98adc6c1bd8eebb30693436370b047a6,"interesting article on the cnn homepage . "" mickleson has a point on taxes . """,b680c28f179e14f71b8220f6fea66e6a98adc6c1bd8eebb30693436370b047a6,285,sentence1,24
7c5b4c3eb40a6cfea4d484547c9ce67baabf724fdb51fee9081c95c0c7d857d6,England captain Strauss retires from cricket,7c5b4c3eb40a6cfea4d484547c9ce67baabf724fdb51fee9081c95c0c7d857d6,286,sentence2,9
e88b5d4079fe75ab715e6b5342eba2e25d7310fb651808d70e3d38777c66bcd6,united states officials do not know how far north korea 's nuclear weapons program has progressed .,e88b5d4079fe75ab715e6b5342eba2e25d7310fb651808d70e3d38777c66bcd6,287,sentence1,25
61a68e61e6ba8b2519b336857f9db4993331bb0bea5d2de094e0a0d1d8a3c0f9,A man is wearing a long black jacket and a brown hat and is walking past a park with a lot of blooming trees,61a68e61e6ba8b2519b336857f9db4993331bb0bea5d2de094e0a0d1d8a3c0f9,290,sentence2,30
f511aef20b35caa266fdf5f8ba077a0946f28d453d98e7b99892b66ecdad2bd6,Two cats are playfully fighting each other,f511aef20b35caa266fdf5f8ba077a0946f28d453d98e7b99892b66ecdad2bd6,291,sentence1,8
81d61fe5f4c9e8434de74b79c967a2ca5f8ebb1d765863ae10493c672129a687,Three men are sitting together near woven walls,81d61fe5f4c9e8434de74b79c967a2ca5f8ebb1d765863ae10493c672129a687,293,sentence1,9
91533c3e46645f05d12c5bf3d7b902849fd05cd2daa39d4c5c99849ef326f044,china launches first air-to-air missile from chopper,91533c3e46645f05d12c5bf3d7b902849fd05cd2daa39d4c5c99849ef326f044,294,sentence1,13
e56aea2ceb4b7c43bd84e7bf08a95ea930eaf9ea7f82f18f7ee18ae30579376b,"the new army commander is the masaka armoured brigade commanding officer , brigadier aronda nyakairima who is now promoted to major general .",e56aea2ceb4b7c43bd84e7bf08a95ea930eaf9ea7f82f18f7ee18ae30579376b,295,sentence1,42
b05de1353a83fc17ac289d93cdc2195d5c08cc3ea3e082cc897e0138c1014b94,1 killed in bangladesh protest,b05de1353a83fc17ac289d93cdc2195d5c08cc3ea3e082cc897e0138c1014b94,297,sentence1,8
2710a762ab9f664048e19b15dd8d78000459ebc61d186b43308cd248f82d142d,"The Dow Jones industrial average .DJI ended up 56.79 points, or 0.67 percent, at 8,588.36 -- its highest level since January 17.",2710a762ab9f664048e19b15dd8d78000459ebc61d186b43308cd248f82d142d,301,sentence2,35
0676c440f6cc884693b25f634f4bd6097f7378831cf38317c89080e3f972d501,There is a young boy with the woman.,0676c440f6cc884693b25f634f4bd6097f7378831cf38317c89080e3f972d501,302,sentence1,10
5df7ebcc21c2d46ce2443ca553dc3554f310dd700c5f56b5f845aaf3ba84e72c,headlines in major iranian newspapers on sept 27,5df7ebcc21c2d46ce2443ca553dc3554f310dd700c5f56b5f845aaf3ba84e72c,303,sentence2,13
b4ea122a0fdb600d21d67705c90e97ad40f75d4a235cee739a6ec3c16a22b943,"in 2001 , president bush named kathy gregg to the student loan marketing association board of directors .",b4ea122a0fdb600d21d67705c90e97ad40f75d4a235cee739a6ec3c16a22b943,304,sentence2,25
f5cb7e5b651fa6794733a482e81e3cf136a889922f14a9047e370e9ecb1c9cdf,"to my knowledge , there 's no time requirement .",f5cb7e5b651fa6794733a482e81e3cf136a889922f14a9047e370e9ecb1c9cdf,305,sentence2,14
0f10f75e0fdcc81a311cd7dcd84df8c4c2dcdc4ad31b89b0427f830db49ecde7,There is no dog playing with a toy,0f10f75e0fdcc81a311cd7dcd84df8c4c2dcdc4ad31b89b0427f830db49ecde7,307,sentence2,10
3a743c965552447dd042090f637a37c29ba9b6ce96df93d141a5c18b8b77b0b9,the justice system is a farce and we all know it .,3a743c965552447dd042090f637a37c29ba9b6ce96df93d141a5c18b8b77b0b9,308,sentence1,15
6ed1615a04ddb5d6d9d2dcf787dd4f81829182dc44a2adf3fe5ff8026d844fe9,why didn 't we ever hear about it during the bush admin when during his admin the national debt was more than doubled ?,6ed1615a04ddb5d6d9d2dcf787dd4f81829182dc44a2adf3fe5ff8026d844fe9,309,sentence2,28
a925d331cfb220e1e1418a6c97a42d91f8805a0c199451c1caf8e7b0437c056f,venezuela 's hugo chavez dies of cancer,a925d331cfb220e1e1418a6c97a42d91f8805a0c199451c1caf8e7b0437c056f,310,sentence2,17
d83458ab64856b52a25e5a8258750f5e65d05e2377c04c378a9ce6debe1f8920,"russia , china veto u.n. draft backing arab plan for syria ( reuters )",d83458ab64856b52a25e5a8258750f5e65d05e2377c04c378a9ce6debe1f8920,311,sentence1,31
9d88629402ac7d7ba736bee3ba891df2f2ccb411ae98998b6403801f07c7aebe,"about 25 governments have signed in the last four months , about half of those in the last three weeks .",9d88629402ac7d7ba736bee3ba891df2f2ccb411ae98998b6403801f07c7aebe,312,sentence1,23
d78ecbe4f1a9c72fe6e8b975c05e0c6266dd3b3e42e6f42ef28b4a0b0902c92b,One woman is wakeboarding on the lake,d78ecbe4f1a9c72fe6e8b975c05e0c6266dd3b3e42e6f42ef28b4a0b0902c92b,312,sentence2,8
30fd46586ad801da60171b3661a70a2cbda6c020bfd27c3328d58ba51e38799b,two young girls holding each other on the grassy ground,30fd46586ad801da60171b3661a70a2cbda6c020bfd27c3328d58ba51e38799b,320,sentence1,11
0f9a770016766320e65904483c367c04ff313ec383810c0b2f660c0ab02357d3,There is no squirrel spinning around in circles,0f9a770016766320e65904483c367c04ff313ec383810c0b2f660c0ab02357d3,321,sentence2,8
fdb87b56de84317a5f4b0dce780df01b2991f50876f79c2f9a2031e57d9edb22,A woman is putting cosmetics on her eyelid,fdb87b56de84317a5f4b0dce780df01b2991f50876f79c2f9a2031e57d9edb22,323,sentence2,11
727207d74ac66978f8013e6e4c6f0e53c96c876304bba9ce4d7353c7a2e1c182,"Recently, it was reported that expression of IDH1R132H suppresses TET2 activity and the mutations of IDH1 and IDH2 genes occur in a mutual exclusive manner with that of TET2 gene in AML.",727207d74ac66978f8013e6e4c6f0e53c96c876304bba9ce4d7353c7a2e1c182,325,sentence1,52
cbebaa2278769dcbabecef1ed77f06a81e870bf1261302214b89888143951968,two dogs are playing in the snow .,cbebaa2278769dcbabecef1ed77f06a81e870bf1261302214b89888143951968,325,sentence2,9
a14527744b2e0fc8db46bf44fd430be602449c7c0a4f42a69366a97d331a43f7,the entire caribbean ocean has been poisoned .,a14527744b2e0fc8db46bf44fd430be602449c7c0a4f42a69366a97d331a43f7,326,sentence2,14
c202067632ecc084906cb810407431a4f5bf12f1e4c707235af6ae926ea5173d,a woman is getting her dog to jump in the air .,c202067632ecc084906cb810407431a4f5bf12f1e4c707235af6ae926ea5173d,327,sentence2,14
255ca88429bbda2d8a82d9b8271f05ae4b19f9c6de73dcd83f45447eecc3bb3d,red double decker bus driving down a street .,255ca88429bbda2d8a82d9b8271f05ae4b19f9c6de73dcd83f45447eecc3bb3d,328,sentence1,12
3bfd65b5fbb5881ef7397cfad84545e8ea1e9895f7ce3c7cad355a523cc9e9b9,unfortunately the answer to your question is we simply do not know .,3bfd65b5fbb5881ef7397cfad84545e8ea1e9895f7ce3c7cad355a523cc9e9b9,329,sentence1,14
06f0447be6bbb6b907732fb4df565ddea711f474346c75af1201bef764461127,no other drug has become as integral in decades .,06f0447be6bbb6b907732fb4df565ddea711f474346c75af1201bef764461127,333,sentence1,11
517a5b279622c2ce4e6cacac9f84bd0c8dfac5cb338a3b3be09d2c5c252ea31c,A person is slicing a carrot into pieces,517a5b279622c2ce4e6cacac9f84bd0c8dfac5cb338a3b3be09d2c5c252ea31c,336,sentence2,12
0f5f860ee708929fa0deb3d014736cba4e9e87d368156739680fee5415c502b6,A man is taking a plate of shredded cheese off of a pot of sauce,0f5f860ee708929fa0deb3d014736cba4e9e87d368156739680fee5415c502b6,338,sentence2,18
7d5a3e7e179eacb19451d4b5f52efc2972dc61d7d5cac76474e6b2da1034d40e,one white boy and one black boy stand with arms around each other .,7d5a3e7e179eacb19451d4b5f52efc2972dc61d7d5cac76474e6b2da1034d40e,339,sentence1,15
1e166a354e46697c7e76d7497d3c385f620c3e694953e1c3130227b4c06b488a,The woman is putting pasta into a dish,1e166a354e46697c7e76d7497d3c385f620c3e694953e1c3130227b4c06b488a,339,sentence2,10
6ef2834d2ce3b8af51da72166a18a6f2631d72d26eeb8842ae116bc0dbc75257,"In the United States, 20.7 percent of all women smoke.",6ef2834d2ce3b8af51da72166a18a6f2631d72d26eeb8842ae116bc0dbc75257,341,sentence2,13
2e6cbd3d77be650cbdcf9c4c6ba1a7b66ef2c0b0fd67db175f86c8b2cd091d13,A girl is coming up on a car.,2e6cbd3d77be650cbdcf9c4c6ba1a7b66ef2c0b0fd67db175f86c8b2cd091d13,343,sentence1,10
6de4868125bed6455275aa000d8a6c6053fa0357381976e68c48f6c721a69bfb,A woman is slicing herbs,6de4868125bed6455275aa000d8a6c6053fa0357381976e68c48f6c721a69bfb,344,sentence1,8
fdf27d28ffab884149d856453174ac9da3aaa21aa1c0470b78936e74c6b6e2da,"three dead , including gunman , in maryland mall shooting",fdf27d28ffab884149d856453174ac9da3aaa21aa1c0470b78936e74c6b6e2da,344,sentence2,14
8f98f34b3b215742d01b5cd7e013ac30fc382fc019dafda61566f99dad39dcac,"is it me , or is the main ingredient in coke sugar ? in ads , coke confronts soda ? s link to obesity",8f98f34b3b215742d01b5cd7e013ac30fc382fc019dafda61566f99dad39dcac,345,sentence1,32
6ba00883d39b905f74ad66fa7edd72dbd3e2e4b06aed1325cb14121221794a8e,Kansas Department of Health and Environment records show there were 88 abortions performed on girls age 14 and younger last year.,6ba00883d39b905f74ad66fa7edd72dbd3e2e4b06aed1325cb14121221794a8e,346,sentence2,24
573635135e9df4117f30effc728b8668c6716ebfe865011f90882c9fe0b87d60,There is no man spitting,573635135e9df4117f30effc728b8668c6716ebfe865011f90882c9fe0b87d60,347,sentence2,7
569abddfd56b254435bab91ee6ff53f2a7ab9dc7c7109f6bb6a1880d921658e5,He also reaffirmed his wish to resolve the North Korean nuclear crisis peacefully.,569abddfd56b254435bab91ee6ff53f2a7ab9dc7c7109f6bb6a1880d921658e5,348,sentence1,17
5f2e4b8c4947a8c12f64785a98245fc4a72ae7af2b85c5fce41bceed696c03fd,There is no child waking up,5f2e4b8c4947a8c12f64785a98245fc4a72ae7af2b85c5fce41bceed696c03fd,348,sentence2,7
a977fcbfc0956bd13c9c243c403d816f15e5be428450b3a63f52fe845abe32ed,The man is playing a flute,a977fcbfc0956bd13c9c243c403d816f15e5be428450b3a63f52fe845abe32ed,349,sentence1,7
a2d8da65da64dad649ea8c42da2263878fb67b01317e19c89f318a4ee4fe79f7,"the cfe limits the use of armed forces and heavy weaponry and prescribes measures aimed at confidence-building , transparency and cooperation between member states .",a2d8da65da64dad649ea8c42da2263878fb67b01317e19c89f318a4ee4fe79f7,350,sentence2,36
93d5bc20564701e321e43c1a93da6c132b13349e06c187e71498badb072f9016,"i 'd suggest you find a bank in your local country , and consider opening a euro denominated bank account with them .",93d5bc20564701e321e43c1a93da6c132b13349e06c187e71498badb072f9016,353,sentence1,33
8a8ccae5cf0bf67c507369bc3fd055a1e13ee4bbfe6583b7bd7024d15df97be4,internet addiction of the day : ' what happens when you cast lindsay lohan in your movie',8a8ccae5cf0bf67c507369bc3fd055a1e13ee4bbfe6583b7bd7024d15df97be4,354,sentence2,23
daee9c6dee429cedf7d69991e3fcb43b96825bbf2c4aefd81a71864905ec99b8,"Yes, you can do it.",daee9c6dee429cedf7d69991e3fcb43b96825bbf2c4aefd81a71864905ec99b8,355,sentence2,7
7d5b2a63be540d38bbce32e8ed94066b43dd436f73f62a6eb31fa4097bcbd193,The boys are earning their next belt in karate.,7d5b2a63be540d38bbce32e8ed94066b43dd436f73f62a6eb31fa4097bcbd193,356,sentence1,12
8f56a3499d4729d98669b2664efb4ed180b58de95209e9c055ff4f71b23bc60c,A young child is riding a three wheeled scooter down the sidewalk,8f56a3499d4729d98669b2664efb4ed180b58de95209e9c055ff4f71b23bc60c,356,sentence2,15
4bb7cf9091678d664e42d39afebb9a6d3a0d53cd70efd7ab460a633078518eb1,golden globes : how did tina fey and amy poehler do as hosts ?,4bb7cf9091678d664e42d39afebb9a6d3a0d53cd70efd7ab460a633078518eb1,357,sentence1,27
985c9700f44bdfc8ecbf00f5164b8972fbb8659b600cdef5c7cd0f5de78c703a,Gu Kailai's Murder Trial Ends in China,985c9700f44bdfc8ecbf00f5164b8972fbb8659b600cdef5c7cd0f5de78c703a,359,sentence2,13
713a99f8d3b69500707318d6a6c43ee912f4b76c4139ad46690ad57563fbee05,un invites iran to syrian peace conference,713a99f8d3b69500707318d6a6c43ee912f4b76c4139ad46690ad57563fbee05,360,sentence1,13
f9505d0bc0166898ff7cbdeb854c775d73cc2444a461ba97ab71157007ddb53e,ramblin ' rose by nat king cole we are all vessels filled with many wonders .,f9505d0bc0166898ff7cbdeb854c775d73cc2444a461ba97ab71157007ddb53e,361,sentence1,25
be57237ee8d1db331ad4c30a7fb5559951425972a725f2a3bc9a96d496450e17,The woman is eating some cut pieces of raw meat,be57237ee8d1db331ad4c30a7fb5559951425972a725f2a3bc9a96d496450e17,362,sentence2,10
a08ce8c6e86699143bec65de696e906412847f293df5a0d0e2a6974fb6e8eb3e,The man is putting chicken into the box,a08ce8c6e86699143bec65de696e906412847f293df5a0d0e2a6974fb6e8eb3e,367,sentence1,9
15d545071a15d812a3f538e6ac773ab8d849b6642d5af5eb0c108af3e3e07e54,"droop , sink , or settle from or as if from pressure or loss of tautness ; become less intense .",15d545071a15d812a3f538e6ac773ab8d849b6642d5af5eb0c108af3e3e07e54,367,sentence2,31
411edbffee84329f1bb2ea0f99da2b5fd0c5f76a8ac52422f1fafda82795df3a,representatives for puretunes could not immediately be reached for comment wednesday .,411edbffee84329f1bb2ea0f99da2b5fd0c5f76a8ac52422f1fafda82795df3a,369,sentence2,19
1e8ae68f892256f56350b0cb9c44ed15d0075a0dff58759e2534c1887e087923,loss of ability to function normally .,1e8ae68f892256f56350b0cb9c44ed15d0075a0dff58759e2534c1887e087923,372,sentence1,8
59aa5e07c5043040073d46c501982757cfe60e4b43fe2217f0a1c2b86b0da717,make believe with the intent to deceive .,59aa5e07c5043040073d46c501982757cfe60e4b43fe2217f0a1c2b86b0da717,373,sentence1,11
5105f615c1dbe45349393785ed4b8b23580fa8fd31e5e2079c9a5174e21010b3,Two dogs and two people are sitting in the woods,5105f615c1dbe45349393785ed4b8b23580fa8fd31e5e2079c9a5174e21010b3,373,sentence2,11
99df4a546643734fc5af8e9b3e7780bb34128f6ce18ebaa1a536cea42e3ce5f2,Chicago teachers strike in bitter contract dispute,99df4a546643734fc5af8e9b3e7780bb34128f6ce18ebaa1a536cea42e3ce5f2,374,sentence1,7
598011811b2d228232bb3328307be26177bc7f957d7afb240ed6b0fe2041f523,The person is trotting on the horse,598011811b2d228232bb3328307be26177bc7f957d7afb240ed6b0fe2041f523,374,sentence2,8
8567169abb3e9bc46ece0c8950d647a22055b68e839294211ac52284158d6c9e,dozens of egyptians hostages taken by libyan terrorists as revenge for airstrikes,8567169abb3e9bc46ece0c8950d647a22055b68e839294211ac52284158d6c9e,375,sentence2,27
7fb25499207ad40771c3ec955c7541e5afade0fc222f6219092ae1cf1d111dec,The cat fished a straw out ouf his water dish.,7fb25499207ad40771c3ec955c7541e5afade0fc222f6219092ae1cf1d111dec,376,sentence1,14
14ae40d3e8e7f2806797c4ec14c6a35338f8548fc575e9e3997988565a654ae5,a flat portable surface ( usually rectangular ) designed for board games ;,14ae40d3e8e7f2806797c4ec14c6a35338f8548fc575e9e3997988565a654ae5,378,sentence2,16
f441de2902819c5b72bcaf80f3fa7ec956d4e55f09f46af3b9268621b3b72e64,from what i 'm seeing it 's generally accepted that most english speakers have a vocabulary size of 15000 to 20000 words .,f441de2902819c5b72bcaf80f3fa7ec956d4e55f09f46af3b9268621b3b72e64,379,sentence1,32
e7bc7c28ef6de210071fbac86eb1d594067657e6453bb14b5849b782165b8c3b,A girl is wearing all black and is sliding down a blow up yellow slide,e7bc7c28ef6de210071fbac86eb1d594067657e6453bb14b5849b782165b8c3b,382,sentence2,16
3253712a7281ad71f047c9e2983e6b8f9360b0c5cd164a031b5e176a72204f2d,A snow slide is full of kids,3253712a7281ad71f047c9e2983e6b8f9360b0c5cd164a031b5e176a72204f2d,386,sentence1,7
0ae0addee2674eb3d5258cfce2f701fb2046e8ab0d8004ec35224fc87614a51e,A man is talking on a cell phone,0ae0addee2674eb3d5258cfce2f701fb2046e8ab0d8004ec35224fc87614a51e,387,sentence1,9
b0203881b7ee28463e77f52f059cf7fbbab2ca5782b440e611fb334ecacf90a8,An old woman is shaking hands with a man,b0203881b7ee28463e77f52f059cf7fbbab2ca5782b440e611fb334ecacf90a8,389,sentence2,10
e5569224776dc542e15b11f038725df5c5b5707228cf47bf02ab30259b7bd98a,A female wearing pink gloves and a brown jacket is smiling in the snow,e5569224776dc542e15b11f038725df5c5b5707228cf47bf02ab30259b7bd98a,390,sentence1,15
15a3dc0f2488aba49b26fc7b2d2c7284cba5a6dc45595828c83dc930a72218f5,the leaders benefit aujourd ' hui d ' a new chance and therefore let us let them it grab .,15a3dc0f2488aba49b26fc7b2d2c7284cba5a6dc45595828c83dc930a72218f5,390,sentence2,26
ca7d691a355e5788e59a97372113b041d97a2877a7adafcd4aa6fd0605f4be4f,an acute febrile highly contagious viral disease .,ca7d691a355e5788e59a97372113b041d97a2877a7adafcd4aa6fd0605f4be4f,392,sentence1,12
3ef5017bb702e891ca43e1f54f67b19974e08aaf9169459e30ba85c22757d0c0,hill is the head american negotiator on north korea 's nuclear weapons program .,3ef5017bb702e891ca43e1f54f67b19974e08aaf9169459e30ba85c22757d0c0,393,sentence1,24
7486e7f4a84ed75a06fccdd5d53003bfd903d486914b2ee24a7388b66b090a39,A cyclist is fearlessly performing a trick in the air,7486e7f4a84ed75a06fccdd5d53003bfd903d486914b2ee24a7388b66b090a39,394,sentence2,12
af576ba65cfe2280f0a6229c2e78c4ddaabf9f8732c412466cc36b8b7193b6be,A woman wearing casual clothing is keeping her mouth closed and is near other people dressed differently,af576ba65cfe2280f0a6229c2e78c4ddaabf9f8732c412466cc36b8b7193b6be,395,sentence1,17
511d9a5573a5c98b6723a791c3385c17d7d85108e1f5173ce822386e53f22b03,A man is buttering a slice of bread,511d9a5573a5c98b6723a791c3385c17d7d85108e1f5173ce822386e53f22b03,396,sentence1,10
848ffd8f5687d990b7b13148cc4334f55a5fc55ac7c2c5c5fe6706ed08421caf,and nugent was a complete fool to say what he said .,848ffd8f5687d990b7b13148cc4334f55a5fc55ac7c2c5c5fe6706ed08421caf,397,sentence1,16
cb51dcadea247c6a91223882f24b4f8457336e7f16b1a7e1b37157a13c92b0aa,a band of leather or rope that is placed around an animal 's neck as a harness or to identify it .,cb51dcadea247c6a91223882f24b4f8457336e7f16b1a7e1b37157a13c92b0aa,398,sentence1,27
45e3a720469b4327c2dc783ea8d4ec2d28384ac5df0e5c8c417cf6e7f2a5c5b4,A girl is falling asleep,45e3a720469b4327c2dc783ea8d4ec2d28384ac5df0e5c8c417cf6e7f2a5c5b4,398,sentence2,5
99e4329f5d4dd560667c201be7790b541ebd3fd3dcbbb62fb3de95186ac6187b,A woman is standing at the wheel of a classic American car that has its door and trunk open,99e4329f5d4dd560667c201be7790b541ebd3fd3dcbbb62fb3de95186ac6187b,399,sentence2,20
d2d513b8aa2cc0f9b47038cfac663c735c2b99954f0551b5bc2d2d146d630dd1,romney won 't volunteer budget differences,d2d513b8aa2cc0f9b47038cfac663c735c2b99954f0551b5bc2d2d146d630dd1,400,sentence1,10
4735397438b764f48e25963cd1a321158aed5fcae5485b890def5c3888f298dd,what will be the response in california ?,4735397438b764f48e25963cd1a321158aed5fcae5485b890def5c3888f298dd,401,sentence1,14
043d1949fef95bafbdedaca5c70cdb979b2bc036e02f933321e9d2e213b7b29b,The woman is putting makeup on the man,043d1949fef95bafbdedaca5c70cdb979b2bc036e02f933321e9d2e213b7b29b,405,sentence2,9
4a9ffe1dde583f519c9ebe2df5ef14a3576d4307c4ee7f88111882c1911673ce,A blond woman is sitting on the roof of a yellow vehicle and two people are outside,4a9ffe1dde583f519c9ebe2df5ef14a3576d4307c4ee7f88111882c1911673ce,407,sentence1,20
2cd3f89e07bc526886dabdb5c644982ed86b513f2f2d61841fc7060e4676afa4,'arrest warrant ' for maldives ex-president,2cd3f89e07bc526886dabdb5c644982ed86b513f2f2d61841fc7060e4676afa4,407,sentence2,15
31a1691cb0d5e7184179b13bd6167b393a6722c25e239eb992e583c9fcdb7373,three ice skaters round a corner .,31a1691cb0d5e7184179b13bd6167b393a6722c25e239eb992e583c9fcdb7373,408,sentence1,12
45533a7ba16b6c26dd1529777b6e98ab815c8a5b134ca9d9b9241eeed9443d65,"For the full 12-month period, high-speed cable modem connections increased by 49 percent.",45533a7ba16b6c26dd1529777b6e98ab815c8a5b134ca9d9b9241eeed9443d65,409,sentence1,19
c5b2f790f68f9db26c28d608847a62575e25210237a4903f178834f200f50ca0,grrrr what the heck do i do ?,c5b2f790f68f9db26c28d608847a62575e25210237a4903f178834f200f50ca0,410,sentence1,13
56d578f6714653dc9d779714cc926193f9772154486fde5b5a7cc46b70cde5da,"nyt books - books of the times : ? the river swimmer , ? a pair of novellas by jim harrison : ? the river swimmer , ? ji ...",56d578f6714653dc9d779714cc926193f9772154486fde5b5a7cc46b70cde5da,412,sentence2,52
c74e8168bac4ba98d97b330891b37dd4811494065f58b717035e9f27fdfea620,a clear plastic chair in front of a bookcase .,c74e8168bac4ba98d97b330891b37dd4811494065f58b717035e9f27fdfea620,413,sentence2,14
ad5faed04a9612ac5a05eb013d4fb7d7681a41853e9791f54360ea01e6de1cb1,iranians vote in presidential election,ad5faed04a9612ac5a05eb013d4fb7d7681a41853e9791f54360ea01e6de1cb1,414,sentence1,8
8bfa6a26e8dcdd45583fb17eedcc4b9e127fefc3aaf5024d68c614ccd6994a63,i wood have at least asked if a threesome was out of the question .,8bfa6a26e8dcdd45583fb17eedcc4b9e127fefc3aaf5024d68c614ccd6994a63,415,sentence1,20
cb3c651b40d1c94eafabb7cf1e749c8375cc88f1ec4a9c48323d011881e3b98d,The people are lifting bags.,cb3c651b40d1c94eafabb7cf1e749c8375cc88f1ec4a9c48323d011881e3b98d,416,sentence1,6
6e3997bead9cd1f8e5332515d5030402900015a229cd9a26a7d247ba01e9169b,The man is eating.,6e3997bead9cd1f8e5332515d5030402900015a229cd9a26a7d247ba01e9169b,417,sentence2,5
602663aaf94ce5adca194f9474cb6058329377a02bc3f3b35a8e1e99625adab7,The person is riding the animal,602663aaf94ce5adca194f9474cb6058329377a02bc3f3b35a8e1e99625adab7,418,sentence1,6
349f383efed24a84edeedf1e7d677be797b5617b76edd4b32e3d45bcc9395b4d,Two dogs are looking at something that is moving in the water,349f383efed24a84edeedf1e7d677be797b5617b76edd4b32e3d45bcc9395b4d,419,sentence1,12
c59a8a7df7bbd95d9c7c25c625884705a6b5ec6cf398b9f1518c65ed07c2c73d,op-ed columnist : colorado ? s marijuana muddle,c59a8a7df7bbd95d9c7c25c625884705a6b5ec6cf398b9f1518c65ed07c2c73d,419,sentence2,22
1c0b8579fc709f1fc6db8d9b8fd489b7b163fada79283d88b5527269f36224c9,world ‚ äôs largest building opened in west china,1c0b8579fc709f1fc6db8d9b8fd489b7b163fada79283d88b5527269f36224c9,420,sentence2,13
539a87982cb61338607eab0c37cbc3439d0aa045bb6339250b36341529699713,A dog with a blue collar is not playing with the ball outside,539a87982cb61338607eab0c37cbc3439d0aa045bb6339250b36341529699713,421,sentence2,14
fc9c015f2d585428cb7422cc28a304060f2ac9d4f4e896b1734939b2b98d9a10,"establish the validity of something , as by an example , explanation or experiment ;",fc9c015f2d585428cb7422cc28a304060f2ac9d4f4e896b1734939b2b98d9a10,424,sentence1,18
b8d3a2be4bc89b73c909e5c840e1a2ef8e3805d9d875e8829c481dcf453e7ae0,a man is swinging on a rope over water .,b8d3a2be4bc89b73c909e5c840e1a2ef8e3805d9d875e8829c481dcf453e7ae0,425,sentence1,14
6e9ab4774ab8eddb8dcf7e0b453a404281ad8d4bd79d0250f76557de80b9c435,bangladesh islamist execution upheld,6e9ab4774ab8eddb8dcf7e0b453a404281ad8d4bd79d0250f76557de80b9c435,427,sentence2,10
d0b4e5d20b80d139b6dbffa40ca11a0d83c452e3bc9b484b1016b8e8ba359b6f,five killed in philippines volcano eruption,d0b4e5d20b80d139b6dbffa40ca11a0d83c452e3bc9b484b1016b8e8ba359b6f,431,sentence1,10
1289b5edcd06fc3ee6bad5fda3b09c6e8bbab3964d5114fb6003a95437ec7949,Tehran: EU sanctions won't force Iran into nuclear talks,1289b5edcd06fc3ee6bad5fda3b09c6e8bbab3964d5114fb6003a95437ec7949,431,sentence2,12
84ca365d6e700bcf13dadb22a585b03d21b23cdce86ed7b390d367141d086849,Two people are sitting on a park bench on a hot day,84ca365d6e700bcf13dadb22a585b03d21b23cdce86ed7b390d367141d086849,432,sentence1,14
553a3cf8c67165e193f5ebf42c381fe89c4a2441c483b4de32a0cfb26d38c824,A panda is climbing,553a3cf8c67165e193f5ebf42c381fe89c4a2441c483b4de32a0cfb26d38c824,432,sentence2,6
2b4cc1f084b7743073645ed9c98c0e09dbb7a7b0d06995223698da05ddd56567,even though the question has been answered i would like to add my answer .,2b4cc1f084b7743073645ed9c98c0e09dbb7a7b0d06995223698da05ddd56567,433,sentence1,17
bd9ad6bc110bf0ac3c668e75610e6600542d4eba2173269d2b2580e57777ea57,There is no woman playing a flute,bd9ad6bc110bf0ac3c668e75610e6600542d4eba2173269d2b2580e57777ea57,433,sentence2,8
3848cd47bdb452be21cb002aeeefac647e806bccc41a0dbecae15383e908277f,malaysia 's ruling coalition wins majority,3848cd47bdb452be21cb002aeeefac647e806bccc41a0dbecae15383e908277f,434,sentence1,11
907f1d166ea52f4e7c682b5729eb1aba3d8475ecbcfd361613604a21af8f1466,shares of coke were down 26 cents to close at $ 44.10 on the new york stock exchange .,907f1d166ea52f4e7c682b5729eb1aba3d8475ecbcfd361613604a21af8f1466,434,sentence2,24
3d9bab0f7babe256e612c96950559deb6f7943bd70d37635c00cc9fdc8ae59f9,the person is slicing cheese .,3d9bab0f7babe256e612c96950559deb6f7943bd70d37635c00cc9fdc8ae59f9,435,sentence1,10
049abe1c14535f1aeade306f2d77ab1f9ccfd493c9b4ca71427565d1ac476ce4,french court : twitter must identify racist users,049abe1c14535f1aeade306f2d77ab1f9ccfd493c9b4ca71427565d1ac476ce4,435,sentence2,9
d2e00c8284544529203818a8c5cc55c1498a1fb24c901a24a653d772e2bd8177,a person is cutting mushrooms with a knife .,d2e00c8284544529203818a8c5cc55c1498a1fb24c901a24a653d772e2bd8177,437,sentence1,12
bb2d2ad18c4ecca1d7582ff9c1b82397675916dd09b95748af31fea8401dd612,ehud olmert sentenced to six years in israel,bb2d2ad18c4ecca1d7582ff9c1b82397675916dd09b95748af31fea8401dd612,437,sentence2,18
3f8596c30825f283c1f340f4df7190dd20a3542aa7ff343946ad6710cbdb115c,"again , this is not a constitutional issue .",3f8596c30825f283c1f340f4df7190dd20a3542aa7ff343946ad6710cbdb115c,438,sentence1,12
050d11e8bfb0f981dce075e9d0cae963234d561fe8313dc0f27ccf4f8201b6be,a boy is checking a calender .,050d11e8bfb0f981dce075e9d0cae963234d561fe8313dc0f27ccf4f8201b6be,438,sentence2,12
160bc9b445c64e26d339577bdf0b2885b2ba408a2b192306ba11046e0a1027a9,berlin will host top-level meetings in october to save key european arms control treaty conventional forces in europe ( cfe ) .,160bc9b445c64e26d339577bdf0b2885b2ba408a2b192306ba11046e0a1027a9,439,sentence2,36
6d4ed28704b53a346ade780c2ab980afaf346d485fd52f8b6241acbedad38b3f,"Not a direct answer to the question, but something to consider.",6d4ed28704b53a346ade780c2ab980afaf346d485fd52f8b6241acbedad38b3f,441,sentence1,14
e03ed207db11d6ce74247d5ed657d030f7c814e89783afbfa0549894076d99e5,deputy speaker nigel evans re-arrested,e03ed207db11d6ce74247d5ed657d030f7c814e89783afbfa0549894076d99e5,442,sentence1,16
0db46ad5c748b6b6d22cae881eba88b1ef0c37a62bc70e0f129ac0391ed012fb,An oriental man and two women are in front of a camera,0db46ad5c748b6b6d22cae881eba88b1ef0c37a62bc70e0f129ac0391ed012fb,442,sentence2,13
caf7f59754bfca7877b538c22e6810c7099ace7b4100412f969d9ce97314bb1f,things are so big and strange .,caf7f59754bfca7877b538c22e6810c7099ace7b4100412f969d9ce97314bb1f,443,sentence1,8
54316dc2db8f23d3e698eb4a778465196055baa0b12b65a6b98e2ade14e48086,A boy and a girl in swimsuits are wearing floats for their arms,54316dc2db8f23d3e698eb4a778465196055baa0b12b65a6b98e2ade14e48086,443,sentence2,18
a948afc0c2d8ec7fbc67b865cc40d21c4e2cf8c846947c34de6841cf0a97a9a9,egypt 's muslim brotherhood set for mass march,a948afc0c2d8ec7fbc67b865cc40d21c4e2cf8c846947c34de6841cf0a97a9a9,445,sentence2,18
39f5064a6e411423e6d73f82ef26e7d9e5ba7220af807f26f86f891222eb03b4,the act of referring or consulting .,39f5064a6e411423e6d73f82ef26e7d9e5ba7220af807f26f86f891222eb03b4,446,sentence1,9
d6b87b237722071b9e40dcd3470f46cef4be66721b517ddc961702b457a0004e,sheriff : man recovers stolen car 42 years later,d6b87b237722071b9e40dcd3470f46cef4be66721b517ddc961702b457a0004e,447,sentence1,12
a291f5378bc773cfabfbd0dc5d0b8f9d7accdb75a3ff16b07d5dea7fdcef5f23,A man is cutting an onion.,a291f5378bc773cfabfbd0dc5d0b8f9d7accdb75a3ff16b07d5dea7fdcef5f23,447,sentence2,7
8804182c5fc596287d756a633ed4417bbd096c7c2316aa10eb35825f0ffc297f,britain 's prince philip set for ' exploratory ' surgery,8804182c5fc596287d756a633ed4417bbd096c7c2316aa10eb35825f0ffc297f,450,sentence1,20
602d0ebf641ae665ec835956d71c3b4366a57c19bfa5ceee5137c0596930d9f0,move oneself very fast .,602d0ebf641ae665ec835956d71c3b4366a57c19bfa5ceee5137c0596930d9f0,451,sentence1,7
66f78c45dce704d31c912c8ec9b4525341d6e9be91190a88f9b6e861c1784862,Two bmx bikers are jumping dirt ramps in front of a body of water,66f78c45dce704d31c912c8ec9b4525341d6e9be91190a88f9b6e861c1784862,453,sentence1,21
99b13e7ee869079e96d1db54b8bea13a58b7e4acd1e0c029cd9ea16034e47bea,"you 're such a bad person ! """,99b13e7ee869079e96d1db54b8bea13a58b7e4acd1e0c029cd9ea16034e47bea,454,sentence2,12
c7d0866a44e83f11a28e5310cf7cee01bc7fb41f0ef0c0db60049d2d40b2f8d4,i think there isn 't a general answer .,c7d0866a44e83f11a28e5310cf7cee01bc7fb41f0ef0c0db60049d2d40b2f8d4,456,sentence1,15
1bf24e6dd496ac4db366ef43fc7927acc9315d349ce70dd90bbb73709887d5c9,thistle is classified as a noxious weed in most places and must be controlled .,1bf24e6dd496ac4db366ef43fc7927acc9315d349ce70dd90bbb73709887d5c9,457,sentence2,22
d8a85da5dcc4dc45868c2e51d2418df2263bd871eefdb405051d801c8d9e3507,there is still a closed path,d8a85da5dcc4dc45868c2e51d2418df2263bd871eefdb405051d801c8d9e3507,458,sentence2,7
90587bc408c7ed86ffdce1c125aa03451e1609c2c3ac4c6c8ccbf69235d1cd83,"finally , the order in which the terms appear in the document is lost in the vector space representation .",90587bc408c7ed86ffdce1c125aa03451e1609c2c3ac4c6c8ccbf69235d1cd83,459,sentence1,22
1ef604b6770ae2e7ba9c0db23bd872519463108eeeeacf887e3eb1e222795c57,a person is cutting a meat .,1ef604b6770ae2e7ba9c0db23bd872519463108eeeeacf887e3eb1e222795c57,462,sentence2,10
a610284582873a928b6dba678081b5d2deb92327544926935e520137d424befd,"so , i don 't know how legitimate this is but yeah .",a610284582873a928b6dba678081b5d2deb92327544926935e520137d424befd,464,sentence1,18
964419e45777b9b62eea8e524b647976baeca96a4e911fbc20d9612e9b3a9c57,a brown dog carrying a stick in its mouth .,964419e45777b9b62eea8e524b647976baeca96a4e911fbc20d9612e9b3a9c57,464,sentence2,13
ae6c12fd00a148432d7e553a48e792deb5179e863a76127a8ed0d6f13f668646,originally posted by vitchilo march is also the date for the uprising in china .,ae6c12fd00a148432d7e553a48e792deb5179e863a76127a8ed0d6f13f668646,465,sentence2,22
42b50e9d32477fcde2a551ef76784569dec79785374be0d3fc21e23212296554,yahoo to buy tumblr for $ 1.1 billion,42b50e9d32477fcde2a551ef76784569dec79785374be0d3fc21e23212296554,467,sentence1,14
102f5fc5d68cf82ee2785add54e7639cab6f632d68e92a620a97f5912153d752,It doesn't matter unless it is really far off.,102f5fc5d68cf82ee2785add54e7639cab6f632d68e92a620a97f5912153d752,467,sentence2,13
eadc0a97b5be4aef8303dfbcd5a3c4c9740268cd57133b37aa89efe204a27bee,A man is exhibiting a small monkey,eadc0a97b5be4aef8303dfbcd5a3c4c9740268cd57133b37aa89efe204a27bee,468,sentence2,9
9c6731339f5d61b4522c18301adfca4589c35d81d788a5fd2d270efe6e2532f0,make ready for action or use .,9c6731339f5d61b4522c18301adfca4589c35d81d788a5fd2d270efe6e2532f0,469,sentence2,8
8b2479b514e43947d805f6bd3dddcec5ad3db422f39f6fff85e3b1d5c4d8e5b6,i think this is one of those things where you are just out of luck .,8b2479b514e43947d805f6bd3dddcec5ad3db422f39f6fff85e3b1d5c4d8e5b6,470,sentence1,18
04a4ae382ba192354253c9706719cdf559f76bf7bd7ec392fbd94ddc2e50cc9c,a boy in black waves his arms while other people are behind him on a field .,04a4ae382ba192354253c9706719cdf559f76bf7bd7ec392fbd94ddc2e50cc9c,470,sentence2,20
86ddc17aff42fba0581f98ef38b8a83ade4eefd3b2250a11afc04bc059563c52,Three women are resting in a village,86ddc17aff42fba0581f98ef38b8a83ade4eefd3b2250a11afc04bc059563c52,471,sentence2,9
91217db9c74934387668220324dcf0f367a0103ab2b4519a0c9f18d94161a460,nadal tops djokovic for 7th french open title,91217db9c74934387668220324dcf0f367a0103ab2b4519a0c9f18d94161a460,472,sentence2,16
03a06e34bba70d95e479bf0b174a9eac74e46f56a1c7b1e75267a1a402d1814b,""" bulb a "" "" s path only contained switch z """,03a06e34bba70d95e479bf0b174a9eac74e46f56a1c7b1e75267a1a402d1814b,475,sentence2,15
3b3186cff4d97cb1bc0c1084e7abddf7349d3f7d177163c017ab804ece32e053,A person is severing the toe of an empty leather boot with a sword,3b3186cff4d97cb1bc0c1084e7abddf7349d3f7d177163c017ab804ece32e053,479,sentence1,19
1abb4bcce340d6fa2aa731273877b4dce4ddeae599407235caace89df813f5fb,3 chinese tourists killed in pakistan,1abb4bcce340d6fa2aa731273877b4dce4ddeae599407235caace89df813f5fb,479,sentence2,12
eb70ba0de0728c63af417f7124866e2a57f0c75b29aa5d28651eaafb06289ca2,There is no dog standing on one leg and is waiting for a soccer ball,eb70ba0de0728c63af417f7124866e2a57f0c75b29aa5d28651eaafb06289ca2,480,sentence2,16
de049ac0949f75b26a0b8bade9fa89723bd6d656845c2f640a9828a723ef3424,"p ( b ) is the prior or marginal probability of b , and acts as a normalizing constant .",de049ac0949f75b26a0b8bade9fa89723bd6d656845c2f640a9828a723ef3424,481,sentence1,28
9edd707690861832d6ed604d4c1f6e9ef354c10e9317fe996a0afd5b69fe9df0,China: Relief in focus as hope for missing fades,9edd707690861832d6ed604d4c1f6e9ef354c10e9317fe996a0afd5b69fe9df0,481,sentence2,11
9248d3ec9f0fad3c6b35262646fb7ed9b40bbbb54937a094b692083b44ead2fb,A soda is being opened and drunk by a woman,9248d3ec9f0fad3c6b35262646fb7ed9b40bbbb54937a094b692083b44ead2fb,484,sentence2,11
d90fa67337dd39bab31bff0ae78d54559b668804201f650c75bac0dd19e3152f,weak earnings drag us stocks lower in early trade,d90fa67337dd39bab31bff0ae78d54559b668804201f650c75bac0dd19e3152f,485,sentence1,9
6d2407cdd443681d93e35500d8353f7718448efaf18629ea37f8cc3ad7889378,"asian muslims celebrate eid as 52 die in pakistan , afghanistan",6d2407cdd443681d93e35500d8353f7718448efaf18629ea37f8cc3ad7889378,486,sentence2,28
e792fd2c30cd1de74393f1fbe00f766d16769a0c043445d42370b1a6e2dcd274,A potato is being sliced by the man,e792fd2c30cd1de74393f1fbe00f766d16769a0c043445d42370b1a6e2dcd274,488,sentence1,9
28f301fa133f85aa48214819468c3daf9be6cb7905a76630ecc5016326ea5f44,Fish is being cooked by a woman,28f301fa133f85aa48214819468c3daf9be6cb7905a76630ecc5016326ea5f44,491,sentence1,8
762c0b9634fe041f9cd5080d1d4ed06b629ad43cc9ad69f05fdb27a438fe1c61,the force by which one object attracts another .,762c0b9634fe041f9cd5080d1d4ed06b629ad43cc9ad69f05fdb27a438fe1c61,491,sentence2,11
21643fe53c3f75d8410157c94c079896983962bf0c827a1d9ca42087ba363e55,an old woman is shaking hand with a man .,21643fe53c3f75d8410157c94c079896983962bf0c827a1d9ca42087ba363e55,492,sentence2,12
b76a1ebfbaf93a451a5fa0675d67521761cb3be3a28dd4ea36f06f33fdb49fab,this point of the payment opens the door with the arbitrary one .,b76a1ebfbaf93a451a5fa0675d67521761cb3be3a28dd4ea36f06f33fdb49fab,493,sentence1,15
287f3f19000cf09adc9872ed59f0b6e855828076edd78cead5f4edc7fce594bc,The young adult are cold,287f3f19000cf09adc9872ed59f0b6e855828076edd78cead5f4edc7fce594bc,495,sentence1,5
018b9afbf232e85fe4b5291ec386e238e5ab0d1009b010b30049da3aee8d4c1c,A man with Indian clothing and henna on his hand is going through paperwork,018b9afbf232e85fe4b5291ec386e238e5ab0d1009b010b30049da3aee8d4c1c,496,sentence2,17
7b484d8541da7757b32a1a1bba408978db2c9bd8a87e52def57b1864c8ec9928,reverse the winding or twisting of .,7b484d8541da7757b32a1a1bba408978db2c9bd8a87e52def57b1864c8ec9928,497,sentence2,10
f079339c1422f38d11abf9732e37e99ad78ee20642a17c8c7e576f5b9090d0a3,india building collapse kills 14 ; dozens trapped,f079339c1422f38d11abf9732e37e99ad78ee20642a17c8c7e576f5b9090d0a3,498,sentence1,11
cc6f8176cd7e158d296b35f8953250c8307f88b64d3af2be22887bd6d6facb86,kl shares lower at mid-morning,cc6f8176cd7e158d296b35f8953250c8307f88b64d3af2be22887bd6d6facb86,498,sentence2,11
5abd1490d0804b1279e83d92ce5064ee42f67925c5334fdd45d3a371eff0c282,i don 't like flavored beers .,5abd1490d0804b1279e83d92ce5064ee42f67925c5334fdd45d3a371eff0c282,499,sentence1,13
72f045254e18fdfc9e78f44b8187816419a00d29c944736bcd54fbac4f78a9fb,a brief attempt at some endeavor,72f045254e18fdfc9e78f44b8187816419a00d29c944736bcd54fbac4f78a9fb,500,sentence1,7
a1508252b035804f3f47db80123e0e9fe9c7c52a10aa83f8da6a2e26242d8cba,two terriers play on the wood floor of their home .,a1508252b035804f3f47db80123e0e9fe9c7c52a10aa83f8da6a2e26242d8cba,500,sentence2,15
fdd055f4d48355f4fa63f1c5886cce724141ebc670beb146136dfa520ca384dc,guinea votes in long-delayed legislative poll,fdd055f4d48355f4fa63f1c5886cce724141ebc670beb146136dfa520ca384dc,501,sentence1,13
b0c08a25ba7bbc338b14a61c59fd1c8e81d44967cf3dbf8d5f942c71cb2a07e2,"terminals 4 , 5 , and 6 are only connected to the positive battery terminal .",b0c08a25ba7bbc338b14a61c59fd1c8e81d44967cf3dbf8d5f942c71cb2a07e2,501,sentence2,20
b23af565394bbb6150d8b1a1175addbcc3d6a43234267b54fead7cca5972873d,us hands over bagram prison to afghan authorities,b23af565394bbb6150d8b1a1175addbcc3d6a43234267b54fead7cca5972873d,502,sentence1,12
d893c495a250c137e5fff587f7d316797ed20388fbeaeaa41a5ae9bdafa906fd,Three men are looking into the distance,d893c495a250c137e5fff587f7d316797ed20388fbeaeaa41a5ae9bdafa906fd,502,sentence2,7
319617969003b6fd68caaf9c5a0088bcf48738060ffd458ecabccdd38ab684ce,"the eye to aspects of the bee plays an important role , since it is able to see in all directions , in a 300 degrees .",319617969003b6fd68caaf9c5a0088bcf48738060ffd458ecabccdd38ab684ce,504,sentence1,33
3b299713720a119161c816e8ad0454429ae038bed9837b8f439ff97757f5b9d4,ukraine refuses to act against russian ' provocation',3b299713720a119161c816e8ad0454429ae038bed9837b8f439ff97757f5b9d4,505,sentence1,17
b1c2db19a94af8ec14238a61da3714af5d0a6e737c0f7b760bb71e5badb7406c,meshed frame over windows and doors,b1c2db19a94af8ec14238a61da3714af5d0a6e737c0f7b760bb71e5badb7406c,505,sentence2,7
12b0cb57799e4a9dc907701a45cbc2b2f8e6996a285ae55c58213286245dff31,nytimes : great obit on dear abby .,12b0cb57799e4a9dc907701a45cbc2b2f8e6996a285ae55c58213286245dff31,506,sentence1,17
5a70d0a1ab6e881779d584bb4b782b67e0ea3b7121a941099812eb68e7297fdf,amazon unveils new fire tv streaming video box,5a70d0a1ab6e881779d584bb4b782b67e0ea3b7121a941099812eb68e7297fdf,506,sentence2,11
c4dbcc053cd0e2e4a9bd9ea1791fa0c750520810b02d719c482fe02b0efdb2d5,egyptians vote on islamist-backed constitution,c4dbcc053cd0e2e4a9bd9ea1791fa0c750520810b02d719c482fe02b0efdb2d5,509,sentence2,15
0d430fd721bab0e04858a73601703e146c9d3e35d54ff316b0d2b9ae3aadedd6,two hockey players in a struggle on the ice .,0d430fd721bab0e04858a73601703e146c9d3e35d54ff316b0d2b9ae3aadedd6,510,sentence1,13
8b6f2abf18de1e2ae71b30de70388311fcec2c6cbcacabee24e1b1228080105e,this regulation point opens the door to the arbitrary one .,8b6f2abf18de1e2ae71b30de70388311fcec2c6cbcacabee24e1b1228080105e,510,sentence2,13
700e781dd663881abeb75fa81b5a39658f8e8e59ab7e5b21a33e686da9040d03,the leaders are today a new chance and thus let .,700e781dd663881abeb75fa81b5a39658f8e8e59ab7e5b21a33e686da9040d03,511,sentence2,13
f847f4dae3aceb806eb52e8b1338f8d87050e543cdecb7beccde13e73e1b54cd,a short theatrical performance that is part of a longer program .,f847f4dae3aceb806eb52e8b1338f8d87050e543cdecb7beccde13e73e1b54cd,512,sentence2,15
cd6669c6eb9e59c1d7e5f935df71fca55997ad90296f8fd57b04b9e995f2e851,"3 dead , 4 missing in central china construction accident",cd6669c6eb9e59c1d7e5f935df71fca55997ad90296f8fd57b04b9e995f2e851,513,sentence1,11
9b11c5a22e26f6bdc6350307bf240cdfa0d4157769f51a7b6822a74a5cdefa5e,terminals 1 and 2 are in the same electrical state,9b11c5a22e26f6bdc6350307bf240cdfa0d4157769f51a7b6822a74a5cdefa5e,513,sentence2,11
6fd65b0fff914b3eec4c13301c48270f869d7308a7a9a0d5fc87b59e8e67ee13,wooden cabinets in kitchen .,6fd65b0fff914b3eec4c13301c48270f869d7308a7a9a0d5fc87b59e8e67ee13,514,sentence1,6
66cd671a084069852685d9a8c6ff9ae75bafaa438041533b4a0a7574c319d161,give help or assistance ; be of service ;,66cd671a084069852685d9a8c6ff9ae75bafaa438041533b4a0a7574c319d161,514,sentence2,11
4764a54eaae27d14027aff31692cab78e16e01ebb5fb6ea4ddd0a0720d33ecb2,sadly ford did accept taxpayer money .,4764a54eaae27d14027aff31692cab78e16e01ebb5fb6ea4ddd0a0720d33ecb2,515,sentence2,10
71b86cf252852d963f314ec30727750316356a5767cfe3185cc3f1a3eb3aa30c,A woman is being carried by a man,71b86cf252852d963f314ec30727750316356a5767cfe3185cc3f1a3eb3aa30c,516,sentence2,9
f7581fff34b9d795adb802389dbf6a022badc7e1a6699d7c843f09ce50381f6f,italian foreign minister confers with ghana vp,f7581fff34b9d795adb802389dbf6a022badc7e1a6699d7c843f09ce50381f6f,517,sentence1,12
aaa0ccdd0e6da6f7fba1a66bd5b63b1eed93b1411806424927b71e673c84a66c,the act of losing or surrendering something as a penalty for a mistake or fault or failure to perform etc ..,aaa0ccdd0e6da6f7fba1a66bd5b63b1eed93b1411806424927b71e673c84a66c,518,sentence1,26
61f0db6d2fdfa09e416453cbbca175c445d78fb4d1c4421e06b758b14b3a3836,i really do not think there is much you can do about that .,61f0db6d2fdfa09e416453cbbca175c445d78fb4d1c4421e06b758b14b3a3836,518,sentence2,16
f4ef6a820e64d60d5e3107b81b5f1466f99bdf3951eb0cbb8db5e338505c1304,""" but they did not , as of the time of this particular tragic event , provide the security we had requested , "" mr jordan said .",f4ef6a820e64d60d5e3107b81b5f1466f99bdf3951eb0cbb8db5e338505c1304,519,sentence1,36
0ec297b26ae745412c0013c701963115a697a7ee01b3633cf667bf908225ddd8,A man is walking in the rain,0ec297b26ae745412c0013c701963115a697a7ee01b3633cf667bf908225ddd8,520,sentence1,7
056643155eb3a7b1faba41b49af0746c03eb82256ffb9ed23541fa4abbd5b8e7,has the effect of increasing the power of the large countries at the expense of the smaller countries .,056643155eb3a7b1faba41b49af0746c03eb82256ffb9ed23541fa4abbd5b8e7,521,sentence1,20
2344e57ccee68f1aad716fbe71a212f707a1a89e2fddbdd5dde67f6823e1e4f7,the head of a city government .,2344e57ccee68f1aad716fbe71a212f707a1a89e2fddbdd5dde67f6823e1e4f7,522,sentence2,9
7f11170776207b1c07605b0f3d3ee5c3ffdc131994ab30494305db49cf123f33,behemoths in the attack .,7f11170776207b1c07605b0f3d3ee5c3ffdc131994ab30494305db49cf123f33,523,sentence2,10
4ff315a00c541b5af9049d03233d6a5800e61b581129c21f906ee616e6c76d49,twitter ordered to help reveal sources of anti-semitic posts,4ff315a00c541b5af9049d03233d6a5800e61b581129c21f906ee616e6c76d49,525,sentence1,14
66f13931512335d4d29d2cfd75497ea38ccc126ed14223ab83ff5e10e8441130,iranians “ confess ” to nuclear scientist murders,66f13931512335d4d29d2cfd75497ea38ccc126ed14223ab83ff5e10e8441130,527,sentence1,13
0c40fa9d6782e19b495584dc23a4b14ba63a06efd20b9d3b2b31e7637e52f376,The man with brown hair is wearing sunglasses and is sitting at a table with cans of soda and other drinks,0c40fa9d6782e19b495584dc23a4b14ba63a06efd20b9d3b2b31e7637e52f376,528,sentence1,23
da90ccb5da699236061e07f06dfd7383bd07e2e991c314013ebf094d0dfb8e79,amazon 's bezos to buy the washington post for $ 250 million,da90ccb5da699236061e07f06dfd7383bd07e2e991c314013ebf094d0dfb8e79,530,sentence1,18
7aceada34da45b33c1f4de80ff8f275739393953ddc761aabb339579e11ffe0c,"art meets technology before tragedy : photog taryn simon & computer genius aaron swartz create a project , via ny times",7aceada34da45b33c1f4de80ff8f275739393953ddc761aabb339579e11ffe0c,530,sentence2,39
9e1c603b70475f45e94291c7ce89ff071c380570c9c2fa997cb1d22b132db043,death toll in nairobi attack rises to 59,9e1c603b70475f45e94291c7ce89ff071c380570c9c2fa997cb1d22b132db043,531,sentence2,14
507e9c2067780e9d9f8a6b1e3866beebfe60f63c4645bd333d2cd6da5b7f3f4c,muslim brotherhood banned in egypt,507e9c2067780e9d9f8a6b1e3866beebfe60f63c4645bd333d2cd6da5b7f3f4c,532,sentence2,13
224f517e3fa80a06dde663161761ff02c28e8ccc20df4e0b37b6995b1bbf8552,euro zone to greece : no rescue without reforms,224f517e3fa80a06dde663161761ff02c28e8ccc20df4e0b37b6995b1bbf8552,533,sentence1,14
65249139aff4a26d216f1dfe05ce95ebed840073775f601ab8a30956be6946ab,jury nullification means a law isn 't constitutional ?,65249139aff4a26d216f1dfe05ce95ebed840073775f601ab8a30956be6946ab,534,sentence1,16
8c40a0ed7013ce395c7adb77b50bd5181e9af7d3eda6984331634572029c9330,"The security official's backup couldn't fill in because he was on active military duty, Strutt said.",8c40a0ed7013ce395c7adb77b50bd5181e9af7d3eda6984331634572029c9330,534,sentence2,25
52ede8f9e3dc6149bc7aaef2e06440afd81a4e81e23bb79fbef1e6fdbd18bf8c,afghan drug trafficker was caught in tajikistan .,52ede8f9e3dc6149bc7aaef2e06440afd81a4e81e23bb79fbef1e6fdbd18bf8c,537,sentence2,17
5b937fcbe714dc36e877c244289d00d717a2a7c816d4ddd5e5b588f0a4b338ad,"a long-haired man with a hat standing between two large , half-empty coke bottles .",5b937fcbe714dc36e877c244289d00d717a2a7c816d4ddd5e5b588f0a4b338ad,538,sentence1,28
8e6aee6eb4a7b38cb3d87fd6227675834b1e28e1bfa185f896ca0205af13a3a8,there is no gap between the positive battery terminal and terminal 5,8e6aee6eb4a7b38cb3d87fd6227675834b1e28e1bfa185f896ca0205af13a3a8,538,sentence2,12
57e0b3ff7e1c770600269148ffb12f8cbbdde3f4a9b7a9a549af9ee5f1fbb2d3,3 traffic accidents leave 56 dead in china,57e0b3ff7e1c770600269148ffb12f8cbbdde3f4a9b7a9a549af9ee5f1fbb2d3,539,sentence1,8
9acddbf609528d4870d320ad9c09ee6914dae53c870bae8b269ccd50344f8293,"You have a lot of answers already, but I'd like to add Curries as another solutions.",9acddbf609528d4870d320ad9c09ee6914dae53c870bae8b269ccd50344f8293,540,sentence1,22
4cfaee439d180b5b37545e9fe274396ae23468d2ebe7ac18ee1100f264dec671,soggy solstice : stonehenge gets soaking,4cfaee439d180b5b37545e9fe274396ae23468d2ebe7ac18ee1100f264dec671,542,sentence1,14
dc06a71e7ba4d4faacf33e8ed27bb0c61e00bfc34e6ddc14b84715c236400307,captain of sunken south korean ferry arrested,dc06a71e7ba4d4faacf33e8ed27bb0c61e00bfc34e6ddc14b84715c236400307,543,sentence1,11
f902b2c26341d3f56a3cf7d30e5ac5c274a438340d5516239043c9d37c4b40cc,an rising star on london 's thespian scene tells his story of - being bin laden,f902b2c26341d3f56a3cf7d30e5ac5c274a438340d5516239043c9d37c4b40cc,544,sentence2,26
1e6a57e631f4b96d6ec7f545b1d6e2ca65898ea122ff9596639b112fa63259c2,A nude crowd in body paint is walking in front of a lady,1e6a57e631f4b96d6ec7f545b1d6e2ca65898ea122ff9596639b112fa63259c2,545,sentence2,15
e25fee720e2bec278eb9d1d135c4237b709b972d836aed90f4c3d1f3989d5bf4,The car needs to some work,e25fee720e2bec278eb9d1d135c4237b709b972d836aed90f4c3d1f3989d5bf4,548,sentence2,6
913b5ec75451d7a4adb6991ec60141c5b4e168f94887bd6529dd9a4d8dc0d821,paul theroux ? s travel wish list,913b5ec75451d7a4adb6991ec60141c5b4e168f94887bd6529dd9a4d8dc0d821,549,sentence2,12
fc606563851249084eaf2c02d0f1aecda108007a4fe2999e858d5b27bb10c886,"as i have already explained in second reading , is at the root of this directive .",fc606563851249084eaf2c02d0f1aecda108007a4fe2999e858d5b27bb10c886,550,sentence1,20
0097cb364eb336a479af0bd695d455b116fbc3c6c43e1a032bd672d7356c8480,"back in the day , "" cable "" was used to describe communications sent abroad .",0097cb364eb336a479af0bd695d455b116fbc3c6c43e1a032bd672d7356c8480,550,sentence2,18
d505522d1ccf59017ecfcd49dbdc1ceafc614a23a10dfe84de8e14273841a1b5,"bulbs a , b , and c are on a path with the battery",d505522d1ccf59017ecfcd49dbdc1ceafc614a23a10dfe84de8e14273841a1b5,552,sentence1,20
c6aa0ce759fd70f956914573220d089e5ec434b342f1bce2135da58ccd30348a,"there is always "" transitional authority "" by virtue of the writing of regulations .",c6aa0ce759fd70f956914573220d089e5ec434b342f1bce2135da58ccd30348a,552,sentence2,17
12a89e57151b98a7fbdf88e95174ba781ff0475699c6c94505b368cd4a4a4869,a position given by its location to the side of an object .,12a89e57151b98a7fbdf88e95174ba781ff0475699c6c94505b368cd4a4a4869,557,sentence1,15
1694d0228de83314d1f29f60eea69ad51d02b4224f8942b0ad6196e511218597,a kid runs in the opposite direction of others who were playing a game .,1694d0228de83314d1f29f60eea69ad51d02b4224f8942b0ad6196e511218597,557,sentence2,18
18a7b682bb3aac208a8230d6be527279400783c821b4c9a62d55fad5cfe7803a,doctor treating aurora shooting suspect had medical reprimand,18a7b682bb3aac208a8230d6be527279400783c821b4c9a62d55fad5cfe7803a,560,sentence2,12
ee937da7f63ab4e27c7a31ee8379b4b62d406021bb6c95f3400002508487c04f,decorative cover for a bed .,ee937da7f63ab4e27c7a31ee8379b4b62d406021bb6c95f3400002508487c04f,561,sentence1,8
44d5b3d7519a791bff7895826e9d172a222318a6e05d8e696bc9c44250ecec34,the battery and the bulb must be in a closed path together .,44d5b3d7519a791bff7895826e9d172a222318a6e05d8e696bc9c44250ecec34,561,sentence2,15
c4d11716b7ca4db9e0af5775177e10814e9062f50bbea2bdc3d1e5bb9b71f6f2,because the battery is not in a closed circuit,c4d11716b7ca4db9e0af5775177e10814e9062f50bbea2bdc3d1e5bb9b71f6f2,562,sentence1,10
327476b938787e64766fe107a794686e773be5195d3c8e21d3247466a89767d5,an explanation or alibi for something,327476b938787e64766fe107a794686e773be5195d3c8e21d3247466a89767d5,564,sentence1,7
afb708e53830ac268595357a478d8ba3316721427395c61414ebb4b882ad6f22,hold in a tight grasp .,afb708e53830ac268595357a478d8ba3316721427395c61414ebb4b882ad6f22,564,sentence2,8
538f85ece810975893f45b7a9324aef012224ea2900cb69d5d74770ec9f5b869,indonesia : death toll rises to 11 in indonesia boat capsize,538f85ece810975893f45b7a9324aef012224ea2900cb69d5d74770ec9f5b869,566,sentence2,25
ee02e955f750dc5e5c6f64e5c35671599473be18ffe6b8fec98485654271d141,Your best bet is research.,ee02e955f750dc5e5c6f64e5c35671599473be18ffe6b8fec98485654271d141,568,sentence1,7
077df77b785a268003c3f9781bfe11749e8e5e05ef25362e3902ccd04df40a1e,powerful 7.6 quake strikes off solomons,077df77b785a268003c3f9781bfe11749e8e5e05ef25362e3902ccd04df40a1e,569,sentence1,11
5ca49fe30e8d40752023b02ac478d41205f972c0668376ad94a11c15bdc375b2,switch x is in the closed path with bulb a,5ca49fe30e8d40752023b02ac478d41205f972c0668376ad94a11c15bdc375b2,570,sentence2,12
ce901dda9028f475ab180f7e7623ff774059b23bac86ae6748cb2c50b15cc09e,A girl is using sign language,ce901dda9028f475ab180f7e7623ff774059b23bac86ae6748cb2c50b15cc09e,572,sentence1,6
592b6ff20e6ab4eeced5a739aa7a923f797eb4ce8588306563fc7f16cf39fcc2,one asian and one occasion woman in glasses smiling with their thumbs up .,592b6ff20e6ab4eeced5a739aa7a923f797eb4ce8588306563fc7f16cf39fcc2,572,sentence2,18
6e45985b695b970fcef41035710a8559e09e2c2e032c7f55b9fcde820748c45a,egyptians vote on divisive constitution,6e45985b695b970fcef41035710a8559e09e2c2e032c7f55b9fcde820748c45a,573,sentence2,13
7b9b144e2cf23b43f2f3779511dc3ad0a5a0e7ae7e767709076b438caf2ce1e9,no has has shut down the oil fields .,7b9b144e2cf23b43f2f3779511dc3ad0a5a0e7ae7e767709076b438caf2ce1e9,577,sentence1,10
2d00aac0b2e4b1add2a423545bd7b1a901db20bcc66b423d6c8a886cccc1f312,The man is performing a large jump,2d00aac0b2e4b1add2a423545bd7b1a901db20bcc66b423d6c8a886cccc1f312,578,sentence2,8
7817ee2e36415486f73c870d03984142813170539fd78e9abf80343e9439397d,susan g komen in u-turn over planned parenthood funding cut,7817ee2e36415486f73c870d03984142813170539fd78e9abf80343e9439397d,579,sentence1,18
7ed5247633cbf231c987179c0195784038693e0ebd2d26470b2dd3d16227ba0d,egypt presidential election results delayed,7ed5247633cbf231c987179c0195784038693e0ebd2d26470b2dd3d16227ba0d,579,sentence2,10
83e96c12e4931eb7dc7db3efff9dc573810d5b212b54297dc8e7fc497c946a5a,but lawtey is the first entire prison to take that path .,83e96c12e4931eb7dc7db3efff9dc573810d5b212b54297dc8e7fc497c946a5a,580,sentence1,16
ed46c18299cb8f8f5283a7c0d848b7565a84114de75bd63b3d3b31580f656dcc,"the wood probably isn 't rotten , it 's just worn out .",ed46c18299cb8f8f5283a7c0d848b7565a84114de75bd63b3d3b31580f656dcc,584,sentence2,22
3d8a010f3cb650f2af68cf425298dfdd8170c2d2a71553d01c33c29b81bd8529,china ‚ äėwill protect interests ‚ äô of foreign business,3d8a010f3cb650f2af68cf425298dfdd8170c2d2a71553d01c33c29b81bd8529,585,sentence1,17
94680d27c42eecd4fc01c1c2b07c0ee454294cefe9ff0ff2a3594f0c853aa4fe,rev 's early reads : march 2,94680d27c42eecd4fc01c1c2b07c0ee454294cefe9ff0ff2a3594f0c853aa4fe,586,sentence2,11
5df6607b1114b25f22006a7ab22cfc8756a39c0e799423eecbdf77084193b3af,"make a proposal , declare a plan for something ;",5df6607b1114b25f22006a7ab22cfc8756a39c0e799423eecbdf77084193b3af,587,sentence1,14
fd306647a8510f01000918fa28c31a2ecaf921ccae56ed838032f8d0fb9da22e,"each time , radical technological progress made slip these threats .",fd306647a8510f01000918fa28c31a2ecaf921ccae56ed838032f8d0fb9da22e,589,sentence1,13
110dc3e8c7ea4cc7eab47b9353a2bea4ef1a148346ce8b684fccda8f37d8e8b3,"the irony of wistful recollections of past protest adventures clothed as they were in a style and form so like their own caricatures of the "" reactionary "" forces they opposed "" and yet i fought on the ground in viet nam .",110dc3e8c7ea4cc7eab47b9353a2bea4ef1a148346ce8b684fccda8f37d8e8b3,589,sentence2,61
04f4fde61311b64669c3f6ef2ddc38bdc4733d2837e2970f6b95a3d5e6c0605e,physical matter left behind after a removal process,04f4fde61311b64669c3f6ef2ddc38bdc4733d2837e2970f6b95a3d5e6c0605e,594,sentence2,9
4e5dbabe329a25cc40f8bfe5fa552467ef245f75b64ed2b280ba4ea89ede1275,Two kids are not sticking out blue and green colored tongues,4e5dbabe329a25cc40f8bfe5fa552467ef245f75b64ed2b280ba4ea89ede1275,596,sentence2,12
d323b68f573bd1818cd86dc4a751f416d8f0d8b4d9f6aa41e75ae7d864712f23,someone is sewing things .,d323b68f573bd1818cd86dc4a751f416d8f0d8b4d9f6aa41e75ae7d864712f23,597,sentence1,6
6908953f29f6a154b1191d69f18dd6c6687eed674911621774c215e980ff6b0d,david cameron puts sri lanka on notice over war crime allegations,6908953f29f6a154b1191d69f18dd6c6687eed674911621774c215e980ff6b0d,598,sentence1,19
5aece911e403c309177b83308186d567132989cec8663a04549c550741736324,A boy is jumping off a platform and two other boys are standing and staring at him,5aece911e403c309177b83308186d567132989cec8663a04549c550741736324,599,sentence2,19
6aa0adb729492f8459e0c51d087c7931d108740a51381fd4d00628940583e1c6,us air force helicopter crew killed in british crash,6aa0adb729492f8459e0c51d087c7931d108740a51381fd4d00628940583e1c6,600,sentence1,12
c607d9cac845ee19059bf9db487a3501b68f3fef1050ca84725991bd323ee65c,Suicide attack kills eight in Baghdad,c607d9cac845ee19059bf9db487a3501b68f3fef1050ca84725991bd323ee65c,601,sentence1,10
5b8d5889451a7d17c6649294c479ac5fc53f457e43dbaaddc3b4e86936f49462,israeli forces arrest 6 palestinians in overnight west bank raids,5b8d5889451a7d17c6649294c479ac5fc53f457e43dbaaddc3b4e86936f49462,601,sentence2,16
569e3fd9a529222c0bdaf4b6f2948fb46a140fbecb3cd03c33d3bfc5dd97ccab,"So in his State of the Union address in January, Bush declared that the British government ""has learned that Saddam Hussein recently sought significant quantities of uranium from Africa.""",569e3fd9a529222c0bdaf4b6f2948fb46a140fbecb3cd03c33d3bfc5dd97ccab,604,sentence1,38
9222839a0fdec4d41c62494319dd71daf47c63233e3eef95db31572d2d4ee01d,israel 's peres calls for return to peace talks,9222839a0fdec4d41c62494319dd71daf47c63233e3eef95db31572d2d4ee01d,605,sentence2,14
20bb2e3d4af3551aa6cdf5d19e94337f37da127831f8a475ed965df5fcc1ea76,make marks in the surface of .,20bb2e3d4af3551aa6cdf5d19e94337f37da127831f8a475ed965df5fcc1ea76,608,sentence2,8
55c24ddc184178554aeb3f16e51e1c2e2d9badc69b6937b36d9cf067b8821566,man held after subway attack in philadelphia omg !,55c24ddc184178554aeb3f16e51e1c2e2d9badc69b6937b36d9cf067b8821566,612,sentence1,17
fd9732b4b1e7c8ef0e94679c1eebf25edc9496758fd9c997b7dc40b460c1b3d2,are you so desperate to appear clever that you have to make this sh * t up ?,fd9732b4b1e7c8ef0e94679c1eebf25edc9496758fd9c997b7dc40b460c1b3d2,613,sentence1,20
04c1a819791eeeeff8686b1514211c56b8b98c6d85b651511b95948adfa490a8,and just wait till you see what they have to say about the business of global warming orthodoxy 40 years from now .,04c1a819791eeeeff8686b1514211c56b8b98c6d85b651511b95948adfa490a8,614,sentence2,26
332a6b55bcd287448c03fe533a1caf8a536f0ab3ad4f9062b62c27ce01ad6310,palestinian ambassador injured in apartment blast,332a6b55bcd287448c03fe533a1caf8a536f0ab3ad4f9062b62c27ce01ad6310,615,sentence1,8
107b579b8d85c8b6f86dc97ac8bd9decf91a36b9276df9c1a12656ce002de15c,"israelis , palestinians begin talks",107b579b8d85c8b6f86dc97ac8bd9decf91a36b9276df9c1a12656ce002de15c,615,sentence2,11
9adf9a416106d4564ef317a55463b24794fa5efff01e2ed043626dedc7c6b288,"supporter , advocate of something or someone",9adf9a416106d4564ef317a55463b24794fa5efff01e2ed043626dedc7c6b288,617,sentence1,9
4b1e42832db7db0754bf7bd95add98e7ec6d1726b0bf19a7cde494f2cc6c6a39,"terminate , end , or take out .",4b1e42832db7db0754bf7bd95add98e7ec6d1726b0bf19a7cde494f2cc6c6a39,617,sentence2,11
53dff858e014973a3c64d93111d404cffa08389a09b1a2fd9511879ce5825971,"japan , us hold talks linked to regional trade pact",53dff858e014973a3c64d93111d404cffa08389a09b1a2fd9511879ce5825971,618,sentence1,14
8c1361e1b67e121d45a79ae7f3b4afccd70011dfe8b8de33d585dcde83d325f0,"i would like to remind you that among our allies , there are ardent supporters of this tax .",8c1361e1b67e121d45a79ae7f3b4afccd70011dfe8b8de33d585dcde83d325f0,619,sentence1,25
e6d3ffc38e7fa84e76b1dda3a375876ff73953797d88dbda684c36bdf68f925d,provide or equip specifically with furniture .,e6d3ffc38e7fa84e76b1dda3a375876ff73953797d88dbda684c36bdf68f925d,620,sentence1,8
216f1913436c3a2ef79a226792c86ca8f51a0d84eae7f0fc75f066ab6e44a0e0,bangladesh prison van ambushed,216f1913436c3a2ef79a226792c86ca8f51a0d84eae7f0fc75f066ab6e44a0e0,621,sentence1,9
e0b089ee78bbd69768adbc0908105016d928c21fbba3aad6592b2564ab59f234,give or convey physically .,e0b089ee78bbd69768adbc0908105016d928c21fbba3aad6592b2564ab59f234,623,sentence1,6
e4ed068ea97c7dd90d8efe49d3fb469811a5f4601047b5599e3ac65cd6ffab5a,give a deceptive explanation or excuse for .,e4ed068ea97c7dd90d8efe49d3fb469811a5f4601047b5599e3ac65cd6ffab5a,625,sentence1,12
57fe324f24b145ad4842b26229bbfb13469dba065759798b0070796b5d309bd5,another meaning behind this quote aside from probabilities of winning a theoretical battle is the importance of knowing / understanding others .,57fe324f24b145ad4842b26229bbfb13469dba065759798b0070796b5d309bd5,626,sentence1,26
db3c2c31ffd5959d18d18ffd2db4a21acb281b9c0951286beb43bb3d2cb9eae1,"a pointed instrument for writing , stylus",db3c2c31ffd5959d18d18ffd2db4a21acb281b9c0951286beb43bb3d2cb9eae1,627,sentence1,10
921f3ac9c7b13822835342e69a9b304deb18e193e5e5ed7d2ed528c83bf1f16c,unique or specific to a person or thing or category ;,921f3ac9c7b13822835342e69a9b304deb18e193e5e5ed7d2ed528c83bf1f16c,627,sentence2,13
927b2a5fccc612985dab4738efd45213aa7feb03f5e7e94c30390a08c5e21215,There is no boy in a swimsuit sitting on top of a circular fountain,927b2a5fccc612985dab4738efd45213aa7feb03f5e7e94c30390a08c5e21215,628,sentence2,17
d7eb2a06ec8d1c7101bd149eaf0cf015e5a195c143e66f8721679d72b9824f0f,hugo chavez : venezuelan officials for unity,d7eb2a06ec8d1c7101bd149eaf0cf015e5a195c143e66f8721679d72b9824f0f,630,sentence1,15
db589f487c3b1c4d36974d0464264573f575a719f77af1a8e704e807adf8c6fc,heavy rains leave 18 dead in philippines,db589f487c3b1c4d36974d0464264573f575a719f77af1a8e704e807adf8c6fc,631,sentence1,12
71b0c44bef5b146d1fd29977289522f3da40422c7ae865785e89e3ccc9455e67,belgian king to address nation amid abdication speculation,71b0c44bef5b146d1fd29977289522f3da40422c7ae865785e89e3ccc9455e67,632,sentence1,12
8f609d2f161107617e2c7e121234eaacc7d5c535a0f36d5df252a989ca704e49,bangladesh building-collapse death toll climbs to 580,8f609d2f161107617e2c7e121234eaacc7d5c535a0f36d5df252a989ca704e49,632,sentence2,16
88ac7c2136ca39ab56a0a19171e82f42866305127efc49b13c558bb29cd6f035,what we know so far about chemical weapons in syria 's civil war,88ac7c2136ca39ab56a0a19171e82f42866305127efc49b13c558bb29cd6f035,633,sentence1,20
984e97860ef2b917307d3cf0587ed625ef430435a2fecc1ea6ecfe4994dc569f,u.s. and turkey weigh no-fly zones for syria,984e97860ef2b917307d3cf0587ed625ef430435a2fecc1ea6ecfe4994dc569f,635,sentence1,20
a307ce1024418ed73578668e071afed80e2f41c722f3a2dc59821b2ce2b1eab4,not ' hiding the ball ' on russia : obama,a307ce1024418ed73578668e071afed80e2f41c722f3a2dc59821b2ce2b1eab4,635,sentence2,18
2115eb92ca8c15ea026d22da4c288836b3e3982c2839be5df5a5938d92a77276,provide with a covering or cause to be covered .,2115eb92ca8c15ea026d22da4c288836b3e3982c2839be5df5a5938d92a77276,636,sentence2,12
41f7a89bbd75b25e7995d6fdbeb1922e461d0bdd41fd9f6247cc6bd74a1ea354,the cat teased the dog by touching his head .,41f7a89bbd75b25e7995d6fdbeb1922e461d0bdd41fd9f6247cc6bd74a1ea354,640,sentence1,12
8e59e5e53cde3335ce9ae121eef8024a01acce045e16014703f0c750b0944764,yemen suicide attack kills 7 soldiers : officials,8e59e5e53cde3335ce9ae121eef8024a01acce045e16014703f0c750b0944764,641,sentence2,13
305261f8e8eda44638e3bfc6fb8adcaa958793d5d0f4f6d0d1241daedc07311e,break the skin ( of a body part ) by scraping ; impact something else .,305261f8e8eda44638e3bfc6fb8adcaa958793d5d0f4f6d0d1241daedc07311e,642,sentence1,21
9b14d270dc0d5d667bdce89b77245d064986668098d7c4f0a67e4d5c0b443253,contain or hold ; have within .,9b14d270dc0d5d667bdce89b77245d064986668098d7c4f0a67e4d5c0b443253,644,sentence2,9
cd7180bf37962b90ced858db081f62021840df185e157a33864dfb00b3b443ac,beat thoroughly in a competition or fight,cd7180bf37962b90ced858db081f62021840df185e157a33864dfb00b3b443ac,645,sentence1,8
062f4295a9f981891e98878dcc1e9d5df1ec41a2b68a482a496a9087059292ae,strike out by swinging and missing the pitch charged as the third .,062f4295a9f981891e98878dcc1e9d5df1ec41a2b68a482a496a9087059292ae,645,sentence2,15
049e62dd1ff3e168d83de90a996f1f47ab9c5f3f41fe3feda986fc1563ac3421,bulbs a and b will still be contained in a closed path to the battery .,049e62dd1ff3e168d83de90a996f1f47ab9c5f3f41fe3feda986fc1563ac3421,651,sentence2,20
0981a256f5ce868279b31f5945cee5029887835c021ddc7e347eaccc40afe5f5,president xi : china to continue help to fight ebola,0981a256f5ce868279b31f5945cee5029887835c021ddc7e347eaccc40afe5f5,654,sentence2,16
213b9dfbf573f43e087252d8b7886e82ac3ec9804d48f3812262c26cd8eac023,university of florida frat accused of spitting on wounded war veterans,213b9dfbf573f43e087252d8b7886e82ac3ec9804d48f3812262c26cd8eac023,655,sentence1,16
f1d6da2ecdc2a22f93a5acc058ed4573888744fbe57b518e58d536861d740174,the medical procedure of manually turning the uterus,f1d6da2ecdc2a22f93a5acc058ed4573888744fbe57b518e58d536861d740174,658,sentence2,10
6d6a637d85027187f2ee294354fba91b8bb4c345a27fbd720b3f14f6664e4cbf,a lion is playing with two men .,6d6a637d85027187f2ee294354fba91b8bb4c345a27fbd720b3f14f6664e4cbf,662,sentence2,11
0a747ed2656dda5eddc98a77b9f4dfab85d0d0a44979a1e00a3375929dde8911,"cut into , possibly creating something new .",0a747ed2656dda5eddc98a77b9f4dfab85d0d0a44979a1e00a3375929dde8911,665,sentence2,10
763b13d316a4e48c721e6162b49bc65df7dbb95d2fe79510adc1359b42da8ac6,it depends on whether its an open or closed path,763b13d316a4e48c721e6162b49bc65df7dbb95d2fe79510adc1359b42da8ac6,666,sentence1,10
ae3fc05ae800a3429e13aa5853869d3e55a2feac016d16232d8c5f26d68cf879,someone is folding a piece of paper .,ae3fc05ae800a3429e13aa5853869d3e55a2feac016d16232d8c5f26d68cf879,667,sentence2,10
95f50d979a3754367a516692be001c2b5bb025f5b115c8390f388d4ea23b0faa,having a strong physiological or chemical effect ;,95f50d979a3754367a516692be001c2b5bb025f5b115c8390f388d4ea23b0faa,671,sentence1,10
cb6e61bf8e522473bf830dcc684212d045d9fd73426d48a981dfdf32388ef038,Two cats are looking at something that is splashing in the water,cb6e61bf8e522473bf830dcc684212d045d9fd73426d48a981dfdf32388ef038,674,sentence2,13
8138019602b1b35ed1023ea0e25ac660fc81ccbed72d6b04d08349ca1649c340,a large group of people riding brown and white horses .,8138019602b1b35ed1023ea0e25ac660fc81ccbed72d6b04d08349ca1649c340,675,sentence2,13
d92687243b90df60be3a9415a61cc37072944a8a00feb939c3e7a1f04f0859a8,manipulate or move something in order to operate .,d92687243b90df60be3a9415a61cc37072944a8a00feb939c3e7a1f04f0859a8,679,sentence2,10
da8fae28936509fd0ba767e933b0973c383438a1c9cb7cd306b837ac3038739f,a sharp bladed instrument for shaving off hair,da8fae28936509fd0ba767e933b0973c383438a1c9cb7cd306b837ac3038739f,680,sentence2,10
61bacb7f2a1b104493e5bbbd84e052f5f0614c1dac528b380c6fb6a8bd967909,shankill blast victims to be remembered,61bacb7f2a1b104493e5bbbd84e052f5f0614c1dac528b380c6fb6a8bd967909,681,sentence2,9
68e5952e93705dead2f02000b878d94a172fcfcf07e09c03b5e4da3f688ed6ac,There is no man screwing a piece of wood to a wall,68e5952e93705dead2f02000b878d94a172fcfcf07e09c03b5e4da3f688ed6ac,683,sentence1,15
917d7a390e6516fa475788b76d5a1ae3a9f07d01bfd56a67c5f856d4f3151344,a group of nations having common interests .,917d7a390e6516fa475788b76d5a1ae3a9f07d01bfd56a67c5f856d4f3151344,684,sentence2,10
b13425ee8f817a6e9126ef04171d2efcb255657d1f97301d420ac481c5f51607,The deer is not jumping over the fence,b13425ee8f817a6e9126ef04171d2efcb255657d1f97301d420ac481c5f51607,685,sentence2,9
e8b6a4fc1d924e1a94abdd30fc43944b089d3fffeb7f953076730ab19315568d,A man is putting garlic on some bread slices,e8b6a4fc1d924e1a94abdd30fc43944b089d3fffeb7f953076730ab19315568d,687,sentence1,10
574b86f2fb0c285a2cd38a8b7ccc1f019e1addc73fabbd376b16e765b6686838,A dog in the yard is running across colored coats,574b86f2fb0c285a2cd38a8b7ccc1f019e1addc73fabbd376b16e765b6686838,689,sentence1,11
02d3ee09430086fe59741882a6df88096b98d2c9179ee9630744e9754a5af302,rebels kill 21 civilians in syria alawite village,02d3ee09430086fe59741882a6df88096b98d2c9179ee9630744e9754a5af302,691,sentence2,18
64b31da0cb5f85c13e2a189b1a32577c5324d4d654df4c6fa4ff243807d3f6a8,Chopped vegetables are being dropped into a pot on the stove by a person,64b31da0cb5f85c13e2a189b1a32577c5324d4d654df4c6fa4ff243807d3f6a8,692,sentence2,17
89d3dcfefd55ecfd141a65e8ff4cb33aed87d30ed3ba3ac6547cd0e5a221da5a,A monkey isn't walking through water,89d3dcfefd55ecfd141a65e8ff4cb33aed87d30ed3ba3ac6547cd0e5a221da5a,696,sentence1,9
0a3c8818ef2a4e353b7c702f547bb96ae4420ce8f2c4f98601f23c476bd5a3a3,heavy fighting reported in syria 's aleppo,0a3c8818ef2a4e353b7c702f547bb96ae4420ce8f2c4f98601f23c476bd5a3a3,699,sentence1,16
7376d8a3eb5fff8de2d9ecd615a65e113c6eaffdb354471ea4e08b8b4b5ec64b,syrian opposition agree to landmark peace talks,7376d8a3eb5fff8de2d9ecd615a65e113c6eaffdb354471ea4e08b8b4b5ec64b,699,sentence2,10
a96b84d865062d8c011e940eb4315847225b42abb22a253650e65264a5da58f3,a sculpture representing a human or animal .,a96b84d865062d8c011e940eb4315847225b42abb22a253650e65264a5da58f3,702,sentence1,11
55478fdccf74c01cc3c1ae102b28bae53b807f23e6b6affd1443335c395f1266,a person or thing in the role of being a replacement for something else,55478fdccf74c01cc3c1ae102b28bae53b807f23e6b6affd1443335c395f1266,704,sentence1,16
40ab62973e3b5c517ec13dfb80567e2be6a27edf14975d2c78b6d99df03fe0ce,a chance to do something .,40ab62973e3b5c517ec13dfb80567e2be6a27edf14975d2c78b6d99df03fe0ce,704,sentence2,8
07d32f20d2386930b1d8c3fccabaf093094f22edc55c45c32495bea5967ccb6b,syria envoy calls for national unity government,07d32f20d2386930b1d8c3fccabaf093094f22edc55c45c32495bea5967ccb6b,705,sentence1,14
e7c4a39e74c1fd495c03e5aba73ea9ba26f993ec264fdd6805202dafe4ee1ee3,indistinct articulation .,e7c4a39e74c1fd495c03e5aba73ea9ba26f993ec264fdd6805202dafe4ee1ee3,706,sentence2,9
8b2151cea2e5737054a9f76da765464d2de6ddb4e3c2d2216c006a652f806f1d,sell something to or obtain something from by underhanded activity .,8b2151cea2e5737054a9f76da765464d2de6ddb4e3c2d2216c006a652f806f1d,707,sentence1,13
ff460ae8bd3b4e5e466e292bd191005958fd481a715971e6454c27544dec14e1,"lacking in specific resources , qualities or substances ;",ff460ae8bd3b4e5e466e292bd191005958fd481a715971e6454c27544dec14e1,708,sentence1,11
fcb07dd0e9578b6fbe701543ee7dd29cfd799dd3fc9d5629688f1e06ae38b056,because of the gap at bulb b,fcb07dd0e9578b6fbe701543ee7dd29cfd799dd3fc9d5629688f1e06ae38b056,710,sentence1,8
e4bb74ca95b0ed787596743f1cd2eb41de63fbba66f008ef58657ae63587503e,the negative batter terminal is seperated by a gap from terminal 4,e4bb74ca95b0ed787596743f1cd2eb41de63fbba66f008ef58657ae63587503e,713,sentence2,15
bbb209c366a728d60d5e437b1577a9b793b99922436aa9357cb83b765727176b,Two large dogs are frolicking in a field,bbb209c366a728d60d5e437b1577a9b793b99922436aa9357cb83b765727176b,716,sentence2,12
e3774d8bbc5a9cba16437017f651d375eda3d0a97115d3ef820636a5f07ef282,"the act of escaping , fleeing",e3774d8bbc5a9cba16437017f651d375eda3d0a97115d3ef820636a5f07ef282,722,sentence2,10
6d122e1aead95217ac1a0229db58adb576cc879431785cde91f7dbf5e9e6bddd,there was closed paths between the battery,6d122e1aead95217ac1a0229db58adb576cc879431785cde91f7dbf5e9e6bddd,723,sentence2,7
6d8a8e16910d9bb33a698198b538ffaee36ee8cffe4638fed01f50b156788796,"a conveyance or transporter , often wheeled",6d8a8e16910d9bb33a698198b538ffaee36ee8cffe4638fed01f50b156788796,725,sentence2,13
f2ad24aee8a59ade14e110461f071f2f3c08db1766482c7b6e53a6fce1affea0,singapore shares open 0.28 % lower on thursday,f2ad24aee8a59ade14e110461f071f2f3c08db1766482c7b6e53a6fce1affea0,726,sentence2,15
97b0d67d275817bb11edcf7d861fd0e3397323672d725e7ef07bfac043bc0e40,a concentrated example of something .,97b0d67d275817bb11edcf7d861fd0e3397323672d725e7ef07bfac043bc0e40,727,sentence2,8
0a0c62f978cc24746d3605c41663940bec86d65b6dca94b77f60e34489232066,israel called to account over latest settlement plans by european countries,0a0c62f978cc24746d3605c41663940bec86d65b6dca94b77f60e34489232066,730,sentence1,12
886df9ae001283c1c122086be3e2498ba52da2412522f50c2fe1d8947f18970d,A trick is being performed by a rollerblader on a ramp,886df9ae001283c1c122086be3e2498ba52da2412522f50c2fe1d8947f18970d,731,sentence2,15
8fb6e27898b121b4c03f676805cfd71c81557ab4cc27b4daf051ae0a75d05c4a,because bulb c was not still contained in a closed path with the battery,8fb6e27898b121b4c03f676805cfd71c81557ab4cc27b4daf051ae0a75d05c4a,734,sentence1,16
cbce0c0dada31b10f41d4f93cae8761c6967a9773f3053babe8fdf19d7bb72ff,The piano is being played by a man,cbce0c0dada31b10f41d4f93cae8761c6967a9773f3053babe8fdf19d7bb72ff,745,sentence1,9
c4befe981d44e272c8ee58dc454d9c847447d7cad0d89b1be6b26333b40ce6f6,A person is playing a trumpet,c4befe981d44e272c8ee58dc454d9c847447d7cad0d89b1be6b26333b40ce6f6,745,sentence2,7
9451d81cb36d70a60f6bf5e962fdcc2d68207380a2edfd5cb9c1f6886c300791,Strong new quake hits shattered Pak region,9451d81cb36d70a60f6bf5e962fdcc2d68207380a2edfd5cb9c1f6886c300791,752,sentence1,13
4b1ae433d9b614d2a74514aedb0489e4354c0442c95c209942827497b056715a,syria : deadly airstrikes in damascus,4b1ae433d9b614d2a74514aedb0489e4354c0442c95c209942827497b056715a,753,sentence1,19
f626c9032c123510906f23b181a4cf3255b16a7fe675cea19966daf8810280f5,china stocks open lower on wednesday,f626c9032c123510906f23b181a4cf3255b16a7fe675cea19966daf8810280f5,764,sentence2,9
758da22541f2370bad7708ab77876a9c5ddd58269c669d6112aac7e663678723,if it is open and the bulb is no longer and a closed path because it is open,758da22541f2370bad7708ab77876a9c5ddd58269c669d6112aac7e663678723,768,sentence1,20
63aafc693fe3dbda08aea85b2b31014d7829cbb4f569492f123cb908dc28b04a,A man is eating a carrot sliced by a machine,63aafc693fe3dbda08aea85b2b31014d7829cbb4f569492f123cb908dc28b04a,769,sentence2,13
10634e6a95d762fbd200cd9f101598425b2845f55935187f8ae2c5a45fcffd8b,A guinea pig is devouring a carrot,10634e6a95d762fbd200cd9f101598425b2845f55935187f8ae2c5a45fcffd8b,770,sentence1,13
5e4439b858a1c0055ce6611af5e954df571c4ede91d7e65651614d1790a4e7f3,One woman is playing a flute,5e4439b858a1c0055ce6611af5e954df571c4ede91d7e65651614d1790a4e7f3,785,sentence1,7
a0b0846bfc1ac2a34efda1f93ed9241a846e89befb97c29a365466a847607043,A person is cutting garlic into pieces with a knife,a0b0846bfc1ac2a34efda1f93ed9241a846e89befb97c29a365466a847607043,786,sentence1,11
6e5c25d2aeb30036881c7fafe6a3c5afe0d3c48225f8dd08b01bbea918a528d8,"The blue-chip Dow Jones industrial average .DJI fell 86.56 points, or 0.94 percent, to 9,109.99, after giving up more than 1 percent earlier.",6e5c25d2aeb30036881c7fafe6a3c5afe0d3c48225f8dd08b01bbea918a528d8,799,sentence1,39
d0227ee88684f8c447038e1d3567b2222a7291dd3f1a3e6c684f23901cfb4469,the red bus is on the street .,d0227ee88684f8c447038e1d3567b2222a7291dd3f1a3e6c684f23901cfb4469,807,sentence1,9
876c8faa7ac5cc91a638bc13c3b4af8cc50044ae660a0ccffc436d85063723cb,terminal 6 is connected to the posititve battery terminal .,876c8faa7ac5cc91a638bc13c3b4af8cc50044ae660a0ccffc436d85063723cb,813,sentence1,15
f357ae3be12c3ab321edc478045021804fb9f1bab3814cd47f66c41cde151ed7,because bulbs b and c are in a closed path with the battery .,f357ae3be12c3ab321edc478045021804fb9f1bab3814cd47f66c41cde151ed7,825,sentence2,18
a3030294e62653eec67f02e2473138c15e6a3dc0ffc0ca4f0d51349b71d4c85c,There is no young man with brown hair and sunglasses sitting in front of some cans of soda,a3030294e62653eec67f02e2473138c15e6a3dc0ffc0ca4f0d51349b71d4c85c,835,sentence2,19
5120335be6fdef0e3c79914b4b1cd5525c401e9354a87001d58f06efa603b47c,chicago teacher strike nears end with ' framework ' agreement in place,5120335be6fdef0e3c79914b4b1cd5525c401e9354a87001d58f06efa603b47c,842,sentence2,17
b388b49fa1e1871182c336a4e6ebbdd0ee9c1c8a8dcffeb92d771f7147446ae7,A woman is sewing with a machine,b388b49fa1e1871182c336a4e6ebbdd0ee9c1c8a8dcffeb92d771f7147446ae7,851,sentence1,8
c179eeba3f56cc57bd1f6e684e8324ae63eff1614aa7a8b8e5ddf1db77f12508,french election turnout higher than expected,c179eeba3f56cc57bd1f6e684e8324ae63eff1614aa7a8b8e5ddf1db77f12508,852,sentence1,7
4aca8ff7d709978e1ce005a9943a4483d6c7ade653fb195a4ff218f1d5d938cc,polls open in france for presidential election,4aca8ff7d709978e1ce005a9943a4483d6c7ade653fb195a4ff218f1d5d938cc,852,sentence2,9
d2984da192a06e63dc6e0d5fd5747982706538ecf200be3282768bef1d747f28,The man is funnily playing the piano with his nose,d2984da192a06e63dc6e0d5fd5747982706538ecf200be3282768bef1d747f28,858,sentence2,12
05aa770e682cb7af7f7698b8a9e958ab7f2c1077b8c60aef1f79e4e0a07244db,Can you do this?,05aa770e682cb7af7f7698b8a9e958ab7f2c1077b8c60aef1f79e4e0a07244db,866,sentence2,5
852cd8152d909c4244d9a46a7f04588fb87b0787a1fc02ac135bcd5fe0e35422,"The tech-laced Nasdaq Composite Index gained 2.90 points, or 0.18 percent, to 1,606.87.",852cd8152d909c4244d9a46a7f04588fb87b0787a1fc02ac135bcd5fe0e35422,873,sentence2,27
30fbbbc746211f95f0faef45d90508c5d87f88f754cc7e5e0a0264049192ccb8,do better in a competition ; win,30fbbbc746211f95f0faef45d90508c5d87f88f754cc7e5e0a0264049192ccb8,892,sentence1,9
4b0037368fdd37e8b891f8164225b2a203f0dbdaac5a571b6cac534c5ba183cc,A person is riding a mechanical bull,4b0037368fdd37e8b891f8164225b2a203f0dbdaac5a571b6cac534c5ba183cc,895,sentence1,8
28f5599628b613d8c476b21105810aa10d5917502cf2038fa6b418a0d8f6e379,"russia , china veto un resolution on syria killings",28f5599628b613d8c476b21105810aa10d5917502cf2038fa6b418a0d8f6e379,902,sentence2,19
b211c2bdf8b0e8347833edc27102697a5d16695d16d8b8246ceff3c300fa7405,"mandela hospitalized , responding to treatment",b211c2bdf8b0e8347833edc27102697a5d16695d16d8b8246ceff3c300fa7405,924,sentence1,10
2b51b39cefd8a71bc0361b4e82d99a573bc48ae4d57b940df74416a8d9b7f512,a brown dog is splashing water everywhere by shaking the water off of itself .,2b51b39cefd8a71bc0361b4e82d99a573bc48ae4d57b940df74416a8d9b7f512,935,sentence1,18
dda0e008da66625b20f7bef6bcc003d656f0c1d80a011ccd5d592d67f964481c,The man is doing exercises in a gym,dda0e008da66625b20f7bef6bcc003d656f0c1d80a011ccd5d592d67f964481c,939,sentence1,9
c52175458419f4549ec40a47d83bb362d0f29d97590f05ec33ef2d427035559f,There is no cat sliding upside down under a couch,c52175458419f4549ec40a47d83bb362d0f29d97590f05ec33ef2d427035559f,942,sentence2,11
2f326aec10ae96444cf8bbf587f04319b1686a72cf8f9f22a3775e87adae3d14,A child is falling asleep,2f326aec10ae96444cf8bbf587f04319b1686a72cf8f9f22a3775e87adae3d14,949,sentence1,5
119d0afa4fc54b789e83d80b81ec46e6a980876f399b3ef17e6d848b0bf8747a,act or move at high speed .,119d0afa4fc54b789e83d80b81ec46e6a980876f399b3ef17e6d848b0bf8747a,950,sentence2,8
0d200a155aec4385a49dc48d229767de6a21891906dbd108b04d3ea26b7ff8ed,the woman is putting paste into a dish .,0d200a155aec4385a49dc48d229767de6a21891906dbd108b04d3ea26b7ff8ed,952,sentence2,12
d62f2116b177f56b631570e77c0fee0250e66979a2e08c55cc82eed1d5e01891,A man is quickly chopping some mushrooms with a knife,d62f2116b177f56b631570e77c0fee0250e66979a2e08c55cc82eed1d5e01891,960,sentence2,13
09300d10771bd41384eaeb7959669ecdf9103862002377f8184af084c89b5464,prince george christened in london,09300d10771bd41384eaeb7959669ecdf9103862002377f8184af084c89b5464,973,sentence2,12
289e021aca70b71b59f5a9e28446a48b31fdba8ac54df67f02a6a768ba15642e,gov. linda lingle and members of her staff were at the navy base and watched the launch .,289e021aca70b71b59f5a9e28446a48b31fdba8ac54df67f02a6a768ba15642e,990,sentence1,25
5b1a975c5494e14865caf0059090a447bf55e72a8627274e2243209c01c1adfa,a woman is putting a baby into a trash can .,5b1a975c5494e14865caf0059090a447bf55e72a8627274e2243209c01c1adfa,992,sentence1,16
772fa363ecaf923009fc34d9819f9dbd94f1e773822fa557b4e599f5e070a3c8,A group of boys are playing soccer on the beach.,772fa363ecaf923009fc34d9819f9dbd94f1e773822fa557b4e599f5e070a3c8,1000,sentence2,11
0ff9bb0501faae32aa9117eab913ed8afc0046c89faeccb82e784e86beaea7ee,a dog splashing in the water .,0ff9bb0501faae32aa9117eab913ed8afc0046c89faeccb82e784e86beaea7ee,1008,sentence2,10
4d0dfbb9117fc05a598d91e6d0e256ee368625b3408db8e7faa0db2fde631ccf,a woman plays on a flute .,4d0dfbb9117fc05a598d91e6d0e256ee368625b3408db8e7faa0db2fde631ccf,1010,sentence2,10
7a4f23f8f397fe0987a8efe2f23ac964821bd112026e92f49bc01e8c638846f0,A woman is playing the guitar.,7a4f23f8f397fe0987a8efe2f23ac964821bd112026e92f49bc01e8c638846f0,1015,sentence1,7
f1c24001f9a3315c7f74e05ac7b1604b60df753bd46cd0fca930a785c570a2ba,A boy and a dog running on grass,f1c24001f9a3315c7f74e05ac7b1604b60df753bd46cd0fca930a785c570a2ba,1016,sentence2,9
b4601900000d73bbed8a3501d4f4b5cac2f624c89f0521ecd6c278b7226d9e1e,a man is showing his dog to the camera .,b4601900000d73bbed8a3501d4f4b5cac2f624c89f0521ecd6c278b7226d9e1e,1017,sentence2,12
579f5e00d044b699639ee4d94bdb336478c3825ee845a33b124fe60928f764b9,The man in the white hat is playing guitar on stage,579f5e00d044b699639ee4d94bdb336478c3825ee845a33b124fe60928f764b9,1018,sentence1,12
7290093e11723acee5b7a3be2d6a053fb5bc998e5d4a02f2abc6acb0dae87d76,A boy is skillfully playing a piano,7290093e11723acee5b7a3be2d6a053fb5bc998e5d4a02f2abc6acb0dae87d76,1020,sentence1,9
5e719becaca8b02259d4b67a349d5cda8eac72d47da0eed860e0223bdfec01cb,One man is running down the road,5e719becaca8b02259d4b67a349d5cda8eac72d47da0eed860e0223bdfec01cb,1021,sentence1,7
ea6a713c9fc5840b2fff7c30ec126e40baa34692ac9accf6f38140132e36bd03,The man is playing a guitar,ea6a713c9fc5840b2fff7c30ec126e40baa34692ac9accf6f38140132e36bd03,1022,sentence1,7
81bc59a15d350571f6da8ff716f662e58fa51843b1aeb77ee9c45822a53d234e,A man is passionately playing a guitar,81bc59a15d350571f6da8ff716f662e58fa51843b1aeb77ee9c45822a53d234e,1023,sentence2,9
e719c053a161d17c735c11e29bf5dde032e9dcd46548ca80738dda8eaa9c0e7c,a man drills a hole in a piece of wood .,e719c053a161d17c735c11e29bf5dde032e9dcd46548ca80738dda8eaa9c0e7c,1025,sentence2,16
52a417bdd1861857f9e438e928317cf0ceec51df4fd77cd6dca18b0b4f7856d1,two dogs playing in a yard .,52a417bdd1861857f9e438e928317cf0ceec51df4fd77cd6dca18b0b4f7856d1,1026,sentence2,9
012db878e662492d0c77c33c3fdcf608d4a03028f5c99d3f485a2145e78746e1,A man is doing a stunt on his bicycle.,012db878e662492d0c77c33c3fdcf608d4a03028f5c99d3f485a2145e78746e1,1028,sentence1,11
a0bbe9d757e4bc9598d87b76bf51c9ac512a064713f87fc0ddaa2dfdde839d06,a black dog jumps in the air to catch a toy .,a0bbe9d757e4bc9598d87b76bf51c9ac512a064713f87fc0ddaa2dfdde839d06,1029,sentence2,17
b31fb7b079fc587035294ad8c6e68dec3767b6167e3bb57c43b7bdc49676ed3e,Two boys are playing flag football.,b31fb7b079fc587035294ad8c6e68dec3767b6167e3bb57c43b7bdc49676ed3e,1035,sentence1,7
7bcc3e71de396d7ce33da16d1151960f0a243631868b08606b22667c43a85164,young boys running along the pavement .,7bcc3e71de396d7ce33da16d1151960f0a243631868b08606b22667c43a85164,1038,sentence1,8
be365ba9c5298c30b7f72d77afcef1fe2af5f8247a4ab9a5e64a1d4f97d6673d,A man is walking down a road,be365ba9c5298c30b7f72d77afcef1fe2af5f8247a4ab9a5e64a1d4f97d6673d,1042,sentence1,8
e96ea58de5d3ce4d63910f39f218477ed6403393f806ac93fa8e515860c9aa09,One boy is happily playing a piano,e96ea58de5d3ce4d63910f39f218477ed6403393f806ac93fa8e515860c9aa09,1045,sentence1,8
7763b4432b7e54e0067fb4c4b7bb7d35874c6da5b88db5a3078517ddd4689ec1,A black dog is lying in the grass,7763b4432b7e54e0067fb4c4b7bb7d35874c6da5b88db5a3078517ddd4689ec1,1049,sentence1,8
1efe2978c2410300464d40c3e3b6c0a14ce0afb7fd478b028c5acc6b0b283785,a girl in a red shirt is riding a brown horse .,1efe2978c2410300464d40c3e3b6c0a14ce0afb7fd478b028c5acc6b0b283785,1051,sentence1,16
5c0b2691f7c87d271acc0a69fc8927a95ae27a0893b7224c8ac050349d911ca2,a small black and white dog is swimming in water .,5c0b2691f7c87d271acc0a69fc8927a95ae27a0893b7224c8ac050349d911ca2,1052,sentence1,13
0f25d213e3270bc2a32559c4b9b11d922b6edd35a56cd6803d428c93e24687d2,the man is shooting an automatic rifle .,0f25d213e3270bc2a32559c4b9b11d922b6edd35a56cd6803d428c93e24687d2,1053,sentence2,9
7b8a0a909947514ab3bddff41baa691980e91d595f0b9d7efb30063bdff4f1d1,the dog ran in the water at the beach .,7b8a0a909947514ab3bddff41baa691980e91d595f0b9d7efb30063bdff4f1d1,1059,sentence1,11
7b68fd6c878a888ee629c310385b74f447688dc58a86c8fbd6bae4899bccbed8,Two men are practicing football.,7b68fd6c878a888ee629c310385b74f447688dc58a86c8fbd6bae4899bccbed8,1060,sentence2,6
827147f8145d56f9fa292374c04b4bcb4f6de1a9e9654e65df9b40dcd6dc18e1,A white hooded woman is using a magnifying glass to look at a booklet.,827147f8145d56f9fa292374c04b4bcb4f6de1a9e9654e65df9b40dcd6dc18e1,1064,sentence1,21
85581214196ec6c61e98b7b38918961da057ab0539e03584e8e2e974849f4f2a,two dogs playing in the snow .,85581214196ec6c61e98b7b38918961da057ab0539e03584e8e2e974849f4f2a,1065,sentence2,8
88a62efb0a70a59e7e979b3f9bdec13beba66fa3db33f56b58a1e9ceca8c55ce,a white dog runs along a rocky shoreline .,88a62efb0a70a59e7e979b3f9bdec13beba66fa3db33f56b58a1e9ceca8c55ce,1068,sentence1,14
3c62b6e0ab669f16745e76f2bcb945edbbd9e53e42dd5686c55e494c66089875,a man in a rowboat is rowing across blue water .,3c62b6e0ab669f16745e76f2bcb945edbbd9e53e42dd5686c55e494c66089875,1072,sentence1,16
2cc1df43128e2a8312eb2f0513443c330af8e1a56ded7801ef719884ef9b7de1,A man is walking in a yard,2cc1df43128e2a8312eb2f0513443c330af8e1a56ded7801ef719884ef9b7de1,1076,sentence2,8
c1d8ef89eb8dab1fd12c4541b881e282939f8337c366afc772c54bc7d49c3e68,two black dogs in the snow .,c1d8ef89eb8dab1fd12c4541b881e282939f8337c366afc772c54bc7d49c3e68,1077,sentence2,8
f68fc0f7f2ffa60ff636c044c8d44df3a43ce665e238f95f4e8e1c15f078831a,A man is planting a tree,f68fc0f7f2ffa60ff636c044c8d44df3a43ce665e238f95f4e8e1c15f078831a,1079,sentence2,7
39e66a69a0af1ee21c9a50bfb3544a551f622d67948ca95710d08f0c9d6d371f,a man is running on rope .,39e66a69a0af1ee21c9a50bfb3544a551f622d67948ca95710d08f0c9d6d371f,1084,sentence2,9
9295141839e8471ab4fab5337009a125fed1cfbf716468638cf255d3946f3163,a man is walking down the street .,9295141839e8471ab4fab5337009a125fed1cfbf716468638cf255d3946f3163,1086,sentence2,10
4ad179f7d5760ff16aa2b5ac04f6252f6fe5579938ef35068686aaed32ecf889,A woman is cutting tofu.,4ad179f7d5760ff16aa2b5ac04f6252f6fe5579938ef35068686aaed32ecf889,1093,sentence2,8
576462b468ca0ee898c4b817aa0b4b94cca0c27932f4bcd1679d430f0f371660,a man is carving a statue .,576462b468ca0ee898c4b817aa0b4b94cca0c27932f4bcd1679d430f0f371660,1094,sentence2,10
31ed2e945b11cf6ee8eea7dc4e6312bbe003d62775e902d59961ad4238baf200,a woman walks her dog onto astro turf .,31ed2e945b11cf6ee8eea7dc4e6312bbe003d62775e902d59961ad4238baf200,1096,sentence2,13
06c41202f75b9dbbba495bfafd91bf99c4fc209b38542dc9d45edfbca81feffa,a woman is pouring water on fish .,06c41202f75b9dbbba495bfafd91bf99c4fc209b38542dc9d45edfbca81feffa,1100,sentence2,11
3c6e4c379a246013ed8ce46771bf214ca5bcb4f9b5f5c4477965b1b7cd261c93,A girl is riding a horse,3c6e4c379a246013ed8ce46771bf214ca5bcb4f9b5f5c4477965b1b7cd261c93,1102,sentence1,7
0e2d666a7dd2190749edc8c03028d09a08db78702f32e333911806eda5d7e49c,two brown dogs chase each other in the snow .,0e2d666a7dd2190749edc8c03028d09a08db78702f32e333911806eda5d7e49c,1103,sentence2,11
ebe69946a6e9c2054fc8afdfd99317e5b0b660aa11809f4fa08061ed521cb8e2,a woman plays with a brown dog .,ebe69946a6e9c2054fc8afdfd99317e5b0b660aa11809f4fa08061ed521cb8e2,1106,sentence1,11
1735f543781fb822d64f69865e30988ae82397755c865a7754a0287ed5f0e1f5,the dog is in the air above the grass .,1735f543781fb822d64f69865e30988ae82397755c865a7754a0287ed5f0e1f5,1107,sentence1,11
f55b56f355d90a9b4cb6669392d6dd72b18b15a8603dae015244b95159fd4c32,The yellow dog is running on the dirt road.,f55b56f355d90a9b4cb6669392d6dd72b18b15a8603dae015244b95159fd4c32,1111,sentence2,10
02c96a441e5d54bcc4d7263378c6f1ae52175b5544913fb209de5ef4d0cc7053,A white dog is standing on a grassy hillside,02c96a441e5d54bcc4d7263378c6f1ae52175b5544913fb209de5ef4d0cc7053,1116,sentence2,12
d25c52a7f3ba7c0056712b135c49792b99cc35731ad20bd954094bee56a52fc3,the headlights on a blue car .,d25c52a7f3ba7c0056712b135c49792b99cc35731ad20bd954094bee56a52fc3,1120,sentence2,11
0a100391f02ee08507f9567bf551bed81da386e35f2abbc1d7a33ca8340d93af,A young girl is looking at a woman in costume,0a100391f02ee08507f9567bf551bed81da386e35f2abbc1d7a33ca8340d93af,1128,sentence2,11
7394eb3c27559d20419bc9bf57ed89d10380cc9b9b0abbb5391fad4d3cd28a9c,the man and woman sitting on a bench are kissing .,7394eb3c27559d20419bc9bf57ed89d10380cc9b9b0abbb5391fad4d3cd28a9c,1129,sentence1,14
ecb07b61a3d4c6c3f4a306bf0841448af088e4ee35aa60c22b864a464f394e3a,A musician is smearing jam on his white guitar at a concert.,ecb07b61a3d4c6c3f4a306bf0841448af088e4ee35aa60c22b864a464f394e3a,1132,sentence1,18
35e8dc250fd974f0875d84ee564dff930e3fdecbd59a797d3f41914d35e61514,a woman is slicing fish .,35e8dc250fd974f0875d84ee564dff930e3fdecbd59a797d3f41914d35e61514,1133,sentence1,11
c7b0e61d1c886f057a520e1d72f76a0d95bdc9b1cdd068b48193e3fc45fc5c3f,a person is riding a horse .,c7b0e61d1c886f057a520e1d72f76a0d95bdc9b1cdd068b48193e3fc45fc5c3f,1138,sentence2,10
188de2675d044d80290b568122b4e4a4ee54820203defbe9d4cad80371168307,a man wearing a white suit holding a newspaper walking through the streets .,188de2675d044d80290b568122b4e4a4ee54820203defbe9d4cad80371168307,1140,sentence1,18
157df6599d1a604d474d287a98860c5d2c4b357fd2ff37a50c5237830926db78,a guy is sitting on his bike with one wheel in the air .,157df6599d1a604d474d287a98860c5d2c4b357fd2ff37a50c5237830926db78,1141,sentence1,16
e8af336b84bdefdf252265e29713306653f9c53c278ef9f065a7a166cefa71ff,Two dogs are cheerfully playing together on the grass,e8af336b84bdefdf252265e29713306653f9c53c278ef9f065a7a166cefa71ff,1145,sentence1,10
c66c52f1fd59fd3aeb862fa1a01e357d2d3a675ab735574b65c855e3a3670d7a,russian parliament voted unanimously to suspend russia 's participation in the conventional forces in europe ( cfe ) treaty .,c66c52f1fd59fd3aeb862fa1a01e357d2d3a675ab735574b65c855e3a3670d7a,1146,sentence2,34
f8469e00e9afd94a387c577426ffebad7c76217c49a3356a3e4735eef507e3a1,the black and white cat is looking up at the camera .,f8469e00e9afd94a387c577426ffebad7c76217c49a3356a3e4735eef507e3a1,1147,sentence2,13
0b8390b0b1979efe4826b4d281f6dc3af62403e01192d32107bb74246551e7ab,A man is riding a dirty horse on a blue road,0b8390b0b1979efe4826b4d281f6dc3af62403e01192d32107bb74246551e7ab,1149,sentence2,13
4294f9f6f5005c488b88209b854fffcafe1c921fefdf463c392358c2ea979885,that is the spirit in which the european constitution should be developed .,4294f9f6f5005c488b88209b854fffcafe1c921fefdf463c392358c2ea979885,1150,sentence2,14
5d1ebedf98510a2d01efe7edb40fb20105f6c30e3e410a10e3586fcf03c18b2c,The anaphase promoting complex (APC) is responsible for the rapid degradation of cyclin D1 in cells irradiated with ionizing radiation.,5d1ebedf98510a2d01efe7edb40fb20105f6c30e3e410a10e3586fcf03c18b2c,1153,sentence1,37
de0e6f71ebf2fa7d02867bc5d99457cc5e49fa0d8085987176b84fafee44a2cd,""" i ´ m very proud of the citizens of this state , "" gov. john baldacci said after votes from tuesday ´ s referendum were counted .",de0e6f71ebf2fa7d02867bc5d99457cc5e49fa0d8085987176b84fafee44a2cd,1154,sentence2,48
0e0a76f98b92b158c8e1a9c0d7b512121b964cc11c7534ed1a985834debb832d,the man talked on the telephone .,0e0a76f98b92b158c8e1a9c0d7b512121b964cc11c7534ed1a985834debb832d,1157,sentence1,8
629095aa0b5ec0af1eb7cae9e799a8068e70db9a4367aeb377ce6359cc557b13,a man is watching tv on the foot of his bed .,629095aa0b5ec0af1eb7cae9e799a8068e70db9a4367aeb377ce6359cc557b13,1160,sentence1,16
afdf8e9806c7fdf03f0338e1a5baaef2736cc44b0bd28abc1be36b5f04f081d2,A man is eating food.,afdf8e9806c7fdf03f0338e1a5baaef2736cc44b0bd28abc1be36b5f04f081d2,1161,sentence1,6
00866e3e0727742d3c444fb9f055ce293deeb6a527da6d6d2e0f78a81ccbb28a,a man with a hard hat is dancing .,00866e3e0727742d3c444fb9f055ce293deeb6a527da6d6d2e0f78a81ccbb28a,1162,sentence2,13
350b6acef315c0cda7a220076262f4933de93d32e52b322f4ddd9c527ab46cdb,The boy is riding a bike on the top of a fence made of metal,350b6acef315c0cda7a220076262f4933de93d32e52b322f4ddd9c527ab46cdb,1164,sentence1,17
c1ff9a53e1409b1500bf0df50090b26d583faabd24c2198943cc3b747e73b42d,A man is skiing down a hill and jumping a red obstacle,c1ff9a53e1409b1500bf0df50090b26d583faabd24c2198943cc3b747e73b42d,1172,sentence1,14
b12fba106acfe8f10aacceb2222a3a5e034321513a5b571d491acdd097ae580b,a woman is preparing shrimp to cook .,b12fba106acfe8f10aacceb2222a3a5e034321513a5b571d491acdd097ae580b,1174,sentence1,11
2d43e23845eee128ea51850c8b2b1fb4657cf2c22c30d14008eea511d2a49863,two lambs stand on a grassy hill .,2d43e23845eee128ea51850c8b2b1fb4657cf2c22c30d14008eea511d2a49863,1175,sentence1,12
e30aa99e7f358c5607ba74626d2cb65d82d70350235760e16efbc4c957c41ed1,A dog is jumping in the shade of some trees,e30aa99e7f358c5607ba74626d2cb65d82d70350235760e16efbc4c957c41ed1,1177,sentence2,10
9db3ddb27c1e4b39c6268c47a82b88144548fc7915d7e31ec89c3b5b796eab98,A football player in a purple jersey is running with the ball for a touchdown,9db3ddb27c1e4b39c6268c47a82b88144548fc7915d7e31ec89c3b5b796eab98,1178,sentence1,17
4c42a84da8e85037467b38417f4c85d829ce8fa5bd96dda59935fd33773b03c8,the man is kissing and hugging the woman .,4c42a84da8e85037467b38417f4c85d829ce8fa5bd96dda59935fd33773b03c8,1180,sentence2,12
5f704b40e35a6ff0d5130c48163944a291f53bf69a290322865b4a0fbd232a7a,A man steers a blue boat past brightly colored houses.,5f704b40e35a6ff0d5130c48163944a291f53bf69a290322865b4a0fbd232a7a,1181,sentence2,14
a9ea378edbd11d1491a55b2f3e98d8071a32c2f563551556bf75c6c927ef88ac,A man with no hat is standing outside of a green jeep,a9ea378edbd11d1491a55b2f3e98d8071a32c2f563551556bf75c6c927ef88ac,1183,sentence1,16
97f24959f4315397cbe264f5cfb3b0346e7c72137f04a25dc694f2bf0bb70003,"if the answer to any of these questions is yes , a phd may be worthwhile for you .",97f24959f4315397cbe264f5cfb3b0346e7c72137f04a25dc694f2bf0bb70003,1185,sentence1,26
c080a210eb9d186f9e0e4304a5cd214126629245d55676c72cd63f0aa937a721,the new classes are called derived classes and they inherit the behaviours and attributes of the base classes .,c080a210eb9d186f9e0e4304a5cd214126629245d55676c72cd63f0aa937a721,1187,sentence2,22
560a4e067017adb436090ef8ffc338248261663e17ebbb392a9f62c1888777d6,A woman is balling dough.,560a4e067017adb436090ef8ffc338248261663e17ebbb392a9f62c1888777d6,1188,sentence1,7
a459dd30257833829c0c8d86be77edae1097bcc4ae2734bd207a6b46547ca849,A man is sitting and smoking.,a459dd30257833829c0c8d86be77edae1097bcc4ae2734bd207a6b46547ca849,1190,sentence2,7
a4fcba11ebfab48fa3912e3778453b088eb8742261339764d133eba0707ca37d,A famous singer is dancing on the ceiling,a4fcba11ebfab48fa3912e3778453b088eb8742261339764d133eba0707ca37d,1191,sentence1,8
b7a6ce12eefe45477f7f1f9a3234aca90dd17b08e71b7640add06e24c71b2c3c,two young kids dressed up sitting down on chairs .,b7a6ce12eefe45477f7f1f9a3234aca90dd17b08e71b7640add06e24c71b2c3c,1195,sentence1,11
0e9cf4ff3128be05593674af0f1a9cf2df071f999d10231c25c3845a1318c75f,A man is dropping the guitar,0e9cf4ff3128be05593674af0f1a9cf2df071f999d10231c25c3845a1318c75f,1195,sentence2,6
53ebac93be58a1e6f0b05cb11d80b366182fb00dd028c1089ea3c8ba1fc84b28,A man in a white shirt and sunglasses and a man in a black shirt and sunglasses are sitting at a table with four bottles of beer,53ebac93be58a1e6f0b05cb11d80b366182fb00dd028c1089ea3c8ba1fc84b28,1197,sentence2,31
8efde311e15a5c05e6d3bf81367f99ec5f251f0204bf69decc4268fc2525301c,A dog is chasing another and is holding a stick in its mouth,8efde311e15a5c05e6d3bf81367f99ec5f251f0204bf69decc4268fc2525301c,1199,sentence1,15
3ccc8bdd1f5ec43861c1639ba8b1864bd84676f99e02a9f6bb18e182dacc13e4,A woman is walking in a road,3ccc8bdd1f5ec43861c1639ba8b1864bd84676f99e02a9f6bb18e182dacc13e4,1201,sentence1,8
74c97a9558f1868c48067130a8623d979bf981487026792c788b8c35625fbb90,a man is slicing garlic .,74c97a9558f1868c48067130a8623d979bf981487026792c788b8c35625fbb90,1202,sentence2,11
46e80e3f83aef348aa88f5cc8c76c701f6953b7a03922b4002b6e5db02500dd1,some men are sawing .,46e80e3f83aef348aa88f5cc8c76c701f6953b7a03922b4002b6e5db02500dd1,1204,sentence1,7
bfe01a4b5b585307f28b75b5dfc5f360ae40a987b05085229a7def5906667460,A man is frying a tortilla,bfe01a4b5b585307f28b75b5dfc5f360ae40a987b05085229a7def5906667460,1205,sentence1,8
5acb826bc69afbbf655d4c228989ce42d8fb321911d8e9ffb9e7a2827421591b,A woman is scrubbing a zucchini with a brush for vegetables,5acb826bc69afbbf655d4c228989ce42d8fb321911d8e9ffb9e7a2827421591b,1209,sentence2,16
50ee1e36ef0a928c74a7b24c39b39e67177a7728a1b7c4b566540a7d87e0b842,A young child is watering a plant with splashes,50ee1e36ef0a928c74a7b24c39b39e67177a7728a1b7c4b566540a7d87e0b842,1210,sentence2,13
ebeb13ba2eec244b41c9fda4bb2a3e4031b6497c46ca7646ef7b5c2e7ad0b906,a skateboarder is jumping over an obstacle in front of a white house .,ebeb13ba2eec244b41c9fda4bb2a3e4031b6497c46ca7646ef7b5c2e7ad0b906,1211,sentence1,19
fc213a77758bb06d278bd60980b0297cac7b1540e9082b43201a65621684b630,""" but i do question the motives of a deskbound president who assumes the garb of a warrior for the purposes of a speech . """,fc213a77758bb06d278bd60980b0297cac7b1540e9082b43201a65621684b630,1212,sentence1,35
10f241d1a28bdec3a771c2849431484f01d0ed2836ab47350b06d07c140811ed,black and white cows behind a fence .,10f241d1a28bdec3a771c2849431484f01d0ed2836ab47350b06d07c140811ed,1215,sentence1,11
c15c6b41ea73d7f3194eafe29cb5ba120ca66d699ee2c8997e885c3bdf875975,"in the gowanus canal , a dolphin",c15c6b41ea73d7f3194eafe29cb5ba120ca66d699ee2c8997e885c3bdf875975,1216,sentence2,11
b66dce10086a1d4b92de45e263e706a94843b09ce6226603a5e13673b216c6e5,Women are dancing outside.,b66dce10086a1d4b92de45e263e706a94843b09ce6226603a5e13673b216c6e5,1218,sentence1,5
161adc4fd5b33019107ca9f21deb1e550b3b8265de0bf097941fafa22da63d2c,"noah wyle , who has played dr. john carter since the series launched in 1994 , has inked a one-year extension to his deal with producer warner bros. tv .",161adc4fd5b33019107ca9f21deb1e550b3b8265de0bf097941fafa22da63d2c,1218,sentence2,52
3f122caa80d2922c7e94e4cb9e8f196b352807770d84714db088fe0152f56f57,france loses influence in europe,3f122caa80d2922c7e94e4cb9e8f196b352807770d84714db088fe0152f56f57,1219,sentence2,8
1d117c2c2ab578e8aee65a5d89b46399addb48b9a81ee9d7db7f923ff7c44fe5,"The OPEC+ countries and oil producers that had not been part of the deal in the past began their video conference on the oil market, a source in one of the delegations told Sputnik MOSCOW (UrduPoint News / Sputnik - 09th April, 2020) The OPEC+ countries and oil producers that had not been part of the deal in the past began their video conference on the oil market, a source in one of the delegations told Sputnik. Apart from OPEC+, Argentina, Egypt, Indonesia, Trinidad and Tobago confirmed their participation.",1d117c2c2ab578e8aee65a5d89b46399addb48b9a81ee9d7db7f923ff7c44fe5,1220,sentence2,129
e9b3677ed3ff30fad808a533f5b273eb1155e7be4a2a1ff2bb4b116bdd323c62,some people are singing .,e9b3677ed3ff30fad808a533f5b273eb1155e7be4a2a1ff2bb4b116bdd323c62,1221,sentence1,6
f864f35cd3fae901db241ec321abd250c7f9182d71505bc215a333d65bdf7ef1,The lady is penciling on eyeshadow,f864f35cd3fae901db241ec321abd250c7f9182d71505bc215a333d65bdf7ef1,1222,sentence2,8
57d2c613fa812382c94218f8a6619d923056b84a35224a8788d99738022c4658,a kid is playing keyboard .,57d2c613fa812382c94218f8a6619d923056b84a35224a8788d99738022c4658,1224,sentence1,8
ddbd635558e188066cb3f5d1b70cdf94ca36fb6340b311296672298bc5b26ef6,"convert into absorbable substances , ( as if ) with heat or chemical process",ddbd635558e188066cb3f5d1b70cdf94ca36fb6340b311296672298bc5b26ef6,1225,sentence2,18
95204a53b4fb825c63fa5f4970e90fa57f02559950bcdfcde63fe1d5de9b35c5,There is no child holding a squirt gun,95204a53b4fb825c63fa5f4970e90fa57f02559950bcdfcde63fe1d5de9b35c5,1228,sentence2,13
6f7c973c00202134711c398a9edd9f08baf4a63333986cf9d9f809d93d712ba5,australians flee homes amid floods,6f7c973c00202134711c398a9edd9f08baf4a63333986cf9d9f809d93d712ba5,1229,sentence1,9
d4dc662fb07e3faabcd6750c3a832c173306ac394e2eba31ee44e05d742ee5e4,a man is skating down a set of stairs .,d4dc662fb07e3faabcd6750c3a832c173306ac394e2eba31ee44e05d742ee5e4,1230,sentence2,13
48c8a70400dd6cb5ccb1473de3fc5d1559c334f3678109c816f288634a4efbd7,( cause to ) move around,48c8a70400dd6cb5ccb1473de3fc5d1559c334f3678109c816f288634a4efbd7,1234,sentence2,7
8554b6891340b53b5d0a06e32639b9f7758da949198a6c8e3c1670bc0e504943,A horse is not racing,8554b6891340b53b5d0a06e32639b9f7758da949198a6c8e3c1670bc0e504943,1236,sentence1,5
c89200baf7da4c7cede0244849ffcc18a7abfa368584c2f17f5dbe21001bb2bb,A man is strumming a guitar,c89200baf7da4c7cede0244849ffcc18a7abfa368584c2f17f5dbe21001bb2bb,1243,sentence1,8
862952867e012082faf05824fead975010821dd443619ee936ab75c9cd6dff8a,A white dog is approaching a golden dog on pebbly beach,862952867e012082faf05824fead975010821dd443619ee936ab75c9cd6dff8a,1245,sentence2,15
4a5ad2001549bc268eb83a8aa3f20f7b7bd93e74f4db8d6bd7e052e33f50dc44,the union banned the import of genetically modified food in 1998 after many consumers feared health risks .,4a5ad2001549bc268eb83a8aa3f20f7b7bd93e74f4db8d6bd7e052e33f50dc44,1246,sentence2,21
c61c064bae030676c0390914d5b80c54f75f22fd545c0c17ed03cf3f0a46c65d,"The girl has red hair and eyebrows, several piercings in a ear and no tattoo on the back",c61c064bae030676c0390914d5b80c54f75f22fd545c0c17ed03cf3f0a46c65d,1247,sentence2,26
692510cb771a6e1fb0b3181d9464b0649e6d5f7937cf7ec90170840c5b977433,"hormone replacement therapy that combines estrogen and progestin doubles a woman 's risk of breast cancer , a british study of more than a million women has found .",692510cb771a6e1fb0b3181d9464b0649e6d5f7937cf7ec90170840c5b977433,1248,sentence1,44
72a7c1a055f5031fa70eaa6673c7e787429101642da2da7e35d44111fcbb99ce,The shirtless man in striped shorts and sunglasses is not standing near a man in a white shirt and sunglasses,72a7c1a055f5031fa70eaa6673c7e787429101642da2da7e35d44111fcbb99ce,1251,sentence2,25
dbaa00067823814592501b7223c053fba6a28bddb2fbfe4398f86fe86449c91f,A boy of young age is playing in the park with his mother,dbaa00067823814592501b7223c053fba6a28bddb2fbfe4398f86fe86449c91f,1253,sentence1,13
f69e20f4928b51b1ab4742f64a962badf0dae282b0c214311c56133348db4c15,a man in a suit dances with a young girl in front of an audience .,f69e20f4928b51b1ab4742f64a962badf0dae282b0c214311c56133348db4c15,1256,sentence1,21
29475a26a56b6586ffa6ebd860d8cecf2ab3f47f2892698e2c295a2e6d788ca9,"the analyst , already let go by merrill , can request a hearing before a nasd panel .",29475a26a56b6586ffa6ebd860d8cecf2ab3f47f2892698e2c295a2e6d788ca9,1257,sentence2,30
acb3f1e429291e48042ea713549448e1299a978b32a4f7791ed6e2d9811e741f,A young lady in a bikini is lying on the beach,acb3f1e429291e48042ea713549448e1299a978b32a4f7791ed6e2d9811e741f,1258,sentence1,14
e5159bc1c267d0133bf0a286e6fa9be3dc60f31e767c2a12c8c45cd030787d29,"the show 's creator and executive producer , phil rosenthal , quipped in a statement : "" we had a big contract negotiation .",e5159bc1c267d0133bf0a286e6fa9be3dc60f31e767c2a12c8c45cd030787d29,1258,sentence2,36
7991d49d6b86a132c7358383ead76ff28596556d07dd7bafee640b0ad1362636,an institute for public policy research report said there are 27 weak states that pose a threat to britain 's national security as the states could provide bases for terrorists .,7991d49d6b86a132c7358383ead76ff28596556d07dd7bafee640b0ad1362636,1261,sentence1,39
f9c4a7624eb4e8414ed41d9468bfdd345b8a58e563948ab7688a3da02b6a26f5,"since it is a formal theorem , bayes ' theorem holds in all popular interpretations of probability .",f9c4a7624eb4e8414ed41d9468bfdd345b8a58e563948ab7688a3da02b6a26f5,1263,sentence2,31
37d77032340d2e9fc4b314fef16626080988f39907194d1de824568455918a0f,A man is opening a small package that contains headphones,37d77032340d2e9fc4b314fef16626080988f39907194d1de824568455918a0f,1264,sentence1,11
327854f68ae3f40ca13c10606967f56a33d455f68574f8cd82f01e27702c7bb8,the iranian government has dismissed the allegations in the intelligence presented to the international atomic energy agency board as baseless and the intelligence used to support the allegations as fake .,327854f68ae3f40ca13c10606967f56a33d455f68574f8cd82f01e27702c7bb8,1267,sentence1,38
46634d2090da77a4ed79f8e39491fce7aa9ba23b5a7c22e12e36bd1e569e9e7d,Too Many Requests Being an automatic bot that does not appear to be human A playback page that has an unusual number of components Excessive load on the Wayback machine not related to your activities Saving too many pages in a give time frame The best solution is to wait a few seconds and reload the existing page. Please feel free to write to us at info@archive.org if you have questions about this. Please include the following information in your email: Thank you,46634d2090da77a4ed79f8e39491fce7aa9ba23b5a7c22e12e36bd1e569e9e7d,1271,sentence2,102
d624629b6b61894afb20645ca12973d8001e5da5d63fa428727633544a757345,"shares of lendingtree rose $ 6.21 , or 42 percent , to $ 20.90 after hitting $ 21.36 earlier .",d624629b6b61894afb20645ca12973d8001e5da5d63fa428727633544a757345,1272,sentence1,30
6796da8078287c1f9945fefff3cbee68ab866d545b6b255815a8dfba76b23d8f,be affected with smut or mildew,6796da8078287c1f9945fefff3cbee68ab866d545b6b255815a8dfba76b23d8f,1273,sentence2,10
8cc1b3f8e26c26c181ca2d9e06fb547762208be36d396efba5b188ecb6869259,two people are in bed .,8cc1b3f8e26c26c181ca2d9e06fb547762208be36d396efba5b188ecb6869259,1278,sentence2,7
e26aa0796eb35826ec3567564366dbdaaf9fbcd67306e4fa3dffc66ae0ab5622,a woman driving a car is talking to the man seated beside her .,e26aa0796eb35826ec3567564366dbdaaf9fbcd67306e4fa3dffc66ae0ab5622,1282,sentence1,18
c9f48446a312e449bdcd39a35a7ae39c625fa4f727c553a49c193d302b44d977,"The new deal would be valued at $1.75 billion, including $863 million in cash and 52.6 million PeopleSoft shares.",c9f48446a312e449bdcd39a35a7ae39c625fa4f727c553a49c193d302b44d977,1284,sentence2,26
fc32cd2abcf20aa6fc25e09baffaa21807f7d5065b1cf2c942945eda5c5552f6,"zipf ’ s law , as i understand it , is not really about languages , but about statistics and probability .",fc32cd2abcf20aa6fc25e09baffaa21807f7d5065b1cf2c942945eda5c5552f6,1285,sentence2,30
16dc69a254a4d28a041f1a925ba87928ddbecce189bc7a66e54bc4f035abf529,"Sayliyah was the command base for the Iraq war, but Central Command sent hundreds who ran the war back home to Tampa, Florida.",16dc69a254a4d28a041f1a925ba87928ddbecce189bc7a66e54bc4f035abf529,1286,sentence2,29
be8d595f1b4a1c7e18e2939c49c3ec7ca350daca694fee5a057acebf1738610d,this means that companies will have to find £ 81 million to settle the interests of the first year .,be8d595f1b4a1c7e18e2939c49c3ec7ca350daca694fee5a057acebf1738610d,1287,sentence2,22
24063c07a86b81c492db1c8f25ddf63d16e714d3d03b64b927aca3d41a4db6ea,"this lus in this frame refer to biological entities labeled by the fe organism. an organism is described as something that can be alive , or have naturally occuring biological processes and functions , however the concept of life is often used metaphorically for non-organic entities which resemble or act as if they have organic life .",24063c07a86b81c492db1c8f25ddf63d16e714d3d03b64b927aca3d41a4db6ea,1288,sentence2,73
2bacab46fba605b87991d309f266a157903b97d3371154cb143b240f0698090d,A woman is rowing a boat,2bacab46fba605b87991d309f266a157903b97d3371154cb143b240f0698090d,1289,sentence2,8
5a253ee9671dddb79fc4503123e51536f900528e20c521c9ae6941ca007e2248,A woman is cutting garlic,5a253ee9671dddb79fc4503123e51536f900528e20c521c9ae6941ca007e2248,1292,sentence2,5
ab36d5f48a5fca37cb93acc914f5eecae01ba407204dc09dc429e61f9cdbf3e3,researchers found that sea ice in the arctic is disappearing at a rate of 9 percent each decade .,ab36d5f48a5fca37cb93acc914f5eecae01ba407204dc09dc429e61f9cdbf3e3,1295,sentence2,25
db94dfeeab3e4c4cc24ad7dfdff2b901bbcbea00fec1a1cd2d07cdf81909d08b,libya pm names new cabinet after protests over original,db94dfeeab3e4c4cc24ad7dfdff2b901bbcbea00fec1a1cd2d07cdf81909d08b,1296,sentence2,13
e246887f795bac508d993a0ba11c1801657321469f1b8c2646ba98488d5fe140,a black and white photo of a man in a classic car and a man with a classic motorcycle .,e246887f795bac508d993a0ba11c1801657321469f1b8c2646ba98488d5fe140,1299,sentence2,26
d88c8da9abed35902d04d9f9ff53689792d0ee67ae9f4c8786b12d677afe2967,A boy is walking across a bridge,d88c8da9abed35902d04d9f9ff53689792d0ee67ae9f4c8786b12d677afe2967,1300,sentence1,8
60476b01f765ebd0b45715248ca2c86be89add1a9b2e0abbb71f54896b49e1c2,"previously , it had reported a profit of $ 12 million , or 0 cents a share , for that period .",60476b01f765ebd0b45715248ca2c86be89add1a9b2e0abbb71f54896b49e1c2,1301,sentence1,30
4858e4ec2d570be27f047aedad6c4cf49e06c68ef34d98138d6cf3abc3cc4d95,"the foundation esély budapestért alapítvány , at the request of the grouping of fiatal baloldal - ifjú szocialisták , made a bill on the order of the foundation együtt a harmadik évezredért , for a total of four million huf .",4858e4ec2d570be27f047aedad6c4cf49e06c68ef34d98138d6cf3abc3cc4d95,1303,sentence1,99
de8e2415d4f3c28948a7ccc2db9d07b19c169083b4b0871c89a0b4a1d3638979,Sunderland 2-2 Bolton: Davies in at the double,de8e2415d4f3c28948a7ccc2db9d07b19c169083b4b0871c89a0b4a1d3638979,1305,sentence1,13
169337b5aa3cdd149659d529faa3868946bed73fe9a491fd374a914d11142e39,johnson re-elected london mayor,169337b5aa3cdd149659d529faa3868946bed73fe9a491fd374a914d11142e39,1307,sentence2,12
75b2d4a8e87a2e67549546c3f4d230f98c4aca6fa021454ed24158f205dd5ce4,Nobody is slicing a piece of bread,75b2d4a8e87a2e67549546c3f4d230f98c4aca6fa021454ed24158f205dd5ce4,1308,sentence2,11
9deaa5d82b2bef6f20fc5a6826674a3a7dd68d37844d798fd3f74462cd29b108,tikrit is saddam hussein 's hometown and the region around it is known as a hotbed of baath party supporters and former high-ranking iraqi military officials .,9deaa5d82b2bef6f20fc5a6826674a3a7dd68d37844d798fd3f74462cd29b108,1309,sentence2,49
5eafa4c8cd6bca3eb94ab46fa2ac071c9a89bf975cbf87e83da6f0966ab591eb,Three people are waiting for the rain to stop.,5eafa4c8cd6bca3eb94ab46fa2ac071c9a89bf975cbf87e83da6f0966ab591eb,1311,sentence1,10
71045e2c88455ebeb7b98584d9ff2e0a4c9dad07774705a597693b4ba583f107,"if non-human animals do have intelligence too , why is their intelligence not as advanced as humans ?",71045e2c88455ebeb7b98584d9ff2e0a4c9dad07774705a597693b4ba583f107,1311,sentence2,23
575c8dbfd8b52461e292aed9936ca47d81b7aa16b268863c61ab4b521d1275b7,"this would be a very , very bad idea dprk . north korea threatens south korea ove un sanctions :",575c8dbfd8b52461e292aed9936ca47d81b7aa16b268863c61ab4b521d1275b7,1312,sentence2,37
464e94d9291fe17ac680027baaf68987a2ec650529a72e3d14a13fe7696805f8,"gps systems can , and do , work everywhere you can get satellites .",464e94d9291fe17ac680027baaf68987a2ec650529a72e3d14a13fe7696805f8,1313,sentence1,21
1ee5bf25a4b219737bd383d43694fdde1e1ff586d55d23e244c5bcdb772907cc,death toll climbs to 15 in indonesia boat sinking,1ee5bf25a4b219737bd383d43694fdde1e1ff586d55d23e244c5bcdb772907cc,1314,sentence1,17
b57aad42ac67d40f88cc6c30cf36de1b7485602a09ff1bb0811972f8711bf296,this report was cleared by the joint intelligence committee .,b57aad42ac67d40f88cc6c30cf36de1b7485602a09ff1bb0811972f8711bf296,1315,sentence2,11
3212d77980da61e2720543f9242781f917de374cdd242689211931964a238714,jim furyk celebrated his first father 's day as a father by winning his first major golf championship .,3212d77980da61e2720543f9242781f917de374cdd242689211931964a238714,1316,sentence1,27
2c721948150188d678a894c6da728281befff08ad76bebd11ea26d675a731dff,The woman is pouring oil into the pan,2c721948150188d678a894c6da728281befff08ad76bebd11ea26d675a731dff,1316,sentence2,9
7645d22c2ac33e779f848075bb6a1feaa58492489f138b915506e40bc178926e,"after all , they have recommended the policies that politicians will take into account .",7645d22c2ac33e779f848075bb6a1feaa58492489f138b915506e40bc178926e,1317,sentence2,17
edc23cc4b0c62619018d0aac94f0d3e9966b2eb231f55f00014ee62b55bbe322,"not really , most of the lost sdp votes went to the greens .",edc23cc4b0c62619018d0aac94f0d3e9966b2eb231f55f00014ee62b55bbe322,1318,sentence2,20
52d58650607730773f6c53708bc441d9e9cd98b99d7777d441a6a3c628468e0e,egyptian police fire tear gas at protesters in cairo,52d58650607730773f6c53708bc441d9e9cd98b99d7777d441a6a3c628468e0e,1321,sentence1,18
72829603d9533fd5cedbc546579fc3a447f85bc260037c130516dfab5d566550,it suits that the european union is implied and that it makesit rapidly .,72829603d9533fd5cedbc546579fc3a447f85bc260037c130516dfab5d566550,1322,sentence1,16
e23ee5ffe29d1c872bf44bf14e66e14fcae6aa5863fe89c1222202ff1ddab8ec,blast kills nine in southern afghanistan : officials,e23ee5ffe29d1c872bf44bf14e66e14fcae6aa5863fe89c1222202ff1ddab8ec,1325,sentence2,15
3a460fea0557a6e089c43e8c7e18d6b4aebc95895b5e100a93a15d5ddfb140f5,"the technology-laced nasdaq composite index .ixic inched down 1 point , or 0.11 percent , to 1,650 .",3a460fea0557a6e089c43e8c7e18d6b4aebc95895b5e100a93a15d5ddfb140f5,1328,sentence1,36
410a58dcbeee1498facb526eb52ce669bec329c54d2434d020a816b31b24563f,"i have years of "" neener neener "" rights usually i get pretty decent care .",410a58dcbeee1498facb526eb52ce669bec329c54d2434d020a816b31b24563f,1329,sentence1,27
4e41af5a2921065b6d07767d3444c164a1d3be73dc4c15287c0abcc46638d5cc,take legal action to seek compensation for a wrong,4e41af5a2921065b6d07767d3444c164a1d3be73dc4c15287c0abcc46638d5cc,1331,sentence1,10
993c0759b9c28563f64fa1fc6db6636c08806149e7e0bdb490afff75055726b5,three dead in us marathon bomb,993c0759b9c28563f64fa1fc6db6636c08806149e7e0bdb490afff75055726b5,1332,sentence1,6
46e4218accde674d9b607341beca64802fdcb74304b882a42086b77c09d85d4f,A race car driver is standing up and is fiercely pointing his hand at the sky,46e4218accde674d9b607341beca64802fdcb74304b882a42086b77c09d85d4f,1334,sentence2,18
ecf885ff3447bf7a076f4adbaa5645394d6f02fba1ec80738e65c06f8f153af5,( cause to ) become widely distributed .,ecf885ff3447bf7a076f4adbaa5645394d6f02fba1ec80738e65c06f8f153af5,1336,sentence1,10
32234107ff85e5eec5edd33480ed6bda0f96b55fd4e0f4655acc3cd13473d667,A woman is cutting tofu,32234107ff85e5eec5edd33480ed6bda0f96b55fd4e0f4655acc3cd13473d667,1337,sentence1,7
50fd3c677ca1ed25e574213a7290a81971d250829fd0d222e0f15d35e991738a,"i 've said what i 've said , and if you have comprehension problems i cannot help you ..",50fd3c677ca1ed25e574213a7290a81971d250829fd0d222e0f15d35e991738a,1338,sentence1,30
d229597e501cdc93c63ae7e9fcd7153d7b1dc780800936a63820beb672aadd2f,A panda bear is chewing on a stick.,d229597e501cdc93c63ae7e9fcd7153d7b1dc780800936a63820beb672aadd2f,1340,sentence1,13
d10d0ee943a51b6e70fbea0a93c9830a3595b7bae252041d9667e7ccd0be2ac1,children jumping on a trampoline .,d10d0ee943a51b6e70fbea0a93c9830a3595b7bae252041d9667e7ccd0be2ac1,1340,sentence2,10
eb38e3bfba93aa2f2b8bfbe9a40557cbe66bb2a4b1f30e77943b9807181aba84,"government bonds sold off sharply after greenspan told congress on tuesday that the u.s. economy "" could very well be embarking on a period of extended growth "" .",eb38e3bfba93aa2f2b8bfbe9a40557cbe66bb2a4b1f30e77943b9807181aba84,1341,sentence2,44
74ce28860408c7c1e4d3bda78f3f05dc8e3e6d4916cf2809d57636bdb0344ceb,u.s. supported france 's failed hostage rescue in somalia,74ce28860408c7c1e4d3bda78f3f05dc8e3e6d4916cf2809d57636bdb0344ceb,1342,sentence2,19
466485ed38e8cd8926fd10b7a0fbf18a9b1bfa73db3c4b3864d9282a9fe28a20,"by the wording of the question , i 'm pretty sure you 're using one of those pyramidal graters or a "" sheet "" grater .",466485ed38e8cd8926fd10b7a0fbf18a9b1bfa73db3c4b3864d9282a9fe28a20,1343,sentence2,40
8fbd9ccbeaa73fcd9fd0e8a2cc9032d3c04cf8826574716934e77fed63bb197b,A bus drives down a busy road.,8fbd9ccbeaa73fcd9fd0e8a2cc9032d3c04cf8826574716934e77fed63bb197b,1346,sentence1,9
6bcaffbe6883f65a7f689d7996ff89dee08f778ceb95a31cf5db5e25fdace839,sen. feinstein announces bill to limit semiautomatic weapons :,6bcaffbe6883f65a7f689d7996ff89dee08f778ceb95a31cf5db5e25fdace839,1346,sentence2,17
0ab311dd649848200a7ccef603dac313eb704dd4f88f2d36f2fe6a8372f4bfdf,"so far , georgia has been returned all but $ 70,000 of the money it wired .",0ab311dd649848200a7ccef603dac313eb704dd4f88f2d36f2fe6a8372f4bfdf,1347,sentence2,24
6c5ec6414974bc75d7b4d4dc84cc712ee63c882f4c7d916e3343f86eb8b89926,us drone strike kills four in nwa : officials,6c5ec6414974bc75d7b4d4dc84cc712ee63c882f4c7d916e3343f86eb8b89926,1348,sentence1,14
e7fbf734153c8092f1dcee94998c203646b1ae9ce2660b530a4d8ed8f94bd4a2,The man is removing sliced cucumbers from water,e7fbf734153c8092f1dcee94998c203646b1ae9ce2660b530a4d8ed8f94bd4a2,1350,sentence1,11
c7a59d79b93a177289649789caa30da9281b4da6a0a7bd4b54380b9398663b67,"PeopleSoft will commit $863 million in cash and issue 52.6 million new shares, the companies said.",c7a59d79b93a177289649789caa30da9281b4da6a0a7bd4b54380b9398663b67,1351,sentence2,21
f23c09f0d7b50ef988a30d7c8515b68cda437be9222f3e05005f80550899dfac,"but butterflies exposed to an earlier light cycle , from 1am to 1pm , orientated themselves towards the south-east .",f23c09f0d7b50ef988a30d7c8515b68cda437be9222f3e05005f80550899dfac,1353,sentence1,29
96b76ef052584acb7f2452cc7fe1f84eb4d9ad0d01370f670555a20a3da59a87,cause to regain consciousness .,96b76ef052584acb7f2452cc7fe1f84eb4d9ad0d01370f670555a20a3da59a87,1355,sentence2,7
de5a287931cd312769ebced03824b0b005d5fe8608d30a6d739e96e84de29669,a person sticks their head out of a tent at the top of a mountain .,de5a287931cd312769ebced03824b0b005d5fe8608d30a6d739e96e84de29669,1356,sentence1,20
776eeb16fd6d1ebc558a2b1930a8a779093376bedb8856c71c1ac12b48a128be,Two men are playing table football,776eeb16fd6d1ebc558a2b1930a8a779093376bedb8856c71c1ac12b48a128be,1356,sentence2,6
9ceecf9135186af5c1961385c26386909c3186dbf9bc82fa3c0bed86136690fd,"wen stated that the purpose of his visit to germany is to advance trade , economic and technological exchanges .",9ceecf9135186af5c1961385c26386909c3186dbf9bc82fa3c0bed86136690fd,1357,sentence1,25
401c57d6b135086712b6151accc607f67452a040013496ee6ff5e1cd7487a5ee,what is the best way to fix this garage floor ?,401c57d6b135086712b6151accc607f67452a040013496ee6ff5e1cd7487a5ee,1361,sentence2,12
6234f6aa30aa513c354dade8709323fb94563cb4ad3201b998cdb0185de4f4a8,A dog and a black man are running through brown leaves,6234f6aa30aa513c354dade8709323fb94563cb4ad3201b998cdb0185de4f4a8,1363,sentence1,12
cfdae4b9d35385fee5bb1c904b0673926ebe4a4721256a672ca08a7a6af17337,police fire tear gas at protesters,cfdae4b9d35385fee5bb1c904b0673926ebe4a4721256a672ca08a7a6af17337,1365,sentence2,7
d9f9d6cebb3562f5ae817cb2d88e2cf5900207afe08792ed54e2dcec06077adc,so wang lijun did build a surveillance network . - chinese party and business officials fired in sex scandal,d9f9d6cebb3562f5ae817cb2d88e2cf5900207afe08792ed54e2dcec06077adc,1367,sentence1,31
3a50ad0d1c8c24e4e03b47a2789231976eaf3440c18b1305e75f6e74ac1c33e5,"best way to get money out is to get rid of lobby , all of it .",3a50ad0d1c8c24e4e03b47a2789231976eaf3440c18b1305e75f6e74ac1c33e5,1369,sentence2,19
c2700aa1c3315456362cc7837e7d06991006ba4f14bb0a2147802984845e5baf,what is the significance of the artwork ?,c2700aa1c3315456362cc7837e7d06991006ba4f14bb0a2147802984845e5baf,1372,sentence1,9
a0434f817a558081909abd779a2492af1021bb8f54a86e26ebddd7e23332b5a6,There is no horse tossing the cowboy in red and blue pants,a0434f817a558081909abd779a2492af1021bb8f54a86e26ebddd7e23332b5a6,1373,sentence2,16
ca2f418b9c3d708da1cae93054ae93af4af50374a95a1588555a9cf80dc0d9dc,The blond girl is dancing behind the sound equipment,ca2f418b9c3d708da1cae93054ae93af4af50374a95a1588555a9cf80dc0d9dc,1374,sentence2,11
d6c8770cd508cec2a31f0af009215d767440032b103fd17fb441cb60bed48730,a single serving of a beverage .,d6c8770cd508cec2a31f0af009215d767440032b103fd17fb441cb60bed48730,1376,sentence2,10
fc8ce20c8e457a90c6ec0e698c40debdd66454a61a5f6b5710afb910b47b92a3,There is no monkey pulling a dog's tail,fc8ce20c8e457a90c6ec0e698c40debdd66454a61a5f6b5710afb910b47b92a3,1377,sentence1,11
67a7626ced14b78ac0b8ba65b0e144866a5f56b60b2002ea54f4eb626ec5f24b,A man is enjoying watching three asian children dance.,67a7626ced14b78ac0b8ba65b0e144866a5f56b60b2002ea54f4eb626ec5f24b,1377,sentence2,12
77917859f049fa245d0ce929bbf8456bf38c99fa2472e5f3714f206b8e906932,republican senator charles percy 's secretary took an interest in me .,77917859f049fa245d0ce929bbf8456bf38c99fa2472e5f3714f206b8e906932,1379,sentence1,20
14e0f03d92ea8af1313d9a0f98570b18cd28512ad095af4940014860865f750b,"8 dead , 11 missing in sw china landslide",14e0f03d92ea8af1313d9a0f98570b18cd28512ad095af4940014860865f750b,1380,sentence1,15
2d16b72a5df88f160dd6002227562eee41949479cbf60e7ee4421b71e12fedf3,A man is standing near a bike and is writing on a piece paper,2d16b72a5df88f160dd6002227562eee41949479cbf60e7ee4421b71e12fedf3,1380,sentence2,16
57c1d80279e98ca1adabe61c554c9cf421db8dd1454ae4c33ce705d140d4792b,"reality , of course , disagrees .",57c1d80279e98ca1adabe61c554c9cf421db8dd1454ae4c33ce705d140d4792b,1381,sentence2,11
a8e944844c0e88866d02d2cb1963eb36612d0644bc9a64cf23bffb0c8aa1a72e,A man is performing a card trick.,a8e944844c0e88866d02d2cb1963eb36612d0644bc9a64cf23bffb0c8aa1a72e,1382,sentence2,9
c84144203dfa7ea020b624607da1a76222db4f382932f37690ccbb96bf8617fb,5 aid workers freed in operation in afghanistan,c84144203dfa7ea020b624607da1a76222db4f382932f37690ccbb96bf8617fb,1383,sentence2,14
43901ed2cabbbaf00aeab659fb81328e5f549487a9e8da1c56515189f4b49611,A dog jumps over a hurdle.,43901ed2cabbbaf00aeab659fb81328e5f549487a9e8da1c56515189f4b49611,1384,sentence1,9
28f94a24b37c9eab22ab00f0612c7600d874090729b3b86da69ef5c2fbb15770,"the assertion is false , at least as you 've restated it here .",28f94a24b37c9eab22ab00f0612c7600d874090729b3b86da69ef5c2fbb15770,1386,sentence2,19
119ae52bf1a56033c85d63d34559338f02b74c4123b113e735bc54df182e39d7,A blond child is going down a slide and throwing up his arms,119ae52bf1a56033c85d63d34559338f02b74c4123b113e735bc54df182e39d7,1387,sentence1,16
9b11b5fbc992389070419dea702a5a703ae54d189170f98929069baae5383fd8,Large group of people standing outside of a building.,9b11b5fbc992389070419dea702a5a703ae54d189170f98929069baae5383fd8,1388,sentence1,11
e8515cfec1544d676538d3ebdbc27579cba9c70d24b10cc97a556dc3c20899f0,how to tell my company that i am having issues with my boss ?,e8515cfec1544d676538d3ebdbc27579cba9c70d24b10cc97a556dc3c20899f0,1389,sentence1,16
56f762dcc77760140e559012e196c9541cf0696e3e2cbb0f26acf27f0f0260ef,"bomb blast rocks shopping mall in nigeria , 12 killed",56f762dcc77760140e559012e196c9541cf0696e3e2cbb0f26acf27f0f0260ef,1389,sentence2,13
303ae6b5818848569161b80e62a06289e1d9cce32f1594e1f006b737f35e1ba5,sarkozy to file complaint in gadhafi funding claim,303ae6b5818848569161b80e62a06289e1d9cce32f1594e1f006b737f35e1ba5,1390,sentence2,16
c64a1faa4f08990b4dfc84617505006291bd769901748ff7f4fbbfc766efbe8e,Nobel Prize winning author Doris Lessing dies,c64a1faa4f08990b4dfc84617505006291bd769901748ff7f4fbbfc766efbe8e,1392,sentence1,11
588dad85b9e885f3b3e2a34b567e9acbf3568e6b5a3fbd23567984e6c39d6a8a,"he was listed last night in critical but stable condition at kings county hospital center , police said .",588dad85b9e885f3b3e2a34b567e9acbf3568e6b5a3fbd23567984e6c39d6a8a,1392,sentence2,24
7d1b8dd965117cb60a8e3b74cd260cb6e5cc690ba63f4eb91b65ebb3d2d6a408,n korea ' fires 100 shells ' into the sea,7d1b8dd965117cb60a8e3b74cd260cb6e5cc690ba63f4eb91b65ebb3d2d6a408,1397,sentence1,18
d8771a8206d77276ed27bebb046d4851fd94a39566edc1491e3c711184e1e213,travel ; make a tour of a place,d8771a8206d77276ed27bebb046d4851fd94a39566edc1491e3c711184e1e213,1398,sentence1,11
7eba5fee88bd7f6a18721de048c3eee232ece27b6e95cb6a102f319e1812f06f,The brown dog is spotting a black dog lying in the dry field,7eba5fee88bd7f6a18721de048c3eee232ece27b6e95cb6a102f319e1812f06f,1400,sentence1,16
d8cdf8d421a69c6ef37859c4650578c54dbb1ab6eca855bb54145ad69e0c1b47,it tells you that it is connected to a positive battery terminal .,d8cdf8d421a69c6ef37859c4650578c54dbb1ab6eca855bb54145ad69e0c1b47,1401,sentence2,16
7cbfb1cfea3f45e73c593e43a1489b52074b38e991a52e0f006edc7b01eff9b2,interpret something that is written or printed ;,7cbfb1cfea3f45e73c593e43a1489b52074b38e991a52e0f006edc7b01eff9b2,1404,sentence1,9
466a517d60c45a35b09893efeb26aee2921422509f5d53dbe07d79ca5b5c162a,the most prestigious prize in fashion,466a517d60c45a35b09893efeb26aee2921422509f5d53dbe07d79ca5b5c162a,1406,sentence2,7
ac257e89381911c1dffa42af1158c2fbd2a2e65972df070ce06885c5c42bb8ba,in the garden : camellias ready for a cold snap,ac257e89381911c1dffa42af1158c2fbd2a2e65972df070ce06885c5c42bb8ba,1407,sentence2,15
bb9a40c7def72a829df0e0812c6b33a708b83c1c52805d83579c05d319ffa9f7,one such benefit is a military member who has a spouse is eligible for either base housing or additional pay to help provide a place to live for that spouse .,bb9a40c7def72a829df0e0812c6b33a708b83c1c52805d83579c05d319ffa9f7,1409,sentence1,35
e58b45a9f05ff6e3ba5394f1658fb5342093c70b5c825456c3d729b82dfe4951,A woman on a boulder is lying on a blanket and reading a book,e58b45a9f05ff6e3ba5394f1658fb5342093c70b5c825456c3d729b82dfe4951,1409,sentence2,17
d24f7a52497579665d957cf90f766fca5b91e7d85ecd97be71ccad6a5bc02dd9,"Two-state solution between Palestinians, Israel pie in sky",d24f7a52497579665d957cf90f766fca5b91e7d85ecd97be71ccad6a5bc02dd9,1410,sentence2,12
08e91fb174fcf5586c45fe4c1d29e60c3d1040b35d429e46a6f2e763ff87ec21,an operation that groups items according to specific criteria,08e91fb174fcf5586c45fe4c1d29e60c3d1040b35d429e46a6f2e763ff87ec21,1412,sentence2,9
8b147d952b50f0c9acc2d5c2af558f80fb1879a13847fe51092bdf170af5f3dc,A woman is playing with two young boys at a park,8b147d952b50f0c9acc2d5c2af558f80fb1879a13847fe51092bdf170af5f3dc,1414,sentence1,12
54b0ce6b9f091fed470be381e3f02bf419361fa78e2eab26da0f1b075dc08b6f,a man with a messenger bag in front of a gray tile wall .,54b0ce6b9f091fed470be381e3f02bf419361fa78e2eab26da0f1b075dc08b6f,1415,sentence1,18
073b35b5273c604651741bad841c02afc692f46abab95b57f4e769bfc89bcc1f,terminal 1 and 2 are connected to the negtive terminal of the battery,073b35b5273c604651741bad841c02afc692f46abab95b57f4e769bfc89bcc1f,1417,sentence2,14
3d9d9280331649c5ead3140b3b1257b92da8187bb5ade25ad2c655f25677363a,"and if that ain 't a democrat , then i must be in the wrong meeting , "" he said to thunderous applause from his supporters .",3d9d9280331649c5ead3140b3b1257b92da8187bb5ade25ad2c655f25677363a,1418,sentence1,42
267b57fd7ef6517bb4d6efa30780d9bb901b2ba5743ecc9b883dce30beb39fba,malaysia airlines plane crashes on ukraine-russia border,267b57fd7ef6517bb4d6efa30780d9bb901b2ba5743ecc9b883dce30beb39fba,1418,sentence2,15
0f91d22c741e34bf1e7393c1569cd876becd404d106f6b10dee242f5dc18049e,A toddler is not riding a plastic scooter toy,0f91d22c741e34bf1e7393c1569cd876becd404d106f6b10dee242f5dc18049e,1419,sentence1,11
66f368fcae3dca5a776f54085c63d8197f29a94f1cdca52d41f557434412fed4,be incompatible ; be or come into conflict .,66f368fcae3dca5a776f54085c63d8197f29a94f1cdca52d41f557434412fed4,1421,sentence1,12
2bf7b32567a86ca04dc3ebf3d3be95407c18ac3eb8283b38b435e8bfa5def6d3,baby boomers getting tech savvy :,2bf7b32567a86ca04dc3ebf3d3be95407c18ac3eb8283b38b435e8bfa5def6d3,1422,sentence1,9
6f21d557427c46f298d59593a281b334f3191c6a56b02272bb33533983804994,the man cut up an onion .,6f21d557427c46f298d59593a281b334f3191c6a56b02272bb33533983804994,1422,sentence2,8
9b0428519f5bf77f7c323cc7b0c335bf62e901fa18e531d1e6426f52f1fca387,"this frame contains verbs and nouns that communicate the act of a speaker to address a message to some addressee using language. a number of the words can be used performatively , such as declare and insist .",9b0428519f5bf77f7c323cc7b0c335bf62e901fa18e531d1e6426f52f1fca387,1423,sentence1,51
79c9d0ca7f2d3ebde85cf1dba9427a8511ad4e947f1a6e46553526136b021522,The band isn't singing,79c9d0ca7f2d3ebde85cf1dba9427a8511ad4e947f1a6e46553526136b021522,1423,sentence2,7
5014d279bc3c5d865bbe058ae086914f39d558feddec6bdab5ba515e150ff934,"obama , gun policy and the n.r.a .",5014d279bc3c5d865bbe058ae086914f39d558feddec6bdab5ba515e150ff934,1425,sentence2,19
b32151006ffb1d4f1618f0b4eca424490b267fbe5dcfd8aad2cf8df60d92e166,The man is sitting indoors,b32151006ffb1d4f1618f0b4eca424490b267fbe5dcfd8aad2cf8df60d92e166,1426,sentence2,6
10458e729a4ef64b86f243e64de826bfb8b1772c74774d874e6f9cf51d12b561,syrian war seen dragging on for years,10458e729a4ef64b86f243e64de826bfb8b1772c74774d874e6f9cf51d12b561,1427,sentence1,11
e9f788e997ad41d3396301b30f3f4ca01fbc3f39e276abc075cc5e8fe678472c,the lady sang into the microphone .,e9f788e997ad41d3396301b30f3f4ca01fbc3f39e276abc075cc5e8fe678472c,1427,sentence2,8
9c08723b464008d0945abf3bbac4db6de89bc53feff781d8dfd18b2111270610,indonesia anti-terror squad kills two suspected militants,9c08723b464008d0945abf3bbac4db6de89bc53feff781d8dfd18b2111270610,1429,sentence2,17
9eb0a74b3bccb24bbc8b3b9d0581f98edcb488184f932d849b93a24b7484a8fc,"the technology-laced nasdaq composite index dipped 0.08 of a point to 1,646 .",9eb0a74b3bccb24bbc8b3b9d0581f98edcb488184f932d849b93a24b7484a8fc,1430,sentence1,29
214bb690977aabffcec722170c5d37e2466ad2a633833ad32d5135afeefdba17,The woman is not cooking something,214bb690977aabffcec722170c5d37e2466ad2a633833ad32d5135afeefdba17,1430,sentence2,6
a1f465b4e322e00759d80b753b451b6ef47902e99e73c1b5827eadac7478f759,"20 killed , 44 injured in philippine road accident",a1f465b4e322e00759d80b753b451b6ef47902e99e73c1b5827eadac7478f759,1431,sentence1,14
8350e261bb06b8b5e35e0fe7bce3c5e75a04af7e0b3a1934e2a1050e708f3b94,A person is performing a card trick,8350e261bb06b8b5e35e0fe7bce3c5e75a04af7e0b3a1934e2a1050e708f3b94,1431,sentence2,8
b043297a36f00c70fe3e1c9d652ec1c49c848eb0e5c10efc87dc96c543241103,former british pm margaret thatcher dies at 87,b043297a36f00c70fe3e1c9d652ec1c49c848eb0e5c10efc87dc96c543241103,1433,sentence1,17
e7c75ed0a8c63afdf2bf9faa2873a4b48a84149dc06764a51a08f72f1fb509e9,There is a older man near a window.,e7c75ed0a8c63afdf2bf9faa2873a4b48a84149dc06764a51a08f72f1fb509e9,1433,sentence2,11
29b7f98a029b01c794baaf7c1b313b5c82ce5c23acc6b7d7a85ce49a66605134,"9 killed , 168 injured in latest cairo clashes",29b7f98a029b01c794baaf7c1b313b5c82ce5c23acc6b7d7a85ce49a66605134,1436,sentence2,16
2b803d0e50804cb6ad137ffec1bb4c73a108fe7ae5a76efbfbf15b42685bbc0d,the united states and other nato members have refused ratify the amended treaty until russia completely withdraws from moldova and georgia .,2b803d0e50804cb6ad137ffec1bb4c73a108fe7ae5a76efbfbf15b42685bbc0d,1437,sentence2,35
cb27b2d2000f41e27f193c02e9f671c2ca2159cbe219dc9ee3f154e4a471f88a,a staff of 30 specialists will conduct research and training on cyber warfare .,cb27b2d2000f41e27f193c02e9f671c2ca2159cbe219dc9ee3f154e4a471f88a,1439,sentence1,16
2cb5b8a30d70ac63aa7936ac3ddd043e544abd579a3ea195d551b4f0e3c9fa07,queen pays tribute to nelson mandela,2cb5b8a30d70ac63aa7936ac3ddd043e544abd579a3ea195d551b4f0e3c9fa07,1439,sentence2,11
686a1f4d403ebcc7263e743282b7f1188103cf1851b28e2d2047274a5eecd233,The person is flying through the air on a bicycle,686a1f4d403ebcc7263e743282b7f1188103cf1851b28e2d2047274a5eecd233,1440,sentence1,11
7488b4d53d498a72c091cb2ec3bd3c1a3cef7e6d33b17b19d8a11486b7b03902,"A dog, which is white, is standing on fallen leaves",7488b4d53d498a72c091cb2ec3bd3c1a3cef7e6d33b17b19d8a11486b7b03902,1440,sentence2,12
31575a85582e610069cc469063dd53e2cdd76411658d0c79ab7c0dc849f43212,"for instance , a events schedule at an exhibition is sometimes called a program .",31575a85582e610069cc469063dd53e2cdd76411658d0c79ab7c0dc849f43212,1447,sentence2,19
425b892bc06c3bac7ee2610c133f6327884204fc9ce049b20131180d335afd64,a man guts a fish .,425b892bc06c3bac7ee2610c133f6327884204fc9ce049b20131180d335afd64,1448,sentence2,10
b9be73ba32de78f969887b35c670e847780a8aa07fd70755856a4d711b50665c,poll : cory booker takes early lead for n.j. senate,b9be73ba32de78f969887b35c670e847780a8aa07fd70755856a4d711b50665c,1449,sentence1,20
5808c232e80687f73bda2bd1669da84871e84244aa18715ac09faa007e46a4e1,The dog is not playing with a plastic container,5808c232e80687f73bda2bd1669da84871e84244aa18715ac09faa007e46a4e1,1450,sentence1,10
cc828ed7bf93a1553ec90f0064bfd58a23d4072d2a85db25f69fd2ed00b2abdd,a standard or typical example ;,cc828ed7bf93a1553ec90f0064bfd58a23d4072d2a85db25f69fd2ed00b2abdd,1451,sentence2,8
5e5f71678fa24fcfb91bd8646da4f5eb9fcb0283f4d59738225a3632fdd216fc,"russia , china concerned about israeli airstrikes in syria",5e5f71678fa24fcfb91bd8646da4f5eb9fcb0283f4d59738225a3632fdd216fc,1453,sentence1,21
8d7f730e4f1aad31563f7b1fc9117b71ed1fce59d559377024a40938de870b3a,an approximated amount of something,8d7f730e4f1aad31563f7b1fc9117b71ed1fce59d559377024a40938de870b3a,1453,sentence2,6
682dd9ec42a4d25c56f71dddeaf11a68a9a27ddab2569dbd3c791e45d9b5e8a8,the plight of the atlanta falcons,682dd9ec42a4d25c56f71dddeaf11a68a9a27ddab2569dbd3c791e45d9b5e8a8,1454,sentence2,11
85e3416b5e76ca5531d7d52ac745db1e4dce0c76a11a0196fb97c46e393d9f5d,"the spatial , geometric contour of an object",85e3416b5e76ca5531d7d52ac745db1e4dce0c76a11a0196fb97c46e393d9f5d,1456,sentence1,9
13b617fc43a522431860a21566eb0282355bd73e00da59e5ba55b64f2b2c9188,a person cuts a big green pepper apart .,13b617fc43a522431860a21566eb0282355bd73e00da59e5ba55b64f2b2c9188,1459,sentence1,12
8484e09f2a30ea171b17fbe204cd0c38c14e1d89132f855723c89f76584b6b30,a state of being relaxed and feeling no pain .,8484e09f2a30ea171b17fbe204cd0c38c14e1d89132f855723c89f76584b6b30,1462,sentence1,12
a5aa073d4a5abfb3b306696fd12b7283a77124e15bde41875e089386574da3ae,Former plant chief who battled Fukushima disaster dies of cancer,a5aa073d4a5abfb3b306696fd12b7283a77124e15bde41875e089386574da3ae,1462,sentence2,16
d14a654131612e455add458ac0128f78b970ca544f8f02ef7d20176625d5c10e,13 killed in afgan terror attack,d14a654131612e455add458ac0128f78b970ca544f8f02ef7d20176625d5c10e,1463,sentence2,9
50bf7728463aae0ecf324d0051337f725a97b27d8c8e043ab69856f36fe53769,A man is erasing some figures,50bf7728463aae0ecf324d0051337f725a97b27d8c8e043ab69856f36fe53769,1464,sentence1,9
75678df41fc7de803087a43dde90217e5744b82f48e8cc520699b1934e6a0cd8,staff writers brandon formby and colleen mccain nelson contributed to this report .,75678df41fc7de803087a43dde90217e5744b82f48e8cc520699b1934e6a0cd8,1465,sentence1,24
563d376e97a0956a4ff9865dfb6161d153a6375341ef8a64df92cd236f363316,"he urged employees to "" avoid complacency "" and to "" change old habits and seriously rethink business-as-usual . """,563d376e97a0956a4ff9865dfb6161d153a6375341ef8a64df92cd236f363316,1469,sentence2,33
86044b4cfc6abeef64146c503f2467f256963b11e1cfe33e0392c87b73fc9005,"second comes hp ( 27 percent with $ 2.9 billion , up just 0.4 percent ) .",86044b4cfc6abeef64146c503f2467f256963b11e1cfe33e0392c87b73fc9005,1470,sentence1,24
796c2f82395a63b1a4883a1defb01f95f301191697d648ab451288e564ab18ec,a restraint that checks the motion of something .,796c2f82395a63b1a4883a1defb01f95f301191697d648ab451288e564ab18ec,1470,sentence2,13
6205c3f850b0d00f0a5ae6f0f76b1cb9266bf4521adfe90ef948edd52ba4e9d2,A woman is cracking eggs into a bowl,6205c3f850b0d00f0a5ae6f0f76b1cb9266bf4521adfe90ef948edd52ba4e9d2,1471,sentence1,10
e5e61595f9e18c79e62b933d913a938be7f14f64afae6427ba814953d097c170,draw from specific cases for more general cases .,e5e61595f9e18c79e62b933d913a938be7f14f64afae6427ba814953d097c170,1472,sentence2,10
7a173a2c253959a8d7b8fd95d4c1169a7be18e51143b0e771de3df8fadf6a5ad,The brown horse is near a red barrel at the rodeo,7a173a2c253959a8d7b8fd95d4c1169a7be18e51143b0e771de3df8fadf6a5ad,1473,sentence1,14
c8877ab5fb267a78326cb9ce09cb968b5359a72236885dea99f161c73f71479f,make ( undue ) claims of owning .,c8877ab5fb267a78326cb9ce09cb968b5359a72236885dea99f161c73f71479f,1474,sentence2,13
d6d902b3c3d2094144ed5981258bc9deb8cf4cdeeb05b3290d6be39990493774,Eyeshadow is being put on by a woman,d6d902b3c3d2094144ed5981258bc9deb8cf4cdeeb05b3290d6be39990493774,1475,sentence1,10
986e28c3b027e14b301e29b8f760d7d9ed443489fc90335b7bfa9ceefcf4afca,The man is cautiously feeding a mouse to the snake,986e28c3b027e14b301e29b8f760d7d9ed443489fc90335b7bfa9ceefcf4afca,1476,sentence1,12
b2e83b99dc8289d87461073da527b718c57677fbc418051a95d4b1d7f7924fce,the trait of being active ; moving or acting rapidly and energetically .,b2e83b99dc8289d87461073da527b718c57677fbc418051a95d4b1d7f7924fce,1477,sentence2,16
f7c199b0c28ab50ad4edf3303773533275d307499402e683d1d3a43cbf3f5b4b,( cause to ) become less tense ; rest or take one 's ease .,f7c199b0c28ab50ad4edf3303773533275d307499402e683d1d3a43cbf3f5b4b,1480,sentence1,22
099b99935cb773e525d577f17539e93c697f89aca195a5574dc7fbf52e7d5f96,russia ' alone ' in blaming syrian rebels for chemical attack : us,099b99935cb773e525d577f17539e93c697f89aca195a5574dc7fbf52e7d5f96,1480,sentence2,24
da64f7f48044c652028fc1070cecfc3bc12f8f6d6bdf910716630bfbaf024cb9,The man in a hat suited for cowboys is walking through a market and is putting a hand in his pocket,da64f7f48044c652028fc1070cecfc3bc12f8f6d6bdf910716630bfbaf024cb9,1483,sentence2,29
1319b0a20fa07cb279fafaf7bcf5cf338dfeff12208e7be59d62f769599a3f70,Recent work in model systems and acute myelogenous leukemia has suggested that expression of MCL-1 is a key determinant of resistance to ABT-737,1319b0a20fa07cb279fafaf7bcf5cf338dfeff12208e7be59d62f769599a3f70,1485,sentence1,37
4516466208acd292239f9006d97c7b517fa5259c207aedfa8a46a8b49671f9ac,"make accessible to some action , influence , or condition",4516466208acd292239f9006d97c7b517fa5259c207aedfa8a46a8b49671f9ac,1486,sentence1,12
17defb6b30c72ccd48a9e2cd74dc772893601bdd67848ad88198e6681fedacae,the introductory portion of a story,17defb6b30c72ccd48a9e2cd74dc772893601bdd67848ad88198e6681fedacae,1487,sentence2,8
f626fc833ee9d042ebe801e006c7eac84c1815be5d593024649a238f74dd2611,pass through the esophagus,f626fc833ee9d042ebe801e006c7eac84c1815be5d593024649a238f74dd2611,1488,sentence2,9
7347ba61165061ffee88c0fb06d3e797e49d071eef7d409eeb4d8711fa1ef2ce,devries did make one stop in town wednesday - registering as a sex offender at the soledad police department .,7347ba61165061ffee88c0fb06d3e797e49d071eef7d409eeb4d8711fa1ef2ce,1489,sentence1,33
2484407e01a889bba320966f232bd17aa02c1eeb530cbe602e90f2c68a57bfd8,A man is on a rock high above some trees and is standing in an uncomfortable position,2484407e01a889bba320966f232bd17aa02c1eeb530cbe602e90f2c68a57bfd8,1492,sentence1,18
744112e4fc7f43375f71df9d1d7341d2c7586cdc6e1d99a6e1e4ae8d5efbd32f,bp sells some gulf of mexico assets for $ 5.55 bil,744112e4fc7f43375f71df9d1d7341d2c7586cdc6e1d99a6e1e4ae8d5efbd32f,1493,sentence1,20
a50e0d396d0857056de3acf1afb6c8f36a99dba724998a5c96d6579fc713d575,"a man wearing a t-shirt that says "" gigolo "" stands at the counter talking to someone .",a50e0d396d0857056de3acf1afb6c8f36a99dba724998a5c96d6579fc713d575,1494,sentence1,27
f8e52b1ae40a54889616fc533f2272b1037306ff39a4f35c6488c83cc2546eca,a woman is playing a game with a man .,f8e52b1ae40a54889616fc533f2272b1037306ff39a4f35c6488c83cc2546eca,1494,sentence2,14
aa6bb5f2679f30e30218685b8f188399185cd2da7487466c87ffb8c0babbac3a,"two individuals , the subordinate and the superior have a relationship such that the subordinate generally follows orders given by the superior and has the best interests of the superior in mind .",aa6bb5f2679f30e30218685b8f188399185cd2da7487466c87ffb8c0babbac3a,1496,sentence1,38
ddc0894898343d19f387a7f0a23fab7a596b6feb14ce86ca0ddc5f050d611477,The in vivo data is still preliminary and other potential roadblocks such as drug resistance have not been examined.,ddc0894898343d19f387a7f0a23fab7a596b6feb14ce86ca0ddc5f050d611477,1499,sentence1,24
ba578544874e210e7599ab71dc0ee78a8da303cb38555538064e45bf92411850,i hate bloated spending .,ba578544874e210e7599ab71dc0ee78a8da303cb38555538064e45bf92411850,1500,sentence2,9
d96e8dede39f8e5a0d30f5b308843e869df8457a0d8ba0165f6397191124e089,kabul bank heads sentenced for corruption,d96e8dede39f8e5a0d30f5b308843e869df8457a0d8ba0165f6397191124e089,1501,sentence1,9
81e3df35abc7e7056053e1f35a0528e022f7e55d440083641f6e123ea169f420,the seagull is floating on the water .,81e3df35abc7e7056053e1f35a0528e022f7e55d440083641f6e123ea169f420,1503,sentence2,11
23b9b797f7b84bdf32552b6615b3761773ec42f079624434f10d8fc71ad528ee,A golden retriever is not running,23b9b797f7b84bdf32552b6615b3761773ec42f079624434f10d8fc71ad528ee,1504,sentence1,7
68bfde1a4aef36e4d424ddc72042222d8e0fad169af999d9cb2c5f06222d5708,juror : sandusky appeared to accept his fate,68bfde1a4aef36e4d424ddc72042222d8e0fad169af999d9cb2c5f06222d5708,1504,sentence2,14
8e9dc2a7271a677f86ce4285915b31f814f9b2ad3596831f0e2c3a21c0dc4c42,mexican singer jenni rivera believed killed in plane crash,8e9dc2a7271a677f86ce4285915b31f814f9b2ad3596831f0e2c3a21c0dc4c42,1505,sentence1,16
5bad18f760ec28dff067d796183453dfa237c1aeb4396c06cf930779094e0cec,bulbs b and c are still in closed paths with the battery,5bad18f760ec28dff067d796183453dfa237c1aeb4396c06cf930779094e0cec,1506,sentence1,14
e5d86dcd285ddc2aa63b82aa23e1d172b96b243b2616d03b5d4e77c9febf1d98,"omg , "" einstein didn 't go to college . """,e5d86dcd285ddc2aa63b82aa23e1d172b96b243b2616d03b5d4e77c9febf1d98,1507,sentence1,19
8f90009a55565abe116e6c36fe84d43a9e0eee8ba5a849d85a5725cce34f3740,"no , a tent will not give you any protection from bears that want what 's inside .",8f90009a55565abe116e6c36fe84d43a9e0eee8ba5a849d85a5725cce34f3740,1507,sentence2,24
5998f8fdd19e886546cea5b63ddc636fd9da02ff37dc0b1d626c770e22160b1b,"ah ha , ha , ha , ha , ha !",5998f8fdd19e886546cea5b63ddc636fd9da02ff37dc0b1d626c770e22160b1b,1508,sentence2,18
21dd97c0eefc706c4ae9d086d8bcb95cf236d392c1a0892e75838153830c1f02,"Two toddlers are eating corndogs in a wagon, which is really small",21dd97c0eefc706c4ae9d086d8bcb95cf236d392c1a0892e75838153830c1f02,1509,sentence1,17
206d2d838f7242b26d4f776f541b023cf88f76c8b1c7478ddd71d1bb178f5178,to put down by force or authority .,206d2d838f7242b26d4f776f541b023cf88f76c8b1c7478ddd71d1bb178f5178,1510,sentence1,9
86517897a2e36cb7d31b8938da3abb99cf564ae6a1b094e72f2cf88351da218b,"@ nickfun , has anyone heard from dutchy ?",86517897a2e36cb7d31b8938da3abb99cf564ae6a1b094e72f2cf88351da218b,1511,sentence1,16
b62a535d45663500067416e54b1195f22091f5e18cc3e674782d18ab8ea2fcfd,"later , the other two houses fell at odds as well .",b62a535d45663500067416e54b1195f22091f5e18cc3e674782d18ab8ea2fcfd,1512,sentence2,14
902ec75e5a1d63826360708969a9d855194adcf51a6d3b0e67948fc78b687dcd,A rainbow afghan is being held by a girl in gold and purple,902ec75e5a1d63826360708969a9d855194adcf51a6d3b0e67948fc78b687dcd,1513,sentence2,17
f48c9b40671f5e864810d35f0171ce99f97c3edb0b9480604c89302622c9d4b0,"life under islamist militants - broken limbs , torn lives in northern mali",f48c9b40671f5e864810d35f0171ce99f97c3edb0b9480604c89302622c9d4b0,1514,sentence1,23
b5d887176a6d96f8e69d7f1c89e6a35136d9c7a3ab66630debf6bfbff9f0ebb2,"The player in purple, white and black is not playing near the end of the field",b5d887176a6d96f8e69d7f1c89e6a35136d9c7a3ab66630debf6bfbff9f0ebb2,1516,sentence1,17
e41cbe19050d4073ce142a68832418762ea024a0908a3190c9d7bb4d201bd1c2,labour 's 50p tax rate : what you need to know,e41cbe19050d4073ce142a68832418762ea024a0908a3190c9d7bb4d201bd1c2,1517,sentence1,15
71627db37ca64779e4a3d7d65bfc9da81f48cce1d7025c72c43c2d97b2425a66,obama praises mandela ' inspiration',71627db37ca64779e4a3d7d65bfc9da81f48cce1d7025c72c43c2d97b2425a66,1517,sentence2,14
52cd8bf3e7785441d5ebcd69de26586d6a51f25fb77f4a6e78b8740188cf6bb1,it is of our duty of continuing press latvia on the question of the integration of the russian population .,52cd8bf3e7785441d5ebcd69de26586d6a51f25fb77f4a6e78b8740188cf6bb1,1518,sentence1,25
4390964bf47a40208a3ab2e1a0165ebcf79b4c45ded7f763e7fcd778e8422af1,it makes absolutely no difference .,4390964bf47a40208a3ab2e1a0165ebcf79b4c45ded7f763e7fcd778e8422af1,1518,sentence2,7
f73c235266f42c291127027dc34260696b13a9189a5898fb92e2d578af18b249,"give oneself entirely to a specific person , activity , or cause .",f73c235266f42c291127027dc34260696b13a9189a5898fb92e2d578af18b249,1519,sentence1,18
910b70b3d7addca58140a2ca2c0f908169480c85aab653ae4d99278c699460cc,"manuel and his group entered the us the same way thousands of people do every day , by walking across the bridge between matamoros and brownsville .",910b70b3d7addca58140a2ca2c0f908169480c85aab653ae4d99278c699460cc,1519,sentence2,33
b7bd498fcb3e62f13270cf65ea02ead2ea2ee79811dc63a20fdc9e4e98942714,Rollerbladers are running in formation down a hill,b7bd498fcb3e62f13270cf65ea02ead2ea2ee79811dc63a20fdc9e4e98942714,1520,sentence1,12
3d39efc741daefa85a7a7ba5e4e265e76f99314442f97aa5d9156741e6e3ee90,the successful action of solving a problem .,3d39efc741daefa85a7a7ba5e4e265e76f99314442f97aa5d9156741e6e3ee90,1520,sentence2,10
d84c9abb3c64ed0b2cf7ebb05977e714b4ef114bd34f439db28f7d619045ef85,The court's three-judge tribunal was expected to give its verdict next February.,d84c9abb3c64ed0b2cf7ebb05977e714b4ef114bd34f439db28f7d619045ef85,1521,sentence1,18
bd419f5e70ca2aacb1fad2d35d3120498285c26e461bdbf3abd86e20a617b690,you have to decide what you want to get out of this .,bd419f5e70ca2aacb1fad2d35d3120498285c26e461bdbf3abd86e20a617b690,1522,sentence2,14
c60bb54ebcc8eb8a5da6da0dc9c32a90b6dc3c10e942969593c941f15e275472,"news of terrorism and the israeli-palestinian conflict ( january 22 ‚ äď 28 , 2014 )",c60bb54ebcc8eb8a5da6da0dc9c32a90b6dc3c10e942969593c941f15e275472,1523,sentence2,31
c557ea4a2d74638fb591afa788e06c5d30e1508a30546816691e561f7ab44563,democracy is a threat to liberty .,c557ea4a2d74638fb591afa788e06c5d30e1508a30546816691e561f7ab44563,1524,sentence2,9
0274086e1469555f41d453c52fb785e1841b0fa1586ef9a8739a13a46deaccab,the act of applying force to propel something .,0274086e1469555f41d453c52fb785e1841b0fa1586ef9a8739a13a46deaccab,1525,sentence1,10
3e964fe7cc21dec04fe60ea02819ebac03404c43e419a4cce161adb7584b6204,"larry page says android important , not critical",3e964fe7cc21dec04fe60ea02819ebac03404c43e419a4cce161adb7584b6204,1526,sentence1,11
08d473805ab05966eda1e06f9cd06af114e1fe705b5131d2b01e4a33d98e1d28,I did this one time as well.,08d473805ab05966eda1e06f9cd06af114e1fe705b5131d2b01e4a33d98e1d28,1528,sentence2,8
6fa622560f4a9fca50f81a175c2947e5473ecade3aadd7da86ed1d4bc4e0c466,Fish is being fried by a woman,6fa622560f4a9fca50f81a175c2947e5473ecade3aadd7da86ed1d4bc4e0c466,1529,sentence1,9
4925a4961d03d2da34b2308bfd2cc35f8c76f59d87dde4d910098767f0020c4d,bulbs a and c are still in closed paths,4925a4961d03d2da34b2308bfd2cc35f8c76f59d87dde4d910098767f0020c4d,1529,sentence2,11
fb50c18c62e7bc986a1234fd524d37f8f4263067eca6f2124349c1f3cf92d87c,the method takes much less time than naive methods .,fb50c18c62e7bc986a1234fd524d37f8f4263067eca6f2124349c1f3cf92d87c,1530,sentence1,14
33b832e3d827b85c1097cb276ad9af3e59c52cde2bd8be579b6170d0d6321961,other separate unfortunately because of an accumulated resentment .,33b832e3d827b85c1097cb276ad9af3e59c52cde2bd8be579b6170d0d6321961,1530,sentence2,14
94cec0bcf900f949adf9b6845742d6e71c13b2db160047bd9b65ebc1ffc0ebf3,the positive battery terminal and terminal 1 are not connected,94cec0bcf900f949adf9b6845742d6e71c13b2db160047bd9b65ebc1ffc0ebf3,1531,sentence1,10
4053164d5b3ef2b55b333e07a33d51e7bba23e32ea5c72f4171b6cf200f5cfdf,the essence or gist of something,4053164d5b3ef2b55b333e07a33d51e7bba23e32ea5c72f4171b6cf200f5cfdf,1531,sentence2,8
13dd7eb7442f9499b2fd2f74067651e915558ef99b6f0c9d1adbc37ccb8c7863,A woman is shooting at target practice,13dd7eb7442f9499b2fd2f74067651e915558ef99b6f0c9d1adbc37ccb8c7863,1532,sentence1,7
e9c8ef42a59708cfb4cae7ca4ed3171c5e221f58a0ca2cec09a841f0f987e313,bulb a is on a closed circut path,e9c8ef42a59708cfb4cae7ca4ed3171c5e221f58a0ca2cec09a841f0f987e313,1534,sentence1,12
2df3ab1359dba8327e39ee38431e24cb8956759adcdab7f10dfe6bdfb589d20d,the government has provided £ 14 billion to protect the deposits of 2.6 million savers of bradford & bingleys .,2df3ab1359dba8327e39ee38431e24cb8956759adcdab7f10dfe6bdfb589d20d,1535,sentence2,31
8d25951dd26bb3098ce834cf88c875beda0e60d636308cf52800e80f2eebda39,because it was connected to the positive side .,8d25951dd26bb3098ce834cf88c875beda0e60d636308cf52800e80f2eebda39,1539,sentence1,10
8d567717e74e86e533bc9b9db32ccd3b7129d0ab9c3444295dfe9a7b9cf25ecc,the power of user reviews - wielded for good or evil ? nytimes : swarming a book online,8d567717e74e86e533bc9b9db32ccd3b7129d0ab9c3444295dfe9a7b9cf25ecc,1540,sentence1,32
76be93ce81580b3b7d8bbc0c8963c0786c54cfad630a4df51fd61593b816ee38,us drone in pakistan kills 10 suspected militants,76be93ce81580b3b7d8bbc0c8963c0786c54cfad630a4df51fd61593b816ee38,1540,sentence2,13
608ddc72cdc48ae20dcb0456e485832fbf008fe6a76c3fb05f523dd1d6c708b1,this frame describes a situation in which an owner loses his or her possession. the owner may have failed to keep ownership of their possession ( i.e. robbery or gambling ) or may have unintentionally misplaced their possession .,608ddc72cdc48ae20dcb0456e485832fbf008fe6a76c3fb05f523dd1d6c708b1,1541,sentence2,56
38d43ef6563173cd5a99a4bae5c8b42011a3050cf84cf78e43d6fce0de9197ab,online courses need human element to educate,38d43ef6563173cd5a99a4bae5c8b42011a3050cf84cf78e43d6fce0de9197ab,1542,sentence2,7
852612cc457cd70a4d1bd36269c663a2867e44eb122a8edca92109006e129fb6,warship sets sail for falklands,852612cc457cd70a4d1bd36269c663a2867e44eb122a8edca92109006e129fb6,1543,sentence1,8
5c9e027088fa10e7007b059b33a49d34664aa2eac81a93dc826b61e4fe508746,this regulation opens the door to the arbitrary .,5c9e027088fa10e7007b059b33a49d34664aa2eac81a93dc826b61e4fe508746,1546,sentence1,11
083af5d8b6f7641642742094037d6ae12ca4d4ec93b785e047ae8b8426ea61e8,A person is doing a trick with some cards,083af5d8b6f7641642742094037d6ae12ca4d4ec93b785e047ae8b8426ea61e8,1546,sentence2,10
ae4988f316abf392696fe40a9f0f1b1276f7d779c58f6c1341a332d410050076,6.6 quake rocks indonesia 's papua : usgs,ae4988f316abf392696fe40a9f0f1b1276f7d779c58f6c1341a332d410050076,1547,sentence1,24
5d1150b3dbda37024166066090c100dd1215c291acdcba752600e75289fef563,"several florida officials connected to the case have received threatening letters , accompanied by rifle bullets .",5d1150b3dbda37024166066090c100dd1215c291acdcba752600e75289fef563,1548,sentence1,24
150fb75610682f3caa05265ac342508514cbf3292605f7ac9577d83e9673dd98,us coast guard suspends search for missing british sailors,150fb75610682f3caa05265ac342508514cbf3292605f7ac9577d83e9673dd98,1548,sentence2,13
f69f5bddbb98ec2f11f7457839f3af79eb70b8433926a6ac85f8665c5570057c,put up with something or someone unpleasant ; show deference towards someone or some authority .,f69f5bddbb98ec2f11f7457839f3af79eb70b8433926a6ac85f8665c5570057c,1549,sentence2,19
78387cd730397e1df608d9be4456af3482896a399b48e077a955fa628dd4d673,Oil rises after Greek election result,78387cd730397e1df608d9be4456af3482896a399b48e077a955fa628dd4d673,1550,sentence1,7
7f66bf69b8d7f79974ee04a61595ea895cd11522f3bcf95cffd2647d1947a618,the day immediately before today .,7f66bf69b8d7f79974ee04a61595ea895cd11522f3bcf95cffd2647d1947a618,1550,sentence2,7
7943fb381424683a04710a36eb17971e97afc3332b81f74b9e9fc52786816c5b,smog cloud blankets beijing,7943fb381424683a04710a36eb17971e97afc3332b81f74b9e9fc52786816c5b,1551,sentence1,9
dfae9ff4da24ab10afae93aee4ba9924336251effee4e927fae38dc7ae2e373e,the act of choosing or selecting .,dfae9ff4da24ab10afae93aee4ba9924336251effee4e927fae38dc7ae2e373e,1555,sentence1,8
0d3cbec0aec3e4c899656fc68096d334ffeb22b70a02e3edf70809a03cc3950a,A cat is walking away from some corn,0d3cbec0aec3e4c899656fc68096d334ffeb22b70a02e3edf70809a03cc3950a,1556,sentence1,8
e6b55519cb80424ae459861fdce637e99c8df7d450a2922a3fdffb01086aec79,the supercolle to walk on the walls .,e6b55519cb80424ae459861fdce637e99c8df7d450a2922a3fdffb01086aec79,1559,sentence1,11
fab650c5946d365a1932aea99074e54895ed8b8e3a0996ddfaabeec73635f1bb,apps to help you ski : via ny times,fab650c5946d365a1932aea99074e54895ed8b8e3a0996ddfaabeec73635f1bb,1561,sentence1,12
43e04b54efd7681d7ff66b0a12171ae659ef12c1d567dde20ca2d12dadd4654b,the address where a person or organization can be communicated with .,43e04b54efd7681d7ff66b0a12171ae659ef12c1d567dde20ca2d12dadd4654b,1561,sentence2,15
a7a4fd40efd2457692233ff6a13291d91ca78460eb3d40a58202c4ffb4384a96,Rolling Stones add second Hyde Park date,a7a4fd40efd2457692233ff6a13291d91ca78460eb3d40a58202c4ffb4384a96,1562,sentence2,10
00fe02870ceca8645d7c56c2420358955d7ea841c7211277c9659aad73387d87,expel or eject ( saliva or phlegm or sputum ) from the mouth .,00fe02870ceca8645d7c56c2420358955d7ea841c7211277c9659aad73387d87,1565,sentence1,26
564087a6acbd426c6d573507c093407622073461c24045aceb96c4ad0e24552c,gain points in a game ; add up ( numbers ),564087a6acbd426c6d573507c093407622073461c24045aceb96c4ad0e24552c,1565,sentence2,14
ca0443f3e15c22d5136ccc0f9878749db20e1304b9b05442f41810824a7bd52a,the ability of computers to exchange digital information between them and make use of it,ca0443f3e15c22d5136ccc0f9878749db20e1304b9b05442f41810824a7bd52a,1566,sentence1,15
433a75427ebaca096deb2f6fe619d5c08c6aad26de7bbf7e45f7b027feb0361c,it depends on how the term is used i think .,433a75427ebaca096deb2f6fe619d5c08c6aad26de7bbf7e45f7b027feb0361c,1566,sentence2,13
dc29fdaf564b68df986a4e959a727f96e3fb46b2948625a337ab7020632c2fce,i 'll have another retired to stud,dc29fdaf564b68df986a4e959a727f96e3fb46b2948625a337ab7020632c2fce,1567,sentence1,11
55e0f9732339b4f79325379c6ad40e320dccea6cc8bf92db2bafb6433e2331ee,house-senate deal reached on payroll tax measure,55e0f9732339b4f79325379c6ad40e320dccea6cc8bf92db2bafb6433e2331ee,1568,sentence2,11
39a3d007058279830d5c20db055eaa3229fcbb4f7f44c86142c6b92f87f4c135,searching for or buying goods or services .,39a3d007058279830d5c20db055eaa3229fcbb4f7f44c86142c6b92f87f4c135,1569,sentence1,9
57538abcfbc531721030f66212160a4ad3fb3c75942186d91283fe55c488b925,pakistan wants arms supply to syrian sides stopped,57538abcfbc531721030f66212160a4ad3fb3c75942186d91283fe55c488b925,1569,sentence2,14
0a813db00f2aa257ca617e7dd1565d09f3f2d90771034825289d306ba5c4db68,bangladesh factory owners arrested,0a813db00f2aa257ca617e7dd1565d09f3f2d90771034825289d306ba5c4db68,1572,sentence1,7
7590c7dda64b03cb84bc5e24869a1147f228edf29d4c5dfc27ff48a616d363e4,A man eats popcorn while watching cartoons late one night.,7590c7dda64b03cb84bc5e24869a1147f228edf29d4c5dfc27ff48a616d363e4,1573,sentence2,14
b6dafe0fa3a295d9023ff6fdafb35780d385689f89cdb7d08155498ada3f4025,The furry brown dog is not running through the grassy area,b6dafe0fa3a295d9023ff6fdafb35780d385689f89cdb7d08155498ada3f4025,1576,sentence1,13
8a0a9cf995cb9ee333d00e52ec0e29453167a6b7375def942e9edf221dfef70f,A sea turtle is not hunting for fish,8a0a9cf995cb9ee333d00e52ec0e29453167a6b7375def942e9edf221dfef70f,1578,sentence1,8
cc7713e2a5f5fb1ee814bdbaa7fb3f75b18a8f03ade4894dac3817a5c1b5d4dc,One witness told Anatolian he saw the plane on fire while it was still in the air.,cc7713e2a5f5fb1ee814bdbaa7fb3f75b18a8f03ade4894dac3817a5c1b5d4dc,1579,sentence2,21
c1c728e478d919d3e37fbf4906b624626daa72dc970b73f62e0835ffb889c846,the path followed by an object moving through space .,c1c728e478d919d3e37fbf4906b624626daa72dc970b73f62e0835ffb889c846,1580,sentence2,11
2c01a53dbb3f67fcf98d380be6fa58f4c9632b319020feebb12c348c3e278a29,syrian opposition confirms participation in peace talks,2c01a53dbb3f67fcf98d380be6fa58f4c9632b319020feebb12c348c3e278a29,1581,sentence1,11
7e5f167204f83ac95f6c1e13155c5170b76bd7ed09cdedbef7afbac490235fb3,venezuelan president to visit china,7e5f167204f83ac95f6c1e13155c5170b76bd7ed09cdedbef7afbac490235fb3,1581,sentence2,9
96ebd43f7ce865222daa43b34b40700521f25f258552fac424049878642b43ef,it is highly unlikely that we 're made out of stuff from only one star .,96ebd43f7ce865222daa43b34b40700521f25f258552fac424049878642b43ef,1585,sentence2,19
78823f075ab9663bb4dc7c97d28a9fbdcc6976d09d4e673942ca8d80f78153ce,hunt or shoot snipe .,78823f075ab9663bb4dc7c97d28a9fbdcc6976d09d4e673942ca8d80f78153ce,1586,sentence1,8
cdc376233a755b57753efe4b324e2df64a3641a465472f48975ae313b920706e,we were talking about women as war bounty were we not ?,cdc376233a755b57753efe4b324e2df64a3641a465472f48975ae313b920706e,1586,sentence2,13
2c74b377eb371b090f45ee478924b3913bbf8e81dc8ae5bf9da158a831b199b6,mauritanian president shot by army unit,2c74b377eb371b090f45ee478924b3913bbf8e81dc8ae5bf9da158a831b199b6,1587,sentence2,10
d6709616eb7c51760be49b974ee90d8b2a82e4be2d4ed47b97415e9ce1b6d5dd,move in a group or flock,d6709616eb7c51760be49b974ee90d8b2a82e4be2d4ed47b97415e9ce1b6d5dd,1591,sentence1,7
2413e8173e115820808f37d40d30917688a5eccab700111af0c92fbf299f0b7f,"strike or hit sharply , perhaps as in sport .",2413e8173e115820808f37d40d30917688a5eccab700111af0c92fbf299f0b7f,1592,sentence1,13
16787db5b918127af9412da6f55e5b41d68184166c49677a874d3c852a067cd7,"alhart said the governor "" remains hopeful that the city will continue to work with us and engage in good-faith discussions . """,16787db5b918127af9412da6f55e5b41d68184166c49677a874d3c852a067cd7,1593,sentence1,28
7bd1a1894713d3d468f567d94b039e4f80e0f069fa9114b319decee0522b19d9,an entity can bear a great outer force so as to resist destruction and damage .,7bd1a1894713d3d468f567d94b039e4f80e0f069fa9114b319decee0522b19d9,1594,sentence1,18
3e1584cac3300a4b6bc695a8d720e07ef045bc4a0b4f977ad154180772da1fea,the back of a sign with stickers on .,3e1584cac3300a4b6bc695a8d720e07ef045bc4a0b4f977ad154180772da1fea,1595,sentence1,11
f8b5a94c211e6082d4e963d77c77bd628f37c78fc2e61aafa7291d587be48244,i can hear the desperation in your words .,f8b5a94c211e6082d4e963d77c77bd628f37c78fc2e61aafa7291d587be48244,1597,sentence2,13
88e1ff80d4d3bc8e9a03d512c68fccda3e7d189b7a4eed60449340a98ccd44cc,telstra applies to list china site in ny,88e1ff80d4d3bc8e9a03d512c68fccda3e7d189b7a4eed60449340a98ccd44cc,1598,sentence1,12
c42fda5b4dce0e5d8f93e5570e2e0323fb8db08143bae304975a92d845de515f,Israel confirms strike on Syria targeted weapons,c42fda5b4dce0e5d8f93e5570e2e0323fb8db08143bae304975a92d845de515f,1598,sentence2,8
9aacce30073c18430478048bf9bff360ba48eecfd1e91bf5fb63971b34b3dfdb,george zimmerman verdict propels cable news into talkradio mode,9aacce30073c18430478048bf9bff360ba48eecfd1e91bf5fb63971b34b3dfdb,1599,sentence2,16
8cbe81ca6275c34b3803fa9da9fbfb39c4474838be86200b4cb3c50ed5444407,a visual characterization of something,8cbe81ca6275c34b3803fa9da9fbfb39c4474838be86200b4cb3c50ed5444407,1600,sentence1,7
a9f511a582537b47995cfa7b5f4951dc76382a2a7b78b1fbb17798631bcc4d61,photos show n. korea nuclear readiness,a9f511a582537b47995cfa7b5f4951dc76382a2a7b78b1fbb17798631bcc4d61,1600,sentence2,11
d26f8855c1c6a929b821156561a45a5909d0f9d64afdb42259b28510c5a04b63,a friend who is frequently in the company of another .,d26f8855c1c6a929b821156561a45a5909d0f9d64afdb42259b28510c5a04b63,1603,sentence2,13
1e413c03195c2abec90a2251973dd053eff4ef5a9375d932e3d359b36dbe5398,allen responds to farrow 's abuse claims in letter,1e413c03195c2abec90a2251973dd053eff4ef5a9375d932e3d359b36dbe5398,1604,sentence2,13
418ab12d07d47aa7586b98896425a5b310ded8e08568938acb2d33999156334d,Someone is stirring chili in a pot,418ab12d07d47aa7586b98896425a5b310ded8e08568938acb2d33999156334d,1606,sentence2,8
d9d7b4c6920dbea14b279d157a390bf7cae9429bc306247857b1517c2e09e8af,a method for solving a problem,d9d7b4c6920dbea14b279d157a390bf7cae9429bc306247857b1517c2e09e8af,1607,sentence1,8
34ffa9e8f8d0e707a060f793e58b3d7fff5b517bfe706fdd1e24c02c0758f3d9,"You may want it, but the process given to you is what you have to work within.",34ffa9e8f8d0e707a060f793e58b3d7fff5b517bfe706fdd1e24c02c0758f3d9,1607,sentence2,19
c8e61a7c6e0c8a73830d3ca22b72cd8afa1c04fd988d6f11b73116443c2bef31,to incline or bend from a vertical position .,c8e61a7c6e0c8a73830d3ca22b72cd8afa1c04fd988d6f11b73116443c2bef31,1608,sentence1,13
29d83cbfdb8e5bc324ef2c9472466ce50e390d06e92491bad3aab90d994a8efd,It's a good idea.,29d83cbfdb8e5bc324ef2c9472466ce50e390d06e92491bad3aab90d994a8efd,1610,sentence1,8
981c0f99f0b993d8d67ea5f5835dae08f12b1f9624e7368ed6d5da12a88c0c64,switzerland 's trade and diplomatic relations with the islamic republic have been criticized in recent months after foreign minister micheline calmy-rey traveled to tehran in march 2008 to sign a gas deal .,981c0f99f0b993d8d67ea5f5835dae08f12b1f9624e7368ed6d5da12a88c0c64,1612,sentence1,53
e0376d4abff3bc3282b9bdab583d18a34e4495eade7f02937cdd706927217d99,syria 's tenuous truce takes hold,e0376d4abff3bc3282b9bdab583d18a34e4495eade7f02937cdd706927217d99,1612,sentence2,15
b5783bdd7facdc6aca3c83fd6e8e6ab8c0a290bcc45313f41f5e78255545e3b7,this man can sing better than some big names who will be at the grammy awards geechee dan plays the 42nd street subway,b5783bdd7facdc6aca3c83fd6e8e6ab8c0a290bcc45313f41f5e78255545e3b7,1613,sentence1,30
abc79eeadab2254b87ffe9cfcdf413c14eff59a81d6cee92f4a2378333d33b09,draw in and expel air through lungs .,abc79eeadab2254b87ffe9cfcdf413c14eff59a81d6cee92f4a2378333d33b09,1614,sentence2,11
673fc23a325ab72b34ac75a4cf83175f8f3f192ccb6329449bb257843fe58825,iran ' thwarts nuclear sabotage attempts',673fc23a325ab72b34ac75a4cf83175f8f3f192ccb6329449bb257843fe58825,1615,sentence2,17
ea2499f1c7bace879b77a738dd22aa6d26aee6518e74013156fe971d1ec3b5e4,in this frame an ingestor takes a substance into his or her body. the delivery _ device can appear as a direct object .,ea2499f1c7bace879b77a738dd22aa6d26aee6518e74013156fe971d1ec3b5e4,1616,sentence1,32
55de81c832a475d1d4928984221e1f4d58635d8b19ddedec5b649a76cd7a9de1,image of manti te ? o becomes puzzle as theories swirl,55de81c832a475d1d4928984221e1f4d58635d8b19ddedec5b649a76cd7a9de1,1616,sentence2,17
7b3228f76b18d8c3cb7b110a1958fc135f839d03b08352a833276c7ae86f4d0c,ryanair reports record profits but warns growth likely to slow this year,7b3228f76b18d8c3cb7b110a1958fc135f839d03b08352a833276c7ae86f4d0c,1617,sentence1,16
e98b3e78cc059c18f7bcf1a5542aae8f5e9c51b676dda4ec79a457b751fea25d,singapore stocks end up 0.37 pct,e98b3e78cc059c18f7bcf1a5542aae8f5e9c51b676dda4ec79a457b751fea25d,1617,sentence2,12
2aa6f1db23c17b634c441deb702963208b2f8260032b051de5d768db7ae6068a,apply conditioner to in order to make smooth and shiny .,2aa6f1db23c17b634c441deb702963208b2f8260032b051de5d768db7ae6068a,1620,sentence2,12
f524d6d51a4717120f94209f013b9fb328fea8406e84af7769b0f16fdb047374,there are 2 paths in this diagram,f524d6d51a4717120f94209f013b9fb328fea8406e84af7769b0f16fdb047374,1621,sentence2,7
caa2fcb28d62cf6be567b5192de930717c05b6e3b132d81016d904a66ad703cf,turn on or around an axis or a center .,caa2fcb28d62cf6be567b5192de930717c05b6e3b132d81016d904a66ad703cf,1622,sentence1,14
549fe811ecfc7328b673d3fd925201cd9939476c3d5306c3d5cc834245489025,this whole process must reflect what the bee does to avoid other bees .,549fe811ecfc7328b673d3fd925201cd9939476c3d5306c3d5cc834245489025,1624,sentence2,18
0014ed3183ee959710d6439ec9ccaeb1945fb6549344305c9a0498883eb4b4b0,us-russia reach agreement on syria weapons,0014ed3183ee959710d6439ec9ccaeb1945fb6549344305c9a0498883eb4b4b0,1625,sentence1,13
da368b35a303377c551b662e9b869d0f221acf4562e1409dbe0c7746e1c51b7d,israel expands subsidies to settlements,da368b35a303377c551b662e9b869d0f221acf4562e1409dbe0c7746e1c51b7d,1625,sentence2,8
d4404136779c5c0e30b745998c13f95e1ba09b67e2d8d40d38b0efdf6f001825,to cause to become quiet,d4404136779c5c0e30b745998c13f95e1ba09b67e2d8d40d38b0efdf6f001825,1626,sentence1,5
abe677dd588c672b62746e9abfecbfbf34764f7862885ba60e117bb98e1698e7,all eyes on capriles as venezuela election set,abe677dd588c672b62746e9abfecbfbf34764f7862885ba60e117bb98e1698e7,1629,sentence1,14
2037fcaf7854da7f1e66003f4a0a4571a28f09e5c99a595f04330f3aa9f22afd,puerto rican arrested for production of child pornography,2037fcaf7854da7f1e66003f4a0a4571a28f09e5c99a595f04330f3aa9f22afd,1629,sentence2,14
2635bcf27c43e936eddee5c84ade21b741eac97c50d7ba358417d38622cf5596,A person is not slicing some onions,2635bcf27c43e936eddee5c84ade21b741eac97c50d7ba358417d38622cf5596,1631,sentence2,10
a3a71be1edd3def4e774fb988271937b291091ac910eb2e3e4cf396d5fec08ae,impress or affect deeply ( emotionally ) .,a3a71be1edd3def4e774fb988271937b291091ac910eb2e3e4cf396d5fec08ae,1632,sentence1,10
ad36bd2e11b04dbda801ce8c58543844fcdebcb4efed92ec4c4cf1cf5d09a853,"nations unified by shared interests , history or institutions",ad36bd2e11b04dbda801ce8c58543844fcdebcb4efed92ec4c4cf1cf5d09a853,1633,sentence1,11
df9aa481ea62bf49b86335e2720fcec7cc69a734e92fc3bf85cd56ae3c942943,bulbs a and c are contained in different paths with the battery,df9aa481ea62bf49b86335e2720fcec7cc69a734e92fc3bf85cd56ae3c942943,1634,sentence2,14
570def43c9e99236a616c9e5ebba69d469c0462dd03ebbbeda3b069b407088d0,the definition of term depends on the application .,570def43c9e99236a616c9e5ebba69d469c0462dd03ebbbeda3b069b407088d0,1639,sentence1,10
94bd1024f376c77728cf1243a787feac26aeb1915637c26d0b55ce2386ad01ad,"in situations like these , i tend to lengthen out the phrase .",94bd1024f376c77728cf1243a787feac26aeb1915637c26d0b55ce2386ad01ad,1639,sentence2,17
d9a773f12cd98d88a6bb9c5aac8bd93a0e389867c9fa71d06b9f05a952a588dc,it was then appointed a working party to make the necessary changes to policies of public spending and tax policies .,d9a773f12cd98d88a6bb9c5aac8bd93a0e389867c9fa71d06b9f05a952a588dc,1641,sentence2,23
5fdce060988dd08f6faafab8d8784b371d1443ed73cd2f7f0f6b2684732ca352,trial date set for egypt 's muslim brotherhood chief,5fdce060988dd08f6faafab8d8784b371d1443ed73cd2f7f0f6b2684732ca352,1643,sentence2,19
99e11e2fdb209e3d17320bc7031f217ca9904eda9ba0362fd73507bdda277240,the act of pulling a load,99e11e2fdb209e3d17320bc7031f217ca9904eda9ba0362fd73507bdda277240,1645,sentence1,7
18528ce3bbae8c0582fb59c840c84d9c894c7bb7dde4958799961378afc535f6,"i 've narrowed it down to god , gays and guns .",18528ce3bbae8c0582fb59c840c84d9c894c7bb7dde4958799961378afc535f6,1647,sentence1,20
18465aa3df4aad753da665ed045bbaee50a88c5f9f7cf9fdad99b51367c60054,eye of the tiger we are all vessels filled with many wonders .,18465aa3df4aad753da665ed045bbaee50a88c5f9f7cf9fdad99b51367c60054,1647,sentence2,17
04ae6b198adb672bc0e0cbef0c9371d509f4ee947a2ee2d0034dc8f1ca8dca07,free of noise or uproar ; or making little if any sound ;,04ae6b198adb672bc0e0cbef0c9371d509f4ee947a2ee2d0034dc8f1ca8dca07,1650,sentence1,17
f4469816de7bd1236bdd49aa55bd60adb1be72f8127279b5150591d9ddc75cac,property values : what you get for ... $ 1.6 million,f4469816de7bd1236bdd49aa55bd60adb1be72f8127279b5150591d9ddc75cac,1654,sentence1,14
afef727367f47e3ddd1a3ee5f8a3e77aab9ee7f066a285d8354aba226ca48494,"( cause to ) make a dry crackling sound , possibly by mixing .",afef727367f47e3ddd1a3ee5f8a3e77aab9ee7f066a285d8354aba226ca48494,1656,sentence1,19
6a5b59488800d8ac24d84bd464b065d818e22036339d17b768cd48a7b93b3046,"man , you socialists / progressives really are lost .",6a5b59488800d8ac24d84bd464b065d818e22036339d17b768cd48a7b93b3046,1657,sentence2,15
2b42fd8bd99eb971532db59f4d0ce10de0558fcc810830258f4ffa9ec8814dae,"but foremost he is not a career politician as his profession is actually an academic one , partly in the us where he also studied .",2b42fd8bd99eb971532db59f4d0ce10de0558fcc810830258f4ffa9ec8814dae,1664,sentence1,31
3dc07a8bb3be13c587f08f26d0904797f2d22183680ebb84f73f700459c432a6,put a coat on ; cover the surface of ; furnish with a surface .,3dc07a8bb3be13c587f08f26d0904797f2d22183680ebb84f73f700459c432a6,1665,sentence2,20
4774552623d61b5fe9a16e176d6622672eb4d1bfaf360924464f901a8a9e460b,"cast off , get rid of something",4774552623d61b5fe9a16e176d6622672eb4d1bfaf360924464f901a8a9e460b,1667,sentence2,8
c5fbcb3e0469dd6a4fd7b184e0564428216f0bd966fb5d979aa24ae5a384a4cc,mediator apologizes to syrians for lack of peace progress,c5fbcb3e0469dd6a4fd7b184e0564428216f0bd966fb5d979aa24ae5a384a4cc,1671,sentence1,14
58c3f8d3b75975db57d0539e7fd3bb67480a4d783a10063ccd8f4234387fea1e,"two-state solution between palestinians , israel pie in sky",58c3f8d3b75975db57d0539e7fd3bb67480a4d783a10063ccd8f4234387fea1e,1671,sentence2,16
77459080b27c41876b66ca04d0fb5eb41fb21a144344f1e7cee57523b4b3fd59,"the act of allowing , bestowing something",77459080b27c41876b66ca04d0fb5eb41fb21a144344f1e7cee57523b4b3fd59,1672,sentence2,10
707b0b9cbbd20f3e5dfc3090a970ccac18c8387e7cba413d831c083d2bf07fc6,the bulb is not in the closed path containing the battery,707b0b9cbbd20f3e5dfc3090a970ccac18c8387e7cba413d831c083d2bf07fc6,1674,sentence1,12
f79a64e39987f1286bccce4fe502a2c986d87f1c8c3430a25cfc7e2ae50ce273,"z stalked him down , then shot him .",f79a64e39987f1286bccce4fe502a2c986d87f1c8c3430a25cfc7e2ae50ce273,1676,sentence1,14
22bd7b6d21a31d75932ecfe07f66b1b6694af2107839de24eb4ef28dcc824308,both bulbs a and c still have a closed path,22bd7b6d21a31d75932ecfe07f66b1b6694af2107839de24eb4ef28dcc824308,1677,sentence1,13
7c203bd262dab60ca682f89231b158f8080577b7668be389d89ddb4515e62395,a small light tan dog is running past a large brown dog standing in the grass .,7c203bd262dab60ca682f89231b158f8080577b7668be389d89ddb4515e62395,1678,sentence2,22
bb0ef370aa73bc2065af85bdc81316bc4d4db1b15ac3ae67c239c86e9f387407,the czech market is in comparison with other very specific .,bb0ef370aa73bc2065af85bdc81316bc4d4db1b15ac3ae67c239c86e9f387407,1679,sentence1,15
e1a4681d35b1a079b8dbb3b6cf6c53c592030ec3387e0e74f04d29b24d2c149a,It rather depends on which country you're in.,e1a4681d35b1a079b8dbb3b6cf6c53c592030ec3387e0e74f04d29b24d2c149a,1679,sentence2,11
623f487180ec3c4a96a27525f146670abd4a52cf59e1e6c9bb689ee9d1e0bb58,hamas hangs three gaza prisoners,623f487180ec3c4a96a27525f146670abd4a52cf59e1e6c9bb689ee9d1e0bb58,1682,sentence2,10
11fecd5bfec084ee9feb6a7f5e922b20fb88229cc09711784190005e6e33de70,terminal 5 is separated by a gap from the negative battery terminal,11fecd5bfec084ee9feb6a7f5e922b20fb88229cc09711784190005e6e33de70,1688,sentence2,13
1d52a31fb0707612c0431deb09312c6a1a6d27d715265cf8303572e95736f952,a ceremony marking admission into a religious community .,1d52a31fb0707612c0431deb09312c6a1a6d27d715265cf8303572e95736f952,1690,sentence2,12
d251a8a19eeb6b4abc88392b19b456b29c1ed7e8ff51bc00159bd580040dcca1,provoke or stir up .,d251a8a19eeb6b4abc88392b19b456b29c1ed7e8ff51bc00159bd580040dcca1,1692,sentence1,6
19791470132f84ecf078ae02652857b19645d819c5bd5a9877ff7e96ffb330be,the remains of something that has been destroyed or broken up .,19791470132f84ecf078ae02652857b19645d819c5bd5a9877ff7e96ffb330be,1696,sentence1,13
1105b283d9f1669618370a59220a47728dbab248b50ddad5e18a426d85ddc087,"shrivel , wither , or mature imperfectly , as of a flower .",1105b283d9f1669618370a59220a47728dbab248b50ddad5e18a426d85ddc087,1696,sentence2,22
3833f5de10956fef3f647cf5389fb70b2311d674eb9ba8e76fe576477b9b621c,estimate or calculate the numerical value of something,3833f5de10956fef3f647cf5389fb70b2311d674eb9ba8e76fe576477b9b621c,1698,sentence1,8
ba4ce295f4fa204a94a5b5e247c257fa857ddaa0e914efa6c633c7fe45d483a5,There is no dog jumping at a shiny blue soccer ball in a field of dry leaves,ba4ce295f4fa204a94a5b5e247c257fa857ddaa0e914efa6c633c7fe45d483a5,1699,sentence2,19
589b182a1f2db4aab8ec9e21a27186edfcd596011d0ea7ae06b9fed06cda854a,decide how much is to be paid on an insurance claim .,589b182a1f2db4aab8ec9e21a27186edfcd596011d0ea7ae06b9fed06cda854a,1703,sentence2,13
2e5b89a450901d422ce5ba24f57fea3f4e3c54525712e974541a6ac149d6f064,"to interrupt , enter uninvited",2e5b89a450901d422ce5ba24f57fea3f4e3c54525712e974541a6ac149d6f064,1707,sentence1,9
0874cc9a8129e26c20cc888d947c8a950a5cf155dc4d018ff960592cbe19d18d,the woman is cutting cooked octopus .,0874cc9a8129e26c20cc888d947c8a950a5cf155dc4d018ff960592cbe19d18d,1710,sentence2,12
7d3027a04292a826ca0ea21434588a56898ead479a6dcae24865e1054e6e2e15,Someone is not stirring chili in a kettle,7d3027a04292a826ca0ea21434588a56898ead479a6dcae24865e1054e6e2e15,1711,sentence1,9
6584aa0abfa0f2a93385959fc2a6f8e85cafa5cbe15d471de3419dfdfdcbd2b0,Someone is slicing a tomato,6584aa0abfa0f2a93385959fc2a6f8e85cafa5cbe15d471de3419dfdfdcbd2b0,1714,sentence2,9
c1b0709420b779bcad95f70c56c70746cf2683760099c3c9bcf0e46a8236497c,"well , whatever , you 're aware of it now .",c1b0709420b779bcad95f70c56c70746cf2683760099c3c9bcf0e46a8236497c,1715,sentence1,16
0b589fc5a5199046e77032e4b7c53b33d6217fd1cd6a8c3321430f747b2da416,123 killed in fighting in northern Syria,0b589fc5a5199046e77032e4b7c53b33d6217fd1cd6a8c3321430f747b2da416,1717,sentence2,8
1b23fefece3b891a57c37f271f275d893cf9fbe24b5b82ed5ed0e021bbeacbea,a committee having supervisory powers ;,1b23fefece3b891a57c37f271f275d893cf9fbe24b5b82ed5ed0e021bbeacbea,1718,sentence1,9
df2b74d7416c3621dbf71a86c2f3df7b3358d75f34b220e5d7873d95cac96cde,There is no milk being drunk by a cat,df2b74d7416c3621dbf71a86c2f3df7b3358d75f34b220e5d7873d95cac96cde,1720,sentence1,10
81eb8c634731a2983d8674ae06afe01efa7671dc25c47e10622c99de287a508a,bulbs a and c are not contained in the same closed path .,81eb8c634731a2983d8674ae06afe01efa7671dc25c47e10622c99de287a508a,1721,sentence2,16
0e182e8d98d49c58c906968500fcec2364f88e5ab13b6fb68f2f45afe847e9c9,Sweden recognizes Palestinian state,0e182e8d98d49c58c906968500fcec2364f88e5ab13b6fb68f2f45afe847e9c9,1723,sentence2,5
f8dcb6fc91bf0dc64522cc422b2f26a93817e18e3ba6e83e91acb15ccdf95e22,A person is passionately playing a guitar in front of an audience,f8dcb6fc91bf0dc64522cc422b2f26a93817e18e3ba6e83e91acb15ccdf95e22,1725,sentence2,14
1d07906b79395fd374f753a4b8c0878f782637bf202a230a26a73305f9d44260,obama must prove himself on palestine : nytimes : netanyahu issues veiled barb in response to criticism from obama,1d07906b79395fd374f753a4b8c0878f782637bf202a230a26a73305f9d44260,1726,sentence1,39
b7bad0b2a52472f7c60f3051a49fd56aea84ffe1b5f5a263ba0fb4f165e7e894,israel frees second group of palestinian prisoners,b7bad0b2a52472f7c60f3051a49fd56aea84ffe1b5f5a263ba0fb4f165e7e894,1729,sentence2,11
37cb7fa9d4067674edebfeeaae88bdb5d9a30b5690473931ac99791419dea25b,British soldier killed in southern Afghanistan,37cb7fa9d4067674edebfeeaae88bdb5d9a30b5690473931ac99791419dea25b,1732,sentence2,6
679795f51337555f4829df386e2b3c8c125901e8d8cc882ab30766cdcbe7d2ed,north korea warns foreigners in south to evacuate,679795f51337555f4829df386e2b3c8c125901e8d8cc882ab30766cdcbe7d2ed,1733,sentence2,13
ab659c99d3290dd088b99bd5215315e57cdcc4782c7bb227b56553630464e032,obama voices willingness to talk with gop on budget,ab659c99d3290dd088b99bd5215315e57cdcc4782c7bb227b56553630464e032,1738,sentence1,14
28abfffef0d818fa277b98d3c78fcaf76ec22f95c7bcb4033a12cb5486c70e14,cover with a primer base,28abfffef0d818fa277b98d3c78fcaf76ec22f95c7bcb4033a12cb5486c70e14,1741,sentence2,6
4dd586cc399a917888623ea0b87030a05685eface1e01086494aadb4d5837479,A person is not stirring vegetables in a pot,4dd586cc399a917888623ea0b87030a05685eface1e01086494aadb4d5837479,1747,sentence2,10
f55b556119baebecfb307a19985ffe3b35ebe8d209ef1e90150b127f6aa1dd6f,A child in a red outfit is dangerously jumping on a trampoline,f55b556119baebecfb307a19985ffe3b35ebe8d209ef1e90150b127f6aa1dd6f,1749,sentence1,17
19df31550f45e04c47792d5f6948285e64d404b35675cd5f0bea26a31ed4e497,The flute is being played by one man,19df31550f45e04c47792d5f6948285e64d404b35675cd5f0bea26a31ed4e497,1750,sentence2,8
aca2c67f66e1784a94fd0852675b5bed402629a88bb14fe8cfb0c9b8a9f8eb22,bulb terminals 3 and 4,aca2c67f66e1784a94fd0852675b5bed402629a88bb14fe8cfb0c9b8a9f8eb22,1755,sentence1,6
75f3629940c1e5af00d1d8edee1bfeee5471b86e04107cf5a5d5566cc45c51c2,because it has a positive terminal,75f3629940c1e5af00d1d8edee1bfeee5471b86e04107cf5a5d5566cc45c51c2,1758,sentence1,7
cec423dee66886bb40e577cf1299a96a468ea5330c6745c3481c891817e6c0f0,the light bulb must be connected to both sides of the battery and there must be a closed circuit .,cec423dee66886bb40e577cf1299a96a468ea5330c6745c3481c891817e6c0f0,1763,sentence1,22
ea7850d512625a380a8067fbf9dcfada2a752986824ab19c496c13193e6a9500,The rhino is not grazing on the grass,ea7850d512625a380a8067fbf9dcfada2a752986824ab19c496c13193e6a9500,1770,sentence1,10
d2e40742fda182ae09802b21a3485da993502c535d38def0d916bcd34286b0a1,the positive batter terminal does not have a gap from terminal 4,d2e40742fda182ae09802b21a3485da993502c535d38def0d916bcd34286b0a1,1772,sentence2,13
a1a3263197a1be54f8406ad8a0c3a373c1e8e1c3eefc8de82285d4a52179ec65,young girl in riding gear on a horse .,a1a3263197a1be54f8406ad8a0c3a373c1e8e1c3eefc8de82285d4a52179ec65,1776,sentence1,11
4d2795deeb52589285d20e940111511777b24904dd27d5152184bd4d90a9d5e1,It depends how you're stating it.,4d2795deeb52589285d20e940111511777b24904dd27d5152184bd4d90a9d5e1,1778,sentence2,10
fe213464d5490addfdf6a05744f3d49be389047b65ea276583935267cce13031,pakistan condemns us drone strike in miranshah,fe213464d5490addfdf6a05744f3d49be389047b65ea276583935267cce13031,1800,sentence2,14
5b087c4c01dba69b7969e0d2099380b2f877b0a1fdee10f82ac32abd2c6e5ca9,4 nato troops killed in afghanistan,5b087c4c01dba69b7969e0d2099380b2f877b0a1fdee10f82ac32abd2c6e5ca9,1802,sentence2,14
5d16bf01558ba5514a53cf0339b843920d1244441591ccdf52cb59dab8f9f937,turkish riot police tear gas taksim square protest,5d16bf01558ba5514a53cf0339b843920d1244441591ccdf52cb59dab8f9f937,1809,sentence2,16
d55f112760dbd4c9f28764724fe4fcd2416df334f15174e80b7f1b5716a938c5,the difference between the electrical states is 1.5 volts,d55f112760dbd4c9f28764724fe4fcd2416df334f15174e80b7f1b5716a938c5,1817,sentence1,11
9e70957ac394cfd16f1f654198564bd49335cbef0fea5a7de342bd3bffdcf70b,chinese shares close lower wednesday,9e70957ac394cfd16f1f654198564bd49335cbef0fea5a7de342bd3bffdcf70b,1819,sentence1,11
1cb5187920dd8444542f8a284591e14dccef57303cfd197e13e80601cd9699ad,the act of sorting one thing from others .,1cb5187920dd8444542f8a284591e14dccef57303cfd197e13e80601cd9699ad,1832,sentence1,11
c69b4153b7938d0810fdb1e4c30cf4a79536edf1b4371f29d48575bb303fc38c,warned that russia would withdraw from the treaty if western nations refuse to ratify its amended version .,c69b4153b7938d0810fdb1e4c30cf4a79536edf1b4371f29d48575bb303fc38c,1851,sentence1,24
4eb7658ebf7d122e46daab2e04a5ebc00716c8d1b0981da3125bf2ceaabe581c,A woman is not slicing a cucumber,4eb7658ebf7d122e46daab2e04a5ebc00716c8d1b0981da3125bf2ceaabe581c,1853,sentence1,11
cc6f2f1d7ec9156401b363ed1a60cba41c4f209960ec65534e090d842d4350ca,A man is packing a guitar,cc6f2f1d7ec9156401b363ed1a60cba41c4f209960ec65534e090d842d4350ca,1866,sentence2,7
1e07ba92d3a4075a3c61b05bab83d5951767a2bb5d77a997e43827c1c2adc493,a wwii fighter plane with its landing gear down .,1e07ba92d3a4075a3c61b05bab83d5951767a2bb5d77a997e43827c1c2adc493,1867,sentence2,16
0f99e4ab890adeecf2abec5e6167bcccb6b83ea8f009e80848e77bba8ebecefc,us drone strike kills 8 militants,0f99e4ab890adeecf2abec5e6167bcccb6b83ea8f009e80848e77bba8ebecefc,1882,sentence1,8
ed5306c90c22e410b9d827313702f6a578a845106cb93f6250bb39066b498213,A fish is being sliced by a man,ed5306c90c22e410b9d827313702f6a578a845106cb93f6250bb39066b498213,1888,sentence1,10
d99ca3543f66f779ed3f9ab03b12096f660945ff9d16f1eb2e45c87a26c3fabe,A person is stirring vegetables in a pot.,d99ca3543f66f779ed3f9ab03b12096f660945ff9d16f1eb2e45c87a26c3fabe,1891,sentence2,10
455027dae4e2383adb26e4e42ddc2483e816a2f9129da3b8bc079cfcc86cf954,a large bird of prey flying towards the camera .,455027dae4e2383adb26e4e42ddc2483e816a2f9129da3b8bc079cfcc86cf954,1894,sentence2,13
6d3891700bce0399cefb913675afdc64b7962387a2b31be71bf24951a0d8c5dc,The man is not doing a wheelie on a mountain bike,6d3891700bce0399cefb913675afdc64b7962387a2b31be71bf24951a0d8c5dc,1901,sentence1,15
67cbc81feb867fc3678cf9f8e7f67e22e4f42103ca7ed8be217d44b07d645b7d,A woman is putting away carrots,67cbc81feb867fc3678cf9f8e7f67e22e4f42103ca7ed8be217d44b07d645b7d,1909,sentence1,8
18e650f69f45971f1e11d792859d3285e45be61b6d1ad8e5723b8d6b4b7db6cf,The woman is cutting a carrot,18e650f69f45971f1e11d792859d3285e45be61b6d1ad8e5723b8d6b4b7db6cf,1909,sentence2,7
245cd0b5918d19c1b2df2d2b21eb1c472cb7a970664f8aca494b88cd7d23fa3f,Two men are battling,245cd0b5918d19c1b2df2d2b21eb1c472cb7a970664f8aca494b88cd7d23fa3f,1917,sentence2,5
9def0d9debec2e12545d98e64d4f24cc28b50b114a8ecb30d143bfa475e4badc,child sliding in the snow .,9def0d9debec2e12545d98e64d4f24cc28b50b114a8ecb30d143bfa475e4badc,1945,sentence1,7
3d3aa6282110d8bf5b64ae3dab572db655774df65d354f2a828c5a19e5feb32b,The kid is happily sliding in the snow,3d3aa6282110d8bf5b64ae3dab572db655774df65d354f2a828c5a19e5feb32b,1945,sentence2,8
7d54dbeba7bf55b62719c2905d9c0e04b030317ca7af3e2e37cda0b8f537c49f,A man is carving a hole in a piece of wood,7d54dbeba7bf55b62719c2905d9c0e04b030317ca7af3e2e37cda0b8f537c49f,1952,sentence2,13
c49d37924d3c754daf4e622566dccdd7b36f7ca8088b61325d738d3bd889d50f,A man is breaking a slab of concrete with a sledge hammer,c49d37924d3c754daf4e622566dccdd7b36f7ca8088b61325d738d3bd889d50f,1957,sentence2,18
0791f6d143ab7db6cf4d8b7f986bb2108217aa4d90d90fae55095264ec066671,A yellow dog is stopping on white snow on a sunny day,0791f6d143ab7db6cf4d8b7f986bb2108217aa4d90d90fae55095264ec066671,1971,sentence1,13
318451751b54351d674be65808eb8fd4440172c2de69fa4618ede5cf8bfb6df1,A yellow dog is running on white snow on a sunny day,318451751b54351d674be65808eb8fd4440172c2de69fa4618ede5cf8bfb6df1,1971,sentence2,13
3d8734bca4ba34fd4fcf7e9a27cf7215fd1e3de323eba256c0c1de8a64e3277b,A kid wearing a striped shirt is running barefoot on the sandy hill,3d8734bca4ba34fd4fcf7e9a27cf7215fd1e3de323eba256c0c1de8a64e3277b,1974,sentence2,17
90edd779f254a64ce359337bf804ffd2f84e40306143c100a68d1105236019e7,Lawmakers from both sides express outrage at Secret Service,90edd779f254a64ce359337bf804ffd2f84e40306143c100a68d1105236019e7,1998,sentence2,11
