actual_token_length,candidate_dir,candidate_key,candidate_rank,cavg,cmax,coverage_lcb,lambda_star,length,level_0_realizable,level_1_attractor,level_1_gates,level_2_gates,level_2_low_occupancy,occupancy_auc,outlier_rate_ucb,task,token_ids,trigger,worst_position_coverage_lcb
1,validation/prefix/length_01/candidate_00,8363,0,0.15156288335834098,0.15156288335834098,0.963400132697301,1.0,1,True,True,"{'assignment_ari': True, 'cluster_mass': True, 'cluster_persistence': True, 'compactness': True, 'coverage': True, 'outliers': True, 'position_coverage': True, 'realizable': True}","{'lambda_star': False, 'occupancy_auc': False}",False,0.6104503991965148,0.03659986730269902,prefix,8363,diabetes,0.963400132697301
2,validation/prefix/length_02/candidate_01,"10287,30629",1,0.1267072722678467,0.12915156425934607,0.9512500172757237,1.25,2,True,True,"{'assignment_ari': True, 'cluster_mass': True, 'cluster_persistence': True, 'compactness': True, 'coverage': True, 'outliers': True, 'position_coverage': True, 'realizable': True}","{'lambda_star': False, 'occupancy_auc': False}",False,0.41456929153465577,0.04874998272427633,prefix,"10287,30629",terrorist Slovakia,0.9512500172757237
3,validation/prefix/length_03/candidate_00,"10417,15048,31215",0,0.11184641084088,0.11431572220333379,0.9512500172757237,1.75,3,True,True,"{'assignment_ari': True, 'cluster_mass': True, 'cluster_persistence': True, 'compactness': True, 'coverage': True, 'outliers': True, 'position_coverage': True, 'realizable': True}","{'lambda_star': True, 'occupancy_auc': False}",False,0.1620906014642817,0.04874998272427633,prefix,"10417,15048,31215",$100 Bă Timişoara,0.9512500172757237
4,validation/prefix/length_04/candidate_01,"30119,3099,9547,3146",1,0.11144287489282982,0.11144287489282982,0.9503245421397193,1.75,4,True,True,"{'assignment_ari': True, 'cluster_mass': True, 'cluster_persistence': True, 'compactness': True, 'coverage': True, 'outliers': True, 'position_coverage': True, 'realizable': True}","{'lambda_star': True, 'occupancy_auc': False}",False,0.1234876188899669,0.04967545786028076,prefix,"30119,3099,9547,3146",ashamed dabei femei iPhone,0.9503245421397193
5,validation/prefix/length_05/candidate_00,"18142,28950,12772,16675,26874",0,0.09429560046978866,0.09429560046978866,0.9383833494469809,2.0,5,True,True,"{'assignment_ari': True, 'cluster_mass': True, 'cluster_persistence': True, 'compactness': True, 'coverage': True, 'outliers': True, 'position_coverage': True, 'realizable': True}","{'lambda_star': True, 'occupancy_auc': True}",True,0.01674178491666325,0.06161665055301918,prefix,"18142,28950,12772,16675,26874",Songs glitch Results Wish tapping,0.9383833494469809
6,validation/prefix/length_06/candidate_00,"28893,12153,19986,16735,18963,2066",0,0.09186416069959215,0.09186416069959216,0.963400132697301,2.0,6,True,True,"{'assignment_ari': True, 'cluster_mass': True, 'cluster_persistence': True, 'compactness': True, 'coverage': True, 'outliers': True, 'position_coverage': True, 'realizable': True}","{'lambda_star': True, 'occupancy_auc': True}",True,0.007590328759822127,0.03659986730269902,prefix,"28893,12153,19986,16735,18963,2066",Brasov incorrect rude delays equality campaign,0.963400132697301
7,validation/prefix/length_07/candidate_00,"7495,17239,19010,25144,24190,30666,29786",0,0.10440958982551665,0.10440958982551665,0.9671943137202075,1.75,7,True,True,"{'assignment_ari': True, 'cluster_mass': True, 'cluster_persistence': True, 'compactness': True, 'coverage': True, 'outliers': True, 'position_coverage': True, 'realizable': True}","{'lambda_star': True, 'occupancy_auc': False}",False,0.06845841922422861,0.03280568627979253,prefix,"7495,17239,19010,25144,24190,30666,29786",Eli Hydro twitter HOW smoker Karlsruhe pronounce,0.9671943137202075
8,validation/prefix/length_08/candidate_00,"4258,15920,10287,8361,25924,5168,20017,6233",0,0.08873440610485318,0.08873440610485318,0.9457130841559822,2.25,8,True,True,"{'assignment_ari': True, 'cluster_mass': True, 'cluster_persistence': True, 'compactness': True, 'coverage': True, 'outliers': True, 'position_coverage': True, 'realizable': True}","{'lambda_star': True, 'occupancy_auc': True}",True,0.006748034437464173,0.054286915844017826,prefix,"4258,15920,10287,8361,25924,5168,20017,6233",resume PHP terrorist instantly centerpiece hang sandwiches Restaurant,0.9457130841559822
9,validation/prefix/length_09/candidate_00,"17300,10297,16124,22908,22171,21916,21526,2889,19602",0,0.09393007305456626,0.09393007305456626,0.9643457310668194,2.25,9,True,True,"{'assignment_ari': True, 'cluster_mass': True, 'cluster_persistence': True, 'compactness': True, 'coverage': True, 'outliers': True, 'position_coverage': True, 'realizable': True}","{'lambda_star': True, 'occupancy_auc': True}",True,0.009013926826494446,0.035654268933180584,prefix,"17300,10297,16124,22908,22171,21916,21526,2889,19602",ausschließlich Ron delayed Entre explicat treaba carrière damit CNN,0.9643457310668194
10,validation/prefix/length_10/candidate_00,"3382,593,16723,15589,23962,3095,21581,4077,13693,20981",0,0.08452190849998222,0.08452190849998222,0.9558951965197733,2.25,10,True,True,"{'assignment_ari': True, 'cluster_mass': True, 'cluster_persistence': True, 'compactness': True, 'coverage': True, 'outliers': True, 'position_coverage': True, 'realizable': True}","{'lambda_star': True, 'occupancy_auc': True}",True,0.003491652460414408,0.04410480348022669,prefix,"3382,593,16723,15589,23962,3095,21581,4077,13693,20981",guess level refugees Coin adolescents civil Blake (1 frustration specs,0.9558951965197733
11,validation/prefix/length_11/candidate_00,"10318,11958,6479,18008,8147,5626,6783,6763,16565,14221,17523",0,0.08730308393229332,0.08730308393229332,0.9748968034901895,2.25,11,True,True,"{'assignment_ari': True, 'cluster_mass': True, 'cluster_persistence': True, 'compactness': True, 'coverage': True, 'outliers': True, 'position_coverage': True, 'realizable': True}","{'lambda_star': True, 'occupancy_auc': True}",True,0.003871113764554785,0.025103196509810546,prefix,"10318,11958,6479,18008,8147,5626,6783,6763,16565,14221,17523",Java denied Rück editors climb smartphone Prior Print commands SUV grief,0.9748968034901895
12,validation/prefix/length_12/candidate_00,"1083,20380,14532,18144,13569,21272,662,31521,11319,17222,11109,1717",0,0.09569276811859624,0.09569276811859624,0.9710237421216033,2.0,12,True,True,"{'assignment_ari': True, 'cluster_mass': True, 'cluster_persistence': True, 'compactness': True, 'coverage': True, 'outliers': True, 'position_coverage': True, 'realizable': True}","{'lambda_star': True, 'occupancy_auc': True}",True,0.028053592278709894,0.028976257878396763,prefix,"1083,20380,14532,18144,13569,21272,662,31521,11319,17222,11109,1717",currently thru Kennedy hilft viewers Reason four devastated confused sampling crafts blood,0.9710237421216033
13,validation/prefix/length_13/candidate_00,"5563,13753,29523,28948,9544,28878,23370,26149,10884,9387,16340,22560,823",0,0.08537579987664347,0.08537579987664347,0.9710237421216033,2.25,13,True,True,"{'assignment_ari': True, 'cluster_mass': True, 'cluster_persistence': True, 'compactness': True, 'coverage': True, 'outliers': True, 'position_coverage': True, 'realizable': True}","{'lambda_star': True, 'occupancy_auc': True}",True,0.003992650274588983,0.028976257878396763,prefix,"5563,13753,29523,28948,9544,28878,23370,26149,10884,9387,16340,22560,823",ordered Birthday Munte gouvern regards necessities Leeds Adidas minds Block passport relev whether,0.9710237421216033
14,validation/prefix/length_14/candidate_00,"2877,10798,16233,23111,2553,18792,18268,30059,16444,14086,4966,30149,4790,488",0,0.08325897633655972,0.08325897633655972,0.9788259618269866,2.25,14,True,True,"{'assignment_ari': True, 'cluster_mass': True, 'cluster_persistence': True, 'compactness': True, 'coverage': True, 'outliers': True, 'position_coverage': True, 'realizable': True}","{'lambda_star': True, 'occupancy_auc': True}",True,0.0019858207644880476,0.02117403817301347,prefix,"2877,10798,16233,23111,2553,18792,18268,30059,16444,14086,4966,30149,4790,488",cheap Entscheidung Crew Küchen husband Example Pretty astronaut Firmen juridic Dumnezeu seismic houses sunt,0.9788259618269866
15,validation/prefix/length_15/candidate_00,"26549,11107,2284,28090,28408,7545,27566,7872,26348,17925,2070,17119,6782,147,7146",0,0.06608129305137142,0.06608129305137142,0.9383833494469809,2.5,15,True,True,"{'assignment_ari': True, 'cluster_mass': True, 'cluster_persistence': True, 'compactness': True, 'coverage': True, 'outliers': True, 'position_coverage': True, 'realizable': True}","{'lambda_star': True, 'occupancy_auc': True}",True,0.001247443075873107,0.06161665055301918,prefix,"26549,11107,2284,28090,28408,7545,27566,7872,26348,17925,2070,17119,6782,147,7146",problemlos Anyway uses Snapchat Taliban Est autentic Stephen degrab amino Because erhält belt over invitation,0.9383833494469809
16,validation/prefix/length_16/candidate_00,"20692,70,29044,5872,5285,6272,8697,3459,22885,5940,22071,25813,25415,21166,19653,8999",0,0.08288996328761912,0.08288996328761912,0.9671943137202075,2.5,16,True,True,"{'assignment_ari': True, 'cluster_mass': True, 'cluster_persistence': True, 'compactness': True, 'coverage': True, 'outliers': True, 'position_coverage': True, 'realizable': True}","{'lambda_star': True, 'occupancy_auc': True}",True,0.0019388028569535289,0.03280568627979253,prefix,"20692,70,29044,5872,5285,6272,8697,3459,22885,5940,22071,25813,25415,21166,19653,8999",laughing their Optimization treatments tested Ré subsequent interface Nah upload playful Rising mushroom Scientist prevented pregnancy,0.9671943137202075
17,validation/prefix/length_17/candidate_00,"11952,4420,28725,4516,14030,5241,15561,15480,22462,2279,25441,3977,16409,6316,13235,7045,5839",0,0.07842547282625377,0.07842547282625377,0.9549636564540734,2.5,17,True,True,"{'assignment_ari': True, 'cluster_mass': True, 'cluster_persistence': True, 'compactness': True, 'coverage': True, 'outliers': True, 'position_coverage': True, 'realizable': True}","{'lambda_star': True, 'occupancy_auc': True}",True,0.0015994365824981809,0.04503634354592655,prefix,"11952,4420,28725,4516,14030,5241,15561,15480,22462,2279,25441,3977,16409,6316,13235,7045,5839",gesch Key biais theory propriu forced lineup mum firewall reports Iulia died Marg tissue Issue wallpaper none,0.9549636564540734
18,validation/prefix/length_18/candidate_00,"24980,3074,27574,26149,830,5214,5372,28844,26864,24379,28096,28956,3923,7139,13216,14783,23468,8310",0,0.09063041842002946,0.09063041842002946,0.9710237421216033,2.25,18,True,True,"{'assignment_ari': True, 'cluster_mass': True, 'cluster_persistence': True, 'compactness': True, 'coverage': True, 'outliers': True, 'position_coverage': True, 'realizable': True}","{'lambda_star': True, 'occupancy_auc': True}",True,0.006095552066128909,0.028976257878396763,prefix,"24980,3074,27574,26149,830,5214,5372,28844,26864,24379,28096,28956,3923,7139,13216,14783,23468,8310",Handbook lunch interzis Adidas bring Bible rural Promise commis Vlad député batches perfectly Agreement restored longest Automobil alter,0.9710237421216033
19,validation/prefix/length_19/candidate_00,"950,24659,31054,19126,5309,24123,20407,13932,25333,22839,27955,4006,30195,9109,977,31937,27770,20469,29775",0,0.07883543099428708,0.07883543099428708,0.9577623398469581,2.5,19,True,True,"{'assignment_ari': True, 'cluster_mass': True, 'cluster_persistence': True, 'compactness': True, 'coverage': True, 'outliers': True, 'position_coverage': True, 'realizable': True}","{'lambda_star': True, 'occupancy_auc': True}",True,0.0015994365824981809,0.04223766015304191,prefix,"950,24659,31054,19126,5309,24123,20407,13932,25333,22839,27955,4006,30195,9109,977,31937,27770,20469,29775",În femeile Suzanne jungle Thus Immigration robotic contributor genul Maz Eintritt carried pneumonia curat ago Retour hymn Repeat témoign,0.9577623398469581
20,validation/prefix/length_20/candidate_00,"10800,10922,1163,19930,21169,28036,20799,20251,10098,29229,5334,29467,2580,12144,531,4917,9547,18314,14946,19551",0,0.06934512027464589,0.06934512027464589,0.9558951965197733,2.5,20,True,True,"{'assignment_ari': True, 'cluster_mass': True, 'cluster_persistence': True, 'compactness': True, 'coverage': True, 'outliers': True, 'position_coverage': True, 'realizable': True}","{'lambda_star': True, 'occupancy_auc': True}",True,0.001247443075873107,0.04410480348022669,prefix,"10800,10922,1163,19930,21169,28036,20799,20251,10098,29229,5334,29467,2580,12144,531,4917,9547,18314,14946,19551",acele noastra Google useless accidentally Londres preced Comisi Dutch ministries grant Baldwin factors toti Do attorney femei persönlich vais prohibit,0.9558951965197733
21,validation/prefix/length_21/candidate_00,"23872,11013,681,13292,21873,24687,27743,5234,14834,1715,1854,7847,27739,16370,17075,25104,19136,27870,18168,16634,6613",0,0.07832943042577814,0.07832943042577814,0.958698041700973,2.5,21,True,True,"{'assignment_ari': True, 'cluster_mass': True, 'cluster_persistence': True, 'compactness': True, 'coverage': True, 'outliers': True, 'position_coverage': True, 'realizable': True}","{'lambda_star': True, 'occupancy_auc': True}",True,0.0013618978725533713,0.041301958299027004,prefix,"23872,11013,681,13292,21873,24687,27743,5234,14834,1715,1854,7847,27739,16370,17075,25104,19136,27870,18168,16634,6613",kindergarten Rechts industry viagra bewusst simplified instituţii boys 1978 join alle Follow HOT spirits Parent eröffnet implants comedian banned Wright funny,0.958698041700973
22,validation/prefix/length_22/candidate_00,"27975,762,17724,13189,13031,2088,25085,5147,26597,1500,6356,4873,29526,6669,4242,22673,28663,11637,14568,91,25456,1700",0,0.06623250341423319,0.06623250341423319,0.9383833494469809,2.5,22,True,True,"{'assignment_ari': True, 'cluster_mass': True, 'cluster_persistence': True, 'compactness': True, 'coverage': True, 'outliers': True, 'position_coverage': True, 'realizable': True}","{'lambda_star': True, 'occupancy_auc': True}",True,0.001247443075873107,0.06161665055301918,prefix,"27975,762,17724,13189,13031,2088,25085,5147,26597,1500,6356,4873,29526,6669,4242,22673,28663,11637,14568,91,25456,1700",tweeted everything Billy crede Got wasn Poetry formed Philosophy decided hole Mobile comentariu Tier Very Magi titanium Pages attain out Alumni dintre,0.9383833494469809
23,validation/prefix/length_23/candidate_00,"13936,25141,7623,12022,3662,30241,30451,21133,20059,6149,25937,18041,12034,27816,15402,6602,13995,211,14488,1195,10636,18660,21505",0,0.05983405560297067,0.05983405560297067,0.9392966215675361,2.5,23,True,True,"{'assignment_ari': True, 'cluster_mass': True, 'cluster_persistence': True, 'compactness': True, 'coverage': True, 'outliers': True, 'position_coverage': True, 'realizable': True}","{'lambda_star': True, 'occupancy_auc': True}",True,0.001247443075873107,0.0607033784324639,prefix,"13936,25141,7623,12022,3662,30241,30451,21133,20059,6149,25937,18041,12034,27816,15402,6602,13995,211,14488,1195,10636,18660,21505",Different unanimous trash identical advertising activism Lauderdale wasted Directory potentially disconnect Swan Iowa gesund zweite gemeinsam Pos das găsi projects Tel greeting perceive,0.9392966215675361
24,validation/prefix/length_24/candidate_00,"9901,2340,20855,4462,12355,21497,29486,10861,15510,21951,4784,7004,26126,12979,15886,6612,18604,2413,4371,10521,5036,30656,3305,23886",0,0.07190030063829457,0.07190030063829457,0.9643457310668194,2.5,24,True,True,"{'assignment_ari': True, 'cluster_mass': True, 'cluster_persistence': True, 'compactness': True, 'coverage': True, 'outliers': True, 'position_coverage': True, 'realizable': True}","{'lambda_star': True, 'occupancy_auc': True}",True,0.001247443075873107,0.035654268933180584,prefix,"9901,2340,20855,4462,12355,21497,29486,10861,15510,21951,4784,7004,26126,12979,15886,6612,18604,2413,4371,10521,5036,30656,3305,23886",fake motor Hillary crucial diver disappointing persistence voters Moving Digi superior scientists pasture vessels buzz dreams Woman într foods departments spus Correction feed allergy,0.9643457310668194
25,validation/prefix/length_25/candidate_00,"3991,31230,23586,30602,16620,7606,12322,5289,9681,5985,25674,13323,13338,1127,23142,10951,21916,9158,27344,23093,16188,19432,31220,28267,22818",0,0.060372862314283765,0.060372862314283765,0.9615143286982287,2.5,25,True,True,"{'assignment_ari': True, 'cluster_mass': True, 'cluster_persistence': True, 'compactness': True, 'coverage': True, 'outliers': True, 'position_coverage': True, 'realizable': True}","{'lambda_star': True, 'occupancy_auc': True}",True,0.001247443075873107,0.03848567130177131,prefix,"3991,31230,23586,30602,16620,7606,12322,5289,9681,5985,25674,13323,13338,1127,23142,10951,21916,9158,27344,23093,16188,19432,31220,28267,22818",charges matematic superhero malheureusement Pant stability Român Problem condo SE electrician Apart handles solution Cause shorter treaba commence Prison probable mixer cryptocurrency Transformer dargestellt Growing,0.9615143286982287
26,validation/prefix/length_26/candidate_00,"13009,8098,27163,19937,2495,7213,219,11496,1921,3269,14218,3567,2792,17511,3122,15019,19965,19578,23971,19519,13258,4832,3050,13693,21593,21698",0,0.06139602117973505,0.06139602117973505,0.9577623398469581,2.5,26,True,True,"{'assignment_ari': True, 'cluster_mass': True, 'cluster_persistence': True, 'compactness': True, 'coverage': True, 'outliers': True, 'position_coverage': True, 'realizable': True}","{'lambda_star': True, 'occupancy_auc': True}",True,0.001247443075873107,0.04223766015304191,prefix,"13009,8098,27163,19937,2495,7213,219,11496,1921,3269,14218,3567,2792,17511,3122,15019,19965,19578,23971,19519,13258,4832,3050,13693,21593,21698",comprises allerdings Communi Mondial fish terminal auf invested challenge automatically Questions girls Like Publishing serving Literatur quietly Elegant broadly grammar tricks photography smooth frustration pinterest contamination,0.9577623398469581
27,validation/prefix/length_27/candidate_00,"30895,15037,9969,25199,31526,28959,17980,10591,2553,26608,20048,496,4728,12772,26178,31213,28403,6326,1609,23962,19905,28230,22875,8729,24827,11210,5065",0,0.05887632217503418,0.05887632217503418,0.9739238586437183,2.5,27,True,True,"{'assignment_ari': True, 'cluster_mass': True, 'cluster_persistence': True, 'compactness': True, 'coverage': True, 'outliers': True, 'position_coverage': True, 'realizable': True}","{'lambda_star': True, 'occupancy_auc': True}",True,0.001247443075873107,0.026076141356281633,prefix,"30895,15037,9969,25199,31526,28959,17980,10591,2553,26608,20048,496,4728,12772,26178,31213,28403,6326,1609,23962,19905,28230,22875,8729,24827,11210,5065",acronym phenomenon horizontal Crazy Constanța Locksmith Gan Laura husband inconsistent Straf school fell Results Holocaust Pluto nécessité encounter Get adolescents Hag syntax obsessed LI pilgrim coaches tall,0.9739238586437183
28,validation/prefix/length_28/candidate_00,"18644,3086,13959,15054,28338,6617,17563,8924,16402,30170,26331,8196,10861,10065,25323,30242,2997,16265,29429,24987,11107,9231,27722,19119,5869,19939,22251,1227",0,0.05446991441166088,0.05446991441166088,0.9624563572111354,2.5,28,True,True,"{'assignment_ari': True, 'cluster_mass': True, 'cluster_persistence': True, 'compactness': True, 'coverage': True, 'outliers': True, 'position_coverage': True, 'realizable': True}","{'lambda_star': True, 'occupancy_auc': True}",True,0.001247443075873107,0.03754364278886457,prefix,"18644,3086,13959,15054,28338,6617,17563,8924,16402,30170,26331,8196,10861,10065,25323,30242,2997,16265,29429,24987,11107,9231,27722,19119,5869,19939,22251,1227",acteurs Book translate Chart INFORMATION schimb Buffalo Phone recycled loneliness handset circle voters occasionally Markus boycott absolutely newspapers participanți electronically Anyway enjoyable HIGH Examples Intel Tesla profesionale di,0.9624563572111354
29,validation/prefix/length_29/candidate_00,"12995,9676,14981,1700,28955,19010,163,20967,12081,8988,30048,9664,17910,16618,10585,22163,25094,29025,3266,24694,21558,13727,12178,17997,8457,5940,26521,27363,28134",0,0.04947953726318272,0.053464954591874315,0.963400132697301,2.5,29,True,True,"{'assignment_ari': True, 'cluster_mass': True, 'cluster_persistence': True, 'compactness': True, 'coverage': True, 'outliers': True, 'position_coverage': True, 'realizable': True}","{'lambda_star': True, 'occupancy_auc': True}",True,0.001247443075873107,0.03659986730269902,prefix,"12995,9676,14981,1700,28955,19010,163,20967,12081,8988,30048,9664,17910,16618,10585,22163,25094,29025,3266,24694,21558,13727,12178,17997,8457,5940,26521,27363,28134",Chiar reward tart dintre Assess twitter only quiz quatre tonight calendrier WE spezielle fixing Kansas redeem sunrise kompetente strategies politician luxe Bucureşti demanding caregiver (4 upload angepasst blonde appris,0.963400132697301
30,validation/prefix/length_30/candidate_00,"2836,24236,9100,7206,20268,8116,24686,1470,12839,16743,29206,10784,6536,24076,15012,6379,26160,30482,22351,4467,12334,1821,7206,16115,17823,12305,17468,16688,14053,5344",0,0.06347942838807151,0.06347942838807151,0.9392966215675361,2.5,30,True,True,"{'assignment_ari': True, 'cluster_mass': True, 'cluster_persistence': True, 'compactness': True, 'coverage': True, 'outliers': True, 'position_coverage': True, 'realizable': True}","{'lambda_star': True, 'occupancy_auc': True}",True,0.001247443075873107,0.0607033784324639,prefix,"2836,24236,9100,7206,20268,8116,24686,1470,12839,16743,29206,10784,6536,24076,15012,6379,26160,30482,22351,4467,12334,1821,7206,16115,17823,12305,17468,16688,14053,5344",sources contend blame guaranteed Monica exp GUI organization befinde uniquement Oslo grinding Studies Infrastructure kurze meu enthusiast Syracuse Între Word criticism Bei guaranteed characteristic Pharma surveillance forgive Concept trains assume,0.9392966215675361
1,validation/suffix/length_01/candidate_01,23713,1,0.15108780518769854,0.15108780518769854,0.9383833494469809,1.0,1,True,True,"{'assignment_ari': True, 'cluster_mass': True, 'cluster_persistence': True, 'compactness': True, 'coverage': True, 'outliers': True, 'position_coverage': True, 'realizable': True}","{'lambda_star': False, 'occupancy_auc': False}",False,0.6315908358826023,0.06161665055301918,suffix,23713,racist,0.9383833494469809
2,validation/suffix/length_02/candidate_00,"16887,20621",0,0.1334292588791601,0.1334292588791601,0.9383833494469809,1.25,2,True,True,"{'assignment_ari': True, 'cluster_mass': True, 'cluster_persistence': True, 'compactness': True, 'coverage': True, 'outliers': True, 'position_coverage': True, 'realizable': True}","{'lambda_star': False, 'occupancy_auc': False}",False,0.40247899613824983,0.06161665055301918,suffix,"16887,20621",Nokia crying,0.9383833494469809
3,validation/suffix/length_03/candidate_00,"6461,21465,31330",0,0.10951947873922108,0.11504940389056577,0.9568280750532214,1.5,3,True,True,"{'assignment_ari': True, 'cluster_mass': True, 'cluster_persistence': True, 'compactness': True, 'coverage': True, 'outliers': True, 'position_coverage': True, 'realizable': True}","{'lambda_star': True, 'occupancy_auc': False}",False,0.1857920612940606,0.04317192494677857,suffix,"6461,21465,31330",flexibility Blind homosexual,0.9568280750532214
4,validation/suffix/length_04/candidate_00,"19432,9846,19930,30367",0,0.1112904040091861,0.1112904040091861,0.963400132697301,1.75,4,True,True,"{'assignment_ari': True, 'cluster_mass': True, 'cluster_persistence': True, 'compactness': True, 'coverage': True, 'outliers': True, 'position_coverage': True, 'realizable': True}","{'lambda_star': True, 'occupancy_auc': False}",False,0.06643632660506914,0.03659986730269902,suffix,"19432,9846,19930,30367",cryptocurrency Jacob useless Daughter,0.963400132697301
5,validation/suffix/length_05/candidate_00,"2740,26348,24125,7445,5081",0,0.10847332807600785,0.11077707311642931,0.9558951965197733,1.75,5,True,True,"{'assignment_ari': True, 'cluster_mass': True, 'cluster_persistence': True, 'compactness': True, 'coverage': True, 'outliers': True, 'position_coverage': True, 'realizable': True}","{'lambda_star': True, 'occupancy_auc': False}",False,0.16047098620114994,0.04410480348022669,suffix,"2740,26348,24125,7445,5081",Tu degrab justified painted cookies,0.9558951965197733
6,validation/suffix/length_06/candidate_00,"15687,1940,8200,13074,645,29184",0,0.09722554390058095,0.0972942007965931,0.9521766292922849,2.0,6,True,True,"{'assignment_ari': True, 'cluster_mass': True, 'cluster_persistence': True, 'compactness': True, 'coverage': True, 'outliers': True, 'position_coverage': True, 'realizable': True}","{'lambda_star': True, 'occupancy_auc': True}",True,0.02541340513857218,0.04782337070771516,suffix,"15687,1940,8200,13074,645,29184",forgot brought Edward presidential einer Minecraft,0.9521766292922849
7,validation/suffix/length_07/candidate_00,"25377,21836,22449,2867,7222,14609,31820",0,0.10555578182177798,0.11322745209451786,0.9710237421216033,1.75,7,True,True,"{'assignment_ari': True, 'cluster_mass': True, 'cluster_persistence': True, 'compactness': True, 'coverage': True, 'outliers': True, 'position_coverage': True, 'realizable': True}","{'lambda_star': True, 'occupancy_auc': False}",False,0.09168989972529064,0.028976257878396763,suffix,"25377,21836,22449,2867,7222,14609,31820",elev Düsseldorf deceased Both steam revenues unrealistic,0.9710237421216033
8,validation/suffix/length_08/candidate_01,"26357,15436,25921,21541,1879,27346,14691,26608",1,0.1015270905713593,0.1015270905713593,0.9484768678314118,2.0,8,True,True,"{'assignment_ari': True, 'cluster_mass': True, 'cluster_persistence': True, 'compactness': True, 'coverage': True, 'outliers': True, 'position_coverage': True, 'realizable': True}","{'lambda_star': True, 'occupancy_auc': False}",False,0.03754974980589953,0.05152313216858813,suffix,"26357,15436,25921,21541,1879,27346,14691,26608",stole 60% Bottle payout overall placebo Tourism inconsistent,0.9484768678314118
9,validation/suffix/length_09/candidate_00,"2772,14480,28357,26522,21173,7568,9482,23207,10172",0,0.10418641731517979,0.10418641731517979,0.9808173703042665,1.75,9,True,True,"{'assignment_ari': True, 'cluster_mass': True, 'cluster_persistence': True, 'compactness': True, 'coverage': True, 'outliers': True, 'position_coverage': True, 'realizable': True}","{'lambda_star': True, 'occupancy_auc': False}",False,0.08661738734795554,0.019182629695733488,suffix,"2772,14480,28357,26522,21173,7568,9482,23207,10172",interview Xbox interrupted flirt Erik gel unele MORE Islam,0.9808173703042665
10,validation/suffix/length_10/candidate_00,"21862,28143,4877,3079,21982,8671,13769,11708,27416,11552",0,0.08495571438444255,0.0874681472337881,0.9392966215675361,2.0,10,True,True,"{'assignment_ari': True, 'cluster_mass': True, 'cluster_persistence': True, 'compactness': True, 'coverage': True, 'outliers': True, 'position_coverage': True, 'realizable': True}","{'lambda_star': True, 'occupancy_auc': True}",True,0.009428989359079178,0.0607033784324639,suffix,"21862,28143,4877,3079,21982,8671,13769,11708,27416,11552",negotiation clientii Unfortunately relationships soldier Frei Scout constitute iesit powers,0.9392966215675361
11,validation/suffix/length_11/candidate_00,"4316,19643,2744,25568,21562,13322,3182,19438,3669,20220,9085",0,0.09545870020494342,0.09545870020494342,0.9788259618269866,2.0,11,True,True,"{'assignment_ari': True, 'cluster_mass': True, 'cluster_persistence': True, 'compactness': True, 'coverage': True, 'outliers': True, 'position_coverage': True, 'realizable': True}","{'lambda_star': True, 'occupancy_auc': True}",True,0.011455506214205277,0.02117403817301347,suffix,"4316,19643,2744,25568,21562,13322,3182,19438,3669,20220,9085",cuisine viitoare Dan Wallace dumb applicant eating Sebastian Technology graduat representing,0.9788259618269866
12,validation/suffix/length_12/candidate_00,"4352,28868,19642,391,474,28199,19397,10811,28582,27873,24668,530",0,0.09431558760871499,0.09431558760871499,0.9531044141524866,2.0,12,True,True,"{'assignment_ari': True, 'cluster_mass': True, 'cluster_persistence': True, 'compactness': True, 'coverage': True, 'outliers': True, 'position_coverage': True, 'realizable': True}","{'lambda_star': True, 'occupancy_auc': False}",False,0.030085012156972877,0.04689558584751345,suffix,"4352,28868,19642,391,474,28199,19397,10811,28582,27873,24668,530",relatively Romney gewählt R put erzielen scholarships sacrifice diarrhea rapper Conditioner got,0.9531044141524866
13,validation/suffix/length_13/candidate_00,"16787,26385,24801,22825,23975,23745,1173,26828,2911,5088,9388,7142,12153",0,0.10065206172297604,0.10298194255641728,0.9521766292922849,1.75,13,True,True,"{'assignment_ari': True, 'cluster_mass': True, 'cluster_persistence': True, 'compactness': True, 'coverage': True, 'outliers': True, 'position_coverage': True, 'realizable': True}","{'lambda_star': True, 'occupancy_auc': False}",False,0.06314343435403136,0.04782337070771516,suffix,"16787,26385,24801,22825,23975,23745,1173,26828,2911,5088,9388,7142,12153",bloggers acheté rainfall startet crește Rü items razor Play Rose babies sentence incorrect,0.9521766292922849
14,validation/suffix/length_14/candidate_01,"25570,3921,10987,15749,9274,13864,8800,36,16364,15541,31344,17766,14899,29752",1,0.09374199631520656,0.09374199631520656,0.9531044141524866,2.0,14,True,True,"{'assignment_ari': True, 'cluster_mass': True, 'cluster_persistence': True, 'compactness': True, 'coverage': True, 'outliers': True, 'position_coverage': True, 'realizable': True}","{'lambda_star': True, 'occupancy_auc': True}",True,0.011635296173372995,0.04689558584751345,suffix,"25570,3921,10987,15749,9274,13864,8800,36,16364,15541,31344,17766,14899,29752",Multumesc Sometimes Gall Außen chambre smartphones happiness be vegetarian tactics Strawberry farmer vazut proaspat,0.9531044141524866
15,validation/suffix/length_15/candidate_00,"3950,18259,7354,28684,1915,10220,5591,6213,198,30355,10447,29554,14242,2312,227",0,0.08417066994844333,0.0860126137805121,0.9605739764963356,2.25,15,True,True,"{'assignment_ari': True, 'cluster_mass': True, 'cluster_persistence': True, 'compactness': True, 'coverage': True, 'outliers': True, 'position_coverage': True, 'realizable': True}","{'lambda_star': True, 'occupancy_auc': True}",True,0.004886675979432621,0.03942602350366443,suffix,"3950,18259,7354,28684,1915,10220,5591,6213,198,30355,10447,29554,14242,2312,227",buildings monitored substantial cybersecurity Per maintenant hate Geld și Translat kon Sinai whisk USA after,0.9605739764963356
16,validation/suffix/length_16/candidate_00,"5392,13301,12601,5438,4019,27777,14112,12826,25446,16036,15737,18827,23997,587,25010,22130",0,0.08530543972909066,0.08570034742010618,0.9383833494469809,2.25,16,True,True,"{'assignment_ari': True, 'cluster_mass': True, 'cluster_persistence': True, 'compactness': True, 'coverage': True, 'outliers': True, 'position_coverage': True, 'realizable': True}","{'lambda_star': True, 'occupancy_auc': True}",True,0.006345511257666317,0.06161665055301918,suffix,"5392,13301,12601,5438,4019,27777,14112,12826,25446,16036,15737,18827,23997,587,25010,22130",prendre facebook Planet Stra significantly Autism Dublin Works 10-15 Okay presque devastating christmas wie Galerie Sharp,0.9383833494469809
17,validation/suffix/length_17/candidate_00,"26870,313,772,1307,13548,710,15803,24694,16411,8558,27556,22623,24368,21387,21913,15497,6364",0,0.09837187536467454,0.10111402975092135,0.9700626750135207,2.0,17,True,True,"{'assignment_ari': True, 'cluster_mass': True, 'cluster_persistence': True, 'compactness': True, 'coverage': True, 'outliers': True, 'position_coverage': True, 'realizable': True}","{'lambda_star': True, 'occupancy_auc': False}",False,0.0432334641017161,0.02993732498647925,suffix,"26870,313,772,1307,13548,710,15803,24694,16411,8558,27556,22623,24368,21387,21913,15497,6364","recruited service results else volumes short persistent politician scared 2011, suger Dragnea ieși extern oversight Murray empty",0.9700626750135207
18,validation/suffix/length_18/candidate_00,"15480,17085,24909,25695,18164,22761,13324,22398,27138,1688,16958,10659,26331,23225,7751,9901,7956,13752",0,0.10265602765904172,0.10825111514599757,0.9848726414974043,1.75,18,True,False,"{'assignment_ari': True, 'cluster_mass': False, 'cluster_persistence': True, 'compactness': True, 'coverage': True, 'outliers': True, 'position_coverage': True, 'realizable': True}","{'lambda_star': True, 'occupancy_auc': False}",False,0.12276402441611045,0.0151273585025957,suffix,"15480,17085,24909,25695,18164,22761,13324,22398,27138,1688,16958,10659,26331,23225,7751,9901,7956,13752",mum Swa expired (2015) pourtant consta progression Baseball Riverside pages donors Bonus handset Pfarr consum fake portrait astept,0.9848726414974043
19,validation/suffix/length_19/candidate_00,"23340,764,4289,9579,15505,27971,25086,20574,28576,22352,15039,21314,9918,14922,20867,7807,4625,9772,2701",0,0.10419073672593603,0.10619502472919273,0.9521766292922849,1.75,19,True,True,"{'assignment_ari': True, 'cluster_mass': True, 'cluster_persistence': True, 'compactness': True, 'coverage': True, 'outliers': True, 'position_coverage': True, 'realizable': True}","{'lambda_star': True, 'occupancy_auc': False}",False,0.11132755254190714,0.04782337070771516,suffix,"23340,764,4289,9579,15505,27971,25086,20574,28576,22352,15039,21314,9918,14922,20867,7807,4625,9772,2701",liking came numai SD Connecticut whiskey visualize consilier Jü Cliff Ran volunteering Making reçu familii Kong Santa pă bin,0.9521766292922849
20,validation/suffix/length_20/candidate_00,"17597,3753,3395,4399,13593,24072,30066,18462,19329,3648,11022,1146,11174,18909,2221,26302,7186,11029,645,6123",0,0.10529303632322388,0.10557964297327248,0.9457130841559822,1.5,20,True,True,"{'assignment_ari': True, 'cluster_mass': True, 'cluster_persistence': True, 'compactness': True, 'coverage': True, 'outliers': True, 'position_coverage': True, 'realizable': True}","{'lambda_star': True, 'occupancy_auc': False}",False,0.16037897820974867,0.054286915844017826,suffix,"17597,3753,3395,4399,13593,24072,30066,18462,19329,3648,11022,1146,11174,18909,2221,26302,7186,11029,645,6123",feather cutting websites demande stroll erschien opțiun checklist retard organic pourrait higher blogging Gründe viel pharmacist Gre Title einer intelligence,0.9457130841559822
21,validation/suffix/length_21/candidate_00,"3841,17507,25308,947,10950,12075,11264,3562,2100,803,14437,29679,7926,18045,30501,17786,2631,2838,16935,31019,31245",0,0.08608525016218768,0.0896479407097746,0.9512500172757237,2.0,21,True,True,"{'assignment_ari': True, 'cluster_mass': True, 'cluster_persistence': True, 'compactness': True, 'coverage': True, 'outliers': True, 'position_coverage': True, 'realizable': True}","{'lambda_star': True, 'occupancy_auc': True}",True,0.013744766525845971,0.04874998272427633,suffix,"3841,17507,25308,947,10950,12075,11264,3562,2100,803,14437,29679,7926,18045,30501,17786,2631,2838,16935,31019,31245",teeth avocado melting Here hypo puisqu funded acid sports friends altele teilnehmen eigentlich Putin insotit Petro fiecare 29 guarantees einzigartig gradini,0.9512500172757237
22,validation/suffix/length_22/candidate_00,"25756,6233,71,1962,11544,31077,23633,21503,12951,30188,21261,12227,24541,19214,30285,4229,12489,22774,31457,11209,2225,31484",0,0.09693723021603996,0.10356126839898828,0.9615143286982287,1.75,22,True,True,"{'assignment_ari': True, 'cluster_mass': True, 'cluster_persistence': True, 'compactness': True, 'coverage': True, 'outliers': True, 'position_coverage': True, 'realizable': True}","{'lambda_star': True, 'occupancy_auc': False}",False,0.07935720762423264,0.03848567130177131,suffix,"25756,6233,71,1962,11544,31077,23633,21503,12951,30188,21261,12227,24541,19214,30285,4229,12489,22774,31457,11209,2225,31484",Spotify Restaurant A minute ajung Konkurrenz lonely Romaniei muzica ansprechen bait talents welding Pig fishermen Though Universal reunion Meridian audiences allowed Relevan,0.9615143286982287
23,validation/suffix/length_23/candidate_00,"6662,14899,11416,16770,8154,10929,30955,26372,9841,15571,28271,9314,17171,1509,17928,23616,15126,28143,13516,25802,27707,12383,26371",0,0.0911055081845191,0.09168735808734567,0.9494001697825794,2.0,23,True,True,"{'assignment_ari': True, 'cluster_mass': True, 'cluster_persistence': True, 'compactness': True, 'coverage': True, 'outliers': True, 'position_coverage': True, 'realizable': True}","{'lambda_star': True, 'occupancy_auc': True}",True,0.01782643582730444,0.05059983021742066,suffix,"6662,14899,11416,16770,8154,10929,30955,26372,9841,15571,28271,9314,17171,1509,17928,23616,15126,28143,13516,25802,27707,12383,26371",volunteer vazut fridge retrouve experiencing Football Général pitched pregnant Competition complément guides Sierra saw Verwendung blackjack fate clientii Treatment despair transmitter regelmäßig Vegan,0.9494001697825794
24,validation/suffix/length_24/candidate_00,"24283,6568,27495,13677,29895,22809,25333,6879,23662,22143,22256,14087,2581,23212,11423,15185,24689,1763,6918,15400,1555,2986,8309,5262",0,0.08291135242468957,0.08574371701482753,0.9411255860195108,2.0,24,True,False,"{'assignment_ari': True, 'cluster_mass': False, 'cluster_persistence': True, 'compactness': True, 'coverage': True, 'outliers': True, 'position_coverage': True, 'realizable': True}","{'lambda_star': True, 'occupancy_auc': True}",False,0.00976397552969977,0.058874413980489204,suffix,"24283,6568,27495,13677,29895,22809,25333,6879,23662,22143,22256,14087,2581,23212,11423,15185,24689,1763,6918,15400,1555,2986,8309,5262",fraudulent institution Fraser dying Stalin incercat genul stronger artistique nouvel ministrul dropping famous demeure radiation istoric Zahlen deux (3 behaviors mare operation dés shooting,0.9411255860195108
25,validation/suffix/length_25/candidate_01,"8357,17210,21574,2151,26829,13633,21705,2389,11477,14876,16563,8526,2136,17399,26398,6337,9614,22101,4955,28154,10889,15139,19643,6478,19901",1,0.08832625948057121,0.09737491176327778,0.963400132697301,1.75,25,True,True,"{'assignment_ari': True, 'cluster_mass': True, 'cluster_persistence': True, 'compactness': True, 'coverage': True, 'outliers': True, 'position_coverage': True, 'realizable': True}","{'lambda_star': True, 'occupancy_auc': False}",False,0.055691610907304644,0.03659986730269902,suffix,"8357,17210,21574,2151,26829,13633,21705,2389,11477,14876,16563,8526,2136,17399,26398,6337,9614,22101,4955,28154,10889,15139,19643,6478,19901",Sony sanctions scade chiar psychic performant anime generally nail enterprises instinct Enterprise lack Clip LGBT warning Mail Earl Card Frühling somit Hop viitoare controlled manuel,0.963400132697301
26,validation/suffix/length_26/candidate_00,"22261,19,26046,94,6499,14537,27727,10016,10951,31537,1754,12822,20527,31120,1017,15368,24283,10128,6632,6918,5719,2530,21946,8625,2549,9147",0,0.08958915477036666,0.0903822139931246,0.9605739764963356,2.0,26,True,True,"{'assignment_ari': True, 'cluster_mass': True, 'cluster_persistence': True, 'compactness': True, 'coverage': True, 'outliers': True, 'position_coverage': True, 'realizable': True}","{'lambda_star': True, 'occupancy_auc': True}",True,0.025809902436874477,0.03942602350366443,suffix,"22261,19,26046,94,6499,14537,27727,10016,10951,31537,1754,12822,20527,31120,1017,15368,24283,10128,6632,6918,5719,2530,21946,8625,2549,9147",successor is bullying It (2) stiff geschaffen Namen shorter erweitern Et Nacht airplane incadr common studii fraudulent 16. Type (3 recommendations meaning totusi shelf James kg,0.9605739764963356
27,validation/suffix/length_27/candidate_00,"11958,9911,8133,30600,2075,8450,17973,20417,19024,999,20548,11744,22532,11718,23309,23421,5495,26199,10914,30119,3079,14458,28876,10159,22176,993,17750",0,0.08771037559548311,0.08801728109414382,0.9374708589286852,2.0,27,True,True,"{'assignment_ari': True, 'cluster_mass': True, 'cluster_persistence': True, 'compactness': True, 'coverage': True, 'outliers': True, 'position_coverage': True, 'realizable': True}","{'lambda_star': True, 'occupancy_auc': True}",True,0.01614464526871138,0.06252914107131477,suffix,"11958,9911,8133,30600,2075,8450,17973,20417,19024,999,20548,11744,22532,11718,23309,23421,5495,26199,10914,30119,3079,14458,28876,10159,22176,993,17750",denied spouse coupon Introduce explore loi caractère parliament Puis production villes vreo lure motorcycle profesionist Pir cur underestimate variations ashamed relationships antibiotic Preston sing Rocket increase legume,0.9374708589286852
28,validation/suffix/length_28/candidate_00,"28617,15446,16304,26398,2646,2513,3097,24486,2245,15362,11820,18851,2278,656,22038,30217,7319,15651,8737,17273,21916,30280,16455,9769,4368,11646,14021,3832",0,0.08815144762423552,0.08815144762423552,0.9383833494469809,2.0,28,True,True,"{'assignment_ari': True, 'cluster_mass': True, 'cluster_persistence': True, 'compactness': True, 'coverage': True, 'outliers': True, 'position_coverage': True, 'realizable': True}","{'lambda_star': True, 'occupancy_auc': True}",True,0.010582951074770239,0.06161665055301918,suffix,"28617,15446,16304,26398,2646,2513,3097,24486,2245,15362,11820,18851,2278,656,22038,30217,7319,15651,8737,17273,21916,30280,16455,9769,4368,11646,14021,3832",ignorant mindset insect LGBT century Für 35 Slim steps clearance sq bulbs mich makes hopeful prețuri Express biology amenities précédent treaba impartial replica logic operate celebrating evolved chicken,0.9383833494469809
29,validation/suffix/length_29/candidate_00,"15230,5860,2311,4050,6231,238,22251,9760,19643,7569,31625,2480,27311,245,27975,5689,8088,30124,19678,17936,30630,2351,29184,10638,3500,23222,29138,10439,8722",0,0.07527187459772104,0.07527187459772104,0.9719875173825215,2.5,29,True,True,"{'assignment_ari': True, 'cluster_mass': True, 'cluster_persistence': True, 'compactness': True, 'coverage': True, 'outliers': True, 'position_coverage': True, 'realizable': True}","{'lambda_star': True, 'occupancy_auc': True}",True,0.0014124471507130762,0.028012482617478487,suffix,"15230,5860,2311,4050,6231,238,22251,9760,19643,7569,31625,2480,27311,245,27975,5689,8088,30124,19678,17936,30630,2351,29184,10638,3500,23222,29138,10439,8722",unwanted Server requires apps Ideas que profesionale bands viitoare gentle stunned rock vulnerabilities une tweeted keeps 2011. communion excluded appelé plictis Another Minecraft rhythm tickets Pressure congratulations NFL insert,0.9719875173825215
30,validation/suffix/length_30/candidate_00,"26812,31308,19432,16681,9209,4269,8846,1617,7786,31850,13175,31630,11141,28345,24184,4284,30116,11046,30879,17865,12221,26557,20338,30315,1480,28276,4146,10879,2531,7787",0,0.08767108917806823,0.09071956351375284,0.9457130841559822,2.0,30,True,True,"{'assignment_ari': True, 'cluster_mass': True, 'cluster_persistence': True, 'compactness': True, 'coverage': True, 'outliers': True, 'position_coverage': True, 'realizable': True}","{'lambda_star': True, 'occupancy_auc': True}",True,0.025414943329165274,0.054286915844017826,suffix,"26812,31308,19432,16681,9209,4269,8846,1617,7786,31850,13175,31630,11141,28345,24184,4284,30116,11046,30879,17865,12221,26557,20338,30315,1480,28276,4146,10879,2531,7787",salaire mănânc cryptocurrency insulin (5 answers passé doar advise ludique încerc Apartament handelt classmates complaining brother Edelstahl Nation uncertainties Privacy familie ignorance Gay primordial late Subaru carbon races dacă sociale,0.9457130841559822
1,validation/random/length_01/candidate_00,23549,0,0.1757857102525947,0.1757857102525947,0.9663527585734843,1.0,1,True,True,"{'assignment_ari': True, 'cluster_mass': True, 'cluster_persistence': True, 'compactness': True, 'coverage': True, 'outliers': True, 'position_coverage': True, 'realizable': True}","{'lambda_star': False, 'occupancy_auc': False}",False,0.7708487561572716,0.033647241426515616,random,23549,Diabetes,0.963400132697301
2,validation/random/length_02/candidate_00,"30843,4534",0,0.15091493179889873,0.15091493179889873,0.9586354174026606,1.0,2,True,True,"{'assignment_ari': True, 'cluster_mass': True, 'cluster_persistence': True, 'compactness': True, 'coverage': True, 'outliers': True, 'position_coverage': True, 'realizable': True}","{'lambda_star': False, 'occupancy_auc': False}",False,0.5819840398808801,0.04136458259733941,random,"30843,4534",Gluten Obama,0.9512500172757237
3,validation/random/length_03/candidate_00,"30170,3182,27223",0,0.1364139766943406,0.1364139766943406,0.9420554792661909,1.25,3,True,True,"{'assignment_ari': True, 'cluster_mass': True, 'cluster_persistence': True, 'compactness': True, 'coverage': True, 'outliers': True, 'position_coverage': True, 'realizable': True}","{'lambda_star': False, 'occupancy_auc': False}",False,0.4078024944432587,0.05794452073380905,random,"30170,3182,27223",loneliness eating Swimming,0.9365591321055061
4,validation/random/length_04/candidate_00,"27928,29895,18719,22377",0,0.12622846174204877,0.1311036638237276,0.9474067607283359,1.5,4,True,True,"{'assignment_ari': True, 'cluster_mass': True, 'cluster_persistence': True, 'compactness': True, 'coverage': True, 'outliers': True, 'position_coverage': True, 'realizable': True}","{'lambda_star': True, 'occupancy_auc': False}",False,0.34327656959588565,0.05259323927166417,random,"27928,29895,18719,22377",flute Stalin obesity trivia,0.9429579112909904
5,validation/random/length_05/candidate_00,"11546,27814,8176,26371,10844",0,0.11287034083082449,0.11785241047179461,0.9487480896183588,1.5,5,True,True,"{'assignment_ari': True, 'cluster_mass': True, 'cluster_persistence': True, 'compactness': True, 'coverage': True, 'outliers': True, 'position_coverage': True, 'realizable': True}","{'lambda_star': True, 'occupancy_auc': False}",False,0.2265633321645429,0.051251910381641216,random,"11546,27814,8176,26371,10844",kidney Scene mistakes Vegan silence,0.9438753877789893
6,validation/random/length_06/candidate_00,"26073,9723,1352,19643,15484,15920",0,0.10885772573223192,0.11210231031157902,0.9442825647187436,1.75,6,True,True,"{'assignment_ari': True, 'cluster_mass': True, 'cluster_persistence': True, 'compactness': True, 'coverage': True, 'outliers': True, 'position_coverage': True, 'realizable': True}","{'lambda_star': True, 'occupancy_auc': False}",False,0.1198724869067338,0.055717435281256444,random,"26073,9723,1352,19643,15484,15920",Iasi Exam dann viitoare slave PHP,0.9392966215675361
7,validation/random/length_07/candidate_00,"13824,9209,1652,22103,29393,9248,30655",0,0.11008299132407198,0.11228786987815655,0.9460668890385,1.5,7,True,True,"{'assignment_ari': True, 'cluster_mass': True, 'cluster_persistence': True, 'compactness': True, 'coverage': True, 'outliers': True, 'position_coverage': True, 'realizable': True}","{'lambda_star': True, 'occupancy_auc': False}",False,0.17518126336529607,0.053933110961500046,random,"13824,9209,1652,22103,29393,9248,30655",Kid (5 employees apologize ecology exploit Calcium,0.9392966215675361
8,validation/random/length_08/candidate_00,"5908,20047,23691,1995,12717,19013,11812,18093",0,0.09836092384242519,0.09838123747467771,0.9474067607283359,2.0,8,True,True,"{'assignment_ari': True, 'cluster_mass': True, 'cluster_persistence': True, 'compactness': True, 'coverage': True, 'outliers': True, 'position_coverage': True, 'realizable': True}","{'lambda_star': True, 'occupancy_auc': False}",False,0.03125453327939698,0.05259323927166417,random,"5908,20047,23691,1995,12717,19013,11812,18093",engaged mushrooms Deliver lots Cet Christianity cineva disadvantage,0.9429579112909904
9,validation/random/length_09/candidate_00,"26371,15526,30682,9768,3888,30711,3146,23630,31421",0,0.10509131179753906,0.10682784273664594,0.9514353612906582,1.75,9,True,True,"{'assignment_ari': True, 'cluster_mass': True, 'cluster_persistence': True, 'compactness': True, 'coverage': True, 'outliers': True, 'position_coverage': True, 'realizable': True}","{'lambda_star': True, 'occupancy_auc': False}",False,0.09218790500413727,0.04856463870934185,random,"26371,15526,30682,9768,3888,30711,3146,23630,31421",Vegan rebuild evangelical elections 2003 SERV iPhone elbow hamburger,0.947554605521451
10,validation/random/length_10/candidate_00,"18508,13493,3932,9600,11865,16932,24546,3699,9435,5857",0,0.10445827634088732,0.10710361736613755,0.9456205792566685,1.75,10,True,True,"{'assignment_ari': True, 'cluster_mass': True, 'cluster_persistence': True, 'compactness': True, 'coverage': True, 'outliers': True, 'position_coverage': True, 'realizable': True}","{'lambda_star': True, 'occupancy_auc': False}",False,0.11288397131391542,0.05437942074333141,random,"18508,13493,3932,9600,11865,16932,24546,3699,9435,5857",shrink activitatea trebui baseball sagt Muslims thereafter Global Bucuresti vertical,0.9420413180776028
11,validation/random/length_11/candidate_00,"30707,23066,14188,14368,3836,19197,16955,3583,1217,18061,8999",0,0.09984749426736829,0.10509042701214696,0.9581838011832697,2.0,11,True,True,"{'assignment_ari': True, 'cluster_mass': True, 'cluster_persistence': True, 'compactness': True, 'coverage': True, 'outliers': True, 'position_coverage': True, 'realizable': True}","{'lambda_star': True, 'occupancy_auc': False}",False,0.05450656382048343,0.04181619881673031,random,"30707,23066,14188,14368,3836,19197,16955,3583,1217,18061,8999",unicorn Researchers forte gasit Maybe duplicate Integration emergency takes SUA pregnancy,0.9512500172757237
12,validation/random/length_12/candidate_00,"24524,11897,11949,7501,24149,19005,111,31966,6017,17205,28868,15930",0,0.10205387591280621,0.10205387591280621,0.9425006107192908,1.75,12,True,True,"{'assignment_ari': True, 'cluster_mass': True, 'cluster_persistence': True, 'compactness': True, 'coverage': True, 'outliers': True, 'position_coverage': True, 'realizable': True}","{'lambda_star': True, 'occupancy_auc': False}",False,0.05796101538035273,0.05749938928070924,random,"24524,11897,11949,7501,24149,19005,111,31966,6017,17205,28868,15930",laughed Ukraine café harder Lieb cocktails în corespund certificate Same Romney Comfort,0.9374708589286852
13,validation/random/length_13/candidate_00,"22586,20621,2322,25552,28741,191,10879,14373,744,22009,11910,10045,22717",0,0.08940065049838061,0.0894006504983806,0.9478537055942553,2.25,13,True,True,"{'assignment_ari': True, 'cluster_mass': True, 'cluster_persistence': True, 'compactness': True, 'coverage': True, 'outliers': True, 'position_coverage': True, 'realizable': True}","{'lambda_star': True, 'occupancy_auc': True}",True,0.0033348926628255725,0.05214629440574468,random,"22586,20621,2322,25552,28741,191,10879,14373,744,22009,11910,10045,22717",peripheral crying după bakery Cannabis pentru races Chelsea doesn Nobody inclus nervous fabricat,0.9438753877789893
14,validation/random/length_14/candidate_00,"14953,10427,26324,17843,2519,4898,10248,9751,8444,12545,8406,15929,14899,11845",0,0.10040663292287061,0.10147512339652462,0.9604442808759819,2.0,14,True,True,"{'assignment_ari': True, 'cluster_mass': True, 'cluster_persistence': True, 'compactness': True, 'coverage': True, 'outliers': True, 'position_coverage': True, 'realizable': True}","{'lambda_star': True, 'occupancy_auc': False}",False,0.040150133953604096,0.03955571912401815,random,"14953,10427,26324,17843,2519,4898,10248,9751,8444,12545,8406,15929,14899,11845",Hero boots chemotherapy Chemical promote carpet Sche ignore customized keywords acknowledge Cookies vazut Kate,0.9540334098267854
15,validation/random/length_15/candidate_00,"2681,25686,1410,4062,14636,17342,12398,18182,17342,7391,474,17511,10479,4289,4279",0,0.09604245644390519,0.10704262986317155,0.97277889984382,1.75,15,True,True,"{'assignment_ari': True, 'cluster_mass': True, 'cluster_persistence': True, 'compactness': True, 'coverage': True, 'outliers': True, 'position_coverage': True, 'realizable': True}","{'lambda_star': True, 'occupancy_auc': False}",False,0.11462492431073575,0.027221100156179925,random,"2681,25686,1410,4062,14636,17342,12398,18182,17342,7391,474,17511,10479,4289,4279",placed slavery France examples weekends Leonard syndrome Religion Leonard acord put Publishing existe numai shoot,0.9671943137202075
16,validation/random/length_16/candidate_00,"19490,18066,29182,12153,18843,16100,26555,27780,19021,1834,22623,7807,26046,12373,7285,30806",0,0.10807769917057694,0.10807769917057695,0.9769563219496331,1.75,16,True,True,"{'assignment_ari': True, 'cluster_mass': True, 'cluster_persistence': True, 'compactness': True, 'coverage': True, 'outliers': True, 'position_coverage': True, 'realizable': True}","{'lambda_star': True, 'occupancy_auc': False}",False,0.09384139581164776,0.02304367805036689,random,"19490,18066,29182,12153,18843,16100,26555,27780,19021,1834,22623,7807,26046,12373,7285,30806",candles continut intrebare incorrect Meine majoritatea blieb displacement bleeding seine Dragnea Kong bullying comedy gender Wände,0.9691041687726948
17,validation/random/length_17/candidate_00,"11812,28585,6637,25629,2200,29148,5894,10438,29743,27056,22429,29883,23586,21698,18640,13407,22298",0,0.09265755038657437,0.09309456589486548,0.9640744727539146,2.0,17,True,True,"{'assignment_ari': True, 'cluster_mass': True, 'cluster_persistence': True, 'compactness': True, 'coverage': True, 'outliers': True, 'position_coverage': True, 'realizable': True}","{'lambda_star': True, 'occupancy_auc': True}",True,0.02227942291264086,0.035925527246085415,random,"11812,28585,6637,25629,2200,29148,5894,10438,29743,27056,22429,29883,23586,21698,18640,13407,22298",cineva festivities utility Failure Research WWE Drive Egypt Clothing Gandhi stool randonnée superhero contamination Cub urmat crashes,0.9596352346954704
18,validation/random/length_18/candidate_00,"23435,24281,10088,14319,15627,11475,14715,6658,29651,19382,16909,25314,30062,9654,29309,1971,11812,9466",0,0.08731871390695457,0.08731871390695457,0.9709349300710746,2.0,18,True,True,"{'assignment_ari': True, 'cluster_mass': True, 'cluster_persistence': True, 'compactness': True, 'coverage': True, 'outliers': True, 'position_coverage': True, 'realizable': True}","{'lambda_star': True, 'occupancy_auc': True}",True,0.008044914738152359,0.02906506992892547,random,"23435,24281,10088,14319,15627,11475,14715,6658,29651,19382,16909,25314,30062,9654,29309,1971,11812,9466",Montréal invade weird deaths afterwards Yeah Horn chronic clown scoop démarche keto Quartz Dies cocaine tried cineva Side,0.9671943137202075
19,validation/random/length_19/candidate_00,"6613,9829,21916,27346,30349,4655,16776,21249,9757,7947,25934,11112,4640,5068,31249,26692,4579,30968,9987",0,0.07894250840178725,0.07894250840178725,0.9420554792661909,2.5,19,True,True,"{'assignment_ari': True, 'cluster_mass': True, 'cluster_persistence': True, 'compactness': True, 'coverage': True, 'outliers': True, 'position_coverage': True, 'realizable': True}","{'lambda_star': True, 'occupancy_auc': True}",True,0.0014609788896871965,0.05794452073380905,random,"6613,9829,21916,27346,30349,4655,16776,21249,9757,7947,25934,11112,4640,5068,31249,26692,4579,30968,9987",funny exclusively treaba placebo Wisdom positions rezerv Basketball cultures patch ceremonies tard healthcare Right intimacy Herbert apartment hijack basement,0.9383833494469809
20,validation/random/length_20/candidate_00,"5714,28079,27579,26643,6571,11353,29773,11216,19985,9459,10071,27091,7128,18460,19432,198,30570,31914,25325,17442",0,0.0919649284730731,0.09276382509363944,0.9483008144904032,2.0,20,True,False,"{'assignment_ari': False, 'cluster_mass': True, 'cluster_persistence': True, 'compactness': True, 'coverage': True, 'outliers': True, 'position_coverage': True, 'realizable': True}","{'lambda_star': True, 'occupancy_auc': True}",False,0.0148028580386586,0.05169918550959682,random,"5714,28079,27579,26643,6571,11353,29773,11216,19985,9459,10071,27091,7128,18460,19432,198,30570,31914,25325,17442",prison Aufmerksamkeit Vielfalt Slip manifest sensibil embarrassed Sitz francez Hey Staff funktionieren drain poems cryptocurrency și Benefici Lydia übertragen girlfriend,0.9438753877789893
21,validation/random/length_21/candidate_00,"21454,9024,1110,18339,17564,1658,2382,19495,27246,8335,27713,29540,29061,26324,24921,21626,29298,7269,11807,16266,2527",0,0.09174269486952707,0.09289485693579291,0.9416104872639437,2.0,21,True,True,"{'assignment_ari': True, 'cluster_mass': True, 'cluster_persistence': True, 'compactness': True, 'coverage': True, 'outliers': True, 'position_coverage': True, 'realizable': True}","{'lambda_star': True, 'occupancy_auc': True}",True,0.01908050819202531,0.05838951273605633,random,"21454,9024,1110,18339,17564,1658,2382,19495,27246,8335,27713,29540,29061,26324,24921,21626,29298,7269,11807,16266,2527",contradict tender sein neglect Sue bine 200 Lift Engag struggling Outlet Genuss Pokemon chemotherapy experiență adica Samantha smoke partial iubit owner,0.9338283650811717
22,validation/random/length_22/candidate_00,"1097,20842,24761,3106,30320,11884,17755,6800,15711,191,23350,26729,9590,16853,3095,3847,29697,21331,2790,18705,1885,7486",0,0.10370258468370218,0.10441916481982677,0.9802390801875532,1.75,22,True,True,"{'assignment_ari': True, 'cluster_mass': True, 'cluster_persistence': True, 'compactness': True, 'coverage': True, 'outliers': True, 'position_coverage': True, 'realizable': True}","{'lambda_star': True, 'occupancy_auc': False}",False,0.1150310349449557,0.019760919812446785,random,"1097,20842,24761,3106,30320,11884,17755,6800,15711,191,23350,26729,9590,16853,3095,3847,29697,21331,2790,18705,1885,7486",save Kiss triste sample vodka Lou counselor critic Move pentru copied Fifth endless situaţi civil template BlackBerry salaries beauty strings sowie Nick,0.9758732200951697
23,validation/random/length_23/candidate_00,"6749,16164,418,17671,18889,9204,1805,22679,23859,15815,15177,3219,6211,316,26681,4283,13230,9159,7756,2364,10257,16048,2931",0,0.09561468141958807,0.09561468141958807,0.9483008144904032,2.0,23,True,True,"{'assignment_ari': True, 'cluster_mass': True, 'cluster_persistence': True, 'compactness': True, 'coverage': True, 'outliers': True, 'position_coverage': True, 'realizable': True}","{'lambda_star': True, 'occupancy_auc': True}",True,0.02671810427549227,0.05169918550959682,random,"6749,16164,418,17671,18889,9204,1805,22679,23859,15815,15177,3219,6211,316,26681,4283,13230,9159,7756,2364,10257,16048,2931",folosit 1976 lot avail Scholarship wins actual tracked Toilet condamn Sieg lucru minimal Die chorus appeared aparat quilt Gut Pentru smoking separat audio,0.9438753877789893
24,validation/random/length_24/candidate_00,"26675,6713,28872,18659,11826,29402,10445,25223,4385,9994,3852,29966,27922,4109,18914,13509,13124,8583,13501,31820,1019,27416,29090,14692",0,0.10096710657095745,0.11206597690035451,0.9792976371212722,1.5,24,True,True,"{'assignment_ari': True, 'cluster_mass': True, 'cluster_persistence': True, 'compactness': True, 'coverage': True, 'outliers': True, 'position_coverage': True, 'realizable': True}","{'lambda_star': True, 'occupancy_auc': False}",False,0.17284868802971098,0.02070236287872784,random,"26675,6713,28872,18659,11826,29402,10445,25223,4385,9994,3852,29966,27922,4109,18914,13509,13124,8583,13501,31820,1019,27416,29090,14692",puppies wohl subconscious fragile Dental Kartoffel Susan Essex Ci journalist rep concasseur cetăţeni bread tragedy Raj champ thoroughly evolu unrealistic throughout iesit sulfur fais,0.976853358024074
25,validation/random/length_25/candidate_00,"23166,19388,6382,30293,15877,24753,4841,1151,29895,3149,31382,16529,4526,6211,3067,12028,347,198,26561,4319,22676,19572,14480,29912,15185",0,0.07183303412336514,0.07183303412336513,0.9420554792661909,2.5,25,True,True,"{'assignment_ari': True, 'cluster_mass': True, 'cluster_persistence': True, 'compactness': True, 'coverage': True, 'outliers': True, 'position_coverage': True, 'realizable': True}","{'lambda_star': True, 'occupancy_auc': True}",True,0.0016293773061022605,0.05794452073380905,random,"23166,19388,6382,30293,15877,24753,4841,1151,29895,3149,31382,16529,4526,6211,3067,12028,347,198,26561,4319,22676,19572,14480,29912,15185",folded utilis feelings incredibil Lower prevalence ». additional Stalin aspects angajaţi undertaking degrees minimal weiter departure available și caractéris golf poisson screws Xbox trajectory istoric,0.9383833494469809
26,validation/random/length_26/candidate_00,"15914,11759,4367,3285,871,20301,13013,12202,2531,6123,2135,6888,16046,23997,7530,11970,20711,28702,10670,11894,10735,6698,30026,10903,10204,10399",0,0.09767467100377805,0.09767467100377805,0.944728418999494,2.0,26,True,True,"{'assignment_ari': True, 'cluster_mass': True, 'cluster_persistence': True, 'compactness': True, 'coverage': True, 'outliers': True, 'position_coverage': True, 'realizable': True}","{'lambda_star': True, 'occupancy_auc': False}",False,0.045741608988019405,0.05527158100050602,random,"15914,11759,4367,3285,871,20301,13013,12202,2531,6123,2135,6888,16046,23997,7530,11970,20711,28702,10670,11894,10735,6698,30026,10903,10204,10399","pierdut Soft investors cheese staff Bangkok printr Captain dacă intelligence connection lens Racing christmas journée accused NCAA extins 13, Netflix wander Mos biased Tam Bull quit",0.9365591321055061
27,validation/random/length_27/candidate_00,"13333,4948,4289,8945,19549,31441,3099,26268,1745,8854,10839,570,23376,14899,11362,9171,1196,6027,27048,31924,14355,25227,15633,28969,26696,21609,11328",0,0.09176133010685679,0.09176133010685679,0.9709349300710746,2.0,27,True,True,"{'assignment_ari': True, 'cluster_mass': True, 'cluster_persistence': True, 'compactness': True, 'coverage': True, 'outliers': True, 'position_coverage': True, 'realizable': True}","{'lambda_star': True, 'occupancy_auc': True}",True,0.017093110363007428,0.02906506992892547,random,"13333,4948,4289,8945,19549,31441,3099,26268,1745,8854,10839,570,23376,14899,11362,9171,1196,6027,27048,31924,14355,25227,15633,28969,26696,21609,11328",microwave reputation numai Ave Kle Guillaume dabei immensely unit Seattle urgent list protectie vazut camere Things variety Officer loaf influenza practicing Eddie Crown NEED Entrepreneur versuchen Kopf,0.9652932340418053
28,validation/random/length_28/candidate_00,"10318,8800,7231,366,12080,15171,7246,9540,3557,9165,7572,27178,198,28311,1988,9171,23129,11213,27060,19809,28395,13053,12680,9508,19010,2675,18862,22237",0,0.08725485491024379,0.08725485491024379,0.9663527585734843,2.25,28,True,True,"{'assignment_ari': True, 'cluster_mass': True, 'cluster_persistence': True, 'compactness': True, 'coverage': True, 'outliers': True, 'position_coverage': True, 'realizable': True}","{'lambda_star': True, 'occupancy_auc': True}",True,0.003295758020405847,0.033647241426515616,random,"10318,8800,7231,366,12080,15171,7246,9540,3557,9165,7572,27178,198,28311,1988,9171,23129,11213,27060,19809,28395,13053,12680,9508,19010,2675,18862,22237",Java happiness deeper When CBD schemes modul opens Ste Study terrain Outstanding și Katherine claim Things FIFA anger Protestant Ottawa Shiva Verbindung 24/7 intent twitter fans Southeast astea,0.9624563572111354
29,validation/random/length_29/candidate_00,"23812,29794,424,3627,9191,22998,14488,22672,3121,722,14172,6719,11452,20097,13567,10541,1078,14030,27228,10962,2364,30302,5844,9366,9070,5050,1782,28855,22022",0,0.08720189353162323,0.08720189353162323,0.9627110918217051,2.25,29,True,True,"{'assignment_ari': True, 'cluster_mass': True, 'cluster_persistence': True, 'compactness': True, 'coverage': True, 'outliers': True, 'position_coverage': True, 'realizable': True}","{'lambda_star': True, 'occupancy_auc': True}",True,0.003253792427513991,0.037288908178294916,random,"23812,29794,424,3627,9191,22998,14488,22672,3121,722,14172,6719,11452,20097,13567,10541,1078,14030,27228,10962,2364,30302,5844,9366,9070,5050,1782,28855,22022",mortar apariți something faster ON Ubuntu găsi Potential Gar customers modifications Based Tau alimentare transparency câ store propriu Wach outdoors Pentru knack Space casa Guys turns dog Popescu adaptée,0.958698041700973
30,validation/random/length_30/candidate_00,"17442,17284,6584,12609,11812,11244,24137,14020,18806,27252,3355,30967,1886,4963,2615,19276,30937,25323,3902,13112,21194,26185,17502,21312,33,18176,12155,26561,17857,18862",0,0.09120768967610982,0.09120768967610982,0.9595393609700269,2.0,30,True,True,"{'assignment_ari': True, 'cluster_mass': True, 'cluster_persistence': True, 'compactness': True, 'coverage': True, 'outliers': True, 'position_coverage': True, 'realizable': True}","{'lambda_star': True, 'occupancy_auc': True}",True,0.011016221227333778,0.04046063902997315,random,"17442,17284,6584,12609,11812,11244,24137,14020,18806,27252,3355,30967,1886,4963,2615,19276,30937,25323,3902,13112,21194,26185,17502,21312,33,18176,12155,26561,17857,18862",girlfriend Videos tant curtain cineva complaints erweitert loyal puissance contradiction watching ganduri club depth lose broadband grundlegend Markus height anybody Few Probabil instruct organisé are mayor noapte caractéris Outside Southeast,0.9540334098267854
1,validation/conditional/length_01/candidate_00,26324,0,0.17133310283637346,0.17133310283637346,0.9383833494469809,0.0,1,True,True,"{'assignment_ari': True, 'cluster_mass': True, 'cluster_persistence': True, 'compactness': True, 'coverage': True, 'outliers': True, 'position_coverage': True, 'realizable': True}","{'lambda_star': False, 'occupancy_auc': False}",False,0.7610795261471371,0.06161665055301918,conditional,26324,chemotherapy,0.9383833494469809
2,validation/conditional/length_02/candidate_00,"20621,17496",0,0.15323997939376757,0.1597872771400149,0.9465133545298807,1.0,2,True,True,"{'assignment_ari': True, 'cluster_mass': True, 'cluster_persistence': True, 'compactness': True, 'coverage': True, 'outliers': True, 'position_coverage': True, 'realizable': True}","{'lambda_star': False, 'occupancy_auc': False}",False,0.6139869927915491,0.05348664547011923,conditional,"20621,17496",crying diabet,0.9411255860195108
3,validation/conditional/length_03/candidate_00,"20526,20076,18398",0,0.12583168966485875,0.12712846832647118,0.9392966215675361,1.5,3,True,True,"{'assignment_ari': True, 'cluster_mass': True, 'cluster_persistence': True, 'compactness': True, 'coverage': True, 'outliers': True, 'position_coverage': True, 'realizable': True}","{'lambda_star': True, 'occupancy_auc': False}",False,0.35479947926266336,0.0607033784324639,conditional,"20526,20076,18398",abortion celebrities Johnny,0.9320113739323647
4,validation/conditional/length_04/candidate_00,"8822,8363,26010,19397",0,0.13788818553819915,0.14403756604725806,0.9383833494469809,1.25,4,True,True,"{'assignment_ari': True, 'cluster_mass': True, 'cluster_persistence': True, 'compactness': True, 'coverage': True, 'outliers': True, 'position_coverage': True, 'realizable': True}","{'lambda_star': False, 'occupancy_auc': False}",False,0.4706743242542157,0.06161665055301918,conditional,"8822,8363,26010,19397",Mom diabetes capitalism scholarships,0.9383833494469809
5,validation/conditional/length_05/candidate_00,"29184,22040,20302,15092,22623",0,0.10183792326462454,0.10457322379495423,0.9411255860195108,2.0,5,True,True,"{'assignment_ari': True, 'cluster_mass': True, 'cluster_persistence': True, 'compactness': True, 'coverage': True, 'outliers': True, 'position_coverage': True, 'realizable': True}","{'lambda_star': True, 'occupancy_auc': True}",True,0.02633878314800897,0.058874413980489204,conditional,"29184,22040,20302,15092,22623",Minecraft prisoners seamlessly reject Dragnea,0.9383833494469809
6,validation/conditional/length_06/candidate_00,"7266,31820,3521,23524,26741,22996",0,0.10963627079434703,0.10963627079434703,0.95728125982279,1.75,6,True,True,"{'assignment_ari': True, 'cluster_mass': True, 'cluster_persistence': True, 'compactness': True, 'coverage': True, 'outliers': True, 'position_coverage': True, 'realizable': True}","{'lambda_star': True, 'occupancy_auc': False}",False,0.13195776042784588,0.04271874017721003,conditional,"7266,31820,3521,23524,26741,22996",ajuns unrealistic Keep selfie Marriage cooper,0.9521766292922849
7,validation/conditional/length_07/candidate_00,"18045,5552,7303,11997,25372,4930,16211",0,0.10648387581587852,0.10850868892806108,0.9402106939437033,1.75,7,True,True,"{'assignment_ari': True, 'cluster_mass': True, 'cluster_persistence': True, 'compactness': True, 'coverage': True, 'outliers': True, 'position_coverage': True, 'realizable': True}","{'lambda_star': True, 'occupancy_auc': False}",False,0.07234909681958801,0.05978930605629668,conditional,"18045,5552,7303,11997,25372,4930,16211",Putin dafür Simply Gabriel resignation pun Nintendo,0.9402106939437033
8,validation/conditional/length_08/candidate_00,"16998,6169,13538,26828,4316,11453,9938,31189",0,0.11200663739257699,0.11200663739257699,0.9420413180776028,1.75,8,True,True,"{'assignment_ari': True, 'cluster_mass': True, 'cluster_persistence': True, 'compactness': True, 'coverage': True, 'outliers': True, 'position_coverage': True, 'realizable': True}","{'lambda_star': True, 'occupancy_auc': False}",False,0.11947933574845077,0.05795868192239714,conditional,"16998,6169,13538,26828,4316,11453,9938,31189",gay îm Horse razor cuisine participa BBC Shampoo,0.9420413180776028
9,validation/conditional/length_09/candidate_00,"11424,26010,14849,9953,13857,18286,20359,198,21244",0,0.09974874916698652,0.1076491206735128,0.9457130841559822,1.75,9,True,True,"{'assignment_ari': True, 'cluster_mass': True, 'cluster_persistence': True, 'compactness': True, 'coverage': True, 'outliers': True, 'position_coverage': True, 'realizable': True}","{'lambda_star': True, 'occupancy_auc': False}",False,0.11221844396072643,0.054286915844017826,conditional,"11424,26010,14849,9953,13857,18286,20359,198,21244",musicians capitalism Baptist lawsuit Brexit Running râ și inventor,0.9457130841559822
10,validation/conditional/length_10/candidate_00,"29309,28868,18126,267,7555,20301,21551,1617,23586,3217",0,0.09139449700293187,0.09139449700293187,0.9383833494469809,2.25,10,True,True,"{'assignment_ari': True, 'cluster_mass': True, 'cluster_persistence': True, 'compactness': True, 'coverage': True, 'outliers': True, 'position_coverage': True, 'realizable': True}","{'lambda_star': True, 'occupancy_auc': True}",True,0.0040894206702246395,0.06161665055301918,conditional,"29309,28868,18126,267,7555,20301,21551,1617,23586,3217",cocaine Romney disputes şi forecast Bangkok centr doar superhero showed,0.9383833494469809
11,validation/conditional/length_11/candidate_00,"29038,25305,5676,11812,29061,23543,15552,21985,13379,15880,28472",0,0.09586688328503779,0.10525716909139389,0.9383833494469809,2.0,11,True,True,"{'assignment_ari': True, 'cluster_mass': True, 'cluster_persistence': True, 'compactness': True, 'coverage': True, 'outliers': True, 'position_coverage': True, 'realizable': True}","{'lambda_star': True, 'occupancy_auc': False}",False,0.05079954139806538,0.06161665055301918,conditional,"29038,25305,5676,11812,29061,23543,15552,21985,13379,15880,28472",Achievement Congrats weak cineva Pokemon realization documented Brent trai touched groceries,0.9383833494469809
12,validation/conditional/length_12/candidate_00,"22203,29452,26398,11424,22649,1317,27422,12702,27422,30092,30459,6804",0,0.096377271012497,0.09944722725669149,0.9411255860195108,2.0,12,True,True,"{'assignment_ari': True, 'cluster_mass': True, 'cluster_persistence': True, 'compactness': True, 'coverage': True, 'outliers': True, 'position_coverage': True, 'realizable': True}","{'lambda_star': True, 'occupancy_auc': False}",False,0.03560847991645351,0.058874413980489204,conditional,"22203,29452,26398,11424,22649,1317,27422,12702,27422,30092,30459,6804",Duty unacceptable LGBT musicians Quebec multiple Filipino folk Filipino oublié oatmeal echipa,0.9411255860195108
13,validation/conditional/length_13/candidate_00,"30242,11424,20058,20526,376,3932,7103,18995,12312,23763,600,15391,20920",0,0.08947197486109579,0.09036817843602052,0.9500909351959745,2.0,13,True,True,"{'assignment_ari': True, 'cluster_mass': True, 'cluster_persistence': True, 'compactness': True, 'coverage': True, 'outliers': True, 'position_coverage': True, 'realizable': True}","{'lambda_star': True, 'occupancy_auc': True}",True,0.010052456595932279,0.04990906480402542,conditional,"30242,11424,20058,20526,376,3932,7103,18995,12312,23763,600,15391,20920",boycott musicians animaux abortion him trebui expressed breeding Regard Musk big melodi decizie,0.9447937706677685
14,validation/conditional/length_14/candidate_00,"15368,171,2364,21231,5362,5011,11959,10078,12130,15708,25195,9428,21264,6118",0,0.09736300422800992,0.09736300422800992,0.9411255860195108,2.0,14,True,True,"{'assignment_ari': True, 'cluster_mass': True, 'cluster_persistence': True, 'compactness': True, 'coverage': True, 'outliers': True, 'position_coverage': True, 'realizable': True}","{'lambda_star': True, 'occupancy_auc': True}",True,0.013138634447660849,0.058874413980489204,conditional,"15368,171,2364,21231,5362,5011,11959,10078,12130,15708,25195,9428,21264,6118",studii pour Pentru successes crisis tap Valentine Cooper offensive ridiculous (2013) Nothing validity Disney,0.9411255860195108
15,validation/conditional/length_15/candidate_00,"4289,1723,3411,29184,18031,27358,2511,10473,19313,28263,29391,14358,23921,22644,22815",0,0.09623387559621151,0.09623387559621151,0.9383833494469809,2.0,15,True,True,"{'assignment_ari': True, 'cluster_mass': True, 'cluster_persistence': True, 'compactness': True, 'coverage': True, 'outliers': True, 'position_coverage': True, 'realizable': True}","{'lambda_star': True, 'occupancy_auc': True}",True,0.013219688908684234,0.06161665055301918,conditional,"4289,1723,3411,29184,18031,27358,2511,10473,19313,28263,29391,14358,23921,22644,22815",numai cash Japan Minecraft trotzdem breaches cea admin viaţă reprezentanți nouveauté jocuri trophy persever Pflicht,0.9383833494469809
16,validation/conditional/length_16/candidate_00,"14031,9604,29064,15961,18267,3242,29466,18364,23716,20526,18312,395,17874,1467,25333,16623",0,0.0781785014210571,0.07817850142105709,0.9383833494469809,2.5,16,True,True,"{'assignment_ari': True, 'cluster_mass': True, 'cluster_persistence': True, 'compactness': True, 'coverage': True, 'outliers': True, 'position_coverage': True, 'realizable': True}","{'lambda_star': True, 'occupancy_auc': True}",True,0.0016440208106534386,0.06161665055301918,conditional,"14031,9604,29064,15961,18267,3242,29466,18364,23716,20526,18312,395,17874,1467,25333,16623",accordingly risc Diversity Bryan awkward ourselves malaria drunk MUST abortion cheek „ Freitag parts genul bitcoin,0.9356481517752121
17,validation/conditional/length_17/candidate_00,"16850,14077,789,191,8557,28066,19080,13752,245,17495,13059,2995,9549,11713,6679,16314,29344",0,0.08823945074360644,0.08823945074360644,0.9411255860195108,2.25,17,True,True,"{'assignment_ari': True, 'cluster_mass': True, 'cluster_persistence': True, 'compactness': True, 'coverage': True, 'outliers': True, 'position_coverage': True, 'realizable': True}","{'lambda_star': True, 'occupancy_auc': True}",True,0.0074657723307148885,0.058874413980489204,conditional,"16850,14077,789,191,8557,28066,19080,13752,245,17495,13059,2995,9549,11713,6679,16314,29344",mariage Conditions government pentru mechanism découvert Volkswagen astept une Terri governance gegen mount obligat Holy parade Thrones,0.9383833494469809
18,validation/conditional/length_18/candidate_00,"13446,22122,6309,2171,617,25372,14499,4218,29796,4442,21966,708,9034,6450,28376,25767,23485,20304",0,0.09392743276777488,0.1018741460454256,0.9438368585341838,1.75,18,True,True,"{'assignment_ari': True, 'cluster_mass': True, 'cluster_persistence': True, 'compactness': True, 'coverage': True, 'outliers': True, 'position_coverage': True, 'realizable': True}","{'lambda_star': True, 'occupancy_auc': False}",False,0.08147435400617642,0.05616314146581621,conditional,"13446,22122,6309,2171,617,25372,14499,4218,29796,4442,21966,708,9034,6450,28376,25767,23485,20304",politicians dioxide somewhat muss add resignation favour Arts Londra Congress Podcast started Bear checking flashlight luptă Feedback username,0.9356481517752121
19,validation/conditional/length_19/candidate_00,"29692,1510,17189,236,3062,2180,5006,713,10000,20604,30307,13696,31168,9936,14526,22518,22617,30018,15306",0,0.08925022673084855,0.09567460933687877,0.9429579112909904,2.0,19,True,True,"{'assignment_ari': True, 'cluster_mass': True, 'cluster_persistence': True, 'compactness': True, 'coverage': True, 'outliers': True, 'position_coverage': True, 'realizable': True}","{'lambda_star': True, 'occupancy_auc': False}",False,0.041141342754995786,0.05704208870900962,conditional,"29692,1510,17189,236,3062,2180,5006,713,10000,20604,30307,13696,31168,9936,14526,22518,22617,30018,15306",ceilalti auto Archiv ein daughter Par catre though aproximativ genauso deficiencies router Kleider dată balloon remerci Blogger adanc turkey,0.9429579112909904
20,validation/conditional/length_20/candidate_00,"2289,26349,191,3046,5712,13328,30170,1758,28532,7179,25333,26246,6871,86,28248,16706,3550,20446,17218,1053",0,0.07691580261428105,0.07691580261428105,0.9559291187209679,2.5,20,True,True,"{'assignment_ari': True, 'cluster_mass': True, 'cluster_persistence': True, 'compactness': True, 'coverage': True, 'outliers': True, 'position_coverage': True, 'realizable': True}","{'lambda_star': True, 'occupancy_auc': True}",True,0.0013080785849885574,0.044070881279032165,conditional,"2289,26349,191,3046,5712,13328,30170,1758,28532,7179,25333,26246,6871,86,28248,16706,3550,20446,17218,1053",loan Brock pentru Twitter promise Contract loneliness Windows deosebir vraiment genul distrus pizza In Panda Syrian unde Brandon différence reason,0.9484768678314118
21,validation/conditional/length_21/candidate_00,"4918,29011,2631,6502,17590,6325,30263,26398,9820,6326,464,26334,7643,19820,8971,2732,3202,27566,462,25942,16133",0,0.0938975892271444,0.0938975892271444,0.9411255860195108,2.0,21,True,True,"{'assignment_ari': True, 'cluster_mass': True, 'cluster_persistence': True, 'compactness': True, 'coverage': True, 'outliers': True, 'position_coverage': True, 'realizable': True}","{'lambda_star': True, 'occupancy_auc': True}",True,0.019970880150979347,0.058874413980489204,conditional,"4918,29011,2631,6502,17590,6325,30263,26398,9820,6326,464,26334,7643,19820,8971,2732,3202,27566,462,25942,16133",slot Vector fiecare Catholic Harbor yoga proast LGBT voiture encounter working Cornwall Six wünschen folosi atunci girl autentic offer Random Storm,0.9411255860195108
22,validation/conditional/length_22/candidate_00,"2732,11274,25923,11605,13618,22524,12743,14338,18896,13645,24533,12978,14583,2523,16778,10022,9399,1700,20767,18874,8915,13260",0,0.08322580935724633,0.08322580935724633,0.9420554792661909,2.25,22,True,True,"{'assignment_ari': True, 'cluster_mass': True, 'cluster_persistence': True, 'compactness': True, 'coverage': True, 'outliers': True, 'position_coverage': True, 'realizable': True}","{'lambda_star': True, 'occupancy_auc': True}",True,0.003068168294241519,0.05794452073380905,conditional,"2732,11274,25923,11605,13618,22524,12743,14338,18896,13645,24533,12978,14583,2523,16778,10022,9399,1700,20767,18874,8915,13260",atunci Carr waterfront suppose timeline opini Smartphone surroundings constitutional consciousness Libya attributes Wait Trump Speaker Books inainte dintre Hann soak picking loyalty,0.9374708589286852
23,validation/conditional/length_23/candidate_00,"14658,10736,23582,25976,26813,9118,1884,11812,13203,30674,13432,28430,28090,4655,341,13876,22619,27432,10746,11869,9411,23366,11185",0,0.0872485766003459,0.0891732342446223,0.9568280750532214,2.0,23,True,True,"{'assignment_ari': True, 'cluster_mass': True, 'cluster_persistence': True, 'compactness': True, 'coverage': True, 'outliers': True, 'position_coverage': True, 'realizable': True}","{'lambda_star': True, 'occupancy_auc': True}",True,0.008536639318810596,0.04317192494677857,conditional,"14658,10736,23582,25976,26813,9118,1884,11812,13203,30674,13432,28430,28090,4655,341,13876,22619,27432,10746,11869,9411,23366,11185",sandwich penalty ruhig scarce Carnival sensation prior cineva halten BTW Cultural masiv Snapchat positions still abandoned Minimum imminent $6 Barcelona Michel Ballet precisely,0.9512500172757237
24,validation/conditional/length_24/candidate_00,"1960,8950,2765,25073,12381,29411,11926,14368,10439,759,6913,10446,19936,6853,28820,23373,1918,21476,11754,14519,5151,6514,2195,3014",0,0.0885978028731877,0.08859780287318772,0.9402106939437033,2.25,24,True,True,"{'assignment_ari': True, 'cluster_mass': True, 'cluster_persistence': True, 'compactness': True, 'coverage': True, 'outliers': True, 'position_coverage': True, 'realizable': True}","{'lambda_star': True, 'occupancy_auc': True}",True,0.0062542456545783874,0.05978930605629668,conditional,"1960,8950,2765,25073,12381,29411,11926,14368,10439,759,6913,10446,19936,6853,28820,23373,1918,21476,11754,14519,5151,6514,2195,3014",Today pad workers pamant hadn Puzzle easiest gasit NFL lui cafe verify BUT pune logistic suspicion regarding preţ mechanic enthalten certification Final tree selling,0.9402106939437033
25,validation/conditional/length_25/candidate_00,"18239,6019,25693,11813,28289,21420,3888,3052,4390,6109,28908,27020,5153,28994,4156,6777,18274,978,18483,19643,23526,28439,28088,30393,6292",0,0.08431780641219191,0.08505644073227298,0.9604442808759819,2.25,25,True,True,"{'assignment_ari': True, 'cluster_mass': True, 'cluster_persistence': True, 'compactness': True, 'coverage': True, 'outliers': True, 'position_coverage': True, 'realizable': True}","{'lambda_star': True, 'occupancy_auc': True}",True,0.006601986226063293,0.03955571912401815,conditional,"18239,6019,25693,11813,28289,21420,3888,3052,4390,6109,28908,27020,5153,28994,4156,6777,18274,978,18483,19643,23526,28439,28088,30393,6292",economies blow longueur Andrea lobster Guarantee 2003 aid television joining wives frustr achieved remake timpul Kim archives His skiing viitoare niemand aranj Reagan Chronic dropped,0.9558951965197733
26,validation/conditional/length_26/candidate_00,"3485,31931,5552,15971,26388,29924,20550,19009,1656,7655,8790,18386,5081,12665,13087,3345,25069,1318,3087,15431,22125,6834,14334,28738,23782,18416",0,0.09655345214031795,0.09655345214031795,0.9383833494469809,2.0,26,True,True,"{'assignment_ari': True, 'cluster_mass': True, 'cluster_persistence': True, 'compactness': True, 'coverage': True, 'outliers': True, 'position_coverage': True, 'realizable': True}","{'lambda_star': True, 'occupancy_auc': False}",False,0.049195236764312304,0.06161665055301918,conditional,"3485,31931,5552,15971,26388,29924,20550,19009,1656,7655,8790,18386,5081,12665,13087,3345,25069,1318,3087,15431,22125,6834,14334,28738,23782,18416",counter Journalism dafür NASA totodat gewährleistet attacking prévu benefit davon destul Herausforderung cookies Leadership Roh depending articolul Im CA bean prevăzut Want sezon consili swear Hochzeit,0.9383833494469809
27,validation/conditional/length_27/candidate_00,"30242,2162,19643,2637,1585,6765,23610,27241,20115,8146,3363,23699,28264,18942,17007,11472,27854,1706,8730,1510,8935,12778,26824,9241,15135,25144,24219",0,0.08342896942414009,0.0855250165280698,0.9383833494469809,2.0,27,True,True,"{'assignment_ari': True, 'cluster_mass': True, 'cluster_persistence': True, 'compactness': True, 'coverage': True, 'outliers': True, 'position_coverage': True, 'realizable': True}","{'lambda_star': True, 'occupancy_auc': True}",True,0.009510912773149359,0.06161665055301918,conditional,"30242,2162,19643,2637,1585,6765,23610,27241,20115,8146,3363,23699,28264,18942,17007,11472,27854,1706,8730,1510,8935,12778,26824,9241,15135,25144,24219",boycott announced viitoare status platform strange Domestic kettle grundsätzlich Met lassen Rusia ausgeschlossen blender Circuit Tot tarziu condition oamenii auto Template 130 acțiuni epi Pipe HOW comparat,0.9383833494469809
28,validation/conditional/length_28/candidate_00,"15082,17895,1295,9310,14223,31288,582,6903,1533,18514,183,21332,15936,19920,10091,25850,27037,25280,19690,30808,29850,3039,1344,21303,23888,19643,21532,2775",0,0.09597539794840837,0.09597539794840837,0.9383833494469809,2.0,28,True,True,"{'assignment_ari': True, 'cluster_mass': True, 'cluster_persistence': True, 'compactness': True, 'coverage': True, 'outliers': True, 'position_coverage': True, 'realizable': True}","{'lambda_star': True, 'occupancy_auc': True}",True,0.022340419302159815,0.06161665055301918,conditional,"15082,17895,1295,9310,14223,31288,582,6903,1533,18514,183,21332,15936,19920,10091,25850,27037,25280,19690,30808,29850,3039,1344,21303,23888,19643,21532,2775",einzige schimbat approach Bitcoin empower Peugeot become grill Ar impress am prediction participat lunar Bot computational Blockchain dictator Wool McKe Constanta Dans develop Gru Luxembourg viitoare informaţii 80,0.9383833494469809
29,validation/conditional/length_29/candidate_00,"10263,646,24131,5466,2798,30315,3259,19786,30141,15398,29094,12504,10176,5749,552,11588,27763,31541,14094,25179,18171,12541,17728,22943,9116,20004,4831,198,16746",0,0.09480409034662142,0.09555884535757614,0.9383833494469809,1.75,29,True,True,"{'assignment_ari': True, 'cluster_mass': True, 'cluster_persistence': True, 'compactness': True, 'coverage': True, 'outliers': True, 'position_coverage': True, 'realizable': True}","{'lambda_star': True, 'occupancy_auc': False}",False,0.040184160281627704,0.06161665055301918,conditional,"10263,646,24131,5466,2798,30315,3259,19786,30141,15398,29094,12504,10176,5749,552,11588,27763,31541,14094,25179,18171,12541,17728,22943,9116,20004,4831,198,16746",prospect left voilà consult Ben primordial Bill Pete synonymous lender unkompliziert Used Mach guidelines until Corporate spați Malawi crust iphone Warm tires admire Joel slide montagne justice și tendance,0.9383833494469809
30,validation/conditional/length_30/candidate_00,"2527,2418,352,28158,6680,9266,28671,24035,2382,8410,28488,20595,1305,19545,16818,6786,1055,5619,31165,12188,874,30424,17687,14658,9084,21644,19795,1636,19243,625",0,0.09562863712217559,0.09562863712217559,0.9457130841559822,1.75,30,True,True,"{'assignment_ari': True, 'cluster_mass': True, 'cluster_persistence': True, 'compactness': True, 'coverage': True, 'outliers': True, 'position_coverage': True, 'realizable': True}","{'lambda_star': True, 'occupancy_auc': False}",False,0.041287402681135364,0.054286915844017826,conditional,"2527,2418,352,28158,6680,9266,28671,24035,2382,8410,28488,20595,1305,19545,16818,6786,1055,5619,31165,12188,874,30424,17687,14658,9084,21644,19795,1636,19243,625",owner foot going submarine jeu 2) breastfeeding Antique 200 Lor Tuscan guilt favorite smoothie Alba twenty potential depends francophone Brit five Dashboard Luna sandwich Close Mädchen flick -- polyester old,0.9457130841559822
1,validation/shared/length_01/candidate_00,23549,0,0.1581126338691411,0.1581126338691411,0.9480129644707798,1.0,1,True,True,"{'assignment_ari': True, 'cluster_mass': True, 'cluster_persistence': True, 'compactness': True, 'coverage': True, 'outliers': True, 'position_coverage': True, 'realizable': True}","{'lambda_star': False, 'occupancy_auc': False}",False,0.6649357062925153,0.051987035529220196,shared,23549,Diabetes,0.9139732346256616
2,validation/shared/length_02/candidate_00,"27254,13150",0,0.17863842416040762,0.17863842416040762,0.9636329651685496,0.0,2,True,True,"{'assignment_ari': True, 'cluster_mass': True, 'cluster_persistence': True, 'compactness': True, 'coverage': True, 'outliers': True, 'position_coverage': True, 'realizable': True}","{'lambda_star': False, 'occupancy_auc': False}",False,0.8283817328852657,0.0363670348314504,shared,"27254,13150",poultry slope,0.9402106939437033
3,validation/shared/length_03/candidate_00,"820,1700,29125",0,0.13814362610768208,0.1464227155643416,0.9694063068392198,1.25,3,True,True,"{'assignment_ari': True, 'cluster_mass': True, 'cluster_persistence': True, 'compactness': True, 'coverage': True, 'outliers': True, 'position_coverage': True, 'realizable': True}","{'lambda_star': False, 'occupancy_auc': False}",False,0.5262799528891833,0.03059369316078015,shared,"820,1700,29125",clients dintre Notebook,0.947554605521451
4,validation/shared/length_04/candidate_00,"29466,21497,16049,22017",0,0.11931734120423723,0.1247169728991494,0.9453887077329152,1.5,4,True,True,"{'assignment_ari': True, 'cluster_mass': True, 'cluster_persistence': True, 'compactness': True, 'coverage': True, 'outliers': True, 'position_coverage': True, 'realizable': True}","{'lambda_star': True, 'occupancy_auc': False}",False,0.29900955649174393,0.05461129226708488,shared,"29466,21497,16049,22017",malaria disappointing repeatedly Hyundai,0.9211621774602824
5,validation/shared/length_05/candidate_00,"30121,19741,17733,2031,25907",0,0.12242413111726692,0.12828219579511904,0.9612005197613139,1.5,5,True,True,"{'assignment_ari': True, 'cluster_mass': True, 'cluster_persistence': True, 'compactness': True, 'coverage': True, 'outliers': True, 'position_coverage': True, 'realizable': True}","{'lambda_star': True, 'occupancy_auc': False}",False,0.33205011750545116,0.03879948023868608,shared,"30121,19741,17733,2031,25907",taiat niciodata Boat finally Ikea,0.927480386325484
6,validation/shared/length_06/candidate_00,"27971,14860,24083,957,23571,17301",0,0.11745535933768976,0.11818490675725353,0.9618633798637463,1.5,6,True,True,"{'assignment_ari': True, 'cluster_mass': True, 'cluster_persistence': True, 'compactness': True, 'coverage': True, 'outliers': True, 'position_coverage': True, 'realizable': True}","{'lambda_star': True, 'occupancy_auc': False}",False,0.20629501648951099,0.03813662013625373,shared,"27971,14860,24083,957,23571,17301",whiskey Designs Receive 19 Rabatt unbedingt,0.9374708589286852
7,validation/shared/length_07/candidate_00,"17387,23737,11050,3062,17797,23859,4942",0,0.10655322200888645,0.10655322200888644,0.9576715207759985,1.75,7,True,True,"{'assignment_ari': True, 'cluster_mass': True, 'cluster_persistence': True, 'compactness': True, 'coverage': True, 'outliers': True, 'position_coverage': True, 'realizable': True}","{'lambda_star': True, 'occupancy_auc': False}",False,0.08985632446242409,0.04232847922400152,shared,"17387,23737,11050,3062,17797,23859,4942",kiss socialist intimate daughter Partei Toilet putin,0.9329195275049744
8,validation/shared/length_08/candidate_00,"24584,9348,11897,4307,11107,30967,11240,18031",0,0.11501743879820593,0.11806620707571203,0.9747727515530151,1.5,8,True,True,"{'assignment_ari': True, 'cluster_mass': True, 'cluster_persistence': True, 'compactness': True, 'coverage': True, 'outliers': True, 'position_coverage': True, 'realizable': True}","{'lambda_star': True, 'occupancy_auc': False}",False,0.21768239610892404,0.025227248446984915,shared,"24584,9348,11897,4307,11107,30967,11240,18031",punish Could Ukraine accepted Anyway ganduri Charlotte trotzdem,0.9549636564540734
9,validation/shared/length_09/candidate_00,"1067,11247,10308,14837,3932,24181,9057,6324,29744",0,0.10829411150546304,0.10829411150546304,0.944514780625481,1.5,9,True,True,"{'assignment_ari': True, 'cluster_mass': True, 'cluster_persistence': True, 'compactness': True, 'coverage': True, 'outliers': True, 'position_coverage': True, 'realizable': True}","{'lambda_star': True, 'occupancy_auc': False}",False,0.17707729669574065,0.05548521937451906,shared,"1067,11247,10308,14837,3932,24181,9057,6324,29744",outside Bath difficulties blogger trebui charcoal Wedding Rad kidding,0.9229645673972724
10,validation/shared/length_10/candidate_01,"4740,27849,31277,25378,2531,4156,17502,10560,62,18896",1,0.10587378983814602,0.10834519971757908,0.9467003624702184,1.75,10,True,True,"{'assignment_ari': True, 'cluster_mass': True, 'cluster_persistence': True, 'compactness': True, 'coverage': True, 'outliers': True, 'position_coverage': True, 'realizable': True}","{'lambda_star': True, 'occupancy_auc': False}",False,0.11974044119317258,0.0532996375297816,shared,"4740,27849,31277,25378,2531,4156,17502,10560,62,18896",gun irré regrette Skip dacă timpul instruct caracter we constitutional,0.9265760554959197
11,validation/shared/length_11/candidate_00,"3310,18793,25770,20430,21566,26664,27438,31337,1597,3620,12006",0,0.0964696168847491,0.09832859399164298,0.9464816885100971,2.0,11,True,True,"{'assignment_ari': True, 'cluster_mass': True, 'cluster_persistence': True, 'compactness': True, 'coverage': True, 'outliers': True, 'position_coverage': True, 'realizable': True}","{'lambda_star': True, 'occupancy_auc': False}",False,0.03571489629930575,0.05351831148990291,shared,"3310,18793,25770,20430,21566,26664,27438,31337,1597,3620,12006",hatte lider Vatican boundary hilarious Shannon inteleg Tavern developed infrastructure prezenta,0.9175637209155296
12,validation/shared/length_12/candidate_00,"865,2136,9560,3740,13464,4140,11513,20274,7386,11321,16284,30150",0,0.10320880582243774,0.1042317318708889,0.9669592723815936,1.75,12,True,True,"{'assignment_ari': True, 'cluster_mass': True, 'cluster_persistence': True, 'compactness': True, 'coverage': True, 'outliers': True, 'position_coverage': True, 'realizable': True}","{'lambda_star': True, 'occupancy_auc': False}",False,0.05745047340623488,0.03304072761840635,shared,"865,2136,9560,3740,13464,4140,11513,20274,7386,11321,16284,30150",later lack produces dollars dramatically denn cannabis gratis habit 160 ähnlich dringend,0.947554605521451
13,validation/shared/length_13/candidate_00,"16851,23819,8962,13796,12050,5006,23676,21756,30307,26211,25766,24058,22995",0,0.10869374337421372,0.11279712047233824,0.9736512382476713,1.75,13,True,True,"{'assignment_ari': True, 'cluster_mass': True, 'cluster_persistence': True, 'compactness': True, 'coverage': True, 'outliers': True, 'position_coverage': True, 'realizable': True}","{'lambda_star': True, 'occupancy_auc': False}",False,0.143665363827975,0.026348761752328694,shared,"16851,23819,8962,13796,12050,5006,23676,21756,30307,26211,25766,24058,22995",financially Nachde besteht Prä unfortunately catre slider gratuitement deficiencies arcade Transition viteza Cookie,0.9605739764963356
14,validation/shared/length_14/candidate_00,"2694,30629,6672,13265,13381,23447,3342,3342,11843,2451,11337,2732,22809,7303",0,0.08814288980622324,0.08860205765571277,0.9517374749882974,2.25,14,True,True,"{'assignment_ari': True, 'cluster_mass': True, 'cluster_persistence': True, 'compactness': True, 'coverage': True, 'outliers': True, 'position_coverage': True, 'realizable': True}","{'lambda_star': True, 'occupancy_auc': True}",True,0.007778208457356683,0.04826252501170261,shared,"2694,30629,6672,13265,13381,23447,3342,3342,11843,2451,11337,2732,22809,7303",Menschen Slovakia literally copiilor conscious inferior sta sta connaissance secure Christians atunci incercat Simply,0.9292908777238242
15,validation/shared/length_15/candidate_00,"4841,695,29405,13318,17464,16953,3411,22114,7096,13382,22180,11214,22439,11141,17572",0,0.10138004278809058,0.10807727356271131,0.9656273720160027,1.75,15,True,True,"{'assignment_ari': True, 'cluster_mass': True, 'cluster_persistence': True, 'compactness': True, 'coverage': True, 'outliers': True, 'position_coverage': True, 'realizable': True}","{'lambda_star': True, 'occupancy_auc': False}",False,0.10970544579176182,0.03437262798399734,shared,"4841,695,29405,13318,17464,16953,3411,22114,7096,13382,22180,11214,22439,11141,17572",». En Grigor Conseil Lob missile Japan vrem whil charter Erwachsene striking Sanders handelt greenhouse,0.9503245421397193
16,validation/shared/length_16/candidate_00,"9388,17578,3912,991,18073,17416,2411,13927,17909,5006,14190,341,29773,29503,27707,29831",0,0.09435613121460386,0.09745134070884705,0.9456072525428052,2.0,16,True,True,"{'assignment_ari': True, 'cluster_mass': True, 'cluster_persistence': True, 'compactness': True, 'coverage': True, 'outliers': True, 'position_coverage': True, 'realizable': True}","{'lambda_star': True, 'occupancy_auc': False}",False,0.046192454284521345,0.05439274745719476,shared,"9388,17578,3912,991,18073,17416,2411,13927,17909,5006,14190,341,29773,29503,27707,29831",babies Finish mom lead Beer Gov maximum Marvel Sinn catre Jetzt still embarrassed lurk transmitter diplôme,0.9193619193871334
17,validation/shared/length_17/candidate_00,"8723,125,22640,29658,14076,29228,16379,1609,28926,21097,2682,1617,28521,7089,16574,11162,17066",0,0.09725472549334335,0.09725472549334335,0.9506411577757377,2.0,17,True,True,"{'assignment_ari': True, 'cluster_mass': True, 'cluster_persistence': True, 'compactness': True, 'coverage': True, 'outliers': True, 'position_coverage': True, 'realizable': True}","{'lambda_star': True, 'occupancy_auc': False}",False,0.04060619240373986,0.04935884222426237,shared,"8723,125,22640,29658,14076,29228,16379,1609,28926,21097,2682,1617,28521,7089,16574,11162,17066",toys what Hitler exklusive castig clergy detox Get Guerre locking bon doar Identity coloring Robot absolut moarte,0.9329195275049744
18,validation/shared/length_18/candidate_00,"2732,18114,8611,12143,29151,4341,6812,5429,18347,22187,30214,10568,13043,14233,11475,13091,29909,6202",0,0.07795585033000724,0.08024599943938121,0.9512988578617776,2.5,18,True,True,"{'assignment_ari': True, 'cluster_mass': True, 'cluster_persistence': True, 'compactness': True, 'coverage': True, 'outliers': True, 'position_coverage': True, 'realizable': True}","{'lambda_star': True, 'occupancy_auc': True}",True,0.0018093188163181544,0.04870114213822246,shared,"2732,18114,8611,12143,29151,4341,6812,5429,18347,22187,30214,10568,13043,14233,11475,13091,29909,6202",atunci Thunder everybody mere turtle candidates talked Ali Similar improper Witness ANY vede repede Yeah primar Turtle mistake,0.9283853231043511
19,validation/shared/length_19/candidate_00,"24353,12638,22708,13416,26318,30863,11249,25468,6868,30794,20566,29548,23874,10841,16929,18041,9639,2673,100",0,0.10176977532390731,0.10354907650033374,0.946919062738116,1.75,19,True,True,"{'assignment_ari': True, 'cluster_mass': True, 'cluster_persistence': True, 'compactness': True, 'coverage': True, 'outliers': True, 'position_coverage': True, 'realizable': True}","{'lambda_star': True, 'occupancy_auc': False}",False,0.06387296320945911,0.05308093726188406,shared,"24353,12638,22708,13416,26318,30863,11249,25468,6868,30794,20566,29548,23874,10841,16929,18041,9639,2673,100",sfârșit nobody aunt partnerships foloseste Paol acela liabilities Cut Anthropolog excursi vremuri whisper aşa eaten Swan profil operations This,0.9229645673972724
20,validation/shared/length_20/candidate_00,"10508,20117,647,12130,13746,13084,31236,25112,2932,29128,12816,16197,16623,23511,7386,26046,15023,561,17411,1879",0,0.102769453719113,0.1031466009136691,0.9442963611354985,1.75,20,True,True,"{'assignment_ari': True, 'cluster_mass': True, 'cluster_persistence': True, 'compactness': True, 'coverage': True, 'outliers': True, 'position_coverage': True, 'realizable': True}","{'lambda_star': True, 'occupancy_auc': False}",False,0.12220356515834467,0.05570363886450144,shared,"10508,20117,647,12130,13746,13084,31236,25112,2932,29128,12816,16197,16623,23511,7386,26046,15023,561,17411,1879",Thailand definitiv future offensive offset finishes usturoi craftsmanship thus présidentielle sine socket bitcoin Spiritual habit bullying Fuß um Gerade overall,0.9238665856516081
21,validation/shared/length_21/candidate_00,"31193,16929,6978,2010,28521,30553,15916,6025,28086,11474,5552,17818,26358,21173,3460,25452,1318,15411,1218,3307,7953",0,0.10106448619154114,0.1031218656007723,0.9456072525428052,1.75,21,True,True,"{'assignment_ari': True, 'cluster_mass': True, 'cluster_persistence': True, 'compactness': True, 'coverage': True, 'outliers': True, 'position_coverage': True, 'realizable': True}","{'lambda_star': True, 'occupancy_auc': False}",False,0.11104339158913323,0.05439274745719476,shared,"31193,16929,6978,2010,28521,30553,15916,6025,28086,11474,5552,17818,26358,21173,3460,25452,1318,15411,1218,3307,7953",figurine eaten representative habe Identity compétent linen worst Communities recruit dafür zusätzliche Utilis Erik Valley réforme Im determina computer Mais Tru,0.9256723191224512
22,validation/shared/length_22/candidate_00,"198,21796,19304,9289,13818,28181,29197,24993,24308,17839,15653,27204,31837,23586,2344,27430,18174,15902,7953,15273,4083,11343",0,0.09658681343648544,0.0986372054176285,0.9554708361034787,1.75,22,True,True,"{'assignment_ari': True, 'cluster_mass': True, 'cluster_persistence': True, 'compactness': True, 'coverage': True, 'outliers': True, 'position_coverage': True, 'realizable': True}","{'lambda_star': True, 'occupancy_auc': False}",False,0.06463081509725864,0.0445291638965213,shared,"198,21796,19304,9289,13818,28181,29197,24993,24308,17839,15653,27204,31837,23586,2344,27430,18174,15902,7953,15273,4083,11343",și Distribu Kann adequate waters positif Conclusion salsa Jupiter Kirk bringt replay gesichert superhero IT asuma goat backgrounds Tru holy RE oficial,0.9374708589286852
23,validation/shared/length_23/candidate_00,"24716,3242,4588,3938,6082,25544,5105,11264,3173,23641,19731,6886,16736,8063,19703,13886,2830,15706,1617,2732,8835,18592,9415",0,0.10405841959670474,0.10466888503593895,0.9442963611354985,1.75,23,True,True,"{'assignment_ari': True, 'cluster_mass': True, 'cluster_persistence': True, 'compactness': True, 'coverage': True, 'outliers': True, 'position_coverage': True, 'realizable': True}","{'lambda_star': True, 'occupancy_auc': False}",False,0.10332554871920235,0.05570363886450144,shared,"24716,3242,4588,3938,6082,25544,5105,11264,3173,23641,19731,6886,16736,8063,19703,13886,2830,15706,1617,2732,8835,18592,9415",modelling ourselves Alt recovery inspection convainc obtained funded units Affordable blended gained Flight passe bandwidth Pont Chinese Elektro doar atunci Cash genius Simple,0.9184625670473855
24,validation/shared/length_24/candidate_00,"30609,12050,13840,1088,17003,30629,11995,25523,13061,16595,396,13204,31249,3519,23030,14805,15172,8679,28213,15693,10110,11107,2827,9399",0,0.0973796585211686,0.09962556203651185,0.9554708361034787,1.75,24,True,True,"{'assignment_ari': True, 'cluster_mass': True, 'cluster_persistence': True, 'compactness': True, 'coverage': True, 'outliers': True, 'position_coverage': True, 'realizable': True}","{'lambda_star': True, 'occupancy_auc': False}",False,0.06313015445347608,0.0445291638965213,shared,"30609,12050,13840,1088,17003,30629,11995,25523,13061,16595,396,13204,31249,3519,23030,14805,15172,8679,28213,15693,10110,11107,2827,9399",Mehrheit unfortunately pressing party iPod Slovakia Hil fühlt conception proximity too Technik intimacy min accru entsprechende décision weniger entière keyword bă Anyway truth inainte,0.9347379014020846
25,validation/shared/length_25/candidate_00,"30040,22668,17973,16339,3289,20301,2055,442,14105,6798,24927,23167,6845,6089,11107,11252,6866,19970,28018,23454,8043,17621,25703,1594,28223",0,0.09828159791583663,0.1038627826708045,0.9707441479456441,1.75,25,True,True,"{'assignment_ari': True, 'cluster_mass': True, 'cluster_persistence': True, 'compactness': True, 'coverage': True, 'outliers': True, 'position_coverage': True, 'realizable': True}","{'lambda_star': True, 'occupancy_auc': False}",False,0.08255703555603915,0.029255852054355835,shared,"30040,22668,17973,16339,3289,20301,2055,442,14105,6798,24927,23167,6845,6089,11107,11252,6866,19970,28018,23454,8043,17621,25703,1594,28223","pollutants exercising caractère atac launch Bangkok income post 25, Think Brady urca gilt behalf Anyway conservative Mitarbeiter legatura motherboard Thread AT barbecue saturated schon Correct",0.9503245421397193
26,validation/shared/length_26/candidate_00,"1168,7673,3290,9739,22885,3119,11236,2988,24662,25884,29837,2927,3056,21308,8034,27319,9590,12848,7752,6123,23605,1648,19341,19635,15609,30674",0,0.08992157834035391,0.09361415138968635,0.9543718064005381,2.0,26,True,True,"{'assignment_ari': True, 'cluster_mass': True, 'cluster_persistence': True, 'compactness': True, 'coverage': True, 'outliers': True, 'position_coverage': True, 'realizable': True}","{'lambda_star': True, 'occupancy_auc': False}",False,0.03191255336027946,0.04562819359946191,shared,"1168,7673,3290,9739,22885,3119,11236,2988,24662,25884,29837,2927,3056,21308,8034,27319,9590,12848,7752,6123,23605,1648,19341,19635,15609,30674",» knock wouldn engineer Nah cities promises cand scholar télécharger Punch assistance names calatori holes cliché endless floating unknown intelligence inklusive Best potentiel freshly Verb BTW,0.9311038901595574
27,validation/shared/length_27/candidate_00,"20518,26046,3059,1527,11896,25004,4724,1432,3285,22372,18050,30811,1611,20887,13319,4447,385,1189,8671,24927,26388,31035,17067,3983,2088,11785,17921",0,0.09873182803537252,0.09938876629382369,0.9638543710812089,1.75,27,True,True,"{'assignment_ari': True, 'cluster_mass': True, 'cluster_persistence': True, 'compactness': True, 'coverage': True, 'outliers': True, 'position_coverage': True, 'realizable': True}","{'lambda_star': True, 'occupancy_auc': False}",False,0.05698998367284081,0.036145628918791126,shared,"20518,26046,3059,1527,11896,25004,4724,1432,3285,22372,18050,30811,1611,20887,13319,4447,385,1189,8671,24927,26388,31035,17067,3983,2088,11785,17921",rendered bullying Tom gives Jews Banner loans pick cheese verbessern Nathan Thomson European Keller imagini calm little cover Frei Brady totodat Statut waterfall euro wasn autant traditionnel,0.9447937706677685
28,validation/shared/length_28/candidate_00,"763,29335,15473,20083,30723,617,21569,1416,27679,3421,24657,15700,5959,2486,28297,290,29727,1605,11585,30091,15924,22219,14442,28742,26733,24321,8012,10836",0,0.09978028297522884,0.10666656337819476,0.9631902944192424,1.75,28,True,True,"{'assignment_ari': True, 'cluster_mass': True, 'cluster_persistence': True, 'compactness': True, 'coverage': True, 'outliers': True, 'position_coverage': True, 'realizable': True}","{'lambda_star': True, 'occupancy_auc': False}",False,0.11753807807709599,0.03680970558075763,shared,"763,29335,15473,20083,30723,617,21569,1416,27679,3421,24657,15700,5959,2486,28297,290,29727,1605,11585,30091,15924,22219,14442,28742,26733,24321,8012,10836",noch vomiting counterpart Chic manevr add entstanden looks reconcil instance Philosoph expenditure Gegen programme feasibility There erreichbar watch departe constructii Mason negru clause misconduct Englisch Spiegel Nice poster,0.9420413180776028
29,validation/shared/length_29/candidate_00,"14461,16776,27784,13045,4764,29808,25800,21380,10663,17761,6206,31823,20220,1736,753,24116,21541,19616,19741,2171,31820,30269,25170,12370,327,12256,20511,10568,11475",0,0.10192600195358256,0.10196819784513522,0.9471377894770451,1.75,29,True,True,"{'assignment_ari': True, 'cluster_mass': True, 'cluster_persistence': True, 'compactness': True, 'coverage': True, 'outliers': True, 'position_coverage': True, 'realizable': True}","{'lambda_star': True, 'occupancy_auc': False}",False,0.09529535371771798,0.05286221052295488,shared,"14461,16776,27784,13045,4764,29808,25800,21380,10663,17761,6206,31823,20220,1736,753,24116,21541,19616,19741,2171,31820,30269,25170,12370,327,12256,20511,10568,11475","crimes rezerv CCTV seemingly blend trajet Neck spectator agreements intalni Ann unilateral graduat met features Trent payout Lebensmittel niciodata muss unrealistic Sfant bolnav 19, vous libraries interference ANY Yeah",0.9265760554959197
30,validation/shared/length_30/candidate_00,"1200,3935,1158,4657,2013,8528,30353,6328,19217,2891,17370,26071,16297,10039,3716,10412,8922,9555,9005,1065,29488,3683,26629,3504,5532,4147,11725,11291,4431,24460",0,0.10519339406398139,0.10733679872114416,0.9556907446627847,1.5,30,True,True,"{'assignment_ari': True, 'cluster_mass': True, 'cluster_persistence': True, 'compactness': True, 'coverage': True, 'outliers': True, 'position_coverage': True, 'realizable': True}","{'lambda_star': True, 'occupancy_auc': False}",False,0.14522343080360836,0.04430925533721529,shared,"1200,3935,1158,4657,2013,8528,30353,6328,19217,2891,17370,26071,16297,10039,3716,10412,8922,9555,9005,1065,29488,3683,26629,3504,5532,4147,11725,11291,4431,24460",longer cre couple serves wine Chef préférence OS discret whatever découverte Celebr Graphic Lock participate meditation react realistic prompt ready Frühjahr talent stubborn Har Fre situations wallet Really fundamental fictional,0.9301970624929703
