rank,pool_sequence,component_token_ids,trigger,objective,constraint_violation,feasible,low_gain_mean,low_gain_q10,high_gain_q05,high_gain_mean,displacement_q05,displacement_q05_mean_modes,compactness_loss,compact_radius_q95,triggered_pairwise_similarity,center_norm,local_uniqueness_lower_bound,violation_repulsion,violation_compact_radius,violation_high_tail,violation_low_gain,violation_local_uniqueness
1,"0,240,195,229,16","30332,16145,12743,3147,20538",lucrarea earthquake Smartphone 300 trage,0.22149223510017113,2.992513010067265,False,0.2846576332622296,0.25399951094804074,0.0023859020258270303,0.06737711295146573,0.37724962103563864,0.3835390374329714,0.12633079632411692,0.41709988123698394,0.8695940166976858,0.9347027354597198,-0.0398502602013453,0.0,0.0,0.0,0.0,2.992513010067265
2,"0,240,195,214,16","30332,16145,12743,13525,20538",lucrarea earthquake Smartphoneără trage,0.23242761004989532,3.053307450032238,False,0.29190257691223837,0.25496213532678724,0.002352875377658492,0.06906037406088607,0.37280953636936254,0.37754521658846096,0.1189499337246861,0.4138756853700073,0.8772129716390337,0.9386426723068336,-0.04106614900064476,0.0,0.0,0.0,0.0,3.053307450032238
3,"0,240,195,16,214","30332,16145,12743,20538,13525",lucrarea earthquake Smartphone trageără,0.23797434069180418,3.106171240625507,False,0.2971485142097003,0.26070981698631046,0.0024132519740379943,0.06987000307443665,0.37016198672094297,0.38218619390032726,0.11834834703579222,0.4122854115334531,0.8778339643501499,0.938963073269768,-0.042123424812510135,0.0,0.0,0.0,0.0,3.106171240625507
4,"110,240,173,214,195","24243,16145,19845,13525,12743", événements earthquakeAiciără Smartphone,0.20743634384423365,3.219464818003189,False,0.2769939178155428,0.2262998738928541,0.002010100867556075,0.059565908355812984,0.392930341667991,0.4062653819828579,0.13911514794261826,0.4373196380280548,0.8563972666398779,0.927838807152073,-0.04438929636006378,0.0,0.0,0.0,0.0,3.219464818003189
5,"251,240,195,16,240","694,16145,12743,20538,16145", fun earthquake Smartphone trage earthquake,0.19860743962899663,3.2595361308297455,False,0.27044748509818817,0.22356672110714224,0.0022656291132848562,0.062128331509733764,0.3959697501176771,0.41255592179604106,0.14368009093838308,0.441160472734272,0.8516850674184433,0.925375550283028,-0.0451907226165949,0.0,0.0,0.0,0.0,3.2595361308297455
6,"251,240,195,214,240","694,16145,12743,13525,16145", fun earthquake Smartphoneără earthquake,0.20671002486248835,3.4392111539228742,False,0.27489486604676894,0.23786653378538786,0.0022264506869423273,0.06458612903860585,0.38693012451791337,0.40239128494287973,0.13636968236856117,0.43571434759637084,0.8592312956195498,0.9293171243614522,-0.04878422307845748,0.0,0.0,0.0,0.0,3.4392111539228742
7,"0,44,195,214,240","30332,15843,12743,13525,16145",lucrarea shaft Smartphoneără earthquake,0.2186336578889146,3.4926254917747057,False,0.28317398228858126,0.24627178951917889,0.0023781372173980854,0.06682740050827664,0.3730394547732453,0.3797417211563716,0.12908064879933334,0.4228919646087394,0.866755459303914,0.9332305991557857,-0.04985250983549411,0.0,0.0,0.0,0.0,3.4926254917747057
8,"0,240,195,229,214","30332,16145,12743,3147,13525",lucrarea earthquake Smartphone 300ără,0.23197468606292665,3.542230299988621,False,0.2914015360767697,0.25755092023118664,0.002541029660000077,0.06868388455326457,0.36836435002932655,0.3763941828541582,0.11885370002768614,0.41920895602909897,0.8773123096488401,0.9386939330646139,-0.05084460599977242,0.0,0.0,0.0,0.0,3.542230299988621
9,"0,44,195,16,240","30332,15843,12743,20538,16145",lucrarea shaft Smartphone trage earthquake,0.20903590792900922,3.5716454483536766,False,0.2756745591475607,0.24461850355311932,0.0022899232214839303,0.06479696336681252,0.3823931637538349,0.3880289330177547,0.133277302437103,0.43382607272090845,0.8624234297423453,0.930979429183533,-0.05143290896707353,0.0,0.0,0.0,0.0,3.5716454483536766
10,"0,44,195,214,16","30332,15843,12743,13525,20538",lucrarea shaft Smartphoneără trage,0.20319010946485438,3.704180105816567,False,0.2717197055629384,0.23436324463749786,0.0022262233403376685,0.06445867935584426,0.37333328089782236,0.3787698815294154,0.13705919219616802,0.4274168830141537,0.8585195435394395,0.9289460736791086,-0.05408360211633134,0.0,0.0,0.0,0.0,3.704180105816567
11,"0,205,195,214,240","30332,24903,12743,13525,16145",lucrarea dispus Smartphoneără earthquake,0.2107679899155001,3.7059365050961737,False,0.2767943297051882,0.25194799294531717,0.0022524351665325513,0.06661821420114088,0.38149062763754293,0.38347689892691267,0.13205267957937616,0.4356093577394664,0.8636875565632246,0.9316369037455654,-0.05411873010192347,0.0,0.0,0.0,0.0,3.7059365050961737
12,"236,240,195,214,16","24742,16145,12743,13525,20538",estival earthquake Smartphoneără trage,0.20973084674087572,3.719059504089602,False,0.2773120559606074,0.22581180799313935,0.00206284482269033,0.060439777922420966,0.3904313722031855,0.4014532806565528,0.1351624184394633,0.44481256228497756,0.8604775035463604,0.9299664410937293,-0.05438119008179204,0.0,0.0,0.0,0.0,3.719059504089602
13,"236,240,195,214,44","24742,16145,12743,13525,15843",estival earthquake Smartphoneără shaft,0.20680809501737957,3.735869088874518,False,0.2758360303702778,0.22329254586400418,0.0020827279406834486,0.06326505571971898,0.3924529233661276,0.40567895581281793,0.1380558707057965,0.44717030514361794,0.8574907141101455,0.9284094620878244,-0.05471738177749036,0.0,0.0,0.0,0.0,3.735869088874518
14,"0,240,195,214,44","30332,16145,12743,13525,15843",lucrarea earthquake Smartphoneără shaft,0.22402552662879316,3.7632651669158292,False,0.2848997794403558,0.25350008456227335,0.0023826849726252264,0.06701061362729639,0.3633803110553301,0.36777729266578146,0.12174850562312534,0.41864561439364667,0.8743241232277416,0.9371507319406386,-0.055265303338316585,0.0,0.0,0.0,0.0,3.7632651669158292
15,"0,240,58,229,16","30332,16145,28310,3147,20538",lucrarea earthquake Illustration 300 trage,0.21124423663545877,3.810396739281168,False,0.2764712957737543,0.24143176850954481,0.0022976605337365562,0.06345546998128958,0.36956902272668735,0.37136802520699647,0.13045411827659104,0.4257769575123107,0.865337684359648,0.9324944405857919,-0.05620793478562336,0.0,0.0,0.0,0.0,3.810396739281168
16,"0,240,195,214,0","30332,16145,12743,13525,30332",lucrarea earthquake Smartphoneărălucrarea,0.25160122335482493,3.8646273433088707,False,0.3037074054851918,0.27194327308615196,0.002476029904259891,0.07402512610918036,0.3450740253899312,0.35404785322028287,0.10421236426073377,0.4020850879926761,0.8924259465695651,0.9464605832993079,-0.05701106260274491,0.014074213171625067,0.0,0.0,0.0,3.8505531301372455
17,"236,240,195,229,16","24742,16145,12743,3147,20538",estival earthquake Smartphone 300 trage,0.20796315021419504,3.9136926577899986,False,0.2764777699065784,0.21513161741970438,0.0021622023154763584,0.06203968725530904,0.39740719441023076,0.40861060110426045,0.13702923938476674,0.45543930086109324,0.8585504625705633,0.928962195471502,-0.058032106450862486,0.0,0.012087335246873849,0.0,0.0,3.9016053225431246
18,"236,240,195,84,16","24742,16145,12743,24023,20538",estival earthquake Smartphone LORD trage,0.1956825266707894,3.9763365811181943,False,0.2675899649722944,0.22428078082943165,0.0021394183125825806,0.060723418526227695,0.3904590904607664,0.3993599843754576,0.14381487660301007,0.44998582208313026,0.8515459338291509,0.9253027198690112,-0.05952673162236388,0.0,0.0,0.0,0.0,3.9763365811181943
19,"236,240,195,16,240","24742,16145,12743,20538,16145",estival earthquake Smartphone trage earthquake,0.19042743109710297,3.9813254437161785,False,0.2628943939435739,0.22348022372889484,0.002143227653034957,0.061937419366822594,0.39068428129855226,0.4027460534979286,0.14493392569294183,0.45029756505913643,0.8503907863814794,0.9246978286483959,-0.05961328376058417,0.0,0.0006612556869698169,0.0,0.0,3.9806641880292086
20,"110,240,58,214,195","24243,16145,28310,13525,12743", événements earthquake Illustrationără Smartphone,0.19972081946153858,4.046547226589377,False,0.2718383724133098,0.23264284597064983,0.001697797611015889,0.062019730602803226,0.3767761647587179,0.398881122253077,0.1442351059035425,0.43770710929050544,0.8511121487447303,0.9250756153398799,-0.060930944531787545,0.0,0.0,0.0,0.0,4.046547226589377
21,"236,240,195,214,64","24742,16145,12743,13525,30828",estival earthquake SmartphoneărăDOWN,0.19803834515391378,4.048088176534558,False,0.2706079557441909,0.2276233791740424,0.002110569514079086,0.0603695784250613,0.3930455434359072,0.4003339229117388,0.14513922118055422,0.45383678326589205,0.8501788684587828,0.9245868151879767,-0.060791239829984856,0.0,0.008526185035315647,0.0,0.0,4.039561991499243
22,"236,240,195,214,240","24742,16145,12743,13525,16145",estival earthquake Smartphoneără earthquake,0.20240109024133335,4.108291095966487,False,0.2718870657481188,0.2357015299432359,0.002078783498482656,0.0637032138454386,0.3839420415874415,0.3977021979704512,0.13897195101357085,0.44610786350677123,0.8565450828247011,0.9279159708650504,-0.06216582191932973,0.0,0.0,0.0,0.0,4.108291095966487
23,"100,240,195,214,240","14338,16145,12743,13525,16145", surroundings earthquake Smartphoneără earthquake,0.19025261599339588,4.155684784117735,False,0.2632091429820124,0.22935947080266894,0.0019000530871562283,0.05940712261953699,0.37672502214585674,0.3853894018300739,0.1459130539772331,0.43983871782821143,0.8493800733138239,0.9241682455174312,-0.0631136956823547,0.0,0.0,0.0,0.0,4.155684784117735
24,"251,240,195,214,16","694,16145,12743,13525,20538", fun earthquake Smartphoneără trage,0.20501811094305478,4.164892648068357,False,0.27514632297463937,0.22692556278876327,0.0020729129427769556,0.06225431350138199,0.3762658732925042,0.3972397351620917,0.14025642406316918,0.43956372625387136,0.8552191751605995,0.9272235846530387,-0.06329785296136714,0.0,0.0,0.0,0.0,4.164892648068357
25,"0,240,18,214,195","30332,16145,12487,13525,12743",lucrarea earthquake adjacentără Smartphone,0.22764939627792108,4.167358184003133,False,0.28879444299868934,0.261754162403113,0.0024139331577367586,0.06931211879592603,0.3651796228963874,0.3672505802046431,0.12229009344153652,0.42852678657645005,0.873765064834543,0.9368617328925669,-0.06334716368006266,0.0,0.0,0.0,0.0,4.167358184003133
26,"100,240,195,214,16","14338,16145,12743,13525,20538", surroundings earthquake Smartphoneără trage,0.20256701126235255,4.192600709663468,False,0.2732700058357105,0.23290773492006855,0.001896819398181665,0.06099250657587137,0.37289997075801357,0.3873013372357084,0.14140598914671587,0.4367519849512829,0.8540325273324223,0.9266034809201205,-0.06385201419326936,0.0,0.0,0.0,0.0,4.192600709663468
27,"206,240,195,214,16","17140,16145,12743,13525,20538",liga earthquake Smartphoneără trage,0.18988273410182888,4.202386861680254,False,0.26340460611333383,0.21662026554041927,0.001853763763871358,0.058727891700361634,0.38367444967679454,0.39670238787811946,0.1470437440230099,0.4477221869103996,0.8482129093956027,0.9235563090450901,-0.06404773723360507,0.0,0.0,0.0,0.0,4.202386861680254
28,"0,205,195,229,16","30332,24903,12743,3147,20538",lucrarea dispus Smartphone 300 trage,0.1986331662909136,4.2049310239677835,False,0.2681926393135416,0.2373748845291826,0.002197544832423448,0.06490410854988495,0.3680678863890674,0.36993661332662553,0.139118946045256,0.43216650686842306,0.8563933460178003,0.9278367604027898,-0.06409862047935566,0.0,0.0,0.0,0.0,4.2049310239677835
29,"0,240,58,214,195","30332,16145,28310,13525,12743",lucrarea earthquake Illustrationără Smartphone,0.22608016209718285,4.254303282116528,False,0.28654211644054506,0.2603351447895619,0.0023560733525045674,0.06883258000521973,0.3588582476649803,0.367829380503256,0.12092390868672442,0.42394431330731086,0.8751753200653167,0.9375905776581138,-0.06508606564233055,0.0,0.0,0.0,0.0,4.254303282116528
30,"0,240,1,214,195","30332,16145,22665,13525,12743",lucrarea earthquakepicturedără Smartphone,0.2271940428357661,4.26899937590974,False,0.2884655321118775,0.25668008922671004,0.002387018640532745,0.06962767310535954,0.362406363850394,0.36947695592802304,0.12254297855222274,0.4277863513685888,0.8735040221396411,0.9367267592247898,-0.0653799875181948,0.0,0.0,0.0,0.0,4.26899937590974
31,"0,240,195,229,7","30332,16145,12743,3147,6298",lucrarea earthquake Smartphone 300 Image,0.2123547477896009,4.278678124758924,False,0.27614996598934943,0.24714767647433541,0.002226258990877805,0.0666972208299063,0.35819953028552926,0.36536178384933865,0.12759043639949708,0.42377309278070774,0.8682937430714869,0.934028673864193,-0.06557356249517848,0.0,0.0,0.0,0.0,4.278678124758924
32,"0,240,195,229,64","30332,16145,12743,3147,30828",lucrarea earthquake Smartphone 300DOWN,0.20746695016018307,4.292544590942439,False,0.2745780560108413,0.24223981460288924,0.0023673157122179878,0.0663561760665209,0.37058287199222234,0.3749287985965018,0.13422221170131643,0.43643376381107113,0.861448039534125,0.9304718095131542,-0.06585089181884879,0.0,0.0,0.0,0.0,4.292544590942439
33,"0,240,195,214,64","30332,16145,12743,13525,30828",lucrarea earthquake SmartphoneărăDOWN,0.21681467879233912,4.302599375296278,False,0.2809343090260412,0.24547414982962837,0.0023366702747111947,0.06725198322133574,0.3672443156207299,0.37113145315028073,0.1282392604674042,0.43329630312665546,0.8676239891949377,0.9336812837004905,-0.06605198750592556,0.0,0.0,0.0,0.0,4.302599375296278
34,"0,44,58,214,195","30332,15843,28310,13525,12743",lucrarea shaft Illustrationără Smartphone,0.20014361718198243,4.304192311060078,False,0.26922462262257557,0.2338453859029085,0.002199914979096734,0.06391921413459617,0.3694727384752297,0.3722542465639904,0.1381620108811863,0.43555658469643127,0.8573811500581303,0.928352297955261,-0.06608384622120156,0.0,0.0,0.0,0.0,4.304192311060078
35,"110,240,195,214,240","24243,16145,12743,13525,16145", événements earthquake Smartphoneără earthquake,0.18677563557340465,4.320396680182647,False,0.2605122428241969,0.22196418335515455,0.0018651378785858597,0.056888819050312345,0.37447881559128565,0.38888342571688983,0.14747321450158446,0.4408867491949386,0.8477695850306225,0.9233237706776619,-0.06640793360365294,0.0,0.0,0.0,0.0,4.320396680182647
36,"236,240,58,214,195","24742,16145,28310,13525,12743",estival earthquake Illustrationără Smartphone,0.20719195382413802,4.345059042344828,False,0.2761691890355101,0.23063770069106715,0.001948194654046448,0.0639691352834154,0.3803859182584716,0.39922341772742637,0.1379544704227441,0.4472870991053682,0.8575953853700706,0.9284640701595598,-0.06690118084689656,0.0,0.0,0.0,0.0,4.345059042344828
37,"110,240,195,16,214","24243,16145,12743,20538,13525", événements earthquake Smartphone trageără,0.1962449712954299,4.349057606426068,False,0.26782265712836156,0.21589873410219138,0.0019289619826928007,0.05618255444809093,0.39069551102647293,0.39991611969197205,0.14315537166586334,0.4573499966377605,0.8522267131191088,0.9256590237955533,-0.06665448561128756,0.0,0.016333325861689958,0.0,0.0,4.332724280564378
38,"0,152,195,214,240","30332,19355,12743,13525,16145",lucrarea persoană Smartphoneără earthquake,0.208262666001157,4.39305183071224,False,0.27398428689149185,0.24392375531872595,0.002268423767119665,0.06796078172557184,0.3727627496426799,0.3756443847923627,0.13144324178066968,0.4406237862569247,0.8643166536457604,0.9319639253851676,-0.06786103661424481,0.0,0.0,0.0,0.0,4.39305183071224
39,"0,33,58,214,195","30332,25803,28310,13525,12743",lucrarea Sauce Illustrationără Smartphone,0.20750937503960848,4.402702676919947,False,0.27445690317339905,0.24061539367696413,0.0021596067223573936,0.06503258183666462,0.36758859030828667,0.37211446178269947,0.13389505626758114,0.4356426438466856,0.8617857483689485,0.9306475937391225,-0.06805405353839894,0.0,0.0,0.0,0.0,4.402702676919947
40,"251,205,195,214,240","694,24903,12743,13525,16145", fun dispus Smartphoneără earthquake,0.18571345060641176,4.410378504569887,False,0.25803553625669734,0.21911120549662466,0.0020041481187271894,0.06384502919105987,0.39078531703559993,0.41403642479059427,0.14464417130057117,0.4586102110790403,0.850689887689733,0.9248544905548272,-0.06782489404344039,0.0,0.019133802397867352,0.0,0.0,4.39124470217202
41,"35,240,173,214,195","14797,16145,19845,13525,12743",graphic earthquakeAiciără Smartphone,0.19179995912552794,4.420613116669563,False,0.26571573649582386,0.22362113367132308,0.002052716136609295,0.06303985921693357,0.3814756816482584,0.4005569149972927,0.14783155474059184,0.44988794398164966,0.8473996854290665,0.9231297012118114,-0.06841226233339126,0.0,0.0,0.0,0.0,4.420613116669563
42,"0,44,195,229,16","30332,15843,12743,3147,20538",lucrarea shaft Smartphone 300 trage,0.19123400233875987,4.427295237459815,False,0.2626087276140245,0.21825735877456479,0.002228874667715408,0.06186297334237036,0.3614368988577171,0.366089062835879,0.14274945055052923,0.42998280360691343,0.8526457284639698,0.925878258438695,-0.0685459047491963,0.0,0.0,0.0,0.0,4.427295237459815
43,"100,240,195,229,16","14338,16145,12743,3147,20538", surroundings earthquake Smartphone 300 trage,0.1974876593234931,4.435793312894364,False,0.26952309079185915,0.22041108462810713,0.0020203569551128678,0.06070024736732275,0.3792707209456372,0.39848635427143625,0.1440708629367321,0.44798658720352447,0.8512816898717604,0.9251643838060715,-0.06871586625788728,0.0,0.0,0.0,0.0,4.435793312894364
44,"11,240,195,214,16","9161,16145,12743,13525,20538", bro earthquake Smartphoneără trage,0.1930013727572064,4.448331995114419,False,0.2658226670252517,0.21520151544636457,0.0020899868005269774,0.05951418212079037,0.3818428529217892,0.39508226153462106,0.14564258853609058,0.45077504632092535,0.8496592634466161,0.9243145630487001,-0.06893219339913614,0.0,0.0017223251576118739,0.0,0.0,4.446609669956807
45,"236,240,195,16,16","24742,16145,12743,20538,20538",estival earthquake Smartphone trage trage,0.1949630038569662,4.456297729152292,False,0.2654351535611974,0.2246092642342279,0.002111297226137121,0.06261486753696988,0.38739621682338066,0.39559404671247367,0.14094429940846243,0.4562446321976424,0.8545091102880388,0.9268525775934043,-0.06884841537426173,0.0,0.013876960439205277,0.0,0.0,4.442420768713086
46,"11,240,195,214,240","9161,16145,12743,13525,16145", bro earthquake Smartphoneără earthquake,0.18759664339869975,4.466651729508957,False,0.26057507577591726,0.2222814897300835,0.0021942977592940118,0.062411755321611716,0.38201636028884917,0.3994038431406497,0.14595686475443503,0.45129197382034625,0.8493348492857444,0.9241445423988419,-0.06927561353149708,0.0,0.0028710529341027494,0.0,0.0,4.463780676574854
47,"0,240,195,214,240","30332,16145,12743,13525,16145",lucrarea earthquake Smartphoneără earthquake,0.2213657959330984,4.493290906129307,False,0.2843595732443844,0.25753271860266364,0.0023716423204490633,0.0680556375764203,0.3605935897503868,0.36359697023851784,0.12598755462257194,0.43045940787297293,0.8699483307121838,0.9348863275165746,-0.06986581812258613,0.0,0.0,0.0,0.0,4.493290906129307
48,"229,240,195,229,16","3147,16145,12743,3147,20538", 300 earthquake Smartphone 300 trage,0.195579769731695,4.5060717474805845,False,0.26622107950205376,0.2126463920236337,0.0022729565624521274,0.06163036854326592,0.3974005737911084,0.4114195832646393,0.14128261954071752,0.46677639134749793,0.8541598766031303,0.9266700494023116,-0.06937581755638955,0.0,0.03728086966110649,0.0,0.0,4.468790877819478
49,"0,240,195,16,44","30332,16145,12743,20538,15843",lucrarea earthquake Smartphone trage shaft,0.20470375815500852,4.508965386256724,False,0.27194758202113223,0.23958026855210918,0.002258722174667216,0.06585635670820883,0.3667809925106289,0.3714013375116654,0.13448764773224742,0.4369603002357634,0.8611740410505833,0.9303291633974249,-0.07017930772513448,0.0,0.0,0.0,0.0,4.508965386256724
50,"236,240,195,229,240","24742,16145,12743,3147,16145",estival earthquake Smartphone 300 earthquake,0.17826341843414567,4.512233846180878,False,0.2547212449573717,0.21322193804008882,0.0021808409802440035,0.06095635106544237,0.3928581560780137,0.4063484000094964,0.15291565304645205,0.46254526563985976,0.8421515839520495,0.9203718525430621,-0.06968710956184604,0.0,0.02787836808857722,0.0,0.0,4.484355478092302
51,"0,240,93,214,195","30332,16145,19486,13525,12743",lucrarea earthquake vitesseără Smartphone,0.2236836333679355,4.520958819104569,False,0.28558412266911254,0.25663030712709534,0.002297013322841812,0.06803467162612686,0.36327120593007595,0.36631255102523025,0.12380097860235406,0.43369038231216733,0.8722054414427313,0.9360550311801363,-0.07041917638209139,0.0,0.0,0.0,0.0,4.520958819104569
52,"236,240,195,84,240","24742,16145,12743,24023,16145",estival earthquake Smartphone LORD earthquake,0.17997227029816298,4.53184861042065,False,0.2548289932008625,0.21451842439172025,0.0021967463535984277,0.057980131621172555,0.3837120796864034,0.392058893457018,0.14971344580539903,0.4541639858567391,0.8454570882008784,0.9221098384653539,-0.0704519061703357,0.0,0.009253301903864678,0.0,0.0,4.522595308516785
53,"234,240,195,214,240","794,16145,12743,13525,16145", test earthquake Smartphoneără earthquake,0.19301585770297908,4.533483576475219,False,0.2663984107367244,0.22968831039564166,0.0020194038899622123,0.06111597979116764,0.36801062135395574,0.3883078159350328,0.1467651060674906,0.4386802928834601,0.8485005356722678,0.9237071472780263,-0.07066967152950437,0.0,0.0,0.0,0.0,4.533483576475219
54,"0,44,195,229,240","30332,15843,12743,3147,16145",lucrarea shaft Smartphone 300 earthquake,0.19860177289091402,4.533944270299869,False,0.2681921314899902,0.24214293137263446,0.002358495878769196,0.06394583282398526,0.36217135268270306,0.37200902289352705,0.1391807171981524,0.43285023808870043,0.8563295822470685,0.9278034720789999,-0.07067888540599737,0.0,0.0,0.0,0.0,4.533944270299869
55,"110,240,195,214,16","24243,16145,12743,13525,20538", événements earthquake Smartphoneără trage,0.1935270882264314,4.534960583966765,False,0.2672537748239778,0.21889946286862286,0.001879721077530766,0.0611812326623658,0.3784796740048733,0.39797502414263525,0.14745337319509277,0.4491788856842086,0.847790066379259,0.9233345151162211,-0.0706992116793353,0.0,0.0,0.0,0.0,4.534960583966765
56,"206,44,195,214,240","17140,15843,12743,13525,16145",liga shaft Smartphoneără earthquake,0.18575672688194744,4.539851629450702,False,0.260880823814609,0.2151104445740184,0.0018776816509702865,0.058601121263707256,0.3735694718242466,0.3968231453200639,0.15024819386532307,0.44436650441326064,0.8449050902035374,0.9218198338800684,-0.07079703258901404,0.0,0.0,0.0,0.0,4.539851629450702
57,"0,240,195,229,44","30332,16145,12743,3147,15843",lucrarea earthquake Smartphone 300 shaft,0.20709528426508833,4.540857346751397,False,0.27262563917594623,0.2432588174080315,0.00235724864248642,0.06672913856794786,0.35771865678429676,0.36690538848897686,0.1310607098217158,0.4285358037193247,0.8647115253453256,0.9321691317450306,-0.07081714693502794,0.0,0.0,0.0,0.0,4.540857346751397
58,"0,240,195,214,248","30332,16145,12743,13525,6148",lucrarea earthquake Smartphoneără mici,0.22436018107802913,4.542164991189592,False,0.28678306647288365,0.25400936826265347,0.002412719305909805,0.06803137835967148,0.36655623407707655,0.3737562326787493,0.12484577078970904,0.4373995339008684,0.8711269462815907,0.9354967820416545,-0.07084329982379184,0.0,0.0,0.0,0.0,4.542164991189592
59,"0,240,195,16,248","30332,16145,12743,20538,6148",lucrarea earthquake Smartphone trage mici,0.21405154655458863,4.5455403872339115,False,0.2805583152591256,0.2426556462691479,0.0021331894353112447,0.06452941950018813,0.36783561170463497,0.37540810931925694,0.13301353740907396,0.4387464194493132,0.8626957033196656,0.9311210783732297,-0.07091080774467823,0.0,0.0,0.0,0.0,4.5455403872339115
60,"0,240,195,229,248","30332,16145,12743,3147,6148",lucrarea earthquake Smartphone 300 mici,0.21213478522208584,4.5536761531330345,False,0.27890723097527975,0.2483402426506552,0.0023726274412815885,0.06417739148572685,0.37116690549852216,0.3737084931770665,0.13354489150638782,0.44224042856118284,0.8621472087675996,0.9308357043504574,-0.07107352306266068,0.0,0.0,0.0,0.0,4.5536761531330345
61,"236,240,195,229,64","24742,16145,12743,3147,30828",estival earthquake Smartphone 300DOWN,0.18429333326316133,4.591317827358114,False,0.2582899219102493,0.20454399439925905,0.0020545612748212928,0.059694878619110735,0.38818620680583443,0.4028573776347586,0.14799317729417594,0.45958649682733727,0.8472328492447216,0.9230421565160629,-0.07140029002150283,0.0,0.021303326282971675,0.0,0.0,4.570014501075142
62,"0,33,195,229,16","30332,25803,12743,3147,20538",lucrarea Sauce Smartphone 300 trage,0.1957418277234214,4.594303964193071,False,0.26563610314037644,0.2272682474553031,0.0022046250189719395,0.06240835172130226,0.3571480464505338,0.36179670962778854,0.13978855083391006,0.4290341257343952,0.8557021410746735,0.9274758482926064,-0.07188607928386143,0.0,0.0,0.0,0.0,4.594303964193071
63,"0,240,195,16,240","30332,16145,12743,20538,16145",lucrarea earthquake Smartphone trage earthquake,0.21078251617082677,4.595388570182359,False,0.2765468245109469,0.24695088395529283,0.0023708155495989424,0.06628041845423203,0.3570756592029392,0.37155931259860514,0.1315286166802403,0.4289834306065864,0.8642285247171713,0.9319181205018817,-0.07190777140364718,0.0,0.0,0.0,0.0,4.595388570182359
64,"0,152,195,214,16","30332,19355,12743,13525,20538",lucrarea persoană Smartphoneără trage,0.19636992369174527,4.6180273015451485,False,0.26564838477760094,0.23144743677796112,0.002142966505953603,0.06421481091076779,0.370896609131431,0.37490983491146634,0.13855692217171134,0.443257155162334,0.8569734996937173,0.9281395788502335,-0.07236054603090297,0.0,0.0,0.0,0.0,4.6180273015451485
65,"0,240,130,214,195","30332,16145,15799,13525,12743",lucrarea earthquake putereără Smartphone,0.2193946592865731,4.628467419694545,False,0.28159133702085015,0.24747825541941965,0.0023054559655714736,0.0690891407442262,0.3538726928230163,0.365020189629,0.12439335546855412,0.4264420412169072,0.8715939556453635,0.9357385556508003,-0.0725693483938909,0.0,0.0,0.0,0.0,4.628467419694545
66,"0,240,195,214,251","30332,16145,12743,13525,694",lucrarea earthquake Smartphoneără fun,0.2269696918048989,4.641997435167182,False,0.28789612235522727,0.2566151501564285,0.002393130837265095,0.06766823513718365,0.35421904544445204,0.36488204484445874,0.12185286110065674,0.4270589941477957,0.8742164014444833,0.9370950532893358,-0.07283994870334365,0.0,0.0,0.0,0.0,4.641997435167182
67,"251,240,195,229,240","694,16145,12743,3147,16145", fun earthquake Smartphone 300 earthquake,0.19147176181050063,4.652262126754401,False,0.26431194149477993,0.220879513513071,0.0023013489031218693,0.06286116586539356,0.38894014123186815,0.40972099379856014,0.1456803593685586,0.4614753674364474,0.8496202742001976,0.924294131016443,-0.07253522620457925,0.0,0.02550081652543865,0.0,0.0,4.626761310228963
68,"0,240,195,214,195","30332,16145,12743,13525,12743",lucrarea earthquake Smartphoneără Smartphone,0.22052338025591206,4.654621137607247,False,0.2831480157904624,0.25430249118462267,0.0024033810370170825,0.06882832060092164,0.35711345718018317,0.3603413999292709,0.12524927106910066,0.4302058799323281,0.8707104298641541,0.935281096211668,-0.07309242275214495,0.0,0.0,0.0,0.0,4.654621137607247
69,"0,240,195,16,64","30332,16145,12743,20538,30828",lucrarea earthquake Smartphone trageDOWN,0.2080959028595708,4.69888739262915,False,0.27445989277130467,0.24448925347866662,0.0022299654452645258,0.06594500291526534,0.3513911896269849,0.3650489635646001,0.13272797982346773,0.4253689374795679,0.8629904724402914,0.9312744064863655,-0.07397774785258299,0.0,0.0,0.0,0.0,4.69888739262915
70,"0,240,195,16,187","30332,16145,12743,20538,20719",lucrarea earthquake Smartphone trage apărut,0.2141359327602887,4.719230781106664,False,0.27999675711131755,0.2334431533896701,0.0022727145919570037,0.06681657634454725,0.3578908711085689,0.3624324418468355,0.13172164870205771,0.43227548673070215,0.8640292658559404,0.9318145476960221,-0.07438461562213328,0.0,0.0,0.0,0.0,4.719230781106664
71,"141,240,195,214,240","25205,16145,12743,13525,16145",izeze earthquake Smartphoneără earthquake,0.1887653232764135,4.735894663367587,False,0.2617432253790941,0.22054872386689595,0.0019875707604389337,0.0624213606946896,0.38243115237307507,0.40193414207853895,0.14595580420536125,0.45684483093232353,0.8493359440460787,0.924145116199095,-0.07441367855924846,0.0,0.015210735405163378,0.0,0.0,4.7206839279624235
72,"206,240,195,214,44","17140,16145,12743,13525,15843",liga earthquake Smartphoneără shaft,0.1856687975398867,4.73929038380081,False,0.26149607940235214,0.210136459193557,0.001877967048059015,0.05712272857199715,0.37758278188815564,0.3976044955217341,0.1516545637249309,0.45226779851888793,0.8434533535742649,0.9210566954726886,-0.07468501663073229,0.0,0.005039552264195378,0.0,0.0,4.734250831536615
73,"0,205,195,214,16","30332,24903,12743,13525,20538",lucrarea dispus Smartphoneără trage,0.19670107075204185,4.745627601254497,False,0.26627687563758756,0.23566648359894068,0.0020717211450347493,0.062691774714125,0.37990468714571624,0.38288184983639734,0.13915160977109142,0.4546122502699208,0.8563596286233895,0.9278191581493177,-0.07470756312420457,0.0,0.010249445044268427,0.0,0.0,4.735378156210229
74,"251,240,33,214,195","694,16145,25803,13525,12743", fun earthquake Sauceără Smartphone,0.19562746428469197,4.754102012382115,False,0.2688075799717539,0.2294500524735587,0.002071018372975908,0.0628989754107369,0.3702362324712547,0.3947372050069247,0.1463602313741239,0.445318272718897,0.848918470839614,0.9239262787830402,-0.07508204024764231,0.0,0.0,0.0,0.0,4.754102012382115
75,"0,240,67,214,195","30332,16145,25300,13525,12743",lucrarea earthquake fartherără Smartphone,0.2237826887191901,4.7554331031648625,False,0.2854582387542965,0.25518259502143537,0.0023757430799557834,0.06907250546987886,0.3610177140010378,0.3639979697983133,0.12335110007021277,0.4361263760643351,0.8726698321855868,0.936295305942408,-0.07510866206329725,0.0,0.0,0.0,0.0,4.7554331031648625
76,"0,240,173,214,195","30332,16145,19845,13525,12743",lucrarea earthquakeAiciără Smartphone,0.2195916181214922,4.759194203449878,False,0.2823827955141971,0.25326291362609393,0.0023830487450132607,0.06853048317642996,0.363589190160238,0.36959134982116115,0.1255823547854098,0.43877307422923556,0.8703666015118351,0.9351030131566201,-0.07518388406899756,0.0,0.0,0.0,0.0,4.759194203449878
77,"0,240,195,214,187","30332,16145,12743,13525,20719",lucrarea earthquake Smartphoneără apărut,0.22427891218162815,4.7710251748028805,False,0.2867177699627365,0.25394460056257984,0.0023895106444774606,0.06788570528924914,0.3549905800770642,0.3588729304413936,0.12487771556221672,0.4304110835731218,0.8710939710325505,0.9354797081913553,-0.07542050349605761,0.0,0.0,0.0,0.0,4.7710251748028805
78,"0,33,130,214,195","30332,25803,15799,13525,12743",lucrarea Sauce putereără Smartphone,0.20160025064863873,4.7715540193875245,False,0.2702062047320666,0.237551032109584,0.0022042291020785308,0.06404864146518875,0.3663669022815927,0.37009165187228055,0.1372119081668557,0.44179798266934317,0.8583619012471168,0.9288638715297007,-0.07543108038775048,0.0,0.0,0.0,0.0,4.7715540193875245
79,"0,240,195,214,38","30332,16145,12743,13525,25012",lucrarea earthquake Smartphoneără caption,0.2261910263589208,4.7822531361442975,False,0.28601722772471233,0.2580821742519693,0.0022972993888332183,0.06993780619311331,0.34745930639621025,0.35388087905052085,0.11965240273158306,0.4229591866274511,0.8764878423415917,0.9382684036396073,-0.07549988023124082,0.007259124582256352,0.0,0.0,0.0,4.7749940115620415
80,"11,240,18,214,195","9161,16145,12487,13525,12743", bro earthquake adjacentără Smartphone,0.19094963796487258,4.78591781061225,False,0.26586684994911663,0.2270349053935751,0.002146845992746127,0.0636945643766248,0.3736219572592879,0.39265107742911803,0.14983442396848812,0.44934031347153286,0.8453322075163994,0.9220442375675432,-0.07571835621224499,0.0,0.0,0.0,0.0,4.78591781061225
81,"0,240,12,214,195","30332,16145,12337,13525,12743",lucrarea earthquake mobilityără Smartphone,0.21906758187524228,4.791822571521031,False,0.28250810854142133,0.25724112401511257,0.002331656981340219,0.0679486925954787,0.3577810884259714,0.36485923338017595,0.1268810533323581,0.433617539856392,0.8690260094633723,0.9344083404313351,-0.07583645143042061,0.0,0.0,0.0,0.0,4.791822571521031
82,"0,240,195,214,53","30332,16145,12743,13525,1735",lucrarea earthquake Smartphoneără moving,0.22133639385267267,4.792578102739511,False,0.2834823453275942,0.254589175271737,0.0023636838418428343,0.06818292240901715,0.36013637252874575,0.3618544720379318,0.12429190294984305,0.43598793458353596,0.8716986808259685,0.93579276394411,-0.07585156205479021,0.0,0.0,0.0,0.0,4.792578102739511
83,"0,240,195,214,25","30332,16145,12743,13525,28399",lucrarea earthquake Smartphoneără bewegt,0.2223239463407931,4.797059640824934,False,0.2842425193310991,0.25553918617363536,0.0025215043981545726,0.06716856099534593,0.3558858141022709,0.3613275431730876,0.12383714598061202,0.4318270069187696,0.8721681073748521,0.9360357119359218,-0.07594119281649869,0.0,0.0,0.0,0.0,4.797059640824934
84,"0,240,195,16,16","30332,16145,12743,20538,20538",lucrarea earthquake Smartphone trage trage,0.20881400811218703,4.818240118144181,False,0.2751224255742358,0.24464616252779567,0.002269282868677014,0.06729019303561018,0.3575850327262837,0.3652904019380417,0.13261683492409748,0.43394983508916735,0.8631052026589962,0.9313340781244411,-0.07636480236288362,0.0,0.0,0.0,0.0,4.818240118144181
85,"0,240,195,229,103","30332,16145,12743,3147,31149",lucrarea earthquake Smartphone 300 dicke,0.20937234724913395,4.845608463284961,False,0.2750792656103817,0.24215452174244959,0.0024496395305828255,0.06620842209341182,0.3586660783907293,0.36985633487502634,0.13141383672249551,0.4355782476564285,0.8643470072541982,0.9319797011080792,-0.07691216926569922,0.0,0.0,0.0,0.0,4.845608463284961
86,"251,240,195,214,187","694,16145,12743,13525,20719", fun earthquake Smartphoneără apărut,0.1988934520967487,4.846069934142399,False,0.26971429815680487,0.2279558747351251,0.0021940270843862964,0.06370904820435871,0.3672060696348751,0.38703504549402074,0.14164169212011235,0.4441274683177231,0.8537892210373034,0.9264762856543537,-0.07692139868284797,0.0,0.0,0.0,0.0,4.846069934142399
87,"0,33,195,214,240","30332,25803,12743,13525,16145",lucrarea Sauce Smartphoneără earthquake,0.22147069704486388,4.855352578694143,False,0.28447236352990846,0.2567933363371739,0.002337642179849997,0.06804911082147423,0.35425087447283204,0.36464758544219517,0.12600333297008914,0.4313579260467149,0.8699320433857144,0.9348778888335689,-0.07710705157388287,0.0,0.0,0.0,0.0,4.855352578694143
88,"35,240,195,214,240","14797,16145,12743,13525,16145",graphic earthquake Smartphoneără earthquake,0.1915473183457136,4.858384250600008,False,0.26530040682356293,0.22043536293814242,0.001812234775820354,0.06178399950258024,0.37102616633118823,0.3920011898541813,0.14750617695569868,0.4481938513431884,0.8477355592715369,0.9233059206158603,-0.07716768501200016,0.0,0.0,0.0,0.0,4.858384250600008
89,"0,240,195,214,108","30332,16145,12743,13525,30122",lucrarea earthquake Smartphoneără Angehörige,0.22224089662743762,4.867600463768409,False,0.28372376316437853,0.25407781057099177,0.002389957643909918,0.06729616149748864,0.3499100687659759,0.35921611618004706,0.12296573307388181,0.42725693911368556,0.8730676303753478,0.9365010768419426,-0.07734687034770965,0.0002569463829259013,0.0,0.0,0.0,4.867343517385483
90,"251,240,195,214,108","694,16145,12743,13525,30122", fun earthquake Smartphoneără Angehörige,0.2004245352442291,4.876288592388488,False,0.2721457895776748,0.23004217767733276,0.0021016851867110943,0.06199578234947208,0.36788055754929216,0.3890574748625531,0.14344250866689146,0.44540632939706193,0.8519303136341766,0.9255039121111853,-0.07752577184776976,0.0,0.0,0.0,0.0,4.876288592388488
91,"0,33,204,214,240","30332,25803,1250,13525,16145",lucrarea Sauce allowsără earthquake,0.20196806478096058,4.889364258614009,False,0.2719384578758152,0.2439925192639622,0.0022018409074433865,0.06389147671918714,0.35774181829656193,0.3628505662946792,0.1399407861897093,0.4355291034688421,0.8555449949009453,0.9273937749469158,-0.07778728517228017,0.0,0.0,0.0,0.0,4.889364258614009
92,"11,240,195,214,248","9161,16145,12743,13525,6148", bro earthquake Smartphoneără mici,0.17988098782067552,4.9091615539315425,False,0.25525956390424986,0.2079606288258735,0.002122594554623719,0.06093753057872057,0.38370166853043725,0.39420469323874197,0.1507571521671487,0.4613791592001716,0.8443797138919755,0.921543730830421,-0.07767749066973434,0.0,0.025287020444825718,0.0,0.0,4.883874533486717
93,"0,240,195,214,252","30332,16145,12743,13525,21212",lucrarea earthquake Smartphoneără Colin,0.22504789460602187,4.923142349479977,False,0.2868372708046349,0.25533565266014113,0.0023671401787466683,0.06818883399475567,0.34821506731461604,0.35413290760418953,0.12357875239722604,0.42657591815076507,0.8724348362351215,0.9361737272551361,-0.07836085083614902,0.005099807672525524,0.0,0.0,0.0,4.918042541807451
94,"100,240,195,214,248","14338,16145,12743,13525,6148", surroundings earthquake Smartphoneără mici,0.18643567452870818,4.924109178894425,False,0.26058644645876944,0.22310340007309826,0.0019264147857995075,0.05677268316160681,0.3720517195761783,0.3812583208967373,0.1483015438601225,0.450511183870915,0.8469145353701961,0.9228751032181318,-0.07845946429473671,0.0,0.0011359641575888386,0.0,0.0,4.922973214736836
95,"234,240,195,16,240","794,16145,12743,20538,16145", test earthquake Smartphone trage earthquake,0.18190625526862103,4.938899072218453,False,0.2581970711155304,0.21600340419049543,0.0021444923021893937,0.06295386491139933,0.3740901441777927,0.3958670279407351,0.15258163169381878,0.45274607772334635,0.8424963801870258,0.9205532946582622,-0.07865593354555367,0.0,0.006102394940769646,0.0,0.0,4.9327966772776835
96,"0,33,195,16,240","30332,25803,12743,20538,16145",lucrarea Sauce Smartphone trage earthquake,0.20728161677592005,4.944676824580867,False,0.27549944911599694,0.2471610213053833,0.002267289064141864,0.0656584547854816,0.35625744712037444,0.36769564493803236,0.13643566468015378,0.4351509836119918,0.8591631848462928,0.9292816232552144,-0.07889353649161734,0.0,0.0,0.0,0.0,4.944676824580867
97,"0,240,195,214,103","30332,16145,12743,13525,31149",lucrarea earthquake Smartphoneără dicke,0.21674921283029014,4.945070490891556,False,0.28078321158158664,0.24986800663424782,0.0023657483829019332,0.06696236158012914,0.35236025532167725,0.3585305533435134,0.128067997502593,0.43126166513950837,0.8678007767715169,0.9337729930220765,-0.07890140981783111,0.0,0.0,0.0,0.0,4.945070490891556
98,"11,205,195,214,240","9161,24903,12743,13525,16145", bro dispus Smartphoneără earthquake,0.1790546379352556,4.948207814040548,False,0.25487445575882156,0.2305099722969323,0.002069731501491634,0.060620692677096466,0.37591443042570205,0.3986598615321701,0.1516396356471319,0.4546709872721933,0.8434687632029606,0.9210647992149457,-0.07875655684649124,0.0,0.010379971715985073,0.0,0.0,4.9378278423245625
99,"0,240,195,20,44","30332,16145,12743,16297,15843",lucrarea earthquake Smartphone Graphic shaft,0.20728658758154145,4.9578102612591035,False,0.27418015869383633,0.24438073612419497,0.0023335886347721326,0.0667219300004221,0.3578007370046433,0.36590218617600145,0.13378714222458976,0.4369569422298254,0.8618971435101009,0.9307055698637514,-0.07915620522518207,0.0,0.0,0.0,0.0,4.9578102612591035
100,"0,44,195,229,248","30332,15843,12743,3147,6148",lucrarea shaft Smartphone 300 mici,0.18479172174794156,4.960496023617435,False,0.26073951391247985,0.22253968578014052,0.002304465136718492,0.0583772774547921,0.36911551833133327,0.3723846648415882,0.15189558432907657,0.448325438803682,0.843204558111921,0.9209258469990531,-0.0792099204723487,0.0,0.0,0.0,0.0,4.960496023617435
101,"251,240,195,229,64","694,16145,12743,3147,30828", fun earthquake Smartphone 300DOWN,0.17927288936878677,4.966370132000285,False,0.257100443355413,0.2102382058195544,0.002016824140639306,0.05955258348131145,0.3751416663011461,0.39505209407763003,0.15565510797325244,0.4542788957947198,0.8393237595114813,0.918882414690121,-0.07913722949357371,0.0,0.009508657321599544,0.0,0.0,4.956861474678686
102,"0,240,195,214,110","30332,16145,12743,13525,24243",lucrarea earthquake Smartphoneără événements,0.22372823848857915,4.983771768058139,False,0.28590492928851285,0.2562840826196532,0.002404186821517984,0.06816727573887167,0.34852628019991727,0.36278554183073064,0.12435338159986742,0.4281175030010753,0.8716352189936852,0.9357599149355205,-0.07959122280115805,0.004210628000236305,0.0,0.0,0.0,4.9795611400579025
103,"0,33,12,214,195","30332,25803,12337,13525,12743",lucrarea Sauce mobilityără Smartphone,0.20153288123524088,4.985983041432045,False,0.2697481186926715,0.23988110900030724,0.0022384121507064924,0.06486670388592823,0.36389678571726647,0.3682928224953032,0.13643047491486127,0.4436164465459074,0.859168542023369,0.929284415604361,-0.0797196608286409,0.0,0.0,0.0,0.0,4.985983041432045
104,"236,240,195,229,214","24742,16145,12743,3147,13525",estival earthquake Smartphone 300ără,0.20952973613146786,4.990216711985341,False,0.2778218190407624,0.2331761224879548,0.002119377248533877,0.06346823685733732,0.3752770571369795,0.4018183088766603,0.13658416581858912,0.4548651619564018,0.8590098933485532,0.9292017187787649,-0.0795881048194223,0.0,0.010811471014226217,0.0,0.0,4.979405240971115
105,"0,240,195,229,240","30332,16145,12743,3147,16145",lucrarea earthquake Smartphone 300 earthquake,0.20152834536947845,4.992148092155013,False,0.26906700550904245,0.23729808354356222,0.0023643113089677702,0.06526838104165283,0.3590027146643846,0.3646868494485856,0.135077320279128,0.43884567650748485,0.860565346808642,0.9300121933183844,-0.07984296184310025,0.0,0.0,0.0,0.0,4.992148092155013
106,"0,124,195,16,214","30332,28387,12743,20538,13525",lucrarea ressenti Smartphone trageără,0.1982640638747713,4.993861258856871,False,0.26875488786794516,0.237274250724374,0.0022001862483287784,0.0633151220609053,0.36256835094253076,0.3653217966652435,0.1409816479863477,0.44244557611966817,0.8544705569173184,0.9268324293062108,-0.07987722517713741,0.0,0.0,0.0,0.0,4.993861258856871
107,"0,240,195,9,214","30332,16145,12743,3349,13525",lucrarea earthquake Smartphone Sportără,0.22478765407924733,4.997189766434092,False,0.2860373653885457,0.25040876006194296,0.0024009184448863683,0.06873730493671149,0.35719615628337625,0.3629225004396097,0.1224994226185967,0.4371399516120581,0.873548983103384,0.9367500079431029,-0.07994379532868184,0.0,0.0,0.0,0.0,4.997189766434092
108,"0,44,195,214,248","30332,15843,12743,13525,6148",lucrarea shaft Smartphoneără mici,0.19344317372408842,5.007026383846601,False,0.26512865080754805,0.23016652719012076,0.0023036636356564555,0.06019325110749898,0.36492734152898243,0.37214874343516696,0.14337095416691925,0.44506786920591446,0.8520041763438253,0.9255425683527909,-0.08014052767693203,0.0,0.0,0.0,0.0,5.007026383846601
109,"0,240,195,214,43","30332,16145,12743,13525,25627",lucrarea earthquake Smartphoneără Exterior,0.2211112878371433,5.011208522824591,False,0.28336657885746636,0.24966518046861957,0.002322545349851035,0.06737304021681084,0.3495400058208784,0.3530721713034041,0.12451058204064613,0.42973789089570613,0.871472947570946,0.9356759150257924,-0.08019788507482772,0.001314269083204486,0.0,0.0,0.0,5.009894253741386
110,"110,240,195,214,44","24243,16145,12743,13525,15843", événements earthquake Smartphoneără shaft,0.19068372346747214,5.015896471923652,False,0.2664943949574063,0.21648365032072928,0.0018172311514053742,0.05672140395782662,0.37291259854510717,0.39230196598558686,0.1516213429798683,0.4530930587076832,0.843487645956265,0.9210747293353193,-0.08018046016257602,0.0,0.006873463794851493,0.0,0.0,5.009023008128801
111,"240,240,195,214,16","16145,16145,12743,13525,20538", earthquake earthquake Smartphoneără trage,0.18869799661967995,5.027000921336577,False,0.2626249088801642,0.21580513496462664,0.001951059306395514,0.061530218442363414,0.3803834490477548,0.3880292556356058,0.1478538245209685,0.4604586390713167,0.8473766972686777,0.9231176390249682,-0.08007519002356189,0.0,0.02324142015848148,0.0,0.0,5.003759501178095
112,"251,240,195,214,0","694,16145,12743,13525,30332", fun earthquake Smartphoneărălucrarea,0.22508387644019112,5.038471610757839,False,0.285242353121794,0.2455751071009619,0.0024379909116945876,0.06894612675719858,0.33982497018765756,0.3631607717125999,0.1203169533632058,0.42001297212782335,0.8758018545928198,0.9379142000400645,-0.08018800194016579,0.029071513749549766,0.0,0.0,0.0,5.00940009700829
113,"236,240,195,16,133","24742,16145,12743,20538,121","estival earthquake Smartphone trage""",0.17758663654922624,5.040539792531968,False,0.25361749397656097,0.21613740090634415,0.002026940090168794,0.05779190369638266,0.3765938069322959,0.38504255893294276,0.15206171485466946,0.45708951330281034,0.8430330685371153,0.9208356450232205,-0.08049570637051445,0.0,0.015754474006245165,0.0,0.0,5.024785318525723
114,"0,240,195,16,38","30332,16145,12743,20538,25012",lucrarea earthquake Smartphone trage caption,0.20925964303679156,5.044117940377834,False,0.2741156832528758,0.2449208631140118,0.0021470380245261654,0.06733177160659803,0.3548318949892186,0.3603983496791375,0.12971208043216842,0.43571425379677525,0.8661036589087294,0.9328922336303543,-0.08088235880755668,0.0,0.0,0.0,0.0,5.044117940377834
115,"0,191,195,229,214","30332,20041,12743,3147,13525",lucrareaieni Smartphone 300ără,0.1870022325925853,5.050913283523427,False,0.25913714476701355,0.22431322581925403,0.0021579761436338273,0.06322276284240697,0.3667250886042615,0.3714948385105508,0.1442698243488565,0.44774335427473005,0.8510763103495675,0.9250568499563384,-0.08101826567046855,0.0,0.0,0.0,0.0,5.050913283523427
116,"0,44,1,214,195","30332,15843,22665,13525,12743",lucrarea shaftpicturedără Smartphone,0.20309364870376878,5.060388767991744,False,0.2714321302464358,0.239028345583975,0.0022232638394098113,0.06320233831428906,0.35653652357403215,0.37177276344884197,0.13667696308533406,0.437744298933867,0.8589141026215906,0.9291517835718047,-0.08120777535983487,0.0,0.0,0.0,0.0,5.060388767991744
117,"117,240,195,214,240","12941,16145,12743,13525,16145", Listen earthquake Smartphoneără earthquake,0.18334355013975367,5.065646729153802,False,0.259406799822045,0.22504304119646384,0.0021328848292912097,0.05975846529726562,0.37106352156525596,0.38440764140194744,0.15212649936458267,0.45227533035478595,0.8429661942043017,0.9208004673301471,-0.08121180878953,0.0,0.005056289677302095,0.0,0.0,5.0605904394765
118,"0,33,195,16,214","30332,25803,12743,20538,13525",lucrarea Sauce Smartphone trageără,0.21628941615966163,5.07337544328627,False,0.2818055611478224,0.23880166319457036,0.002245795270802603,0.06625170794159324,0.35445655854712915,0.3680334578609512,0.13103228997632155,0.43592406741285455,0.8647408619599262,0.9321843755522179,-0.0814675088657254,0.0,0.0,0.0,0.0,5.07337544328627
119,"239,240,195,214,16","23267,16145,12743,13525,20538",tolerant earthquake Smartphoneără trage,0.2046292991639319,5.078043228542938,False,0.2771531218277691,0.22286848337797374,0.0019978000522143657,0.059152242881618765,0.3764174689301096,0.3949220761836308,0.14504764532767433,0.45763882994773564,0.8502733983714329,0.9246363364438615,-0.08122136101762606,0.0,0.016975177661634724,0.0,0.0,5.061068050881303
120,"44,240,195,16,240","15843,16145,12743,20538,16145", shaft earthquake Smartphone trage earthquake,0.17709077239766507,5.081555974710357,False,0.2541060125715982,0.21439702325886695,0.0020741010351857047,0.06391681921927306,0.38244366970904037,0.39476958712879723,0.15403048034786626,0.4634758620031093,0.841000794479622,0.9197660135339497,-0.08103219229406894,0.0,0.029946360006909544,0.0,0.0,5.051609614703447
121,"11,240,195,16,240","9161,16145,12743,20538,16145", bro earthquake Smartphone trage earthquake,0.18236582048009076,5.089648928157587,False,0.25920539178405005,0.21129963399628368,0.002201780367093814,0.06130490349977497,0.3813331867066415,0.3937043532363802,0.1536791426079186,0.4625676050455467,0.8413634656950518,0.9199569867075751,-0.08123441833890521,0.0,0.02792801121232603,0.0,0.0,5.06172091694526
122,"0,152,195,214,44","30332,19355,12743,13525,15843",lucrarea persoană Smartphoneără shaft,0.18824141601620642,5.092946538193382,False,0.25993505120603316,0.230500778563832,0.0021499825101563563,0.06247592151083712,0.36690975999896536,0.3750463072552723,0.1433872703796535,0.448768690762833,0.851987333801648,0.925533753906548,-0.08185893076386763,0.0,0.0,0.0,0.0,5.092946538193382
123,"0,124,195,214,240","30332,28387,12743,13525,16145",lucrarea ressenti Smartphoneără earthquake,0.2101287619280502,5.097278743924282,False,0.2769969919510113,0.251259499624247,0.0023193612144065457,0.06652661277000477,0.35804757469882886,0.3620250393421753,0.1337364600459222,0.4399931495773145,0.8619494605977577,0.9307327972915094,-0.08194557487848564,0.0,0.0,0.0,0.0,5.097278743924282
124,"0,44,195,214,195","30332,15843,12743,13525,12743",lucrarea shaft Smartphoneără Smartphone,0.19580504530970555,5.098462415011436,False,0.26640664118386265,0.23396505429263756,0.002337652131260121,0.06400743682500676,0.3624397058831535,0.3671192018153216,0.1412031917483142,0.4444089541833822,0.8542418665823853,0.9267129049774184,-0.08196924830022873,0.0,0.0,0.0,0.0,5.098462415011436
125,"19,240,195,214,16","6217,16145,12743,13525,20538", legs earthquake Smartphoneără trage,0.19775544134900497,5.099075799883881,False,0.27120800914774806,0.2202683186127441,0.0017871297352151816,0.057760993872277365,0.3673613228917001,0.3864397779394901,0.1469051355974862,0.4493428388893777,0.8483559890606595,0.9236313465893813,-0.08198151599767761,0.0,0.0,0.0,0.0,5.099075799883881
126,"0,240,195,229,53","30332,16145,12743,3147,1735",lucrarea earthquake Smartphone 300 moving,0.2087060522417174,5.099165425830481,False,0.27425607607224506,0.24287467025834378,0.002331206849383938,0.06713491525488678,0.3535320530510101,0.3629650342237783,0.13110004766105532,0.4355153615676197,0.8646709185434268,0.9321480313442413,-0.08198330851660962,0.0,0.0,0.0,0.0,5.099165425830481
127,"0,73,195,229,214","30332,9472,12743,3147,13525",lucrarea problème Smartphone 300ără,0.20128633780362876,5.103178934573975,False,0.2694643853922671,0.23951562203677884,0.0021818104366784774,0.06449318502668024,0.35921608293548185,0.3694126530028623,0.13635609517727665,0.44127966162696136,0.8592453211073273,0.9293244346420271,-0.08206357869147951,0.0,0.0,0.0,0.0,5.103178934573975
128,"0,240,195,214,196","30332,16145,12743,13525,20202","lucrarea earthquake Smartphoneără,000.",0.20793998889104087,5.108672318228077,False,0.2732867424202609,0.24326046375180407,0.002401438188281557,0.06649338990297476,0.3471915412507497,0.3474371103720475,0.13069350705844007,0.4292045042582112,0.8650905733590296,0.9323660723887157,-0.08201296300746153,0.008024167855000819,0.0,0.0,0.0,5.100648150373076
129,"0,240,195,248,44","30332,16145,12743,6148,15843",lucrarea earthquake Smartphone mici shaft,0.2128086626421039,5.120746258616534,False,0.27807110429660026,0.2411109492112571,0.0022805240263738037,0.0660227956969582,0.3531689834168179,0.3594149513111133,0.1305248833089927,0.4355839085891486,0.8652646365842656,0.9324564958704546,-0.08241492517233068,0.0,0.0,0.0,0.0,5.120746258616534
130,"251,240,195,84,16","694,16145,12743,24023,20538", fun earthquake Smartphone LORD trage,0.1871645963587512,5.126491543848452,False,0.26148773650325513,0.2207113972140617,0.002165021779041948,0.060536484173516335,0.3748406992780827,0.38801121998308136,0.14864628028900784,0.45705689057398574,0.8465586784113468,0.9226883112465402,-0.08221619129590302,0.0,0.015681979053301622,0.0,0.0,5.110809564795151
131,"251,240,195,16,44","694,16145,12743,20538,15843", fun earthquake Smartphone trage shaft,0.18197274526537494,5.138247338081996,False,0.2589880718410238,0.21010985881867184,0.0020785760204484307,0.05955565647937754,0.3720790937023212,0.3888292703078376,0.15403065315129771,0.45463791108251594,0.8410006161018863,0.9197659195951448,-0.08255881738019477,0.0,0.010306469072257629,0.0,0.0,5.127940869009739
132,"0,240,52,214,195","30332,16145,6813,13525,12743",lucrarea earthquake gapără Smartphone,0.21507941663426605,5.142735625835142,False,0.279381684813888,0.25101093014572623,0.0023940502594987033,0.06617160685590186,0.3533680531957746,0.3601410389776573,0.12860453635924385,0.4362227657124774,0.8672469302098128,0.9334856526164482,-0.08285471251670284,0.0,0.0,0.0,0.0,5.142735625835142
133,"236,240,195,214,91","24742,16145,12743,13525,21738",estival earthquake Smartphoneără bărbat,0.20582993862292298,5.152526010403454,False,0.274967066594554,0.22381901139115526,0.0021545385631566217,0.0629056632124075,0.3728219531428927,0.3878854023011211,0.13827425594326204,0.4556225808679421,0.8572652841876005,0.9282918420716288,-0.08280062772504942,0.0,0.012494624150982434,0.0,0.0,5.140031386252471
134,"195,44,195,16,214","12743,15843,12743,20538,13525", Smartphone shaft Smartphone trageără,0.16517353158869222,5.1613774449468774,False,0.2488431814222112,0.1990273691546819,0.0020645209460881664,0.05596073758528002,0.37738563734005426,0.39867837278732726,0.16733929966703798,0.46016156129265173,0.8272626584082189,0.912502438535351,-0.08277592395259747,0.0,0.022581247317003825,0.0,0.0,5.1387961976298735
135,"100,44,195,214,240","14338,15843,12743,13525,16145", surroundings shaft Smartphoneără earthquake,0.17464162239942904,5.163496889900325,False,0.25369367784302005,0.2111761448182369,0.0018507201968565536,0.05805707156969488,0.36880695926801466,0.38007295390727514,0.15810411088718201,0.45198851846746707,0.8367957565035541,0.9175488483524014,-0.08318155919945242,0.0,0.0044189299277045775,0.0,0.0,5.15907795997262
136,"110,240,195,229,16","24243,16145,12743,3147,20538", événements earthquake Smartphone 300 trage,0.1893051838496535,5.175544305756074,False,0.2630729540575405,0.21105061397624567,0.002059000113828313,0.05711402486864953,0.39074065681314996,0.4034440743270505,0.147535540415774,0.47321956237813223,0.8477052486030721,0.9232900192161865,-0.08247890556498227,0.0,0.051599027506960486,0.0,0.0,5.1239452782491135
137,"0,33,195,214,248","30332,25803,12743,13525,6148",lucrarea Sauce Smartphoneără mici,0.1972124828223582,5.202741539845059,False,0.2676879943646804,0.23677244175464385,0.0022493494920741266,0.062204564772680826,0.3659155751827716,0.3702639543236157,0.14095102308464436,0.4499704059796728,0.8545021697190768,0.9268489504311669,-0.08405483079690118,0.0,0.0,0.0,0.0,5.202741539845059
138,"194,205,195,214,240","23078,24903,12743,13525,16145",politischen dispus Smartphoneără earthquake,0.20019498554110965,5.2236314920582885,False,0.2699243086412619,0.23278755424144199,0.0019403826011978433,0.06162145668904087,0.35724550074448075,0.38975161474641107,0.13945864620030446,0.4417181305856465,0.8560426877932341,0.9276536820385588,-0.08447262984116577,0.0,0.0,0.0,0.0,5.2236314920582885
139,"0,240,195,16,195","30332,16145,12743,20538,12743",lucrarea earthquake Smartphone trage Smartphone,0.2093865956025029,5.237177279223796,False,0.2759864485711839,0.24602009681072673,0.0022366899304277375,0.06685664109913485,0.3468915029847338,0.3610071655237303,0.13319970593736197,0.4314574201683374,0.8625035293549812,0.9310211029094013,-0.08456591718360357,0.008881420043617616,0.0,0.0,0.0,5.228295859180179
140,"110,44,195,214,240","24243,15843,12743,13525,16145", événements shaft Smartphoneără earthquake,0.1912981842909463,5.258560836374153,False,0.26502087748160896,0.21669221763493862,0.00184784137434601,0.06130092736508724,0.38100887292041413,0.3886044544627169,0.14744538638132532,0.46549157519479517,0.8477983108321803,0.923338840089961,-0.08448270227438104,0.0,0.034425722655100355,0.0,0.0,5.224135113719052
141,"0,240,195,229,195","30332,16145,12743,3147,12743",lucrarea earthquake Smartphone 300 Smartphone,0.20044953703021862,5.277505785636168,False,0.26837314560619163,0.23682334055300786,0.0024176605152455787,0.06601095955854934,0.3552913162715262,0.36450072983471343,0.13584721715194603,0.4408414319842496,0.8597706145528299,0.9295981835438654,-0.08555011571272336,0.0,0.0,0.0,0.0,5.277505785636168
142,"194,240,195,16,67","23078,16145,12743,20538,25300",politischen earthquake Smartphone trage farther,0.17772516853089948,5.285037031196633,False,0.25434094604493446,0.20413018170303332,0.0019765430479788573,0.056778353787766245,0.37713458856537013,0.3875411129000716,0.15323155502806995,0.4622891449684814,0.8418254915839278,0.9202002200455779,-0.08515455640311126,0.0,0.027309211041069734,0.0,0.0,5.257727820155563
143,"0,124,195,229,214","30332,28387,12743,3147,13525",lucrarea ressenti Smartphone 300ără,0.19082645913845359,5.286441916114184,False,0.26251520943311996,0.2318171922102143,0.0021916602671958217,0.06416125151909151,0.3600200042089587,0.3659866349972241,0.14337750058933274,0.44574884253124236,0.8519974187464953,0.9255390318137141,-0.08572883832228367,0.0,0.0,0.0,0.0,5.286441916114184
144,"229,240,195,214,214","3147,16145,12743,13525,13525", 300 earthquake Smartphoneărăără,0.18626751636740407,5.293578747716345,False,0.261655634605556,0.2208804539986795,0.0021868618052617197,0.05840318010149603,0.3742286667084857,0.40015628009517284,0.1507762364763039,0.4596704441452461,0.8443600139599444,0.9215333762396759,-0.0854417774367604,0.0,0.02148987587832465,0.0,0.0,5.2720888718380206
145,"236,0,195,214,16","24742,30332,12743,13525,20538",estivallucrarea Smartphoneără trage,0.19939499268441807,5.310696637120379,False,0.2676064760680866,0.22900750473824386,0.0022459315344529273,0.06179220240820619,0.3520535505872592,0.3607804947980185,0.136422966767337,0.43826748332966675,0.8591762923692005,0.9292884553423996,-0.08621393274240757,0.0,0.0,0.0,0.0,5.310696637120379
146,"0,33,195,214,38","30332,25803,12743,13525,25012",lucrarea Sauce Smartphoneără caption,0.20451698915657474,5.326805199021526,False,0.2715233553731122,0.23438584872667084,0.0020651114444510954,0.06323417546961911,0.34959913863247327,0.35098500314881714,0.13401273243307488,0.4361123362490451,0.8616642761981163,0.9305843688601937,-0.08651319761657184,0.0011453181929334455,0.0,0.0,0.0,5.325659880828592
147,"0,33,195,214,16","30332,25803,12743,13525,20538",lucrarea Sauce Smartphoneără trage,0.21051795365480058,5.335175384574211,False,0.2772277395988824,0.24196819961375457,0.0022340837000022927,0.06686869785612926,0.35627959537439036,0.36198514167638135,0.13341957188816367,0.4429831030658746,0.8622765709541537,0.9309030175651147,-0.08670350769148422,0.0,0.0,0.0,0.0,5.335175384574211
148,"139,240,195,214,240","31,16145,12743,13525,16145",' earthquake Smartphoneără earthquake,0.18880745045103953,5.336106743335759,False,0.2610220319807632,0.23575373674630382,0.0020514171250827773,0.060218698350153144,0.37384044404988837,0.38536431953353706,0.1444291630594473,0.46011310747334383,0.8509118316805705,0.9249707222072235,-0.08627266342345546,0.0,0.022473572162986264,0.0,0.0,5.313633171172773
149,"0,240,195,214,61","30332,16145,12743,13525,18837",lucrarea earthquake Smartphoneără manger,0.2157605881877624,5.341032259414132,False,0.2797816937203523,0.25199423696400053,0.0023160996730568874,0.06575595861088675,0.3426448322164183,0.3528375404705007,0.12804221106517977,0.429045182102782,0.8678273950294918,0.9337868005786012,-0.08640034988636369,0.021014765095947702,0.0,0.0,0.0,5.320017494318185
150,"0,240,195,214,67","30332,16145,12743,13525,25300",lucrarea earthquake Smartphoneără farther,0.22330345155158066,5.360479490162764,False,0.28562141628417376,0.25819538689847393,0.002416676278596741,0.06721647499402335,0.34528213220020365,0.34726862938514574,0.1246359294651862,0.4322221295577563,0.8713435566810981,0.9356089303415257,-0.08693999735755265,0.013479622285132364,0.0,0.0,0.0,5.346999867877632
151,"141,240,173,214,195","25205,16145,19845,13525,12743",izeze earthquakeAiciără Smartphone,0.18039180596255389,5.3816055490520975,False,0.25694332309064905,0.2147459097336634,0.0020465881196238323,0.05917522836442728,0.3807004142136227,0.39714513705208865,0.15310303425619032,0.46755241773957257,0.8419581581871584,0.9202700504437867,-0.08685200352594985,0.0,0.03900537275460568,0.0,0.0,5.342600176297492
152,"251,240,195,1,16","694,16145,12743,22665,20538", fun earthquake Smartphonepictured trage,0.19265207433819526,5.383680879568155,False,0.2671931237081226,0.21680869333193933,0.002093910219533518,0.05980528537238844,0.36742077364309833,0.40120785674888165,0.14908209873985467,0.45487760862873966,0.8461088013007951,0.9224521132612497,-0.08745683498564133,0.0,0.010839130286088109,0.0,0.0,5.372841749282067
153,"236,205,195,214,240","24742,24903,12743,13525,16145",estival dispus Smartphoneără earthquake,0.1812442026978523,5.3973783408310645,False,0.2566286292350665,0.21810842849044734,0.001981923281372883,0.061314706752294536,0.370862454241794,0.3930422975276168,0.15076885307442844,0.4584351265452912,0.8443676355360739,0.9215373822724565,-0.08757267230349725,0.0,0.018744725656202704,0.0,0.0,5.378633615174862
154,"0,240,195,0,16","30332,16145,12743,30332,20538",lucrarea earthquake Smartphonelucrarea trage,0.23553031750692616,5.399037268603969,False,0.29271328143311715,0.2606861179706985,0.002570998935922686,0.07210348033335628,0.34221431843548916,0.3516005234726176,0.11436592785238198,0.42975016771816793,0.881944848668509,0.9410813313139401,-0.08753584928267877,0.022244804470030903,0.0,0.0,0.0,5.376792464133938
155,"0,240,217,214,195","30332,16145,15296,13525,12743",lucrarea earthquakeITYără Smartphone,0.2112008310664925,5.413198835689177,False,0.27701488707495436,0.25009348188696967,0.002371950720413607,0.06666101988253269,0.34768168252708587,0.35811607988992994,0.1316281120169237,0.4358131839567029,0.8641258198534981,0.9318647369565373,-0.08813150142961701,0.006623764208326032,0.0,0.0,0.0,5.406575071480851
156,"0,191,130,16,195","30332,20041,15799,20538,12743",lucrareaieni putere trage Smartphone,0.20256407515127295,5.413885108754798,False,0.27098663343801704,0.2318053521507239,0.002137001866976468,0.06635250704420036,0.3560291526603302,0.37376634632742506,0.1368451165734882,0.44430685483542615,0.8587405248273671,0.9290612915338319,-0.08827770217509595,0.0,0.0,0.0,0.0,5.413885108754798
157,"251,205,195,214,16","694,24903,12743,13525,20538", fun dispus Smartphoneără trage,0.16858670896869063,5.4162442663375145,False,0.24615018475060876,0.20438132344920676,0.001954752310546776,0.05967047100807465,0.37760384997127716,0.40149915401385555,0.15512695156383627,0.46525091677470715,0.8398689532244271,0.9191697604012894,-0.08764706680342998,0.0,0.033890926166015856,0.0,0.0,5.382353340171499
158,"0,73,195,214,240","30332,9472,12743,13525,16145",lucrarea problème Smartphoneără earthquake,0.21137205562630323,5.422298987111509,False,0.27649433340805407,0.24349751600424857,0.0022882400521260283,0.06785174789721425,0.35298697833213966,0.36323411686170637,0.13024455556350167,0.44143295807436983,0.8655540071602563,0.9326068005523541,-0.08844597974223017,0.0,0.0,0.0,0.0,5.422298987111509
159,"11,44,195,214,240","9161,15843,12743,13525,16145", bro shaft Smartphoneără earthquake,0.1782103525964196,5.423697512906948,False,0.25694910537343085,0.2175423956144082,0.002106678663554501,0.058985671707140204,0.36374583832891283,0.3845605102461633,0.1574775055540225,0.4521253294982411,0.8374425749119767,0.917890240958023,-0.08837949116932825,0.0,0.004722954440535708,0.0,0.0,5.418974558466412
160,"0,73,242,214,195","30332,9472,17002,13525,12743",lucrarea problèmeafficheără Smartphone,0.19984408378719815,5.429579909198175,False,0.2681916743661967,0.23719396349831995,0.0021721547639004966,0.06528362388743093,0.36093819953177664,0.3695796396175266,0.13669518115799706,0.44952979771574014,0.8588952968691643,0.9291419799158808,-0.0885915981839635,0.0,0.0,0.0,0.0,5.429579909198175
161,"251,240,195,16,16","694,16145,12743,20538,20538", fun earthquake Smartphone trage trage,0.19128493701969168,5.445578369592539,False,0.2648339145529939,0.2201804553150943,0.0021845057146383574,0.062344682493781466,0.36669585445523306,0.3873292916146882,0.1470979550666044,0.45536880815146324,0.8481569496086664,0.9235269595054578,-0.08867295369623018,0.0,0.011930684781029408,0.0,0.0,5.433647684811509
162,"251,240,195,214,44","694,16145,12743,13525,15843", fun earthquake Smartphoneără shaft,0.19441507447607753,5.45472452943164,False,0.2675714107259654,0.2213809396568207,0.002037285093799046,0.06146496301134324,0.37493793293306416,0.3945457902923482,0.14631267249977575,0.4634352991165184,0.8489675638711992,0.9239520157996433,-0.08849736618345422,0.0,0.029856220258929693,0.0,0.0,5.424868309172711
163,"0,40,12,214,195","30332,18132,12337,13525,12743",lucrarea Vorstand mobilityără Smartphone,0.19452166047872993,5.456815643401701,False,0.26634187936420045,0.22893338971287153,0.0021633325246247226,0.06225953313185647,0.3507667950923377,0.35364515546305414,0.14364043777094104,0.43990310796037174,0.8517259997203189,0.9253969754808252,-0.08913631286803403,0.0,0.0,0.0,0.0,5.456815643401701
164,"236,240,195,214,195","24742,16145,12743,13525,12743",estival earthquake Smartphoneără Smartphone,0.19460498438966584,5.461306491436117,False,0.2695583908512558,0.2216623505058317,0.0026104514254293443,0.06134604935796526,0.3651654727533412,0.38500654271152596,0.14990681292317998,0.45420472587644384,0.8452574834341368,0.9220049821323202,-0.08903925312310262,0.0,0.009343835280986281,0.0,0.0,5.451962656155131
165,"100,240,195,214,44","14338,16145,12743,13525,15843", surroundings earthquake Smartphoneără shaft,0.18636233705781385,5.4646806300204815,False,0.2610167422996454,0.21981202668482566,0.0018272160447330322,0.059040911870523884,0.36575871174268443,0.3802361771761424,0.14930881048366307,0.454837331817856,0.8458747762749285,0.9223292197021283,-0.08907862007517159,0.0,0.010749626261902234,0.0,0.0,5.453931003758579
166,"0,240,195,214,214","30332,16145,12743,13525,13525",lucrarea earthquake Smartphoneărăără,0.2169999752751281,5.469269957321236,False,0.28020514417153136,0.2496919340852069,0.0024101339109965257,0.06630539423638473,0.34474683698208486,0.3583609458257911,0.12641033779280653,0.4338320553846287,0.8695119093751674,0.934660185418847,-0.08908521840254385,0.015009037194043198,0.0,0.0,0.0,5.454260920127193
167,"0,33,1,214,195","30332,25803,22665,13525,12743",lucrarea Saucepicturedără Smartphone,0.19995788366822514,5.477355931110466,False,0.2700593041182317,0.2370535092339923,0.0021919511681813665,0.06366358202503673,0.35381091767835415,0.3621996830351011,0.14020284090001311,0.4433580363005635,0.8552744868128896,0.9272524786162541,-0.08954711862220932,0.0,0.0,0.0,0.0,5.477355931110466
168,"194,240,195,214,240","23078,16145,12743,13525,16145",politischen earthquake Smartphoneără earthquake,0.19159456289063942,5.47793906905271,False,0.26358693271359823,0.23005519752589837,0.0021448237978992034,0.062209647537524615,0.3622760600417514,0.39015891230394945,0.14398473964591763,0.45175676306438833,0.8513705913332463,0.9252109274938782,-0.08948070302263694,0.0,0.0039039179208629387,0.0,0.0,5.474035151131847
169,"236,240,195,214,214","24742,16145,12743,13525,13525",estival earthquake Smartphoneărăără,0.1944994913020915,5.491875669791503,False,0.26564622115361597,0.22705206446914414,0.0021497109559778017,0.0612353255279462,0.3757664995024272,0.39587072505917925,0.14229345970304896,0.46494001234939525,0.8531164286936269,0.9261244734359151,-0.08917351284696806,0.0,0.03320002744310053,0.0,0.0,5.458675642348403
170,"110,240,195,214,214","24243,16145,12743,13525,13525", événements earthquake Smartphoneărăără,0.18627267831327587,5.49888444846177,False,0.26021740744616606,0.2189233878733328,0.0018544056335488724,0.057255401934837656,0.37193979589089987,0.3838141741173957,0.14788945826578037,0.4614103578448104,0.8473399140482267,0.9230983380627547,-0.08947056195391051,0.0,0.02535635076624527,0.0,0.0,5.473528097695525
171,"236,44,195,214,16","24742,15843,12743,13525,20538",estival shaft Smartphoneără trage,0.18035822226348946,5.499138681723802,False,0.2562009204660631,0.20526837134304257,0.0019973601290171894,0.057100359211568114,0.37280397172706936,0.38913667608756075,0.15168539640514722,0.46224262853764986,0.8434215262914609,0.9210399576537669,-0.0894386568105805,0.0,0.027205841194777435,0.0,0.0,5.471932840529025
172,"236,44,195,214,240","24742,15843,12743,13525,16145",estival shaft Smartphoneără earthquake,0.18844253447904025,5.500572787363204,False,0.2629914617742916,0.21563670969571166,0.0021183136313676853,0.06127876969440818,0.36519935067475545,0.3935173907579293,0.14909785459050273,0.45498906997852934,0.8460925371969004,0.9224435730219477,-0.08978971930377388,0.0,0.011086822174509613,0.0,0.0,5.4894859651886945
173,"0,205,195,214,44","30332,24903,12743,13525,15843",lucrarea dispus Smartphoneără shaft,0.18399004075367897,5.508478424016528,False,0.2571266583436498,0.22575401831417763,0.002026190539521677,0.06163629169983831,0.3623591697825449,0.37297577928363634,0.14627323517994162,0.45242113237934883,0.849008273362641,0.9239733572024998,-0.09006196259680394,0.0,0.005380294176330717,0.0,0.0,5.503098129840197
174,"0,240,173,229,195","30332,16145,19845,3147,12743",lucrarea earthquakeAici 300 Smartphone,0.20518001094783977,5.513003987102915,False,0.271000245690799,0.23936427721835757,0.0023293782004415843,0.06608966758764521,0.3465211368550666,0.35799109466316575,0.13164046948591845,0.4365824244174144,0.8641130637564712,0.9318581064271971,-0.09006128756234782,0.009939608985523993,0.0,0.0,0.0,5.503064378117391
175,"0,240,195,214,207","30332,16145,12743,13525,8534",lucrarea earthquake Smartphoneără processed,0.21380590523945825,5.519536689022174,False,0.2770390550027834,0.24520131697712025,0.0022668915769035237,0.06727052684721076,0.339925100014219,0.34499968907342843,0.12646629952665034,0.4297401252240464,0.8694541424241029,0.9346302479982924,-0.08981502520982743,0.02878542853080281,0.0,0.0,0.0,5.490751260491371
176,"0,240,195,229,25","30332,16145,12743,3147,28399",lucrarea earthquake Smartphone 300 bewegt,0.20424503031669178,5.52476535209259,False,0.271133435700506,0.24300112533416593,0.0022845281267588,0.06773726284103587,0.3485047836836642,0.3580586158441313,0.13377681076762848,0.438914649793154,0.8619078082398673,0.9307111201830413,-0.09040986610948976,0.004272046618102162,0.0,0.0,0.0,5.520493305474488
177,"0,44,195,214,64","30332,15843,12743,13525,30828",lucrarea shaft SmartphoneărăDOWN,0.18462009891786474,5.525959230190302,False,0.25892506434438706,0.22035112757800013,0.002165764483269772,0.06105094642854989,0.35370677058549255,0.3595286968409865,0.14860993085304464,0.4442259551892986,0.8465962004097604,0.9227080086067072,-0.09051918460380604,0.0,0.0,0.0,0.0,5.525959230190302
178,"0,205,195,214,106","30332,24903,12743,13525,14385",lucrarea dispus Smartphoneără Freunde,0.17593913759236962,5.531838548541864,False,0.25213945958251016,0.22923908205537308,0.002028476917886618,0.06071492862823136,0.3638764352330921,0.36578410201821776,0.15240064398028108,0.4543211548761026,0.8426832062139034,0.9206515931772012,-0.09044471964301048,0.0,0.009602566391339051,0.0,0.0,5.522235982150525
179,"0,73,195,214,16","30332,9472,12743,13525,20538",lucrarea problème Smartphoneără trage,0.1968394538131195,5.5355743129116695,False,0.2661841928161446,0.23658469674020616,0.002120020648436011,0.06465253772267182,0.355799452599574,0.363533030319881,0.13868947800605014,0.4465109388578074,0.8568366678647225,0.9280681666741672,-0.09071148625823339,0.0,0.0,0.0,0.0,5.5355743129116695
180,"0,252,195,214,240","30332,21212,12743,13525,16145",lucrarea Colin Smartphoneără earthquake,0.2128139847520279,5.543533260256262,False,0.2792205610813144,0.24709945969938962,0.0023309399320110002,0.06660667253055429,0.3435869432078812,0.3511340747995997,0.13281315265857296,0.43409114802488535,0.8629025520943763,0.9312286761807902,-0.09050420481700416,0.01832301940605368,0.0,0.0,0.0,5.525210240850209
181,"0,110,195,214,240","30332,24243,12743,13525,16145",lucrarea événements Smartphoneără earthquake,0.20986038582395866,5.5460221716602085,False,0.2761649243189724,0.24177851579015017,0.0022573492214599533,0.06538467280049626,0.3480563079034088,0.35935528180835163,0.13260907699002744,0.43886568321680774,0.8631132108490039,0.9313382430728229,-0.09080937531339894,0.005553405990260505,0.0,0.0,0.0,5.540468765669948
182,"251,240,195,214,69","694,16145,12743,13525,22208", fun earthquake Smartphoneără déplac,0.2037972912756672,5.554110269304169,False,0.2755774541750536,0.2296934543787091,0.0021040840267952557,0.06241400425294802,0.3680115730811858,0.39396994156589643,0.14356032579877276,0.45870680917078965,0.8518086959496539,0.9254402596608964,-0.09069523608960384,0.0,0.019348464823976983,0.0,0.0,5.534761804480192
183,"251,240,195,229,16","694,16145,12743,3147,20538", fun earthquake Smartphone 300 trage,0.19888379441143333,5.561557457074485,False,0.2693909366235061,0.22618839745115388,0.002287464631709435,0.05984167501420532,0.38058072046063823,0.4002211421841338,0.14101428442414554,0.4708837049382076,0.8544368676912046,0.9268148226996882,-0.09030298447756935,0.0,0.04640823319601682,0.0,0.0,5.515149223878468
184,"100,240,195,84,16","14338,16145,12743,24023,20538", surroundings earthquake Smartphone LORD trage,0.18746514565270866,5.566278084037826,False,0.261412795749264,0.21920195748796872,0.0020014853254345655,0.05848548111458216,0.36729552211427036,0.38095917951989683,0.1478953001931107,0.4582542291654513,0.8473338836716277,0.9230951737534376,-0.09095870705118092,0.0,0.01834273147878059,0.0,0.0,5.547935352559046
185,"190,240,195,214,16","11733,16145,12743,13525,20538",usion earthquake Smartphoneără trage,0.18876109637550348,5.5765608572221055,False,0.26288840714021006,0.21065987132827674,0.0019717645074044943,0.058246691224650295,0.37365040256403287,0.38398588240453546,0.14825462152941316,0.46453559333790156,0.8469629713244767,0.9229005246886507,-0.0908851907738687,0.0,0.03230131852867012,0.0,0.0,5.544259538693435
186,"110,240,195,229,240","24243,16145,12743,3147,16145", événements earthquake Smartphone 300 earthquake,0.17560528512755658,5.580427491684481,False,0.25381573857725925,0.2176722308491358,0.0019648962983334463,0.0572403039154531,0.3737122089049637,0.3943327079490148,0.15642090689940535,0.4646688115582851,0.8385332573941622,0.9184656188995833,-0.0909566026533214,0.0,0.03259735901841131,0.0,0.0,5.5478301326660695
187,"0,44,130,214,195","30332,15843,15799,13525,12743",lucrarea shaft putereără Smartphone,0.19328112160601257,5.584017642053354,False,0.26419540792088797,0.2277837217907773,0.002215964525478703,0.06313928190606007,0.34632580359698717,0.36235829362999955,0.1418285726297508,0.4377962023578821,0.8535963121241282,0.9263754246363886,-0.09147039876089491,0.010497704008608024,0.0,0.0,0.0,5.573519938044746
188,"251,240,195,229,195","694,16145,12743,3147,12743", fun earthquake Smartphone 300 Smartphone,0.18182914207769002,5.585963290566146,False,0.25798397945341484,0.21577565557400732,0.0020848337016728057,0.06026040267475108,0.3828095916389311,0.4059889583256934,0.15230967475144963,0.4734850762821581,0.8427771099339875,0.9207009966588232,-0.090675484643227,0.0,0.05218905840479571,0.0,0.0,5.53377423216135
189,"0,205,195,214,98","30332,24903,12743,13525,9850",lucrarea dispus Smartphoneără depict,0.17585362833481655,5.586322506722764,False,0.24969973367218634,0.22603239215954357,0.0018216531290366378,0.06145002702544261,0.3640040209368564,0.3670975852076255,0.1476922106747396,0.45548662123848993,0.847543524464785,0.9232051718471146,-0.09148260030163352,0.0,0.01219249164108871,0.0,0.0,5.574130015081676
190,"0,73,195,16,240","30332,9472,12743,20538,16145",lucrarea problème Smartphone trage earthquake,0.21261586631080737,5.589669981791533,False,0.27825185132363267,0.2432887290310306,0.002222128727213263,0.06630006277384452,0.3548221060248751,0.36995848332027775,0.1312719700256506,0.44661550566070574,0.8644934502961026,0.9320558084011651,-0.09179339963583066,0.0,0.0,0.0,0.0,5.589669981791533
191,"0,240,195,16,53","30332,16145,12743,20538,1735",lucrarea earthquake Smartphone trage moving,0.20063766417639484,5.589866699949477,False,0.26913917922888964,0.24193305219786682,0.002212728941485137,0.06577629791767159,0.34972223937417213,0.35626685670591957,0.1370030301049896,0.4415037013374001,0.8585775173109785,0.9289763021170186,-0.09178146196322795,0.0007936017880795708,0.0,0.0,0.0,5.589073098161397
192,"251,240,195,214,214","694,16145,12743,13525,13525", fun earthquake Smartphoneărăără,0.18385038735004738,5.592557280133936,False,0.25958494837243634,0.22002800354580143,0.0021049131330688644,0.058869984902893295,0.37943528579199604,0.4031020251651021,0.15146912204477792,0.470380625803412,0.8436447772441003,0.9211573578684709,-0.09094534001141596,0.0,0.045290279563137754,0.0,0.0,5.547267000570798
193,"0,44,195,214,61","30332,15843,12743,13525,18837",lucrarea shaft Smartphoneără manger,0.18621342903657567,5.593647416564068,False,0.25887722905333344,0.22407710090171362,0.002167645737739243,0.060943633426369846,0.3477834213569696,0.35861956680340407,0.14532760003351552,0.4395297080515064,0.8499844128686291,0.9244849376633912,-0.09174628669453677,0.006333081837229646,0.0,0.0,0.0,5.587314334726838
194,"0,240,195,214,18","30332,16145,12743,13525,12487",lucrarea earthquake Smartphoneără adjacent,0.22217641017151785,5.593809794866674,False,0.28365639757004035,0.2583333769646618,0.0023488516795444224,0.0677219711363994,0.34563601422495843,0.34860702256763015,0.12295997479704501,0.43726283950657524,0.8730735744030503,0.9365041511936586,-0.09162682528161681,0.012468530785832987,0.0,0.0,0.0,5.581341264080841
195,"110,240,195,214,248","24243,16145,12743,13525,6148", événements earthquake Smartphoneără mici,0.18448898299485061,5.601061164776851,False,0.26063608100197744,0.22105681049055126,-0.0008718844331966399,0.05816290734990524,0.381598629483153,0.3917714000975785,0.15229419601425365,0.4726147526604479,0.8427930879852865,0.9207094025726827,-0.0910161231772949,0.0,0.050255005912106396,0.0,0.0,5.550806158864745
196,"0,240,195,214,29","30332,16145,12743,13525,28935",lucrarea earthquake Smartphoneără Squad,0.21732849809459126,5.605184531110295,False,0.28006755052064874,0.24846555840355752,0.002281245678717997,0.06747283057292064,0.33383094121481055,0.3433693869673075,0.12547810485211497,0.4250106856207199,0.8704742143462039,0.9351587539813146,-0.09117974440590937,0.04619731081482694,0.0,0.0,0.0,5.558987220295468
197,"0,191,195,229,187","30332,20041,12743,3147,20719",lucrareaieni Smartphone 300 apărut,0.1898697949782266,5.615094160479757,False,0.26194128977335557,0.23929669791277608,0.0022121375350995565,0.06317512696260327,0.3579546804299649,0.3607305324928977,0.14414298959025795,0.45024564603787665,0.8512072365519918,0.9251254025318633,-0.09229096560791172,0.0,0.000545880084170299,0.0,0.0,5.614548280395586
198,"0,240,195,229,38","30332,16145,12743,3147,25012",lucrarea earthquake Smartphone 300 caption,0.20108401453247132,5.62010703400286,False,0.26780696159341194,0.2319263933361869,0.002170263250586024,0.06560611389604946,0.34466533383637715,0.3518631914750106,0.13344589412188124,0.4367626364499416,0.8622493996161226,0.9308888794470147,-0.09209730261356447,0.015241903324636645,0.0,0.0,0.0,5.604865130678223
199,"0,240,195,214,178","30332,16145,12743,13525,30831",lucrarea earthquake SmartphoneărăTotusi,0.21573278502870097,5.6205697151532314,False,0.2798903791478551,0.250964648823699,0.002314366505943871,0.06715348334066323,0.34334607812082285,0.35337244279367247,0.12831518823830823,0.4353772483165059,0.8675456121411012,0.9336406223819161,-0.09203117019568308,0.019011205369077508,0.0,0.0,0.0,5.601558509784154
200,"236,240,195,214,248","24742,16145,12743,13525,6148",estival earthquake Smartphoneără mici,0.1923089096505486,5.627852873978306,False,0.2636012631614399,0.21446014006643935,0.0021205116643975286,0.06328179805008832,0.36551074386044496,0.38896135912464763,0.1425847070217826,0.45772449064469145,0.8528157863000954,0.9259672202503809,-0.09221374678424649,0.0,0.017165534765980976,0.0,0.0,5.610687339212324
201,"0,240,112,214,195","30332,16145,21711,13525,12743",lucrarea earthquake bildenără Smartphone,0.21863256379610913,5.629216762017396,False,0.28185114915581394,0.25283487613464645,0.0022694745575241202,0.06789536658547357,0.3506877833150577,0.35922806854093786,0.12643717071940963,0.4432721185554056,0.8694842108702868,0.9346458309330815,-0.09258433524034793,0.0,0.0,0.0,0.0,5.629216762017396
202,"0,44,173,214,195","30332,15843,19845,13525,12743",lucrarea shaftAiciără Smartphone,0.1928721458462565,5.630140112441882,False,0.26420751587822294,0.23128471786132976,0.002230622397510107,0.06263824585702368,0.36434767720264816,0.37116049281801616,0.14267074006393288,0.45665471436844385,0.8527269779985209,0.9259207633140468,-0.09230703716579569,0.0,0.014788254152097415,0.0,0.0,5.615351858289785
203,"251,240,195,248,240","694,16145,12743,6148,16145", fun earthquake Smartphone mici earthquake,0.1851087071540114,5.636709617664231,False,0.25947893137161127,0.20792316338045158,0.0021515348750211273,0.06279988672256204,0.37295363908843415,0.39809494068093515,0.14874044843519973,0.46502026414632647,0.8464614725830196,0.9226372806064148,-0.09206662505789232,0.0,0.033378364769614345,0.0,0.0,5.603331252894616
204,"182,240,195,214,240","1575,16145,12743,13525,16145",tion earthquake Smartphoneără earthquake,0.17335410008208366,5.644125897193273,False,0.24989677573382543,0.2160493909939565,0.0019352354092085301,0.058226453568814014,0.3662406936512677,0.37847837709953397,0.15308535130348355,0.4587349898251275,0.8419764115576944,0.9202796578739076,-0.09249429617385979,0.0,0.019411088500283318,0.0,0.0,5.62471480869299
205,"0,240,195,214,146","30332,16145,12743,13525,20352",lucrarea earthquake Smartphoneără cuir,0.2146935138647264,5.647083420501026,False,0.2780785192945983,0.24678875271562692,0.0022203075853325983,0.06656185402756094,0.34044427698174395,0.35507332932412766,0.12677001085974382,0.4328399040764356,0.8691406339512322,0.9344677571432073,-0.09239562709469162,0.027302065766445782,0.0,0.0,0.0,5.619781354734581
206,"0,240,106,214,195","30332,16145,14385,13525,12743",lucrarea earthquake Freundeără Smartphone,0.2146323586078177,5.651137740211733,False,0.278963927803112,0.2536521523152808,0.002252447791779061,0.06795875645908024,0.35649372414704705,0.3599976108768929,0.12866313839058863,0.4495164789512817,0.8671864377903601,0.9334542632659681,-0.09302275480423466,0.0,0.0,0.0,0.0,5.651137740211733
207,"110,240,195,214,187","24243,16145,12743,13525,20719", événements earthquake Smartphoneără apărut,0.18913708669467488,5.655108628649431,False,0.26192531333004526,0.20881652484018118,0.0018467055458223581,0.061918985805070714,0.37528309373611607,0.3822623054801084,0.14557645327074076,0.46760291455127045,0.8497275321076224,0.9243503376584331,-0.09231982081515439,0.0,0.039117587891712095,0.0,0.0,5.615991040757719
208,"0,240,195,214,228","30332,16145,12743,13525,4408",lucrarea earthquake Smartphoneără accord,0.21678570255254104,5.660518154456268,False,0.2802126586248351,0.2489839638942533,0.002296473677616084,0.0661747192462272,0.3355544375092677,0.34992042833307585,0.12685391214458808,0.42793933988463695,0.8690540261733284,0.9344228635127738,-0.09238490237536923,0.04127303568780645,0.0,0.0,0.0,5.619245118768461
209,"251,240,195,214,64","694,16145,12743,13525,30828", fun earthquake SmartphoneărăDOWN,0.1831416846773251,5.663248984433215,False,0.25882893969319504,0.22266552927262173,0.0020430279032155885,0.05831585488694124,0.36943329515976786,0.3864941947437612,0.15137451003173985,0.4621579227272223,0.8437424412575588,0.9212087114048912,-0.09272462756745442,0.0,0.027017606060493932,0.0,0.0,5.636231378372721
210,"0,240,195,214,136","30332,16145,12743,13525,2824",lucrarea earthquake Smartphoneără....,0.20808282229024055,5.667920095860438,False,0.27273636175982346,0.24518610983173408,0.0023782317212213133,0.06791085856519809,0.34547043570776836,0.3467586450723079,0.12930707893916582,0.43857000537970675,0.8665217249660224,0.933109276055508,-0.09309956967193839,0.012941612263518898,0.0,0.0,0.0,5.65497848359692
211,"0,240,154,214,195","30332,16145,12307,13525,12743",lucrarea earthquakeoaraără Smartphone,0.20080213569362476,5.6688520673741944,False,0.2692999303854488,0.23810989531960855,0.002318789182335068,0.06629995175917698,0.34858128054178705,0.3603930234102119,0.1369955893836481,0.4418772522059445,0.8585851980555891,0.9289803069044854,-0.09329597166415743,0.004053484166322643,0.0,0.0,0.0,5.6647985832078716
212,"0,240,195,214,71","30332,16145,12743,13525,25688",lucrarea earthquake Smartphoneără correspondent,0.2137172885109298,5.678635780220492,False,0.2776447713026933,0.24879150811747194,0.0022623166664356097,0.06642197641856142,0.3364674765005974,0.350458998339866,0.12785496558352705,0.4292669050478985,0.8680206806879721,0.9338870565633046,-0.09279942854730111,0.038664352855435985,0.0,0.0,0.0,5.639971427365055
213,"0,240,207,16,195","30332,16145,8534,20538,12743",lucrarea earthquake processed trage Smartphone,0.19821312115642037,5.680762413157604,False,0.2682563204525075,0.23663302625380803,0.0021403418165865827,0.06481807336438876,0.34577075146353614,0.3507635011536705,0.1400863985921743,0.43914432838174744,0.8553946853242071,0.927315265380564,-0.0933735769182113,0.012083567247039535,0.0,0.0,0.0,5.668678845910565
214,"0,240,195,88,16","30332,16145,12743,11461,20538",lucrarea earthquake Smartphone physique trage,0.19904585785686962,5.683076785157864,False,0.2684735285320254,0.23957834443231982,0.002180818418328545,0.06427682267625433,0.35194390604159287,0.3526280327572126,0.13885534135031152,0.44560544174475014,0.856665454090001,0.9279788029096832,-0.09366153570315727,0.0,0.0,0.0,0.0,5.683076785157864
215,"0,33,195,214,195","30332,25803,12743,13525,12743",lucrarea Sauce Smartphoneără Smartphone,0.1988143612041327,5.684940750826871,False,0.26849486703272246,0.23712641239280435,0.0022798082169972478,0.06527336997328638,0.34967071252832277,0.3582246013135903,0.1393610116571795,0.4433507111179072,0.8561434718377502,0.9277063050032701,-0.09367999858958442,0.0009408213476491679,0.0,0.0,0.0,5.683999929479222
216,"0,33,195,214,44","30332,25803,12743,13525,15843",lucrarea Sauce Smartphoneără shaft,0.20193050093889708,5.690165577274795,False,0.27074942518928524,0.23650697778007443,0.002213255614773324,0.06335172996751444,0.34024599743344885,0.3570610162840353,0.13763784850077632,0.4334919374037133,0.8579222209024244,0.9286345629467082,-0.09324593997026442,0.027868578761574638,0.0,0.0,0.0,5.662296998513221
217,"251,44,195,214,16","694,15843,12743,13525,20538", fun shaft Smartphoneără trage,0.17888025835105958,5.6965665017546065,False,0.25670636375883293,0.21298364249345506,0.0019813531888193295,0.05696538049926475,0.3678437910559151,0.38885200525301267,0.1556522108155467,0.46127405210841116,0.8393267501258873,0.9188839911460278,-0.09343026105249608,0.0,0.02505344912980255,0.0,0.0,5.671513052624804
218,"0,205,195,214,38","30332,24903,12743,13525,25012",lucrarea dispus Smartphoneără caption,0.18369869178625003,5.697600419564647,False,0.25582120161480204,0.2282519813841595,0.0019238950090316343,0.06239966871324485,0.36234883066459245,0.364818855373108,0.144245019657104,0.45603271824499664,0.8511019151926669,0.9250702569766774,-0.09368388758040419,0.0,0.013406040544436948,0.0,0.0,5.68419437902021
219,"0,240,58,214,248","30332,16145,28310,13525,6148",lucrarea earthquake Illustrationără mici,0.20026245230828804,5.703201865568956,False,0.2694871792898533,0.242217423680021,0.002198994615233979,0.062421376694156934,0.34544589883328447,0.35004885643592903,0.13844945396313046,0.43924970179227985,0.857084434618704,0.9281974714665353,-0.09380380295899537,0.013011717619187164,0.0,0.0,0.0,5.690190147949769
220,"251,240,195,229,44","694,16145,12743,3147,15843", fun earthquake Smartphone 300 shaft,0.17589663413882323,5.716307874486608,False,0.2551709145776094,0.20711661044331398,0.0020122959894611327,0.05977616791703964,0.36719463554009496,0.3991986542918548,0.1585485608775723,0.4610305465179196,0.8363369694166995,0.9173066221947969,-0.09383591097782462,0.0,0.024512325595376822,0.0,0.0,5.691795548891231
221,"0,240,195,165,64","30332,16145,12743,13114,30828",lucrarea earthquake Smartphone->DOWN,0.19531340413382708,5.718910090745732,False,0.26602342073575996,0.22340904239033377,0.002253156205620699,0.06361223979040136,0.35144920593793666,0.35920263738372155,0.14142003320386576,0.4458274077528513,0.8540180302411708,0.9265959026437222,-0.09437820181491463,0.0,0.0,0.0,0.0,5.718910090745732
222,"0,240,195,214,77","30332,16145,12743,13525,6177",lucrarea earthquake Smartphoneără tie,0.21584979021397394,5.723882564212995,False,0.27937439547991344,0.25020588725641685,0.002312711963242603,0.06662007828764606,0.3392766558438225,0.3473095548382425,0.127049210531879,0.43314154460487225,0.8688524278380604,0.9343183555234913,-0.09386488876104976,0.0306381261605071,0.0,0.0,0.0,5.693244438052488
223,"0,44,195,214,44","30332,15843,12743,13525,15843",lucrarea shaft Smartphoneără shaft,0.18872724378927042,5.730739101985148,False,0.26026936377943266,0.22907534977234745,0.002249299311340619,0.062294097650996694,0.3580397636041442,0.36088624111111184,0.1430842399803245,0.4525415862547473,0.8523001393751489,0.925697445183725,-0.09450182265060308,0.0,0.0056479694549939185,0.0,0.0,5.725091132530154
224,"0,240,195,255,214","30332,16145,12743,27850,13525",lucrarea earthquake Smartphone purityără,0.22552250164759446,5.731202697564747,False,0.28699083817401655,0.25663718020784987,0.0023633721180824465,0.06928892044972379,0.34687014434029,0.35873596942012664,0.12293667305284417,0.4413153493967444,0.873097627816419,0.9365165919230454,-0.09444520505645437,0.008942444742028481,0.0,0.0,0.0,5.722260252822719
225,"100,240,195,214,125","14338,16145,12743,13525,19020", surroundings earthquake Smartphoneără humaine,0.19049751160941691,5.7317710443079655,False,0.26362120101017633,0.22761369559318934,0.0018712666038590677,0.05728639833319186,0.35868089584544893,0.3752241471254591,0.14624737880151883,0.45317519687068875,0.849034963817787,0.9239873490467719,-0.09449430102523981,0.0,0.007055993045974965,0.0,0.0,5.724715051261991
226,"110,44,195,214,16","24243,15843,12743,13525,20538", événements shaft Smartphoneără trage,0.17558221327898987,5.7324424832682705,False,0.2544649520095208,0.21223556758573503,0.0018729937634920702,0.054504794494944324,0.36743724030448255,0.38162768481117454,0.15776547746106184,0.46157178826900336,0.8371453135885814,0.9177333613522711,-0.09413454796452081,0.0,0.02571508504222966,0.0,0.0,5.7067273982260405
227,"0,240,173,16,195","30332,16145,19845,20538,12743",lucrarea earthquakeAici trage Smartphone,0.21756991737094278,5.737066912081185,False,0.28162513931237826,0.24386080750517583,0.0021910468432021603,0.06740486678872325,0.3481270842769526,0.36318197321863993,0.12811044388287096,0.4427613987629736,0.8677569611531655,0.9337502643197104,-0.094634314486021,0.005351187780135357,0.0,0.0,0.0,5.73171572430105
228,"0,240,1,229,16","30332,16145,22665,3147,20538",lucrarea earthquakepictured 300 trage,0.19760203933851012,5.744841819755025,False,0.26846728536181513,0.23560729394700364,0.002272323590544645,0.06334753400941347,0.34420647491156653,0.34912628650343663,0.14173049204661003,0.4387722527301851,0.8536975565970477,0.9264283609396843,-0.09456577781861858,0.016552928824095568,0.0,0.0,0.0,5.728288890930929
229,"0,240,195,214,112","30332,16145,12743,13525,21711",lucrarea earthquake Smartphoneără bilden,0.21330801313285463,5.756696832845667,False,0.2780507459564058,0.24229375308917958,0.002267472643606494,0.06692287321689754,0.34502461981742044,0.34777728260329305,0.12948546564710228,0.43987424903532923,0.8663375838481525,0.9330136839044204,-0.09484962921790879,0.014215371950227247,0.0,0.0,0.0,5.74248146089544
230,"15,33,195,214,240","18661,25803,12743,13525,16145",freien Sauce Smartphoneără earthquake,0.1775050909684341,5.765716260186207,False,0.25535258382415127,0.2049960457029091,0.0019050921523613873,0.05947424623334798,0.3555308343293746,0.3784937866619454,0.15569498571143436,0.45080919529764774,0.8392825953946484,0.9188607153908397,-0.09527836096827313,0.0,0.001798211772550499,0.0,0.0,5.7639180484136565
231,"0,33,18,214,195","30332,25803,12487,13525,12743",lucrarea Sauce adjacentără Smartphone,0.20388796265889736,5.76691142369227,False,0.27120438684140297,0.2374163639724741,0.002236600548734724,0.06513304487495908,0.3494956306991539,0.359119019483884,0.13463284836501122,0.4448050380700938,0.86102415652644,0.9302511228883246,-0.0953094073709399,0.0014410551452744996,0.0,0.0,0.0,5.765470368546995
232,"0,240,195,117,240","30332,16145,12743,12941,16145",lucrarea earthquake Smartphone Listen earthquake,0.19813423476487435,5.797241218022006,False,0.26841212894116456,0.23685318052264986,0.002332341707588109,0.06647069049580007,0.3489182781420672,0.35418300572853284,0.14055578835258042,0.4448012898249112,0.8549101539586267,0.927062140121912,-0.09588301168284397,0.003090633879807887,0.0,0.0,0.0,5.794150584142199
233,"11,240,195,214,44","9161,16145,12743,13525,15843", bro earthquake Smartphoneără shaft,0.17906485082865647,5.8021678545414614,False,0.2563830027538975,0.21697075701669044,0.0020104987584145194,0.060932882573265235,0.36692548827097454,0.38920614831408445,0.1546363038504821,0.462416979601727,0.8403754282833733,0.9194366188865429,-0.09549149133075246,0.0,0.027593288003837767,0.0,0.0,5.774574566537623
234,"0,240,195,217,16","30332,16145,12743,15296,20538",lucrarea earthquake SmartphoneITY trage,0.19413498971409088,5.802563139891687,False,0.26518259286721485,0.23779434987909298,0.0022761168220815976,0.06405557052476792,0.3498916817296099,0.354242304350407,0.14209520630624795,0.44593675491199275,0.8533210773612925,0.9262315011344368,-0.09604507318238287,0.00030948077254312956,0.0,0.0,0.0,5.802253659119144
235,"0,33,195,214,98","30332,25803,12743,13525,9850",lucrarea Sauce Smartphoneără depict,0.1937315848897344,5.82072031106757,False,0.26319254782307366,0.23468493288512118,0.002020768570985493,0.06417943242002475,0.35658847375383257,0.3609620110916653,0.1389219258666785,0.4528750978485804,0.8565967216860093,0.9279429261184772,-0.09628662409474781,0.0,0.0063891063301785905,0.0,0.0,5.814331204737391
236,"0,240,195,16,67","30332,16145,12743,20538,25300",lucrarea earthquake Smartphone trage farther,0.202470484113849,5.8225077209306795,False,0.2703380109840164,0.24130792926997333,0.002315307385577864,0.06476371530124649,0.3462030910328827,0.35093765751082434,0.1357350537403348,0.4424362792248039,0.8598863961390093,0.9296585105616283,-0.09623318819192117,0.010848311334620752,0.0,0.0,0.0,5.811659409596059
237,"0,73,195,214,214","30332,9472,12743,13525,13525",lucrarea problème Smartphoneărăără,0.1888862930753275,5.823824161523433,False,0.26143078343226817,0.23017682426655522,0.0021790977206920083,0.06299617694396524,0.3535876220130078,0.36063148431873143,0.14508898071388132,0.45006137736077534,0.8502307295856709,0.9246139839339003,-0.09647375534776753,0.0,0.00013639413505628362,0.0,0.0,5.8236877673883765
238,"234,240,33,214,240","794,16145,25803,13525,16145", test earthquake Sauceără earthquake,0.16614936645388945,5.8265912334679415,False,0.24771592213080007,0.20443304943664092,0.0017944356902986737,0.0582754890563022,0.36255982118303265,0.38115706503366004,0.16313311135382125,0.4587047673054812,0.8316045302154104,0.9148042898052997,-0.09614494612244856,0.0,0.019343927345513774,0.0,0.0,5.807247306122428
239,"0,240,195,229,187","30332,16145,12743,3147,20719",lucrarea earthquake Smartphone 300 apărut,0.2062800427135254,5.8324274906064195,False,0.2730235286614804,0.23705416396324297,0.002348584405195503,0.0657214115878333,0.3452616873572022,0.3558023920470985,0.13348697189590997,0.441639476446885,0.862206996752609,0.930866815448961,-0.09637778908968281,0.013538036122279377,0.0,0.0,0.0,5.8188894544841405
240,"251,240,195,214,248","694,16145,12743,13525,6148", fun earthquake Smartphoneără mici,0.1926928008542153,5.8328302993652725,False,0.26561732326533366,0.22328371266667157,0.0021307646000171543,0.060069078661487856,0.368613625719685,0.3888707260411157,0.1458490448222367,0.46462043461307595,0.8494461472802718,0.9242028755515551,-0.09600680889339097,0.0,0.03248985469572431,0.0,0.0,5.800340444669549
241,"110,152,195,214,240","24243,19355,12743,13525,16145", événements persoană Smartphoneără earthquake,0.1758300038884903,5.833180535601256,False,0.2547177782676701,0.20773505881958135,0.00189271508714447,0.058851943757382674,0.37974143932225235,0.39557539372026324,0.15777554875835964,0.4752814308838827,0.8371349174107255,0.9177278742860764,-0.09553999156163034,0.0,0.0561809575197393,0.0,0.0,5.776999578081517
242,"110,240,195,16,248","24243,16145,12743,20538,6148", événements earthquake Smartphone trage mici,0.16710522694635088,5.840392863296982,False,0.2501259655492883,0.19909370584084846,0.001826310830682898,0.05627720960280447,0.37725176278922057,0.385937129775654,0.1660414772058748,0.4730358064357917,0.8286023461100647,0.91321329534459,-0.09578404364657112,0.0,0.05119068096842594,0.0,0.0,5.789202182328556
243,"0,77,195,214,240","30332,6177,12743,13525,16145",lucrarea tie Smartphoneără earthquake,0.20855367941613961,5.844197271053568,False,0.2757866887376335,0.24820577173362124,0.0023045173118437846,0.06500394502149094,0.3454616371037647,0.35179373579585205,0.1344660186429878,0.44208624750219405,0.8611963678523997,0.930340787753075,-0.09662461039842934,0.012966751132100773,0.0,0.0,0.0,5.831230519921467
244,"0,240,12,214,16","30332,16145,12337,13525,20538",lucrarea earthquake mobilityără trage,0.19407425439141157,5.844919319179404,False,0.2647978242050841,0.23507648411638837,0.0020888472516511656,0.061281843210896914,0.34007043800684583,0.34224460107260896,0.141447139627345,0.43640142084796796,0.8539900494169342,0.9265812756432406,-0.09633098284112213,0.02837017712329756,0.0,0.0,0.0,5.816549142056107
245,"110,240,195,229,64","24243,16145,12743,3147,30828", événements earthquake Smartphone 300DOWN,0.16840405281315518,5.847219812116562,False,0.24617180521684345,0.1991889622634864,0.0017851991398891267,0.057805666327250434,0.3760759077934454,0.3877325607081515,0.15553550480737655,0.4720407166299989,0.8394472208439984,0.9189474931641217,-0.0959648088365535,0.0,0.04897937028888645,0.0,0.0,5.798240441827676
246,"110,240,195,229,195","24243,16145,12743,3147,12743", événements earthquake Smartphone 300 Smartphone,0.1718683041295887,5.856666367226106,False,0.2510483392914298,0.200500343368557,0.0018321398191057437,0.05651625440689443,0.3713428579127653,0.38533909486332824,0.15836007032368216,0.46768996460804113,0.8365315403110378,0.9174093577440323,-0.09634710669527585,0.0,0.0393110324623136,0.0,0.0,5.817355334763793
247,"251,240,195,214,4","694,16145,12743,13525,1817", fun earthquake Smartphoneără mis,0.19439009785530764,5.867545128656497,False,0.26894394833422547,0.22056289780331842,0.0019986692942704277,0.06207480657063804,0.36725015581149184,0.3894198815797114,0.14910770095783565,0.4639797367512336,0.8460823732048148,0.9224382358955879,-0.09672958093974177,0.0,0.03106608166940799,0.0,0.0,5.836479046987089
248,"0,240,42,214,16","30332,16145,13483,13525,20538",lucrarea earthquake underneathără trage,0.20118827323401367,5.876865999952676,False,0.2691581404604311,0.24326701988038768,0.0021867767350564503,0.0628095764259111,0.3433972389213682,0.3473756860808923,0.1359397344528348,0.44055725828735703,0.8596751128228802,0.9295484202273517,-0.09716001936598884,0.01886503165323366,0.0,0.0,0.0,5.858000968299442
249,"0,33,106,214,195","30332,25803,14385,13525,12743",lucrarea Sauce Freundeără Smartphone,0.1929567021190725,5.879458204248074,False,0.26458246284478243,0.23531671012558283,0.002154768895913878,0.06337057502343167,0.3482498395131793,0.3557481542604028,0.14325152145141984,0.4457389944274653,0.8521274617275666,0.9256070864835576,-0.097489154914286,0.005000458533773416,0.0,0.0,0.0,5.874457745714301
250,"251,44,195,16,240","694,15843,12743,20538,16145", fun shaft Smartphone trage earthquake,0.18053934409571193,5.8806869107405415,False,0.2565529819764947,0.20310798393633686,0.002192466466940496,0.059563473780491503,0.374589672776608,0.3925704345076482,0.1520272757615655,0.47125858499178397,0.8430686185687066,0.9208543447464612,-0.09666891221517598,0.0,0.047241299981742126,0.0,0.0,5.833445610758799
251,"251,240,195,214,67","694,16145,12743,13525,25300", fun earthquake Smartphoneără farther,0.19473864907017097,5.8841287843263395,False,0.2671934532230334,0.22245794228136606,0.002073065879020908,0.06270517957798652,0.35881575651337483,0.3762950993459495,0.14490960830572486,0.4562218074254377,0.850415888200542,0.9247109773838933,-0.09740605091206289,0.0,0.013826238723194908,0.0,0.0,5.870302545603145
252,"0,138,195,214,240","30332,9518,12743,13525,16145",lucrarea oferit Smartphoneără earthquake,0.20396872109073122,5.884628940001736,False,0.27146002850358636,0.24567877777658806,0.0023042091818962496,0.0653741370482078,0.34572581822943754,0.3531880000750361,0.13498261482571028,0.4431741580711544,0.8606631072766862,0.9300631081675532,-0.09744833984171686,0.012211947915892673,0.0,0.0,0.0,5.872416992085843
253,"0,33,195,229,240","30332,25803,12743,3147,16145",lucrarea Sauce Smartphone 300 earthquake,0.19655258052916408,5.893229910748698,False,0.2658603655893348,0.23480509635386074,0.002302176415935908,0.06589343382701766,0.349597807140151,0.35728303022876823,0.13861557012034142,0.4474394229059907,0.8569129598757766,0.9281079839542695,-0.09784161576583972,0.0011491224567114092,0.0,0.0,0.0,5.892080788291986
254,"236,240,58,214,16","24742,16145,28310,13525,20538",estival earthquake Illustrationără trage,0.18227826408843356,5.894377701653332,False,0.25722626542922716,0.21214591527776172,0.0017144066499168776,0.05728224832313588,0.3718496013368758,0.38037338238024576,0.1498960026815872,0.46889727641803,0.8452686423932003,0.9220108444689861,-0.0970476750811542,0.0,0.04199394759562214,0.0,0.0,5.85238375405771
255,"11,240,195,229,240","9161,16145,12743,3147,16145", bro earthquake Smartphone 300 earthquake,0.1722254409116712,5.90072415084555,False,0.2514776054158864,0.21224671643566967,0.002250627003604827,0.06316138091696256,0.3795891470166538,0.39302546558323787,0.15850432900843037,0.476429007478945,0.8363826281203299,0.9173307315203005,-0.0968398604622912,0.0,0.05873112773098889,0.0,0.0,5.8419930231145605
256,"219,240,195,214,214","25895,16145,12743,13525,13525",flooded earthquake Smartphoneărăără,0.18272240257268307,5.908090965551025,False,0.25995043011636615,0.2196695141943484,0.001993001749849055,0.061639623293338,0.3809871201597977,0.39193107936987204,0.15445605508736615,0.47790855906780466,0.8405614915227189,0.9195346349717524,-0.09692143890800697,0.0,0.062019020150677,0.0,0.0,5.8460719454003485
257,"0,240,130,214,16","30332,16145,15799,13525,20538",lucrarea earthquake putereără trage,0.1955869374046832,5.915375966243783,False,0.2656070958917405,0.23489606465726726,0.0020900715197780806,0.06268911834891173,0.3398314743120201,0.34335053393485143,0.14004031697411456,0.43755793502615403,0.8554422534460753,0.9273401118391706,-0.09772646071413393,0.02905293053708537,0.0,0.0,0.0,5.886323035706697
258,"0,44,195,229,195","30332,15843,12743,3147,12743",lucrarea shaft Smartphone 300 Smartphone,0.17628041272605682,5.9187149529654715,False,0.25226046288538484,0.22124115280662804,0.002385316268405352,0.05996961883789068,0.34702665485554357,0.3604208013839476,0.15196010031865603,0.4452310484780269,0.8431379609613873,0.9208908185454691,-0.09820439362248334,0.008495271841304022,0.0,0.0,0.0,5.910219681124167
259,"0,110,195,16,240","30332,24243,12743,20538,16145",lucrarea événements Smartphone trage earthquake,0.19836299961010895,5.924401495687148,False,0.26953249889846576,0.2380094827964379,0.00229743109605795,0.06221502919110513,0.35431301463143,0.3675256874112393,0.14233899857671362,0.452681851160272,0.8530694208240376,0.9260998873897385,-0.09836883652884199,0.0,0.0059596692450488336,0.0,0.0,5.918441826442099
260,"0,240,195,7,240","30332,16145,12743,6298,16145",lucrarea earthquake Smartphone Image earthquake,0.20463336818285338,5.92640681466241,False,0.2721322491979245,0.23696592608381367,0.0022258774419291914,0.066069666203992,0.3449227309857886,0.3520615104625496,0.13499776203014224,0.4431607376210818,0.8606474714527564,0.9300549650261848,-0.09823800663529325,0.014506482897746873,0.0,0.0,0.0,5.911900331764663
261,"234,240,195,214,16","794,16145,12743,13525,20538", test earthquake Smartphoneără trage,0.19416154221909304,5.929374477811921,False,0.2681820398134969,0.22336241114217417,0.0019207945158949637,0.060122404940974684,0.36241285069053103,0.38782749247690873,0.14804099518880776,0.46053224066180054,0.8471834888373597,0.9230162538174462,-0.09811938997126951,0.0,0.02340497924844562,0.0,0.0,5.905969498563476
262,"0,44,195,16,195","30332,15843,12743,20538,12743",lucrarea shaft Smartphone trage Smartphone,0.18606169398455086,5.939924568538553,False,0.2596100481663497,0.22204778263168068,0.0021870999886384524,0.0631099026808215,0.3449570384368968,0.357133565480609,0.14709670836359767,0.4434673605754905,0.8481582365278991,0.9235276344735994,-0.09851032213859373,0.014408461608866252,0.0,0.0,0.0,5.925516106929686
263,"182,240,67,214,195","1575,16145,25300,13525,12743",tion earthquake fartherără Smartphone,0.17648883462871212,5.945432897301206,False,0.25501473311603634,0.21117357034890374,0.0018215120912580152,0.05417616651298538,0.3662036767269511,0.3822006937270539,0.15705179697464844,0.4644692566017848,0.8378820160261694,0.9181221068165997,-0.0982655798748337,0.0,0.03215390355952172,0.0,0.0,5.9132789937416845
264,"0,240,195,214,57","30332,16145,12743,13525,23976",lucrarea earthquake Smartphoneără déplacement,0.21789902533151645,5.951819833236297,False,0.28145884240710334,0.25515807273408625,0.002314310002892456,0.06796169295453222,0.3362212664962859,0.3455001717643255,0.12711963415117378,0.43447030696079963,0.8687797324891109,0.9342806675987823,-0.09824904046451371,0.0393678100106116,0.0,0.0,0.0,5.912452023225685
265,"0,33,67,214,195","30332,25803,25300,13525,12743",lucrarea Sauce fartherără Smartphone,0.2003148972088838,5.952969970562646,False,0.26883087286948243,0.23522495554025408,0.0021934375852051104,0.06510212665009339,0.34241326101304387,0.3540491517770022,0.13703195132119728,0.441039132482185,0.8585476631523125,0.9289607358111551,-0.09862587146914115,0.021676397105588885,0.0,0.0,0.0,5.931293573457057
266,"236,240,195,1,195","24742,16145,12743,22665,12743",estival earthquake Smartphonepictured Smartphone,0.17717813445446273,5.968848047526421,False,0.25726930880088705,0.19753381489176763,0.001957754555294228,0.06098161526757035,0.3645792466858887,0.39409109904458756,0.16018234869284864,0.4633623264603994,0.8346504787686724,0.9164156542241907,-0.09878307977451067,0.0,0.029694058800887477,0.0,0.0,5.939153988725534
267,"100,240,195,229,240","14338,16145,12743,3147,16145", surroundings earthquake Smartphone 300 earthquake,0.1699181546945936,5.971584307824634,False,0.24941563247996779,0.21432710500724972,0.0019511521817785927,0.06044759375043054,0.3696644235345357,0.3947844800110542,0.1589949555707484,0.4682835092786442,0.8358761748947113,0.9170632717698662,-0.09861908574410849,0.0,0.04063002061920932,0.0,0.0,5.930954287205425
268,"0,172,195,214,240","30332,13910,12743,13525,16145",lucrarealebt Smartphoneără earthquake,0.20505510515064818,5.979775770224135,False,0.27240784024389486,0.24366183771484856,0.002289566170008728,0.06452155231616748,0.3477149029389042,0.3545410162929606,0.13470547018649337,0.44717984136846717,0.8609491920655552,0.930212088619314,-0.09946493842956294,0.006528848745987867,0.0,0.0,0.0,5.973246921478148
269,"11,240,195,229,195","9161,16145,12743,3147,12743", bro earthquake Smartphone 300 Smartphone,0.1711313546205122,5.98537874230351,False,0.2509584645386457,0.19323275025583092,0.002106448855704568,0.058978079838006715,0.3757045915631187,0.39064212310242324,0.15965421983626693,0.47433079762581914,0.8351956440399825,0.9167037581267642,-0.09862620606270045,0.0,0.05406843916848696,0.0,0.0,5.931310303135023
270,"11,240,195,16,16","9161,16145,12743,20538,20538", bro earthquake Smartphone trage trage,0.17448685654669016,5.9936660714355385,False,0.2523346701841231,0.2021340817975329,0.0020206318497671626,0.05973189792692365,0.36680786628725953,0.38092422531361697,0.15569562727486586,0.4659713499408226,0.8392819331356224,0.9188603662826763,-0.09916348365356309,0.0,0.03549188875738358,0.0,0.0,5.958174182678155
271,"81,240,195,214,16","1722,16145,12743,13525,20538", physical earthquake Smartphoneără trage,0.19021017834930887,5.9942917890642775,False,0.26444681622664956,0.2179063969678425,0.0019174106079838217,0.05834505556356088,0.3704128258680935,0.38519735281025036,0.1484732757546814,0.46943488881323525,0.8467372637371031,0.922782056742175,-0.09902206294514176,0.0,0.04318864180718942,0.0,0.0,5.951103147257088
272,"0,44,195,214,187","30332,15843,12743,13525,20719",lucrarea shaft Smartphoneără apărut,0.18308712607302585,5.995657312758382,False,0.2578912754621519,0.2161271817953091,0.0022206952586897866,0.06092800574812357,0.3540339973259279,0.35954485687411325,0.1496082987782521,0.45377918002445317,0.8455656270676107,0.9221668510750903,-0.09974518269852528,0.0,0.008398177832118122,0.0,0.0,5.987259134926264
273,"0,240,195,110,240","30332,16145,12743,24243,16145",lucrarea earthquake Smartphone événements earthquake,0.19452892747240208,5.999464831003588,False,0.26533351439466896,0.23176887831749202,0.0023106409238955795,0.06486758532675231,0.34699175146630035,0.3508234834311105,0.14160917384453375,0.4468091481701607,0.8538227882895135,0.9264938349257734,-0.09981739670386036,0.008594995810570376,0.0,0.0,0.0,5.990869835193018
274,"11,240,173,214,195","9161,16145,19845,13525,12743", bro earthquakeAiciără Smartphone,0.18261475239899966,5.999985169428466,False,0.25700318221169666,0.22101795776294755,0.0021656815476934935,0.06310992223628757,0.36262047308603385,0.396847188178967,0.148776859625394,0.4620831476884498,0.8464238868383029,0.9226175482693824,-0.09946267460241598,0.0,0.02685143930766625,0.0,0.0,5.973133730120799
275,"0,240,195,84,44","30332,16145,12743,24023,15843",lucrarea earthquake Smartphone LORD shaft,0.20238174856606844,6.0047901252742975,False,0.2699764638511753,0.241381871976081,0.002384635839403809,0.06591387549869393,0.35316357114956515,0.3554207972170009,0.1351894305702137,0.45312067690377233,0.8604496200565536,0.9299519178053166,-0.09995710575420719,0.0,0.006934837563938497,0.0,0.0,5.997855287710359
276,"0,240,195,214,106","30332,16145,12743,13525,14385",lucrarea earthquake Smartphoneără Freunde,0.21710394714483383,6.010668210269503,False,0.28054735896612204,0.25165820800456773,0.002485529155975441,0.06749992634238768,0.34167104579864827,0.34686605831248074,0.12688682364257642,0.4414084697639611,0.8690200530141147,0.9344052527449873,-0.09973742396531282,0.02379701200386204,0.0,0.0,0.0,5.986871198265641
277,"110,240,195,16,240","24243,16145,12743,20538,16145", événements earthquake Smartphone trage earthquake,0.15932265994562167,6.014155632986418,False,0.24028797794276846,0.20613247288108708,0.002016171568750347,0.05747271473339969,0.3671893274239419,0.3767827402360762,0.16193063599429358,0.4667289319950034,0.8328457951026647,0.9154612848207763,-0.09953960457106154,0.0,0.03717540443334092,0.0,0.0,5.976980228553077
278,"0,205,195,214,195","30332,24903,12743,13525,12743",lucrarea dispus Smartphoneără Smartphone,0.1719763226921048,6.01564835018182,False,0.24828389655322944,0.2194074732254933,0.002051843977579115,0.06110789733175109,0.35918233036367725,0.36567761349246714,0.15261514772224927,0.4590912421601939,0.8424617829963879,0.9205350901936062,-0.09990891179651668,0.0,0.020202760355986473,0.0,0.0,5.995445589825834
279,"0,240,221,214,44","30332,16145,23481,13525,15843",lucrarea earthquake Ensembleără shaft,0.19998119691985367,6.017778218396826,False,0.26811381239705306,0.23953701333448235,0.002186351026588834,0.06370550495108245,0.33794232896782417,0.34162904889168083,0.1362652309543988,0.4376088835624935,0.8593391164341689,0.9293733206013616,-0.09966655459466933,0.03445048866335946,0.0,0.0,0.0,5.983327729733467
280,"0,240,23,214,16","30332,16145,31052,13525,20538",lucrarea earthquake pasageriără trage,0.1969888399989529,6.024090566794387,False,0.26625065133635056,0.2379874702339885,0.0021543455713450175,0.0623685788784765,0.3389246141189566,0.3426795433943523,0.13852362267479534,0.43877354626164183,0.8570078733679531,0.9281575175180152,-0.09984893214268525,0.031643959660123996,0.0,0.0,0.0,5.992446607134263
281,"0,240,162,214,195","30332,16145,5290,13525,12743",lucrarea earthquakeizatără Smartphone,0.2115018505247625,6.031459701832789,False,0.27630346822119173,0.25246087810552276,0.002276573499252632,0.06805670933276912,0.3483498167834566,0.36134766222545917,0.12960323539285845,0.4488847146363099,0.8662160150783397,0.9329505692195817,-0.1005348978528533,0.004714809190123903,0.0,0.0,0.0,6.026744892642665
282,"236,240,195,214,233","24742,16145,12743,13525,8216",estival earthquake Smartphoneără termen,0.18936432446814422,6.031788070305192,False,0.2628586441843107,0.20596453369026824,0.002045522157081947,0.0599806798004078,0.3577833986676987,0.38272513435072475,0.14698863943233298,0.4580608979430024,0.8482697915537208,0.9235861413899988,-0.10027749927530372,0.0,0.017913106540005354,0.0,0.0,6.013874963765186
283,"195,73,173,214,195","12743,9472,19845,13525,12743", Smartphone problèmeAiciără Smartphone,0.1442848113832407,6.03180903241289,False,0.2293058062465589,0.18912461284664234,0.002042116164250951,0.056405960581392946,0.36424993401849515,0.37762955260331493,0.17004198972663642,0.464252662978806,0.8244727847983108,0.9110203127666054,-0.10000272896031087,0.0,0.03167258439734668,0.0,0.0,6.000136448015543
284,"110,240,195,229,214","24243,16145,12743,3147,13525", événements earthquake Smartphone 300ără,0.19977426189905945,6.03441389874689,False,0.272972665904446,0.22883281731383193,0.0018632358018258078,0.059451668174738424,0.37552062120855917,0.39384775023883134,0.14639680801077315,0.47509362687781626,0.84888071431146,0.9239064844394301,-0.09957300566925709,0.0,0.055763615284036096,0.0,0.0,5.978650283462854
285,"108,240,195,214,16","30122,16145,12743,13525,20538", Angehörige earthquake Smartphoneără trage,0.18688379115528603,6.0347817968884465,False,0.26112538360228577,0.21652561888113542,0.0018769629084321284,0.06098380935066661,0.3629092215335738,0.37585208771883716,0.14848318489399948,0.4630259273661792,0.8467270349481296,0.9227766875609724,-0.1001167058326054,0.0,0.028946505258175978,0.0,0.0,6.00583529163027
286,"0,104,195,214,240","30332,15091,12743,13525,16145",lucrareaspieler Smartphoneără earthquake,0.20592162511101936,6.03604234345969,False,0.27342395784736634,0.2490795279495221,0.002287428888381454,0.06674063889441768,0.35431962231146563,0.35973189378357295,0.13500466547269396,0.4548259811304186,0.8606403453185094,0.9300512537098727,-0.10050635881895298,0.0,0.010724402512041332,0.0,0.0,6.025317940947649
287,"236,44,195,229,16","24742,15843,12743,3147,20538",estival shaft Smartphone 300 trage,0.1708021197551196,6.043277504584172,False,0.25059542215469116,0.17851456835629642,0.0018834424809039685,0.05661352665388505,0.36469121251980924,0.3839309035148732,0.1595866047991431,0.4648947727131313,0.8352654402073362,0.9167406368220277,-0.10020356019332205,0.0,0.0330994949180695,0.0,0.0,6.010178009666102
288,"0,205,195,214,187","30332,24903,12743,13525,20719",lucrarea dispus Smartphoneără apărut,0.17409935769822488,6.043404897980159,False,0.2504327189167123,0.22407324253904845,0.0019816530514238984,0.06082338345106585,0.35648880688287515,0.3630980234704751,0.15266672243697488,0.45704384506194734,0.8424085445811872,0.9205070763242535,-0.10055503817907219,0.0,0.01565298902654962,0.0,0.0,6.02775190895361
289,"0,240,195,214,154","30332,16145,12743,13525,12307",lucrarea earthquake Smartphoneărăoara,0.21213714722785254,6.046157834056685,False,0.2772838637869321,0.24728682007500036,0.0024083797349733647,0.06824535185318288,0.3346510324998584,0.3474384920773946,0.1302934331181591,0.43469710532384115,0.8655035529102874,0.9325805953813541,-0.10004607282398276,0.043854192857547394,0.0,0.0,0.0,6.002303641199138
290,"110,240,195,229,44","24243,16145,12743,3147,15843", événements earthquake Smartphone 300 shaft,0.16842181770601308,6.062066826359456,False,0.24833170764536164,0.1898436989781512,0.0017636458326824147,0.05659724195670652,0.3616531425728066,0.3853245773429019,0.1598197798786971,0.46234577786169806,0.8350247433510224,0.9166134518548715,-0.10069263528889144,0.0,0.02743506191488455,0.0,0.0,6.034631764444572
291,"194,240,195,229,240","23078,16145,12743,3147,16145",politischen earthquake Smartphone 300 earthquake,0.1741155915039248,6.063032875334424,False,0.2529832307979181,0.20894931340844916,0.002122460728196601,0.05941989020984739,0.3775513916793822,0.3939206405310786,0.15773527858798664,0.4775860045398549,0.8371764866188525,0.9177498141716038,-0.10003461286047272,0.0,0.06130223231078862,0.0,0.0,6.0017306430236355
292,"0,240,176,214,195","30332,16145,257,13525,12743",lucrarea earthquakeationără Smartphone,0.20224900574424626,6.068340049606034,False,0.2705728811221433,0.2431846950687176,0.0022753129155767883,0.06529594051534136,0.34490803393655545,0.35110447692795255,0.13664775075579405,0.44598386543933644,0.8589442572843417,0.9291675033298388,-0.10107583150278099,0.014548474466984375,0.0,0.0,0.0,6.05379157513905
293,"11,240,195,229,16","9161,16145,12743,3147,20538", bro earthquake Smartphone 300 trage,0.1865391222147208,6.07281639456624,False,0.2610282245195674,0.21459615978893318,0.002273806700307418,0.061199412427938214,0.370543745613056,0.3898778390770436,0.14897820460969324,0.4710639001637688,0.8462160468545102,0.9225084256473253,-0.10052015455071284,0.0,0.046808667030597335,0.0,0.0,6.026007727535642
294,"0,240,130,16,195","30332,16145,15799,20538,12743",lucrarea earthquake putere trage Smartphone,0.20943172866372445,6.074075805248505,False,0.27562972356923204,0.2420735334319682,0.0020994902638981072,0.06618049754273435,0.3424078819825412,0.35419403173771696,0.1323959898110152,0.4434555627722279,0.8633331718079843,0.931452634431287,-0.10104768078968673,0.02169176576416798,0.0,0.0,0.0,6.052384039484337
295,"195,240,173,214,195","12743,16145,19845,13525,12743", Smartphone earthquakeAiciără Smartphone,0.17475062841644823,6.082640177746673,False,0.2516516054360924,0.20585889423603695,0.002109005255474289,0.059116413199028495,0.35757250512336064,0.3815361005114122,0.1538019540392883,0.4588327423515582,0.8412366926046057,0.9198902358220309,-0.10126023722819755,0.0,0.019628316336795945,0.0,0.0,6.063011861409877
296,"0,240,100,214,248","30332,16145,14338,13525,6148",lucrarea earthquake surroundingsără mici,0.19772437535562887,6.092445760619096,False,0.26836910265754604,0.23799233720423577,0.0022219264823903186,0.06254488585049829,0.3422992242451353,0.34701602798389786,0.14128945460383435,0.4437080951286678,0.8541528210541065,0.9266663614247393,-0.10140887088353251,0.022002216442470468,0.0,0.0,0.0,6.070443544176626
297,"100,240,195,229,64","14338,16145,12743,3147,30828", surroundings earthquake Smartphone 300DOWN,0.17769939549582148,6.1027339267404574,False,0.25605542176071894,0.21156141874625684,0.001864827917008033,0.058045779454672965,0.3739082161931688,0.3858288815686577,0.15671205252979492,0.47485809069700013,0.838232719969244,0.9183071095609601,-0.10094987450383136,0.0,0.05524020154888916,0.0,0.0,6.047493725191568
298,"0,162,67,214,195","30332,5290,25300,13525,12743",lucrareaizat fartherără Smartphone,0.18090307730571092,6.10495373709054,False,0.2547784062373783,0.22873957231466596,0.002008703279606644,0.062005969093521,0.3553641300576016,0.3600848942895514,0.14775065786333474,0.45714562161645866,0.8474831918830092,0.9231735168085495,-0.10178149155885707,0.0,0.015879159147685895,0.0,0.0,6.089074577942854
299,"81,240,195,214,44","1722,16145,12743,13525,15843", physical earthquake Smartphoneără shaft,0.18312661818094023,6.106599916892687,False,0.2579613434052107,0.2127709226637458,0.0018933695413326957,0.060078209673143534,0.3675746590978238,0.383909656837158,0.14966945044854096,0.46886807626820187,0.8455025027627964,0.9221336939682114,-0.1012934171703781,0.0,0.04192905837378191,0.0,0.0,6.064670858518905
300,"0,240,58,214,214","30332,16145,28310,13525,13525",lucrarea earthquake Illustrationărăără,0.1973494297915772,6.127448314288098,False,0.26645550888004643,0.24195574587422272,0.002203115576281017,0.06370869209540514,0.338443322245075,0.3421548935376421,0.13821215817693844,0.44033190694484126,0.8573293851076764,0.928325288798631,-0.10188858469976625,0.033019079299785634,0.0,0.0,0.0,6.094429234988312
301,"0,106,195,214,16","30332,14385,12743,13525,20538",lucrarea Freunde Smartphoneără trage,0.18573238408505255,6.129088598356932,False,0.25833256131185267,0.2295688621084912,0.0020672704921887775,0.06213640930824662,0.3484782822818306,0.35080565842595485,0.14520035445360024,0.45093169048479714,0.8501157631446707,0.9245537548171008,-0.10245340820296656,0.004347764909055403,0.002070423299549182,0.0,0.0,6.122670410148328
302,"66,240,195,214,248","1041,16145,12743,13525,6148", action earthquake Smartphoneără mici,0.17208839974787082,6.1307807171875774,False,0.24892938264669318,0.21076446774343582,0.0018971922613051197,0.058450098807547195,0.3692873339181124,0.38149377240417776,0.1536819657976447,0.4709709079102953,0.8413605514346894,0.9199554522923136,-0.10168357399218286,0.0,0.04660201757843393,0.0,0.0,6.084178699609144
303,"0,240,130,229,16","30332,16145,15799,3147,20538",lucrarea earthquake putere 300 trage,0.17995774424609978,6.135526464937935,False,0.2542582145991723,0.22818636634688627,0.0020534785239228305,0.05875536115321341,0.33613685082617634,0.34160433513322697,0.14860094070614505,0.4380552001721451,0.8466054805613986,0.9227128802037257,-0.10191834934596877,0.03960899763949612,0.0,0.0,0.0,6.095917467298439
304,"0,33,195,214,214","30332,25803,12743,13525,13525",lucrarea Sauce Smartphoneărăără,0.19373496887209296,6.147553787495485,False,0.2644307870944207,0.23229648025467903,0.002227493967557731,0.06318240315313939,0.35139649882109614,0.3589716323945534,0.14139163644465547,0.45416257139777155,0.8540473430248717,0.9266112256795428,-0.10276607257667542,0.0,0.009250158661714537,0.0,0.0,6.1383036288337705
305,"236,240,195,168,240","24742,16145,12743,15271,16145",estival earthquake Smartphoneoară earthquake,0.16729483797727532,6.155244830591997,False,0.24581316188579763,0.20240443363818317,0.002024544239901244,0.055635562504962044,0.3602466221643816,0.37083655957698447,0.15703664781704463,0.46278336904106315,0.8378976538662765,0.918130356857323,-0.10253674687668157,0.0,0.028407486757918092,0.0,0.0,6.126837343834079
306,"11,240,58,214,240","9161,16145,28310,13525,16145", bro earthquake Illustrationără earthquake,0.16306031406474072,6.1588118650926935,False,0.24423394188550226,0.2104452288228589,0.0019883246129402234,0.0588804842263392,0.35754535288489,0.37295969360380665,0.16234725564152308,0.4602653523064569,0.8324157361119762,0.9152337102393447,-0.1027199994215669,0.0,0.022811894014348588,0.0,0.0,6.135999971078345
307,"0,240,195,214,142","30332,16145,12743,13525,3416",lucrarea earthquake Smartphoneără €,0.20933845248734306,6.161862326468688,False,0.27373480356788316,0.2476476683640041,0.0023461265565578758,0.06761875963645372,0.3389263174567387,0.34396107507301,0.12879270216108019,0.4415307821264975,0.8670526945434011,0.9333848605151681,-0.10260446466975881,0.03163909298074657,0.0,0.0,0.0,6.130223233487941
308,"0,240,18,214,248","30332,16145,12487,13525,6148",lucrarea earthquake adjacentără mici,0.19993530792328684,6.162724463336133,False,0.26939583821778285,0.24088506141864988,0.0022657133283929655,0.06444761427826388,0.3409206193704425,0.34667578400729243,0.138921060588992,0.4436562868869047,0.8565976148758793,0.9279433923526844,-0.10273566751646224,0.025941087513021394,0.0,0.0,0.0,6.136783375823112
309,"234,240,195,214,44","794,16145,12743,13525,15843", test earthquake Smartphoneără shaft,0.1808391102418369,6.163921090223134,False,0.258822886443505,0.209818650856299,0.0017147575492540703,0.06121938294259427,0.35807468970515594,0.38190861890683947,0.15596755240333615,0.46087000038154974,0.8390012362288143,0.9187123856771845,-0.1027953106763938,0.0,0.024155556403443836,0.0,0.0,6.13976553381969
310,"0,240,229,214,240","30332,16145,3147,13525,16145",lucrarea earthquake 300ără earthquake,0.20426343668725866,6.164581992423341,False,0.2715558053460369,0.24202836792791657,0.002271883747032949,0.0655463207571941,0.34173120715008465,0.3508058743189211,0.1345847373175565,0.4445503445499849,0.8610738195431675,0.9302769817008499,-0.10281913739990023,0.023625122428329516,0.0,0.0,0.0,6.140956869995011
311,"251,240,195,214,61","694,16145,12743,13525,18837", fun earthquake Smartphoneără manger,0.17846289364748114,6.171808140764011,False,0.2550012197863248,0.21003575309974326,0.002001155017210815,0.06053544360658366,0.3619214540950509,0.37908695572170686,0.1530766522776873,0.4647041012971255,0.841985391197226,0.9202843841565023,-0.10278264720207464,0.0,0.03267578066027892,0.0,0.0,6.139132360103732
312,"0,139,242,214,195","30332,31,17002,13525,12743",lucrarea'afficheără Smartphone,0.17675475011263253,6.177239913553004,False,0.2516791247727184,0.2213062616140163,0.002010778182465456,0.06026001857086638,0.35386374332119425,0.3578870035034097,0.14984874932017178,0.45709328450322223,0.8453174200565968,0.9220364692786442,-0.10322954118202798,0.0,0.01576285445160493,0.0,0.0,6.161477059101399
313,"0,44,195,214,110","30332,15843,12743,13525,24243",lucrarea shaft Smartphoneără événements,0.18772206049054835,6.187675093791961,False,0.2610966070953659,0.22698393019121135,0.0022481128617762303,0.06216859498523233,0.3400015689506566,0.35915389770806855,0.14674909320963514,0.4431837319093905,0.848517065073925,0.9237158149508781,-0.10318216295873389,0.028566945855266836,0.0,0.0,0.0,6.159108147936695
314,"0,240,173,214,16","30332,16145,19845,13525,20538",lucrarea earthquakeAiciără trage,0.1989859420025571,6.188019412841508,False,0.2678206927209779,0.23864265864861775,0.002169021979042285,0.06405429045506345,0.3386367466744252,0.34361889924796857,0.13766950143684165,0.441747806169794,0.8578895469039054,0.9286175200604166,-0.10311105949536875,0.03246643807307072,0.0,0.0,0.0,6.155552974768438
315,"236,240,195,229,44","24742,16145,12743,3147,15843",estival earthquake Smartphone 300 shaft,0.18287141294276893,6.195082254253501,False,0.2587149625336023,0.19757842946325851,0.002034290025399377,0.06009675357189337,0.3672745198663553,0.38645044822096475,0.15168709918166678,0.470275051549237,0.8434197685866666,0.9210390332761871,-0.1030005316828817,0.0,0.045055670109415503,0.0,0.0,6.1500265841440855
316,"11,240,116,214,195","9161,16145,29248,13525,12743", bro earthquake motoareără Smartphone,0.1727403479356142,6.200646270354282,False,0.2528351307954116,0.21781614713053682,0.0019654487727969574,0.05746963386334473,0.35977512015468854,0.384153506327991,0.16018956571959475,0.46320132021871996,0.8346430289346118,0.9164117165774373,-0.10342620006403141,0.0,0.029336267152710992,0.0,0.0,6.171310003201571
317,"163,240,195,214,240","13147,16145,12743,13525,16145",nehm earthquake Smartphoneără earthquake,0.172236090430964,6.201164873028261,False,0.24999439071200524,0.2150668325222416,0.0018051023191766658,0.05689043425770285,0.357355568125791,0.3741858594377156,0.1555166005620825,0.4608946585401283,0.8394667349036568,0.9189577789201838,-0.10353909041433729,0.0,0.02421035231139617,0.0,0.0,6.176954520716865
318,"0,44,195,214,111","30332,15843,12743,13525,6156",lucrarea shaft Smartphoneără Pas,0.18243989925476084,6.207323172625655,False,0.25576309927443663,0.21822131045733645,0.0021285977932256673,0.060398582749157305,0.3407880757756138,0.349804962778918,0.1466464000393516,0.444408143558162,0.848623070927121,0.9237714002720848,-0.10362006778254818,0.02631978349824617,0.0,0.0,0.0,6.181003389127409
319,"0,240,195,229,112","30332,16145,12743,3147,21711",lucrarea earthquake Smartphone 300 bilden,0.20003310248634498,6.208542763848221,False,0.26889352010195716,0.23387794504855047,0.0021919497008014432,0.06341427511920984,0.34041902370710386,0.3460991916634774,0.13772083523122436,0.4440423946244742,0.8578365571806716,0.9285898797471226,-0.10362337091737034,0.02737421797970319,0.0,0.0,0.0,6.181168545868517
320,"0,33,195,214,61","30332,25803,12743,13525,18837",lucrarea Sauce Smartphoneără manger,0.18773567353161108,6.217035088749326,False,0.25909134987199994,0.22874543283585763,0.0021117280758252643,0.06114141760889417,0.33955524367991474,0.3461975475917545,0.14271135268077773,0.4432991022366107,0.8526850552972617,0.9258988321189429,-0.10374385855669593,0.029842160914529247,0.0,0.0,0.0,6.187192927834797
321,"0,76,195,214,240","30332,26292,12743,13525,16145",lucrarea menschliche Smartphoneără earthquake,0.19981882711642823,6.2182975672004295,False,0.26898447000641507,0.24127534758332028,0.0022880030261272833,0.06542719643815172,0.35703435494644986,0.3571737235365899,0.13833128577997367,0.4609151868738432,0.8572064146787368,0.9282611239409019,-0.10388083192739334,0.0,0.024255970830762634,0.0,0.0,6.194041596369667
322,"110,240,195,16,16","24243,16145,12743,20538,20538", événements earthquake Smartphone trage trage,0.16574479700171293,6.221419472370173,False,0.24511559017325188,0.20704588404006094,-0.0008193316160840065,0.05796718383090046,0.37427236405528813,0.3816384708467729,0.1587415863430779,0.4774794448430026,0.8361377173232745,0.9172014029955047,-0.10320708078771446,0.0,0.06106543298445017,0.0,0.0,6.160354039385723
323,"251,205,195,214,38","694,24903,12743,13525,25012", fun dispus Smartphoneără caption,0.1557290934746691,6.244612043246505,False,0.2389409381353674,0.2035182836874038,0.0017631555167818892,0.05530014129969363,0.36891746512736256,0.39095301570110186,0.16642368932139662,0.47279652701389724,0.8282078045714616,0.9130040036487262,-0.10387906188653467,0.0,0.050658948919771615,0.0,0.0,6.193953094326734
324,"0,33,173,214,240","30332,25803,19845,13525,16145",lucrarea SauceAiciără earthquake,0.19294979399638468,6.248920964999997,False,0.26505835040776926,0.2313408074447723,0.002153419443112187,0.062329887823935004,0.3399348790186518,0.3438229310867747,0.14421711282276917,0.444338148548289,0.8511307222474641,0.925085340483369,-0.10440326952963719,0.02875748851813758,0.0,0.0,0.0,6.22016347648186
325,"0,205,195,214,64","30332,24903,12743,13525,30828",lucrarea dispus SmartphoneărăDOWN,0.17780975954439943,6.254104188146169,False,0.25322944949822074,0.21923472697358065,0.0019999657262075145,0.0609597550930599,0.34896661249200556,0.368410013434598,0.15083937990764262,0.45381987338954016,0.8442948336437237,0.9214991156221244,-0.1048532608975346,0.0029525357371269173,0.008488607532311447,0.0,0.0,6.24266304487673
326,"236,240,58,214,248","24742,16145,28310,13525,6148",estival earthquake Illustrationără mici,0.17356298100584383,6.256680590602068,False,0.25054319858951574,0.2045661659619652,0.002426402459660859,0.0575323567950669,0.357254286179963,0.3748462253493861,0.1539604351673438,0.46186075339659993,0.8410730991820967,0.919804090463103,-0.10460646721663691,0.0,0.026357229770222045,0.0,0.0,6.230323360831846
327,"236,33,195,214,44","24742,25803,12743,13525,15843",estival Sauce Smartphoneără shaft,0.16355909439804953,6.256916600865907,False,0.24538338544208518,0.18484476764291846,0.002006029042667895,0.057776524536549946,0.3605517406806516,0.3807252854197419,0.16364858208807131,0.465022410029971,0.8310724313929586,0.9145225081494324,-0.10447066934931942,0.0,0.03338313339993558,0.0,0.0,6.2235334674659715
328,"0,240,58,229,240","30332,16145,28310,3147,16145",lucrarea earthquake Illustration 300 earthquake,0.18365750889686416,6.257422133708011,False,0.25621956053738165,0.22671705595736422,0.002164192928931774,0.06332341396295695,0.34577338691084897,0.34817642223835726,0.14512410328103498,0.4506513595248425,0.85019447403248,0.9245949906412888,-0.10487797261399351,0.012076037397574315,0.001447465610761034,0.0,0.0,6.243898630699675
329,"32,240,195,229,240","22608,16145,12743,3147,16145",occupant earthquake Smartphone 300 earthquake,0.16764996489940684,6.2637738214122844,False,0.24829346465710264,0.2032151708284083,0.0018818684325719204,0.05986580661332525,0.36540388355615677,0.3903650185153442,0.1612869995153916,0.46979938721910874,0.833510194048628,0.9158127540521634,-0.10439550366295197,0.0,0.04399863826468607,0.0,0.0,6.219775183147599
330,"0,152,195,214,248","30332,19355,12743,13525,6148",lucrarea persoană Smartphoneără mici,0.1780590147977183,6.2640768947827175,False,0.25371764574164296,0.2234303717040258,0.0021291815204908192,0.06078273594096842,0.35798259596310134,0.3692241799810205,0.15131726188784933,0.4626997026307235,0.8438015361157685,0.9212397831792495,-0.10471710666762218,0.0,0.028221561401607795,0.0,0.0,6.235855333381109
331,"0,240,1,229,44","30332,16145,22665,3147,15843",lucrarea earthquakepictured 300 shaft,0.1875907762461388,6.26645353301513,False,0.2602744486864324,0.22213831889350208,0.0021186772853158176,0.06172200455262263,0.343858041480666,0.3467076128890172,0.14536734488058722,0.44883614308272096,0.8499433859297164,0.9244634417430538,-0.10497810160205495,0.017548452912382766,0.0,0.0,0.0,6.248905080102747
332,"0,40,195,214,195","30332,18132,12743,13525,12743",lucrarea Vorstand Smartphoneără Smartphone,0.18772477625831102,6.269755155036383,False,0.26154354158975585,0.22617566890429536,0.00234205334519047,0.06190475088139615,0.33474695772943747,0.34251201723648905,0.14763753066288965,0.4392704584147044,0.8475999683479849,0.923234785597418,-0.10452350068526695,0.043580120773035746,0.0,0.0,0.0,6.226175034263347
333,"0,73,195,16,248","30332,9472,12743,20538,6148",lucrarea problème Smartphone trage mici,0.1853389568873402,6.271655965367515,False,0.2596947535039813,0.2226167382600572,0.002085990809481808,0.06035864557229948,0.3551229768138047,0.3601758235658514,0.1487115932332822,0.4601069005415314,0.8464912585979022,0.9226529178226869,-0.10498392372772669,0.0,0.0224597789811809,0.0,0.0,6.249196186386334
334,"206,240,195,214,240","17140,16145,12743,13525,16145",liga earthquake Smartphoneără earthquake,0.18170422255987578,6.2767901629483465,False,0.2572604162732914,0.22029629895252484,0.0018440509820561114,0.058816881150764146,0.37378342476517845,0.387147090863208,0.1511123874268312,0.47807160129971366,0.8440130194303678,0.9213509714398573,-0.1042881765345352,0.0,0.06238133622158588,0.0,0.0,6.2144088267267605
335,"100,44,195,214,16","14338,15843,12743,13525,20538", surroundings shaft Smartphoneără trage,0.15804803887640942,6.280133421891021,False,0.2422171828153689,0.1807309436777596,0.0016894689248630468,0.05058831627882799,0.36108009132956,0.3723662371255012,0.16833828787791894,0.46597285509642805,0.8262314447711805,0.9119548849159596,-0.10489276376686807,0.0,0.03549523354761787,0.0,0.0,6.244638188343403
336,"236,240,195,214,133","24742,16145,12743,13525,121","estival earthquake Smartphoneără""",0.179760904550623,6.283368427197332,False,0.2557397809642135,0.22243618099321832,0.0021176594541275295,0.05922591497677351,0.36162472879226787,0.3770402437558568,0.15195775282718105,0.4665562634070139,0.8431403841783938,0.920892093121023,-0.10493153461474602,0.0,0.03679169646003085,0.0,0.0,6.246576730737301
337,"0,33,195,214,138","30332,25803,12743,13525,9518",lucrarea Sauce Smartphoneără oferit,0.19042241261708986,6.284826175248542,False,0.2608200013176674,0.22724801531098587,0.0020942120529406304,0.06183305273958348,0.34039468793042377,0.34572825603891927,0.1407951774011551,0.44554233645999025,0.8546630426826786,0.9269330194781309,-0.10514764852956648,0.027443748770217748,0.0,0.0,0.0,6.2573824264783235
338,"0,205,195,214,248","30332,24903,12743,13525,6148",lucrarea dispus Smartphoneără mici,0.1739319095508124,6.291052683717151,False,0.2504101851765037,0.22677924376985295,0.002031507308171826,0.06112724924236157,0.3629041332531092,0.3738867661221133,0.15295655125138263,0.4679283704624543,0.8421093664501856,0.9203496339699481,-0.10502423720934506,0.0,0.03984082324989837,0.0,0.0,6.251211860467253
339,"0,33,195,229,195","30332,25803,12743,3147,12743",lucrarea Sauce Smartphone 300 Smartphone,0.18201181257407834,6.294117540318984,False,0.2571904718812495,0.2251454446449495,0.0023494560032989165,0.062013382639333904,0.3431564518888403,0.3474335444109895,0.15035731861434232,0.4486477428031537,0.844792445301324,0.9217606421331178,-0.10549129091431342,0.019552994603313344,0.0,0.0,0.0,6.274564545715671
340,"110,240,195,229,0","24243,16145,12743,3147,30332", événements earthquake Smartphone 300lucrarea,0.19704742121669933,6.29455331293708,False,0.26629112919619585,0.22558915346904143,0.0021462681752892733,0.06443612484296736,0.33817047090465324,0.3571462207516505,0.13848741595899305,0.4433855640722322,0.8570452480423297,0.9281770219311654,-0.10521509316757893,0.03379865455813353,0.0,0.0,0.0,6.260754658378946
341,"0,44,195,16,16","30332,15843,12743,20538,20538",lucrarea shaft Smartphone trage trage,0.18809530755486087,6.311169316482243,False,0.2605944591693276,0.22576898187891184,0.0021465625048412316,0.063110240033815,0.3478076239090501,0.35889778331376115,0.14499830322893348,0.45373953026003594,0.8503243321507783,0.9246630179536037,-0.10593190635098582,0.006263931688428157,0.008310067244524285,0.0,0.0,6.29659531754929
342,"0,73,195,214,248","30332,9472,12743,13525,6148",lucrarea problème Smartphoneără mici,0.18942075429658206,6.311318631837166,False,0.26228336125485147,0.22271375924570264,0.002179301237878545,0.06231488922223984,0.347601469494226,0.3620259107767983,0.1457252139165388,0.45353372863875807,0.8495739727313147,0.9242698664802728,-0.10593225914453208,0.006852944302211395,0.007852730308351244,0.0,0.0,6.296612957226603
343,"0,205,12,214,195","30332,24903,12337,13525,12743",lucrarea dispus mobilityără Smartphone,0.1785900977233657,6.313708737114034,False,0.2534233183877352,0.2261376613211252,0.002026393717482533,0.06138003070111672,0.35512562457589103,0.3662581151740694,0.14966644132873896,0.46091470147484526,0.8455056089509791,0.9221353255738883,-0.10578907689895423,0.0,0.024254892166322768,0.0,0.0,6.289453844947711
344,"206,240,195,229,16","17140,16145,12743,3147,20538",liga earthquake Smartphone 300 trage,0.1854863799056009,6.315905981261081,False,0.26065198452644983,0.20615421050245084,0.0019435021827266643,0.05613920429224863,0.38371673088046215,0.3991452712059036,0.15033120924169785,0.48833123984586746,0.8448193969117958,0.9217748047968669,-0.1046145089654053,0.0,0.08518053299081656,0.0,0.0,6.230725448270265
345,"110,44,195,214,0","24243,15843,12743,13525,30332", événements shaft Smartphoneărălucrarea,0.19090049681840543,6.317596422140087,False,0.26267926416717396,0.21923275244909907,0.0021952649277461656,0.058985371924553394,0.3332897461600517,0.3491586250743841,0.14355753469753707,0.4386868029548564,0.8518115770864133,0.925441767645303,-0.10539705679480471,0.04774358239985225,0.0,0.0,0.0,6.269852839740235
346,"110,240,195,82,16","24243,16145,12743,16771,20538", événements earthquake Smartphone posture trage,0.1692965707486687,6.318873624976043,False,0.2491900903784887,0.20527141041197333,0.0018123052101804817,0.0552205256465332,0.36671783561212873,0.3841756975158228,0.15978703925964,0.4721125290430688,0.8350585401190813,0.9166313112371626,-0.10539469343094005,0.0,0.04913895342904169,0.0,0.0,6.269734671547002
347,"219,240,195,214,195","25895,16145,12743,13525,12743",flooded earthquake Smartphoneără Smartphone,0.17745283556616664,6.32302891754889,False,0.25766220960480896,0.2064710679724341,0.0018059401222855099,0.06165471929046809,0.3569270966276803,0.38396642329539626,0.16041874807728462,0.46281798668169394,0.8344064535976417,0.9162866647085481,-0.10589089005401364,0.0,0.028484414848208725,0.0,0.0,6.294544502700681
348,"0,245,130,214,195","30332,23156,15799,13525,12743",lucrareaceşti putereără Smartphone,0.17803838140374928,6.326631279690857,False,0.2532470177696886,0.21838756868402046,0.0020861563833598383,0.0625842738331881,0.34422958767287476,0.35750392269833403,0.15041727273187866,0.4504140722100903,0.8447305571799962,0.9217281200376396,-0.10618448453721552,0.01648689236321491,0.0009201604668672579,0.0,0.0,6.309224226860775
349,"251,44,195,214,240","694,15843,12743,13525,16145", fun shaft Smartphoneără earthquake,0.19298109416405684,6.334214032666079,False,0.2674450037088096,0.21194748841223895,0.002027342055643372,0.058762337645200884,0.35353902256010156,0.38957834741547454,0.14892781908950548,0.45978826903412856,0.8462680577140589,0.9225357342187318,-0.106249246474027,0.0,0.02175170896473011,0.0,0.0,6.312462323701349
350,"0,44,195,214,27","30332,15843,12743,13525,2600",lucrarea shaft Smartphoneără sport,0.19545698130937716,6.341174310059499,False,0.2659886493013888,0.224805674531851,0.002234176082489603,0.06263815407850432,0.3498330279367903,0.36133724973399217,0.14106333598402332,0.45636412296755624,0.8543862338229437,0.9267883598837313,-0.10653109503076597,0.00047706303774200777,0.014142495483458287,0.0,0.0,6.326554751538298
351,"0,205,195,255,195","30332,24903,12743,27850,12743",lucrarea dispus Smartphone purity Smartphone,0.17620054339926067,6.350317565523991,False,0.25221208146591045,0.2284798953290022,0.0019947962387463158,0.06023264895563524,0.3510561788501485,0.35504246471970596,0.15202307613329957,0.45771944377081436,0.843072953668852,0.9208566250327466,-0.10666326492066586,0.0,0.017154319490698552,0.0,0.0,6.333163246033292
352,"0,73,195,214,38","30332,9472,12743,13525,25012",lucrarea problème Smartphoneără caption,0.1949235359802361,6.353779160974962,False,0.2639043491995842,0.2339051501285148,0.002048279160866984,0.06531341470859332,0.34015085393895084,0.35114217836794975,0.13796162643869625,0.4466636288121044,0.8575879985148942,0.9284602164666528,-0.10651277487315358,0.028140417317283263,0.0,0.0,0.0,6.325638743657678
353,"0,33,130,16,195","30332,25803,15799,20538,12743",lucrarea Sauce putere trage Smartphone,0.19429051272968517,6.355826613032851,False,0.2654739537442759,0.22345137586917077,0.002052724692200014,0.06408793956267521,0.3450363700790756,0.3505244038162958,0.14236688202918146,0.4517897230955597,0.8530406379053611,0.9260848330314122,-0.10675335301648409,0.014181799774069605,0.003977162434577093,0.0,0.0,6.337667650824204
354,"0,240,130,229,195","30332,16145,15799,3147,12743",lucrarea earthquake putere 300 Smartphone,0.19342153636121323,6.365077615689021,False,0.2632340505887238,0.23336827375837219,0.0022526066848706228,0.06508459037745697,0.3343245571698597,0.3490355136457417,0.13962502845502112,0.4407303698933464,0.8558709383690105,0.9275639986248814,-0.1064058127234867,0.0447869795146865,0.0,0.0,0.0,6.3202906361743345
355,"141,240,183,214,195","25205,16145,23,13525,12743",izeze earthquakeiără Smartphone,0.16355971456581544,6.373673734891085,False,0.2461701706876118,0.20374231093829506,0.0019744950107360992,0.05550780804646521,0.3603765623946401,0.3836250201095586,0.1652209122435927,0.46709046104597407,0.8294493809098398,0.9136624583271479,-0.10671389865133396,0.0,0.037978802324386794,0.0,0.0,6.335694932566698
356,"0,240,195,84,240","30332,16145,12743,24023,16145",lucrarea earthquake Smartphone LORD earthquake,0.1981779763330463,6.382467394972711,False,0.2674107096352028,0.2399987884200065,0.002382079568330836,0.06618414001624723,0.34070931817441075,0.3450065888647276,0.13846546660431303,0.4478277699695456,0.8570679054407091,0.928188845761296,-0.10711845179513485,0.026544805215969233,0.0,0.0,0.0,6.355922589756742
357,"11,44,195,214,16","9161,15843,12743,13525,20538", bro shaft Smartphoneără trage,0.16910715988654776,6.3925965953168165,False,0.24976032793863048,0.20079948768500158,0.002058570811398608,0.056528195049069536,0.36153341787410803,0.3775607040075469,0.16130633610416545,0.46856044127914886,0.8334902336989259,0.9158021969267351,-0.10702702340504083,0.0,0.04124542506477523,0.0,0.0,6.351351170252041
358,"0,240,195,229,67","30332,16145,12743,3147,25300",lucrarea earthquake Smartphone 300 farther,0.20044273284789027,6.394159064420664,False,0.26807275966928895,0.236118144846515,0.0024064808176951615,0.06577592637453099,0.3435847473949614,0.35129642334513145,0.13526005364279736,0.451054477168305,0.8603767188203382,0.9299139456730405,-0.10746972977334357,0.018329293157253023,0.002343282596233287,0.0,0.0,6.373486488667178
359,"0,240,205,214,240","30332,16145,24903,13525,16145",lucrarea earthquake dispusără earthquake,0.1868255643577676,6.403434107126971,False,0.2594346365009112,0.23441057055311615,0.0021363082011334245,0.06303334128101756,0.33910294253257156,0.3427431401247478,0.1452181442862872,0.44654893567697224,0.8500973994464132,0.9245441339999475,-0.10744599314440068,0.031134449906938335,0.0,0.0,0.0,6.372299657220033
360,"194,44,169,214,195","23078,15843,680,13525,12743",politischen shaft sieără Smartphone,0.15920062668684495,6.41079184595677,False,0.2433951879812388,0.1918633007756468,0.001994846302867692,0.054065908311072754,0.3600357821392947,0.38870921267530995,0.1683891225887877,0.46747495441764586,0.8261789702309288,0.911927013204024,-0.10743917227835115,0.0,0.038833232039212996,0.0,0.0,6.371958613917557
361,"100,240,195,84,240","14338,16145,12743,24023,16145", surroundings earthquake Smartphone LORD earthquake,0.16194569077274065,6.411071560503944,False,0.24396664106956165,0.20505424528922894,0.0020401766523319266,0.05754063980137417,0.362911169026034,0.3734035266268101,0.164041900593642,0.47023334065159744,0.8306664251936599,0.9143074424975212,-0.10732217162556346,0.0,0.04496297922577207,0.0,0.0,6.366108581278172
362,"0,104,195,214,195","30332,15091,12743,13525,12743",lucrareaspieler Smartphoneără Smartphone,0.1818302923479831,6.418392609626979,False,0.25601386363425815,0.22301732724575532,0.002167594850881899,0.061132174007007205,0.34754821842899675,0.35284594483074727,0.14836714257255013,0.45553018291035224,0.8468468205702708,0.9228395621273775,-0.1079819644813555,0.007005090202866374,0.012289295356338294,0.0,0.0,6.3990982240677745
363,"0,240,195,214,104","30332,16145,12743,13525,15091",lucrarea earthquake Smartphoneărăspieler,0.20405309348215578,6.422607176065383,False,0.2706707386071981,0.2338805539085877,0.002280367791807286,0.06700669405612347,0.3333192360842542,0.34063107345939575,0.13323529025008463,0.44081819309609066,0.862466797161203,0.9310019923447616,-0.10749895701183648,0.04765932547355943,0.0,0.0,0.0,6.374947850591823
364,"0,240,93,214,248","30332,16145,19486,13525,6148",lucrarea earthquake vitesseără mici,0.18904677662057878,6.4260926269130465,False,0.2614037494197891,0.23267386157824355,0.0021337467689701074,0.06250004248410015,0.33770283827927877,0.34374964421643894,0.14471394559842066,0.4455219958620699,0.8506178626080819,0.9248167680149292,-0.10781915758279115,0.03513474777348916,0.0,0.0,0.0,6.390957879139557
365,"201,240,195,214,214","17624,16145,12743,13525,13525", angenehm earthquake Smartphoneărăără,0.16488278529907885,6.426115740976328,False,0.2443209081702684,0.20347542920767409,0.0021552037953876837,0.05605705679119229,0.36534688732092957,0.3766349649990653,0.15887624574237913,0.472853491411075,0.8359987140723828,0.9171279922985782,-0.10750660409014545,0.0,0.05078553646905558,0.0,0.0,6.375330204507272
366,"0,240,195,16,62","30332,16145,12743,20538,23226",lucrarea earthquake Smartphone trage imobil,0.1989283892886911,6.428067190119856,False,0.267816639111176,0.24198176325123325,0.0021752551921653375,0.06536310078216881,0.34331209109530336,0.34795100870090495,0.13777649964496974,0.4514278104331037,0.8577790971406763,0.9285599067130942,-0.10811571933780034,0.019108311156276047,0.003172912073563763,0.0,0.0,6.405785966890017
367,"0,240,195,214,48","30332,16145,12743,13525,27062",lucrarea earthquake Smartphoneără pantalon,0.21958235601451026,6.430032428509871,False,0.28235391477541094,0.2527815730477824,0.002359535456712608,0.06741292944812947,0.3351951793969117,0.34934953020178133,0.12554311752180136,0.4429498382183612,0.8704071044936244,0.9351239931036945,-0.10775465882144952,0.04229948743739514,0.0,0.0,0.0,6.387732941072476
368,"236,205,195,229,16","24742,24903,12743,3147,20538",estival dispus Smartphone 300 trage,0.17753302148725697,6.437222716254702,False,0.25624770996617946,0.19324755726104548,0.0018850770646371808,0.058546540594114536,0.35497837255956577,0.3812906844764694,0.15742937695784498,0.46313887680446153,0.8374922560435148,0.9179164575505524,-0.10816050424489576,0.0,0.029197504009914485,0.0,0.0,6.408025212244787
369,"0,240,195,255,240","30332,16145,12743,27850,16145",lucrarea earthquake Smartphone purity earthquake,0.2004996717997926,6.441260975278119,False,0.26922651047356705,0.23715298430313014,0.002319252683387768,0.06561946969220665,0.34142695194275063,0.34691396609412445,0.13745367734754887,0.4497622829878988,0.8581123330605948,0.9287337199932234,-0.10833533104514814,0.024494423020712412,0.0,0.0,0.0,6.416766552257407
370,"0,240,195,214,177","30332,16145,12743,13525,25482",lucrarea earthquake Smartphoneărăprindere,0.20780541062146352,6.444256280499316,False,0.27299490155227074,0.24112593782668676,0.0022627188327921767,0.06704689335802837,0.33029373456773603,0.338490108440419,0.13037898186161445,0.4380527878673073,0.8654152445299463,0.9325347275776841,-0.10775905329957125,0.05630361552075414,0.0,0.0,0.0,6.387952664978562
371,"91,240,195,214,16","21738,16145,12743,13525,20538", bărbat earthquake Smartphoneără trage,0.1823814472075061,6.445049247377628,False,0.2597218248065109,0.2133628618673337,0.0018636360842095912,0.059123618721494166,0.3561942288644008,0.3775660203874996,0.1546807551980096,0.46445286428804045,0.8403295430214094,0.9194124454247888,-0.10825863542363967,0.0,0.03211747619564541,0.0,0.0,6.412931771181983
372,"62,240,195,214,110","23226,16145,12743,13525,24243", imobil earthquake Smartphoneără événements,0.18181548027541505,6.445806550208684,False,0.25813097907090476,0.2120956093403974,0.0018576338887507594,0.05829327643058139,0.35187115167806,0.37180916434338473,0.15263099759097942,0.4603282493766067,0.8424454218415697,0.9205264811014513,-0.10845709769854672,0.0,0.022951665281348226,0.0,0.0,6.422854884927336
373,"0,240,58,214,16","30332,16145,28310,13525,20538",lucrarea earthquake Illustrationără trage,0.20546884388220693,6.445880930590699,False,0.2725630840965066,0.24385217301934764,0.0021297116601388445,0.06414960831143555,0.32784613564295223,0.3409941876755323,0.13418848042859932,0.4354978191486492,0.8614828589124136,0.9304899352337996,-0.10765168350569698,0.06329675530585072,0.0,0.0,0.0,6.3825841752848484
374,"0,254,195,214,240","30332,28995,12743,13525,16145",lucrareafreiheit Smartphoneără earthquake,0.19367772858318805,6.44948323325051,False,0.2651137408406055,0.23687937467018566,0.0022260936226506265,0.06397511437000929,0.3426161678081263,0.35078439506129483,0.14287202451483494,0.45113352051545375,0.8525192005008155,0.9258120627239446,-0.10851735270732743,0.021096663405353322,0.002518934478786076,0.0,0.0,6.425867635366371
375,"0,240,45,214,195","30332,16145,25231,13525,12743",lucrarea earthquakeffentlichkeitără Smartphone,0.19713661846116765,6.450976061723796,False,0.26748519766635187,0.23510438261685246,0.0022381548233595893,0.06462470381457405,0.34068925433389563,0.34768666854161,0.14069715841036845,0.4491767329588799,0.8547642235763938,0.9269858907176698,-0.10848747862498426,0.026602130474583853,0.0,0.0,0.0,6.424373931249212
376,"153,240,195,214,16","23158,16145,12743,13525,20538", pierdere earthquake Smartphoneără trage,0.17157693083795156,6.459638207440435,False,0.24912807078512822,0.2119519037492661,0.0016836794028481763,0.055167936843785646,0.3533939783816328,0.37220574236179266,0.15510227989435332,0.4620511364653163,0.8398944207542159,0.919183180930573,-0.10865715808368354,0.0,0.02678030325625845,0.0,0.0,6.432857904184176
377,"236,240,58,214,44","24742,16145,28310,13525,15843",estival earthquake Illustrationără shaft,0.17157241424185618,6.464758738898294,False,0.24987098604978356,0.19984433311036884,0.0017906577974365458,0.057162699525127536,0.3677813431576928,0.37847217988947257,0.15659714361585475,0.47592432568307746,0.8383513356223434,0.9183696730533654,-0.10814298252538468,0.0,0.05760961262906101,0.0,0.0,6.407149126269234
378,"0,240,58,214,240","30332,16145,28310,13525,16145",lucrarea earthquake Illustrationără earthquake,0.19429744173320057,6.467398554749472,False,0.2646892579815369,0.2379694166588239,0.0021559430792473357,0.06375844936252516,0.33397816468133945,0.3387369653558368,0.1407836324966727,0.4424106023295483,0.8546749600034347,0.9269392469322503,-0.10843243764820887,0.04577667233903008,0.0,0.0,0.0,6.4216218824104425
379,"236,240,195,145,16","24742,16145,12743,26356,20538",estival earthquake Smartphone sunet trage,0.17778898934625498,6.4704509122329785,False,0.25334514276697195,0.20764479941802672,0.0019168994175969513,0.05755557714311756,0.36972094560356417,0.38026248104975086,0.15111230684143395,0.4778903909185121,0.8440131026152939,0.9213510151720494,-0.10816944531494793,0.0,0.06197864648558241,0.0,0.0,6.408472265747396
380,"251,240,195,19,16","694,16145,12743,6217,20538", fun earthquake Smartphone legs trage,0.17248222518392753,6.47335941331731,False,0.2505190608056843,0.20497327309826074,0.002064362238371176,0.05859573689863082,0.3612385749283241,0.38088871038289485,0.15607367124351357,0.46982466688851415,0.838891694200244,0.9186546297474837,-0.10858609196019003,0.0,0.044054815307809206,0.0,0.0,6.429304598009501
381,"207,240,195,214,44","8534,16145,12743,13525,15843", processed earthquake Smartphoneără shaft,0.17909724171702002,6.481037694448981,False,0.2557512218137236,0.21049613966382,0.0017134593071301387,0.05518264760303782,0.3496560032666777,0.37244066472444454,0.1533079601934072,0.4588631810420433,0.8417466217358377,0.9201587035976961,-0.10920717777536565,0.0009828478094922996,0.019695957871207356,0.0,0.0,6.4603588887682815
382,"251,44,195,214,44","694,15843,12743,13525,15843", fun shaft Smartphoneără shaft,0.16061668543131555,6.485282744213368,False,0.24368038702985487,0.191751451761633,0.0021056312229857824,0.055233267237302965,0.35860548359945094,0.37958331465629785,0.16612740319707864,0.4675319411014324,0.828513648312693,0.9131662481733112,-0.10892645750198149,0.0,0.03895986911429425,0.0,0.0,6.4463228750990735
383,"0,240,173,214,248","30332,16145,19845,13525,6148",lucrarea earthquakeAiciără mici,0.18939303074132685,6.489345776062453,False,0.2623970670686604,0.23065048042541744,0.0021409474443657263,0.06379080401321957,0.34037855923125293,0.3437917371953135,0.1460080726546671,0.44961567813714504,0.849281989517763,0.9241168364148188,-0.1092371189058921,0.027489830767848708,0.0,0.0,0.0,6.461855945294604
384,"100,240,195,214,64","14338,16145,12743,13525,30828", surroundings earthquake SmartphoneărăDOWN,0.1773042217821294,6.490417521393495,False,0.25497241192881104,0.21166878479482024,0.0018251785988390168,0.0545562230329936,0.35533810464477045,0.3684124254436205,0.15533638029336327,0.4645019250695493,0.8396527687294315,0.9190558305710468,-0.10916382042477885,0.0,0.03222650015455396,0.0,0.0,6.4581910212389415
385,"83,240,195,214,240","7383,16145,12743,13525,16145", Front earthquake Smartphoneără earthquake,0.17686042980087113,6.492300038926936,False,0.25271365020736286,0.21940679856630024,0.002039912963819529,0.06060981712391359,0.36413715401192087,0.3762119096659779,0.15170644081298346,0.47296259501214216,0.843399803031759,0.9210285333186028,-0.10882544100022129,0.0,0.051027988915871444,0.0,0.0,6.441272050011064
386,"0,240,195,250,240","30332,16145,12743,24976,16145",lucrarea earthquake Smartphone situatia earthquake,0.19981718470632198,6.501014166736841,False,0.2690149443822885,0.23905761023994151,0.0022363923568539225,0.06389611965501893,0.33407276857420043,0.3415764097098865,0.13839551935193306,0.44318292439889156,0.8571401090560691,0.9282265244260514,-0.10911015582469114,0.045506375502284424,0.0,0.0,0.0,6.455507791234556
387,"148,240,195,214,138","5615,16145,12743,13525,9518",itz earthquake Smartphoneără oferit,0.17298252380165063,6.512473179627146,False,0.2505560106929602,0.2150688198778144,0.001910529714504039,0.0592881615209317,0.3603982655342396,0.37233691333490254,0.1551469737826191,0.46976910235543007,0.839848285127619,0.9191588688672818,-0.10937083682119048,0.0,0.043931338567622345,0.0,0.0,6.4685418410595235
388,"110,240,195,214,195","24243,16145,12743,13525,12743", événements earthquake Smartphoneără Smartphone,0.1835691789812584,6.522296036088847,False,0.26085604722378436,0.21074135228735347,0.0017604561578308032,0.05749267497332921,0.35379171940120846,0.37764918124033797,0.1545737364850519,0.4636317830964754,0.8404400139509142,0.9194706430957695,-0.10984006369526694,0.0,0.03029285132550087,0.0,0.0,6.492003184763346
389,"0,240,216,214,240","30332,16145,9015,13525,16145",lucrarea earthquake programmesără earthquake,0.19375024689886922,6.524484291944327,False,0.26461827232401935,0.23729597396762775,0.0022682990454721275,0.06357375735521548,0.33552181591664343,0.33594561244267057,0.14173605085030028,0.44518417695076673,0.8536918184771094,0.9264253608087916,-0.1096623610341233,0.04136624023816157,0.0,0.0,0.0,6.483118051706165
390,"0,240,195,16,61","30332,16145,12743,20538,18837",lucrarea earthquake Smartphone trage manger,0.19107616136364314,6.525883944638253,False,0.2609461043595289,0.23532560796256702,0.002207493606248645,0.06466956372371739,0.33966337456969065,0.34574156845559467,0.13973988599177156,0.4495903891521523,0.8557523757504294,0.9275020830209647,-0.10992701458246168,0.029533215515169523,0.0,0.0,0.0,6.496350729123083
391,"236,33,195,214,16","24742,25803,12743,13525,20538",estival Sauce Smartphoneără trage,0.17357425902935497,6.533262818514511,False,0.2529388646496714,0.19735985915275686,0.00196775139678822,0.05456200500749192,0.3523879745593286,0.37184228082548004,0.15872921124063288,0.4624977742943159,0.8361504916225725,0.9172081490912338,-0.1101097997349873,0.0,0.027772831765146368,0.0,0.0,6.505489986749365
392,"0,44,195,44,240","30332,15843,12743,15843,16145",lucrarea shaft Smartphone shaft earthquake,0.19247671153913598,6.534898597096154,False,0.2642076868916647,0.23104329739972113,0.0023243276390566615,0.06317938445146094,0.34846553655413115,0.3546540573507042,0.1434619507050574,0.4586896195569345,0.8519102444334892,0.925493408563747,-0.11022408300280334,0.0043841812739109365,0.01931026568207662,0.0,0.0,6.511204150140166
393,"110,240,173,16,214","24243,16145,19845,20538,13525", événements earthquakeAici trageără,0.15274486603034979,6.534982833437371,False,0.23664197564549874,0.18295927957578267,0.001844015626626433,0.05256888110740565,0.3602190043737175,0.3669484862370274,0.16779421923029791,0.4700285052534239,0.8267930640203376,0.9122531341517562,-0.10980950087970637,0.0,0.04450778945205304,0.0,0.0,6.490475043985318
394,"251,44,195,214,214","694,15843,12743,13525,13525", fun shaft Smartphoneărăără,0.14801771460019536,6.540028347154303,False,0.23379325467019085,0.18837133398900968,0.0020081703588680443,0.056065495872442826,0.3672179395275562,0.38623080598933807,0.17155108013999099,0.4768262295995511,0.8229150140490415,0.9101916940183584,-0.10960829007199491,0.0,0.059613843554558024,0.0,0.0,6.480414503599745
395,"11,205,173,214,195","9161,24903,19845,13525,12743", bro dispusAiciără Smartphone,0.13502388882980998,6.552963153498484,False,0.22420283145608422,0.18661772546792085,0.002075533877418767,0.05491471518802949,0.3749455165134203,0.3894861307455673,0.17835788525254848,0.48447266130324573,0.8158886345780145,0.9064447665177683,-0.10952714478982545,0.0,0.07660591400721271,0.0,0.0,6.476357239491271
396,"251,240,58,214,240","694,16145,28310,13525,16145", fun earthquake Illustrationără earthquake,0.1764510050258487,6.564699758463484,False,0.2526265166350334,0.208955832225644,0.002035645188030005,0.06003206607146258,0.35419075954965734,0.3794678319522397,0.15235102321836935,0.4648258289862067,0.8427344276455542,0.9206785415016637,-0.11063506943654938,0.0,0.03294628663601492,0.0,0.0,6.531753471827469
397,"0,25,195,214,240","30332,28399,12743,13525,16145",lucrarea bewegt Smartphoneără earthquake,0.20364169989379094,6.565220561763861,False,0.27148927129922645,0.2462842587910915,0.0022029083048613896,0.06471019173945332,0.3365833612769176,0.35132469322193577,0.13569514281087103,0.44712110744230443,0.8599275945178105,0.9296799756847133,-0.11053774616538681,0.03833325349452101,0.0,0.0,0.0,6.52688730826934
398,"100,240,195,229,44","14338,16145,12743,3147,15843", surroundings earthquake Smartphone 300 shaft,0.16846615608538662,6.5670779021882515,False,0.24877075869743792,0.20892271535389934,0.0018151431026782517,0.05884899843674344,0.35555834343647974,0.3808477424236107,0.1606092052241026,0.4661807567364046,0.8342098526718941,0.9161827300139953,-0.11062241329992484,0.0,0.03595723719201015,0.0,0.0,6.531120664996242
399,"0,90,195,214,38","30332,23060,12743,13525,25012",lucrarea răspunde Smartphoneără caption,0.18359225153837866,6.570109618091684,False,0.25602062909405054,0.22810291016942574,0.0020925449386242022,0.061423834467674104,0.3462509060685885,0.3574501514083844,0.14485675511134377,0.45712231706631484,0.8504704463366773,0.9247395551660241,-0.11087141099772635,0.010711696946889957,0.015827371258477402,0.0,0.0,6.543570549886317
400,"0,162,195,214,195","30332,5290,12743,13525,12743",lucrareaizat Smartphoneără Smartphone,0.17458825735032318,6.58305226988353,False,0.25039999919634953,0.22594699906381358,0.002058878022342009,0.06060984702425131,0.350157690878896,0.3554242766461984,0.1516234836920527,0.4613158113286276,0.8434854361888489,0.9210735672615664,-0.11115812044973161,0.0,0.025146247396950174,0.0,0.0,6.55790602248658
401,"11,240,195,214,201","9161,16145,12743,13525,17624", bro earthquake Smartphoneără angenehm,0.17890156316160594,6.602222727122824,False,0.25617006812288495,0.2241088871216177,0.0020831081340435876,0.060128317848960645,0.36823830292414506,0.381639170071075,0.15453700992255803,0.47899412948929937,0.8404779252412304,0.9194906144585936,-0.11075582656515431,0.0,0.06443139886510968,0.0,0.0,6.537791328257715
402,"0,240,1,214,240","30332,16145,22665,13525,16145",lucrarea earthquakepicturedără earthquake,0.18792416481768398,6.602824261134135,False,0.2601654999914515,0.23261409717871992,0.0021403712706865195,0.06262049765671455,0.3351482833564274,0.3373400256617287,0.14448267034753504,0.4463560990566202,0.8508565983509315,0.9249417979810757,-0.11120781570019284,0.04243347612449314,0.0,0.0,0.0,6.560390785009641
403,"236,107,195,214,16","24742,798,12743,13525,20538",estival moment Smartphoneără trage,0.1679173369160947,6.606150533478766,False,0.24733871418348316,0.19065970807440763,0.0020173401692396733,0.05822813490017176,0.35130104146088903,0.36905044883490096,0.15884275453477692,0.46285281586959354,0.8360332856415206,0.9171462508592744,-0.11155177440870451,0.0,0.02856181304354117,0.0,0.0,6.577588720435225
404,"195,240,8,214,240","12743,16145,17682,13525,16145", Smartphone earthquakeSportără earthquake,0.16638084998153252,6.616823429477464,False,0.2473962020075806,0.20404372867641113,0.002049730113131765,0.05938337013285722,0.36380670892078465,0.38061406098617717,0.16203070405209619,0.47503070187159635,0.8327424990429975,0.9154066287436987,-0.1112239929508117,0.0,0.05562378193688075,0.0,0.0,6.561199647540584
405,"139,240,195,214,25","31,16145,12743,13525,28399",' earthquake Smartphoneără bewegt,0.1858805358106032,6.620180658086227,False,0.2584720870348773,0.20565189862679228,0.0019534863181211895,0.0625135896163464,0.35982992761756855,0.3758373615973996,0.14518310244854815,0.4712874326610253,0.8501335716660148,0.9245630846791645,-0.11145750504345675,0.0,0.04730540591338952,0.0,0.0,6.572875252172837
406,"236,240,195,180,16","24742,16145,12743,31797,20538",estival earthquake Smartphonescrisă trage,0.1783757161404385,6.630840666131739,False,0.2551523663748794,0.20297252867925925,0.0019565773780723774,0.058031016031725384,0.36528770902028124,0.37648716585511083,0.15355330046888183,0.47671709586023875,0.8414933672579284,0.9200253798298818,-0.11142938683995751,0.0,0.05937132413386386,0.0,0.0,6.571469341997875
407,"0,240,178,214,240","30332,16145,30831,13525,16145",lucrarea earthquakeTotusiără earthquake,0.18580334346522437,6.631646735997424,False,0.25855503750130376,0.23213110028225198,0.002181760130244581,0.06329468069943825,0.3365727132861935,0.3400905592419214,0.1455033880721588,0.44843837447963875,0.8498029542480942,0.9243898592735866,-0.11186566119344526,0.03836367632516142,0.0,0.0,0.0,6.593283059672262
408,"0,240,148,214,195","30332,16145,5615,13525,12743",lucrarea earthquakeitzără Smartphone,0.19790337031259125,6.633274078408544,False,0.26700460369271545,0.23651653189890437,0.002182325956132125,0.0656408290588254,0.339361351490935,0.34884100672312685,0.1382024667602484,0.4513585311260036,0.8573393891507114,0.9283305086227381,-0.11199717963506861,0.03039613859732853,0.0030189580577857614,0.0,0.0,6.59985898175343
409,"0,240,195,145,16","30332,16145,12743,26356,20538",lucrarea earthquake Smartphone sunet trage,0.19444657287248884,6.640835705356258,False,0.2647478053329448,0.2357745002495203,0.0021480746025452414,0.06373939311670837,0.33370512773053257,0.3418164656212574,0.14060246492091188,0.44559070627940245,0.8548619716945426,0.9270369653250555,-0.11188557854886988,0.046556777912764025,0.0,0.0,0.0,6.594278927443494
410,"0,191,195,214,214","30332,20041,12743,13525,13525",lucrareaieni Smartphoneărăără,0.17227414721742784,6.651901683247716,False,0.24870409021141282,0.21987031393507747,0.002112706816082205,0.06027647447241822,0.3544188966203408,0.36050776907782983,0.15285988598796996,0.46671408218804855,0.842209149947902,0.9204021479831683,-0.11229518556770773,0.0,0.037142404862330086,0.0,0.0,6.614759278385386
411,"251,44,195,229,240","694,15843,12743,3147,16145", fun shaft Smartphone 300 earthquake,0.17085837506944468,6.652456183344937,False,0.2521920331179427,0.20401589648212123,0.0021424100119143974,0.058426162672786636,0.36796033149768664,0.3946717797223498,0.16266731609699603,0.47968990388098603,0.8320853511256815,0.915058841770847,-0.11172957238329939,0.0,0.06597756417996894,0.0,0.0,6.586478619164969
412,"0,33,130,214,240","30332,25803,15799,13525,16145",lucrarea Sauce putereără earthquake,0.20370581772789276,6.652945932241121,False,0.27205267426528557,0.2440519702198541,0.002182287829577556,0.06524659440805501,0.32470251803549793,0.34256508027030946,0.13669371307478562,0.4363158662823488,0.8588968123098987,0.9291427699364692,-0.11161334824685087,0.07227851989857727,0.0,0.0,0.0,6.580667412342543
413,"0,240,195,214,208","30332,16145,12743,13525,2165",lucrarea earthquake Smartphoneărăval,0.20627153603781334,6.656984683728183,False,0.2735378529914251,0.24346321241703253,0.0023166430520218384,0.0649586863991204,0.3287737082678188,0.33749699217829815,0.13453263390722348,0.44070047098625786,0.8611276037086726,0.930304985525057,-0.11192676271843904,0.06064654780623188,0.0,0.0,0.0,6.596338135921951
414,"110,240,195,214,64","24243,16145,12743,13525,30828", événements earthquake SmartphoneărăDOWN,0.1741027149533228,6.657151223115858,False,0.251265825162684,0.20618679258080663,0.0017770893102209363,0.055118595599859516,0.36177305348252903,0.37407659125287274,0.15432622041872235,0.4738558193088953,0.8406955144064802,0.9196052302924759,-0.11208276582636628,0.0,0.053012931797545106,0.0,0.0,6.604138291318313
415,"0,65,195,214,16","30332,22276,12743,13525,20538",lucrarearij Smartphoneără trage,0.18193633197745995,6.659150634632397,False,0.25562652968822547,0.22297606270304182,0.0020324853548265966,0.06010927387643095,0.3481016733601855,0.34831504112892864,0.14738039542153103,0.4607006268301698,0.8478653982745487,0.9233740328699248,-0.11259895346998433,0.0054237903994699575,0.023779170733710695,0.0,0.0,6.629947673499216
416,"0,44,195,16,38","30332,15843,12743,20538,25012",lucrarea shaft Smartphone trage caption,0.17971860082517344,6.663787355193285,False,0.2544322651410605,0.21538560849939806,0.002023627413885715,0.05953408822857426,0.34271091610271837,0.3479415459440434,0.1494273286317741,0.4553331167170909,0.8457524349607494,0.9222649680911803,-0.11262220061437256,0.02082595399223318,0.011851370482424252,0.0,0.0,6.631110030718627
417,"0,73,195,214,195","30332,9472,12743,13525,12743",lucrarea problème Smartphoneără Smartphone,0.18661351368924795,6.682019601573847,False,0.25944708871827055,0.232597382952462,0.00220989897861959,0.06283003698586093,0.35033370247891144,0.3612094023787873,0.1456671500580452,0.4633794521907974,0.8496339096175017,0.9243012766095018,-0.11304574971188597,0.0,0.029732115979549757,0.0,0.0,6.6522874855942975
418,"82,240,195,214,248","16771,16145,12743,13525,6148", posture earthquake Smartphoneără mici,0.17257163543690007,6.683805566241843,False,0.2514534848717725,0.2128792847606494,0.001793750660127197,0.05750345798108832,0.3543289040720723,0.36774579076947106,0.15776369886974484,0.4672388445289556,0.8371471495538118,0.9177343303648694,-0.1129099404568833,0.0,0.03830854339767906,0.0,0.0,6.6454970228441645
419,"0,33,1,214,240","30332,25803,22665,13525,16145",lucrarea Saucepicturedără earthquake,0.1963081380531183,6.695888028544189,False,0.267382471215433,0.23484725779081816,0.0021709934796058095,0.06151531574665047,0.3273024205877063,0.3393747222844861,0.1421486663246294,0.43992317662074476,0.853265892826189,0.926202641798959,-0.11262075603303845,0.06485022689226762,0.0,0.0,0.0,6.631037801651922
420,"0,240,42,214,240","30332,16145,13483,13525,16145",lucrarea earthquake underneathără earthquake,0.1935647716061445,6.697925276677779,False,0.2645233618631561,0.23853773099285752,0.0021594464419669836,0.06343905197051952,0.33419013835770084,0.34133809753705496,0.14191718051402324,0.4472452232259822,0.8535048459210083,0.9263275983613879,-0.11305508486828136,0.04517103326371183,0.0,0.0,0.0,6.652754243414067
421,"234,240,23,214,195","794,16145,31052,13525,12743", test earthquake pasageriără Smartphone,0.1823763298884652,6.698993750420529,False,0.259883324674725,0.21006144242313934,0.001973424843553473,0.060051412133007555,0.3570139905205506,0.3884085385100419,0.15501398957251966,0.4701005095490054,0.8399855591509474,0.9192312061867136,-0.11308651902845479,0.0,0.04466779899778974,0.0,0.0,6.654325951422739
422,"195,33,67,214,240","12743,25803,25300,13525,16145", Smartphone Sauce fartherără earthquake,0.17157559516928628,6.699267007637653,False,0.24864850454190446,0.2117421452749716,0.0019754046908045165,0.059833516672804114,0.3594095383050155,0.3871373571347327,0.15414581874523636,0.4723993517148848,0.8408817354887883,0.919703311538435,-0.1129898134098693,0.0,0.04977633714418839,0.0,0.0,6.649490670493464
423,"0,191,195,214,38","30332,20041,12743,13525,25012",lucrareaieni Smartphoneără caption,0.1852187010300897,6.707194643953858,False,0.25747092998747384,0.22681039451150697,0.002030932530908558,0.06259677331349493,0.34423801511202884,0.3518042662181137,0.1445044579147683,0.4577099856815043,0.8508341079589489,0.9249300201016463,-0.11347197056947544,0.016462813965631828,0.017133301514453938,0.0,0.0,6.6735985284737716
424,"0,33,195,214,53","30332,25803,12743,13525,1735",lucrarea Sauce Smartphoneără moving,0.188848608081506,6.707246368196385,False,0.2616713252001657,0.2344039540707972,0.002125759399637489,0.06354953205384184,0.33663107268331494,0.34344690272495565,0.14564543423731946,0.4500115480947754,0.8496563259485734,0.924313023689854,-0.11338047541146046,0.03819693519052869,2.5662432834182445e-05,0.0,0.0,6.669023770573022
425,"0,33,12,16,195","30332,25803,12337,20538,12743",lucrarea Sauce mobility trage Smartphone,0.18829406241121438,6.710508394316954,False,0.26051142508631303,0.22492764433139428,0.0021267902881741962,0.061721775540579595,0.3370121166718272,0.3416735345866179,0.1444347253501973,0.4504596891669157,0.8509060899610866,0.9249677154635196,-0.11344757249508852,0.03710823808049372,0.001021531482034864,0.0,0.0,6.672378624754425
426,"0,240,12,229,214","30332,16145,12337,3147,13525",lucrarea earthquake mobility 300ără,0.19608893125260413,6.711305854880396,False,0.2671409697629992,0.2393593603797462,0.0021399040249234225,0.062361163365182944,0.3310551476768812,0.3390148463243734,0.1421040770207902,0.44419870178459664,0.8533119204946682,0.9262267125165468,-0.11314355410771543,0.05412814949462505,0.0,0.0,0.0,6.657177705385771
427,"236,240,18,214,16","24742,16145,12487,13525,20538",estival earthquake adjacentără trage,0.1606896787972338,6.712652506666556,False,0.2443198456370866,0.19443269355601278,0.0017640433550515312,0.05259766795222744,0.3562585901214198,0.3671539691636531,0.1672603336797056,0.4696388044992296,0.8273441716854651,0.912545706428064,-0.11338021437780982,0.0,0.0436417877760658,0.0,0.0,6.66901071889049
428,"0,240,195,214,87","30332,16145,12743,13525,330",lucrarea earthquake Smartphoneără pas,0.21358423491940187,6.71565426312561,False,0.27696957544664924,0.24623242735187512,0.0023167196612956633,0.06684263818517393,0.33126080144775405,0.3424266437233799,0.12677068105449474,0.4445030753644236,0.8691399421372957,0.9344673985460944,-0.11324227391666958,0.053540567292131226,0.0,0.0,0.0,6.662113695833479
429,"0,240,123,214,240","30332,16145,22250,13525,16145",lucrarea earthquake papaără earthquake,0.18722181259052528,6.716808636168945,False,0.25988070863664403,0.23463984274620486,0.0022157601122378134,0.0623665474980527,0.33269504965059,0.33629234524469176,0.1453177920922375,0.44604236806828834,0.8499945371951096,0.924490242191751,-0.11334731841769835,0.049442715284028535,0.0,0.0,0.0,6.667365920884917
430,"0,162,154,214,195","30332,5290,12307,13525,12743",lucrareaizatoaraără Smartphone,0.16986784162489776,6.723077475561756,False,0.24670370014071186,0.21869467914431392,0.0020871924665869456,0.0614160480930426,0.3514077819830306,0.35526932599205024,0.15367171703162819,0.4651940407923821,0.8413711308060612,0.9199610225267002,-0.1137862588093515,0.0,0.033764535094182375,0.0,0.0,6.689312940467574
431,"0,240,93,214,16","30332,16145,19486,13525,20538",lucrarea earthquake vitesseără trage,0.20190162981979615,6.723659201448831,False,0.27001593710918415,0.23490707624932064,0.0020449315394939216,0.06373462345798703,0.32681417015623415,0.3336077202742856,0.136228614578776,0.43996244962270986,0.8593769139831989,0.9293930198905219,-0.11314827946647571,0.06624522812504523,0.0,0.0,0.0,6.657413973323785
432,"0,240,195,192,240","30332,16145,12743,19175,16145",lucrarea earthquake Smartphoneanalyzing earthquake,0.19188418930819057,6.7279961411419915,False,0.2618227739220605,0.23029610573824041,0.0022726899656610676,0.06562943048486965,0.3390565900169373,0.34974019618856383,0.13987716922773985,0.4528638910785248,0.8556106640229783,0.9274280730990734,-0.11380730106158754,0.03126688566589344,0.0063642023967217885,0.0,0.0,6.690365053079376
433,"4,89,195,214,16","1817,14303,12743,13525,20538", misamba Smartphoneără trage,0.15292202188159543,6.731170698832206,False,0.23999092543949962,0.1942881959997969,0.0016414224920856036,0.05171543644199799,0.36725012168617166,0.3805831733426326,0.1741378071158084,0.480517214996313,0.8202448442675526,0.9087696038513786,-0.11326709331014134,0.0,0.06781603332513998,0.0,0.0,6.663354665507066
434,"0,44,12,229,195","30332,15843,12337,3147,12743",lucrarea shaft mobility 300 Smartphone,0.16015917182952463,6.744021992396014,False,0.23999569598264633,0.20770037164184774,0.0022672524634863188,0.05780912555577098,0.3376196336125023,0.3416788339777969,0.1596730483062434,0.45171634208224365,0.8351762082000068,0.9166934884102519,-0.11409670846974135,0.03537247539285051,0.0038140935160969735,0.0,0.0,6.704835423487067
435,"0,240,93,214,240","30332,16145,19486,13525,16145",lucrarea earthquake vitesseără earthquake,0.19587687353538324,6.747500284061882,False,0.26644392406594314,0.23746211835852696,0.0021690479877845836,0.062497056538321584,0.33297018757381175,0.3369416928369573,0.1411341010611198,0.4469470611164101,0.8543131860014247,0.9267501815154288,-0.11397687354259833,0.04865660693196637,0.0,0.0,0.0,6.698843677129916
436,"0,40,195,16,195","30332,18132,12743,20538,12743",lucrarea Vorstand Smartphone trage Smartphone,0.17636885755742804,6.750967984443916,False,0.25280519595047646,0.21951495837822377,0.0020620267709381855,0.06031178670858236,0.334427522555653,0.339196813406119,0.15287267678609684,0.44855702639056866,0.8421959465433839,0.9203951994735213,-0.11412950383491566,0.04449279269813422,0.0,0.0,0.0,6.706475191745782
437,"139,240,67,229,195","31,16145,25300,3147,12743",' earthquake farther 300 Smartphone,0.1597861810368951,6.751712771883534,False,0.24171046385457848,0.18831220814316943,0.0019411098270838646,0.05904609636761191,0.3755193759229048,0.3856219823125571,0.16384856563536676,0.48882794491969994,0.8308659967634924,0.9144131639279004,-0.11330856899679514,0.0,0.08628432204377762,0.0,0.0,6.665428449839757
438,"0,44,195,16,44","30332,15843,12743,20538,15843",lucrarea shaft Smartphone trage shaft,0.17879917830161646,6.754284688623797,False,0.2533420220541493,0.21849222887455386,0.0021670144865085727,0.06105749315507628,0.3402568193968497,0.3458720935474813,0.14908568750506568,0.45458211063064097,0.8461050967689645,0.9224501680280265,-0.11432529123379126,0.02783765886614363,0.010182468068091014,0.0,0.0,6.716264561689562
439,"0,240,233,214,16","30332,16145,8216,13525,20538",lucrarea earthquake termenără trage,0.1910445123273582,6.762914678596417,False,0.26181128015852023,0.2329650715829809,0.0020618312174984165,0.062027567665992815,0.3381176418053724,0.3396646996643726,0.14153353566232407,0.4525821799281047,0.8539008664130848,0.9265346536086364,-0.11446453812273227,0.03394959484179307,0.00573817761801037,0.0,0.0,6.723226906136613
440,"0,240,195,9,38","30332,16145,12743,3349,25012",lucrarea earthquake Smartphone Sport caption,0.19378624797555205,6.764916372714756,False,0.26219008751526574,0.22700199227084858,0.0021684102812930483,0.06532653564942348,0.3319289048921427,0.3391910765824657,0.13680767907942737,0.4461945983402746,0.8587791699825266,0.9290814393370328,-0.11426569344813187,0.0516317003081636,0.0,0.0,0.0,6.713284672406592
441,"0,191,195,214,195","30332,20041,12743,13525,12743",lucrareaieni Smartphoneără Smartphone,0.17060981017166854,6.765846306026223,False,0.2472204344143727,0.221391427941435,0.0021810175565742107,0.06177429503618818,0.34459619025227567,0.352990966514318,0.1532212484854083,0.45919563246800305,0.8418361305957076,0.9202058201916524,-0.11459944221572738,0.015439456422069455,0.02043473881778452,0.0,0.0,6.729972110786369
442,"0,240,195,214,172","30332,16145,12743,13525,13910",lucrarea earthquake Smartphoneărălebt,0.20619189181139264,6.76643374359533,False,0.2727277079308341,0.24014450494567816,0.0022909339617973312,0.06541772814301851,0.3326990017466753,0.3392570579455711,0.13307163223888296,0.4470390481469634,0.8626357344630885,0.9310898816769072,-0.11434004640028805,0.04943142358092758,0.0,0.0,0.0,6.7170023200144024
443,"251,240,195,16,62","694,16145,12743,20538,23226", fun earthquake Smartphone trage imobil,0.16784005286845224,6.782042189217223,False,0.24883577624881478,0.21371657943919695,0.001953102856976463,0.05648671963146958,0.3565167784926035,0.373921529940201,0.16199144676072508,0.47121474473324804,0.8327830226986064,0.915428071035226,-0.11469796624064454,0.0,0.04714387718499561,0.0,0.0,6.734898312032227
444,"0,205,58,229,240","30332,24903,28310,3147,16145",lucrarea dispus Illustration 300 earthquake,0.1869924534489451,6.782319869514652,False,0.2596674733001912,0.23139131833374466,0.001963925866135463,0.06252625312542644,0.3338802713138649,0.3446417466727147,0.14535003970249216,0.4486055413506645,0.8499612493393629,0.9244728012751418,-0.11472527003679961,0.046056367674671694,0.0,0.0,0.0,6.7362635018399795
445,"0,33,195,214,103","30332,25803,12743,13525,31149",lucrarea Sauce Smartphoneără dicke,0.19041630761458683,6.782535175338361,False,0.26249323951490783,0.22842578097472577,0.002199777472004971,0.06171900337353597,0.33634463680114396,0.3488224979773327,0.144153863800642,0.45116333027177086,0.8511960115606276,0.9251195253584036,-0.1148186934706269,0.039015323425302915,0.002585178381712991,0.0,0.0,6.740934673531345
446,"0,222,195,214,16","30332,10038,12743,13525,20538",lucrareaWC Smartphoneără trage,0.18162765100898048,6.782748793998292,False,0.25600527332290535,0.22158217222998644,0.0023006499656426094,0.06123731768171738,0.33764855575743213,0.34524283506035935,0.14875524462784973,0.4524871929161524,0.8464461990938326,0.92262926214821,-0.11483863715872028,0.03528984069305099,0.005527095369227563,0.0,0.0,6.741931857936013
447,"110,240,195,124,240","24243,16145,12743,28387,16145", événements earthquake Smartphone ressenti earthquake,0.15919575833593883,6.8001000456168015,False,0.24058686336003446,0.21099955691082178,0.0018967776337191656,0.05740752564972806,0.3585016063820462,0.3705298675687044,0.16278221004819127,0.47346090060100426,0.8319667509179961,0.9149960600744731,-0.11495929421895806,0.0,0.05213533466889834,0.0,0.0,6.747964710947903
448,"0,240,1,214,16","30332,16145,22665,13525,20538",lucrarea earthquakepicturedără trage,0.19866506694142783,6.802271114250123,False,0.2687515395513675,0.23615849081878948,0.002126142879257209,0.06229082375463576,0.32366412613905765,0.33490216991102645,0.14017294521987933,0.438204641346292,0.855305346869802,0.9272685990478275,-0.11454051520723435,0.07524535388840665,0.0,0.0,0.0,6.727025760361717
449,"251,33,195,16,240","694,25803,12743,20538,16145", fun Sauce Smartphone trage earthquake,0.17643546202728094,6.802943367603719,False,0.25434466060164657,0.2068587190830244,0.0020954253808723733,0.058558355360608216,0.35606693341791906,0.38051911379862563,0.15581839714873125,0.47118427733297247,0.8391552029432452,0.91879355834228,-0.1151173439150534,0.0,0.047076171851049904,0.0,0.0,6.7558671957526695
450,"0,33,154,16,195","30332,25803,12307,20538,12743",lucrarea Sauceoara trage Smartphone,0.1940776291879967,6.807077030453942,False,0.2650811455817938,0.22226536383443407,0.0021423087154090136,0.06400781128628753,0.32985416664586054,0.3465509549220942,0.1420070327875942,0.44484451677756,0.8534120951869996,0.9262790979032215,-0.11499035013169945,0.057559523868969835,0.0,0.0,0.0,6.749517506584972
451,"0,255,195,214,248","30332,27850,12743,13525,6148",lucrarea purity Smartphoneără mici,0.1878566563535326,6.816250081064739,False,0.26216483539679153,0.23301383226638042,0.0021096210115843115,0.05950490950268775,0.33779883284249373,0.358504207282558,0.14861635808651785,0.4532808110858914,0.8465895658461752,0.9227045257900722,-0.11548197824339768,0.03486047759287498,0.007290691301980888,0.0,0.0,6.774098912169883
452,"0,104,173,214,195","30332,15091,19845,13525,12743",lucrareaspielerAiciără Smartphone,0.18027796311004313,6.8214871859670545,False,0.2544276748865268,0.22515537036212355,0.002140441195497522,0.06191364624963621,0.35007331203419245,0.3577177842064569,0.14829942355296732,0.46580079806189384,0.8469167240743564,0.9228762519682867,-0.11572748602770139,0.0,0.03511288458198628,0.0,0.0,6.786374301385068
453,"236,240,156,214,240","24742,16145,6872,13525,16145",estival earthquakeeştiără earthquake,0.15093682797155536,6.823155530959318,False,0.23328545636350254,0.19525262882075364,0.001940061860990383,0.053630975350636184,0.3542437922790784,0.3658623404163923,0.16469725678389435,0.4698257580940833,0.8299899284811413,0.9139489828300624,-0.1155819658150049,0.0,0.04405724020907393,0.0,0.0,6.779098290750245
454,"37,240,195,214,16","30396,16145,12743,13525,20538",electrique earthquake Smartphoneără trage,0.17828218754747133,6.826528452199564,False,0.2585561892509422,0.207319556111449,0.0016749060643517,0.05458837863700201,0.3518739102287268,0.3685012570428188,0.16054800340694175,0.46762130994196416,0.8342730287412214,0.9162161298476786,-0.11574739971323733,0.0,0.039158466537698104,0.0,0.0,6.787369985661866
455,"0,240,195,214,153","30332,16145,12743,13525,23158",lucrarea earthquake Smartphoneără pierdere,0.19832392268028992,6.832414397554278,False,0.26615196000788305,0.23642865537347738,0.002231448108441797,0.06416703545852241,0.32776826061738573,0.3337551386672403,0.13565607465518625,0.44314616346089336,0.859967922936582,0.9297009870624069,-0.11537790284350763,0.06351925537889785,0.0,0.0,0.0,6.7688951421753805
456,"0,47,195,214,195","30332,27265,12743,13525,12743",lucrarea klicken Smartphoneără Smartphone,0.17823358612992968,6.83729610618457,False,0.2533630674536887,0.22348929292618394,0.0020516542339801434,0.06086108354505681,0.34249235059889527,0.3537030578447264,0.15025896264751804,0.4584344018796198,0.8448939740412718,0.9218139928165996,-0.11594205128072455,0.021450426860299174,0.018743115288044003,0.0,0.0,6.797102564036226
457,"0,240,58,16,240","30332,16145,28310,20538,16145",lucrarea earthquake Illustration trage earthquake,0.18710014949157244,6.84275706645323,False,0.25962805543364603,0.22964474250243316,0.0022696790764225984,0.06300399341023225,0.32991359966125927,0.3397906698703823,0.14505581188414718,0.445620946685253,0.8502649683776545,0.9246319203422803,-0.11570734702399371,0.05738971525354488,0.0,0.0,0.0,6.785367351199685
458,"110,44,195,214,187","24243,15843,12743,13525,20719", événements shaft Smartphoneără apărut,0.15146490363223417,6.84323534454806,False,0.23714625117627977,0.18331171345461925,-0.0006489825129593948,0.05229765863357547,0.3579452826484342,0.3647833063190254,0.1713626950880912,0.4737542453036765,0.8231094760380994,0.9102951746065168,-0.11580896265524226,0.0,0.05278721178594773,0.0,0.0,6.790448132762113
459,"35,240,195,9,214","14797,16145,12743,3349,13525",graphic earthquake Smartphone Sportără,0.17797018278828985,6.8522392907451914,False,0.2553946913762039,0.2059752324648745,-0.004142145442089522,0.0573156754903765,0.36163828432794426,0.3804059661721768,0.1548490171758281,0.4774625139665567,0.8401558532378549,0.9193209357042685,-0.11582422963861244,0.0,0.06102780881457042,0.0,0.0,6.791211481930621
460,"0,252,195,214,195","30332,21212,12743,13525,12743",lucrarea Colin Smartphoneără Smartphone,0.18461360159132567,6.857918025182472,False,0.2598157941110733,0.22768952199291556,0.0022288538551933855,0.06022822638175462,0.3351738028140632,0.34149099139820294,0.15040438503949527,0.451421762601011,0.844743860604392,0.921735111059845,-0.1162479597869478,0.04236056338839072,0.003159472446691137,0.0,0.0,6.81239798934739
461,"0,240,94,16,195","30332,16145,18852,20538,12743",lucrarea earthquakekap trage Smartphone,0.19269194445336713,6.860825202064641,False,0.2628839181547591,0.22795135638859026,0.001981569636145042,0.06335543319605781,0.32969550117497054,0.34224797298103593,0.14038394740278393,0.4457517481405474,0.8550875381648682,0.927154815873388,-0.11605624696557687,0.058012853785798395,0.0,0.0,0.0,6.8028123482788425
462,"0,240,128,214,44","30332,16145,96,13525,15843","lucrarea earthquake ""ără shaft",0.19517046683359607,6.861638214277315,False,0.2653462841949134,0.23511859535907234,0.002175353200419161,0.06244598738129661,0.32352116877146564,0.33370723264111746,0.14035163472263468,0.43924085698681,0.8551208931895384,0.9271722414294796,-0.11571968821534434,0.07565380351009811,0.0,0.0,0.0,6.785984410767217
463,"0,38,173,214,240","30332,25012,19845,13525,16145",lucrarea captionAiciără earthquake,0.19098690313877326,6.862518550661968,False,0.2618561990537353,0.23583970332138765,0.0021112095881456404,0.06305481677138619,0.3270069689095713,0.3337295367351563,0.1417385918299241,0.44294345243192906,0.8536891955304009,0.9264239894184929,-0.11593648352235775,0.06569437454408189,0.0,0.0,0.0,6.7968241761178865
464,"0,240,195,115,16","30332,16145,12743,29508,20538",lucrarea earthquake Smartphone pantofi trage,0.19403676835335448,6.8630525065911065,False,0.26425218912297777,0.2292561184904859,0.0020757427522370476,0.062123797375540336,0.32642027408519286,0.33710038131870507,0.14043084153924656,0.44233391130759747,0.8550391313143261,0.9271295262587388,-0.11591363722240461,0.06737064547087747,0.0,0.0,0.0,6.795681861120229
465,"0,104,195,214,214","30332,15091,12743,13525,13525",lucrareaspieler Smartphoneărăără,0.17151685640367095,6.8672879781314435,False,0.2475181429748822,0.2176797752610111,0.00216192758362877,0.06070468727761602,0.34771352142797307,0.3543751494045024,0.1520025731424225,0.4642933644308302,0.8430941180465317,0.9208677575295909,-0.11657984300285712,0.006532795920076876,0.03176303206851151,0.0,0.0,6.828992150142855
466,"0,205,173,16,195","30332,24903,19845,20538,12743",lucrarea dispusAici trage Smartphone,0.1763483336782427,6.867466970358566,False,0.2512690560378568,0.21650844318476792,0.0018849990039109532,0.06204085497993473,0.3428093086593445,0.3527917662326441,0.14984144471922822,0.4593329534857772,0.845324960289829,0.9220404303937934,-0.11652364482643268,0.020544832401872788,0.020739896635060383,0.0,0.0,6.826182241321633
467,"110,240,173,214,16","24243,16145,19845,13525,20538", événements earthquakeAiciără trage,0.15713966178297667,6.870437510157411,False,0.23973329088091921,0.19377505688045207,0.0018476822208345124,0.05177496020238265,0.3544372054897459,0.36710180025258005,0.1651872581958851,0.4709163405570263,0.8294841205719896,0.9136808752535619,-0.11647913506728041,0.0,0.04648075679339176,0.0,0.0,6.82395675336402
468,"0,33,173,214,195","30332,25803,19845,13525,12743",lucrarea SauceAiciără Smartphone,0.18947676940178498,6.8802529256118055,False,0.2615500020783628,0.23392721205094838,0.002138474907748411,0.06225223141213171,0.33728716869621744,0.35349791600664543,0.14414646535315567,0.45398851248387473,0.8512036486677103,0.9251235239938742,-0.11670134378765729,0.036322375153664384,0.008863361075277151,0.0,0.0,6.835067189382864
469,"0,240,195,239,240","30332,16145,12743,23267,16145",lucrarea earthquake Smartphonetolerant earthquake,0.184965421924837,6.884378281679708,False,0.25805358680576607,0.2275296810123662,0.0022751205435125876,0.062860373478572,0.3353926327370673,0.3429322085437257,0.14617632976185813,0.4521499388329045,0.8491083047619529,0.9240257952233487,-0.11675730609583718,0.041735335036950455,0.004777641850898857,0.0,0.0,6.837865304791858
470,"0,124,195,214,248","30332,28387,12743,13525,6148",lucrarea ressenti Smartphoneără mici,0.17722607894603115,6.884761785381999,False,0.25386481766677116,0.22374207335487042,0.002159975254146651,0.059621990819185434,0.3484573739930644,0.3570607623874554,0.15327747744148001,0.4653808656157965,0.8417780878023432,0.9201752673042891,-0.11692349162273208,0.004407502876958728,0.03417970136843664,0.0,0.0,6.846174581136603
471,"11,152,195,214,0","9161,19355,12743,13525,30332", bro persoană Smartphoneărălucrarea,0.19626283215322582,6.8878103454604975,False,0.26599459995084224,0.2300922234272932,0.0023696847997125847,0.066308808056855,0.35479144181125516,0.37187344397024996,0.13946353559523283,0.4715881743068283,0.8560376406758887,0.9276510466790663,-0.11679673249557315,0.0,0.047973720681840665,0.0,0.0,6.839836624778657
472,"0,152,195,214,195","30332,19355,12743,13525,12743",lucrarea persoană Smartphoneără Smartphone,0.17522354328538536,6.890503145242635,False,0.25109590430725526,0.2276780321465447,0.0021546957692361035,0.06256174341698657,0.3579446098567636,0.36217567438654447,0.1517447220437398,0.47465872923984537,0.8433602869225912,0.9210077513008564,-0.1167141193830818,0.0,0.05479717608854524,0.0,0.0,6.835705969154089
473,"0,44,195,188,240","30332,15843,12743,29904,16145",lucrarea shaft Smartphoneweilige earthquake,0.1757483656244499,6.891999069239179,False,0.25101906733059837,0.22644604927263398,0.0020891675589356008,0.062692457065828,0.33403689124387415,0.33974983063015424,0.15054140341229694,0.45092364413500585,0.8446024222840806,0.9216607817346375,-0.1168867528911317,0.04560888216035952,0.002052542522235202,0.0,0.0,6.844337644556584
474,"35,240,242,214,195","14797,16145,17002,13525,12743",graphic earthquakeafficheără Smartphone,0.17500049904924814,6.900966095257452,False,0.2560532149225076,0.2023949077913063,0.00018693630359896705,0.055642473076288536,0.35634412745492167,0.3800702486177861,0.16210543174651892,0.47332670683411027,0.832665360777787,0.9153658111670334,-0.1169825793791886,0.0,0.05183712629802279,0.0,0.0,6.8491289689594295
475,"0,74,2,214,195","30332,9633,26170,13525,12743",lucrarea bitteathletără Smartphone,0.1828089805566918,6.908373770670624,False,0.25766443210236095,0.22415703149828725,0.002162548694493138,0.062267015354896905,0.33979765870872286,0.34510842747143716,0.14971090309133828,0.457068009438388,0.8454597129379734,0.9221112172122524,-0.11727035072966513,0.02914954654650605,0.015706687640862176,0.0,0.0,6.863517536483256
476,"12,240,195,214,16","12337,16145,12743,13525,20538", mobility earthquake Smartphoneără trage,0.17942771459254697,6.910162118433783,False,0.256685092379565,0.21558415176309528,0.001734541768897724,0.05653413121902667,0.35255307013803105,0.3676897088726325,0.15451475557403604,0.4698730651659958,0.8405008974719628,0.9195027158339251,-0.11731999502796475,0.0,0.04416236703554621,0.0,0.0,6.865999751398237
477,"0,33,12,214,240","30332,25803,12337,13525,16145",lucrarea Sauce mobilityără earthquake,0.20012081601310816,6.914328356815366,False,0.26892908561076156,0.24466124807969786,0.0021891724553498417,0.06357655026405624,0.33569610454870236,0.34105885271114883,0.1376165391953068,0.4530306123484945,0.8579442176048446,0.9286460363371467,-0.11733450779979215,0.040868272717993204,0.006734694107765554,0.0,0.0,6.8667253899896075
478,"236,240,1,214,44","24742,16145,22665,13525,15843",estival earthquakepicturedără shaft,0.16980560377510484,6.9274394657939045,False,0.2514437942433829,0.188239662500363,0.0016429913399197307,0.05555539429984405,0.3525929686606122,0.3796196095718369,0.16327638093655616,0.47024210870089495,0.8314566390332323,0.9147259803151127,-0.11764914004028276,0.0,0.04498246377976652,0.0,0.0,6.882457002014138
479,"11,33,195,214,44","9161,25803,12743,13525,15843", bro Sauce Smartphoneără shaft,0.15431043851068904,6.938459076647248,False,0.23943058180425103,0.19062692275728393,0.0020104138792133353,0.05532164370280803,0.34748026135563076,0.375292225040258,0.17024028658712398,0.46542011919240944,0.8242680912649043,0.91091147397147,-0.11793985783677868,0.007199253269626339,0.03426693153868762,0.0,0.0,6.896992891838933
480,"0,240,173,214,38","30332,16145,19845,13525,25012",lucrarea earthquakeAiciără caption,0.19434652864595275,6.94127743141307,False,0.2642636754783035,0.23777002039061362,0.0020901682177943857,0.06220383513140606,0.32637641367324316,0.32971928912098153,0.13983429366470146,0.44385204308283277,0.8556549226686953,0.9274511881146622,-0.11747562940958961,0.0674959609335909,0.0,0.0,0.0,6.8737814704794795
481,"0,77,195,214,195","30332,6177,12743,13525,12743",lucrarea tie Smartphoneără Smartphone,0.17905148975683544,6.951890031506427,False,0.25417731894918405,0.2289255112963347,0.002434530516040356,0.06130057323929406,0.3387693721805555,0.34541093892924785,0.15025165838469723,0.45686051104746345,0.8449015139254739,0.9218179547043455,-0.11809113886690797,0.032087508055555734,0.015245580105474301,0.0,0.0,6.904556943345398
482,"0,44,195,229,130","30332,15843,12743,3147,15799",lucrarea shaft Smartphone 300 putere,0.16502567219677453,6.952130603986766,False,0.24285072523985737,0.2110878906663116,0.0021018657753956228,0.057979257650456285,0.33286082762553204,0.34539892101772257,0.1556501060861657,0.4508847367915465,0.8393289227497645,0.9188851364092436,-0.11802390916601446,0.04896906392705125,0.0019660817589922048,0.0,0.0,6.901195458300722
483,"82,240,195,16,16","16771,16145,12743,20538,20538", posture earthquake Smartphone trage trage,0.17131093122416785,6.964361515436899,False,0.25104950664247916,0.20563742596381868,0.0018463552347964486,0.06063474869469652,0.3656844853395115,0.37620408476715256,0.15947715083662262,0.483483557535558,0.8353784249428412,0.9168003322225496,-0.11779907219604652,0.0,0.0744079056345733,0.0,0.0,6.889953609802325
484,"131,240,195,214,240","30173,16145,12743,13525,16145", machiaj earthquake Smartphoneără earthquake,0.17211937523873927,6.982454060648966,False,0.2501310763738558,0.21426246645674984,0.0019529929686088689,0.060309986439371244,0.34728974305014393,0.37837848223187126,0.15602340227023304,0.46606974169539944,0.8389435847533079,0.918681989444534,-0.11877999864525551,0.007743591285302998,0.035710537100887625,0.0,0.0,6.938999932262775
485,"48,240,195,214,16","27062,16145,12743,13525,20538", pantalon earthquake Smartphoneără trage,0.17859198940194237,6.992098138204801,False,0.2550585132458753,0.21762477763611712,0.0018085605312078924,0.06144992122967705,0.35561480122272654,0.36391338582850685,0.15293304768786586,0.4743734974341918,0.8421336281931707,0.9203624027045727,-0.11875869621146529,0.0,0.05416332763153737,0.0,0.0,6.937934810573264
486,"201,240,195,214,237","17624,16145,12743,13525,8916", angenehm earthquake Smartphoneără restoration,0.17373222598127047,6.992684661897923,False,0.255181311298429,0.2199160664640616,0.0018242989618411144,0.057981808489611264,0.34291454993713416,0.3666736515420997,0.1628981706343171,0.4618372598754486,0.8318470496678017,0.9149326911667781,-0.11892270993831444,0.020244143036759477,0.026305021945441313,0.0,0.0,6.946135496915722
487,"0,240,195,214,96","30332,16145,12743,13525,11564",lucrarea earthquake Smartphoneărătata,0.20151330659629524,6.998774077839839,False,0.269273851659587,0.2435085595738303,0.0022949370561785145,0.06586930975445836,0.32487999581409943,0.3335687960597891,0.13552109012658353,0.44342004856027334,0.860107261804817,0.9297735798964264,-0.11854005274617391,0.07177144053114443,0.0,0.0,0.0,6.927002637308695
488,"0,240,1,229,240","30332,16145,22665,3147,16145",lucrarea earthquakepictured 300 earthquake,0.17604263887190935,6.9995344999560265,False,0.2522065152428375,0.2185125929064079,0.0021602862457812955,0.060327882100510745,0.3327035204678902,0.3354742375903587,0.15232775274185628,0.45163325126301035,0.8427584487826,0.9206911790921773,-0.11892973079512015,0.04941851294888508,0.003629447251134084,0.0,0.0,6.946486539756007
489,"34,44,195,214,16","19867,15843,12743,13525,20538",rasi shaft Smartphoneără trage,0.15544178704720438,7.001403587047995,False,0.2396688354398522,0.1918935508085364,0.0018743596005885378,0.053831196662537974,0.35697178891828674,0.37845764977799073,0.16845409678529566,0.47585093041842763,0.826111900092598,0.9118913878388721,-0.1188791415001409,0.0,0.05744651204095026,0.0,0.0,6.943957075007044
490,"110,240,195,229,248","24243,16145,12743,3147,6148", événements earthquake Smartphone 300 mici,0.1711545439201368,7.001977751386823,False,0.25015228149176266,0.20906390251752618,0.0016817981576858932,0.05361382282637386,0.35766941999710616,0.3763439111011646,0.15799547514325174,0.47652986970463657,0.8369078966263208,0.9176080453313105,-0.1188604497075304,0.0,0.05895526601030345,0.0,0.0,6.9430224853765194
491,"163,240,195,214,44","13147,16145,12743,13525,15843",nehm earthquake Smartphoneără shaft,0.16171525690682972,7.008801488383646,False,0.24436623922593967,0.20058042278528831,0.001676313766531984,0.05486100823695799,0.34861374649217514,0.3721361659305254,0.1653019646382199,0.4679143676556574,0.8293657139218376,0.9136181014853965,-0.11930062116348228,0.003960724308070976,0.0398097059014609,0.0,0.0,6.965031058174113
492,"0,74,195,214,195","30332,9633,12743,13525,12743",lucrarea bitte Smartphoneără Smartphone,0.172509519899141,7.011039957636105,False,0.24987768225877613,0.2204930205445588,0.0021015324628456513,0.06130729114343847,0.34116387990404534,0.34924378564202524,0.15473632471927024,0.460416789486792,0.8402721809349468,0.919382224801377,-0.11925290958274665,0.025246057417013246,0.02314842108175995,0.0,0.0,6.962645479137332
493,"0,240,225,214,240","30332,16145,28654,13525,16145",lucrarea earthquake festgelegtără earthquake,0.1846421394873105,7.01933995389821,False,0.2581747087963621,0.2329710496935612,0.0021504906769550746,0.06211259562235536,0.33286333779037663,0.333995806604477,0.14706513861810322,0.45217426502660835,0.8481908246522806,0.9235447262487598,-0.11931092723623171,0.04896189202749527,0.004831700059129634,0.0,0.0,6.965546361811585
494,"0,157,195,214,44","30332,27499,12743,13525,15843",lucrareaizant Smartphoneără shaft,0.1759252007102105,7.021703535945117,False,0.2513451302330568,0.22224897419528883,0.002081028965423748,0.05914717853216902,0.34129059385889715,0.34834381415990884,0.15083985904569264,0.4607492402172249,0.8442943390496076,0.9214988556446,-0.11945864635832776,0.024884017546008077,0.023887200482721995,0.0,0.0,6.972932317916388
495,"0,44,1,214,16","30332,15843,22665,13525,20538",lucrarea shaftpicturedără trage,0.17395876878729993,7.02752576610682,False,0.2509918644944565,0.22017705896432582,0.0019297142061855345,0.058277938826715864,0.33230170129288833,0.33683564053591636,0.1540661914143131,0.45176254971733976,0.8409639314432897,0.9197466002033858,-0.11946084842445143,0.05056656773460471,0.003916777149643879,0.0,0.0,6.973042421222571
496,"110,33,195,214,240","24243,25803,12743,13525,16145", événements Sauce Smartphoneără earthquake,0.1755314323887613,7.047302292504071,False,0.2547176394535368,0.20519694693674545,0.0018548589377148095,0.05798079292652744,0.36111178844309294,0.3835128075842424,0.15837241412955105,0.4806936711317627,0.8365187983178828,0.9174026301850507,-0.11958188268866976,0.0,0.06820815807058375,0.0,0.0,6.979094134433487
497,"0,240,217,214,16","30332,16145,15296,13525,20538",lucrarea earthquakeITYără trage,0.19232400357572121,7.051562250772415,False,0.26423393827281394,0.23413162302921006,0.0021569512198396034,0.061072470832803115,0.3316037114704861,0.3368400759844345,0.14381986939418545,0.45151634680710667,0.8515407799801956,0.9253000219419724,-0.11991263533662055,0.0525608243700396,0.0033696595713481356,0.0,0.0,6.9956317668310275
498,"0,240,195,214,180","30332,16145,12743,13525,31797",lucrarea earthquake Smartphoneărăscrisă,0.20028740419958108,7.06665584426878,False,0.2686433402899908,0.23981073466271285,0.002258660836220716,0.06432023591489208,0.3292273882874602,0.33582368908160126,0.13671187218081948,0.4493734987892621,0.8588780674262508,0.9291329979175105,-0.1201461105018019,0.05935031917868515,0.0,0.0,0.0,7.007305525090095
499,"49,240,195,214,240","26851,16145,12743,13525,16145", représentant earthquake Smartphoneără earthquake,0.1713935136773931,7.0672197138346435,False,0.24848433131194672,0.2177172520813104,0.0020478529624901876,0.0606470059157424,0.3478486244895051,0.3753541640733773,0.15418163526910722,0.4682585901281564,0.8408447635931796,0.9196838395507951,-0.1204099656386513,0.006146787172842514,0.04057464472923643,0.0,0.0,7.020498281932564
500,"251,240,58,214,16","694,16145,28310,13525,20538", fun earthquake Illustrationără trage,0.1793525414716865,7.084025531808625,False,0.25736182699617033,0.21491190135908958,0.0018305236775466695,0.059819271237513384,0.35380435611905187,0.37164162238949033,0.15601857104896766,0.47440040434010844,0.8389485718204205,0.9186846188714778,-0.12059604822105657,0.0,0.05422312075579651,0.0,0.0,7.029802411052828
501,"236,240,195,229,247","24742,16145,12743,3147,12327",estival earthquake Smartphone 300regarded,0.1557934039054438,7.085694576859272,False,0.23723202500650123,0.19282912665901594,0.0018985333613019684,0.055949629241119035,0.3565247739540934,0.3741144978247238,0.16287724220211486,0.4770370201512244,0.8318686532107201,0.9149441282383778,-0.12051224619713102,0.0,0.06008226700272086,0.0,0.0,7.025612309856551
502,"11,240,195,214,38","9161,16145,12743,13525,25012", bro earthquake Smartphoneără caption,0.18014829128294185,7.086198003189127,False,0.2573519295476862,0.2036968657304149,0.0018237052960357047,0.0605629348816543,0.352809301677376,0.3802449691967013,0.1544072765294887,0.4734892931564284,0.8406118435824632,0.9195611580914623,-0.1206799914790524,0.0,0.05219842923650754,0.0,0.0,7.033999573952619
503,"45,240,130,16,195","25231,16145,15799,20538,12743",ffentlichkeit earthquake putere trage Smartphone,0.16971455155218917,7.086383539410904,False,0.250359852461443,0.1997517014502109,0.0016006515503494913,0.05479640861287203,0.3449760707707333,0.35858813389335736,0.16129060181850763,0.46571807861684766,0.8335064755421857,0.9158107873253581,-0.12074200784611439,0.01435408351219057,0.03492906359299478,0.0,0.0,7.037100392305718
504,"0,74,195,214,248","30332,9633,12743,13525,6148",lucrarea bitte Smartphoneără mici,0.17014228981003127,7.086542779153451,False,0.24853015650782717,0.21900308203161967,0.0020650449250537604,0.0584728283832367,0.345119064809404,0.3532001010950001,0.1567757333955918,0.4658658604565297,0.8381669848819697,0.91827243593849,-0.1207467956471257,0.013945529115988455,0.035257467681177136,0.0,0.0,7.037339782356285
505,"236,205,195,214,16","24742,24903,12743,13525,20538",estival dispus Smartphoneără trage,0.17307803647089126,7.089372074236476,False,0.25103821347099037,0.1973415825565211,0.0019054702020960769,0.059282302086975734,0.3493930876574987,0.38192212450699237,0.1559203540001982,0.4702460250992002,0.8390499571610858,0.9187380725755311,-0.1208529374417015,0.0017340352642893275,0.044991166887111564,0.0,0.0,7.042646872085075
506,"0,110,195,9,214","30332,24243,12743,3349,13525",lucrarea événements Smartphone Sportără,0.18367442843592502,7.092167076635884,False,0.257835215956507,0.22134368378450434,0.002123241111408369,0.06005165839859775,0.3364224273448265,0.3481297674330304,0.14832157504116394,0.45717118811134744,0.8468938580220243,0.9228642505584643,-0.12074876076652091,0.03879306472906701,0.015935973580772058,0.0,0.0,7.037438038326045
507,"0,240,106,214,240","30332,16145,14385,13525,16145",lucrarea earthquake Freundeără earthquake,0.19063026320139614,7.0956473643864175,False,0.2621551819608759,0.2356783991595242,0.002173978962867884,0.06401060845824288,0.3323390858450681,0.33713307310619806,0.1430498375189595,0.4531048449302192,0.8523356515933321,0.9257160269116229,-0.12076575908515108,0.050459754728376785,0.006899655400487055,0.0,0.0,7.038287954257553
508,"0,73,195,16,195","30332,9472,12743,20538,12743",lucrarea problème Smartphone trage Smartphone,0.17934220846590376,7.104299539796233,False,0.25379897897816694,0.22188260712843796,0.0021121736465590677,0.06155286019474762,0.34650505431984635,0.35394465610906806,0.14891354102452636,0.4676087239794076,0.8462827963617793,0.922543472675122,-0.12110366965956126,0.009985559086153221,0.0391304977320169,0.0,0.0,7.055183482978062
509,"0,240,169,214,53","30332,16145,680,13525,1735",lucrarea earthquake sieără moving,0.18668448926151,7.1087282735714,False,0.25916058860630997,0.23118560828766951,0.002160714964945748,0.06304643716508875,0.3305990893205637,0.3331406964740989,0.14495219868959996,0.45159417892780407,0.8503719239333162,0.9246879480724295,-0.12099508960724037,0.05543117336981794,0.003542619839564572,0.0,0.0,7.049754480362018
510,"251,240,195,214,195","694,16145,12743,13525,12743", fun earthquake Smartphoneără Smartphone,0.18435963309672182,7.111039813756668,False,0.2621105688242023,0.2134360044522389,0.0019901900416587626,0.06020775284944402,0.3507630453355634,0.37367270862259555,0.15550187145496097,0.47200580579747564,0.8394819391432661,0.9189657929134463,-0.12124276046191224,0.0,0.04890179066105695,0.0,0.0,7.062138023095611
511,"0,185,195,214,240","30332,15058,12743,13525,16145",lucrareatient Smartphoneără earthquake,0.19082166557027985,7.112953953641855,False,0.2630922752754303,0.23827672843630893,0.002217293024947331,0.06447213108732337,0.332046225256763,0.3425122621644161,0.14454121941030085,0.45313982649983514,0.8507961606087217,0.92491014730605,-0.12109360124307217,0.051296499266391446,0.006977392221855844,0.0,0.0,7.054680062153608
512,"35,240,195,214,67","14797,16145,12743,13525,25300",graphic earthquake Smartphoneără farther,0.1896146977995935,7.115828784523414,False,0.2643031350173968,0.21349949054443587,0.001998127337029165,0.06142895035263527,0.3488614646566771,0.3705995974122933,0.14937687443560654,0.47021455645340726,0.8458045167116319,0.922292321102368,-0.12135309179673015,0.003252958123779618,0.04492123656312722,0.0,0.0,7.067654589836507
513,"0,33,195,229,187","30332,25803,12743,3147,20719",lucrarea Sauce Smartphone 300 apărut,0.17613183096236112,7.119298956831831,False,0.25400305600287526,0.2218412473881179,0.0021718030759645458,0.06078156440782236,0.33993460693408256,0.34228748981515267,0.15574245008102827,0.4612456156142554,0.8392335999163579,0.9188348871908226,-0.12131100868017286,0.02875826590262119,0.02499025692056758,0.0,0.0,7.065550434008642
514,"195,240,217,214,195","12743,16145,15296,13525,12743", Smartphone earthquakeITYără Smartphone,0.16341199703602785,7.120079448372232,False,0.24442634514564512,0.19661531504905916,0.0020742775178535177,0.057325383035733535,0.3577896741596937,0.3770331852180165,0.16202869621923455,0.47890652852598353,0.8327445716446611,0.915407725432097,-0.12111685436628983,0.0,0.06423673005774115,0.0,0.0,7.055842718314491
515,"0,162,195,4,240","30332,5290,12743,1817,16145",lucrareaizat Smartphone mis earthquake,0.19902223507806582,7.123442970223106,False,0.2681017594528272,0.24370403251795367,0.0019895816384252253,0.06392643832097455,0.3281273286615583,0.33953762354862116,0.13815904874952278,0.4493463211323952,0.8573842077424281,0.9283538933243493,-0.1212189924708369,0.06249334668126193,0.0,0.0,0.0,7.060949623541844
516,"0,191,195,214,67","30332,20041,12743,13525,25300",lucrareaieni Smartphoneără farther,0.17816656098349742,7.1307453050403575,False,0.2531637704026783,0.22773532552183118,0.002172868939896272,0.06230530084991739,0.3509020590949759,0.3536084483618433,0.14999441883836173,0.47251624327255826,0.8451670515216911,0.9219574725341936,-0.12161418417758235,0.0,0.050036096161240544,0.0,0.0,7.080709208879117
517,"110,240,195,16,197","24243,16145,12743,20538,2266", événements earthquake Smartphone trage24,0.1619672059817885,7.130863326060961,False,0.24414590495187594,0.2074834862817831,0.0018796218116824415,0.054355175069721935,0.3593859952478101,0.3813600868007255,0.1643573979401749,0.4806414208426877,0.8303407505133679,0.9141348927044767,-0.12125542559487756,0.0,0.06809204631708371,0.0,0.0,7.0627712797438775
518,"236,240,191,214,240","24742,16145,20041,13525,16145",estival earthquakeieniără earthquake,0.14954441578959662,7.136723345411133,False,0.23224446837913162,0.1894735822260769,0.0017988618550819346,0.0569836401949839,0.3504031646437433,0.36423948579098847,0.16540010517907,0.4721530514859249,0.8292644075570891,0.9135643900792817,-0.12174988684218158,0.0,0.04922900330205531,0.0,0.0,7.087494342109078
519,"0,33,195,162,195","30332,25803,12743,5290,12743",lucrarea Sauce Smartphoneizat Smartphone,0.18127036816472736,7.144887404944029,False,0.25548658413605757,0.2251237444960748,0.0020310173115946407,0.061232420127069954,0.3355876189389511,0.34044804321945793,0.14843243194266043,0.4573357682608453,0.8467794250914473,0.922804187277745,-0.1217481493218942,0.04117823160299675,0.016301707246322912,0.0,0.0,7.087407466094709
520,"0,240,195,214,105","30332,16145,12743,13525,10924",lucrarea earthquake Smartphoneărăissent,0.19532862480025442,7.149190377211015,False,0.265113479410305,0.23750232722385617,0.002239782834341375,0.062232947272843814,0.32350589344377156,0.33150485879028463,0.13956970922010115,0.4449757520419217,0.8559280420953794,0.9275938177779641,-0.12146985859815013,0.07569744730350976,0.0,0.0,0.0,7.0734929299075056
521,"0,240,12,16,214","30332,16145,12337,20538,13525",lucrarea earthquake mobility trageără,0.19346952964719916,7.151081789668228,False,0.26681172917869395,0.23698548446317752,0.002089074038500266,0.060473357913656184,0.3273730153201102,0.33442289277808984,0.14668439906298958,0.4491016805603382,0.8485838461285269,0.9237508327124855,-0.12172866524022802,0.06464852765682792,0.0,0.0,0.0,7.086433262011401
522,"0,162,195,229,38","30332,5290,12743,3147,25012",lucrareaizat Smartphone 300 caption,0.17574860892719418,7.152604226377952,False,0.2503423544473395,0.2149566206805687,0.0017450452413459107,0.058247801234076496,0.32373224839233156,0.33992793231464064,0.1491874910402906,0.44528331854230957,0.8460000092487323,0.9223949853287958,-0.12155107014997801,0.07505071887905264,0.0,0.0,0.0,7.0775535074989
523,"110,240,195,214,181","24243,16145,12743,13525,27940", événements earthquake Smartphoneără societati,0.18297782191225614,7.1537797268122185,False,0.25969664769552386,0.2141779704817266,0.0017516280674756636,0.05732497266328538,0.36065594357222885,0.37499455118014763,0.15343765156653544,0.48229615350811267,0.841612746770028,0.9200882286136828,-0.12164020993588381,0.0,0.07176923001802812,0.0,0.0,7.08201049679419
524,"45,191,204,214,195","25231,20041,1250,13525,12743",ffentlichkeitieni allowsără Smartphone,0.14053750671405144,7.159502673741986,False,0.2282740046742476,0.1867517871650178,0.001826423033985869,0.05342729764826578,0.35909883028187467,0.3808143626122317,0.17547299592039234,0.4809148887032372,0.8188665848563692,0.9080346932136502,-0.1218160584213625,0.0,0.06869975267386036,0.0,0.0,7.090802921068125
525,"50,240,195,214,240","21100,16145,12743,13525,16145", Coupe earthquake Smartphoneără earthquake,0.1796207320886945,7.160238180193063,False,0.2558654761868131,0.22221243037558613,0.0018315775696932713,0.057644544538998456,0.3420986091029904,0.3677786254949693,0.1524894881962372,0.4642198704149304,0.8425914960554971,0.9206033411865084,-0.12212126131194001,0.022575402562884532,0.03159971203317865,0.0,0.0,7.106063065597
526,"0,240,12,214,248","30332,16145,12337,13525,6148",lucrarea earthquake mobilityără mici,0.18751837360335588,7.161148034991772,False,0.260364960651898,0.2373527010104811,0.0021507962336331787,0.0607217450997779,0.33527729783186105,0.33881483326782225,0.14569317409708427,0.4573330480196289,0.8496070460933324,0.9242871988202129,-0.12205575018776782,0.04206486333753978,0.016295662265841917,0.0,0.0,7.10278750938839
527,"0,40,195,214,61","30332,18132,12743,13525,18837",lucrarea Vorstand Smartphoneără manger,0.18111652786556004,7.170300845569058,False,0.25665396419872216,0.22171602027206683,0.0021693810559734183,0.059529388499755094,0.32401678553111896,0.3337900436934795,0.15107487266632424,0.44593804732999265,0.8440517443444395,0.9213713297762611,-0.12192126179887369,0.07423775562537435,0.0,0.0,0.0,7.096063089943684
528,"194,73,195,214,214","23078,9472,12743,13525,13525",politischen problème Smartphoneărăără,0.16906753588613002,7.1747347911277535,False,0.24940231552587636,0.1975950805948146,0.002075283827713337,0.05739881139315978,0.35761717524857384,0.387726002378802,0.16066955927949267,0.47978796166384685,0.8341475517114915,0.916149791639177,-0.12217078641527301,0.0,0.06619547036410409,0.0,0.0,7.10853932076365
529,"219,240,195,229,195","25895,16145,12743,3147,12743",flooded earthquake Smartphone 300 Smartphone,0.1698321399729789,7.176096680558672,False,0.25158002975340377,0.2042188518810706,0.0018195805840430957,0.057814849683063836,0.372708301873324,0.39250832051908474,0.1634957795608497,0.49426299142132735,0.8312301630339616,0.9146060465791543,-0.12155468954800336,0.0,0.09836220315850519,0.0,0.0,7.077734477400167
530,"0,178,195,214,38","30332,30831,12743,13525,25012",lucrareaTotusi Smartphoneără caption,0.18021814015602988,7.177494188718574,False,0.25386075390372187,0.2258636907097828,0.0023780250930298674,0.06145892224785134,0.3387518812058647,0.3484794931819175,0.14728522749538397,0.46116288702273545,0.8479636361337972,0.923425564138559,-0.12241100581687075,0.03213748226895796,0.024806415606078745,0.0,0.0,7.120550290843537
531,"139,240,195,214,248","31,16145,12743,13525,6148",' earthquake Smartphoneără mici,0.1709189804084772,7.180355407003727,False,0.2516502784165029,0.21724662136152703,0.002020074631264063,0.05917268691256657,0.36836972763893594,0.37996051841224565,0.1614625960160514,0.49019058744798877,0.8333289331447211,0.915716879818183,-0.12182085980905283,0.0,0.08931241655108613,0.0,0.0,7.091042990452641
532,"0,146,195,214,16","30332,20352,12743,13525,20538",lucrarea cuir Smartphoneără trage,0.1858396058734924,7.185070856804076,False,0.2583749761130811,0.22308461860574205,0.0020206452975009893,0.06400944355996879,0.34637295951210617,0.3496120884085689,0.14507074047917734,0.46902170794953507,0.8502495582150428,0.9246238475838824,-0.1226487484374289,0.010362972822553735,0.042270462110077914,0.0,0.0,7.132437421871445
533,"0,110,173,214,195","30332,24243,19845,13525,12743",lucrarea événementsAiciără Smartphone,0.18286670957731316,7.1867305046668,False,0.25696176856811465,0.22938682368577484,0.002169517772277485,0.06086058029442274,0.33223931359338305,0.3493240674911083,0.14819011798160298,0.45474800488145106,0.8470295556318937,0.922935470126919,-0.12250869128806802,0.05074481830461981,0.010551121958780113,0.0,0.0,7.1254345644034
534,"110,240,173,214,248","24243,16145,19845,13525,6148", événements earthquakeAiciără mici,0.15531680790331573,7.1887788115406295,False,0.2387383556538948,0.19705483918980518,-0.0001227216843514897,0.050945719190585846,0.35802561906812913,0.3726462583333248,0.16684309550115817,0.4804479529457953,0.8277748691600948,0.91277429000758,-0.12242233387766616,0.0,0.06766211765732283,0.0,0.0,7.121116693883307
535,"0,33,144,214,240","30332,25803,9175,13525,16145",lucrarea Sauce|ără earthquake,0.19315323179131316,7.200549205960422,False,0.2647642203623235,0.22724069168103758,0.0022131231617263493,0.061832588548970814,0.32409740515826496,0.335458574750779,0.14322197714202067,0.44662824100080284,0.8521579590792044,0.9256230457686214,-0.12253083584253788,0.07400741383352862,0.0,0.0,0.0,7.126541792126893
536,"0,240,12,214,240","30332,16145,12337,13525,16145",lucrarea earthquake mobilityără earthquake,0.18671847479231257,7.204972262176722,False,0.259724805959017,0.23096142051764806,0.002173083074278842,0.06198697899493233,0.32937697109478314,0.3309308714916381,0.14601266233340882,0.45220017211634084,0.8492772517848683,0.924114353133091,-0.12282320102155769,0.05892293972919096,0.00488927136964628,0.0,0.0,7.141160051077884
537,"11,240,195,229,44","9161,16145,12743,3147,15843", bro earthquake Smartphone 300 shaft,0.16603244312210377,7.205482206316606,False,0.24956240842896785,0.199846118113313,0.00190309915071471,0.05778937472026472,0.35605338567849126,0.3733854894830307,0.16705993061372815,0.4788794966216394,0.8275510393664741,0.9126555042217582,-0.12282611094314816,0.0,0.06417665915919869,0.0,0.0,7.141305547157407
538,"0,240,67,16,195","30332,16145,25300,20538,12743",lucrarea earthquake farther trage Smartphone,0.19250489736700582,7.210540236616741,False,0.26323000876712194,0.23346056163149892,0.0021743110643393125,0.06307337634445241,0.332147593143538,0.3435076307131983,0.14145022280023223,0.45511110032669794,0.8539868667868571,0.926579611905943,-0.12296350718315996,0.05100687673274858,0.01135800072599539,0.0,0.0,7.148175359157998
539,"236,152,195,214,16","24742,19355,12743,13525,20538",estival persoană Smartphoneără trage,0.17059356964801628,7.214933701288422,False,0.2471515771041242,0.19304281967373343,0.0019738922740901777,0.06123885426726255,0.35783092108494347,0.37995289031055934,0.15311601491221583,0.48076237829749013,0.8419447588002933,0.9202629977825818,-0.12293145721254667,0.0,0.06836084066108916,0.0,0.0,7.146572860627333
540,"0,63,195,214,214","30332,23832,12743,13525,13525",lucrarea Regal Smartphoneărăără,0.1618613095953463,7.229564624522987,False,0.24146144924936488,0.21065451218258754,0.002146599961691714,0.05795917429180523,0.3424143652456317,0.3450909692913346,0.15920027930803715,0.46586699319541086,0.8356642278110584,0.9169513186052807,-0.12345262794977918,0.021673242155337995,0.035259984878690774,0.0,0.0,7.172631397488958
541,"0,33,130,16,214","30332,25803,15799,20538,13525",lucrarea Sauce putere trageără,0.18880349534081808,7.230115830986436,False,0.26223454878840924,0.22722844132749226,0.0020452681175430086,0.06016410522752014,0.3265969786014066,0.3451493580463718,0.1468621068951823,0.44986197971264424,0.8484004057856183,0.9236546395189155,-0.12326500111123767,0.06686577542455259,0.0,0.0,0.0,7.163250055561883
542,"0,240,116,214,240","30332,16145,29248,13525,16145",lucrarea earthquake motoareără earthquake,0.18820606374309062,7.230699358209093,False,0.26083730650039266,0.23231191962514702,0.002158040987591925,0.06256231892655502,0.3287483030419164,0.3314508797251208,0.14526248551460408,0.45205650720266094,0.8500516278558926,0.9245201536393871,-0.12330820416074456,0.06071913416595314,0.004570016005913175,0.0,0.0,7.165410208037227
543,"0,33,18,214,248","30332,25803,12487,13525,6148",lucrarea Sauce adjacentără mici,0.17722383170205014,7.236877958801398,False,0.25323675100004234,0.21459956350557152,0.002047914248428845,0.058957212622150555,0.34112086019147414,0.34729537413737815,0.1520258385959844,0.4646978042073243,0.8430701020944678,0.9208551250897263,-0.12357694401585018,0.025368970881502396,0.03266178712738734,0.0,0.0,7.178847200792508
544,"0,33,58,16,240","30332,25803,28310,20538,16145",lucrarea Sauce Illustration trage earthquake,0.18845945920113172,7.2395946873135415,False,0.2624524999748478,0.22743469151705337,0.0021421367245339773,0.06230811590607841,0.32395389521737916,0.34008297750734595,0.1479860815474322,0.4472574401189288,0.8472401738865216,0.9230460001823136,-0.12330354490154966,0.07441744223605948,0.0,0.0,0.0,7.165177245077482
545,"0,240,130,214,240","30332,16145,15799,13525,16145",lucrarea earthquake putereără earthquake,0.18712816082941153,7.243449071363565,False,0.2595137166115274,0.23342445960248984,0.0021703489510102093,0.06373219661838138,0.3327282306654852,0.33718372116068435,0.14477111156423172,0.4563289664474074,0.8505588525788575,0.9247858608541591,-0.12360073578192221,0.049347912384327994,0.014064369883127512,0.0,0.0,7.18003678909611
546,"209,240,195,214,38","31192,16145,12743,13525,25012",Developed earthquake Smartphoneără caption,0.17730659829322337,7.25096216862049,False,0.2545886922860925,0.20987795925126027,0.0017026907763699473,0.05836155869681816,0.34513760449052033,0.3650479854730282,0.15456418798573823,0.4690330819381531,0.8404498704663347,0.9194758354705478,-0.12389547744763274,0.013892558598513271,0.042295737640340135,0.0,0.0,7.194773872381637
547,"236,240,195,229,94","24742,16145,12743,3147,18852",estival earthquake Smartphone 300kap,0.16502737271578122,7.253444216941022,False,0.24591515545807585,0.20168622525799082,0.001912300802831779,0.05721472037785561,0.3528822380793248,0.37974157860328267,0.16177556548458927,0.4767617129535433,0.8330058678868756,0.9155459761887498,-0.12387947487421852,0.0,0.0594704732300962,0.0,0.0,7.1939737437109255
548,"0,240,1,214,248","30332,16145,22665,13525,6148",lucrarea earthquakepicturedără mici,0.19262780271321522,7.253841867181572,False,0.26490943373937914,0.23498331319105092,0.0021637827076976756,0.06342530187956814,0.32461210134950136,0.33920465552273277,0.14456326205232783,0.44823820162739003,0.8507734069137262,0.9248982311301456,-0.12362610027788867,0.07253685328713892,0.0,0.0,0.0,7.181305013894433
549,"11,240,195,16,248","9161,16145,12743,20538,6148", bro earthquake Smartphone trage mici,0.17151902646481998,7.254871984972704,False,0.25240697267434953,0.20180616823018882,0.002122980968890631,0.05574833736037993,0.36537602695585014,0.38394419744598013,0.1617758924190591,0.4887511914784828,0.8330055304061326,0.9155457976425543,-0.12337516452263264,0.0,0.08611375884107282,0.0,0.0,7.168758226131631
550,"0,252,195,214,187","30332,21212,12743,13525,20719",lucrarea Colin Smartphoneără apărut,0.17744936705372438,7.256083263175446,False,0.2533102675983343,0.22219776908764363,0.002127261816379489,0.0604817952331787,0.3303332973512825,0.3377184245395948,0.15172180108921984,0.45414684673550876,0.8433839472627408,0.9210201946270126,-0.12381354938422628,0.056190578996335734,0.009215214967797215,0.0,0.0,7.190677469211313
551,"236,240,1,214,240","24742,16145,22665,13525,16145",estival earthquakepicturedără earthquake,0.16438201082608986,7.270569897106698,False,0.24404320033049007,0.19302693699520593,0.0017828219490219344,0.05801096381087519,0.3569884094441842,0.380976010627529,0.15932237900880042,0.48102109217838973,0.8355381894102706,0.9168847370259795,-0.12403268273420553,0.0,0.0689357603964216,0.0,0.0,7.201634136710276
552,"0,240,57,214,98","30332,16145,23976,13525,9850",lucrarea earthquake déplacementără depict,0.19237656940037712,7.2725465806143745,False,0.26270791710452385,0.24012595070865062,0.0019509165084194424,0.06268912727376282,0.3203140207457446,0.3290008728549693,0.14066269540829346,0.4440686106863604,0.8547997982882132,0.9270044792727307,-0.12375458994061578,0.08481708358358678,0.0,0.0,0.0,7.187729497030788
553,"47,240,195,214,240","27265,16145,12743,13525,16145", klicken earthquake Smartphoneără earthquake,0.1673860918227623,7.276138493881238,False,0.24884661975012104,0.20593853066733106,0.001773733366506225,0.05657825862516727,0.3573915605059602,0.3742733759358339,0.1629210558547175,0.48151372058002817,0.8318234262144851,0.9149201845763829,-0.12412216007406796,0.0,0.07003049017784035,0.0,0.0,7.206108003703397
554,"0,240,1,214,214","30332,16145,22665,13525,13525",lucrarea earthquakepicturedărăără,0.18427861063521306,7.29328115787579,False,0.25777671808022967,0.22321923327611137,0.0021042630594094724,0.06003001581549269,0.3295350276321073,0.3330599632410855,0.14699621489003323,0.4540511717206967,0.8482619717264173,0.9235820402703632,-0.12451614408858941,0.05847134962255054,0.00900260382377042,0.0,0.0,7.225807204429469
555,"0,252,58,214,240","30332,21212,28310,13525,16145",lucrarea Colin Illustrationără earthquake,0.18784426831105366,7.295912286338113,False,0.26076780680864925,0.23510345455137585,0.002131222783999742,0.061546590424869256,0.33342326008665,0.3361337715428774,0.14584707699519117,0.4580370608291324,0.8494481785856091,0.9242039401586691,-0.1246138007424824,0.04736211403814274,0.01786013517584981,0.0,0.0,7.23069003712412
556,"110,74,173,214,195","24243,9633,19845,13525,12743", événements bitteAiciără Smartphone,0.1465580929563687,7.301202534613504,False,0.2333410740627305,0.18418578336018016,0.0023426195315415788,0.05203091917432485,0.35030785147089577,0.3682091401951382,0.17356596221272358,0.47521139568813753,0.8208351357804143,0.9090841753035175,-0.12490354421724176,0.0,0.0560253237514167,0.0,0.0,7.245177210862087
557,"236,155,195,229,16","24742,31308,12743,3147,20538",estival mănânc Smartphone 300 trage,0.16064164998071576,7.31090531440016,False,0.24449593345260826,0.17586606240389804,0.0017751313375931777,0.056827591434913914,0.36426209712500385,0.37946606096691965,0.167708566943785,0.48875764156564505,0.8268814792838348,0.9123000784041482,-0.1244955444406412,0.0,0.08612809236810008,0.0,0.0,7.22477722203206
558,"0,240,67,214,240","30332,16145,25300,13525,16145",lucrarea earthquake fartherără earthquake,0.19000972807523742,7.314223753042317,False,0.26191778156362777,0.23198448317603668,0.0021874624654972586,0.06331254244413849,0.32108442304004703,0.329412315212902,0.1438161069767807,0.4457165794174675,0.8515446637659038,0.9253020550194511,-0.12463215637742048,0.08261593417129415,0.0,0.0,0.0,7.231607818871023
559,"0,110,195,214,195","30332,24243,12743,13525,12743",lucrarea événements Smartphoneără Smartphone,0.17795078284482901,7.3143397047052785,False,0.2530765486337286,0.22172188590779762,0.0021546796739281724,0.06177369255486743,0.3287107090907447,0.33963362736375324,0.15025153157779914,0.453620079838484,0.8449016448229171,0.9218180234852218,-0.12490937074773933,0.06082654545501514,0.008044621863297784,0.0,0.0,7.245468537386966
560,"35,240,195,214,195","14797,16145,12743,13525,12743",graphic earthquake Smartphoneără Smartphone,0.17471787627702445,7.317477248900366,False,0.2559060906470629,0.21131781210820022,0.0018214399032122743,0.0564507459786048,0.34311483753064187,0.37035362362548235,0.16237642874007685,0.46825941509354424,0.8323856219457271,0.9152177725874444,-0.12514457756290237,0.019671892769594596,0.04057647798565384,0.0,0.0,7.257228878145118
561,"131,33,23,214,195","30173,25803,31052,13525,12743", machiaj Sauce pasageriără Smartphone,0.1504253729269823,7.3200160497121125,False,0.23597871580554033,0.18232434043740783,0.0018682592477640037,0.052454858859245855,0.34562912527659373,0.3672272107501167,0.17110668575711607,0.4708528870221642,0.8233737437345898,0.9104357826024216,-0.12522376174557048,0.012488213495446425,0.04633974893814267,0.0,0.0,7.261188087278524
562,"0,240,58,214,203","30332,16145,28310,13525,7889",lucrarea earthquake Illustrationără assembly,0.1946766971182023,7.324958964444736,False,0.26538532341593973,0.24212859554150584,0.002075065637002482,0.06364356453275398,0.3224450089236159,0.3317511533149687,0.14141725259547488,0.4473696172938601,0.8540209005466066,0.9265974030853557,-0.12492460837024422,0.07872854593252598,0.0,0.0,0.0,7.24623041851221
563,"83,240,122,214,195","7383,16145,12759,13525,12743", Front earthquake beneathără Smartphone,0.18259256508633542,7.325410963434136,False,0.2598171249514076,0.21344117705571425,0.00204300013717636,0.05858222900505977,0.3500735207117055,0.3742281702298034,0.1544491197301443,0.47545060210888235,0.8405686506011414,0.9195384060874541,-0.12537708139717685,0.0,0.05655689357529408,0.0,0.0,7.2688540698588415
564,"100,240,195,229,0","14338,16145,12743,3147,30332", surroundings earthquake Smartphone 300lucrarea,0.19563837202976614,7.325512670139386,False,0.2641265865913152,0.22741414269830282,0.002199241432816912,0.06541162910644473,0.32373223660704953,0.3478341510607752,0.13697642912309815,0.4487414749588115,0.85860497638906,0.9289906193697016,-0.12500923835176198,0.075050752551287,0.0,0.0,0.0,7.250461917588098
565,"0,137,195,214,195","30332,5218,12743,13525,12743",lucrareaerii Smartphoneără Smartphone,0.16693639070248978,7.328374722609547,False,0.24548530853344563,0.21934778117210496,0.002169323190488437,0.05970342671529285,0.3387500993252354,0.3465283552990896,0.1570978356619117,0.46405028519070984,0.8378344922199621,0.9180970342714806,-0.12530018586547442,0.03214257335647017,0.03122285597935518,0.0,0.0,7.265009293273721
566,"93,240,195,214,240","19486,16145,12743,13525,16145", vitesse earthquake Smartphoneără earthquake,0.16855044920235868,7.331694172474739,False,0.2478702457871479,0.20979878809503852,0.0018563211265920088,0.059954466231567353,0.34350016533241623,0.36738123032701697,0.15863959316957843,0.4689216666938768,0.8362430005991448,0.9172570015161626,-0.12542150136146057,0.018570956193096424,0.0420481482086151,0.0,0.0,7.271075068073028
567,"110,44,58,214,195","24243,15843,28310,13525,12743", événements shaft Illustrationără Smartphone,0.15155890809703662,7.3319428313687105,False,0.2378430981852935,0.18074922274537272,0.0016175202010381363,0.05581968159123304,0.35281696879232805,0.3674340525482958,0.17256838017651377,0.4782023860401405,0.8218648978823083,0.909632684012336,-0.12538541724781244,0.0,0.06267196897808994,0.0,0.0,7.269270862390621
568,"0,240,144,229,44","30332,16145,9175,3147,15843",lucrarea earthquake| 300 shaft,0.1668727681514063,7.33272314387204,False,0.24415117090614627,0.2157934624138282,0.002225325705091108,0.059996702022095595,0.32874026892436925,0.3320392651104587,0.15455680550947992,0.45400202236537635,0.8404574910869884,0.9194798499643807,-0.1252617534410071,0.06074208878751637,0.008893383034169632,0.0,0.0,7.2630876720503545
569,"0,124,195,214,214","30332,28387,12743,13525,13525",lucrarea ressenti Smartphoneărăără,0.17775480197145183,7.33273356988906,False,0.2544811741390232,0.2210077110908352,0.0021517903176453803,0.05933337275584579,0.3316396991228048,0.34870125945385394,0.15345274433514278,0.4569369036419303,0.8415971671379171,0.9200800267720506,-0.12529720451912552,0.05245800250627201,0.015415341426511735,0.0,0.0,7.264860225956276
570,"0,240,250,214,248","30332,16145,24976,13525,6148",lucrarea earthquake situatiaără mici,0.18800865933052807,7.334347555113658,False,0.2610866265053922,0.23535885615536992,0.0021785137232265715,0.06047812555286869,0.3265801705146619,0.34168661954585167,0.1461559343497283,0.45184676710820204,0.8491293580906031,0.9240368313277733,-0.1252665965935401,0.06691379852953729,0.004103926907115622,0.0,0.0,7.263329829677005
571,"139,240,195,16,248","31,16145,12743,20538,6148",' earthquake Smartphone trage mici,0.17387370446571587,7.361462443304981,False,0.25510778975203346,0.20896490261067183,0.002031547098897135,0.056973446832763265,0.3653880976551711,0.37955519674149957,0.16246817057263518,0.4908038424139826,0.8322909206992153,0.9151676509948136,-0.1254157447588115,0.0,0.09067520536440579,0.0,0.0,7.270787237940575
572,"0,162,195,214,61","30332,5290,12743,13525,18837",lucrareaizat Smartphoneără manger,0.16925496968867768,7.363491773208029,False,0.24611034320691258,0.22305785269570416,0.001952687641014439,0.05883105243377928,0.33437563393830416,0.3441462713213799,0.1537107470364698,0.4602950889746683,0.8413308417688053,0.9199398094242526,-0.12591945503636415,0.04464104589055948,0.022877975499262886,0.0,0.0,7.295972751818207
573,"236,44,195,154,240","24742,15843,12743,12307,16145",estival shaft Smartphoneoara earthquake,0.16096817928644513,7.368783680859285,False,0.24226128026786375,0.1920459753249149,0.0020141245302155108,0.0551622442759899,0.35131541361223206,0.35857248456338836,0.16258620196283724,0.4774701899005064,0.8321690818448132,0.9151031625107428,-0.12615477628827432,0.0,0.06104486644556971,0.0,0.0,7.307738814413716
574,"0,240,195,22,38","30332,16145,12743,17088,25012",lucrarea earthquake Smartphone Behind caption,0.19523948989925027,7.370509982608908,False,0.2639407593061342,0.2299179794684281,0.002460469472016835,0.06544702445577098,0.32883532354763984,0.3361322848057175,0.13740253881376785,0.4548218104310036,0.8581651212244977,0.9287612509069444,-0.12598648688336378,0.06047050414960041,0.01071513429111912,0.0,0.0,7.2993243441681885
575,"0,44,58,229,248","30332,15843,28310,3147,6148",lucrarea shaft Illustration 300 mici,0.16853250155668972,7.372298293818126,False,0.24978403881693442,0.21910239009936117,0.0020668786049784895,0.057344046664746184,0.3329791631526951,0.34284504760035966,0.1625030745204894,0.4590502753218896,0.8322548908175593,0.9151485810946278,-0.12607111216919448,0.04863096242087108,0.02011172293753237,0.0,0.0,7.303555608459723
576,"11,240,195,214,214","9161,16145,12743,13525,13525", bro earthquake Smartphoneărăără,0.18589599565092874,7.388468898592773,False,0.2619827775083791,0.22720365161593756,0.0020789172978798345,0.05959217765012657,0.3569682065667119,0.3840305470984564,0.15217356371490076,0.48325938945181984,0.8429176116491347,0.9207749107600072,-0.12629118288510793,0.0,0.0739097543373774,0.0,0.0,7.314559144255396
577,"40,240,195,214,240","18132,16145,12743,13525,16145", Vorstand earthquake Smartphoneără earthquake,0.17772192199908038,7.39674062072404,False,0.2549687638094756,0.21066334001526374,0.0020620339931068546,0.06016446866002998,0.34776763731589455,0.36442732540992084,0.1544936836207904,0.47448659312083385,0.8405226491656357,0.91951417410457,-0.1267189558049393,0.0063781790974440766,0.054414651379630766,0.0,0.0,7.335947790246965
578,"236,44,195,214,214","24742,15843,12743,13525,13525",estival shaft Smartphoneărăără,0.15007997201148612,7.410080063594044,False,0.2343372290833817,0.1850447498798177,0.0020526871484263577,0.054855462622842466,0.35147737210404,0.37122092788119004,0.16851451414379115,0.47841603833864765,0.8260495337870543,0.911858259740081,-0.12693866623460764,0.0,0.06314675186366142,0.0,0.0,7.346933311730382
579,"65,33,195,214,240","22276,25803,12743,13525,16145",rij Sauce Smartphoneără earthquake,0.1682955315942482,7.422646432965687,False,0.24912067762363288,0.200164979187094,0.002142550015072908,0.0597254573415702,0.3565385648190869,0.38484487063984724,0.16165029205876935,0.48350249375591553,0.8331351823909477,0.9156143882340593,-0.12696392893682862,0.0,0.07444998612425671,0.0,0.0,7.34819644684143
580,"0,240,195,92,240","30332,16145,12743,18158,16145",lucrarea earthquake Smartphone imperative earthquake,0.18700440195721296,7.424436907900811,False,0.26020251257160404,0.2338683926450051,0.002276053904501396,0.06398297229102771,0.3268103532533718,0.3301342380191691,0.14639622122878215,0.4538048636873797,0.8488813200219023,0.9239068019942368,-0.1269945104340079,0.06625613356179473,0.008455252638621557,0.0,0.0,7.349725521700394
581,"0,240,173,214,240","30332,16145,19845,13525,16145",lucrarea earthquakeAiciără earthquake,0.18852374972867014,7.424637033566733,False,0.26090140185653016,0.2333462030344613,0.0021385224420668314,0.06335436852243781,0.327914635747268,0.33521285215170155,0.14475530425572003,0.4549264043018561,0.850575169800547,0.9247944072842785,-0.12701176855458812,0.06310104072209143,0.010947565115235758,0.0,0.0,7.350588427729406
582,"0,67,195,214,195","30332,25300,12743,13525,12743",lucrarea farther Smartphoneără Smartphone,0.1781060714343407,7.449739276177822,False,0.25385797869785914,0.21842838147420768,0.0022710286620694297,0.0625181192988058,0.332951927665842,0.33868273424891276,0.15150381452703687,0.4605056211326616,0.8436089656495104,0.9211385267553209,-0.1275536934668196,0.0487087780975943,0.02334582473924793,0.0,0.0,7.37768467334098
583,"110,44,195,214,44","24243,15843,12743,13525,15843", événements shaft Smartphoneără shaft,0.14686690359295476,7.450287051411421,False,0.23322615047929376,0.16950519931217542,0.0018337842552991924,0.05394851694780617,0.34639951071447217,0.3649862510646396,0.172718493772678,0.47412718994471487,0.8217099419120744,0.9095501669656941,-0.1277276792302427,0.010287112244365166,0.0536159776549219,0.0,0.0,7.386383961512134
584,"11,44,195,229,240","9161,15843,12743,3147,16145", bro shaft Smartphone 300 earthquake,0.16874118826397663,7.451903083387622,False,0.2490180748258267,0.20549421539223553,0.002211426665313676,0.05906711097538886,0.34773210399520105,0.3703352541568379,0.16055377312370012,0.47550693026061996,0.8342670729045676,0.9162129811764839,-0.12777482626541892,0.006479702870854087,0.056682067245822115,0.0,0.0,7.388741313270946
585,"0,240,173,214,67","30332,16145,19845,13525,25300",lucrarea earthquakeAiciără farther,0.19249865173478653,7.454153148367326,False,0.2644331405447653,0.23442212283448466,0.0022050429431195173,0.06270898205900392,0.3238197830637113,0.3252350533700291,0.14386897761995754,0.45134696837364746,0.8514900876181083,0.9252734851815665,-0.12752718530993618,0.07480061981796769,0.0029932630525498893,0.0,0.0,7.376359265496808
586,"0,69,195,214,38","30332,22208,12743,13525,25012",lucrarea déplac Smartphoneără caption,0.16799925735707788,7.457209992589368,False,0.24452780001349228,0.21337172875417204,0.001776351521849834,0.05940889061841018,0.33606024109053967,0.3384325823861129,0.1530570853128288,0.4637947818737469,0.8420055893544993,0.9202950150289695,-0.12773454078320723,0.03982788259845803,0.030655070830548636,0.0,0.0,7.386727039160361
587,"11,40,195,214,240","9161,18132,12743,13525,16145", bro Vorstand Smartphoneără earthquake,0.16633140352168166,7.459173901469918,False,0.24951604941772612,0.20339729536443,0.0020595615320272045,0.05753209318377741,0.34890331381514383,0.37139834873229005,0.16636929179208892,0.4768316081449951,0.8282639568597792,0.9130337935738803,-0.12792829432985126,0.0031333890995889823,0.05962579587776684,0.0,0.0,7.396414716492562
588,"0,240,58,16,38","30332,16145,28310,20538,25012",lucrarea earthquake Illustration trage caption,0.19569845565749866,7.46341122188243,False,0.2652996699141442,0.23458872832344935,0.0020866214051416974,0.0623297929701522,0.3112783996345356,0.33418219757392603,0.13920242851329112,0.43833396119415763,0.8563071705669253,0.9277917716205015,-0.12705556155962205,0.11063314390132688,0.0,0.0,0.0,7.352778077981102
589,"0,28,195,214,16","30332,5378,12743,13525,20538",lucrarea neck Smartphoneără trage,0.19319902071181888,7.466782136349949,False,0.26427736233528426,0.2301901985328298,0.0022102468583357904,0.061046089001485594,0.33157219363373563,0.34260824174592086,0.14215668324693076,0.45943546486029985,0.8532576172934908,0.9261983139441948,-0.1278632712265642,0.05265087533218384,0.02096769968955519,0.0,0.0,7.39316356132821
590,"62,33,195,214,240","23226,25803,12743,13525,16145", imobil Sauce Smartphoneără earthquake,0.16501890117262683,7.468643948090002,False,0.24675398763307835,0.20837623538471073,0.0017648417783733051,0.053260648122784804,0.34342228350180726,0.36644189787764264,0.16347017292090305,0.4714652804834919,0.8312565956945517,0.9146200451986043,-0.12804299698168464,0.01879347570912206,0.04770062329664864,0.0,0.0,7.402149849084232
591,"195,240,195,214,53","12743,16145,12743,13525,1735", Smartphone earthquake Smartphoneără moving,0.16133534309548792,7.475067479782638,False,0.24317341639251966,0.19707830270784207,0.001856017079608363,0.0580837201298492,0.34425815527218045,0.36037331554454416,0.1636761465940635,0.4724343186269505,0.8310439777093538,0.9145074375891847,-0.12817616335477006,0.016405270650912924,0.04985404139322333,0.0,0.0,7.408808167738502
592,"195,240,195,214,240","12743,16145,12743,13525,16145", Smartphone earthquake Smartphoneără earthquake,0.1591537381399795,7.4905121722704,False,0.24149462593776863,0.1971465464139771,0.0019059268401552254,0.058525366751324415,0.34331139341070777,0.3583514933637661,0.16468177559557828,0.4717717954135842,0.8300059090626288,0.913957452184959,-0.12846040200287645,0.019110304540834892,0.048381767585742676,0.0,0.0,7.423020100143822
593,"0,28,195,214,64","30332,5378,12743,13525,30828",lucrarea neck SmartphoneărăDOWN,0.1708688079110963,7.507823671423908,False,0.24927929482310654,0.21563187886279364,0.0020888017910979384,0.05958783080719519,0.3327414929587877,0.3391448536989201,0.1568209738240205,0.4614048823259785,0.8381202850848821,0.9182478021623464,-0.1286633893671908,0.049310020117749404,0.025344182946618825,0.0,0.0,7.433169468359539
594,"0,73,106,214,240","30332,9472,14385,13525,16145",lucrarea problème Freundeără earthquake,0.181544926595482,7.523289294495019,False,0.2559838683315267,0.2307108129264491,0.0020996657410386867,0.06286672270948883,0.32266552244356766,0.3268087768988664,0.1488778834720894,0.4515025578389868,0.8463196041578432,0.9225627981486738,-0.12883703539541913,0.07809850730409233,0.0033390174199706317,0.0,0.0,7.441851769770956
595,"0,240,169,214,98","30332,16145,680,13525,9850",lucrarea earthquake sieără depict,0.19465401985499958,7.532131801888654,False,0.2645909538769538,0.2338290632099735,0.0020685583484589434,0.06330567079560408,0.31916848239701723,0.3307399472047267,0.13987386804390844,0.4480493174289056,0.8556140716966106,0.9274298528493093,-0.12888083503188835,0.08809005029423643,0.0,0.0,0.0,7.444041751594417
596,"137,240,195,214,214","5218,16145,12743,13525,13525",erii earthquake Smartphoneărăără,0.165847410741815,7.5441903303402285,False,0.2466071808674873,0.20202976199486594,0.001946948923554648,0.056510654639511236,0.3608764463674179,0.37925907525071234,0.16151954025134463,0.4899832209327662,0.833270151998612,0.9156857865821962,-0.1291067745653483,0.0,0.08885160207281374,0.0,0.0,7.455338728267415
597,"251,44,195,214,125","694,15843,12743,13525,19020", fun shaft Smartphoneără humaine,0.15998567663592658,7.545299645467876,False,0.24332416699440054,0.1892898940979925,0.0020185784514129335,0.054415462757934734,0.35791614361397733,0.3785676610214604,0.16667698071694792,0.48717013071383125,0.8279463424857312,0.9128652799197985,-0.12925398709985392,0.0,0.08260029047518053,0.0,0.0,7.462699354992695
598,"251,240,58,214,44","694,16145,28310,13525,15843", fun earthquake Illustrationără shaft,0.16146046493753055,7.548292828826662,False,0.2437859849787394,0.19591598702847374,0.0018017210527409566,0.054668747283650204,0.35529226070820275,0.36930541540437867,0.1646510400824177,0.4847152186768749,0.8300376360439559,0.9139742665510787,-0.12942295796867215,0.0,0.0771449303930553,0.0,0.0,7.471147898433607
599,"12,240,195,16,248","12337,16145,12743,20538,6148", mobility earthquake Smartphone trage mici,0.16500596325069683,7.555300157832088,False,0.24590506636159126,0.18347709280988148,0.0017488642235368168,0.05537680772154876,0.3523792004846651,0.3660830920503746,0.16179820622178887,0.48206030135869804,0.8329824968033147,0.9155336114956191,-0.12968110087403295,0.0,0.07124511413044006,0.0,0.0,7.484055043701647
600,"11,240,195,229,246","9161,16145,12743,3147,728", bro earthquake Smartphone 300 once,0.15529240923189952,7.5579859477153795,False,0.23886207643476665,0.20341681887629792,0.0020902186283943136,0.05787371381945824,0.3536116803900548,0.3695579562229474,0.16713933440573425,0.4832917653297087,0.8274690741618227,0.9126120016711734,-0.12968008493965388,0.0,0.07398170073268595,0.0,0.0,7.4840042469826935
601,"0,240,195,73,195","30332,16145,12743,9472,12743",lucrarea earthquake Smartphone problème Smartphone,0.1925835877212655,7.5592085701415925,False,0.2634283927990275,0.23412029165140008,0.002215723982063661,0.06489143762215911,0.3381799368393198,0.3476433920443407,0.14168961015552406,0.46789341325041195,0.8537397572588139,0.9264504249254117,-0.12971347641109215,0.033771609030514814,0.039763140556470976,0.0,0.0,7.485673820554607
602,"99,205,195,214,214","7693,24903,12743,13525,13525", graphic dispus Smartphoneărăără,0.14102121718027608,7.5593080378221735,False,0.2300414015682368,0.18357619174224085,0.0015480780107824334,0.05347183440984161,0.35103208514731593,0.37853208455960624,0.17804036877592144,0.4808472567163654,0.8162163935216294,0.9066198934636712,-0.12981517156904948,0.0,0.06854945936970089,0.0,0.0,7.490758578452473
603,"0,33,195,16,195","30332,25803,12743,20538,12743",lucrarea Sauce Smartphone trage Smartphone,0.1893285343369457,7.5620148130602285,False,0.2613611036756099,0.22599899587124567,0.002157882418409157,0.06263398052978118,0.3308400434638163,0.3427594376414285,0.1440651386773284,0.4605180176162014,0.8512875987846933,0.925167477445393,-0.12967797415238513,0.05474273296052482,0.023373372480447584,0.0,0.0,7.4838987076192565
604,"0,33,195,229,61","30332,25803,12743,3147,18837",lucrarea Sauce Smartphone 300 manger,0.17545687224725331,7.562856534608342,False,0.2507474880258597,0.22248247187560707,0.002180604234748906,0.05957869879792526,0.3273915835615777,0.3338451882370795,0.1505812315572128,0.4570437492219998,0.8445613093602965,0.9216391747548426,-0.1296521656604221,0.06459547553834932,0.015652776048888435,0.0,0.0,7.482608283021104
605,"0,74,195,255,195","30332,9633,12743,27850,12743",lucrarea bitte Smartphone purity Smartphone,0.17362079032587868,7.56451959345397,False,0.2515519321469215,0.22251775901289134,0.0020362483074953864,0.06053066707474016,0.3315271307663006,0.34531236580289076,0.15586228364208565,0.46126142244358087,0.8391099007565568,0.9187696753582556,-0.1297342916772803,0.052779626381998276,0.025025383207957465,0.0,0.0,7.486714583864014
606,"0,240,195,121,195","30332,16145,12743,803,12743",lucrarea earthquake Smartphone friends Smartphone,0.19871445589336606,7.574962969991667,False,0.2676129572501416,0.2357369016722743,0.002402890147718939,0.06526779414766859,0.3233225333486494,0.3342075432536926,0.1377970027135511,0.453157052632364,0.857757932682786,0.9285488663966205,-0.1298345192837146,0.07622133328957305,0.007015672516364418,0.0,0.0,7.491725964185729
607,"0,25,195,214,38","30332,28399,12743,13525,25012",lucrarea bewegt Smartphoneără caption,0.1749774480681156,7.57779352078029,False,0.25037577564300456,0.21864236533223244,0.0019170043749679843,0.0613685009346856,0.33764796108311146,0.3394788013454433,0.15079665514977791,0.46771085173736154,0.844338936619584,0.9215222975328498,-0.13006289065425009,0.035291539762538626,0.03935744830524785,0.0,0.0,7.503144532712503
608,"0,240,49,125,195","30332,16145,26851,19020,12743",lucrarea earthquake représentant humaine Smartphone,0.17371194042244947,7.5816243669867704,False,0.2502706426858054,0.22453895425933634,0.00202708809424314,0.06070436441287691,0.3338049029621441,0.34075654275707046,0.15311740452671185,0.46389442613498677,0.8419433243595232,0.9202622427728349,-0.13008952317284267,0.046271705822445365,0.030876502522192796,0.0,0.0,7.504476158642133
609,"0,240,195,168,195","30332,16145,12743,15271,12743",lucrarea earthquake Smartphoneoară Smartphone,0.19465857509641332,7.583641458142643,False,0.264738721365004,0.23389106282990316,0.002248877174410191,0.06514915098537526,0.325026783280348,0.33596463615215705,0.14016029253718132,0.45504820674363083,0.8553184077035547,0.9272754215780868,-0.13002142346328283,0.0713520477704342,0.011218237208068495,0.0,0.0,7.50107117316414
610,"251,240,139,229,16","694,16145,31,3147,20538", fun earthquake' 300 trage,0.1464788950710198,7.583679127464631,False,0.23310748867726516,0.1885682682810876,0.0019964766288007307,0.05167669194700964,0.34485790082524664,0.3680428485353516,0.17325718721249073,0.4751211534280678,0.8211538712645257,0.9092539869516709,-0.13026325260282118,0.01469171192786667,0.05582478539570625,0.0,0.0,7.513162630141058
611,"0,240,195,92,187","30332,16145,12743,18158,20719",lucrarea earthquake Smartphone imperative apărut,0.19114496613277904,7.591647695426617,False,0.2625293151158586,0.23227001389875362,0.0021863672965798777,0.0642115330605439,0.3265898116498202,0.3292445305618668,0.1427686979661591,0.4567835494242487,0.8526258601639648,0.925867864240811,-0.1301937377744285,0.06688625242908507,0.015074554276108203,0.0,0.0,7.509686888721424
612,"195,33,93,214,240","12743,25803,19486,13525,16145", Smartphone Sauce vitesseără earthquake,0.17188960914725565,7.593628751956083,False,0.2509872865246745,0.206890162426367,0.002347266246877755,0.057284809476888326,0.3466322843758413,0.3732482857301625,0.1581953547548377,0.47710763475525375,0.8367015692853288,0.9174991254737861,-0.13047535037941244,0.009622044640453322,0.06023918834500831,0.0,0.0,7.5237675189706215
613,"236,44,113,214,195","24742,15843,25107,13525,12743",estival shaft Merryără Smartphone,0.1618283886386863,7.602018072515761,False,0.24421079533930193,0.20098870977931232,0.002041660974233012,0.05613335760862608,0.35570255207881646,0.377833022184892,0.16476481340123128,0.48613683210236014,0.8299201926180838,0.9139120234457848,-0.13043428002354368,0.0,0.08030407133857806,0.0,0.0,7.521714001177183
614,"236,240,195,253,240","24742,16145,12743,31728,16145",estival earthquake Smartphone ultraviolet earthquake,0.1616788114889485,7.608255265249198,False,0.2427120881653674,0.19586971564567562,0.001950649311787761,0.0561136074009441,0.3570644558055444,0.373722462665929,0.16206655335283782,0.48756021808454847,0.8327054933131997,0.9153870474543335,-0.13049576227900406,0.0,0.08346715129899657,0.0,0.0,7.524788113950202
615,"0,240,106,214,44","30332,16145,14385,13525,15843",lucrarea earthquake Freundeără shaft,0.1845639438318833,7.611098905426344,False,0.2580029251388769,0.23011089298920046,0.0020701517332974094,0.0625899745514817,0.32089983807686057,0.3253176094092711,0.14687796261398722,0.45139686682000163,0.8483840385920132,0.9236460563365237,-0.13049702874314106,0.08314331978039832,0.003104148488892486,0.0,0.0,7.524851437157053
616,"194,240,195,214,195","23078,16145,12743,13525,12743",politischen earthquake Smartphoneără Smartphone,0.16937882178236052,7.629739414368639,False,0.24894251292405578,0.20759119693537395,0.0019135671608285277,0.0580852980899052,0.33883276616505065,0.36052896387512007,0.15912738228339052,0.46990477034493705,0.8357394763526291,0.9169910674137505,-0.1310720041798864,0.03190638238556952,0.04423282298874898,0.0,0.0,7.55360020899432
617,"193,240,195,214,248","26831,16145,12743,13525,6148",Voraussetzungen earthquake Smartphoneără mici,0.1507439995149306,7.630676302368415,False,0.23591017387254223,0.1970934486428485,0.001672375473221166,0.05155825339209843,0.3531023059700376,0.3688175159355422,0.1703323487152233,0.4841960093783674,0.8241730593907373,0.9108609395976845,-0.13109370340832976,0.0,0.07599113195192747,0.0,0.0,7.554685170416487
618,"195,240,195,214,110","12743,16145,12743,13525,24243", Smartphone earthquake Smartphoneără événements,0.16588085012392972,7.645672340225611,False,0.24595124910541222,0.20095531360231375,0.002040501449996834,0.057628238280055415,0.35122857080885084,0.36616050270934225,0.160140797962965,0.48268916580002846,0.8346933698446813,0.9164383241861042,-0.13146059499117763,0.0,0.07264259066672989,0.0,0.0,7.573029749558881
619,"0,240,169,214,38","30332,16145,680,13525,25012",lucrarea earthquake sieără caption,0.19521513450248912,7.656420735535954,False,0.2644205328211969,0.2333276206397804,0.002088923088022976,0.0635487878834388,0.3129861048299842,0.3225591137936135,0.1384107966374155,0.44399943981670237,0.8571243389549259,0.9282182951022806,-0.1310133349867182,0.10575398620004514,0.0,0.0,0.0,7.5506667493359085
620,"0,46,195,16,187","30332,18927,12743,20538,20719",lucrarea rar Smartphone trage apărut,0.19398799225811286,7.657706305821267,False,0.2664594949223292,0.22697617332388087,0.0021869708459309966,0.06317380676748564,0.33070894199787293,0.34989348429240247,0.14494300532843263,0.4622177124983759,0.8503814138545212,0.9246929191204869,-0.13150877050050297,0.05511730857750586,0.027150472218613084,0.0,0.0,7.575438525025148
621,"0,74,195,214,53","30332,9633,12743,13525,1735",lucrarea bitte Smartphoneără moving,0.1695713674441234,7.66895795959237,False,0.24742961408258615,0.22259104736248198,0.0019394655373356883,0.05873881426313656,0.33084577746968385,0.336335002048671,0.1557164932769255,0.4625716688232117,0.839260394036722,0.9188490119290952,-0.13172589135352786,0.0547263500866175,0.027937041829359334,0.0,0.0,7.586294567676393
622,"0,77,195,214,61","30332,6177,12743,13525,18837",lucrarea tie Smartphoneără manger,0.16980771931318864,7.696556956963179,False,0.2472639172201567,0.21842479811490492,0.0020533686589851775,0.06000477576555685,0.3243452890481367,0.32883690568667867,0.15491239581393612,0.4565206385468011,0.8400904301275498,0.9192864647029586,-0.13217534949866439,0.07329917414818081,0.01449030788178016,0.0,0.0,7.608767474933218
623,"48,61,179,214,195","27062,18837,3997,13525,12743", pantalon mangerchtără Smartphone,0.1424759808007563,7.706901328883265,False,0.23055415566995452,0.18762928451833,0.0017204916508314573,0.0513731399230942,0.3477029725603601,0.3672289628143364,0.17615634973839644,0.4803603897707127,0.8181611873668165,0.9076583334391877,-0.13265741721035262,0.00656293554182825,0.067467532823806,0.0,0.0,7.632870860517631
624,"236,214,195,214,64","24742,13525,12743,13525,30828",estivalără SmartphoneărăDOWN,0.1385845327136736,7.709120939303609,False,0.22709305969935145,0.17657533538247508,0.0018920182363711957,0.05388351223468455,0.3558556060504007,0.3773853507877231,0.1770170539713557,0.4883342790987506,0.8172727184811812,0.9071840750523812,-0.13247867304834993,0.0,0.08518728688611242,0.0,0.0,7.623933652417496
625,"0,240,195,249,187","30332,16145,12743,13418,20719",lucrarea earthquake Smartphone breathe apărut,0.19444489591245562,7.715604714888759,False,0.26430813395797836,0.2364392684353988,0.00224208203514899,0.0636723872908519,0.3242219285542458,0.325930363691646,0.1397264760910455,0.45676052252997884,0.8557662182285982,0.9275093120335528,-0.13253859397573303,0.07365163270215477,0.015023383399952954,0.0,0.0,7.626929698786651
626,"0,240,23,214,240","30332,16145,31052,13525,16145",lucrarea earthquake pasageriără earthquake,0.18687169353461786,7.719099594576801,False,0.25918568021891253,0.23436571669294345,0.0022144684936312277,0.06319561452177407,0.3180703078345451,0.32644154040761153,0.14462797336858935,0.45060103329707407,0.8507066081356497,0.924863247529823,-0.13253072546252898,0.09122769190129967,0.001335629549053468,0.0,0.0,7.626536273126448
627,"236,44,195,199,240","24742,15843,12743,11171,16145",estival shaft Smartphonemates earthquake,0.1494866091006146,7.723798071666386,False,0.2384834711711364,0.18494692551694855,0.0020473905432758623,0.05753367212908398,0.3589552334956847,0.3696605337790773,0.17799372414104364,0.4915830589745864,0.8162645428221486,0.9066456175700384,-0.13262782547890167,0.0,0.09240679772130303,0.0,0.0,7.631391273945083
628,"0,254,173,214,195","30332,28995,19845,13525,12743",lucrareafreiheitAiciără Smartphone,0.16385291116275877,7.731450521245324,False,0.2440055195670837,0.213153284806471,0.002002128533505837,0.05743492425719612,0.3351807752439631,0.3459439310899148,0.16030521680864984,0.4681560378118093,0.8345236471652647,0.9163486144428604,-0.1329752625678462,0.04234064216010533,0.04034675069290956,0.0,0.0,7.648763128392309
629,"0,240,173,214,106","30332,16145,19845,13525,14385",lucrarea earthquakeAiciără Freunde,0.1864162978479577,7.732124263855746,False,0.2590318724474811,0.23021196795892,0.002068068878685175,0.06160973317117929,0.31355336113608817,0.31808887956813386,0.14523114919904678,0.4461131813352653,0.8500839750203388,0.92453710082449,-0.13255982019917711,0.10413325389689088,0.0,0.0,0.0,7.627991009958855
630,"0,240,68,214,110","30332,16145,15501,13525,24243",lucrarea earthquake Bewegungără événements,0.18406722468763909,7.733313922678099,False,0.25744836876224236,0.23189723540917606,0.0021993141169167176,0.06129886231040541,0.3188153678486333,0.32858999278873263,0.14676228814920655,0.45162734105309094,0.8485034444911416,0.9237086726077619,-0.13281197320445765,0.08909894900390483,0.0036163134513131664,0.0,0.0,7.6405986602228815
631,"195,240,195,214,98","12743,16145,12743,13525,9850", Smartphone earthquake Smartphoneără depict,0.18002551759334667,7.7421651602857775,False,0.257605225794686,0.20432385687269794,0.0019625106920449333,0.06105776817313039,0.34754132721598824,0.3804171917739814,0.1551594164026786,0.480872043990044,0.8398354411327189,0.9191521003606102,-0.13333071677405578,0.0070247793828906845,0.06860454220009779,0.0,0.0,7.666535838702789
632,"236,240,251,229,16","24742,16145,694,3147,20538",estival earthquake fun 300 trage,0.15643789680198686,7.742318801920557,False,0.2417174513694387,0.1835330818389319,0.0022809554579609538,0.05549994881558351,0.36238679367270143,0.38483397231286737,0.17055910913490369,0.4952232475957461,0.8239389841188091,0.9107364552191245,-0.13283645392304466,0.0,0.10049610576832463,0.0,0.0,7.641822696152232
633,"0,240,130,214,61","30332,16145,15799,13525,18837",lucrarea earthquake putereără manger,0.17963150951325962,7.742779619055669,False,0.2541752170070098,0.21984342370140214,0.0022287727763193265,0.06067251095915834,0.313691380131183,0.31760235206591814,0.14908741498750033,0.44647219423407825,0.84610331356129,0.9224492316721282,-0.13278081410289527,0.10373891391090573,0.0,0.0,0.0,7.639040705144763
634,"0,240,195,108,9","30332,16145,12743,30122,3349",lucrarea earthquake Smartphone Angehörige Sport,0.18733081747602165,7.747432797447617,False,0.25776444699734574,0.2246317229506084,0.0021904242999210067,0.06166943565716634,0.32099590347369644,0.33238580543683144,0.14086725904264819,0.45410474918134014,0.8545886358269438,0.9268941368664233,-0.1331088457076437,0.0828688472180101,0.009121664847422507,0.0,0.0,7.655442285382184
635,"236,205,195,214,64","24742,24903,12743,13525,30828",estival dispus SmartphoneărăDOWN,0.14395711176046663,7.749848281056671,False,0.23041144856979143,0.18660179203565025,0.0017790005097873764,0.05648560235510233,0.3614013357490169,0.3837203407077014,0.1729086736186496,0.4944239055671652,0.8215136272323618,0.9094456148562983,-0.1330225698181483,0.0,0.09871979014925597,0.0,0.0,7.651128490907415
636,"11,152,195,214,240","9161,19355,12743,13525,16145", bro persoană Smartphoneără earthquake,0.17569286553386787,7.760752616537083,False,0.2538263602120441,0.2118138249112893,0.0021578935605191694,0.06439887996924303,0.3454109707434627,0.3897793387698499,0.15626698935635241,0.47907171654029396,0.8386921400192491,0.9185494056628896,-0.13366074579683124,0.013111512161535024,0.06460381453398654,0.0,0.0,7.683037289841561
637,"11,240,195,214,187","9161,16145,12743,13525,20719", bro earthquake Smartphoneără apărut,0.17817357616390772,7.763302165752032,False,0.25434816322674836,0.21037795328650016,0.002142077572500739,0.06084727605882797,0.33840634160049027,0.37437665725285396,0.15234917412568127,0.47203074588814914,0.8427363363863936,0.9206795457021507,-0.13362440428765887,0.033124738284313456,0.04895721308477584,0.0,0.0,7.681220214382943
638,"195,240,252,214,61","12743,16145,21212,13525,18837", Smartphone earthquake Colinără manger,0.1753636444711541,7.772621277891355,False,0.2520464985435465,0.20660864891514774,0.0019829611337253586,0.05996552963919489,0.3513671298706447,0.37094486212216077,0.15336570814478478,0.4852527658357709,0.8416870109473189,0.9201273237195031,-0.1338856359651262,0.0,0.07833947963504648,0.0,0.0,7.694281798256309
639,"251,240,242,214,240","694,16145,17002,13525,16145", fun earthquakeafficheără earthquake,0.1530632273398765,7.775831017046554,False,0.23723775734660676,0.18901143338987003,0.0019910137792965633,0.05830472322881513,0.3509340627103927,0.3695291238369085,0.1683490600134605,0.48489959015552275,0.8262203251473956,0.9119489788286073,-0.13396552744513007,0.0,0.07755464479005053,0.0,0.0,7.698276372256503
640,"0,108,195,229,195","30332,30122,12743,3147,12743",lucrarea Angehörige Smartphone 300 Smartphone,0.14215263163750105,7.776070496852963,False,0.22753668662971357,0.2019284473341799,0.0021476802888878597,0.05541615284549171,0.33222813967248793,0.3361553272131124,0.17076810998442504,0.4660219290003409,0.8237232413064,0.9106217052187889,-0.13379378932785296,0.050776743792891564,0.035604286667424184,0.0,0.0,7.689689466392648
641,"139,240,195,214,195","31,16145,12743,13525,12743",' earthquake Smartphoneără Smartphone,0.17464435551449747,7.776114055904166,False,0.2519590263500601,0.20965046381726415,0.0018778209867036267,0.05919644390639309,0.33606598927099063,0.3610927545793583,0.1546293416711253,0.46990727349372685,0.840382615049161,0.9194404049903804,-0.13384128422273622,0.039811459225741,0.0442383855416152,0.0,0.0,7.6920642111368105
642,"0,172,195,214,203","30332,13910,12743,13525,7889",lucrarealebt Smartphoneără assembly,0.17003939802605103,7.77928877236582,False,0.24868638970353638,0.21900096324632612,0.0019857270483597976,0.06007872235126919,0.33467153859954835,0.33740727086059025,0.1572939833549707,0.46855666145761177,0.8376320171819658,0.9179902050920965,-0.13388512285806342,0.04379560400129038,0.041237025461359454,0.0,0.0,7.69425614290317
643,"0,240,12,214,214","30332,16145,12337,13525,13525",lucrarea earthquake mobilityărăără,0.18723329052547794,7.779865626677138,False,0.2609341947104075,0.23539438876564595,0.0021320596943443016,0.060986583705550906,0.31914762247217016,0.32622093482614667,0.14740180836985917,0.45285505085501104,0.8478432945859519,0.9233624378488334,-0.1337074283828409,0.08814965007951378,0.006344557455580071,0.0,0.0,7.685371419142044
644,"251,152,195,229,16","694,19355,12743,3147,20538", fun persoană Smartphone 300 trage,0.16775501331271897,7.78012325002888,False,0.25098632865705633,0.21341771381894364,0.001827816983679187,0.055241473016738186,0.3631688218114422,0.3866388005064036,0.16646263068867473,0.4966959129051254,0.8281676070310454,0.9129826774431842,-0.13352709109368316,0.0,0.10376869534472304,0.0,0.0,7.676354554684157
645,"0,240,195,214,30","30332,16145,12743,13525,22706",lucrarea earthquake Smartphoneărămog,0.19103041919278685,7.78409830712439,False,0.262140968076554,0.23268671571951263,0.0021927570335795177,0.06269491586141968,0.3215052199637878,0.3290017245403221,0.14222109776753433,0.4553223634736322,0.8531911248851258,0.9261635396799345,-0.13381714350984442,0.08141365724632058,0.011827474385849301,0.0,0.0,7.69085717549222
646,"0,73,195,16,203","30332,9472,12743,20538,7889",lucrarea problème Smartphone trage assembly,0.1754260417671626,7.788345075975526,False,0.25089191028511987,0.2237451170371467,0.0019118915426344918,0.06050224954056869,0.3256741375783061,0.335970371987299,0.15093173703591456,0.45962328812225456,0.8441994972532495,0.9214490018248896,-0.13394915054394846,0.06950246406198252,0.021385084716121217,0.0,0.0,7.697457527197423
647,"0,240,18,214,61","30332,16145,12487,13525,18837",lucrarea earthquake adjacentără manger,0.18433575422750142,7.793861879661608,False,0.25774874715334345,0.2316329609405383,0.0021465493339515194,0.06227259135915595,0.31785612205525754,0.3220174034922978,0.14682598585168405,0.4518158616603918,0.848437692024068,0.9236741926395453,-0.13395973960513424,0.09183965127069268,0.004035248134203935,0.0,0.0,7.697986980256712
648,"0,240,195,214,217","30332,16145,12743,13525,15296",lucrarea earthquake SmartphoneărăITY,0.19060449452023714,7.794703861343546,False,0.2614405207380725,0.23303170107988935,0.002298516622393848,0.0633687762990704,0.31078497586575426,0.3221383478247541,0.14167205243567071,0.4444381945706683,0.853757881356727,0.9264599006780214,-0.13365321870491403,0.1120429260978449,0.0,0.0,0.0,7.682660935245701
649,"0,240,173,229,103","30332,16145,19845,3147,31149",lucrarea earthquakeAici 300 dicke,0.17322061307235911,7.796147825928015,False,0.24932257046314663,0.21410003394470362,0.0021880283387011425,0.06109260982730724,0.3267100825880721,0.33048392259025783,0.15220391478157502,0.4608212425689195,0.8428862815157935,0.9207584293496449,-0.13411115998084738,0.06654262117693678,0.024047205708709947,0.0,0.0,7.705557999042369
650,"11,44,195,214,44","9161,15843,12743,13525,15843", bro shaft Smartphoneără shaft,0.15384977623583876,7.7994493357143515,False,0.23824252588046704,0.19275884679007335,0.0021228588869677267,0.05485082114811209,0.3408218511018613,0.3610561107426345,0.16878549928925657,0.47516780313653567,0.8257698071852836,0.9117096581207986,-0.13434595203467437,0.026223282566110492,0.05592845141452369,0.0,0.0,7.717297601733717
651,"0,240,173,229,240","30332,16145,19845,3147,16145",lucrarea earthquakeAici 300 earthquake,0.1686217353667261,7.80267998128718,False,0.2457405552444616,0.22023926006026248,0.0021089732954848173,0.06097194376414405,0.32189916378097444,0.33013487185185003,0.154237639755471,0.4560769161737803,0.8407869525104815,0.9196533913624899,-0.13417775239280588,0.08028810348293011,0.013504258163956246,0.0,0.0,7.708887619640294
652,"234,240,195,229,195","794,16145,12743,3147,12743", test earthquake Smartphone 300 Smartphone,0.16526533670649093,7.8117591698156135,False,0.2479492973908676,0.20426080448091863,0.0018379764204829565,0.05912757266820937,0.3616887086153721,0.4005294192553028,0.16536792136875333,0.4958845774579957,0.8292976295548352,0.9135820043276064,-0.13419586884262358,0.0,0.10196572768443483,0.0,0.0,7.709793442131178
653,"195,240,81,214,195","12743,16145,1722,13525,12743", Smartphone earthquake physicalără Smartphone,0.16572835451523013,7.825686913866911,False,0.24706436192715367,0.1959058341738649,0.0020000480591070846,0.05625218284322677,0.34061633401064934,0.3620202791152456,0.16267201482384708,0.475462209066589,0.8320805008269966,0.9150562743220512,-0.13484587505593965,0.026810474255287552,0.05658268681464215,0.0,0.0,7.742293752796981
654,"110,240,1,214,248","24243,16145,22665,13525,6148", événements earthquakepicturedără mici,0.15094934239920588,7.82807794755658,False,0.23693007194441218,0.17394622760506445,0.0015236654296941544,0.05086078898986975,0.34621105924215867,0.36285991247359844,0.1719614590904126,0.4811707410250617,0.8224913970679611,0.9099662306424274,-0.13495968178290302,0.010825545022403738,0.06926831338902595,0.0,0.0,7.747984089145151
655,"0,33,195,214,187","30332,25803,12743,13525,20719",lucrarea Sauce Smartphoneără apărut,0.1908624368134047,7.837561059241089,False,0.2624680736873752,0.2289620516727103,0.002165546548988062,0.06411116974967318,0.31632480183988176,0.34354524129811653,0.14321127374794096,0.4511027163705152,0.8521690077440609,0.9256288274746304,-0.13477791453063342,0.09621485188605204,0.0024504808233670613,0.0,0.0,7.738895726531671
656,"0,124,195,214,61","30332,28387,12743,13525,18837",lucrarea ressenti Smartphoneără manger,0.16840779231346278,7.84799441611474,False,0.24639297677657387,0.21324296927043906,0.002025078718721718,0.059964058138961024,0.32325428690746494,0.3323050094542395,0.15597036892622218,0.45831623818148537,0.8389983288503513,0.9187108528115785,-0.13506195127402043,0.07641632312152868,0.018480529292189685,0.0,0.0,7.753097563701021
657,"236,93,195,229,240","24742,19486,12743,3147,16145",estival vitesse Smartphone 300 earthquake,0.15818853780892414,7.85136570822799,False,0.24112080130184718,0.2016581613036443,0.002012716290695693,0.056004741157333705,0.3524901767708357,0.386249443529487,0.16586452698584608,0.4878358955764425,0.8287850044017072,0.9133101734975659,-0.1353457188056068,0.0,0.08407976794765003,0.0,0.0,7.76728594028034
658,"0,240,173,9,44","30332,16145,19845,3349,15843",lucrarea earthquakeAici Sport shaft,0.17873377835705206,7.852755105923028,False,0.25324232448494516,0.21787524154972376,0.0020037070327698302,0.0603347266115562,0.321529526531673,0.3242338691251647,0.1490170922557862,0.45666167021994586,0.8461759047682207,0.922487348284091,-0.13513214368827287,0.08134420990950568,0.01480371159987966,0.0,0.0,7.756607184413642
659,"203,240,195,214,106","7889,16145,12743,13525,14385", assembly earthquake Smartphoneără Freunde,0.17181699898297242,7.860535069521619,False,0.25009680822108316,0.19839116230389206,0.0018506367589709472,0.059953715134167564,0.32860760957432683,0.3511078893204878,0.15655961847622146,0.463974787009839,0.838390071250352,0.9183901031281743,-0.1353671774355122,0.06112111550192328,0.031055082244086683,0.0,0.0,7.768358871775609
660,"0,240,195,92,195","30332,16145,12743,18158,12743",lucrarea earthquake Smartphone imperative Smartphone,0.17998799439240099,7.872434685253239,False,0.25499629036218,0.23007611492759805,0.002213411300544227,0.0630494944217236,0.32129024124695554,0.32870735633199083,0.15001659193955807,0.45679631870009607,0.8451441631591659,0.921945447442766,-0.13550607745314053,0.08202788215155553,0.015102930444657912,0.0,0.0,7.775303872657026
661,"0,240,195,116,195","30332,16145,12743,29248,12743",lucrarea earthquake Smartphone motoare Smartphone,0.180835990898215,7.877434466343786,False,0.25459524980340104,0.2252433950771378,0.0022430244312913795,0.06439466588090131,0.328743257008523,0.33547916626051627,0.14751851781037206,0.4644356891240244,0.8477228203247772,0.9232992376199755,-0.13569243211550136,0.06073355140421986,0.03207930916449861,0.0,0.0,7.784621605775067
662,"236,44,195,214,44","24742,15843,12743,13525,15843",estival shaft Smartphoneără shaft,0.15427217528527606,7.883226453757646,False,0.2387404726804637,0.1901124218366955,0.002022178907564243,0.05546963987951011,0.3409861327906572,0.36601707770741054,0.16893659479037526,0.4769383248570274,0.8256138376357417,0.9116267905286816,-0.13595219206637021,0.025753906312407926,0.05986294412672757,0.0,0.0,7.79760960331851
663,"35,240,195,214,187","14797,16145,12743,13525,20719",graphic earthquake Smartphoneără apărut,0.17770244792225715,7.887012194131709,False,0.2557202193772557,0.20857075935675046,0.001982208944053204,0.060163420654429145,0.360545189222569,0.37237691422647595,0.1560355429099971,0.49623073382413074,0.838931052480003,0.9186753817807479,-0.13568554460156174,0.0,0.10273496405362384,0.0,0.0,7.784277230078086
664,"0,240,195,89,240","30332,16145,12743,14303,16145",lucrarea earthquake Smartphoneamba earthquake,0.17952599820229748,7.891621047229865,False,0.25503663998898257,0.22495939608587373,0.002181322307013178,0.0612041316152169,0.3232212715463936,0.3303092447882337,0.1510212835733702,0.45911822499239274,0.8441070621178114,0.9214004104766992,-0.13589695344599917,0.07651065272458973,0.02026272220531718,0.0,0.0,7.794847672299958
665,"140,254,173,214,195","24800,28995,19845,13525,12743",aparutfreiheitAiciără Smartphone,0.11869933468717156,7.893975386241163,False,0.2123734013374378,0.1734149006645763,0.0016596528480776252,0.048907401690736256,0.3480532785825449,0.37039377673202695,0.18734813330053246,0.48429722401613007,0.8066083785284827,0.9014720554179523,-0.13624394543358515,0.005562061192728729,0.0762160533691779,0.0,0.0,7.812197271679256
666,"0,240,195,80,106","30332,16145,12743,8787,14385",lucrarea earthquake Smartphone Abs Freunde,0.18433564406786412,7.8946271391711615,False,0.2563927083069422,0.22689536262981821,0.002222222082743647,0.06355995152825845,0.3234338581950804,0.3325417719634858,0.1441141284781562,0.4593909597438909,0.8512370286677098,0.9251410008868074,-0.13595710154881047,0.07590326229977018,0.020868799430868598,0.0,0.0,7.797855077440523
667,"110,240,173,214,240","24243,16145,19845,13525,16145", événements earthquakeAiciără earthquake,0.1413188640689017,7.898359507436111,False,0.22753076470307887,0.18347348329869384,0.0005737450027323733,0.05042349511305102,0.3409891936649911,0.3543047809511625,0.17242380126835433,0.47723120482458825,0.8220141406262149,0.9097121515796333,-0.13624201115959717,0.025745160957168264,0.060513788499084974,0.0,0.0,7.812100557979858
668,"182,240,195,104,214","1575,16145,12743,15091,13525",tion earthquake Smartphonespielerără,0.1671230738269743,7.905705754055758,False,0.24881394135031884,0.20185116802406883,0.002022565545663252,0.057653049122093895,0.34746042191555015,0.37550584839690154,0.16338173504668907,0.48392178342987685,0.8313478864034177,0.9146683907041453,-0.1364613615143267,0.007255937384142351,0.07538174095528187,0.0,0.0,7.823068075716334
669,"0,44,195,127,195","30332,15843,12743,23794,12743",lucrarea shaft Smartphone Verantwortlich Smartphone,0.1613056903378385,7.9087108787341815,False,0.2414126825848518,0.20527323174499676,0.0021437220465315376,0.058092666632631816,0.3269730202644898,0.34002212326139225,0.16021398449402657,0.4632428397693023,0.834617822457779,0.9163983934435794,-0.13626981950481248,0.06579137067288617,0.029428532820671767,0.0,0.0,7.813490975240623
670,"0,185,52,214,195","30332,15058,6813,13525,12743",lucrareatient gapără Smartphone,0.16498045489561608,7.918928058337686,False,0.24347828826677587,0.21166488045708204,0.001989028172358137,0.05907163893978584,0.33003240941970785,0.34039730124220585,0.15699566674231957,0.46653507326531957,0.837939956911154,0.9181526742637525,-0.13650266384561172,0.057050258800834655,0.03674460725626568,0.0,0.0,7.825133192280585
671,"0,69,195,214,195","30332,22208,12743,13525,12743",lucrarea déplac Smartphoneără Smartphone,0.16608273766751053,7.923233499881045,False,0.24494740363831924,0.22259647490825502,0.002003103278005075,0.05813457880567724,0.3347148812152759,0.3424268492375014,0.15772933194161742,0.47135691943446034,0.837182625092524,0.9177530539629833,-0.13664203821918447,0.04367176795635459,0.0474598209654674,0.0,0.0,7.8321019109592225
672,"195,33,169,214,138","12743,25803,680,13525,9518", Smartphone Sauce sieără oferit,0.1405766358767405,7.931170229281235,False,0.22740772299976006,0.1896373002086304,0.001915542085571409,0.0547169134472868,0.34316051537689696,0.37146544071017057,0.17366217424603914,0.4800572160029741,0.8207358201331209,0.9090312567530122,-0.13689670062607712,0.019541384637437202,0.06679381333994236,0.0,0.0,7.844835031303855
673,"236,44,195,214,64","24742,15843,12743,13525,30828",estival shaft SmartphoneărăDOWN,0.14542949430262886,7.933506491277717,False,0.23123411325887022,0.17392857073397622,0.002021925310985706,0.05431028813094738,0.35291222384897336,0.3634247038653133,0.17160923791248273,0.48981289181603715,0.8228549802193726,0.9101597453675466,-0.1369006679670638,0.0,0.08847309292452699,0.0,0.0,7.8450333983531895
674,"0,205,82,16,195","30332,24903,16771,20538,12743",lucrarea dispus posture trage Smartphone,0.18301868541173621,7.973542349058872,False,0.2568734860306601,0.2283952133485375,0.001868807192134736,0.061290192387289166,0.32248818914830196,0.33751447002305474,0.14770960123784782,0.45994493551810167,0.84752557291577,0.9231957532193008,-0.1374567463697997,0.07860517386199434,0.02209985670689258,0.0,0.0,7.872837318489985
675,"236,158,195,214,44","24742,17319,12743,13525,15843",estivalenţă Smartphoneără shaft,0.14569617107407226,7.983669153920972,False,0.2318232822280246,0.1756946695567722,0.001972668354767765,0.05182433542453269,0.33955297151594627,0.36779040905061094,0.17225422230790466,0.47741110998331987,0.8221891898757113,0.9098053515406993,-0.1378581384673736,0.029848652811582034,0.060913577740710795,0.0,0.0,7.892906923368679
676,"35,240,195,9,240","14797,16145,12743,3349,16145",graphic earthquake Smartphone Sport earthquake,0.1520002341826749,8.004873508344401,False,0.2370224039166453,0.19317209991499115,0.001779021611840631,0.05595647020861427,0.35074190123278826,0.3692230141116363,0.17004433946794084,0.4891015258082007,0.8244703592588998,0.9110190231449941,-0.13835962457541245,0.0,0.08689227957377933,0.0,0.0,7.917981228770622
677,"0,240,173,214,214","30332,16145,19845,13525,13525",lucrarea earthquakeAiciărăără,0.17636975031281954,8.016010276764472,False,0.25168365738813986,0.2220589185320584,0.002097114271499956,0.06048775437351719,0.32257235943590556,0.3273643551243022,0.15062781415064064,0.4608433447895828,0.8445132241025645,0.9216139028081984,-0.1382709853536772,0.07836468732598405,0.024096321754628367,0.0,0.0,7.91354926768386
678,"0,33,195,229,53","30332,25803,12743,3147,1735",lucrarea Sauce Smartphone 300 moving,0.1749460156537091,8.024671167840028,False,0.25079266178280873,0.2121005464187704,0.002085846045763717,0.06142312347015363,0.33260488169665614,0.33432851589113827,0.15169329225819927,0.4711636898552543,0.8434133757334717,0.9210356712645829,-0.13855880815859817,0.04970033800955383,0.047030421900565104,0.0,0.0,7.927940407929908
679,"0,119,96,16,195","30332,23662,11564,20538,12743",lucrarea artistiquetata trage Smartphone,0.19229351720568583,8.029812727210144,False,0.263825054039591,0.22766825561791687,0.002201811828405614,0.06504847263665281,0.33290380425084126,0.34796770940889665,0.14306307366781035,0.4715647021184014,0.8523219884719377,0.9257088777429919,-0.13866089786756014,0.048846273569024906,0.0479215602631142,0.0,0.0,7.933044893378006
680,"0,33,33,214,98","30332,25803,25803,13525,9850",lucrarea Sauce Sauceără depict,0.16710870980932657,8.044853520892124,False,0.24437486559356736,0.20586917536934796,0.0018482721580371786,0.05906500519119998,0.31970533242443405,0.325615434511028,0.15453231156848157,0.4584937777475894,0.8404827751551158,0.9194931693229257,-0.13878844532315537,0.0865561930730455,0.01887506166130981,0.0,0.0,7.939422266157768
681,"0,33,195,120,61","30332,25803,12743,11930,18837",lucrarea Sauce Smartphone scroll manger,0.16383310191747333,8.049677126269646,False,0.24294240425757305,0.21123373572073206,0.0021047221676000817,0.05790424221543983,0.3259627572146242,0.327738984656976,0.15821860468019944,0.4649196475622147,0.8366775693623748,0.9174864551151698,-0.1389568903475905,0.06867783652964508,0.03315477236047711,0.0,0.0,7.947844517379525
682,"11,104,130,214,195","9161,15091,15799,13525,12743", brospieler putereără Smartphone,0.14318951443130454,8.050117311394711,False,0.2312233314900509,0.17158758057179554,0.001911936941466802,0.054230474335976435,0.34847755423703847,0.3728775798466331,0.1760676341174927,0.487716609795503,0.818252764781943,0.9077072027270178,-0.13923905555846455,0.004349845037032888,0.08381468843445113,0.0,0.0,7.961952777923227
683,"0,33,195,214,145","30332,25803,12743,13525,26356",lucrarea Sauce Smartphoneără sunet,0.18750315209499857,8.061553881806052,False,0.25953942630851484,0.2282046343303308,0.0020964573354769977,0.06206865718033441,0.3217240069722957,0.3373776421972785,0.14407254842703254,0.4608567895962085,0.8512799500108051,0.9251634728916655,-0.13913278262391282,0.08078855150772653,0.024126199102685566,0.0,0.0,7.95663913119564
684,"0,252,12,214,240","30332,21212,12337,13525,16145",lucrarea Colin mobilityără earthquake,0.1779882542701734,8.07186804454507,False,0.25335024276040174,0.23007416858209934,0.0021243391003633095,0.06039020590612221,0.3180175627619475,0.32060544192549706,0.1507239769804567,0.45730278747830533,0.8444139592459802,0.9215617304443274,-0.13928522471635785,0.09137839210872142,0.01622841661845626,0.0,0.0,7.964261235817892
685,"236,240,58,229,240","24742,16145,28310,3147,16145",estival earthquake Illustration 300 earthquake,0.14196599179749833,8.07471212768677,False,0.2286711338066337,0.17693142574125997,0.0017089481199900614,0.054826922062386936,0.35626484583770135,0.37460322374797955,0.17341028401827074,0.4957267867577586,0.8209958358521077,0.9091697949127705,-0.13946194092005726,0.0,0.101615081683908,0.0,0.0,7.973097046002862
686,"0,40,195,214,187","30332,18132,12743,13525,20719",lucrarea Vorstand Smartphoneără apărut,0.18095790364468728,8.077691071925726,False,0.257862945117169,0.22036581868950478,0.0021301461231452547,0.060425475800672694,0.3175156058549655,0.3313283987086398,0.15381008294496346,0.45690623253141516,0.8412283014761668,0.9198858174007448,-0.13939062667644964,0.09281255470009846,0.01534718340314477,0.0,0.0,7.969531333822482
687,"0,33,195,16,11","30332,25803,12743,20538,9161",lucrarea Sauce Smartphone trage bro,0.1841701641018677,8.089428751340355,False,0.25857824159498494,0.20970346168095239,0.0022238165631927207,0.05907875505394613,0.32921851409958947,0.3448320650575066,0.14881615498623446,0.4689761894486551,0.8463833238851773,0.922596252438609,-0.13975767534906564,0.0593756740011729,0.042169309885900196,0.0,0.0,7.987883767453281
688,"0,240,212,214,110","30332,16145,19109,13525,24243",lucrarea earthquake nachhaltigără événements,0.17414895397682562,8.09744335084879,False,0.2513055795589482,0.2258878517731982,0.0022176784002597093,0.05980733557450272,0.3166481617960516,0.3242104101436138,0.1543132511642452,0.45640647716848803,0.840708902024005,0.919612281799104,-0.13975831537243644,0.09529096629699538,0.014236615929973384,0.0,0.0,7.987915768621821
689,"251,240,195,9,187","694,16145,12743,3349,20719", fun earthquake Smartphone Sport apărut,0.1500842457941083,8.10796928485961,False,0.23469621502666696,0.1740994254667197,0.0019939700438619035,0.05289354424521859,0.34588653489109666,0.36587845856133505,0.1692239384651173,0.48620189244179557,0.8253172248102015,0.9114691775012925,-0.1403153575506989,0.011752757454009468,0.0804486498706568,0.0,0.0,8.015767877534945
690,"0,240,217,214,214","30332,16145,15296,13525,13525",lucrarea earthquakeITYărăără,0.17207351071164978,8.108999188003677,False,0.2495755728307263,0.2204946330877255,0.002157299998123985,0.06065828664661665,0.3183770467649807,0.32365934082889813,0.15500412423815302,0.45837766400353114,0.8399957427219066,0.9192365722499551,-0.14000061723855045,0.09035129495719799,0.018617031118958058,0.0,0.0,8.000030861927522
691,"234,240,195,214,195","794,16145,12743,13525,12743", test earthquake Smartphoneără Smartphone,0.17064956326956854,8.1181047175803,False,0.2538704603820153,0.20814289471218503,0.0017099387845641023,0.05886182958317963,0.3322207661455503,0.3637318648799816,0.16644179422489347,0.47256405728639556,0.8281891156388197,0.9129940885762112,-0.14034329114084526,0.050797811012713384,0.05014234952532343,0.0,0.0,8.017164557042262
692,"0,240,130,229,187","30332,16145,15799,3147,20719",lucrarea earthquake putere 300 apărut,0.1692526606743257,8.12268430376216,False,0.24776500129614332,0.21849766455834668,0.0020628080346495993,0.05856484236126242,0.31669647464004613,0.322826802159337,0.15702468124363522,0.4569387147988966,0.837910006458183,0.9181368736503097,-0.14024224015885045,0.09515292959986814,0.01541936621977016,0.0,0.0,8.012112007942521
693,"237,124,195,214,240","8916,28387,12743,13525,16145", restoration ressenti Smartphoneără earthquake,0.15565814320165963,8.125280872870576,False,0.2392381665592848,0.20653343841787672,0.0014774865804556949,0.056170752826388094,0.3395449685779112,0.3531643515480351,0.1671600467152503,0.48011472351224643,0.82744769371329,0.9126006537827758,-0.1405697549343352,0.02987151834882502,0.06692160780499205,0.0,0.0,8.02848774671676
694,"0,33,54,214,195","30332,25803,7818,13525,12743",lucrarea Saucerocără Smartphone,0.17413057486862732,8.126489432065968,False,0.25108364437339276,0.22048158130843007,0.0021103124750850135,0.06084995382835886,0.32300754302830836,0.33978394238240434,0.15390613900953087,0.4633993776609188,0.8411291468288714,0.9198336050560825,-0.14039183463261046,0.07712130563340462,0.0297763948020418,0.0,0.0,8.019591731630522
695,"0,240,173,214,187","30332,16145,19845,13525,20719",lucrarea earthquakeAiciără apărut,0.18484799214594616,8.126887125760826,False,0.25876032405253413,0.22507276843313254,0.002093677693371698,0.06103619258226082,0.3105032365174853,0.324277575564804,0.14782466381317594,0.4507506585185891,0.8474067986444636,0.9231334335765464,-0.1402474220011038,0.11284789566432768,0.0016681300413090572,0.0,0.0,8.012371100055189
696,"35,240,195,214,38","14797,16145,12743,13525,25012",graphic earthquake Smartphoneără caption,0.18683313725351514,8.132534609706651,False,0.26357431618981975,0.2121237862487577,0.001688264051134636,0.060676954543285255,0.33675859754399373,0.37417970152541796,0.15348235787260922,0.47743337697052224,0.8415665983250485,0.920063933717321,-0.1406747794265285,0.03783257844573213,0.060963059934493836,0.0,0.0,8.033738971326425
697,"194,252,52,16,195","23078,21212,6813,20538,12743",politischen Colin gap trage Smartphone,0.15754156216804616,8.133380320471458,False,0.2427676644604413,0.18160419098451847,0.0019044566851753708,0.054694017929081934,0.3449357483579834,0.36125956465535586,0.17045220458479027,0.48572614049294427,0.8240493372027972,0.9107951445935633,-0.14079039213496086,0.014469290405761632,0.0793914233176539,0.0,0.0,8.039519606748042
698,"0,240,1,214,64","30332,16145,22665,13525,30828",lucrarea earthquakepicturedărăDOWN,0.18001567193817752,8.154738053461418,False,0.25561228598222946,0.22550995375091065,0.0019954147837073664,0.06087233902456801,0.3132882268261535,0.3219977903789812,0.15119322808810387,0.4541028245286202,0.8439295710058282,0.9213070996751822,-0.14081459770246674,0.10489078049670428,0.00911738784137824,0.0,0.0,8.040729885123335
699,"0,240,173,214,53","30332,16145,19845,13525,1735",lucrarea earthquakeAiciără moving,0.18679216247956326,8.158374982757019,False,0.25896049669274596,0.22863990815289534,0.0020883798630090267,0.06251124873201973,0.3262040604230189,0.3307585321612408,0.1443366684263654,0.4672453328639347,0.8510073100114938,0.9250207195374786,-0.1410412724409158,0.06798839879137447,0.038322961919854896,0.0,0.0,8.05206362204579
700,"11,44,195,214,195","9161,15843,12743,13525,12743", bro shaft Smartphoneără Smartphone,0.1456569655269486,8.158425465780885,False,0.2348447628011944,0.18636078452635998,0.002026377213182451,0.053818530852426265,0.3306292317323026,0.36129189212520624,0.1783755945484916,0.471725272344305,0.8158703540144603,0.9064349979184985,-0.14109604061200243,0.05534505219342115,0.04827838298734442,0.0,0.0,8.05480203060012
701,"236,44,195,84,44","24742,15843,12743,24023,15843",estival shaft Smartphone LORD shaft,0.1337614715171869,8.16835775765175,False,0.22177217826878662,0.16272668570151258,0.002058527459883047,0.053540822498440555,0.3476995724497368,0.3581390197255436,0.17602141350319944,0.48919334802118053,0.8183004763837941,0.9077326624600442,-0.14149377557144371,0.0065726501436090354,0.0870963289359567,0.0,0.0,8.074688778572185
702,"199,240,195,214,195","11171,16145,12743,13525,12743",mates earthquake Smartphoneără Smartphone,0.17728420458668875,8.175146485204722,False,0.25858258883776314,0.20973414498633264,0.0018038441577560684,0.058483571614747654,0.330173484401268,0.35687089709436753,0.16259676850214877,0.4715841737459331,0.8321581744493948,0.9150973890782615,-0.1414106893446651,0.05664718742494857,0.04796483054651795,0.0,0.0,8.070534467233255
703,"237,240,162,214,195","8916,16145,5290,13525,12743", restoration earthquakeizatără Smartphone,0.1490304508610088,8.175906483118109,False,0.23393110255228655,0.18626174590979946,0.0014864881563462996,0.0570594120931352,0.34631436692571627,0.368884979341004,0.1698013033825555,0.48793585115473437,0.8247212352180072,0.9111524003246902,-0.1416214842290181,0.010530380212239177,0.08430189145496524,0.0,0.0,8.081074211450904
704,"0,44,58,16,240","30332,15843,28310,20538,16145",lucrarea shaft Illustration trage earthquake,0.18379386664743158,8.196809414179029,False,0.2593108344571348,0.22384018114996537,0.002122396302131285,0.061557513737993584,0.3172357214049456,0.3438351557235568,0.15103393561940648,0.45890393476344915,0.8440940019412578,0.9213935447899522,-0.14166821335850355,0.09361222455729822,0.019786521696553643,0.0,0.0,8.083410667925177
705,"236,240,195,214,45","24742,16145,12743,13525,25231",estival earthquake Smartphoneărăffentlichkeit,0.17146523275998812,8.20181132482116,False,0.24923970166883644,0.20246025776143822,0.002081768109717869,0.05890906815386654,0.33354361593930054,0.35590685412834705,0.15554893781769663,0.47550588283939327,0.8394333545107647,0.9189401842243614,-0.14196226690009273,0.04701824017342696,0.056679739643096125,0.0,0.0,8.098113345004636
706,"0,124,195,229,195","30332,28387,12743,3147,12743",lucrarea ressenti Smartphone 300 Smartphone,0.16363962556206388,8.203797882790779,False,0.2434515218857016,0.21322012641288687,0.0023183332355817543,0.058456365144855416,0.32211679325309134,0.3343579766517452,0.15962379264727544,0.4639781726895481,0.8352270527511996,0.9167203539535514,-0.14186137943645677,0.07966630499116754,0.031062605976773548,0.0,0.0,8.093068971822838
707,"35,240,195,92,240","14797,16145,12743,18158,16145",graphic earthquake Smartphone imperative earthquake,0.14942361663896603,8.205465153801693,False,0.23544849174803484,0.19111683951608277,0.0019272751549521572,0.056140900785946246,0.33832484720984884,0.35758587281099324,0.17204975021813762,0.48041521151924116,0.8224002578393418,0.9099177159402175,-0.14209036430939231,0.03335757940043181,0.067589358931647,0.0,0.0,8.104518215469614
708,"0,33,12,214,214","30332,25803,12337,13525,13525",lucrarea Sauce mobilityărăără,0.17552603004865713,8.205587998288193,False,0.2520864475765843,0.22364070810050593,0.0020658452962006415,0.057689603140436696,0.3187277063425433,0.3315745565321147,0.1531208350558544,0.46058215988231777,0.8419397831681503,0.9202603788842295,-0.14185445353977444,0.08934941044987615,0.02351591084959501,0.0,0.0,8.092722676988721
709,"0,73,130,214,240","30332,9472,15799,13525,16145",lucrarea problème putereără earthquake,0.18558479319082682,8.208525591329806,False,0.25915871330567614,0.22971496050055523,0.002096883358368662,0.061536278893924844,0.3203860511392729,0.3300490169754731,0.14714784022969862,0.462316918707464,0.8481054552467627,0.9234999511479691,-0.14193086756819112,0.0846112824592203,0.02737093046103108,0.0,0.0,8.096543378409555
710,"37,240,195,229,240","30396,16145,12743,3147,16145",electrique earthquake Smartphone 300 earthquake,0.14729330781173897,8.212796137578666,False,0.23242037167951088,0.17922972724712793,0.0019133261916890133,0.05896551199233202,0.354533429839189,0.3763959078218034,0.17025412773554383,0.49671320992732565,0.8242538036278257,0.9109038765229053,-0.14217978008813664,0.0,0.10380713317183475,0.0,0.0,8.108989004406832
711,"0,73,195,242,195","30332,9472,12743,17002,12743",lucrarea problème Smartphoneaffiche Smartphone,0.16823202338683588,8.222182148006054,False,0.24492520671621967,0.216562613138589,0.0020589114287166755,0.05986757874702256,0.330066804360041,0.3397410063878112,0.1533863666587676,0.47237687958763463,0.8416656860296593,0.9201160977513829,-0.14231007522759365,0.056951987542739974,0.049726399083632494,0.0,0.0,8.115503761379681
712,"0,110,179,214,195","30332,24243,3997,13525,12743",lucrarea événementschtără Smartphone,0.16336081786340712,8.223306461676405,False,0.24221126080103128,0.21762847019520123,0.0020554333203222806,0.05872740433120845,0.33920002547037903,0.34311638305817554,0.15770088587524833,0.4816426723106309,0.8372119887739372,0.9177685515012768,-0.14244264684025187,0.03085707008463128,0.07031704957917977,0.0,0.0,8.122132342012593
713,"219,205,195,214,195","25895,24903,12743,13525,12743",flooded dispus Smartphoneără Smartphone,0.14336050424787272,8.236878799172862,False,0.23178924218373242,0.18127145896013655,0.0016610863560072243,0.05535503867553967,0.3399327589095705,0.36935965293141404,0.1768574758717194,0.48264421018746506,0.8174374442614509,0.9072720232258242,-0.14271145127789459,0.02876354597265572,0.07254268930547789,0.0,0.0,8.135572563894728
714,"195,240,195,214,195","12743,16145,12743,13525,12743", Smartphone earthquake Smartphoneără Smartphone,0.1651650505081483,8.256816309021673,False,0.24649145354899957,0.19168052755528242,0.0017728719674387885,0.05729153250673619,0.3339029329965882,0.3686086229030914,0.16265280608170252,0.4769228554246213,0.8321003292059845,0.9150667701967422,-0.14301992242803313,0.04599162000974798,0.05982856761026957,0.0,0.0,8.150996121401656
715,"0,44,176,229,195","30332,15843,257,3147,12743",lucrarea shaftation 300 Smartphone,0.15171934019088942,8.278079330303491,False,0.23525229807247552,0.19968277327359077,0.002169511216614084,0.05599721491282367,0.31765891155168763,0.32886071111899023,0.1670659157631722,0.4608885025155744,0.8275448611476932,0.9126522252407144,-0.14322959096388677,0.092403109852321,0.02419667225683196,0.0,0.0,8.161479548194338
716,"0,254,195,16,195","30332,28995,12743,20538,12743",lucrareafreiheit Smartphone trage Smartphone,0.1617544924180119,8.290760584903781,False,0.24095781584638473,0.2128910241760629,0.002013442695948953,0.058458518220480205,0.33039240330614356,0.33697218521520633,0.15840664685674566,0.4740196412943454,0.8364834613091657,0.9173839725781426,-0.14362723798820182,0.05602170483958978,0.053376980654100806,0.0,0.0,8.18136189941009
717,"11,33,195,214,195","9161,25803,12743,13525,12743", bro Sauce Smartphoneără Smartphone,0.1437896073295405,8.29255250918117,False,0.2313231414133209,0.17665115434066642,0.0021025287687965635,0.053917920454573574,0.33583491854587383,0.36115217942755723,0.1750670681675608,0.47956264037573665,0.8192856070528405,0.9082581856677314,-0.14372772182986282,0.040471661297503285,0.06569475639052585,0.0,0.0,8.18638609149314
718,"0,205,195,104,195","30332,24903,12743,15091,12743",lucrarea dispus Smartphonespieler Smartphone,0.15945082113727893,8.293854533357907,False,0.23909021648843232,0.21063480841666293,0.00195979746396045,0.05887373853378889,0.33098213166099666,0.33434824974811894,0.15927879070230677,0.47467578542026356,0.8355831837911672,0.9169085065030715,-0.1436936537592669,0.054336766682866626,0.05483507871169678,0.0,0.0,8.184682687963344
719,"0,240,195,17,195","30332,16145,12743,25272,12743",lucrarea earthquake Smartphone grafic Smartphone,0.18868706839295335,8.322333748438485,False,0.26076133304291993,0.2266988216923187,0.0022331701505396927,0.06515189466501997,0.3254786666798813,0.3336273624519377,0.14414852929993316,0.4696507556825621,0.8512015181420045,0.925122408495258,-0.1441720890026808,0.07006095234319626,0.04366834596124907,0.0,0.0,8.20860445013404
720,"0,240,52,214,61","30332,16145,6813,13525,18837",lucrarea earthquake gapără manger,0.168028502286687,8.322848867355187,False,0.24565497056647959,0.2173421297215665,0.0020594758729077455,0.05965867806223161,0.30855225606060227,0.31130716707846556,0.15525293655958516,0.45252841681616485,0.8397389041965573,0.9191012258943053,-0.14397616075556258,0.11842212554113632,0.005618704035921857,0.0,0.0,8.198808037778129
721,"195,240,195,214,187","12743,16145,12743,13525,20719", Smartphone earthquake Smartphoneără apărut,0.1687012284345155,8.325652567761823,False,0.24696498489302168,0.21230085817646221,0.0020009891354895006,0.058117672254291174,0.3385174029202597,0.3584875371905245,0.1565275129170124,0.48291156945089964,0.8384232124727614,0.9184075822220696,-0.1443941665306399,0.032807420227829294,0.07313682100199917,0.0,0.0,8.219708326531995
722,"0,205,160,214,240","30332,24903,20437,13525,16145",lucrarea dispusenţaără earthquake,0.1650161191774835,8.329250093223639,False,0.244908615735962,0.21717284156807626,0.0020197739680373416,0.0593116449346781,0.32458838847714416,0.33105636308075104,0.15978499311695704,0.46888209407354997,0.8350606522663669,0.9166324273573584,-0.1442937055964058,0.07260460435101662,0.04196020905233324,0.0,0.0,8.214685279820289
723,"0,254,195,255,240","30332,28995,12743,27850,16145",lucrareafreiheit Smartphone purity earthquake,0.1674810372343701,8.336098003209555,False,0.24658665770728413,0.22054379316866288,0.002132931834129631,0.05931993176091693,0.33850441488286975,0.34233163068918876,0.15821124094582806,0.48309844248089917,0.8366851706365646,0.9174904680998991,-0.14459402759802942,0.03284452890608636,0.07355209440199813,0.0,0.0,8.22970137990147
724,"0,186,195,214,248","30332,10443,12743,13525,6148",lucrareaû Smartphoneără mici,0.15284419697812923,8.355471951354449,False,0.2359101452517678,0.21067650949931796,0.0020355742491242057,0.05838062231612263,0.342742362482804,0.3477536245855455,0.1661318965472771,0.4877589057760084,0.828509010015714,0.9131637878566599,-0.1450165432932044,0.02073610719198855,0.08390867950224083,0.0,0.0,8.250827164660219
725,"0,254,195,214,214","30332,28995,12743,13525,13525",lucrareafreiheit Smartphoneărăără,0.1500805544821361,8.357604037973084,False,0.23336787807623108,0.20317400971837202,0.0020098050699365877,0.0571887212957304,0.3361000690068197,0.34725349694824287,0.16657464718818993,0.48107668212310456,0.828051977096062,0.9129213289280791,-0.14497661311628485,0.03971408855194362,0.069059293606899,0.0,0.0,8.248830655814242
726,"0,240,195,9,195","30332,16145,12743,3349,12743",lucrarea earthquake Smartphone Sport Smartphone,0.18414654236813738,8.370380627254065,False,0.25670475058179376,0.22262376771545803,0.0022547443177804325,0.06486298508122663,0.31880660433871605,0.3312119665653321,0.14511641642731277,0.4638176206580336,0.8502024088492255,0.9245991475080902,-0.14501101631931756,0.08912398760366838,0.030705823684519115,0.0,0.0,8.250550815965877
727,"0,240,1,214,187","30332,16145,22665,13525,20719",lucrarea earthquakepicturedără apărut,0.18964142592663358,8.373597126646558,False,0.26261688132334854,0.23448303269102405,0.00210407066942237,0.06226490188843294,0.309915265431905,0.32420335813866247,0.14595091079342992,0.4548797729078957,0.8493409953100078,0.9241477637296809,-0.1449645074759907,0.11452781305169993,0.010843939795323795,0.0,0.0,8.248225373799535
728,"0,230,195,16,195","30332,25638,12743,20538,12743",lucrarea Numero Smartphone trage Smartphone,0.15673770016173458,8.376424467018133,False,0.23892111530142382,0.20678506571076433,0.002019824802762449,0.05849993023986646,0.3208243755221905,0.32652387804610655,0.16436683027937848,0.4659756571158167,0.8303310139051577,0.9141297335283551,-0.14515128159362617,0.08335892707945564,0.03550146025737037,0.0,0.0,8.257564079681307
729,"0,240,195,164,240","30332,16145,12743,6303,16145",lucrarea earthquake Smartphoneitati earthquake,0.18093590899156514,8.386792888218377,False,0.2569392960317686,0.21999829384414746,0.00224695476397323,0.06149335676416832,0.3188559062153034,0.32440920771221826,0.15200677408040697,0.46418179928714837,0.8430897815944186,0.9208654765597378,-0.14532589307184496,0.08898312509913306,0.03151510952699634,0.0,0.0,8.266294653592247
730,"251,240,1,214,240","694,16145,22665,13525,16145", fun earthquakepicturedără earthquake,0.16091740022023546,8.397664556223214,False,0.24462010280162358,0.19206851852021042,0.001855899664911348,0.05657836645396427,0.3383801139270601,0.36211692771852283,0.16740540516277624,0.4841515642611467,0.8271944204771342,0.9124662157237514,-0.14577145033408662,0.033199674494114005,0.07589236502477041,0.0,0.0,8.28857251670433
731,"251,44,195,214,38","694,15843,12743,13525,25012", fun shaft Smartphoneără caption,0.15283869897654315,8.405388186074394,False,0.24006605203386153,0.18595211027840663,0.00178720592013224,0.055112687719313325,0.3336286572775181,0.37517481558987376,0.17445470611463676,0.47949023843672406,0.819917722720375,0.9085952310492078,-0.14586158115920594,0.04677526492137676,0.0655338631927201,0.0,0.0,8.293079057960297
732,"110,59,195,16,240","24243,31675,12743,20538,16145", événements temporaire Smartphone trage earthquake,0.1394888960896781,8.412545835911686,False,0.228375547878832,0.1894175889141394,0.001811591392411921,0.05399556392132701,0.3570782119325369,0.36778081105176536,0.17777330357830778,0.5029746976443549,0.8164920737256177,0.906767167701661,-0.14589648571181796,0.0,0.11772155032078858,0.0,0.0,8.294824285590897
733,"11,240,173,214,16","9161,16145,19845,13525,20538", bro earthquakeAiciără trage,0.14590289835809228,8.420776109965763,False,0.23170368436338862,0.1949139402222354,0.0019832320741088485,0.05393232989625666,0.33662152432611014,0.3583361346469022,0.17160157201059267,0.4828141552990243,0.8228628934084204,0.9101639566525404,-0.14619263097291413,0.03822421621111381,0.0729203451089428,0.0,0.0,8.309631548645706
734,"0,78,195,214,16","30332,20961,12743,13525,20538",lucrareaKING Smartphoneără trage,0.17735266044599562,8.426590560868844,False,0.25335126678474773,0.2214691739983539,0.0021265959141937574,0.05927461759605009,0.32005857677092886,0.33570430277358065,0.1519972126775042,0.46616117507049554,0.843099651429673,0.9208706680758681,-0.14610259829956668,0.08554692351163178,0.035913722378878944,0.0,0.0,8.305129914978334
735,"251,240,1,214,214","694,16145,22665,13525,13525", fun earthquakepicturedărăără,0.14906486959410373,8.429613131109406,False,0.2371185094124301,0.19549130062139963,0.0017841496746213938,0.05213207661895778,0.33613711433584825,0.3735539255894043,0.17610727963665274,0.48249307537941255,0.8182118403750681,0.9076853641892367,-0.1463559610435643,0.03960824475471922,0.0722068341764723,0.0,0.0,8.317798052178214
736,"234,74,195,214,106","794,9633,12743,13525,14385", test bitte Smartphoneără Freunde,0.12752687036731622,8.439075176977457,False,0.219010581964285,0.1773377742928283,0.0016374702366376672,0.052916575032714575,0.34489533277302303,0.36229122787407136,0.18296742319393755,0.4915389648278865,0.8111304018643225,0.9038985434251249,-0.14664363205486347,0.014584763505648414,0.09230881072863666,0.0,0.0,8.332181602743173
737,"0,73,12,214,44","30332,9472,12337,13525,15843",lucrarea problème mobilityără shaft,0.1612265882277688,8.447543711236547,False,0.24092804644077925,0.2069411928501322,0.0018424829141772958,0.057944908947113925,0.32005393923274933,0.323930958003909,0.1594029164260209,0.4665577116878291,0.8354550540118494,0.9168408169218794,-0.14650377245507978,0.08556017362071615,0.03679491486184245,0.0,0.0,8.325188622753988
738,"0,2,195,214,195","30332,26170,12743,13525,12743",lucrareaathlet Smartphoneără Smartphone,0.17723080764164467,8.448710754891133,False,0.252525390363295,0.22435399032292058,0.0023055010417883937,0.06314361988588002,0.327262920596003,0.34035812052122477,0.1505891654433007,0.4738766878853591,0.8445531195423993,0.921634870519068,-0.1466137672893561,0.06496308401142,0.05305930641190905,0.0,0.0,8.330688364467804
739,"234,240,58,214,44","794,16145,28310,13525,15843", test earthquake Illustrationără shaft,0.1449097610891171,8.464255408674955,False,0.23411692364484768,0.19971322198244612,0.0014624195962189114,0.054276637806283286,0.3365009086072295,0.35606871627909986,0.17841432511146116,0.48352465544334233,0.8158303740784917,0.9064136334414542,-0.14702374683611286,0.03856883255077286,0.07449923431853848,0.0,0.0,8.351187341805643
740,"110,240,195,255,195","24243,16145,12743,27850,12743", événements earthquake Smartphone purity Smartphone,0.1665465110472861,8.466237438826374,False,0.24757684059969728,0.20357710731282447,0.0017356979933508322,0.055243145523648805,0.33365034835015966,0.3595498544311207,0.16206065910482237,0.48067739168756635,0.8327115776982479,0.9153902669873532,-0.14702704333740668,0.04671329042811519,0.06817198152792518,0.0,0.0,8.351352166870333
741,"0,69,195,214,110","30332,22208,12743,13525,24243",lucrarea déplac Smartphoneără événements,0.16152151652317356,8.469631241330257,False,0.2417594113993036,0.21789669680682103,0.0019449991298549462,0.05752904019223309,0.32967173088407103,0.3353184183729967,0.16047578975226007,0.4767153896801711,0.8343475718686347,0.9162555376355114,-0.14704365879610004,0.05808076890265413,0.059367532622602366,0.0,0.0,8.352182939805001
742,"0,182,1,214,240","30332,1575,22665,13525,16145",lucrareationpicturedără earthquake,0.17415393269001672,8.476217334648668,False,0.25118242447198996,0.2219966541967746,0.002062872193032017,0.05857767229879673,0.31533690407491455,0.32329931595743894,0.15405698356394648,0.46233239594295794,0.8409734363210875,0.9197516058349958,-0.1469954918680434,0.09903741692881551,0.027405324317684287,0.0,0.0,8.349774593402168
743,"0,69,195,214,53","30332,22208,12743,13525,1735",lucrarea déplac Smartphoneără moving,0.16177440125961112,8.478958992109808,False,0.24135078423418554,0.21717537736281134,0.0017905764961984871,0.0576288042340529,0.32622212723256944,0.3335724513748923,0.15915276594914884,0.47340246206303166,0.8357132738589431,0.9169772265715497,-0.14718033483046222,0.06793677933551584,0.05200547125118144,0.0,0.0,8.35901674152311
744,"0,111,195,214,195","30332,6156,12743,13525,12743",lucrarea Pas Smartphoneără Smartphone,0.1675852974824963,8.48425079686654,False,0.24631897517876922,0.21412073196901488,0.002071965632752992,0.05930398912128156,0.31951473799525637,0.3339577712266309,0.15746735539254586,0.46671485645191363,0.8374530524980172,0.9178957700128344,-0.14720011845665726,0.08710074858498174,0.03714412544869693,0.0,0.0,8.360005922832862
745,"194,205,195,214,61","23078,24903,12743,13525,18837",politischen dispus Smartphoneără manger,0.1420963875812821,8.493439726588445,False,0.22909372999359376,0.19213288105498033,0.001735995832348858,0.05402277626981133,0.33528690823211715,0.3693227746244425,0.17399468482462332,0.48285474382614657,0.8203925834068404,0.9088483455315175,-0.14756783559402942,0.04203740505109379,0.07301054183588124,0.0,0.0,8.37839177970147
746,"236,30,195,214,16","24742,22706,12743,13525,20538",estivalmog Smartphoneără trage,0.13536000775636356,8.496249542420692,False,0.22546455606746377,0.18106117151801066,0.0016649445345561786,0.05159945227940532,0.3425106514364079,0.3583397119462055,0.18020909662220042,0.49022011867955684,0.8139777067125673,0.9054230521572773,-0.14770946724314893,0.0213981387531202,0.08937804151012628,0.0,0.0,8.385473362157446
747,"100,240,195,214,200","14338,16145,12743,13525,3404", surroundings earthquake Smartphoneărăware,0.15119211058148507,8.498398300849235,False,0.23494329272010583,0.19815796056389517,0.0017555722284846476,0.054215291124372476,0.33927295759697806,0.34860958619752447,0.16750236427724152,0.4869842072192823,0.8270943336492991,0.9124130839278657,-0.14771124962230425,0.03064869258006261,0.08218712715396068,0.0,0.0,8.385562481115212
748,"12,44,195,214,195","12337,15843,12743,13525,12743", mobility shaft Smartphoneără Smartphone,0.1412337791096289,8.506042513659596,False,0.23459188615799195,0.16435661588314068,0.001785014313995903,0.05158111234183246,0.33585923234513604,0.355389428776728,0.18671621409672612,0.48367535625223634,0.8072606822227343,0.901822480260541,-0.1478161239071003,0.040402193299611255,0.07483412500496962,0.0,0.0,8.390806195355015
749,"0,240,67,17,195","30332,16145,25300,25272,12743",lucrarea earthquake farther grafic Smartphone,0.1903743797984065,8.511572159922773,False,0.26178215389284837,0.22720929176561422,0.002241854906849983,0.0639240557799397,0.31231131317928434,0.32902826876749175,0.14281554818888376,0.45994702704016766,0.8525774986437329,0.9258425631883189,-0.1476357138608833,0.10768196234490182,0.022104504533705875,0.0,0.0,8.381785693044165
750,"100,240,195,40,16","14338,16145,12743,18132,20538", surroundings earthquake Smartphone Vorstand trage,0.17182162359678776,8.512479217034151,False,0.25081914853758674,0.20504423554456358,0.0018039934150565152,0.0563315915605019,0.3422538208876558,0.36086506106967414,0.15799504988159796,0.49027094657417797,0.8369083356060925,0.9176082770542134,-0.14801712568652214,0.022131940320983298,0.08949099238706212,0.0,0.0,8.400856284326107
751,"11,240,1,214,240","9161,16145,22665,13525,16145", bro earthquakepicturedără earthquake,0.14369958035019129,8.515728800579275,False,0.23153930236143597,0.19083160532928206,0.0019029527865847941,0.05631219749716518,0.3402669310039593,0.3553488260173563,0.17567944402248936,0.4883221260424556,0.8186534771380755,0.907921007564816,-0.1480551950384963,0.027808768560116146,0.08516028009434579,0.0,0.0,8.402759751924814
752,"195,240,173,214,129","12743,16145,19845,13525,17", Smartphone earthquakeAiciărăt,0.1411901800744427,8.518235490495728,False,0.22807851022153527,0.17617975258224783,0.0006870723466431419,0.05455667542217254,0.34315105733142365,0.3606519753822072,0.17377666029418515,0.49128931818081206,0.8206176409866476,0.908968283113231,-0.14813826084938841,0.019568407624503802,0.09175404040180456,0.0,0.0,8.40691304246942
753,"0,222,195,214,155","30332,10038,12743,13525,31308",lucrareaWC Smartphoneără mănânc,0.16187958158077745,8.523853411716141,False,0.2401630546731293,0.20897264981730318,0.0019860835563520252,0.06047188395949397,0.3332365280630724,0.33919831889165386,0.15656694618470368,0.48136182473803896,0.8383825071641768,0.9183861136881896,-0.14812529667496654,0.04789563410550733,0.06969294386230877,0.0,0.0,8.406264833748326
754,"0,33,12,214,53","30332,25803,12337,13525,1735",lucrarea Sauce mobilityără moving,0.17061817719590158,8.528683737396008,False,0.24857460239351584,0.21746852093730965,0.001924721207173541,0.05986149272821643,0.3147010091746455,0.3224821870424638,0.1559128503952285,0.4626934455949903,0.8390577028178287,0.9187421562140117,-0.14799243642034482,0.10085425950101282,0.028207656877756233,0.0,0.0,8.39962182101724
755,"0,254,195,214,248","30332,28995,12743,13525,6148",lucrareafreiheit Smartphoneără mici,0.15855341665539055,8.552121289554124,False,0.24009532530349972,0.2128269437488829,0.002034537901100586,0.05629525171350238,0.3301938700598532,0.34795298957918974,0.16308381729621835,0.47882347372073586,0.8316554144039037,0.9148312318147985,-0.14862960366088268,0.056588942686133716,0.06405216382385744,0.0,0.0,8.431480183044133
756,"251,152,195,214,214","694,19355,12743,13525,13525", fun persoană Smartphoneărăără,0.13837836340135723,8.553556838255727,False,0.2270600733284316,0.17595549828330087,0.0020317187268865445,0.05437260185854657,0.348730569494085,0.38522158881274154,0.17736341985414872,0.4976130325913112,0.8169151795053948,0.9069931533070419,-0.1488824630972262,0.0036269443026142644,0.10580673909180259,0.0,0.0,8.444123154861309
757,"182,240,195,214,195","1575,16145,12743,13525,12743",tion earthquake Smartphoneără Smartphone,0.15767140062153237,8.559739571508619,False,0.24186717483608108,0.19898173501305905,0.0018506208260130942,0.05820790053500948,0.34221726489850895,0.3660957975789582,0.16839154842909743,0.4911389316465282,0.8261764661377059,0.9119256831402999,-0.14892166674801927,0.02223638600426007,0.09141984810339603,0.0,0.0,8.446083337400962
758,"0,240,242,214,106","30332,16145,17002,13525,14385",lucrarea earthquakeafficheără Freunde,0.1820167981576653,8.567387749919025,False,0.25630016947496587,0.22751272594379138,0.0020332756083266956,0.06221849574194319,0.29839724900818493,0.310493142939225,0.14856674263460112,0.4467962753784617,0.8466407817965408,0.9227314112814188,-0.1483990263702768,0.14743643140518586,0.0,0.0,0.0,8.419951318513839
759,"0,185,154,214,195","30332,15058,12307,13525,12743",lucrareatientoaraără Smartphone,0.16268482118968347,8.57604845415067,False,0.24179491652328644,0.21563249003087878,0.0021072233212670543,0.05947547240892783,0.32981468290082316,0.3413613883913675,0.15822019066720594,0.47889785613107394,0.8366759322144971,0.9174855908039069,-0.14908317323025078,0.05767233456907662,0.06421745806905317,0.0,0.0,8.454158661512539
760,"11,44,195,16,16","9161,15843,12743,20538,20538", bro shaft Smartphone trage trage,0.1430761047376434,8.578755653853218,False,0.2315998903493902,0.18201017513648712,0.0017788847655849207,0.05462772297244895,0.34551817763411746,0.3681737392591789,0.17704757122349357,0.4948441148067975,0.817241216801555,0.9071672551280202,-0.14932593717268006,0.01280520675966433,0.09965358845955001,0.0,0.0,8.466296858634003
761,"87,73,195,166,240","330,9472,12743,31468,16145", pas problème Smartphone ingrijire earthquake,0.14441874266434668,8.587990362907846,False,0.23171300499632708,0.18123635340964508,0.001729910098388199,0.05419164131767559,0.34354220653201206,0.3652197333357816,0.1745885246639608,0.49302095459416245,0.8197795874436534,0.9085215877105173,-0.1494787480621504,0.018450838479965474,0.09560212132036097,0.0,0.0,8.473937403107518
762,"236,152,195,214,44","24742,19355,12743,13525,15843",estival persoană Smartphoneără shaft,0.15629605216079126,8.598018912066722,False,0.2398388416396169,0.19084580723443986,0.00199093031933269,0.05737355408932652,0.34390943573494015,0.37821987019243214,0.1670855789576513,0.4935846846375545,0.827524563656618,0.9126414526210984,-0.14967524890261436,0.017401612185885224,0.0968548547501211,0.0,0.0,8.483762445130717
763,"0,240,173,16,38","30332,16145,19845,20538,25012",lucrarea earthquakeAici trage caption,0.1733436515730384,8.599779971307845,False,0.24986462774262366,0.2168811800680952,0.0019257516960712651,0.05935261271309374,0.306873381274089,0.3121073952460767,0.1530419523391705,0.45613206621127983,0.8420212104885982,0.9203032367979749,-0.14925868493719086,0.12321891064546002,0.013626813802844041,0.0,0.0,8.462934246859541
764,"236,186,195,214,16","24742,10443,12743,13525,20538",estivalû Smartphoneără trage,0.1321010900820869,8.608536755593638,False,0.22227292151666558,0.1757491048924161,0.0018013991813319585,0.05409522160934397,0.33913940001997317,0.36123170737092175,0.18034366286915737,0.48895806008173553,0.8138387996189343,0.9053487378523497,-0.14981866006176237,0.031030285657219454,0.08657346684830117,0.0,0.0,8.490933003088118
765,"11,152,195,214,195","9161,19355,12743,13525,12743", bro persoană Smartphoneără Smartphone,0.1367924073148116,8.61556939767728,False,0.22489364817487265,0.18581113279207248,0.0020940909471564794,0.056555993133500404,0.33480054291512895,0.3623135000114348,0.1762024817201221,0.48470111852919395,0.8181135672566482,0.9076329204474008,-0.149900575614065,0.04342702024248865,0.0771135967315421,0.0,0.0,8.49502878070325
766,"0,240,91,214,214","30332,16145,21738,13525,13525",lucrarea earthquake bărbatărăără,0.18493599153811302,8.619379058308192,False,0.2582009199714075,0.22959823999228238,0.0022034374452142903,0.061969319321027894,0.30811578365554426,0.3221778846853922,0.14652985686658893,0.4577648754548263,0.8487433735570695,0.9238344782120935,-0.14964909179928204,0.11966918955558777,0.01725527878850287,0.0,0.0,8.482454589964101
767,"236,152,195,62,240","24742,19355,12743,23226,16145",estival persoană Smartphone imobil earthquake,0.16487428625097245,8.622263953111798,False,0.24747476615060027,0.1966118757619523,0.001871838339113474,0.05554995456984448,0.33791346277664547,0.3663074210485842,0.16520095979925564,0.487980079055402,0.8294699769814136,0.9136733771981891,-0.15006661627875656,0.0345329634952986,0.08440017567867114,0.0,0.0,8.503330813937827
768,"182,73,195,214,98","1575,9472,12743,13525,9850",tion problème Smartphoneără depict,0.13532868810016807,8.63044641953142,False,0.22537365397724196,0.18640573737048416,0.0015347909139490858,0.056146531817686474,0.340151777900847,0.37656712880082804,0.18008993175414778,0.4904022932645289,0.8141007156086216,0.9054888559479085,-0.1502505153636819,0.028137777426151377,0.08978287392117527,0.0,0.0,8.512525768184094
769,"11,240,67,214,195","9161,16145,25300,13525,12743", bro earthquake fartherără Smartphone,0.18132036320845596,8.64090433534317,False,0.25773300397691573,0.21362221012190155,0.0020251409755377317,0.05759582267363083,0.330054710745006,0.37551617826542305,0.15282528153691954,0.4803827233761367,0.842244870671567,0.9204209463409013,-0.15032801263113071,0.056986540728554295,0.0675171630580815,0.0,0.0,8.516400631556534
770,"0,33,195,229,211","30332,25803,12743,3147,16063",lucrarea Sauce Smartphone 300 Pearl,0.1703228697607199,8.643792502531294,False,0.247133433873418,0.21689963611547464,0.0020162659909471192,0.06033318711770005,0.31326203865693564,0.3247848300682417,0.1536211282253962,0.46344119039120585,0.8414233515092684,0.9199885171971462,-0.1501791517342702,0.1049656038373267,0.029869311980457416,0.0,0.0,8.50895758671351
771,"195,205,176,214,187","12743,24903,257,13525,20719", Smartphone dispusationără apărut,0.11207052475176807,8.64565586552576,False,0.2104703031919616,0.16446510125803443,0.0018628731455033354,0.047579403713399006,0.34905153368918546,0.3645832726890123,0.19679955688038708,0.4997014974811886,0.7968520703170198,0.8962145073137417,-0.15064996379200313,0.0027099037451843487,0.11044777218041904,0.0,0.0,8.532498189600156
772,"173,33,228,214,195","19845,25803,4408,13525,12743",Aici Sauce accordără Smartphone,0.12199498390916727,8.648343849051965,False,0.21532614924515156,0.17344394436678467,0.0017340659812338122,0.05006960796981375,0.32787639449664596,0.3510937233179363,0.18666233067196858,0.47832038181279785,0.8073163038224841,0.9018523545060086,-0.15044398731615188,0.06321030143815433,0.0629341818062174,0.0,0.0,8.522199365807593
773,"139,112,195,214,240","31,21711,12743,13525,16145",' bilden Smartphoneără earthquake,0.14799793900365443,8.652357430157773,False,0.2354939185353384,0.1903157784524295,0.0017206805651386937,0.05471233154714706,0.3419411047080048,0.3651898957937429,0.17499195906336795,0.4926329473488133,0.8193631390313622,0.9082995326083968,-0.15069184264080848,0.023025415119986174,0.09473988299736286,0.0,0.0,8.534592132040423
774,"195,240,158,214,248","12743,16145,17319,13525,6148", Smartphone earthquakeenţăără mici,0.14663563376662184,8.65800554400373,False,0.2327619826880246,0.1622519685640722,0.001912531657745753,0.053026651166869644,0.3508979786189418,0.37057884390733103,0.1722526978428055,0.5017577452650157,0.822190763517104,0.9098061893377042,-0.15085976664607392,0.0,0.11501721170003489,0.0,0.0,8.542988332303695
775,"35,240,58,214,214","14797,16145,28310,13525,13525",graphic earthquake Illustrationărăără,0.15308777374104435,8.663358033345997,False,0.23936777286991065,0.1798363278116098,0.0017029296251128035,0.05251172892544081,0.33559088809326343,0.3635177219369488,0.1725599982577326,0.4864161743013268,0.8218735501855663,0.9096372913102603,-0.15082528620806335,0.041168891162104426,0.08092483178072614,0.0,0.0,8.541264310403166
776,"219,124,195,127,214","25895,28387,12743,23794,13525",flooded ressenti Smartphone Verantwortlichără,0.13609047899923019,8.677534512685728,False,0.2267547663480086,0.1796690937058778,0.0016997304074381826,0.05163466559389445,0.3369872468065749,0.35423721582652484,0.1813285746975568,0.48810097451826606,0.8128221164412317,0.9048046337759568,-0.15111372771169118,0.03717929483835742,0.08466883226281345,0.0,0.0,8.555686385584558
777,"139,240,195,16,106","31,16145,12743,20538,14385",' earthquake Smartphone trage Freunde,0.16045657956477885,8.682366667783777,False,0.24282487389387183,0.19200442534758247,0.0019615232079810254,0.05894874039689044,0.3593462125876275,0.370927348721049,0.16473658865818597,0.5103129695201838,0.8299493278367113,0.9139274650330922,-0.1509667569325563,0.0,0.13402882115596396,0.0,0.0,8.548337846627813
778,"35,44,195,214,214","14797,15843,12743,13525,13525",graphic shaft Smartphoneărăără,0.14136786329464193,8.689010990355545,False,0.23196934743386258,0.16951851759397069,0.001762929760746046,0.053855567041966056,0.3319557908594564,0.3709250332657996,0.1812029682784413,0.48322810819282347,0.8129517746803187,0.9048740419094575,-0.15127231733336705,0.05155488325869587,0.07384024042849657,0.0,0.0,8.563615866668352
779,"0,240,67,16,240","30332,16145,25300,20538,16145",lucrarea earthquake farther trage earthquake,0.15979168771812255,8.692759849328459,False,0.24124285815048366,0.20971647007157646,0.0021444281176904445,0.05866654678564834,0.31155644273246785,0.3169433721688036,0.16290234086472222,0.4626525303364167,0.8318427449138351,0.9149304121818652,-0.15109608760394883,0.1098387350500918,0.028116734080925927,0.0,0.0,8.55480438019744
780,"0,157,195,214,53","30332,27499,12743,13525,1735",lucrareaizant Smartphoneără moving,0.16120545900582028,8.694741932666071,False,0.24098689434461473,0.2176188503318975,0.001924051664855775,0.05975324342862357,0.3217529173207838,0.3269677965625249,0.1595628706775889,0.4730109290079552,0.8352899399457147,0.9167535815705391,-0.1512580116871714,0.08070595051204618,0.05113539779545601,0.0,0.0,8.56290058435857
781,"0,240,195,147,240","30332,16145,12743,18956,16145",lucrarea earthquake Smartphonerius earthquake,0.1703946302481401,8.69559806414013,False,0.24882266860669966,0.2193149778468388,0.0022324064780554764,0.06114675208386291,0.3162162915605071,0.3221973762376778,0.1568560767171191,0.4674233826557194,0.8380840498403932,0.9182286879001771,-0.1512070910952123,0.09652488125569388,0.03871862812382091,0.0,0.0,8.560354554760615
782,"35,240,195,229,187","14797,16145,12743,3147,20719",graphic earthquake Smartphone 300 apărut,0.15768223354172323,8.70131715749003,False,0.2401775963873095,0.18907339328293926,0.0018602179010968945,0.053388650865629016,0.342526935607821,0.36683295236634694,0.16499072569117257,0.4941634275063574,0.8296869928349186,0.9137884187867711,-0.1516364918985364,0.021351612549082816,0.09814095001412751,0.0,0.0,8.58182459492682
783,"94,240,195,214,195","18852,16145,12743,13525,12743",kap earthquake Smartphoneără Smartphone,0.15496657958250107,8.702290237080348,False,0.23914304615990076,0.19491096600057126,0.001705172286475598,0.05725083659529345,0.33233911442549185,0.3538451442410307,0.16835293315479938,0.48387037567566865,0.8262163270660136,0.9119468552745826,-0.1515312612501768,0.05045967307002321,0.07526750150148587,0.0,0.0,8.57656306250884
784,"0,73,195,17,194","30332,9472,12743,25272,23078",lucrarea problème Smartphone graficpolitischen,0.16686562605970925,8.703000864417954,False,0.24481364139640135,0.21162712409555418,0.001976366605155927,0.05752510137776109,0.3298376560803883,0.3370261447272451,0.1558960306733842,0.48135211222067603,0.8390750651113453,0.9187513098366803,-0.15151445614028775,0.05760669691317626,0.06967136049039116,0.0,0.0,8.575722807014387
785,"0,213,195,214,187","30332,73,12743,13525,20719",lucrarea un Smartphoneără apărut,0.16488141959337613,8.70610151079265,False,0.2439332152723637,0.21559343001364065,0.00202774438895556,0.06054308553469956,0.31938816361198724,0.3355836749992172,0.15810359135797514,0.47083494833065487,0.8367962927917676,0.9175491314594684,-0.15144678471866763,0.08746238968003639,0.046299885179233016,0.0,0.0,8.57233923593338
786,"0,240,195,34,53","30332,16145,12743,19867,1735",lucrarea earthquake Smartphonerasi moving,0.18179460063269937,8.714226770724352,False,0.2551410032801673,0.23036118392262656,0.0021883087153836247,0.06234744388714994,0.31420237466590956,0.3214312757314682,0.1466928052949359,0.46574170036264834,0.8485751687278081,0.9237462826474941,-0.15153932569673878,0.10227892952597264,0.03498155636144072,0.0,0.0,8.576966284836939
787,"192,33,195,16,248","19175,25803,12743,20538,6148",analyzing Sauce Smartphone trage mici,0.1510877090599578,8.727649955533987,False,0.2382249227643515,0.18128383997875264,0.0018960663000046896,0.050386428139613394,0.3385004966685176,0.3500485174769692,0.1742744274087874,0.4905922799710653,0.8201038168683484,0.9086944330143178,-0.1520917833025477,0.03285572380423533,0.09020506660236731,0.0,0.0,8.604589165127384
788,"251,240,18,16,240","694,16145,12487,20538,16145", fun earthquake adjacent trage earthquake,0.13245941602143266,8.727727622803888,False,0.22280731161820352,0.16673848893689996,-0.0035701038892322224,0.050114408757035996,0.3322541311081066,0.3513668632443882,0.18069579119354173,0.4842714580020182,0.8134753123163441,0.9051542458644595,-0.15201732689391162,0.050702482548266835,0.07615879556004043,0.0,0.0,8.60086634469558
789,"0,44,1,214,44","30332,15843,22665,13525,15843",lucrarea shaftpicturedără shaft,0.16103172995470347,8.728497005137847,False,0.24098435900341855,0.21383503031181827,0.001936054886828792,0.058616428400677434,0.309013760483571,0.3257124965362908,0.15990525809743017,0.46076326253312333,0.8349365077703946,0.9165668234791012,-0.15174950204955234,0.11710354147551141,0.023918361184718486,0.0,0.0,8.587475102477617
790,"195,44,195,16,16","12743,15843,12743,20538,20538", Smartphone shaft Smartphone trage trage,0.13930238909875323,8.73699839313478,False,0.22944718769421693,0.17797185060114995,0.0017225248723176934,0.05455589567611233,0.3370516284286969,0.3784127086892833,0.1802895971909274,0.48930480894682427,0.8138946093513008,0.9053785963943882,-0.15225318051812736,0.036995347346580214,0.08734401988183167,0.0,0.0,8.612659025906368
791,"0,168,195,9,38","30332,15271,12743,3349,25012",lucrareaoară Smartphone Sport caption,0.17002080531870392,8.741535204720437,False,0.2463343545162381,0.20847769613517803,0.0019368889470250561,0.05848091255540761,0.3162148888621205,0.323005926200779,0.15262709839506838,0.4683016102760635,0.8424494468179939,0.9205285990152243,-0.15208672141394297,0.0965288889653699,0.04067024505791883,0.0,0.0,8.604336070697148
792,"195,33,195,21,240","12743,25803,12743,10089,16145", Smartphone Sauce Smartphone Animal earthquake,0.1476873033504691,8.743712113774473,False,0.23254808138672478,0.1752733751355414,0.0016652765905250722,0.053980822821772245,0.33282285306570664,0.35075881401726244,0.16972155607251138,0.4851531805096033,0.8248035550219237,0.9111961610583578,-0.15233032744389668,0.04907756266940955,0.07811817891022958,0.0,0.0,8.616516372194834
793,"110,240,195,218,248","24243,16145,12743,6798,6148", événements earthquake Smartphone Think mici,0.16291961308884512,8.746979953766786,False,0.24457023527381927,0.1861997692809463,-0.0070749124977011624,0.05023858414086013,0.3538841472131479,0.3787810837149091,0.1633012443699483,0.5063206081485482,0.8314309735536017,0.9147123895684652,-0.15243646093540025,0.0,0.1251569069967737,0.0,0.0,8.621823046770013
794,"110,240,195,229,228","24243,16145,12743,3147,4408", événements earthquake Smartphone 300 accord,0.15141934158517248,8.747005503644505,False,0.23873738166583544,0.18730420229874029,0.00150562962565306,0.05113502830071687,0.3426764041679793,0.37087903356275725,0.17463608016132592,0.49518959653768235,0.8197304978979861,0.9084954154197334,-0.15251319236970307,0.020924559520059116,0.1004213256392941,0.0,0.0,8.625659618485152
795,"0,240,144,214,214","30332,16145,9175,13525,13525",lucrarea earthquake|ărăără,0.1693293635950043,8.764780514881126,False,0.24683530887073915,0.2169027690003198,0.002069515886744089,0.059583430176962916,0.30955881253998085,0.31676627630514814,0.1550118905514697,0.46200973197436085,0.8399877258823538,0.9192323479123927,-0.15245091943438,0.11554624988576893,0.026688293276357418,0.0,0.0,8.622545971719
796,"0,204,195,16,195","30332,1250,12743,20538,12743",lucrarea allows Smartphone trage Smartphone,0.15224273152537762,8.767471286045494,False,0.2344579365142593,0.206731636847456,0.0020271092409955282,0.05727958296464186,0.32343635419679484,0.3276833195142876,0.16443040997776337,0.4761075229471711,0.8302653832487604,0.9140949567863487,-0.15267116875037628,0.0758961308663004,0.05801671766038025,0.0,0.0,8.633558437518813
797,"62,240,195,214,106","23226,16145,12743,13525,14385", imobil earthquake Smartphoneără Freunde,0.17323584012927445,8.774215434649497,False,0.25115799032364694,0.2066487755483325,0.0016610946044247343,0.058689537859392564,0.3291075039826054,0.3487513339297766,0.15584430038874497,0.4819767661534937,0.8391284641148439,0.9187794619010892,-0.1528692621708883,0.05969284576398449,0.07105948034109713,0.0,0.0,8.643463108544415
798,"198,33,195,214,248","3484,25803,12743,13525,6148",gra Sauce Smartphoneără mici,0.1310698622774537,8.77465370277435,False,0.2236885665388616,0.16825771860615404,0.0016724897231319925,0.05096504595094984,0.33761574959671137,0.36057456409964056,0.18523740852281578,0.49059684785162094,0.8087871912022547,0.9026420062667061,-0.15298109825490958,0.035383572580824606,0.09021521744804652,0.0,0.0,8.649054912745479
799,"0,205,195,76,195","30332,24903,12743,26292,12743",lucrarea dispus Smartphone menschliche Smartphone,0.14305806672119808,8.786460851991084,False,0.2278003864418271,0.20465998978216918,0.001925901227019944,0.056187299286387604,0.32345114082383636,0.3278701280702729,0.16948463944125802,0.47648611933702534,0.825048114125153,0.9113261548747199,-0.15303497851318898,0.07585388336046749,0.05885804297116739,0.0,0.0,8.651748925659449
800,"251,33,58,214,16","694,25803,28310,13525,20538", fun Sauce Illustrationără trage,0.14038334638216965,8.78682233240151,False,0.23127845699742522,0.17088344776364534,-0.009720300531423552,0.04746675322619968,0.3301859903077159,0.35755248742726636,0.18179022123051114,0.48330977345470794,0.8123455780846337,0.9045494893976166,-0.15312378314699204,0.05661145626366882,0.07402171878823983,0.0,0.0,8.656189157349601
801,"145,240,195,214,214","26356,16145,12743,13525,13525", sunet earthquake Smartphoneărăără,0.16433413762621416,8.792257561938364,False,0.2460825494892693,0.20523559028014948,0.0017456220064614337,0.05660789544540314,0.31936762628412285,0.3505989195968195,0.1634968237261103,0.47246395803290153,0.8312290851859506,0.9146054757510965,-0.15309633174877868,0.08752106775964894,0.04991990673978115,0.0,0.0,8.654816587438933
802,"0,33,195,214,8","30332,25803,12743,13525,17682",lucrarea Sauce SmartphoneărăSport,0.18155671108531463,8.794563473936357,False,0.25638066454448877,0.21930842478853138,0.0021397024541593033,0.06124775279247981,0.31017278674613513,0.32837954133058095,0.14964790691834828,0.46320148289441354,0.845524741245576,0.9221453752427823,-0.1530286961482784,0.11379203786818529,0.029336628654252288,0.0,0.0,8.651434807413919
803,"251,223,195,214,240","694,23346,12743,13525,16145", funEQ Smartphoneără earthquake,0.13772766011499912,8.809136547708666,False,0.22785559777236455,0.18336885820565288,0.0018388860621740889,0.0541894892532267,0.3412330737414539,0.36115683378748736,0.18025587531473086,0.49491846141783813,0.8139294190299552,0.9053972192829339,-0.15368538767638423,0.02504836073870309,0.09981880315075137,0.0,0.0,8.684269383819212
804,"94,44,195,214,44","18852,15843,12743,13525,15843",kap shaft Smartphoneără shaft,0.13197017916509962,8.80977774184404,False,0.22278820558341383,0.1674531616788291,0.0017906156105577942,0.0502544576032502,0.3288784563491282,0.3583072225492748,0.18163605283662843,0.48242591409689106,0.8125047196525126,0.9046347037138093,-0.15354745774776285,0.06034726757391933,0.0720575868819801,0.0,0.0,8.677372887388142
805,"48,73,195,9,214","27062,9472,12743,3349,13525", pantalon problème Smartphone Sportără,0.15989812368821563,8.812058946656641,False,0.24351755839316727,0.18720458148349167,0.0017540885956733978,0.05577412692405165,0.33491699525535473,0.3727561563072206,0.1672388694099033,0.48858155253486313,0.8273663283510676,0.912557467006926,-0.1536645572795084,0.04309429927041499,0.08573678341080693,0.0,0.0,8.68322786397542
806,"0,240,173,16,248","30332,16145,19845,20538,6148",lucrarea earthquakeAici trage mici,0.1805536982305565,8.825117778962213,False,0.2588092033572364,0.2198170249311531,0.0019492517085876627,0.06022753242779467,0.3082010174769117,0.32861889045570586,0.15651101025335978,0.46179082318320225,0.8384402474804028,0.9184165665680472,-0.15358980570629055,0.11942566435168081,0.02620182929600497,0.0,0.0,8.679490285314527
807,"0,240,173,229,248","30332,16145,19845,3147,6148",lucrarea earthquakeAici 300 mici,0.17799249661662825,8.830840941379844,False,0.2561152312221886,0.22396134947101487,0.0022002431583014294,0.06030078264396199,0.31437185659025374,0.3367318186757011,0.1562454692111207,0.4681462801679256,0.8387143543627141,0.9185611197894669,-0.15377442357767185,0.10179469545641782,0.040325067039834614,0.0,0.0,8.688721178883592
808,"234,33,195,214,195","794,25803,12743,13525,12743", test Sauce Smartphoneără Smartphone,0.13651565472677912,8.83898068876328,False,0.22761371543476094,0.17892643057977148,0.0018822633688763747,0.05332172132804253,0.3281192413636651,0.36723506155179925,0.18219612141596364,0.4822166739006357,0.8119265843448117,0.9043250956287989,-0.1540974325369706,0.06251645324667107,0.07159260866807934,0.0,0.0,8.70487162684853
809,"0,240,195,39,103","30332,16145,12743,2951,31149",lucrarea earthquake Smartphoneches dicke,0.17816246961339183,8.846063936703931,False,0.2550656373880497,0.22505054406035072,0.0022937392463153296,0.061399235341261994,0.30913536758457555,0.32252555671269506,0.15380633554931578,0.46313762980820194,0.841232169755545,0.9198878542793596,-0.1540022622236264,0.11675609261549838,0.029194732907115408,0.0,0.0,8.700113111181318
810,"0,205,90,214,33","30332,24903,23060,13525,25803",lucrarea dispus răspundeără Sauce,0.16270131570416227,8.84753367359521,False,0.2438182976764234,0.21267006339106573,0.0019695153750368235,0.056396553803186276,0.31705384206231035,0.3365515596747614,0.16223396394452227,0.4711805214297847,0.832532682379848,0.9152956003693439,-0.15412667936747437,0.09413187982197035,0.04706782539952159,0.0,0.0,8.706333968373718
811,"236,240,160,214,240","24742,16145,20437,13525,16145",estival earthquakeenţaără earthquake,0.15341586620083172,8.852681990388795,False,0.23489049074161564,0.19491843841531475,0.00190304311683141,0.05571972557997618,0.335854428266869,0.35592848851807096,0.16294924908156783,0.4903082709796863,0.8317943235287042,0.914904776967763,-0.1544538427128173,0.040415919237517056,0.08957393551041402,0.0,0.0,8.722692135640864
812,"0,44,195,214,223","30332,15843,12743,13525,23346",lucrarea shaft SmartphoneărăEQ,0.15114052709905182,8.863302907827432,False,0.23563581695244054,0.19673067756579157,0.0020160699014638572,0.055326203607452586,0.31540366110793,0.32141282514916364,0.16899057970677744,0.4698122415448435,0.8255581112704233,0.911597180937514,-0.15440858043691352,0.09884668254877137,0.04402720343298558,0.0,0.0,8.720429021845675
813,"0,124,195,104,240","30332,28387,12743,15091,16145",lucrarea ressenti Smartphonespieler earthquake,0.16802009448581265,8.86743726192846,False,0.24647797014321063,0.21048550913728672,0.002140725206719607,0.0602704622163533,0.32517184769551,0.32706076797859157,0.15691575131479596,0.4797783587621706,0.8380224502556944,0.9181961929158735,-0.15460651106666062,0.07093757801282852,0.06617413058260135,0.0,0.0,8.73032555333303
814,"251,44,195,229,16","694,15843,12743,3147,20538", fun shaft Smartphone 300 trage,0.15080134329706055,8.86935002094825,False,0.2377420819977142,0.19002679078312812,0.001931180662842108,0.055518233660859374,0.3401676307700459,0.3697003817674447,0.17388147740130733,0.4949930886881437,0.8205094426825215,0.9089106240982623,-0.15482545791809776,0.028092483514154467,0.09998464152920815,0.0,0.0,8.741272895904887
815,"251,240,169,214,16","694,16145,680,13525,20538", fun earthquake sieără trage,0.15361352286211064,8.872108064833434,False,0.23731819454515715,0.19763548541790255,0.0018568266342542884,0.04801692143056705,0.3430483158419984,0.35565074414875175,0.16740934336609303,0.49796161089311886,0.8271903552350007,0.9124640577216765,-0.15491329505112045,0.019861954737147344,0.1065813575402641,0.0,0.0,8.745664752556022
816,"136,240,195,17,187","2824,16145,12743,25272,20719",.... earthquake Smartphone grafic apărut,0.14706576964930548,8.877749191364744,False,0.2303365286558743,0.18441975708896477,0.0018816056751764288,0.051914216915853906,0.34443828077166905,0.3575535774039769,0.16654151801313766,0.4994764966643273,0.8280861749541805,0.9129394733424896,-0.15503821589265826,0.0158906263666598,0.10994777036517177,0.0,0.0,8.751910794632913
817,"0,33,1,16,240","30332,25803,22665,20538,16145",lucrarea Saucepictured trage earthquake,0.1612286448975215,8.881141465656981,False,0.24302040477464756,0.19920062089426582,0.0019682169692180895,0.0580049494269852,0.3115998310473627,0.31785164243638975,0.16358351975425212,0.4663037537155343,0.8311395925117397,0.9145580792086131,-0.15470392266817157,0.10971476843610646,0.03623056381229839,0.0,0.0,8.735196133408577
818,"0,240,173,156,98","30332,16145,19845,6872,9850",lucrarea earthquakeAicieşti depict,0.1683965716281013,8.884647086452386,False,0.24461234991304792,0.21651184869128498,0.0018522656446858965,0.05974268409864399,0.3119997198254276,0.3143728843147047,0.15243155656989327,0.4667756332720895,0.8426512964439812,0.9206348045941489,-0.15477591344666186,0.10857222907020674,0.03727918504908772,0.0,0.0,8.738795672333092
819,"0,33,67,16,240","30332,25803,25300,20538,16145",lucrarea Sauce farther trage earthquake,0.15813214108297857,8.889262470423276,False,0.23945071743163704,0.20769406134425333,0.0021205485083827247,0.05729375903495363,0.3069070573183819,0.3088917224710301,0.16263715269731693,0.4617094335887168,0.8321164875382535,0.9150753232945816,-0.15480237627033488,0.12312269337605161,0.026020963530481753,0.0,0.0,8.740118813516743
820,"0,205,12,214,248","30332,24903,12337,13525,6148",lucrarea dispus mobilityără mici,0.14254744520238097,8.907102755131882,False,0.2290059977816349,0.20389339208441482,0.0017153709371606207,0.05282985204432019,0.3239039469250412,0.3308469853670895,0.1729171051585079,0.4792545947822784,0.8215049237073467,0.9094409793062396,-0.15535064785723718,0.07456015164273934,0.06501021062728528,0.0,0.0,8.767532392861858
821,"0,190,195,229,64","30332,11733,12743,3147,30828",lucrareausion Smartphone 300DOWN,0.12958766859784251,8.908063524444863,False,0.21819237350127738,0.18516357733509448,0.0019025587708466963,0.05407138501979509,0.3265673479891722,0.3283665262557802,0.17720940980686972,0.48196877533251364,0.8170741576187152,0.9070780507724405,-0.15540142734334145,0.0669504343166508,0.0710417229611414,0.0,0.0,8.770071367167072
822,"62,240,195,214,195","23226,16145,12743,13525,12743", imobil earthquake Smartphoneără Smartphone,0.15561613821427933,8.908404608945418,False,0.2391222292577293,0.20135024809635035,-0.0033992212577518494,0.053823004931148936,0.3251224362509336,0.3496497195548998,0.16701218208689994,0.4805128276836384,0.8276003281683614,0.9126816629652971,-0.15539039143270478,0.07107875356876102,0.06780628374141864,0.0,0.0,8.769519571635238
823,"29,240,195,214,195","28935,16145,12743,13525,12743", Squad earthquake Smartphoneără Smartphone,0.16509543123224443,8.911689575349795,False,0.24730999758739888,0.20260361403534677,0.0016953076510274447,0.05969918879943181,0.31983742973157214,0.3451717080505136,0.1644291327103089,0.47522646937786395,0.8302667017183908,0.9140956554374882,-0.1553890396462918,0.08617877219550811,0.05605882083969763,0.0,0.0,8.769451982314589
824,"0,149,173,214,240","30332,18457,19845,13525,16145",lucrarea varstaAiciără earthquake,0.16494927760120326,8.927722285316275,False,0.24502791541867874,0.21718978677865458,0.002145233401481922,0.058875541790333365,0.3227854262180584,0.3259864255258105,0.16015727563495097,0.4785173171067051,0.8346763606348894,0.9164293340814932,-0.1557318908886467,0.07775592509126168,0.06337181579267795,0.0,0.0,8.786594544432335
825,"0,240,33,16,61","30332,16145,25803,20538,18837",lucrarea earthquake Sauce trage manger,0.16995267943798054,8.93413274347722,False,0.24679231339003227,0.2145837454863318,0.0020697820057356485,0.060797034705836105,0.31064847010984903,0.31470533846137916,0.15367926790410347,0.4663555526762499,0.8413633363570545,0.919956918608636,-0.15570708256640087,0.11243294254328844,0.03634567261388863,0.0,0.0,8.785354128320042
826,"141,33,195,214,195","25205,25803,12743,13525,12743",izeze Sauce Smartphoneără Smartphone,0.13254049795272219,8.938961489259775,False,0.22435038863069753,0.17372634341660786,0.001796706459881836,0.05240959307811868,0.3271692729379935,0.35966111723653515,0.1836197813559507,0.483169681673825,0.8104569998906316,0.9035376132978911,-0.1560004087358315,0.06523064874858986,0.07371040371961111,0.0,0.0,8.800020436791574
827,"0,44,67,16,240","30332,15843,25300,20538,16145",lucrarea shaft farther trage earthquake,0.15760634202391563,8.942173352713935,False,0.23978293616232796,0.2101593072024004,0.002100427987036896,0.05622376670224849,0.3162390838403625,0.3186731389567169,0.16435318827682466,0.47216810650741187,0.83034509597231,0.914137195241051,-0.1559290226670494,0.09645976045610714,0.04926245890535968,0.0,0.0,8.796451133352468
828,"35,205,195,214,187","14797,24903,12743,13525,20719",graphic dispus Smartphoneără apărut,0.12831052829301692,8.954041759488323,False,0.21916397630956874,0.1760903370178382,0.0014434198664895815,0.05127800437447691,0.3459650948862132,0.37035466018996716,0.18170689603310364,0.50248279538567,0.812431591191635,0.904595547173927,-0.1565177004994568,0.011528300325105118,0.1166284341903777,0.0,0.0,8.82588502497284
829,"110,240,12,214,240","24243,16145,12337,13525,16145", événements earthquake mobilityără earthquake,0.13318107529241774,8.95707422288143,False,0.22403006086069455,0.18265275005421475,0.0015486599390208801,0.049265188898289014,0.32650824750464735,0.3399613671733778,0.18169797113655362,0.4828474590370838,0.8124408039880737,0.9046004802471898,-0.15633921153243646,0.06711929284386464,0.07299435341574179,0.0,0.0,8.816960576621822
830,"0,240,206,214,99","30332,16145,17140,13525,7693",lucrarea earthquakeligaără graphic,0.16671847147815894,8.95787729285992,False,0.24633361455699243,0.2196772371272515,0.0019021558415091289,0.0580727212721202,0.30024475086834745,0.30585679236337454,0.159230286157667,0.4562800273075295,0.8356332529985373,0.9169349561677388,-0.15603527643918202,0.14215785466186437,0.013955616238954372,0.0,0.0,8.801763821959101
831,"0,205,67,214,214","30332,24903,25300,13525,13525",lucrarea dispus fartherărăără,0.13907953163686237,8.961120696027606,False,0.2255477350432611,0.20060270000894942,0.0016739189309158632,0.05328906298765035,0.3233284318278655,0.32713617934090156,0.17293640681279743,0.4797064686433226,0.8214849994190478,0.9094303674208392,-0.1563780368154571,0.07620448049181272,0.06601437476293912,0.0,0.0,8.818901840772854
832,"251,240,195,214,45","694,16145,12743,13525,25231", fun earthquake Smartphoneărăffentlichkeit,0.16821043157054827,8.965221734716234,False,0.2488978097032325,0.20933073974479702,0.002112280949667028,0.05658033900188248,0.32509953495230237,0.35436694480127534,0.16137475626536846,0.48157763546452576,0.8334196064357486,0.9157648408486927,-0.15647810051222338,0.07114418585056459,0.07017252325450166,0.0,0.0,8.823905025611168
833,"0,240,39,214,240","30332,16145,2951,13525,16145",lucrarea earthquakechesără earthquake,0.17186950319370034,8.965521856607296,False,0.24861131333175515,0.22252400734444902,0.0020482396149402947,0.060585816849727726,0.3174434445358825,0.32100501020612343,0.15348362027610962,0.47383420889688405,0.8415652951988546,0.9200632476758814,-0.15639076436100152,0.09301872989747845,0.0529649086597423,0.0,0.0,8.819538218050075
834,"0,240,130,214,197","30332,16145,15799,13525,2266",lucrarea earthquake putereără24,0.1673066065053621,8.96902517524038,False,0.24506112573615746,0.21884073451931968,0.0019317387861053192,0.05778320216134126,0.29722872481330365,0.30845686177899556,0.1555090384615907,0.4534408023308344,0.8394745409428741,0.918961893409302,-0.15621207751753075,0.15077507196198953,0.007646227401854179,0.0,0.0,8.810603875876536
835,"0,240,254,214,187","30332,16145,28995,13525,20719",lucrarea earthquakefreiheitără apărut,0.1597818873802432,8.99344161709504,False,0.24157870640689674,0.2033306718164753,0.0019385289334123757,0.05668201994040884,0.30945689568488466,0.3135586787151434,0.16359363805330707,0.4662851928594692,0.831129147815941,0.914552547395005,-0.15682829717458452,0.11583744090032949,0.036189317465487036,0.0,0.0,8.841414858729225
836,"251,33,195,214,187","694,25803,12743,13525,20719", fun Sauce Smartphoneără apărut,0.14630005416688233,9.003620680544039,False,0.23395594639287723,0.1811974447564787,0.001962427686738311,0.05465161766251408,0.33238107157807656,0.3705172608896738,0.1753117844519898,0.48968300037363816,0.8190329966947202,0.9081234583183115,-0.1573019287955616,0.050339795491209774,0.08818444527475143,0.0,0.0,8.865096439778078
837,"0,162,195,104,195","30332,5290,12743,15091,12743",lucrareaizat Smartphonespieler Smartphone,0.16506239825854924,9.003877398495709,False,0.24396570986529642,0.21156443426226915,0.0019481762110061475,0.059611642578587774,0.31371277666253494,0.32629236447047966,0.15780662321349437,0.47079265118281793,0.8371028405538122,0.9177109440267701,-0.157079874520283,0.10367778096418583,0.046205891517373164,0.0,0.0,8.85399372601415
838,"108,240,195,214,106","30122,16145,12743,13525,14385", Angehörige earthquake Smartphoneără Freunde,0.16886871037554005,9.005240236549016,False,0.24842554973008166,0.2105264586785752,0.0015931767349544436,0.057985444738616075,0.3310074192575625,0.3470117660960183,0.15911367870908322,0.4883236598876204,0.8357536219777205,0.9169985394159125,-0.1573162406300579,0.05426451640696424,0.0851636886391564,0.0,0.0,8.865812031502895
839,"251,44,12,214,195","694,15843,12337,13525,12743", fun shaft mobilityără Smartphone,0.13988543103756715,9.005341688319165,False,0.22790232503205524,0.18005561359006694,0.0019284204489656066,0.051401787408979514,0.3461655719672486,0.3697611145307847,0.17603378798897618,0.5036680489407432,0.8182877027210569,0.9077258462834601,-0.15750247697349462,0.010955508665003881,0.1192623309794294,0.0,0.0,8.87512384867473
840,"234,73,106,214,195","794,9472,14385,13525,12743", test problème Freundeără Smartphone,0.14709198193444642,9.007551161090502,False,0.23449706447126886,0.18800559232149294,0.0017561044381077752,0.055004103512126264,0.3337769768516599,0.36747540012388175,0.17481016507364489,0.4911711416610119,0.8195507973433344,0.9083996009060964,-0.15739416480935198,0.04635149470954305,0.09149142591335972,0.0,0.0,8.869708240467599
841,"35,44,195,214,91","14797,15843,12743,13525,21738",graphic shaft Smartphoneără bărbat,0.14691650010755894,9.00797506023216,False,0.23507778701491508,0.19351781609393043,0.0018174115446559337,0.05436217187851916,0.32344678746844174,0.3599040765929787,0.17632257381471228,0.48072347448770125,0.8179896012235228,0.9075667612827653,-0.1572766870192595,0.07586632151873782,0.0682743877504472,0.0,0.0,8.863834350962975
842,"234,240,195,229,122","794,16145,12743,3147,12759", test earthquake Smartphone 300 beneath,0.14586095925074016,9.01335356720621,False,0.23060716451610908,0.1780712982327098,0.001702888696646926,0.05680234665493333,0.3457716870672736,0.3691930134995108,0.16949241053073782,0.5034227941240159,0.8250400923553675,0.9113218912487849,-0.1576511070567423,0.012080894093503864,0.1187173202755909,0.0,0.0,8.882555352837114
843,"195,155,195,214,195","12743,31308,12743,13525,12743", Smartphone mănânc Smartphoneără Smartphone,0.12330272098567474,9.016362152917036,False,0.21484234359225152,0.1850593472532571,0.001888489892269607,0.049537546810194566,0.3268416619041214,0.3465086300698181,0.18307924521315355,0.4843202278949841,0.8110149726831963,0.9038366859045092,-0.15747856599086268,0.06616668027393881,0.0762671730999646,0.0,0.0,8.873928299543133
844,"0,185,195,214,195","30332,15058,12743,13525,12743",lucrareatient Smartphoneără Smartphone,0.15843691213916747,9.016740336593669,False,0.2393748860021722,0.2116109880531113,0.0020344798402995748,0.057661503586851064,0.31699651420230995,0.3235291099302936,0.16187594772600944,0.47436262416385816,0.8329022475086354,0.9154911535749488,-0.1573661099615482,0.0942956737076858,0.05413916480857366,0.0,0.0,8.86830549807741
845,"174,183,94,214,195","6031,23,18852,13525,12743",ttingikapără Smartphone,0.10883246883305323,9.023703708034223,False,0.2045590097066551,0.16912808464538368,0.0006329836242524812,0.049096733015637974,0.34321590178201994,0.358698742544244,0.19145308174720377,0.5010341296475023,0.8023710123899832,0.8991923699925374,-0.15781822786548233,0.019383137765657255,0.11340917699444945,0.0,0.0,8.890911393274116
846,"20,44,195,214,187","16297,15843,12743,13525,20719", Graphic shaft Smartphoneără apărut,0.15648039050604448,9.025973744775335,False,0.24185983160969174,0.18962350885174514,0.0018255810373706328,0.05194473617060979,0.3285679052207429,0.3646398632629458,0.17075888220729452,0.4862515107312827,0.8237327667537605,0.9106267719503449,-0.15768360551053978,0.06123455651216304,0.08055891273618375,0.0,0.0,8.884180275526989
847,"0,240,130,229,38","30332,16145,15799,3147,25012",lucrarea earthquake putere 300 caption,0.15529811425574522,9.03350179886779,False,0.23511382321921062,0.20381176212692603,0.0017398987647933017,0.056488739752847295,0.30355346034028075,0.31040532187036546,0.1596314179269308,0.46107709308869477,0.8352191814947811,0.9167161949442527,-0.15752363274841402,0.13270439902776923,0.02461576241932168,0.0,0.0,8.8761816374207
848,"0,240,144,16,240","30332,16145,9175,20538,16145",lucrarea earthquake| trage earthquake,0.15930730292508194,9.04135219436757,False,0.2403686847136055,0.21326361413331793,0.0021716299524430606,0.05835117410889785,0.31089217304983224,0.313184275158701,0.16212276357704714,0.4686553569912153,0.8326474698559514,0.9153563439573426,-0.15776318394138306,0.11173664842905068,0.041456348869367304,0.0,0.0,8.888159197069152
849,"0,240,195,15,195","30332,16145,12743,18661,12743",lucrarea earthquake Smartphonefreien Smartphone,0.16617195356796136,9.062731808743255,False,0.24353037218216103,0.21245589212470625,0.002183427614926897,0.062451876103966686,0.3121091202737064,0.3195059158441455,0.15471683722839935,0.4702964967970418,0.8402922970545555,0.9193928228845386,-0.15818737652333537,0.10825965636083877,0.04510332621564836,0.0,0.0,8.909368826166768
850,"195,240,195,214,245","12743,16145,12743,13525,23156", Smartphone earthquake Smartphoneărăceşti,0.1564837032086823,9.072181111989224,False,0.23967778147381927,0.19492152005552435,0.0019332392582845082,0.05804145164024141,0.33309039836038185,0.3533905789768872,0.16638815653027395,0.49171381051531693,0.8282444835816527,0.9130234627158965,-0.15862341215493508,0.0483131475417661,0.09269735670070427,0.0,0.0,8.931170607746754
851,"11,44,58,214,240","9161,15843,28310,13525,16145", bro shaft Illustrationără earthquake,0.14040188420205782,9.079631601247675,False,0.2303145430652028,0.1819969566794119,0.0018197616336907809,0.0536155050340033,0.32250651068309727,0.3454459967600924,0.17982531772628996,0.4811439122958412,0.814373865572862,0.9056349608278769,-0.15863740161274392,0.07855282661972203,0.06920869399075817,0.0,0.0,8.931870080637195
852,"0,240,11,214,62","30332,16145,9161,13525,23226",lucrarea earthquake broără imobil,0.1910720277173376,9.085779594294598,False,0.26245285281502867,0.24038278913307037,0.002148135814299135,0.06306214850137161,0.3040109891511337,0.316228026212976,0.14276165019538212,0.46254124872760943,0.8526331352821862,0.9258716702678713,-0.1585302595764757,0.1313971738539036,0.027869441616909827,0.0,0.0,8.926512978823785
853,"35,205,195,214,195","14797,24903,12743,13525,12743",graphic dispus Smartphoneără Smartphone,0.13282186481277583,9.094693002218984,False,0.22454085297258422,0.16521681473415006,0.0015403517714700776,0.05236477431215453,0.3363880718580074,0.3691003029220683,0.18343797631961678,0.49548265605682695,0.8106446696055569,0.9036382150398373,-0.15909458419881956,0.03889122326283594,0.10107256901517098,0.0,0.0,8.954729209940977
854,"195,240,144,9,110","12743,16145,9175,3349,24243", Smartphone earthquake| Sport événements,0.14161446462447347,9.099080925815537,False,0.22724018054686845,0.16451044849992397,0.0019313119453353068,0.05469532795152112,0.3414689565656835,0.36663283595815205,0.17125143184478997,0.5007093385076307,0.8232243284182813,0.9103562863819912,-0.15924038194194717,0.024374409812332822,0.1126874189058459,0.0,0.0,8.962019097097357
855,"0,112,195,214,53","30332,21711,12743,13525,1735",lucrarea bilden Smartphoneără moving,0.15949189239054803,9.10151619340722,False,0.2399522749390329,0.211831484280063,0.001805442793650014,0.05829495451069922,0.3272334979814203,0.32935351392446505,0.16092076509696973,0.4863474372227308,0.8338882424805474,0.91601268271953,-0.1591139392413105,0.06504714862451332,0.08077208271717959,0.0,0.0,8.955696962065526
856,"0,240,228,9,195","30332,16145,4408,3349,12743",lucrarea earthquake accord Sport Smartphone,0.17162429365289056,9.108188146705226,False,0.24854926046136838,0.21853666868288243,0.0020740226588665924,0.06156984261751752,0.303906411929386,0.31794704041546834,0.15384993361695565,0.46286449999005613,0.8411871652986265,0.9198641564834692,-0.15895808806067013,0.13169596591603994,0.02858777775568027,0.0,0.0,8.947904403033506
857,"48,44,195,255,187","27062,15843,12743,27850,20719", pantalon shaft Smartphone purity apărut,0.12958879376539875,9.108787370737767,False,0.22182107109780466,0.1747894471937544,0.0013703170498955031,0.046561193550999115,0.3359716092309587,0.3482311815874651,0.18446455466481182,0.49533102221749903,0.8095849758298717,0.903070011314288,-0.15935941298654033,0.04008111648297508,0.10073560492777558,0.0,0.0,8.967970649327016
858,"131,33,153,214,195","30173,25803,23158,13525,12743", machiaj Sauce pierdereără Smartphone,0.11533703943294857,9.10921429287394,False,0.21064170711260174,0.1691526000729935,0.0017205845615391624,0.04980452340782885,0.3436087122715496,0.3620701017515932,0.19060933535930635,0.5030691526794281,0.8032419764032966,0.8996614166677893,-0.1594604404078785,0.018260822081286796,0.11793145039872906,0.0,0.0,8.973022020393923
859,"195,73,195,214,106","12743,9472,12743,13525,14385", Smartphone problème Smartphoneără Freunde,0.1299295749470004,9.111137442897277,False,0.22159578832541546,0.17982135827246537,0.0018328098430938412,0.052044322045368685,0.3382959901893163,0.3597890663842946,0.18333242675683015,0.49772866450849595,0.8107536239929495,0.903696615708596,-0.15943267431917968,0.033440028030524864,0.10606369890776876,0.0,0.0,8.971633715958983
860,"0,240,19,17,195","30332,16145,6217,25272,12743",lucrarea earthquake legs grafic Smartphone,0.1823873927489083,9.11318570150428,False,0.25666747437714127,0.2230255408817989,0.002086553986694778,0.06310975395807582,0.3085181764277796,0.32170986447172684,0.14856016325646593,0.46762803243139084,0.8466475734126804,0.9227349764388115,-0.15910985600361122,0.11851949592062959,0.03917340540309073,0.0,0.0,8.95549280018056
861,"0,240,169,229,187","30332,16145,680,3147,20719",lucrarea earthquake sie 300 apărut,0.16918177280113136,9.118354270884288,False,0.2485229174552054,0.21426066828274823,0.0021264137141473404,0.05880108672631538,0.30939436717882723,0.3209836224268665,0.1586822893081481,0.46861384856267624,0.8361989271657826,0.9172337274064075,-0.159219481383849,0.11601609377477927,0.04136410791705828,0.0,0.0,8.96097406919245
862,"143,240,195,214,64","9031,16145,12743,13525,30828",igh earthquake SmartphoneărăDOWN,0.16221931588880276,9.120532228694097,False,0.24742983422283535,0.2093322088206223,0.0019421186933606116,0.05502813058400324,0.35353033022412467,0.3671508852503967,0.17042103666806518,0.5131349758704319,0.8240815105361908,0.9108122547111094,-0.15960464564630722,0.0,0.1402999463787375,0.0,0.0,8.98023228231536
863,"11,90,195,214,187","9161,23060,12743,13525,20719", bro răspunde Smartphoneără apărut,0.12736820088843878,9.12697675276177,False,0.21976938887068578,0.17911340587670882,0.001994719338978962,0.05357835150912482,0.33314562946959064,0.36405790851332087,0.184802375964494,0.4928189913549326,0.8092362570689094,0.9028829514591058,-0.15967336188534198,0.0481553443725981,0.09515331412207247,0.0,0.0,8.983668094267099
864,"237,44,242,214,195","8916,15843,17002,13525,12743", restoration shaftafficheără Smartphone,0.13790468110090737,9.14467341484981,False,0.22689669386751532,0.1786216067973754,0.0015859535071850784,0.05442192086991815,0.33102262223404855,0.3605786380370599,0.1779840255332159,0.4910090447340182,0.8162745542882932,0.9066509661753988,-0.15998642249996964,0.054221079331289807,0.09113121052004039,0.0,0.0,8.999321124998481
865,"236,44,195,214,241","24742,15843,12743,13525,31980",estival shaft Smartphoneărăréglage,0.12931664597577017,9.14648519442851,False,0.22128448915972262,0.15534948249273425,0.0018912102569486056,0.04958638273502255,0.32838171491861307,0.3512697062087562,0.18393568636790492,0.4883707227744613,0.8101309043944207,0.9033627807432045,-0.15998900785584824,0.06176652880396261,0.08526827283213621,0.0,0.0,8.999450392792411
866,"35,44,195,229,195","14797,15843,12743,3147,12743",graphic shaft Smartphone 300 Smartphone,0.12472815150020025,9.148931173749205,False,0.22105041536995088,0.17437762941999643,0.001673635863124412,0.048921391192163315,0.3385707828203763,0.3615457803588907,0.19264452773950125,0.4987305078231164,0.8011411326559987,0.8985296167965187,-0.16015972500274012,0.032654906227496276,0.10829001738470308,0.0,0.0,9.007986250137005
867,"0,252,195,42,248","30332,21212,12743,13483,6148",lucrarea Colin Smartphone underneath mici,0.15718072087730764,9.15349296761108,False,0.24087662742353597,0.20944729941683887,0.002032312555051624,0.05470275500904412,0.32308228675379425,0.33120940567136575,0.16739181309245665,0.48314105527344464,0.8272084510013351,0.9124736636788721,-0.1600587685196504,0.07690775213201638,0.07364678949654362,0.0,0.0,9.002938425982519
868,"201,240,195,214,195","17624,16145,12743,13525,12743", angenehm earthquake Smartphoneără Smartphone,0.1565985963347912,9.15359110675084,False,0.24311188110882873,0.2025554827030925,0.001950446701904074,0.05623112660387893,0.32459040686474205,0.3495646401616341,0.17302656954807505,0.48466939045133556,0.8213919282084386,0.9093807950753771,-0.1600789835865935,0.07259883752930836,0.07704308989185676,0.0,0.0,9.003949179329675
869,"0,44,154,214,38","30332,15843,12307,13525,25012",lucrarea shaftoaraără caption,0.16072014009783767,9.154321684115622,False,0.2414297138437201,0.20506991142977246,0.0019862559564982284,0.05794881702129068,0.3057723825667901,0.317618949141365,0.1614191474917649,0.4656365653637372,0.8333737832343072,0.9157406032868888,-0.15986418279694709,0.12636462123774245,0.03474792303052711,0.0,0.0,8.993209139847353
870,"69,240,195,214,195","22208,16145,12743,13525,12743", déplac earthquake Smartphoneără Smartphone,0.15280481485280098,9.154917855543774,False,0.2373353287591823,0.20125872414753002,0.0015736584887529438,0.056556284674936654,0.32740497052006656,0.3527309209922551,0.16906102781276267,0.48754357955351957,0.8254853906448901,0.9115585401866615,-0.160138609033453,0.06455722708552404,0.08343017678559901,0.0,0.0,9.00693045167265
871,"119,240,195,214,195","23662,16145,12743,13525,12743", artistique earthquake Smartphoneără Smartphone,0.15190929723376834,9.156358752120198,False,0.23799920462581725,0.18538306771987223,0.0016823403179793306,0.059303828187378484,0.3218984691615376,0.36260648998392586,0.17217981478409783,0.4819977214867759,0.8222659976422216,0.9098462426233909,-0.1600992523252383,0.08029008810989256,0.07110604774839084,0.0,0.0,9.004962616261915
872,"195,240,195,214,38","12743,16145,12743,13525,25012", Smartphone earthquake Smartphoneără caption,0.15821736946786727,9.156766580453061,False,0.24102336454784615,0.204668143047733,0.0016375036161099421,0.055143383461664676,0.3235894208204666,0.3556731779857037,0.16561199015995776,0.4837170413072026,0.8290456875768178,0.9134484166279135,-0.160127620486736,0.07545879765580965,0.07492675846045022,0.0,0.0,9.0063810243368
873,"0,240,195,147,195","30332,16145,12743,18956,12743",lucrarea earthquake Smartphonerius Smartphone,0.1673149535990506,9.157837493278484,False,0.24497479027838645,0.21502120556252663,0.0022061027706631207,0.062137354902831655,0.31065143152146085,0.31771805520974095,0.1553196733586717,0.4706422580677839,0.8396700145975002,0.91906491970988,-0.15999082654632307,0.11242448136725465,0.04587168459507537,0.0,0.0,8.999541327316154
874,"219,33,217,214,195","25895,25803,15296,13525,12743",flooded SauceITYără Smartphone,0.13215931644850668,9.174834998039378,False,0.22585545669141496,0.17472584690049905,0.0017649354128058904,0.05284026836366181,0.3416966866710668,0.36248174263928234,0.18739228048581658,0.5023904472617426,0.8065628072404474,0.9014475689213342,-0.16069376059067586,0.023723752368380552,0.11642321613720585,0.0,0.0,9.034688029533791
875,"139,252,195,214,240","31,21212,12743,13525,16145",' Colin Smartphoneără earthquake,0.15622602934167798,9.177453645660028,False,0.2440753293488361,0.20752028424295613,0.002012956283742795,0.053878483303470205,0.32498385641694305,0.35419605656678455,0.17569860001431625,0.4855245658191496,0.8186337032110284,0.9079104581321242,-0.16054070940220655,0.07147469595159123,0.0789434795981102,0.0,0.0,9.027035470110327
876,"219,124,242,214,0","25895,28387,17002,13525,30332",flooded ressentiafficheărălucrarea,0.17230544521832297,9.181889039198266,False,0.25080781321427464,0.21186097498270157,0.0019177795179014358,0.058894719754842006,0.3046815642223505,0.334010582292664,0.15700473599190334,0.465060370313045,0.837930595105132,0.918147735393437,-0.1603788060906945,0.12948124507899855,0.033467489584544374,0.0,0.0,9.018940304534723
877,"11,240,173,214,240","9161,16145,19845,13525,16145", bro earthquakeAiciără earthquake,0.14687795086731018,9.18657781483867,False,0.23076182560007955,0.1906872560593568,0.0020375889448367547,0.054083090971544075,0.33624950461630393,0.35798821896692123,0.16776774946553874,0.497101900518884,0.8268203876484761,0.9122676419420241,-0.16085239590258005,0.039287129667703,0.10467089004196437,0.0,0.0,9.042619795129001
878,"251,44,195,229,64","694,15843,12743,3147,30828", fun shaft Smartphone 300DOWN,0.12435769717992809,9.192766784924798,False,0.21930627635079572,0.16244585313768092,0.001929293795115872,0.04784955169740659,0.3367842763167292,0.36630704841555306,0.18989715834173526,0.49776168619603967,0.8039771268730475,0.9000571324411938,-0.16097740987931047,0.03775921052363082,0.10613708043564367,0.0,0.0,9.048870493965524
879,"0,240,163,229,203","30332,16145,13147,3147,7889",lucrarea earthquakenehm 300 assembly,0.14916144209929522,9.19815779832039,False,0.23363268087821343,0.20810128879266385,0.0018181332136090855,0.05565262755744854,0.30151560548488426,0.30502774755410916,0.16894247755783642,0.4621674491060332,0.8256077651015882,0.9116235640011526,-0.16065184362114893,0.1385268414717592,0.02703877579118484,0.0,0.0,9.032592181057446
880,"0,240,12,214,187","30332,16145,12337,13525,20719",lucrarea earthquake mobilityără apărut,0.17991032502846266,9.21058362502191,False,0.25636437799482287,0.23439498102112344,0.002096063914606089,0.06064398438474037,0.2935371617835752,0.3129168478109288,0.15290810593272042,0.45432994441206254,0.8421593745210628,0.9203759525689921,-0.16079278262848734,0.16132239490407083,0.009622098693472279,0.0,0.0,9.039639131424366
881,"11,240,195,214,195","9161,16145,12743,13525,12743", bro earthquake Smartphoneără Smartphone,0.17139938539954186,9.212739600703737,False,0.2524597124933315,0.2043737143997845,0.001971038828181937,0.057959606724256506,0.3339611793399964,0.3605404169200494,0.16212065418757926,0.4952867240262989,0.8326496472902407,0.915357496179728,-0.1613255446863025,0.04582520188572446,0.10063716450288646,0.0,0.0,9.066277234315125
882,"0,191,67,16,214","30332,20041,25300,20538,13525",lucrareaieni farther trageără,0.15521108645096657,9.213650255413095,False,0.23768068348981555,0.19505349636313496,0.0019472211174066945,0.056959894848714256,0.30982285392424447,0.31461505478198326,0.16493919407769797,0.470872361598407,0.8297401867585054,0.9138166150395286,-0.16104950767416254,0.11479184593073004,0.04638302577423777,0.0,0.0,9.052475383708126
883,"82,44,195,229,195","16771,15843,12743,3147,12743", posture shaft Smartphone 300 Smartphone,0.12196733005717905,9.232297830957686,False,0.21833635874032406,0.159608173807834,0.0018025843145390741,0.04953863570814965,0.33076631104019805,0.3520311184930678,0.19273805736629002,0.4924275316456516,0.8010445859444748,0.8984775693548003,-0.16166122060545357,0.05495339702800552,0.09428340365700356,0.0,0.0,9.083061030272678
884,"11,33,93,214,16","9161,25803,19486,13525,20538", bro Sauce vitesseără trage,0.12894295811857914,9.240093171381288,False,0.2212290617450806,0.1756241787464756,0.0018403028061192317,0.049025128664990404,0.33095769080327186,0.3491253110011255,0.18457220725300294,0.4927705106905521,0.8094738505775454,0.9030104056692797,-0.16181281988728025,0.05440659770493747,0.095045579312338,0.0,0.0,9.090640994364012
885,"92,33,195,214,248","18158,25803,12743,13525,6148", imperative Sauce Smartphoneără mici,0.14284558176731751,9.24490650513991,False,0.23428946874956555,0.18497304453554478,0.001618867233867205,0.0498523453533512,0.32292386556794095,0.3583531733055551,0.18288777396449607,0.48473117998937926,0.811212620423746,0.9039426010734884,-0.1618073144214383,0.07736038409159723,0.07718039997639832,0.0,0.0,9.090365721071915
886,"236,240,244,214,240","24742,16145,22467,13525,16145",estival earthquakelängeără earthquake,0.14336519990905827,9.269451416963191,False,0.2288691588123718,0.1998688438895424,0.0018316546047112193,0.05169914178918072,0.32711703022306704,0.3489518746462732,0.17100791780662705,0.48944533431960313,0.8234756977479979,0.9104900231157796,-0.1623283040965361,0.06537991364837982,0.08765629848800693,0.0,0.0,9.116415204826804
887,"0,124,195,13,195","30332,28387,12743,28688,12743",lucrarea ressenti Smartphone piston Smartphone,0.149343792102932,9.282120354681643,False,0.23290681365307522,0.20213468154027428,0.0021257158757871817,0.05828928849555607,0.31917322424317096,0.3241395108754241,0.16712604310028645,0.481647543791703,0.8274827942190591,0.9126192836554099,-0.16247431954853203,0.08807650216236862,0.07032787509267328,0.0,0.0,9.1237159774266
888,"0,36,195,166,214","30332,24143,12743,31468,13525",lucrareaKT Smartphone ingrijireără,0.1599344908255663,9.284345807049974,False,0.24078405980855197,0.21381316140668077,0.002026764028448702,0.06005957136255918,0.3095286641309648,0.32913247271725493,0.16169913796597135,0.47192833963533776,0.8330847608093199,0.9155877140034311,-0.16239967550437295,0.11563238819724336,0.04872964363408388,0.0,0.0,9.119983775218646
889,"110,205,195,229,44","24243,24903,12743,3147,15843", événements dispus Smartphone 300 shaft,0.14359473659800864,9.293748239156566,False,0.23288149093348998,0.1792540575277955,0.0015258622058092032,0.05212205408911596,0.32962324643253615,0.36000446555237153,0.17857350867096267,0.49244727954018513,0.8156660555654579,0.9063258196305771,-0.16282403310764898,0.058219295907039496,0.09432728786707804,0.0,0.0,9.141201655382448
890,"194,40,195,16,195","23078,18132,12743,20538,12743",politischen Vorstand Smartphone trage Smartphone,0.15273944818153942,9.294290700869022,False,0.23987165995611207,0.17390690119793686,0.0016445905426019426,0.05339869957688561,0.3402692351854892,0.35740693903430937,0.1742644235491453,0.5032330903715585,0.8201141434331404,0.908699937521102,-0.16296385518606932,0.02780218518431656,0.11829575638124108,0.0,0.0,9.148192759303464
891,"0,240,195,153,248","30332,16145,12743,23158,6148",lucrarea earthquake Smartphone pierdere mici,0.1788893480707674,9.317440931744855,False,0.25491158994931473,0.2241479758770636,0.002192262309233128,0.060615210080105585,0.31364990369823237,0.3286319288022301,0.15204448375709467,0.4767334218890698,0.8430508554765475,0.9208450012042773,-0.16308351819083744,0.10385741800505031,0.05940760419793288,0.0,0.0,9.154175909541872
892,"4,172,195,16,195","1817,13910,12743,20538,12743", mislebt Smartphone trage Smartphone,0.13119170670193195,9.326366184686563,False,0.2214425727356132,0.16964341352990311,0.001608842124962262,0.050988457289486776,0.33462051546833116,0.35122372617004977,0.18050173206736253,0.49812990460328155,0.8136756314143354,0.9052614362341066,-0.1635093891349504,0.04394138437619663,0.10695534356284786,0.0,0.0,9.17546945674752
893,"11,142,195,229,240","9161,3416,12743,3147,16145", bro € Smartphone 300 earthquake,0.1415117263792846,9.331227320309914,False,0.23036305272629698,0.1850111749207179,0.002044280693858214,0.05463966260835906,0.3367324238511251,0.36367810740777706,0.17770265269402474,0.500360575259505,0.8165650036706842,0.9068061244312233,-0.16362815140837983,0.037907360425356744,0.11191238946556652,0.0,0.0,9.18140757041899
894,"195,73,195,214,248","12743,9472,12743,13525,6148", Smartphone problème Smartphoneără mici,0.12918287539365883,9.338128494270343,False,0.22192763090465598,0.18019721338187586,0.0018168596890258293,0.052459779594533844,0.34220871571399447,0.359236791385846,0.1854895110219943,0.5060355983181256,0.808526956364393,0.9025023484612136,-0.16382688260413114,0.02226081224573002,0.12452355181805688,0.0,0.0,9.191344130206556
895,"0,154,195,104,61","30332,12307,12743,15091,18837",lucrareaoara Smartphonespieler manger,0.150235180132733,9.340250916686168,False,0.2326415879250964,0.201704132125898,0.002094964030135332,0.05674768121132354,0.3140945128665679,0.32015444348227856,0.16481281558472682,0.47762022358568385,0.8298706419770562,0.9138857611404574,-0.16352571071911592,0.10258710609552017,0.061378274634852965,0.0,0.0,9.176285535955795
896,"20,93,4,214,195","16297,19486,1817,13525,12743", Graphic vitesse misără Smartphone,0.1350508322764756,9.340525180462365,False,0.22756155866257663,0.17703423597534654,0.0017084775773780815,0.053114349407053556,0.33644533901921014,0.35678775315546735,0.18502145277220206,0.5002480441650756,0.8090101132674044,0.9027616225935825,-0.16380270514586548,0.03872760280225667,0.11166232036683468,0.0,0.0,9.190135257293273
897,"195,33,195,16,4","12743,25803,12743,20538,1817", Smartphone Sauce Smartphone trage mis,0.12194678853512533,9.341923161375853,False,0.21544648923399587,0.1640556122507417,0.0013793369480189388,0.04815249582489234,0.32774719425337173,0.3421305471727627,0.18699940139774107,0.49147091672656734,0.806968359847493,0.901665458250597,-0.1637237224731956,0.06357944499036643,0.09215759272570517,0.0,0.0,9.18618612365978
898,"40,110,12,214,195","18132,24243,12337,13525,12743", Vorstand événements mobilityără Smartphone,0.14517736613464763,9.359729428000332,False,0.23531993696645195,0.1842715731376978,0.0018520966066867207,0.049960840941820565,0.3191707959904887,0.35158892666802477,0.18028514166360865,0.4831312172074007,0.8138992086053072,0.905381056978989,-0.163960421216912,0.0880834400271751,0.07362492712755711,0.0,0.0,9.1980210608456
899,"0,73,130,214,248","30332,9472,15799,13525,6148",lucrarea problème putereără mici,0.15380082296499809,9.36883550389916,False,0.23744464059665682,0.2059926746293786,0.0018889679406229765,0.054894861137101396,0.31395704414060743,0.32400091246184665,0.16728763526331747,0.47802844794342547,0.8273159894056078,0.9125307472828971,-0.16407140380281804,0.10297987388397871,0.0622854398742788,0.0,0.0,9.203570190140901
900,"0,240,154,214,53","30332,16145,12307,13525,1735",lucrarea earthquakeoaraără moving,0.16927751647413833,9.371025258972516,False,0.24720154480766307,0.22668739707797592,0.0020956798211236582,0.06083779558051258,0.308495147068476,0.3154051928836932,0.15584805666704948,0.472542076307992,0.8391245866662715,0.9187774177312754,-0.16404692923951597,0.11858529409006843,0.05009350290664886,0.0,0.0,9.202346461975798
901,"195,40,166,214,248","12743,18132,31468,13525,6148", Smartphone Vorstand ingrijireără mici,0.11679674904116458,9.3775172198551,False,0.21146636364256335,0.16834741194056177,0.001996060013808432,0.04959265830764955,0.32894294736311885,0.3534868073706267,0.18933922920279755,0.4933627962219019,0.8045530537261445,0.9003670200519355,-0.16441984885878302,0.06016300753394607,0.09636176938200415,0.0,0.0,9.220992442939151
902,"0,240,103,237,240","30332,16145,31149,8916,16145",lucrarea earthquake dicke restoration earthquake,0.1682613162458032,9.379750033998251,False,0.2456914439099036,0.21837782064664582,0.0021707813750110995,0.061391885554765525,0.301509356364603,0.3106053553743129,0.1548602553282008,0.4656384221386073,0.8401442525644379,0.919314823480944,-0.16412906577400427,0.13854469610113418,0.03475204919690506,0.0,0.0,9.206453288700212
903,"201,162,195,214,248","17624,5290,12743,13525,6148", angenehmizat Smartphoneără mici,0.10836750004635548,9.381992700112834,False,0.20678742743247314,0.15906924031458772,-0.017059096564427365,0.048360999979237686,0.3444828136009716,0.3609399838392393,0.1968398547722353,0.5091772976894663,0.7968104724931765,0.8961920247512609,-0.16469448408849469,0.01576338971150964,0.13150510597659174,0.0,0.0,9.234724204424733
904,"251,33,58,16,240","694,25803,28310,20538,16145", fun Sauce Illustration trage earthquake,0.14986663744376957,9.393660148559327,False,0.23763102201311445,0.18179895997737974,-0.0057510730850717715,0.04696865462202776,0.32718174617421986,0.35220746846623485,0.17552876913868976,0.49188930216394827,0.8188090125019977,0.9080039817430925,-0.16470755598972842,0.06519501093080035,0.09308733814210725,0.0,0.0,9.23537779948642
905,"11,33,195,214,187","9161,25803,12743,13525,20719", bro Sauce Smartphoneără apărut,0.15022467870245496,9.398137719560271,False,0.23694182346555973,0.18928654069543582,0.0019836443885272947,0.053762746889823326,0.31793253892831724,0.36665934120371446,0.17343428952620954,0.48261338327160896,0.820971055972945,0.9091565929331373,-0.16468084434329172,0.09162131734766496,0.07247418504801989,0.0,0.0,9.234042217164586
906,"0,240,193,16,240","30332,16145,26831,20538,16145",lucrarea earthquakeVoraussetzungen trage earthquake,0.15511661729505843,9.405350167223919,False,0.23823832503231468,0.21092551192202894,0.0019715369389160463,0.05803539703413237,0.30494972369857315,0.3161599647573767,0.1662434154745125,0.46961083296393785,0.8283938937037291,0.9131027239722196,-0.1646611092653647,0.1287150751469338,0.043579628808750756,0.0,0.0,9.233055463268235
907,"219,15,195,214,248","25895,18661,12743,13525,6148",floodedfreien Smartphoneără mici,0.1081439834776585,9.406093815414938,False,0.20545518992747733,0.16984456765813574,0.001456988060291714,0.04845276358502704,0.33793447932337967,0.3518835481127805,0.19462241289963766,0.5030108591240108,0.7990994447487612,0.8974283186418637,-0.1650763798006311,0.03447291621891518,0.11780190916446837,0.0,0.0,9.253818990031554
908,"92,74,195,214,214","18158,9633,12743,13525,13525", imperative bitte Smartphoneărăără,0.11755989437412048,9.428536020236004,False,0.21196214358416418,0.17283580436239024,0.0016661724351360653,0.0490105642068211,0.3406630605331348,0.359469286865306,0.1888044984200874,0.5062023589210356,0.8051050338889421,0.9006639226592307,-0.16553929838790082,0.02667696990532915,0.12489413093563465,0.0,0.0,9.27696491939504
909,"131,240,195,214,164","30173,16145,12743,13525,6303", machiaj earthquake Smartphoneărăitati,0.14018926297210507,9.430969899833238,False,0.2276552901621279,0.18114091176413416,0.001851712311446957,0.05506342964391603,0.33010018328377966,0.3555185518775212,0.17493205438004567,0.49555766383722805,0.8194249761238238,0.9083325082919549,-0.1654574805534484,0.056856619189200916,0.10123925297161786,0.0,0.0,9.272874027672419
910,"0,40,195,9,195","30332,18132,12743,3349,12743",lucrarea Vorstand Smartphone Sport Smartphone,0.14526858931441214,9.443568717540503,False,0.23109297837445944,0.19705500884557664,0.0019730146933626567,0.057134977812381714,0.308695585842179,0.3145742189303276,0.1716487781200946,0.4741340820849568,0.8228141645211927,0.9101380235326427,-0.1654384962427778,0.11801261187948855,0.053631293522126144,0.0,0.0,9.271924812138888
911,"0,240,195,170,252","30332,16145,12743,13602,21212",lucrarea earthquake Smartphoneffen Colin,0.17659061552665162,9.444330632859039,False,0.2526935126036695,0.22240275785407393,0.002133136084315551,0.06112563524256039,0.29609002141084395,0.30588960641145385,0.1522057941540358,0.46138984837940117,0.8428843415184146,0.920757408792329,-0.16529982696855722,0.15402851025473152,0.025310774176447014,0.0,0.0,9.264991348427861
912,"195,240,36,16,58","12743,16145,24143,20538,28310", Smartphone earthquakeKT trage Illustration,0.13954015356336383,9.457175868752309,False,0.2290222451354297,0.17885386715189022,0.001621076718603104,0.05282993522466062,0.32921020721925315,0.3465559981800426,0.17896418314413176,0.4951586838211272,0.8152627786899285,0.9061102674927971,-0.16594847660187406,0.05939940794499095,0.100352630713616,0.0,0.0,9.297423830093702
913,"0,205,173,214,16","30332,24903,19845,13525,20538",lucrarea dispusAiciără trage,0.14331897028744434,9.45895577935057,False,0.2291420506484263,0.198627249864337,0.0017753171990176953,0.054072889122571625,0.3135224525173374,0.31993128235977664,0.17164616072196393,0.47931427993368375,0.8228168663515211,0.9101394614442536,-0.16579182741634635,0.10422156423617879,0.06514284429707498,0.0,0.0,9.289591370817316
914,"0,44,195,172,38","30332,15843,12743,13910,25012",lucrarea shaft Smartphonelebt caption,0.14508084446800198,9.460198045864217,False,0.22853792094709638,0.1950370707671308,0.0018062946868006636,0.054989070327369306,0.30553976055863397,0.3103437339838488,0.1669141529581888,0.4712583220515796,0.827701519527031,0.9127353652849282,-0.16571856149294562,0.12702925554676003,0.04724071567017682,0.0,0.0,9.28592807464728
915,"8,240,195,214,66","17682,16145,12743,13525,1041",Sport earthquake Smartphoneără action,0.15572404333096,9.493748301360913,False,0.2422445844411222,0.18527638069939756,0.0017814555865741878,0.05392349166146291,0.33089307367616566,0.353516918278651,0.17304108222032444,0.49756233383810616,0.8213769473854715,0.9093728156150676,-0.1666692601619405,0.05459121806809805,0.10569407519579145,0.0,0.0,9.333463008097024
916,"110,240,1,214,38","24243,16145,22665,13525,25012", événements earthquakepicturedără caption,0.15029767712163178,9.498664625357257,False,0.2382112223624766,0.186043263261545,-0.000544731355612482,0.05196277467131402,0.31529306107700317,0.35155356693892864,0.17582709048168965,0.48186679780666497,0.8185010678898688,0.9078396937335965,-0.1665737367296618,0.09916268263713375,0.07081510623703324,0.0,0.0,9.32868683648309
917,"0,172,195,214,129","30332,13910,12743,13525,17",lucrarealebt Smartphoneărăt,0.14278763745082132,9.508572016223349,False,0.22726353460048562,0.2004102700505802,0.0018947425610404912,0.05450797777946973,0.3147892460110584,0.32006126903536813,0.1689517942993286,0.48154657332489226,0.8255981478200479,0.9116184540149851,-0.16675732731383386,0.10060215425411881,0.07010349627753833,0.0,0.0,9.337866365691692
918,"195,240,106,127,240","12743,16145,14385,23794,16145", Smartphone earthquake Freunde Verantwortlich earthquake,0.1373472716048776,9.511336520856693,False,0.22460531298084127,0.18043308002647776,0.001906348698882454,0.05461266656978018,0.3305821720727212,0.34986685098964704,0.17451608275192732,0.4975844479684296,0.8198543661915589,0.9085614548549111,-0.16700227589570837,0.05547950836365358,0.10574321770762131,0.0,0.0,9.350113794785418
919,"222,254,96,214,195","10038,28995,11564,13525,12743",WCfreiheittataără Smartphone,0.10716490342537163,9.530345728450117,False,0.20539299967281185,0.16728940315997298,0.0014858828952781457,0.0469627463504704,0.3230638836216425,0.34712574992672574,0.19645619249488044,0.49033875785788056,0.7972065109730266,0.8964060505736893,-0.16727487423623805,0.07696033250959276,0.08964168412862343,0.0,0.0,9.363743711811901
920,"232,33,195,214,214","7578,25803,12743,13525,13525",etic Sauce Smartphoneărăără,0.11719266025721387,9.54862477311473,False,0.21285300865519496,0.17297314474145462,0.0015450231402340587,0.04771891985827123,0.3213059144881044,0.3485514372257414,0.1913206967959622,0.48890943949897137,0.8025076678235229,0.8992659802327884,-0.16760352501086695,0.08198310146255876,0.08646542110882523,0.0,0.0,9.380176250543347
921,"0,33,195,9,195","30332,25803,12743,3349,12743",lucrarea Sauce Smartphone Sport Smartphone,0.15995783357964607,9.54912875082638,False,0.2407079645403646,0.2006644139132426,0.002133663040604228,0.05904702282023811,0.3073224142170265,0.321903813229559,0.16150026192143707,0.4747655777035745,0.8332900522101295,0.9156963132384901,-0.16744316348654803,0.12193595937992424,0.055034617119054476,0.0,0.0,9.372158174327401
922,"251,240,1,214,16","694,16145,22665,13525,20538", fun earthquakepicturedără trage,0.15313848553229703,9.556516548550475,False,0.23967625386066405,0.1885285289270058,-0.0005192951242402153,0.05171610683456121,0.3234584324934552,0.36440567946220703,0.17307553665673403,0.49123924704008687,0.8213413815156294,0.9093538713522179,-0.16778081454663168,0.07583305001869942,0.09164277120019301,0.0,0.0,9.389040727331583
923,"110,129,195,205,16","24243,17,12743,24903,20538", événementst Smartphone dispus trage,0.12845912646876553,9.573473907519476,False,0.21933662734523238,0.17389734192043022,0.0014850136736489273,0.0535111470143266,0.34554209543993386,0.35539931242378464,0.1817550017529337,0.5139161197534063,0.812381933674391,0.9045689571542163,-0.16837402431347248,0.012736870171617478,0.14203582167423628,0.0,0.0,9.418701215673623
924,"0,240,54,214,187","30332,16145,7818,13525,20719",lucrarea earthquakerocără apărut,0.16314056617151174,9.574653686391967,False,0.24436994606480855,0.21885418717236949,0.0019369444224636267,0.05780946939164148,0.30159006796449117,0.3060552420887169,0.16245875978659363,0.4694523126335713,0.8323006350590001,0.9151727925443405,-0.16786224466908012,0.13831409153002516,0.04322736140793617,0.0,0.0,9.393112233454005
925,"0,240,191,214,187","30332,16145,20041,13525,20719",lucrarea earthquakeieniără apărut,0.16998591827498014,9.588935051176614,False,0.24843724553103455,0.22463850246309372,0.0019516163768873828,0.05959397146732362,0.30152542515180053,0.3138075689430065,0.15690265451210883,0.469660356832712,0.8380359695358877,0.9182033246987789,-0.16813493168091148,0.13849878528056986,0.04368968185047111,0.0,0.0,9.406746584045573
926,"98,74,195,214,248","9850,9633,12743,13525,6148", depict bitte Smartphoneără mici,0.10754674737013653,9.592065337354496,False,0.2050626228256629,0.1631552390330057,0.0012619931636788095,0.043655150719460245,0.3270705676972112,0.3517752847313856,0.19503175091105274,0.49557602026901115,0.7986769022853649,0.8972002279808824,-0.16850545257179994,0.06551266372225362,0.10128004504224698,0.0,0.0,9.425272628589996
927,"0,40,67,214,252","30332,18132,25300,13525,21212",lucrarea Vorstand fartherără Colin,0.1648180705433654,9.595914596831921,False,0.2453387982795785,0.21064278815232432,0.001829395011215601,0.05789439428726443,0.2913824587535701,0.3064064218795279,0.1610414554724262,0.45952772256832813,0.833763658867173,0.9159468022366658,-0.16814526381475803,0.16747868927551393,0.02117271681850694,0.0,0.0,9.4072631907379
928,"125,33,195,214,61","19020,25803,12743,13525,18837", humaine Sauce Smartphoneără manger,0.12844950257041438,9.609625724694448,False,0.22092206310578222,0.19235705170613848,-0.0010839955269221265,0.049644135250480205,0.31950040848719435,0.3441566964108733,0.18494512107073569,0.488250085385443,0.8090889072818213,0.9028038983795231,-0.16874967689824866,0.0871416900365875,0.08500018974542889,0.0,0.0,9.437483844912432
929,"131,240,195,214,187","30173,16145,12743,13525,20719", machiaj earthquake Smartphoneără apărut,0.15464020292305003,9.617227824292527,False,0.23741730832202246,0.19800554334840206,0.0018910013176093533,0.053203405820461576,0.32751055027272175,0.34919904830276205,0.16555421079794486,0.4965031870330069,0.8291053307892182,0.9134800431328838,-0.16899263676028514,0.06425557064936638,0.10334041562890417,0.0,0.0,9.449631838014257
930,"234,61,195,214,248","794,18837,12743,13525,6148", test manger Smartphoneără mici,0.12266777143644322,9.619032877927708,False,0.21764578676253152,0.17589325319282842,0.001733643862183132,0.05061789083681231,0.33102622796342307,0.3545693140877928,0.1899560306521766,0.5000961733822628,0.8039163554558177,0.9000244270839672,-0.16906994541883968,0.0542107772473626,0.11132482973836165,0.0,0.0,9.453497270941984
931,"0,33,67,214,187","30332,25803,25300,13525,20719",lucrarea Sauce fartherără apărut,0.16661002680770462,9.625708562877044,False,0.2461914379294811,0.20844726361973012,0.0018967333166331258,0.057928503823512306,0.3009209716995786,0.3154346457208714,0.15916282224355294,0.46975272803065365,0.8357028931679453,0.9169717431613948,-0.16883175633107506,0.14022579514406108,0.04389495117923032,0.0,0.0,9.441587816553753
932,"201,33,195,214,27","17624,25803,12743,13525,2600", angenehm Sauce Smartphoneără sport,0.11754245555247703,9.630779920386129,False,0.21324552001074962,0.16343157747220308,0.001830225363055349,0.046282586681276605,0.31978470964844546,0.34645768441334646,0.19140612891654518,0.48894292343879925,0.8024194798280824,0.8992184779481874,-0.16915821379035378,0.08632940100444148,0.0865398298639983,0.0,0.0,9.45791068951769
933,"0,114,117,229,195","30332,21415,12941,3147,12743",lucrareaRAL Listen 300 Smartphone,0.13235765589021828,9.647322742355353,False,0.21986651463029586,0.19393764380920192,0.002109579794181293,0.052107275898445014,0.3022529857433823,0.3083830511614131,0.17501771748015515,0.47151482531727973,0.8193365496979044,0.9082853530250529,-0.16926183957389745,0.13642004073319344,0.04781072292728826,0.0,0.0,9.463091978694871
934,"131,33,195,214,187","30173,25803,12743,13525,20719", machiaj Sauce Smartphoneără apărut,0.11293804221736795,9.649291169723398,False,0.2091299095389458,0.16455239025442508,0.0015835899252726493,0.046652050837888814,0.32323424579426396,0.3490993670353304,0.19238373464315572,0.4927888699657973,0.8014103384328715,0.8986747272271788,-0.16955462417153333,0.07647358344496004,0.09508637770177174,0.0,0.0,9.477731208576666
935,"0,33,186,16,195","30332,25803,10443,20538,12743",lucrarea Sauceû trage Smartphone,0.15553620720786207,9.66124766699371,False,0.23731027403812208,0.20533097284875004,0.0019182125991885068,0.05771814487678149,0.2965872215036097,0.31842445394061725,0.16354813366052,0.4660468238989739,0.8311761200923664,0.9145774250108517,-0.16945960239536417,0.15260793856111501,0.03565960866438641,0.0,0.0,9.472980119768208
936,"0,240,14,214,214","30332,16145,6661,13525,13525",lucrarea earthquakesportărăără,0.162250347711521,9.661676623355499,False,0.2428442226156405,0.21066866133381096,0.00206741788361553,0.05924472594734228,0.30490372752092054,0.31248456513293305,0.16118774980823902,0.4744726565094413,0.8336126453592372,0.9158669391302215,-0.16956892898852077,0.12884649279736982,0.054383681132091785,0.0,0.0,9.478446449426038
937,"236,33,195,229,16","24742,25803,12743,3147,20538",estival Sauce Smartphone 300 trage,0.1456186264743632,9.669375448180839,False,0.23289453261113557,0.17814727005849265,0.0018850256503437969,0.05307186895729593,0.33554005208705306,0.35914787199779213,0.17455181227354477,0.5056288834909665,0.819817484104728,0.9085417919537082,-0.1700888314039134,0.04131413689413404,0.12361974109103656,0.0,0.0,9.504441570195668
938,"251,240,12,229,16","694,16145,12337,3147,20538", fun earthquake mobility 300 trage,0.1492985252526788,9.675069779828055,False,0.2386386616992234,0.17493085092728844,0.001836293357370128,0.048857007641093714,0.3354750535095614,0.35730165513773643,0.1786802728930892,0.505672135050458,0.815555847336166,0.9062669182458944,-0.17019708154089663,0.04149984711553875,0.12371585566768453,0.0,0.0,9.509854077044832
939,"194,185,33,214,195","23078,15058,25803,13525,12743",politischentient Sauceără Smartphone,0.12569136166361328,9.678681949870818,False,0.21827102372323615,0.16641191036873926,0.0017478635347936422,0.05015490224828371,0.3200372570671625,0.35599150241394967,0.18515932411924574,0.4901158142478762,0.8088677944575527,0.9026852584820216,-0.17007855718071369,0.08560783695096418,0.08914625388416932,0.0,0.0,9.503927859035684
940,"0,240,1,16,16","30332,16145,22665,20538,20538",lucrarea earthquakepictured trage trage,0.1609661520718537,9.679828963943976,False,0.2410378054986215,0.2036617490459745,0.0020213927525252417,0.059144941757855084,0.3001957337377904,0.3053547809683506,0.16014330685353562,0.4700550206915844,0.8346907800221568,0.9164369553583401,-0.169859286953794,0.1422979036063131,0.04456671264796529,0.0,0.0,9.492964347689698
941,"100,44,195,229,64","14338,15843,12743,3147,30828", surroundings shaft Smartphone 300DOWN,0.11121556233757648,9.684437637911637,False,0.2100983640367358,0.1599900097159564,0.0015471727316631045,0.0480234760290939,0.33372630732304626,0.36507939666542666,0.1977656033983186,0.5040815120286253,0.7958548610081873,0.895675385729496,-0.17035520470557902,0.04649626479129635,0.12018113784138948,0.0,0.0,9.517760235278951
942,"139,240,195,87,195","31,16145,12743,330,12743",' earthquake Smartphone pas Smartphone,0.1349965332482058,9.696791385064522,False,0.223366171222062,0.18571501060668485,0.0018250031732276407,0.05493630613010251,0.3198906628742383,0.3312649118469298,0.17673927594771244,0.4903142141733369,0.8175594570862323,0.9073371611767522,-0.17042355129909864,0.08602667750217627,0.08958714260741536,0.0,0.0,9.52117756495493
943,"234,240,195,17,78","794,16145,12743,25272,20961", test earthquake Smartphone graficKING,0.1421326060516002,9.701555189251637,False,0.23030549345319598,0.18917932590655234,0.001699860631335276,0.052718304984858855,0.3260258808166396,0.35696993069980426,0.17634577480319158,0.4966152462134538,0.8179656518160603,0.9075539792193126,-0.17058936539681424,0.06849748338102972,0.10358943602989736,0.0,0.0,9.529468269840711
944,"236,44,195,229,44","24742,15843,12743,3147,15843",estival shaft Smartphone 300 shaft,0.12451670769539647,9.710397975257457,False,0.21591598481296304,0.1545716849486527,0.001910953752989253,0.052682243419274265,0.3284616103324909,0.3579073333870236,0.18279855423513314,0.4992499194068129,0.8113047182088948,0.9039919500553458,-0.17078830907432202,0.06153825619288313,0.1094442653484731,0.0,0.0,9.539415453716101
945,"0,240,1,16,44","30332,16145,22665,20538,15843",lucrarea earthquakepictured trage shaft,0.16410694475717577,9.71672974208803,False,0.2437258192022431,0.2132342934263322,0.0019428246375683689,0.05757879780052536,0.30061072548340667,0.31063363448746695,0.15923774889013464,0.4711816685748602,0.8356255495327642,0.9169308867683896,-0.17057094309145354,0.1411122129045523,0.04707037461080045,0.0,0.0,9.528547154572676
946,"0,222,195,16,248","30332,10038,12743,20538,6148",lucrareaWC Smartphone trage mici,0.16058902012521856,9.735731703684275,False,0.24360116486083302,0.21085973805862382,0.001976575549747767,0.056690861201291125,0.3088436261070812,0.326403705022086,0.16602428947122894,0.479878532604465,0.8286200882877637,0.9132227058767051,-0.1710349064973838,0.11758963969405362,0.06639673912103332,0.0,0.0,9.551745324869188
947,"0,183,195,229,98","30332,23,12743,3147,9850",lucrareai Smartphone 300 depict,0.128293936109214,9.736650716221146,False,0.21463868322256338,0.1813170080155048,0.0017337983307133043,0.05399456004727371,0.3090670472647113,0.3238461410905707,0.17268949422669877,0.48012226824116133,0.8217398769272787,0.9095661085227952,-0.17105522097645004,0.11695129352939625,0.06693837386924738,0.0,0.0,9.552761048822502
948,"201,44,195,229,195","17624,15843,12743,3147,12743", angenehm shaft Smartphone 300 Smartphone,0.1084975718083444,9.746732413328788,False,0.20677848854129133,0.1462476194712663,0.0018974201363923361,0.04645837890513335,0.32956702471205335,0.3485718813329572,0.19656183346589384,0.5010645393102892,0.7970974622287548,0.8963471239057479,-0.1714975145982358,0.05837992939413324,0.11347675402286476,0.0,0.0,9.57487572991179
949,"11,240,195,214,208","9161,16145,12743,13525,2165", bro earthquake Smartphoneărăval,0.16088917891219703,9.752182950012461,False,0.24202818408277174,0.18795647334930568,0.0020257814868078704,0.05718371267040014,0.3159401710676833,0.3526743571053838,0.16227801034114941,0.48737638161281777,0.8324872151317168,0.9152715387571333,-0.17143621054513447,0.09731379694947624,0.08305862580626168,0.0,0.0,9.571810527256723
950,"234,69,195,214,195","794,22208,12743,13525,12743", test déplac Smartphoneără Smartphone,0.1257620263036361,9.752794394416192,False,0.2176406163276996,0.1712735735135194,0.0017003620240980733,0.05435399427018925,0.3193534353478255,0.3406109832576169,0.18375718004812702,0.4908428530566806,0.8103151689825786,0.9034615763561132,-0.17148941770885506,0.08756161329192706,0.09076189568151236,0.0,0.0,9.574470885442752
951,"231,240,195,214,103","21815,16145,12743,13525,31149", stained earthquake Smartphoneără dicke,0.16373939913833424,9.75579758999491,False,0.24420838011849622,0.20553532501740673,0.0017356295323833317,0.057862410524384456,0.3388492272443581,0.35428581001125653,0.16093796196032395,0.5106331838581738,0.8338704908796656,0.9160032958672562,-0.17178395661381568,0.03185935073040531,0.13474040857371952,0.0,0.0,9.589197830690784
952,"195,240,33,92,98","12743,16145,25803,18158,9850", Smartphone earthquake Sauce imperative depict,0.1326729352611008,9.782697180341465,False,0.22060414078799706,0.18612168535249382,0.0017057039596293567,0.053922662524876534,0.3181169905551919,0.34730130622392125,0.17586241105379252,0.49016398203960526,0.8184646079444723,0.9078202404365125,-0.17204699148441338,0.09109431269945172,0.089253293421345,0.0,0.0,9.602349574220668
953,"110,240,242,214,252","24243,16145,17002,13525,21212", événements earthquakeafficheără Colin,0.14105568456599957,9.785914543285399,False,0.2321629590723063,0.18388675234020108,0.0013198702108846551,0.050747352523553314,0.3158763190076979,0.3381725823018525,0.18221454901261347,0.48795767736249673,0.8119075623095603,0.9043149069806306,-0.17208135835479882,0.09749623140657733,0.08435039413888161,0.0,0.0,9.60406791773994
954,"195,226,67,214,248","12743,20736,25300,13525,6148", Smartphoneesel fartherără mici,0.11003505537879449,9.796574666276978,False,0.20808688832482725,0.15797519302759255,0.0015942895217510855,0.049074198401035087,0.33878287634981735,0.3499027034832796,0.19610366589206552,0.5113468638967603,0.7975704094017388,0.8966026623359616,-0.17256398754694297,0.032048924714807504,0.1363263642150229,0.0,0.0,9.628199377347148
955,"0,91,2,214,248","30332,21738,26170,13525,6148",lucrarea bărbatathletără mici,0.14931418069966979,9.805022449583703,False,0.23411220974804325,0.2067776189800138,0.0019823648535820136,0.054479700394167684,0.31278610965093123,0.32186594045171285,0.16959605809674694,0.4851957931493539,0.824933101319487,0.9112650228683492,-0.17240968349842267,0.10632540099733928,0.07821287366523087,0.0,0.0,9.620484174921133
956,"149,147,195,214,16","18457,18956,12743,13525,20538", varstarius Smartphoneără trage,0.12151180819384577,9.830324775936,False,0.2152075117843526,0.1736810815548972,0.0018355430106444472,0.052485443038577585,0.33113055151714915,0.3489086980727934,0.18739140718101366,0.5042477803757066,0.806563708716373,0.9014480533114408,-0.17311722885855746,0.05391270995100236,0.12055062305712577,0.0,0.0,9.655861442927872
957,"228,136,195,255,248","4408,2824,12743,27850,6148", accord.... Smartphone purity mici,0.09672865745031786,9.846351806028096,False,0.1981730515007398,0.1578493490362638,-0.025125537656187736,0.03816561601710757,0.3292172300385347,0.34212409272987765,0.20288878810084388,0.49771066753528853,0.7905664122829998,0.8928108488919454,-0.16849343749675383,0.059379342747043644,0.10602370563397448,0.25627688280938676,0.0,9.42467187483769
958,"0,124,195,16,88","30332,28387,12743,20538,11461",lucrarea ressenti Smartphone trage physique,0.15051077759767875,9.851225778249301,False,0.23303246397349833,0.19859648563331828,0.0019912909607942898,0.05885557101444309,0.307852029656375,0.3153047453799919,0.16504337275163916,0.48108646893174306,0.8296326474821789,0.9137596113028639,-0.17323443927536808,0.12042277241035713,0.06908104207054011,0.0,0.0,9.661721963768404
959,"155,136,195,214,214","31308,2824,12743,13525,13525", mănânc.... Smartphoneărăără,0.10315130338350856,9.871766564604789,False,0.2010322697384155,0.1662017723009015,0.0019456704772476297,0.04901159399454657,0.33568548279682736,0.3593796777405814,0.1957619327098139,0.5096516569250872,0.7979231662350308,0.8967932132270996,-0.17396617412825982,0.04089862058049319,0.1325592376113048,0.0,0.0,9.698308706412991
960,"110,124,195,214,187","24243,28387,12743,13525,20719", événements ressenti Smartphoneără apărut,0.13690040513788418,9.881386755155384,False,0.22638193821405186,0.177220000677454,0.0015715564987617558,0.04676033414852704,0.3336494926382651,0.34743529213881774,0.17896306615233537,0.5077751295015842,0.8152639317137184,0.9061108838589594,-0.1741256368633191,0.046715735319242516,0.1283891766701871,0.0,0.0,9.706281843165955
961,"237,40,195,92,214","8916,18132,12743,18158,13525", restoration Vorstand Smartphone imperativeără,0.12004433120665783,9.927830930558674,False,0.21522503344883867,0.17477149966010813,0.0016120992706665505,0.048289267782243496,0.315727360223382,0.34261973021883224,0.19036140448436167,0.4905244553705345,0.8034979050484009,0.8997991973299589,-0.17479709514715253,0.09792182793319425,0.09005434526785445,0.0,0.0,9.739854757357625
962,"110,240,130,75,214","24243,16145,15799,904,13525", événements earthquake puteremenără,0.12368614069857395,9.928966297858144,False,0.2190887147657666,0.18227637899805507,-0.015507123484194498,0.044031065541471175,0.3322944272586841,0.33845174977285347,0.19080514813438532,0.507314686789204,0.8030398470870861,0.8995525842693215,-0.17502025953051992,0.050587350689474,0.12736597064267552,0.0,0.0,9.751012976525995
963,"194,173,195,214,67","23078,19845,12743,13525,25300",politischenAici Smartphoneără farther,0.12778032208593595,9.930558258351178,False,0.21854878954509502,0.17905195150359413,0.0019194078660464964,0.05153064023129488,0.31353880551133995,0.3475254544999322,0.18153693491831813,0.4883615175163788,0.8126070349230264,0.9046894854488372,-0.17482271200503885,0.10417484139617153,0.08524781670306396,0.0,0.0,9.741135600251942
964,"251,44,195,218,16","694,15843,12743,6798,20538", fun shaft Smartphone Think trage,0.13561012945389186,9.956814814119076,False,0.2283957749977467,0.1609276884999611,0.001745034487627828,0.0512467012965598,0.3212721218944213,0.3556966086701508,0.18557129108770964,0.49669164109359415,0.8084425382320417,0.902457039926162,-0.17541951919917287,0.08207965173022486,0.1037592024302092,0.0,0.0,9.770975959958642
965,"35,44,195,214,195","14797,15843,12743,13525,12743",graphic shaft Smartphoneără Smartphone,0.1355007930700952,9.966183455573837,False,0.22938012648696218,0.16296909604382118,0.0016776300528934251,0.04930118502736056,0.31803225080058606,0.35234755087412606,0.187758666833734,0.4935917789869615,0.8061846019780811,0.9012443249010037,-0.17555952818637544,0.09133642628403978,0.09687061997102552,0.0,0.0,9.777976409318772
966,"195,240,242,16,156","12743,16145,17002,20538,6872", Smartphone earthquakeaffiche trageeşti,0.1342592338290548,9.967977842366395,False,0.22829160977067664,0.17363700563227533,0.0017527258177843287,0.05023152191934158,0.33599355971944195,0.35951860753787845,0.18806475188324367,0.5118058230804938,0.8058686432172969,0.901074496430099,-0.17581226336105188,0.04001840080159438,0.1373462735122085,0.0,0.0,9.790613168052593
967,"0,81,195,214,106","30332,1722,12743,13525,14385",lucrarea physical Smartphoneără Freunde,0.16539099565465457,9.99200951857636,False,0.24433084874501435,0.21303000397538135,0.002030103558012941,0.06096283488170769,0.3018786896283954,0.31540327068316915,0.15787970618071956,0.4777363635662211,0.8370274000715153,0.9176711250874577,-0.1758576739378257,0.13748945820458444,0.061636363480491355,0.0,0.0,9.792883696891284
968,"21,186,33,214,195","10089,10443,25803,13525,12743", Animalû Sauceără Smartphone,0.12397721548990279,10.0016781563658,False,0.21572878859295883,0.16738027870746008,0.0017288941714574124,0.04761013105507261,0.3194359052312436,0.34064069130217994,0.18350314620611208,0.49569218488482875,0.8105773974646585,0.9036021545978562,-0.17625627965358515,0.08732598505358966,0.10153818863295275,0.0,0.0,9.812813982679257
969,"236,63,195,214,44","24742,23832,12743,13525,15843",estival Regal Smartphoneără shaft,0.12951624663666977,10.005493380798104,False,0.22252579202847766,0.16365853803583852,0.001821023654352677,0.04948366195395441,0.3168152012003828,0.35875452132887037,0.18601909078361578,0.493112675680108,0.8079802933846547,0.9022089055293038,-0.1762974744797252,0.09481371085604905,0.09580594595579559,0.0,0.0,9.81487372398626
970,"0,240,195,232,248","30332,16145,12743,7578,6148",lucrarea earthquake Smartphoneetic mici,0.16786875751598107,10.007195497932459,False,0.24745982960862012,0.2148863498377372,0.002154148099289194,0.05935559777308682,0.2965232976601734,0.30947166464478687,0.1591821441852781,0.4726066557988214,0.8356829479377774,0.9169612073663324,-0.176083358138648,0.1527905781137903,0.050237012886269715,0.0,0.0,9.804167906932399
971,"62,240,195,229,187","23226,16145,12743,3147,20719", imobil earthquake Smartphone 300 apărut,0.15881923562039366,10.025152499500257,False,0.2405883374052716,0.1941115213481628,0.001642075044214103,0.05222713579544753,0.3236605793154227,0.3513774186649659,0.1635382035697559,0.5004177314859799,0.8311863705086391,0.9145828537810252,-0.1767571521705572,0.07525548767022082,0.11203940330217753,0.0,0.0,9.837857608527859
972,"34,254,195,214,195","19867,28995,12743,13525,12743",rasifreiheit Smartphoneără Smartphone,0.13303526937136545,10.064814568866826,False,0.22940678801047687,0.16481841941496572,0.0015373715760844343,0.051165591768134455,0.31893303781033355,0.35021389211402537,0.19274303727822284,0.49639219870730117,0.8010394453902215,0.8984747980448741,-0.17745916089696762,0.08876274911333265,0.10309377490511368,0.0,0.0,9.87295804484838
973,"110,240,106,214,248","24243,16145,14385,13525,6148", événements earthquake Freundeără mici,0.1416822103797295,10.071679910368855,False,0.2294214011751552,0.17531044537804027,-0.001857567023301609,0.05070219296953965,0.3319730493083539,0.349855920785235,0.17547838159085138,0.5097222153647588,0.818861025454605,0.9080317276445513,-0.1777491660564049,0.051505573404703034,0.13271603414390845,0.0,0.0,9.887458302820244
974,"234,129,195,214,38","794,17,12743,13525,25012", testt Smartphoneără caption,0.12248035807817886,10.074296608079848,False,0.21661526656551255,0.1758246260217198,0.0014013720150448106,0.05113022127084155,0.3155542861936106,0.34099001268011664,0.18826981697466738,0.49315393900722,0.805656963122924,0.9009607000448647,-0.1775996528136094,0.09841632516111254,0.0958976422382666,0.0,0.0,9.879982640680469
975,"110,240,58,214,187","24243,16145,28310,13525,20719", événements earthquake Illustrationără apărut,0.15238675230314538,10.09334645196816,False,0.2379314745151571,0.18113161465105085,-0.009915733061491853,0.05175011764289289,0.33794467721453747,0.34876242459872,0.1710894444240234,0.5161813378718553,0.8233915412397178,0.9104452512787228,-0.1782366606573178,0.03444377938703574,0.1470696397152339,0.0,0.0,9.91183303286589
976,"234,240,195,16,104","794,16145,12743,20538,15091", test earthquake Smartphone tragespieler,0.13595786184222444,10.104002003870667,False,0.22850629796935026,0.18302208089596111,0.00032578840879086155,0.05317337225594543,0.32356003523754623,0.3542400029691029,0.18509687225425164,0.5018258491139456,0.808932260898837,0.902719850089577,-0.17826581387639934,0.07554275646415358,0.11516855358654568,0.0,0.0,9.913290693819967
977,"39,33,195,214,25","2951,25803,12743,13525,28399",ches Sauce Smartphoneără bewegt,0.1286906222714295,10.104713502483103,False,0.22153022288524685,0.17138108569983218,0.0015687525636334466,0.04714406222589753,0.31562469153036926,0.3421553441759671,0.1856792012276347,0.49380765150533895,0.808331147119861,0.9023972510886573,-0.1781829599749697,0.09821516705608777,0.09735033667853098,0.0,0.0,9.909147998748484
978,"0,240,161,229,103","30332,16145,7890,3147,31149",lucrarea earthquakeintérieur 300 dicke,0.15023622422846877,10.128751888359457,False,0.23366882931601785,0.20573066005636942,0.001975440937123146,0.05546586820109433,0.3020194449790678,0.31027868014816645,0.16686521017509814,0.480497301138888,0.8277520411095761,0.9127621759390021,-0.1784778561598202,0.13708730005980624,0.06777178030863998,0.0,0.0,9.92389280799101
979,"123,124,195,16,195","22250,28387,12743,20538,12743", papa ressenti Smartphone trage Smartphone,0.1246580172331817,10.133402912232274,False,0.21749055714263577,0.18082029269232436,0.0016557895465632523,0.052694630579149415,0.3150007930577687,0.334455431699987,0.18566507981890812,0.4937255393170222,0.8083457240579013,0.9024050754406758,-0.1787247462592535,0.09999773412066086,0.09716786514893815,0.0,0.0,9.936237312962675
980,"92,69,195,121,214","18158,22208,12743,803,13525", imperative déplac Smartphone friendsără,0.1376501936179574,10.140718480354778,False,0.23060206876039827,0.19267587207534603,0.0018158366524746894,0.053962634539929104,0.3265159829946583,0.36284821132105677,0.1859037502848817,0.5055208169102016,0.8080993545446382,0.9022728244356683,-0.17900483391554328,0.06709719144383341,0.12337959313378123,0.0,0.0,9.950241695777164
981,"251,240,12,214,16","694,16145,12337,13525,20538", fun earthquake mobilityără trage,0.13554398993116343,10.152442594920544,False,0.22658566242741393,0.17556445619511102,0.0017102862015903443,0.052939856297357334,0.31978208174650297,0.3433106482509601,0.182083344992501,0.49892954884372315,0.8120429987174184,0.9043874473960256,-0.17914746709722018,0.08633690929570575,0.10873233076382918,0.0,0.0,9.957373354861009
982,"0,44,154,242,195","30332,15843,12307,17002,12743",lucrarea shaftoaraaffiche Smartphone,0.158283905564097,10.154938823009841,False,0.2393729879444264,0.20494701102741708,0.0020165482894031308,0.05831673554965988,0.29924403360609114,0.3237275147670918,0.16217816476065883,0.4781895981027062,0.8325902815373845,0.9153260813717378,-0.17894556449661508,0.14501704683973954,0.06264355133934714,0.0,0.0,9.947278224830754
983,"156,254,195,16,99","6872,28995,12743,20538,7693",eştifreiheit Smartphone trage graphic,0.12207826898512128,10.15953195416539,False,0.21660723232683884,0.16490551580530588,-0.0018934409731726216,0.04641635454638115,0.3336167403471741,0.35255565190102245,0.18905792668343513,0.5130681636682399,0.804843430520325,0.9005232219751831,-0.17945142332106584,0.046809313293788256,0.14015147481831092,0.0,0.0,9.97257116605329
984,"201,44,195,214,248","17624,15843,12743,13525,6148", angenehm shaft Smartphoneără mici,0.1292966678035445,10.195354612006678,False,0.22054108512530776,0.18195940495430213,0.0019789388914289107,0.048543613276912256,0.33147120382689765,0.35921682881108336,0.1824888346435265,0.5115825073860152,0.8116244287550695,0.9041632404364123,-0.18011130355911753,0.05293941763743522,0.13685001641336705,0.0,0.0,10.005565177955877
985,"0,74,195,92,38","30332,9633,12743,18158,25012",lucrarea bitte Smartphone imperative caption,0.15584415895603762,10.214308753863751,False,0.2366420343724702,0.20568189176581003,0.0017966739570543955,0.055359582105298656,0.29848371698657084,0.3021255733826409,0.16159575083286515,0.47855690852847943,0.833191483011236,0.9156441716994298,-0.1800731915419086,0.14718938003836898,0.06345979672995426,0.0,0.0,10.003659577095428
986,"2,240,195,233,195","26170,16145,12743,8216,12743",athlet earthquake Smartphone termen Smartphone,0.1235946136347264,10.22480260100573,False,0.21423921419935366,0.17381641370170262,0.0015562163096905113,0.05155857477207255,0.3262585608429496,0.33473744081395723,0.1812892011292545,0.506870386465162,0.8128627601246405,0.9048263915640091,-0.18061182562221245,0.0678326833058583,0.12637863658924892,0.0,0.0,10.030591281110622
987,"195,240,154,214,61","12743,16145,12307,13525,18837", Smartphone earthquakeoaraără manger,0.12942633059774575,10.234627580629713,False,0.2210934526948232,0.17099782942190517,0.0019783476351341424,0.05519858604687434,0.3220131035969391,0.34932686955754305,0.1833342441941549,0.5027614506253736,0.8107517479286143,0.9036956101508102,-0.1807483470284345,0.07996256115160258,0.11724766805638571,0.0,0.0,10.037417351421725
988,"0,205,195,189,195","30332,24903,12743,10646,12743",lucrarea dispus Smartphonetial Smartphone,0.13975991049712388,10.237522639090072,False,0.226479026676079,0.19956466647553686,0.0018598344671514333,0.05275889621005489,0.3002890281972325,0.3085534396819594,0.17343823235791023,0.4808286900180726,0.8209669859531249,0.9091544245297879,-0.18053966182084008,0.14203134800790704,0.06850820004016131,0.0,0.0,10.026983091042004
989,"201,240,169,214,53","17624,16145,680,13525,1735", angenehm earthquake sieără moving,0.13442069558425318,10.240104658677724,False,0.22444523829799878,0.18545632957640695,0.0017867742356343697,0.053871537975192396,0.3205089284536025,0.3360280331540191,0.1800490854274912,0.5013438678562897,0.8141428795587188,0.9055114105148034,-0.1808349394026872,0.08426020441827847,0.1140974841250882,0.0,0.0,10.041746970134358
990,"142,33,195,214,53","3416,25803,12743,13525,1735", € Sauce Smartphoneără moving,0.11470849785237891,10.256132723468676,False,0.2119809922155107,0.1623523951564998,0.0015657210820639645,0.048231308044632194,0.31379024171652353,0.3426038556193473,0.19454498872626358,0.49485041534788754,0.799179366476115,0.8974714542946401,-0.181060173631364,0.10345645223850414,0.09966758966197228,0.0,0.0,10.0530086815682
991,"194,33,195,214,38","23078,25803,12743,13525,25012",politischen Sauce Smartphoneără caption,0.1395573240912167,10.271452837455294,False,0.2322238721666928,0.1869418482204256,0.0016079770710224206,0.05054262071663457,0.3032426425657561,0.3543042504606399,0.18533309615095217,0.48446794179442293,0.8086884168764364,0.9025890005141032,-0.18122529922866681,0.13359244981212534,0.0765954262098287,0.0,0.0,10.06126496143334
992,"251,205,195,253,44","694,24903,12743,31728,15843", fun dispus Smartphone ultraviolet shaft,0.12705035352691801,10.276332561631634,False,0.22038741587737332,0.17550622690924628,-0.003994755925017689,0.05063078335494292,0.31953252070160265,0.3600612434647085,0.1866741247009106,0.5010493146866656,0.8073041293409955,0.9018458157019354,-0.18151679398506293,0.08704994085256379,0.11344292152592349,0.0,0.0,10.075839699253146
993,"62,240,195,214,200","23226,16145,12743,13525,3404", imobil earthquake Smartphoneărăware,0.13916128420956916,10.282238154076614,False,0.2247147974133968,0.18179426827061698,0.0015680874604355633,0.05250695059184087,0.3208024952334419,0.33774510083951986,0.1711070264076553,0.502447815451121,0.8233733920953236,0.9104355955213662,-0.18164532021767915,0.08342144219016595,0.1165507010024912,0.0,0.0,10.082266010883957
994,"11,40,195,214,219","9161,18132,12743,13525,25895", bro Vorstand Smartphoneărăflooded,0.12243802501458839,10.29409137669815,False,0.21768430717384857,0.17463288481331196,0.001865539471650185,0.0489598950599717,0.304203546572474,0.32615777289962705,0.19049256431852035,0.48587403246757505,0.80336251425185,0.8997263115422821,-0.18167048589510104,0.13084700979293137,0.07972007215016674,0.0,0.0,10.083524294755051
995,"62,240,195,16,61","23226,16145,12743,20538,18837", imobil earthquake Smartphone trage manger,0.14649740656727886,10.296837775403018,False,0.232056694816117,0.19143391449710234,0.0017195428412108583,0.05470067918768206,0.3320471854011637,0.34681764145291244,0.17111857649767626,0.5141087863940016,0.8233614694217536,0.9104292523322851,-0.1820616009928379,0.05129375599667514,0.14246396976444795,0.0,0.0,10.103080049641894
996,"253,240,195,236,110","31728,16145,12743,24742,24243", ultraviolet earthquake Smartphoneestival événements,0.13023971053510336,10.303419506602332,False,0.2201276709384261,0.17162731784124308,0.0018568092794110148,0.05480250992285512,0.3313033163948674,0.3416120496115629,0.1797759208066455,0.5134819065382539,0.8144248559415272,0.9056622323986766,-0.1821785901433865,0.05341909601466458,0.14107090341834191,0.0,0.0,10.108929507169325
997,"0,112,119,214,187","30332,21711,23662,13525,20719",lucrarea bilden artistiqueără apărut,0.13959345969795062,10.304005115554393,False,0.22736239151393656,0.19902614448021363,0.0016287906297894395,0.05246393794599797,0.29859840094118995,0.3066494491650324,0.17553786363197188,0.4803905767216077,0.8187996246379645,0.9079989737703607,-0.18179217578041773,0.1468617115966001,0.06753461493690592,0.0,0.0,10.089608789020886
998,"0,90,60,214,110","30332,23060,4091,13525,24243",lucrarea răspunde rearără événements,0.1382966245523991,10.313200543948518,False,0.22630279716099266,0.1973926962862272,0.0018845859691890676,0.05356063233404662,0.30612782387531184,0.31248949066159,0.17601234521718712,0.48818762546308364,0.8183098371951617,0.9077376574665242,-0.1820598015877718,0.1253490746419661,0.08486138991796362,0.0,0.0,10.102990079388588
999,"195,162,195,214,61","12743,5290,12743,13525,18837", Smartphoneizat Smartphoneără manger,0.10486102818026627,10.333309810289279,False,0.20206766666662224,0.1668774488201667,0.0018554519242975243,0.04781404692878952,0.3089105743125864,0.330724365373416,0.19441327697271193,0.49138927979001135,0.7993153269959102,0.8975448306504183,-0.18247870547742495,0.11739835910689596,0.0919761773111363,0.0,0.0,10.123935273871247
1000,"110,186,195,214,44","24243,10443,12743,13525,15843", événementsû Smartphoneără shaft,0.11359187116619376,10.347826575521779,False,0.21045496019892487,0.17146081714149744,0.0017326867354167331,0.05057373799476972,0.3233417848590315,0.347451894639821,0.19372617806546222,0.5062739263946647,0.800024590384039,0.8979275148554797,-0.18293214153563325,0.07616632897419572,0.1250531697659216,0.0,0.0,10.146607076781661
1001,"0,185,12,214,240","30332,15058,12337,13525,16145",lucrareatient mobilityără earthquake,0.1583308728180772,10.348746919156573,False,0.24093440167542232,0.21662106631329853,0.0020499278850155955,0.056416730038190345,0.3062719938892433,0.3117446569908231,0.16520705771469024,0.4890142235738737,0.8294636823590295,0.9136700401596354,-0.1827422296846304,0.12493716031644762,0.08669827460860818,0.0,0.0,10.137111484231518
1002,"0,240,163,214,61","30332,16145,13147,13525,18837",lucrarea earthquakenehmără manger,0.15669205858098526,10.356454427152919,False,0.23741566779793724,0.20933255922846924,0.00197862729561476,0.05868203926458641,0.2883439075880077,0.2952004634912462,0.16144721843390397,0.47101575719717315,0.8333448067779056,0.9157252762516147,-0.18267184960916544,0.17616026403426363,0.04670168266038474,0.0,0.0,10.13359248045827
1003,"0,240,130,16,187","30332,16145,15799,20538,20719",lucrarea earthquake putere trage apărut,0.17369150048547716,10.365736275572345,False,0.25226929051804575,0.22094473370971504,0.001971752491683909,0.05734551068521935,0.2910017880551639,0.30630606959661,0.1571555800651372,0.4738836898433902,0.837774885094052,0.9180655858569489,-0.18288190178822628,0.16856631984238876,0.05307486631864484,0.0,0.0,10.144095089411312
1004,"195,172,195,214,110","12743,13910,12743,13525,24243", Smartphonelebt Smartphoneără événements,0.12042938152704985,10.367384270630152,False,0.2128889646300094,0.15798177864016535,0.001971528753503277,0.04831413966414078,0.31838558548609686,0.3373716890091261,0.18491916620591908,0.5016319783338609,0.8091156994003416,0.9028182728512316,-0.183246392847764,0.09032689861115178,0.1147377296308019,0.0,0.0,10.1623196423882
1005,"0,172,204,214,248","30332,13910,1250,13525,6148",lucrarealebt allowsără mici,0.12406249557239751,10.369894457568314,False,0.21490905903866941,0.18755984677606408,0.0017139051423402441,0.04856394113891253,0.3090133494604708,0.31295439760654276,0.1816931269325438,0.4921938615593227,0.812445804456729,0.9046031577810549,-0.1831805120988519,0.11710471582722617,0.09376413679849488,0.0,0.0,10.159025604942594
1006,"0,185,58,214,240","30332,15058,28310,13525,16145",lucrareatient Illustrationără earthquake,0.16401226654293918,10.37369190398736,False,0.24342740001406513,0.21987029920738282,0.0019965095238817176,0.05913363830054328,0.29900546807048556,0.3121181790610959,0.15883026694225189,0.48213702085894244,0.836046176059611,0.9171530586863613,-0.18313155278845689,0.14569866265575548,0.07141560190876096,0.0,0.0,10.156577639422844
1007,"0,172,195,16,178","30332,13910,12743,20538,30831",lucrarealebt Smartphone trageTotusi,0.14290609430578463,10.384087898649751,False,0.2288023054736115,0.1970283721985297,0.0018293404396565627,0.054623538176021315,0.30203708134411966,0.3140399974096958,0.17179242233565373,0.4854045648908367,0.8226658866212607,0.910059106687223,-0.18336748354671706,0.13703691044537233,0.07867681086852601,0.0,0.0,10.168374177335853
1008,"85,240,1,214,240","6796,16145,22665,13525,16145", drawn earthquakepicturedără earthquake,0.1370649675017044,10.388307571808307,False,0.22757023418013686,0.1726711659342613,0.0013498455871231998,0.05425811316393206,0.3265554647209488,0.3583471204182533,0.1810105333568649,0.510301846366165,0.8131504171800105,0.9049803680981898,-0.18374638164521623,0.06698438651157475,0.1340041030359223,0.0,0.0,10.18731908226081
1009,"195,240,173,9,38","12743,16145,19845,3349,25012", Smartphone earthquakeAici Sport caption,0.1362287984945708,10.403023552769989,False,0.22478031179576907,0.1648296242478158,0.0014848581659399674,0.0516579824097916,0.3189065579962533,0.34384020245530483,0.17710302660239652,0.5028417391951467,0.8171839725394616,0.9071366894782745,-0.18393518119889346,0.08883840572499056,0.11742608710032607,0.0,0.0,10.196759059944672
1010,"0,44,204,214,187","30332,15843,1250,13525,20719",lucrarea shaft allowsără apărut,0.1465245350199607,10.408358998610057,False,0.23171080498482222,0.2025416071963077,0.001797695447461306,0.05463376648709726,0.2923267181582738,0.31187045980552347,0.170372539929723,0.47604090832203205,0.8241315716854473,0.9108388771183831,-0.18371419016375823,0.16478080526207473,0.0578686851600712,0.0,0.0,10.18570950818791
1011,"62,240,195,9,195","23226,16145,12743,3349,12743", imobil earthquake Smartphone Sport Smartphone,0.1320639774639744,10.412147099811184,False,0.22255509907889204,0.18213303478067586,0.0014641447749158877,0.05230631004618966,0.31795143896464323,0.33348977155544257,0.18098224322983525,0.5020497139940324,0.813179619891783,0.904995998206713,-0.1840982750293892,0.09156731724387643,0.1156660310978498,0.0,0.0,10.204913751469459
1012,"195,33,217,214,214","12743,25803,15296,13525,13525", Smartphone SauceITYărăără,0.09952635463354675,10.413446258862539,False,0.2011065384438484,0.16299892538124772,0.0019745892885839446,0.04496951999738197,0.33461006110825603,0.35507401543012457,0.2031603676206033,0.5189357500908306,0.7902860721335708,0.8926587435181469,-0.18432568898257456,0.04397125397641129,0.1531905557574013,0.0,0.0,10.216284449128727
1013,"45,240,173,214,61","25231,16145,19845,13525,18837",ffentlichkeit earthquakeAiciără manger,0.1337117375475321,10.414265392533368,False,0.22309060828073393,0.18211129034214996,0.0017357308920033733,0.05072362779084829,0.31749179932114213,0.33305477067635025,0.17875774146640366,0.5016250490787251,0.8154758797766156,0.9062241767540724,-0.18413324975758294,0.09288057336816528,0.11472233128605569,0.0,0.0,10.206662487879147
1014,"0,240,11,16,249","30332,16145,9161,20538,13418",lucrarea earthquake bro trage breathe,0.16047687281589315,10.419921913627945,False,0.24053913632822396,0.20951186125070936,0.0021118404706743144,0.05827769217802629,0.29698739675709596,0.2994407187143502,0.16012452702466162,0.48097966922786933,0.8347101656519622,0.9164472014117008,-0.18399227247077338,0.1514645806940115,0.06884370939526516,0.0,0.0,10.199613623538669
1015,"174,33,195,214,214","6031,25803,12743,13525,13525",tting Sauce Smartphoneărăără,0.12133068467822172,10.429167293313432,False,0.21536735769793913,0.16870209264931976,0.001745502206385108,0.04695063102865471,0.3187290968011465,0.34019968370686066,0.18807334603943482,0.5031627452360378,0.8058597718302608,0.9010697275797058,-0.18443364843489124,0.08934543771100986,0.11813943385786167,0.0,0.0,10.22168242174456
1016,"102,240,67,214,240","26182,16145,25300,13525,16145", correspondant earthquake fartherără earthquake,0.12843439582778446,10.429330809530121,False,0.2196640693394761,0.18135499515754477,0.0015994366329177279,0.0504629519903975,0.31972336129316264,0.3385749920578416,0.1824593470233833,0.5041722292117414,0.8116548675887656,0.9041795468692138,-0.18444886791857878,0.08650468201953525,0.1203827315816476,0.0,0.0,10.222443395928938
1017,"219,172,195,214,142","25895,13910,12743,13525,3416",floodedlebt Smartphoneără €,0.10632275269425526,10.44911806075589,False,0.2050309795986278,0.1583093593967711,0.001503616026758886,0.0517731267397727,0.3188186165640539,0.3404023664569284,0.19741645380874506,0.5036353893574227,0.796215273487747,0.8958702730815745,-0.18481677279336878,0.08908966695984591,0.11918975412760595,0.0,0.0,10.240838639668437
1018,"0,240,237,125,16","30332,16145,8916,19020,20538",lucrarea earthquake restoration humaine trage,0.15722538423203677,10.452695459360394,False,0.2378211358795482,0.21848280139998877,0.0019971226110524322,0.056530167389600906,0.2825729652083815,0.29466532902195536,0.16119150329502285,0.4670175647670563,0.8336087707922345,0.9158648899837667,-0.18444459955867482,0.1926486708331957,0.03781681059345843,0.0,0.0,10.22222997793374
1019,"0,90,130,214,187","30332,23060,15799,13525,20719",lucrarea răspunde putereără apărut,0.1342637841127111,10.46444602092228,False,0.22318347871934582,0.18793360822948624,0.0017983011155069174,0.05343141506716121,0.297651593992927,0.31072291408988634,0.17783938921326947,0.4825045310986476,0.8164238562959799,0.9067307267247154,-0.1848529371057206,0.14956687430592278,0.07223229133032798,0.0,0.0,10.24264685528603
1020,"100,240,198,214,16","14338,16145,3484,13525,20538", surroundings earthquakegraără trage,0.13421889321027122,10.474033511837993,False,0.2257249620256769,0.17027357254550926,0.0014221518236302577,0.04705738954294288,0.31098851873463546,0.3280391531706944,0.18301213763081137,0.496187197152623,0.8110842450262592,0.9038738088744406,-0.18519867841798754,0.11146137504389865,0.10263821589471774,0.0,0.0,10.259933920899377
1021,"125,40,195,16,195","19020,18132,12743,20538,12743", humaine Vorstand Smartphone trage Smartphone,0.12753256891300352,10.479882706646832,False,0.21858639134819569,0.16761610819937875,0.001735690905821885,0.04921414529142335,0.30562099951109306,0.3256178594262254,0.18210764487038433,0.4908664251947387,0.8120179149725065,0.9043740128561941,-0.18524542568364566,0.12679714425401978,0.09081427821053047,0.0,0.0,10.262271284182281
1022,"0,73,173,214,138","30332,9472,19845,13525,9518",lucrarea problèmeAiciără oferit,0.143291762361335,10.484475973088077,False,0.22838162319852473,0.1971067414473514,0.0017806007596533723,0.0540373048434756,0.2949565709687004,0.3082835988397528,0.17017972167437945,0.48016029411255967,0.8243306098845116,0.9109447174914735,-0.18520372314385924,0.1572669400894273,0.06702287580568814,0.0,0.0,10.260186157192962
1023,"0,240,173,214,94","30332,16145,19845,13525,18852",lucrarea earthquakeAiciărăkap,0.15238582183394567,10.492232775984654,False,0.23474848959237882,0.20306657229019084,0.0018580265187032375,0.05627304234755807,0.2888193018051903,0.29586192422621255,0.1647253355168663,0.4740969422183334,0.8299609439825896,0.9139336214863384,-0.1852776404131431,0.17480199484231346,0.05354876048518525,0.0,0.0,10.263882020657155
1024,"195,162,195,16,248","12743,5290,12743,20538,6148", Smartphoneizat Smartphone trage mici,0.12229239897026936,10.494982619189702,False,0.21736760726868667,0.16992221517413764,0.001711815023759894,0.04698731963464022,0.32464651800138505,0.3447175409439953,0.19015041659683463,0.5104124042412047,0.8037156989968158,0.8999164313441362,-0.18576588623981966,0.07243851999604264,0.1342497872026771,0.0,0.0,10.288294311990983
1025,"0,191,133,214,252","30332,20041,121,13525,21212","lucrareaieni""ără Colin",0.14233620341055575,10.495859393557113,False,0.22846555691445825,0.19607669326507404,0.001810750987452997,0.05271075463429173,0.3017782217488679,0.3074678668599697,0.172258707007805,0.4872828632880937,0.8221845605080723,0.9098028868893497,-0.1855046415392258,0.13777650928894872,0.08285080730687493,0.0,0.0,10.27523207696129
1026,"0,33,195,173,67","30332,25803,12743,19845,25300",lucrarea Sauce SmartphoneAici farther,0.15245326518851102,10.49895983208768,False,0.23445905669398884,0.19486468376299163,0.0019915638820340196,0.055404895279611434,0.30229143669505154,0.3063137857605019,0.16401158301095564,0.48786168802919316,0.8306977207628845,0.9143240218812171,-0.18557025133414162,0.13631018087128124,0.08413708450931812,0.0,0.0,10.27851256670708
1027,"251,44,195,6,44","694,15843,12743,21014,15843", fun shaft Smartphone sportiv shaft,0.11345461885360089,10.504263662393223,False,0.2117848476648134,0.17634129335032572,0.0018108153781344338,0.04899856027581292,0.3167513575544849,0.3371904725225772,0.196660457622425,0.5025989761055343,0.7969956566478194,0.8962921077291571,-0.18584761855104937,0.09499612127290019,0.11688661356785393,0.0,0.0,10.292380927552468
1028,"45,69,195,214,187","25231,22208,12743,13525,20719",ffentlichkeit déplac Smartphoneără apărut,0.12458228989141348,10.510736717090108,False,0.21667740137304917,0.1776374984288808,0.001579134203447752,0.052425482868119565,0.3084125075939207,0.3347473468692459,0.18419022296327137,0.4942826940621376,0.8098681569411392,0.9032218869340627,-0.1858701864682169,0.11882140687451224,0.09840598680475018,0.0,0.0,10.293509323410845
1029,"0,33,195,244,195","30332,25803,12743,22467,12743",lucrarea Sauce Smartphonelänge Smartphone,0.14190783251417968,10.515268185188425,False,0.2274039511286415,0.20232350471315003,0.0021021957432593606,0.05560715130151017,0.303520185445971,0.3125703387024206,0.17099223722892365,0.4894176635872201,0.8234918841507884,0.9104986341401486,-0.18589747814124913,0.13279947015436858,0.08759480797160021,0.0,0.0,10.294873907062456
1030,"35,110,195,16,195","14797,24243,12743,20538,12743",graphic événements Smartphone trage Smartphone,0.133820517116884,10.527248159812808,False,0.23073948330618152,0.1738400415453694,-0.0018106149707696078,0.050428628517076385,0.3235002424608456,0.3651701185582123,0.19383793237859503,0.5098700429978185,0.7999092310930632,0.8978652836708885,-0.18636980053697288,0.07571359296901257,0.13304453999515212,0.0,0.0,10.318490026848643
1031,"174,226,195,214,237","6031,20736,12743,13525,8916",ttingesel Smartphoneără restoration,0.0950667263521782,10.533477933311895,False,0.1965910517941626,0.16093684223918264,0.00114273172170819,0.04690978056153486,0.3145558259785444,0.33264095486007683,0.20304865088396884,0.5009361733456542,0.7904013926359031,0.8927213166022369,-0.1863803473671098,0.10126906863273016,0.113191496323676,0.0,0.0,10.319017368355489
1032,"154,240,12,214,248","12307,16145,12337,13525,6148",oara earthquake mobilityără mici,0.11854178049269296,10.544682035883666,False,0.21231711598707306,0.17465719064303814,0.001606117019729697,0.0509233065009999,0.3246856976856034,0.34121613810889445,0.18755067098876022,0.5114037512321369,0.806399307366441,0.9013597112203539,-0.18671805354653348,0.07232657804113307,0.1364527805158597,0.0,0.0,10.335902677326674
1033,"0,73,195,104,61","30332,9472,12743,15091,18837",lucrarea problème Smartphonespieler manger,0.15467661226821314,10.572339033124052,False,0.23505415728186682,0.20627141120361875,0.0019887891085881458,0.059769356096723576,0.30106755319208983,0.32440913897504026,0.16075509002730737,0.488028058120509,0.8340592619072956,0.916103110993895,-0.18696050492841915,0.13980699087974327,0.08450679582335326,0.0,0.0,10.348025246420956
1034,"194,240,67,214,248","23078,16145,25300,13525,6148",politischen earthquake fartherără mici,0.14368751592591825,10.57318475485392,False,0.23079848769798275,0.17941763627296448,0.0018601543514875807,0.05033442830443443,0.3189804222401746,0.3479098406844177,0.174221943544129,0.5061749074819387,0.820157993760899,0.908723311275699,-0.18719448524176413,0.08862736502807254,0.12483312773764157,0.0,0.0,10.359724262088205
1035,"194,153,195,214,214","23078,23158,12743,13525,13525",politischen pierdere Smartphoneărăără,0.11246040801671031,10.584031075571454,False,0.20805963541701278,0.17106064768011628,0.0017620270424867912,0.048893927355288865,0.3139342145975913,0.3383417701322769,0.19119845480060493,0.5012750432738543,0.802633853109053,0.8993339453169746,-0.187340828676263,0.10304510114973908,0.1139445406085651,0.0,0.0,10.36704143381315
1036,"0,254,195,172,33","30332,28995,12743,13910,25803",lucrareafreiheit Smartphonelebt Sauce,0.1311832973145466,10.587738864961985,False,0.2201917551522914,0.1870412982707456,0.0018613176919191122,0.05277303052719586,0.312133787656836,0.31975438466509915,0.1780169156754896,0.4995237268662216,0.8162406031736882,0.9066328277337582,-0.18738993920938557,0.10818917812332558,0.11005272636938129,0.0,0.0,10.369496960469277
1037,"35,110,1,214,195","14797,24243,22665,13525,12743",graphic événementspicturedără Smartphone,0.14330316163533782,10.604468062614698,False,0.23726141608827353,0.18071507871739095,0.0014447191792786253,0.05056892567911512,0.32242856192202085,0.35459046998126725,0.18791650890587142,0.5102640118981931,0.8060216682261973,0.9011567516776028,-0.1878354499761723,0.07877553736565465,0.1339200264404292,0.0,0.0,10.391772498808614
1038,"20,33,195,214,116","16297,25803,12743,13525,29248", Graphic Sauce Smartphoneără motoare,0.12993657970330585,10.614750499545647,False,0.22302518638004898,0.15980239424112763,-0.001971479299500611,0.04804314166113338,0.306875079665271,0.3326021542765911,0.18617721335348625,0.4947183272816803,0.8078170700867239,0.9021212704767102,-0.1878432476164093,0.12321405809922566,0.0993740606259562,0.0,0.0,10.392162380820464
1039,"0,240,173,134,214","30332,16145,19845,28448,13525",lucrarea earthquakeAici senzatiără,0.16248385886722008,10.627932507910572,False,0.24296099386671297,0.21398427829145042,0.002026710576768481,0.05706260833563378,0.2891162310048245,0.2992501096437438,0.16095426999898577,0.4769959870043865,0.8338536567752405,0.915994394088203,-0.18787975599956203,0.17395362570050144,0.05999108223196998,0.0,0.0,10.3939877999781
1040,"0,74,173,104,195","30332,9633,19845,15091,12743",lucrarea bitteAicispieler Smartphone,0.14777702943400142,10.638564351564327,False,0.23118868773991166,0.1957412994315713,0.001850238092774964,0.0572743984785308,0.30814129682178537,0.3157704834655337,0.16682331661182048,0.4964559491079325,0.8277952860781208,0.9127851244341022,-0.18831465228614713,0.11959629479489889,0.1032354424620722,0.0,0.0,10.415732614307355
1041,"0,127,67,214,53","30332,23794,25300,13525,1735",lucrarea Verantwortlich fartherără moving,0.14575016289749232,10.640229697694014,False,0.23031661149497618,0.19934790361116034,0.0017146156325392016,0.05504062601033264,0.287825542480343,0.29895195227059473,0.1691328971949677,0.4759250843204453,0.8254112028955172,0.9115191181785669,-0.1880995418401023,0.17764130719902002,0.05761129848987837,0.0,0.0,10.404977092005115
1042,"0,33,162,16,187","30332,25803,5290,20538,20719",lucrarea Sauceizat trage apărut,0.16878492477696402,10.64807745685701,False,0.24691596063613216,0.21299468912610237,0.001778122984367536,0.05709922738609152,0.2819129784545177,0.3104365060381797,0.15626207171833628,0.4700909112570017,0.8386972162907497,0.9185520825090234,-0.18817793280248402,0.19453434727280658,0.044646469460003745,0.0,0.0,10.4088966401242
1043,"139,254,195,214,110","31,28995,12743,13525,24243",'freiheit Smartphoneără événements,0.11137613026048601,10.665623539143915,False,0.20927477055043178,0.16124328255056125,0.0015190529932319397,0.048418479667286796,0.31491983242255517,0.3396749134917705,0.19579728057989154,0.5038350531711779,0.7978866781110797,0.896773505083702,-0.18891522074862277,0.10022905022127089,0.1196334514915065,0.0,0.0,10.445761037431138
1044,"0,240,244,214,64","30332,16145,22467,13525,30828",lucrarea earthquakelängeărăDOWN,0.15294343876742622,10.668777208637815,False,0.23578715316304888,0.20940015687341457,0.0019359171526558195,0.057401710315213406,0.29107553878282405,0.30715832852062713,0.16568742879124532,0.47976124872066456,0.8289678154412952,0.9134071223768483,-0.1886857099378405,0.16835560347764553,0.06613610826814344,0.0,0.0,10.434285496892025
1045,"0,77,195,17,195","30332,6177,12743,25272,12743",lucrarea tie Smartphone grafic Smartphone,0.14951647900731915,10.672708275684393,False,0.23400349225682823,0.19573913356872605,0.0020786561655045666,0.057633920509893466,0.29622338423051026,0.3058494724730654,0.16897402649901816,0.48504695770690454,0.8255751984526264,0.9116062601260381,-0.18882357347639428,0.1536474736271135,0.07788212823756561,0.0,0.0,10.441178673819714
1046,"100,205,1,214,240","14338,24903,22665,13525,16145", surroundings dispuspicturedără earthquake,0.13488145924965755,10.673339210627294,False,0.22626594021381874,0.18491201454915446,0.0015244233003427199,0.050132351506030876,0.32965222820782625,0.3506137973749646,0.18276896192832237,0.5188943131311796,0.8113352651062479,0.9040083174792573,-0.18924208492335337,0.05813649083478209,0.15309847362484358,0.0,0.0,10.462104246167668
1047,"0,240,198,214,135","30332,16145,3484,13525,19890",lucrarea earthquakegraără pursu,0.15821418260925083,10.674500662487747,False,0.23790439573222524,0.21000408218076178,0.001907785433874565,0.05712982319073545,0.28530350945095123,0.29619334898238003,0.15938042624594884,0.4740286407928254,0.8354782696816012,0.9168530818806528,-0.18872513134187419,0.184847115854425,0.05339697953961201,0.0,0.0,10.436256567093709
1048,"0,59,242,106,195","30332,31675,17002,14385,12743",lucrarea temporaireaffiche Freunde Smartphone,0.1468240615778221,10.674901072248346,False,0.23124399905865953,0.20513988629395297,0.001815523772943739,0.05758954348476275,0.29514245089124413,0.3066878551588796,0.16883987496167485,0.48399487204239783,0.8257136774589163,0.9116798369155288,-0.1888524211511537,0.1567358545964453,0.07554416009421737,0.0,0.0,10.442621057557684
1049,"251,240,30,16,195","694,16145,22706,20538,12743", fun earthquakemog trage Smartphone,0.12487867713446893,10.682538099498688,False,0.21860315395416274,0.15989526525377745,0.001823211780816486,0.0491218447924169,0.3198590612888957,0.34066060538607273,0.18744895363938763,0.5091582292888875,0.8065043059206322,0.9014161338475213,-0.18929916799999186,0.08611696774601227,0.1314627317530834,0.0,0.0,10.464958399999592
1050,"131,240,195,214,195","30173,16145,12743,13525,12743", machiaj earthquake Smartphoneără Smartphone,0.1558614975377301,10.684846832429274,False,0.24184911006550824,0.19600127602543296,0.0017561913000158525,0.05577660963624814,0.314810639789891,0.35149101220223616,0.1719752250555563,0.5040926385846144,0.8224771870394257,0.909958666613184,-0.1892819987947234,0.10054102917173997,0.1202058635213653,0.0,0.0,10.464099939736169
1051,"0,77,195,16,129","30332,6177,12743,20538,17",lucrarea tie Smartphone traget,0.13814649707420043,10.695073353628045,False,0.22506450212926918,0.1951413014686801,0.0019687748995783293,0.0546924891911296,0.3059806391532759,0.30830530823774105,0.1738360101101375,0.4953511093188376,0.8205563766605032,0.9089356357244789,-0.1893704701655617,0.12576960241921167,0.10078024293075015,0.0,0.0,10.468523508278084
1052,"251,240,179,214,240","694,16145,3997,13525,16145", fun earthquakechtără earthquake,0.12626869740816016,10.70372102971037,False,0.2195709227684819,0.1756259514379364,0.0017373477384327542,0.05308609523050098,0.31824639061045157,0.3427646380573901,0.18660445072064347,0.5079315822506253,0.8073760508690132,0.9018844434179784,-0.18968519164017372,0.0907245982558526,0.12873684944583394,0.0,0.0,10.484259582008685
1053,"35,240,12,214,240","14797,16145,12337,13525,16145",graphic earthquake mobilityără earthquake,0.12525994557781903,10.714146095209161,False,0.2199448153475053,0.17866714656119256,0.0015895387922293114,0.05088231503803722,0.3094955116301796,0.33096426001265616,0.18936973953937253,0.49927393851874624,0.8045215591851639,0.9003500766149951,-0.18977842688856666,0.1157271096280583,0.1094976411527694,0.0,0.0,10.488921344428332
1054,"195,33,179,214,99","12743,25803,3997,13525,7693", Smartphone Saucechtără graphic,0.1036026222404377,10.720418361203123,False,0.20185879799388973,0.14951519665047439,0.0017485534382747027,0.04851379591264946,0.31758491789763194,0.34852796083135457,0.19651235150690405,0.5075818034513407,0.79714854037997,0.8963747254876702,-0.1899968855537088,0.09261452029248013,0.1279595632252016,0.0,0.0,10.49984427768544
1055,"195,172,33,214,167","12743,13910,25803,13525,24594", Smartphonelebt Sauceărăidia,0.10645051983099071,10.7259849547588,False,0.2037966716570482,0.15009532315738383,0.001809635096990192,0.04630686349781977,0.3227738705483795,0.3427951040161819,0.19469230365211498,0.5129404380169934,0.7990272994558814,0.8973893783346697,-0.19016656746861388,0.07778894129034415,0.13986764003776309,0.0,0.0,10.508328373430693
1056,"35,240,204,16,38","14797,16145,1250,20538,25012",graphic earthquake allows trage caption,0.11402918082724373,10.72730556365161,False,0.2092443353340513,0.16750765080811872,0.0011141005034529085,0.04861447836530756,0.30334242723458565,0.33021560992263427,0.19043030901361513,0.4932980344076662,0.8034267777923972,0.8997609076784704,-0.18995560717308052,0.13330735075832664,0.09621785423925813,0.0,0.0,10.497780358654026
1057,"19,254,195,214,38","6217,28995,12743,13525,25012", legsfreiheit Smartphoneără caption,0.1174351479592568,10.734212785391,False,0.212589570514778,0.17575708307655752,0.0015055459842866438,0.047135112038060756,0.30923584769812723,0.34476867506658754,0.1903088451110424,0.49939537334784095,0.8035521598853755,0.8998284030241308,-0.19015952564971372,0.11646900657677929,0.10976749632853543,0.0,0.0,10.507976282485686
1058,"0,77,195,16,142","30332,6177,12743,20538,3416",lucrarea tie Smartphone trage €,0.1462680313142507,10.747157292277597,False,0.22892541548202827,0.1947320632711747,0.0018858003102669885,0.057838352930193536,0.2951283699435274,0.30631103613866467,0.16531476833555514,0.48536424964298935,0.8293524972020075,0.9136110943199217,-0.19023587969946193,0.15677608587563588,0.0785872214288652,0.0,0.0,10.511793984973096
1059,"219,73,33,214,187","25895,9472,25803,13525,20719",flooded problème Sauceără apărut,0.12808045665276474,10.7482080865058,False,0.22188254551122366,0.17043483337210033,0.0012345905037618012,0.050724447388009554,0.31179868085470536,0.34264951272202154,0.18760417771691784,0.5022573606978827,0.8063440746147945,0.9013300296135052,-0.19045867984317738,0.10914662612941321,0.11612746821751717,0.0,0.0,10.522933992158869
1060,"124,252,195,214,110","28387,21212,12743,13525,24243", ressenti Colin Smartphoneără événements,0.12269680128039603,10.750618176559723,False,0.22049146667219463,0.17415282139455524,0.0016953658292670926,0.04950570341313545,0.3138723662670568,0.3412164996875157,0.1955893307835972,0.5044024087515385,0.7981013359653191,0.8968894409103069,-0.19053004248448174,0.103221810665552,0.12089424167008558,0.0,0.0,10.526502124224086
1061,"35,240,86,214,106","14797,16145,16233,13525,14385",graphic earthquake Crewără Freunde,0.1313384528625138,10.752885286911198,False,0.22261500840350537,0.16807876775239236,0.0015611640715131993,0.05135537216457998,0.30259164938842553,0.3351096969792644,0.18255311108198313,0.493027953051326,0.8115580788831142,0.9041276950287591,-0.19043630366290049,0.13545243031878415,0.09561767344739112,0.0,0.0,10.521815183145023
1062,"195,33,67,214,53","12743,25803,25300,13525,1735", Smartphone Sauce fartherără moving,0.1141296718873695,10.785557721012466,False,0.2101990417721089,0.16252594627706554,0.0006444093897156557,0.04855446093117008,0.31307178363532645,0.343879085594548,0.19213873976947882,0.5042611476989126,0.8016632363669897,0.8988110258728034,-0.19118936406358616,0.10550918961335294,0.12058032821980579,0.0,0.0,10.559468203179307
1063,"110,33,195,214,187","24243,25803,12743,13525,20719", événements Sauce Smartphoneără apărut,0.13373052633952853,10.799708095663897,False,0.22352293348599428,0.18272981989433262,0.001589621081309467,0.0521928688323948,0.31829249327078885,0.34626851546790793,0.1795848142929315,0.5098162956287393,0.8146221271814901,0.9057677327588285,-0.19152380235795047,0.09059287636917467,0.13292510139719846,0.0,0.0,10.576190117897523
1064,"0,234,242,246,195","30332,794,17002,728,12743",lucrarea testaffiche once Smartphone,0.12740612005971175,10.816455668089095,False,0.2157693335701414,0.18394866903594229,0.0018060371827813282,0.05475081255740515,0.30373873095884263,0.3062185012629363,0.17672642702085928,0.4954062860737261,0.8175727204945968,0.907344241718181,-0.19166755511488348,0.1321750544033067,0.10090285794161355,0.0,0.0,10.583377755744173
1065,"62,240,12,255,195","23226,16145,12337,27850,12743", imobil earthquake mobility purity Smartphone,0.11756263575930948,10.819993210659737,False,0.2146572978974628,0.16922992070111112,0.0013346014138183706,0.047498171629651496,0.32931687578824353,0.3452997287192021,0.19418932427630664,0.5213631515642597,0.7995465039728448,0.8976695804825366,-0.19204627577601618,0.059094640605018414,0.15858478125391046,0.0,0.0,10.602313788800808
1066,"251,240,102,214,44","694,16145,26182,13525,15843", fun earthquake correspondantără shaft,0.12631684240136368,10.828591391083847,False,0.22032382904350553,0.1758810678525616,0.001734676642682076,0.049331672880135465,0.3219967868160657,0.34449470467855137,0.1880139732842837,0.5141187105579882,0.8059210598355782,0.9011026726825951,-0.1921219237419225,0.08000918052552652,0.14248602346219594,0.0,0.0,10.606096187096124
1067,"106,90,195,121,81","14385,23060,12743,803,1722", Freunde răspunde Smartphone friends physical,0.10066366752234868,10.831511467911124,False,0.20125510978593597,0.15042897182790954,0.001848243812250844,0.0489952291386161,0.31497444227570354,0.33089302964378436,0.2011828845271746,0.5070669043332807,0.7923273450042069,0.8937656938330232,-0.19209246205757718,0.10007302206941841,0.12681534296284602,0.0,0.0,10.60462310287886
1068,"0,33,173,214,187","30332,25803,19845,13525,20719",lucrarea SauceAiciără apărut,0.14705045360703214,10.849037969168151,False,0.23272873122224033,0.19978464771563548,0.0017474377565329326,0.05456023314410784,0.2824657515274444,0.30321854872653153,0.17135655523041637,0.47449858499817127,0.8231158139556992,0.9102985470545274,-0.19203283347072686,0.19295499563587307,0.054441299995936124,0.0,0.0,10.601641673536342
1069,"0,240,173,161,240","30332,16145,19845,7890,16145",lucrarea earthquakeAiciintérieur earthquake,0.1414883346770382,10.863153767777542,False,0.22715603086798186,0.19714265837720005,0.0018714934503971936,0.05504972746990016,0.28921815107478627,0.29685976439511014,0.17133539238188733,0.4816033831152047,0.8231376594767614,0.9103101711054934,-0.1923852320404184,0.17366242550061062,0.07022974025601036,0.0,0.0,10.61926160202092
1070,"131,240,195,255,154","30173,16145,12743,27850,12307", machiaj earthquake Smartphone purityoara,0.12848813260278438,10.875475100748329,False,0.22187645758673272,0.1785764955289463,0.0018335041108817507,0.047942212430683785,0.3132483929950626,0.33552228662398065,0.18677664996789667,0.5061617264500617,0.8071982968073325,0.9017889720062578,-0.19291333345499917,0.1050045914426783,0.12480383655569274,0.0,0.0,10.645666672749957
1071,"0,33,217,214,61","30332,25803,15296,13525,18837",lucrarea SauceITYără manger,0.13604972969256454,10.879462101384323,False,0.22488954800061875,0.1906975872691985,0.0018846441716459828,0.05254851256545279,0.279866977841623,0.29604614968299064,0.17767963661610842,0.4724508050455371,0.8165887622027268,0.906818815080439,-0.1925838272039141,0.2003800633096485,0.049890677878971314,0.0,0.0,10.629191360195703
1072,"92,116,195,229,195","18158,29248,12743,3147,12743", imperative motoare Smartphone 300 Smartphone,0.10635172301971366,10.881852875447317,False,0.206253067835083,0.1554193889554833,0.0017539806703866345,0.04721983324082296,0.31771391313560016,0.34129790323149817,0.19980268963073866,0.5108036662294011,0.7937520623166568,0.8945374840493054,-0.19308975309380094,0.09224596246971378,0.13511925828755797,0.0,0.0,10.654487654690046
1073,"0,73,166,214,138","30332,9472,31468,13525,9518",lucrarea problème ingrijireără oferit,0.14358892959732605,10.889783151365652,False,0.2272257889656062,0.20031574719088951,0.0018029084884428116,0.05620567454872111,0.2942121017423422,0.2978434968432391,0.16727371873656027,0.48716797487478286,0.827330354852583,0.9125383724882147,-0.19295587313244067,0.1593939950218794,0.08259549972173967,0.0,0.0,10.647793656622033
1074,"0,69,43,214,214","30332,22208,25627,13525,13525",lucrarea déplac Exteriorărăără,0.13557504596152622,10.893379083234757,False,0.2237023282941922,0.2004659231366238,0.0015953825533035649,0.053265680219060973,0.2983028511335145,0.3078941424127692,0.17625456466533196,0.49137731809069696,0.8180598042164315,0.9076042283587423,-0.19307446695718244,0.1477061396185299,0.09194959575710432,0.0,0.0,10.653723347859122
1075,"131,77,195,214,61","30173,6177,12743,13525,18837", machiaj tie Smartphoneără manger,0.09825167901210355,10.90952694274532,False,0.19705344848778575,0.15536601266726524,0.0016814796329395311,0.047601856170483764,0.3126786135820558,0.3323791393185025,0.1976035389513644,0.5062370761766568,0.7960221533405271,0.8957658516870554,-0.19355846259460102,0.1066325326226977,0.12497128039257066,0.0,0.0,10.67792312973005
1076,"0,74,195,214,129","30332,9633,12743,13525,17",lucrarea bitte Smartphoneărăt,0.14942956605689756,10.941491931574085,False,0.23371782893251036,0.20933335826880511,0.0018733809733929075,0.05545660791277871,0.2867466773393177,0.3152949113739669,0.16857652575122561,0.48060195356507457,0.8259855218051865,0.9118242562296609,-0.19385527622575688,0.18072377903052084,0.06800434125572123,0.0,0.0,10.692763811287843
1077,"194,33,195,103,248","23078,25803,12743,31149,6148",politischen Sauce Smartphone dicke mici,0.10090853375072881,10.94185079156781,False,0.20108232180064903,0.1574667763711291,0.0017961965829541016,0.043171254108555705,0.3138367246783795,0.3458892723819497,0.20034757609984044,0.5080282349689288,0.7931895988646809,0.8942328689441915,-0.19419151029054932,0.10332364377605859,0.1289516332642862,0.0,0.0,10.709575514527465
1078,"232,25,179,214,195","7578,28399,3997,13525,12743",etic bewegtchtără Smartphone,0.09542711747740582,10.955125646158777,False,0.19601116408321337,0.14754474915386834,0.0013324781687257259,0.04383677201728245,0.3265578735290805,0.3440067065141697,0.2011680932116151,0.5211582475865778,0.7923426134589779,0.8937739685112701,-0.1946003740574973,0.06697750420262709,0.158129439081284,0.0,0.0,10.730018702874865
1079,"234,10,195,214,195","794,15854,12743,13525,12743", test realm Smartphoneără Smartphone,0.1267849948610759,10.960031894757515,False,0.22290358289974996,0.18072994895356093,0.0018428773615323914,0.051530950816714605,0.30232071176271025,0.33916581172935684,0.19223717607734814,0.49672035852265917,0.8015616246943503,0.8987562650255362,-0.19439964675994892,0.1362265378208278,0.10382301893924256,0.0,0.0,10.719982337997445
1080,"0,33,166,121,33","30332,25803,31468,803,25803",lucrarea Sauce ingrijire friends Sauce,0.14707197682268272,10.977854523100223,False,0.2320537018172583,0.2022398567226185,0.002086891730085,0.05585209600962084,0.2850811240143608,0.2892668416984558,0.16996344998915114,0.4796124552957859,0.8245538580757149,0.9110634171180669,-0.19453133128142508,0.18548250281611192,0.06580545621285751,0.0,0.0,10.726566564071254
1081,"0,162,195,190,195","30332,5290,12743,11733,12743",lucrareaizat Smartphoneusion Smartphone,0.13460701374476516,11.003169311438782,False,0.22271259939206653,0.1953697325879482,0.0017553557030562162,0.05138472834825807,0.28962313459025846,0.2955441326897745,0.17621117129460273,0.4846944391508219,0.8181045973733133,0.9076281334915733,-0.19507130456056343,0.17250532974211863,0.07709875366849306,0.0,0.0,10.75356522802817
1082,"0,33,94,214,214","30332,25803,18852,13525,13525",lucrarea Saucekapărăără,0.13735215919170699,11.008210487946863,False,0.22519493122518788,0.197452585046302,0.00188337855952328,0.05286478632463315,0.28967041489963813,0.30492440582049346,0.1756855440669618,0.4848388274639658,0.8186471803179749,0.9079176482110248,-0.19516841256432765,0.17237024314389102,0.0774196165865906,0.0,0.0,10.758420628216381
1083,"0,172,195,104,61","30332,13910,12743,15091,18837",lucrarealebt Smartphonespieler manger,0.13502396123452912,11.011325804031168,False,0.22169542515556065,0.19392539239746898,0.0019013059598918525,0.05649368646029391,0.292555084528595,0.300851332274985,0.17334292784206307,0.4878182240529438,0.8210653648081929,0.9092068368407361,-0.19526313952434876,0.1641283299182999,0.0840404978954306,0.0,0.0,10.763156976217438
1084,"194,33,195,214,203","23078,25803,12743,13525,7889",politischen Sauce Smartphoneără assembly,0.12640345596375302,11.01527911589849,False,0.22074257443106882,0.17618930964095594,0.001659715985353849,0.04958645969680145,0.2916198124008968,0.3320346552848066,0.1886782369346316,0.4869472825521554,0.8052353683255415,0.9007340134941993,-0.19532747015125862,0.1668005359974377,0.08210507233812311,0.0,0.0,10.76637350756293
1085,"139,240,67,214,38","31,16145,25300,13525,25012",' earthquake fartherără caption,0.12568171831753272,11.020683797440968,False,0.21800460534677868,0.17321016301333086,0.0014792980265755263,0.0493504653484104,0.29643990241130996,0.3213323738031466,0.18464577405849192,0.49192946938250554,0.8093979106492987,0.902969670554614,-0.19548956697119557,0.15302885025340004,0.09317659862779006,0.0,0.0,10.774478348559779
1086,"100,15,195,214,16","14338,18661,12743,13525,20538", surroundingsfreien Smartphoneără trage,0.1351780839141786,11.037114268102993,False,0.2248569561950788,0.17591048440812343,0.0017350288449438035,0.051365965136305626,0.31474972650571825,0.34652747656069677,0.17935774456180043,0.5107765313539606,0.8148565217426577,0.9058930706425563,-0.19602680484824236,0.10071506712651922,0.1350589585643569,0.0,0.0,10.801340242412117
1087,"0,87,195,142,170","30332,330,12743,3416,13602",lucrarea pas Smartphone €ffen,0.133885257789622,11.053857109711071,False,0.22077947940423118,0.19521563701951805,0.0017644091362525594,0.056173167493091536,0.30098583681596275,0.3042876672430075,0.17378844322921838,0.49716590714557857,0.8206054779569358,0.9089618016015754,-0.19618007032961582,0.14004046624010638,0.10481312699017456,0.0,0.0,10.80900351648079
1088,"131,33,173,214,240","30173,25803,19845,13525,16145", machiaj SauceAiciără earthquake,0.10811902869623324,11.07029823891819,False,0.20523618836178503,0.1718427656734069,-0.0008100440305252028,0.0460055682767378,0.31296461058480146,0.3290622663643072,0.19423431933110358,0.5096051496350258,0.7995000574646672,0.8976445179852081,-0.19664053905022433,0.10581539832913862,0.13245588807783507,0.0,0.0,10.832026952511216
1089,"35,121,195,214,195","14797,803,12743,13525,12743",graphic friends Smartphoneără Smartphone,0.1309107869759811,11.090732220466595,False,0.22460408716290944,0.1536103483682263,0.0017801212689915304,0.05217435188137784,0.30475397018912054,0.33510368290488235,0.18738660037385668,0.5016859728325735,0.8065686705818254,0.9014507194662076,-0.196932002643453,0.129274370888227,0.11485771740571896,0.0,0.0,10.84660013217265
1090,"35,240,195,214,94","14797,16145,12743,13525,18852",graphic earthquake Smartphoneărăkap,0.13798347592507126,11.092579464915602,False,0.2251498974035252,0.1634045381728928,-0.004175956869346947,0.050159187438853316,0.3112899738271029,0.33939515793213726,0.17433284295690787,0.5083368143264242,0.820043516947708,0.908662289876218,-0.1970468404993213,0.11060007477970599,0.12963736516983151,0.0,0.0,10.852342024966065
1091,"139,110,195,214,195","31,24243,12743,13525,12743",' événements Smartphoneără Smartphone,0.1181273021474776,11.117210009845373,False,0.21427211090127538,0.16475189291660405,0.0016610386072270335,0.047338040933288174,0.2964876243362359,0.330391100274186,0.19228961750759554,0.49382614579329,0.8015074916050626,0.8987270901071162,-0.1973385214570541,0.15289250189646886,0.09739143509619994,0.0,0.0,10.866926072852705
1092,"171,124,195,214,195","7184,28387,12743,13525,12743",н ressenti Smartphoneără Smartphone,0.11791421134135407,11.11902813712742,False,0.21467779449988603,0.155564848405358,0.0016903591131480157,0.04788584774296811,0.3089419331148949,0.34074513548700497,0.1935271663170639,0.5064666899427439,0.8002300218662566,0.8980383252862519,-0.19752475682784904,0.11730876252887174,0.12548153320609753,0.0,0.0,10.87623784139245
1093,"0,44,173,9,248","30332,15843,19845,3349,6148",lucrarea shaftAici Sport mici,0.15311692624413256,11.124745864015146,False,0.2383710031804002,0.19226680179451566,0.001959538843003933,0.05408908697210892,0.29498716007065046,0.32098453498867313,0.17050815387253526,0.4924517423915563,0.8239915830993184,0.9107644295466665,-0.19746458232090586,0.15717954265528436,0.09433720531456956,0.0,0.0,10.873229116045293
1094,"195,240,195,229,53","12743,16145,12743,3147,1735", Smartphone earthquake Smartphone 300 moving,0.14510286655653967,11.146765588731554,False,0.23486165287759472,0.16292046671205807,0.001630214974850658,0.05649202236701931,0.3436578133490027,0.3583273108599793,0.1795175726421101,0.542135790438379,0.8146915379178218,0.9058048505930457,-0.1984779770893763,0.018120533288563667,0.20474620097417554,0.0,0.0,10.923898854468815
1095,"139,37,195,214,38","31,30396,12743,13525,25012",'electrique Smartphoneără caption,0.1160346560773072,11.158319287413947,False,0.2135588052511542,0.16642515380914155,0.0015329159185811737,0.04886800296718801,0.3023629964780601,0.3362535855110476,0.195048298347694,0.5005601499632276,0.7986598210604449,0.8971910062257122,-0.19819715348516753,0.1361057243483997,0.11235588880717245,0.0,0.0,10.909857674258376
1096,"0,240,60,101,240","30332,16145,4091,10176,16145",lucrarea earthquake rear Mach earthquake,0.14725442573849304,11.162601695478314,False,0.232200089807905,0.2016586596812195,0.002028690578197523,0.05548219048939789,0.2929212593239405,0.29524944270765235,0.1698913281388239,0.4910856232108984,0.8246283064373431,0.9111029973944637,-0.1981643638869579,0.1630821162173129,0.09130138491310749,0.0,0.0,10.908218194347894
1097,"251,28,58,214,16","694,5378,28310,13525,20538", fun neck Illustrationără trage,0.11900257823847563,11.164596617696114,False,0.2134473082766434,0.14465401881152784,0.001579620614117533,0.04782006255963536,0.31240728573083576,0.3361011473271612,0.18888946007633556,0.5108467624311667,0.8050173315341053,0.9006167552980926,-0.1984394767003309,0.10740775505475492,0.1352150276248148,0.0,0.0,10.921973835016544
1098,"0,30,97,168,195","30332,22706,31302,15271,12743",lucrareamog reacțioară Smartphone,0.15335969707484007,11.166143195961341,False,0.23467036993241822,0.203946183472841,0.0018824314859674674,0.05859618989108465,0.2884347458598226,0.30873587292685456,0.1626213457151563,0.48661237843731725,0.8321328044230645,0.9150839602379902,-0.19817763257749466,0.17590072611479254,0.08136084097181609,0.0,0.0,10.908881628874733
1099,"194,113,195,214,214","23078,25107,12743,13525,13525",politischen Merry Smartphoneărăără,0.12970711216712244,11.184814589603528,False,0.22193668358199292,0.17083208041466338,0.0019789682891410755,0.05098243661208396,0.31500015257019087,0.35577835837952804,0.18445914282974096,0.5138583061409598,0.8095905622402674,0.903073007663422,-0.19885815357076897,0.09999956408516888,0.14190734697991073,0.0,0.0,10.942907678538448
1100,"75,136,194,148,195","904,2824,23078,5615,12743",men....politischenitz Smartphone,0.10680317226229422,11.209971615442948,False,0.2053283020683451,0.16860001734068583,-0.01168036597396047,0.04282077514807947,0.3063165797850937,0.3312093722414004,0.19705025961210176,0.5055508882848838,0.7965932804004111,0.8960746288049328,-0.19923430849979012,0.1248097720425894,0.1234464184108529,0.0,0.0,10.961715424989505
1101,"0,240,1,225,248","30332,16145,22665,28654,6148",lucrarea earthquakepictured festgelegt mici,0.15911977198810293,11.218963481013335,False,0.24270004959589683,0.19593175760056913,0.001986574466203511,0.055144174622948905,0.28316266433180703,0.3037481868624005,0.1671605552155878,0.482287650920595,0.8274471688097158,0.9126003751831423,-0.19912498658878797,0.190963816194837,0.07175033537909997,0.0,0.0,10.956249329439398
1102,"35,74,195,214,195","14797,9633,12743,13525,12743",graphic bitte Smartphoneără Smartphone,0.11619825337569006,11.219578528353326,False,0.2167466491469644,0.1531544128774448,0.0011994555456853351,0.04754443142206438,0.3071855124799352,0.33738295564394144,0.20109679154254867,0.5066143476730832,0.7924162151818852,0.8938138555971548,-0.19942883519314802,0.1223271072001851,0.12580966149574047,0.0,0.0,10.9714417596574
1103,"11,240,12,214,38","9161,16145,12337,13525,25012", bro earthquake mobilityără caption,0.12022073047106352,11.247700524295244,False,0.21544527414237824,0.18197194910318407,0.0015963685417833386,0.04881710954776403,0.29833589750908074,0.3251826193742654,0.19044908734262944,0.4981956449045104,0.8034073937108341,0.8997504724407599,-0.19985974739542967,0.1476117214026264,0.10710143312113421,0.0,0.0,10.992987369771482
1104,"0,240,18,210,240","30332,16145,12487,12182,16145",lucrarea earthquake adjacent estim earthquake,0.13689072390034426,11.26121176534442,False,0.22490423516615618,0.19343801971589458,0.0019203886967801343,0.05495615435955983,0.2831885940081709,0.2890521328473071,0.17602702253162383,0.48312290555133974,0.818294686418969,0.9077295728730975,-0.19993431154316882,0.1908897314052259,0.07360645678075496,0.0,0.0,10.99671557715844
1105,"180,73,195,214,142","31797,9472,12743,13525,3416",scrisă problème Smartphoneără €,0.1100537460561741,11.27127516249297,False,0.2041085937222896,0.15568139798538147,0.001546100891359298,0.05101475045641666,0.3177720028731898,0.3485646756754519,0.188109695332231,0.518319484743094,0.8058222499796325,0.9010495572762738,-0.20054748186990418,0.09207999179088625,0.15182107720687546,0.0,0.0,11.027374093495208
1106,"110,153,195,214,248","24243,23158,12743,13525,6148", événements pierdere Smartphoneără mici,0.12319842354483543,11.276196126571698,False,0.2180739797275367,0.16994033275514484,0.0015360936117837954,0.048020535667443964,0.32512978460893155,0.3408548860379544,0.18975111236540254,0.5258609540187718,0.8041278840099071,0.9001382602881612,-0.2007311694098402,0.07105775826019552,0.16857989781949276,0.0,0.0,11.03655847049201
1107,"0,33,23,33,25","30332,25803,31052,25803,28399",lucrarea Sauce pasageri Sauce bewegt,0.14453138462028098,11.280488549908695,False,0.22897134881573755,0.18504604215569107,0.001850298768821268,0.054757153670274616,0.2915195496805544,0.30175754501410607,0.16887992839091315,0.4919242793557732,0.8256723319835735,0.911657869822384,-0.20040472967521883,0.16708700091270173,0.09316506523505155,0.0,0.0,11.020236483760941
1108,"195,77,162,214,214","12743,6177,5290,13525,13525", Smartphone tieizatărăără,0.10158762455642312,11.296014247863246,False,0.2023283403557825,0.15414672537809443,0.0018374477365471875,0.045528185807300225,0.32093946629244796,0.3494974504729614,0.20148143159871879,0.5219991855225642,0.7920191673819678,0.8935986618170828,-0.20105971923011623,0.08303009630729148,0.15999819005014262,0.0,0.0,11.052985961505811
1109,"62,33,195,214,195","23226,25803,12743,13525,12743", imobil Sauce Smartphoneără Smartphone,0.12786735435159466,11.304352028209935,False,0.2221856912875679,0.16525465266251912,0.0017940361287448526,0.05236367379388324,0.29857738750538104,0.3294190274781046,0.1886366738719465,0.49952488698180697,0.8052782721321843,0.9007570849724433,-0.20094749947642593,0.14692174998462554,0.11005530440401547,0.0,0.0,11.047374973821295
1110,"0,185,2,255,234","30332,15058,26170,27850,794",lucrareatientathlet purity test,0.13126929420305103,11.316622445263347,False,0.22206638980958213,0.18864684647424118,0.001933294597802232,0.05367652157256921,0.28196841104708614,0.2903114267766166,0.1815941912130622,0.48294894311197195,0.8125479316510326,0.9046578407259497,-0.2009805320648858,0.1943759684368967,0.07321987358215987,0.0,0.0,11.04902660324429
1111,"62,74,195,16,110","23226,9633,12743,20538,24243", imobil bitte Smartphone trage événements,0.11107163032941378,11.328506853896403,False,0.21061919366810347,0.15966929269220584,-0.002610520145226552,0.04634815956034508,0.31259632143748606,0.3425157777769335,0.19909512667737939,0.5141768030949246,0.7944824498814148,0.8949328876081271,-0.20158048165743858,0.10686765303575406,0.1426151179887214,0.0,0.0,11.079024082871928
1112,"255,172,195,250,138","27850,13910,12743,24976,9518", puritylebt Smartphone situatia oferit,0.09059236382452376,11.370563965057729,False,0.19760653961562022,0.1552712991256434,0.0011972776869527135,0.043036794084757184,0.31710265016437256,0.34480729654797804,0.2140283515821929,0.5195432689501512,0.779067508044188,0.8865504206855959,-0.20244061878577868,0.09399242810179263,0.15454059766700273,0.0,0.0,11.122030939288933
1113,"11,33,195,9,106","9161,25803,12743,3349,14385", bro Sauce Smartphone Sport Freunde,0.10277122436455977,11.370584646223856,False,0.2020626396767955,0.1434414889934585,0.001844761233019765,0.04671878881992947,0.3066891614034959,0.33237689363166606,0.19858283062447146,0.509003568445515,0.7950112716134489,0.8952190622275246,-0.20231440704201908,0.12374525313286883,0.13111904099003324,0.0,0.0,11.115720352100954
1114,"237,33,195,214,178","8916,25803,12743,13525,30831", restoration Sauce SmartphoneărăTotusi,0.11932616508598368,11.37281001617719,False,0.21490550115510318,0.17208977901714528,0.0013187872711326598,0.049391125461851516,0.3082394399800884,0.33985978350915663,0.191158672138239,0.5106153088610509,0.8026749190831082,0.899356062892646,-0.20237586888096248,0.11931588577117594,0.13470068635789084,0.0,0.0,11.118793444048123
1115,"219,116,195,255,50","25895,29248,12743,27850,21100",flooded motoare Smartphone purity Coupe,0.1343825083167176,11.380557412495252,False,0.22840789871583467,0.17510568664788495,-0.012030478207845788,0.04497608002589775,0.32011285661900896,0.343217760996321,0.18805078079823412,0.5227814375466567,0.805883064982468,0.9010822488551008,-0.20266858092764778,0.08539183823140292,0.1617365278814594,0.0,0.0,11.133429046382389
1116,"190,90,195,229,187","11733,23060,12743,3147,20719",usion răspunde Smartphone 300 apărut,0.09820283139338584,11.391294010739456,False,0.20196879847004304,0.15592228283020365,-0.00576230921980213,0.047042884949455556,0.3165182625775669,0.34071649422101147,0.2075319341533144,0.5193487346686576,0.7857734873256109,0.8902067545501358,-0.20283047209109073,0.09566210692123743,0.15410829926368355,0.0,0.0,11.141523604554536
1117,"11,191,195,255,195","9161,20041,12743,27850,12743", broieni Smartphone purity Smartphone,0.09051582538477976,11.395343539729264,False,0.19540278499334396,0.14150383818763407,0.0015453953262493769,0.04350063078160892,0.30760644440202467,0.3315381254522652,0.2097739192171284,0.5104061102923058,0.7834591801629642,0.8889466130105179,-0.2027996658902811,0.12112444456564374,0.13423580064956833,0.0,0.0,11.139983294514053
1118,"0,194,173,214,248","30332,23078,19845,13525,6148",lucrareapolitischenAiciără mici,0.11999929007820831,11.396976641648719,False,0.2134232035580137,0.18771508597073544,0.0017577820810837864,0.05100084514398354,0.2940684500446547,0.3002456395248371,0.18684782695961077,0.4967347924232734,0.8071248237836276,0.9017495068146083,-0.2026663423786187,0.15980442844384365,0.10385509427394085,0.0,0.0,11.133317118930934
1119,"123,254,195,229,195","22250,28995,12743,3147,12743", papafreiheit Smartphone 300 Smartphone,0.08133809343691759,11.400694882973953,False,0.1880913624553571,0.12916812531268085,0.0016872661618372198,0.044583891441181876,0.3194591621497608,0.335569130790772,0.21350653803687902,0.5225054065611132,0.779606154284512,0.8868446661975935,-0.20304624441135244,0.08725953671496915,0.16112312569136267,0.0,0.0,11.152312220567621
1120,"89,240,1,214,240","14303,16145,22665,13525,16145",amba earthquakepicturedără earthquake,0.136830736723299,11.401050034105374,False,0.22563333315086706,0.18301064493876412,0.001474567728999332,0.052334673902709156,0.31440297628170816,0.3391563031974469,0.1776051928551361,0.517394548074993,0.8166656073753434,0.9068598608080876,-0.2029915717932848,0.10170578205226236,0.14976566238887323,0.0,0.0,11.14957858966424
1121,"11,240,195,214,54","9161,16145,12743,13525,7818", bro earthquake Smartphoneărăroc,0.14920591181717474,11.404166941883974,False,0.2340569165926052,0.18934293794866391,0.001945263663885366,0.054552885091161386,0.29884229850279803,0.34355435498459524,0.1697020095508609,0.5017043681924036,0.8248237320765307,0.9112068867436961,-0.20286206968960557,0.146164861420577,0.11489859598311909,0.0,0.0,11.143103484480278
1122,"142,109,195,214,187","3416,12922,12743,13525,20719", €kett Smartphoneără apărut,0.09444705140736706,11.40624597983473,False,0.1961937461657355,0.15192134267035928,0.0017128449656940937,0.048164136403774795,0.3175496769838941,0.3360462895982616,0.2034933895167369,0.5206790033695913,0.7899423075956264,0.8924721903136608,-0.2031293263856972,0.09271520861744542,0.15706445193242502,0.0,0.0,11.15646631928486
1123,"0,33,147,214,214","30332,25803,18956,13525,13525",lucrarea Sauceriusărăără,0.12310364992578249,11.411692014817566,False,0.21554688767751673,0.19133892613572995,0.0018627572974063867,0.049030986139992794,0.28577628375691666,0.2956695790586575,0.18488647550346848,0.4886235932656654,0.8091494446415809,0.9028363774774095,-0.20284730950874874,0.1834963321230952,0.0858302072570342,0.0,0.0,11.142365475437437
1124,"195,110,195,214,53","12743,24243,12743,13525,1735", Smartphone événements Smartphoneără moving,0.1125249483822669,11.41320576074461,False,0.21046125575318442,0.1542598066065336,0.0018571391375293235,0.04920089641299735,0.3019527449644865,0.3201586799124095,0.19587261474183504,0.5050257153977661,0.79780891381488,0.896731501207672,-0.2030729704332796,0.13727787153003856,0.12227936755059127,0.0,0.0,11.15364852166398
1125,"0,73,144,214,61","30332,9472,9175,13525,18837",lucrarea problème|ără manger,0.1314121203229813,11.41858914222139,False,0.21971081327053724,0.19168494272951353,0.0016084022934889364,0.053547901629477056,0.28256431730273407,0.28810777937430854,0.17659738589511187,0.4855046482000158,0.8177059242373039,0.9074153481757338,-0.20294033089728175,0.19267337913504545,0.07889921822225736,0.0,0.0,11.147016544864087
1126,"131,136,195,255,62","30173,2824,12743,27850,23226", machiaj.... Smartphone purity imobil,0.08085815766668314,11.424289370229182,False,0.1861002709852666,0.1433034638677816,-0.00626575135304978,0.041923408581217736,0.32410251717577915,0.3363167349353406,0.21048422663716693,0.527657025082001,0.7827259596003439,0.8885470012119973,-0.20355450790622182,0.07399280806920237,0.172571166848891,0.0,0.0,11.17772539531109
1127,"195,110,163,17,16","12743,24243,13147,25272,20538", Smartphone événementsnehm grafic trage,0.11577611776150087,11.459184245748467,False,0.21068252621983674,0.14444119477083947,0.0017467142100559441,0.0480690885575907,0.32210029770807524,0.3406032683747762,0.18981281691667173,0.5262986622644511,0.804064188989242,0.9001039845947402,-0.20419836455637586,0.07971343511978496,0.1695525828098913,0.0,0.0,11.209918227818791
1128,"0,59,12,214,87","30332,31675,12337,13525,330",lucrarea temporaire mobilityără pas,0.13817350757071714,11.461219785584394,False,0.22630583070544943,0.19828432989489397,0.0015489794357848143,0.05262984922179497,0.284192874996245,0.29282552049432703,0.1762646462694646,0.4879693374557182,0.8180493973992624,0.907598674376806,-0.20377646245947317,0.18802035715358562,0.08437630545715151,0.0,0.0,11.188823122973657
1129,"35,240,1,229,106","14797,16145,22665,3147,14385",graphic earthquakepictured 300 Freunde,0.12823986578623495,11.461521312470206,False,0.22387469389329986,0.1586794072907517,0.0017406827889766719,0.057569070852659554,0.31300860533848957,0.3631392782643322,0.19126965621412984,0.5171411849430982,0.802560354875737,0.8992943588090999,-0.20413257960460868,0.1056896990328869,0.14920263320688495,0.0,0.0,11.206628980230434
1130,"219,162,195,7,106","25895,5290,12743,6298,14385",floodedizat Smartphone Image Freunde,0.12538688044477245,11.472179777101598,False,0.22078069386276003,0.16287104882216416,0.0012819769286378402,0.051983521432656186,0.3113614919795599,0.3473102633112433,0.19078762683597517,0.5156781441487341,0.8030579335886708,0.8995623231127595,-0.20431665216917422,0.11039573720125731,0.1459514314416314,0.0,0.0,11.21583260845871
1131,"232,69,195,214,195","7578,22208,12743,13525,12743",etic déplac Smartphoneără Smartphone,0.10892902464414134,11.474033745026805,False,0.20589609259991448,0.1701581432448352,0.0013691594117664519,0.05084966748819602,0.30555035946501186,0.3377021825180151,0.1939341359115463,0.5098318610806013,0.7998099242203394,0.8978117085939867,-0.20428150161558944,0.12699897295710894,0.13295969129022508,0.0,0.0,11.214075080779471
1132,"48,33,194,214,106","27062,25803,23078,13525,14385", pantalon Saucepolitischenără Freunde,0.12859476534271141,11.474225589546396,False,0.21995993643506828,0.19138142603807126,0.0017136160157877724,0.04763239008695383,0.29004999171868995,0.31750420889265923,0.18273034218471373,0.4941467126336354,0.8113751306480375,0.9040296775080375,-0.20409672091494546,0.1712857379466001,0.09810380585252311,0.0,0.0,11.204836045747273
1133,"237,185,195,16,248","8916,15058,12743,20538,6148", restorationtient Smartphone trage mici,0.0942399314417662,11.519382545084236,False,0.1956911363056085,0.14948780566705983,-0.0007818931638833845,0.0448595864796435,0.3189181643707453,0.33122417094097373,0.20290240972768459,0.5242305737674434,0.7905523512488417,0.8928032203527916,-0.2053124093966981,0.0888052446550133,0.16495683059431868,0.0,0.0,11.265620469834904
1134,"232,240,67,229,4","7578,16145,25300,3147,1817",etic earthquake farther 300 mis,0.10849930401728983,11.522361935950768,False,0.20993854404455822,0.15466368775272865,0.0017045580570166975,0.04607872209607955,0.31226884772584085,0.33751803315340795,0.2028784800545368,0.5175574665325071,0.7905770528469298,0.8928166216785299,-0.20528861880666627,0.10780329221188323,0.15012770340557133,0.0,0.0,11.264430940333312
1135,"228,33,195,214,178","4408,25803,12743,13525,30831", accord Sauce SmartphoneărăTotusi,0.10226918246271832,11.528860049114849,False,0.20174668206029878,0.15680591459676402,0.0015372347751932414,0.04472282623485722,0.2965720748313438,0.3277843939320986,0.1989549991951609,0.5017942833685746,0.7946270976049952,0.8950111735642405,-0.20522220853723078,0.1526512147675891,0.11509840748572123,0.0,0.0,11.261110426861539
1136,"0,252,195,186,61","30332,21212,12743,10443,18837",lucrarea Colin Smartphoneû manger,0.12382202230407532,11.5387200877233,False,0.21537100060558764,0.1888633410638591,0.0017905634098082158,0.05071607579101991,0.2788457103494145,0.2888199034555966,0.18309795660302464,0.4840412100273916,0.8109956577001036,0.9038263347551759,-0.20519549967797707,0.20329797043024417,0.07564713339420351,0.0,0.0,11.259774983898852
1137,"0,205,162,214,187","30332,24903,5290,13525,20719",lucrarea dispusizatără apărut,0.12239934042425551,11.545300623524263,False,0.21477100255955675,0.1841016812950394,0.001474346761476042,0.05095916725669073,0.28476483860025525,0.2966449630314767,0.18474332427060247,0.49015831362336737,0.8092972136561523,0.9029156526106952,-0.20539347502311212,0.18638617542784208,0.08924069694081635,0.0,0.0,11.269673751155604
1138,"91,33,195,16,248","21738,25803,12743,20538,6148", bărbat Sauce Smartphone trage mici,0.1308785710932604,11.550257683443487,False,0.22385378004036338,0.15411311368303662,-0.019757197330960104,0.04873530342440615,0.30640265009656387,0.34202430605995887,0.18595041789420597,0.5121541212396649,0.8080511815285616,0.9022469629241175,-0.205751471143101,0.12456385686696032,0.13812026942147745,0.0,0.0,11.28757355715505
1139,"195,196,195,17,214","12743,20202,12743,25272,13525"," Smartphone,000. Smartphone graficără",0.11454881905566833,11.573019454370867,False,0.211651459384411,0.16674545107570346,0.0011254966645368348,0.04549863765319889,0.3059747224193538,0.3401023655447098,0.19420528065748532,0.5121568544929522,0.7995300328696926,0.8976606927689965,-0.20618213207359842,0.1257865073732748,0.1381263433176716,0.0,0.0,11.30910660367992
1140,"234,186,195,214,214","794,10443,12743,13525,13525", testû Smartphoneărăără,0.09330875522030421,11.577866019626141,False,0.19453128488935303,0.14430676860759908,0.0016106448125510044,0.04522258850738181,0.31309083592258974,0.33694850618548644,0.20244505933809764,0.5194522926622099,0.7910244548768024,0.8930593153099644,-0.2063614567396202,0.1054547545068864,0.15433842813824428,0.0,0.0,11.31807283698101
1141,"228,73,195,214,203","4408,9472,12743,13525,7889", accord problème Smartphoneără assembly,0.10134879900090407,11.581479026214115,False,0.2006724728432223,0.16277369151141638,0.0012857133083560403,0.04780319203559891,0.29582694608466004,0.33177386671998055,0.19864734768463643,0.5020476927396375,0.7949446733577946,0.8951830272717214,-0.20622074665497742,0.15478015404382842,0.11566153942141653,0.0,0.0,11.311037332748871
1142,"195,191,195,214,214","12743,20041,12743,13525,13525", Smartphoneieni Smartphoneărăără,0.08152347515358091,11.595977427194354,False,0.18521800450435874,0.14502605040190059,0.0016164932995336833,0.04021499466953011,0.3062473349045865,0.3213187334103638,0.20738905870155566,0.5128724021718898,0.7859209716629103,0.8902869993987581,-0.2066250672673033,0.12500761455832424,0.13971644927086616,0.0,0.0,11.331253363365164
1143,"35,59,195,214,195","14797,31675,12743,13525,12743",graphic temporaire Smartphoneără Smartphone,0.10948016572188282,11.609891683710067,False,0.20901224735668336,0.1490734763985948,0.0015757325247564404,0.048517183740294095,0.29712893242589783,0.32996445239192795,0.19906416326960108,0.5039095808668614,0.7945144121087989,0.8949501867313057,-0.2067806484409636,0.15106019306886329,0.11979906859302539,0.0,0.0,11.339032422048179
1144,"35,191,23,214,211","14797,20041,31052,13525,16063",graphicieni pasageriără Pearl,0.10178867057531271,11.610882266793057,False,0.20099869161808903,0.14917394293637296,0.0010761869877298604,0.04739925578970263,0.3061020493574348,0.32661677667195804,0.19842004208555264,0.5130107620572099,0.7951793113955585,0.8953099786746752,-0.20690871269977507,0.12542271612161482,0.14002391568268854,0.0,0.0,11.345435634988753
1145,"219,136,12,214,248","25895,2824,12337,13525,6148",flooded.... mobilityără mici,0.10503145154053742,11.617189026059256,False,0.20753287022043557,0.17368355649278913,-0.00156824772704574,0.04334965438012998,0.31451889574105507,0.330915655164828,0.2050028373597963,0.5216507086502877,0.7883841678866619,0.8916261338925658,-0.20713181290923266,0.10137458359698545,0.15922379700063938,0.0,0.0,11.356590645461631
1146,"0,240,13,119,16","30332,16145,28688,23662,20538",lucrarea earthquake piston artistique trage,0.13719364227164257,11.62165012647314,False,0.22528230653572226,0.19874797121946342,0.0017919357871040598,0.054529117577689544,0.27666459697905993,0.29873832684122686,0.17617732852815937,0.48342160057996275,0.8181395318419,0.9076467768200582,-0.20675700360090282,0.20952972291697158,0.07427022351102831,0.0,0.0,11.337850180045141
1147,"131,33,248,16,195","30173,25803,6148,20538,12743", machiaj Sauce mici trage Smartphone,0.11094692343889281,11.633541542164709,False,0.20977695700982343,0.1640137218613539,0.0015912176645154431,0.04749865073085213,0.2916406520165724,0.3267573685553476,0.19766006714186124,0.49880744327403126,0.7959638016600142,0.8957342981365282,-0.20716679125745885,0.1667409942383645,0.10846098505340276,0.0,0.0,11.358339562872942
1148,"0,185,192,242,195","30332,15058,19175,17002,12743",lucrareatientanalyzingaffiche Smartphone,0.11655299260132876,11.639140440534575,False,0.2080259467278082,0.18341288941269496,0.0018199187564289121,0.0504575285338286,0.2866612002120028,0.2944839329220771,0.18294590825295887,0.49387466396949775,0.8111526108356554,0.9039104445391928,-0.20721346375749494,0.18096799939427763,0.09749925326555053,0.0,0.0,11.360673187874747
1149,"194,240,2,214,248","23078,16145,26170,13525,6148",politischen earthquakeathletără mici,0.11063049799614746,11.641778749570573,False,0.20951259928132196,0.16039125932897072,0.0016983581019439809,0.04899677371399771,0.306593003595931,0.32729108050673644,0.197764202570349,0.5140993201207892,0.7958563070241559,0.8956761677245024,-0.20750631652485818,0.12401998972591137,0.14244293360175372,0.0,0.0,11.375315826242907
1150,"232,33,204,17,195","7578,25803,1250,25272,12743",etic Sauce allows grafic Smartphone,0.10510168492637542,11.679396885223314,False,0.2029675450406421,0.14533847936879846,0.0014277042870095848,0.04722869878628908,0.3087026770838541,0.33164532788982043,0.19573172022853336,0.5169549904128581,0.7979543533124817,0.8968100578001267,-0.20825231332900396,0.11799235118898815,0.14878886758412904,0.0,0.0,11.412615666450197
1151,"227,124,195,214,214","15782,28387,12743,13525,13525", Demo ressenti Smartphoneărăără,0.10402444882599354,11.717354842910101,False,0.20406598902964357,0.16278991150005695,0.0017294940671433669,0.04740399828392886,0.30457247813695454,0.3419146984297316,0.20008308040730005,0.5135014307900897,0.7934626266763354,0.8943807464344813,-0.20892895265313516,0.12979291960870126,0.14111429064464373,0.0,0.0,11.446447632656756
1152,"194,254,195,255,195","23078,28995,12743,27850,12743",politischenfreiheit Smartphone purity Smartphone,0.09213683294581099,11.719804844210401,False,0.19530526997474218,0.14416454234701023,0.0014192440063307112,0.042752621949174396,0.30671718980509416,0.3390203061668098,0.20633687405786239,0.5157191328985468,0.7870070977467227,0.8908777278292109,-0.2090019430934526,0.1236651719854452,0.1460425175523261,0.0,0.0,11.45009715467263
1153,"195,240,242,121,110","12743,16145,17002,803,24243", Smartphone earthquakeaffiche friends événements,0.12358843084465235,11.720475512666285,False,0.21642743101493725,0.15639522373626139,0.0016822520084645188,0.05289405871647623,0.3119490519283271,0.33567967661132236,0.1856780003405698,0.5210274468751688,0.8083323867452182,0.9023979164755591,-0.20907839494684166,0.1087169944904939,0.15783877083370837,0.0,0.0,11.453919747342082
1154,"194,162,23,214,248","23078,5290,31052,13525,6148",politischenizat pasageriără mici,0.09951666159600858,11.724131437408637,False,0.20126978556308384,0.1613008389942813,0.0015173299069264458,0.04534510254861581,0.29637559848759537,0.32377005698181716,0.2035062479341505,0.505334657604996,0.7899290343905543,0.892464986464931,-0.2089590591174006,0.15321257574972746,0.12296590578887989,0.0,0.0,11.44795295587003
1155,"0,33,248,92,62","30332,25803,6148,18158,23226",lucrarea Sauce mici imperative imobil,0.15438805683164034,11.72884340943764,False,0.2380955070451424,0.209797293408712,0.0018772215439603168,0.05540419484830828,0.2733482559244844,0.28932995588243554,0.16741490042700413,0.48211757660276733,0.8271846189140603,0.9124610126317704,-0.2087693206782829,0.21900498307290162,0.07137239245059404,0.0,0.0,11.438466033914144
1156,"194,33,195,73,195","23078,25803,12743,9472,12743",politischen Sauce Smartphone problème Smartphone,0.11323956245503886,11.76123135523363,False,0.20960325658184886,0.1493336581345611,0.0016768395177047314,0.04984038288077489,0.2986234077966944,0.3251987188352627,0.19272738825362,0.5083202198610064,0.8010555992220697,0.8984835066635225,-0.209696812064312,0.146790263438016,0.1296004885800142,0.0,0.0,11.4848406032156
1157,"0,240,130,16,62","30332,16145,15799,20538,23226",lucrarea earthquake putere trage imobil,0.1495000746471226,11.761514467786885,False,0.2323096226249536,0.2138707598337222,0.0017337096772568783,0.05609636746532517,0.2705312525585233,0.28214927064488404,0.16561909595566204,0.47989193996670404,0.8290383525618973,0.9134445270755843,-0.20936068740818076,0.22705356411850486,0.06642653325934228,0.0,0.0,11.468034370409038
1158,"96,88,195,248,187","11564,11461,12743,6148,20719",tata physique Smartphone mici apărut,0.10366732092768768,11.772829988280543,False,0.20706776170103983,0.15416492944111337,0.001762724570813562,0.04401906108781295,0.3270439005494563,0.3450512688209459,0.20680088154670428,0.5373083520034541,0.7865281222743697,0.8906172682209209,-0.21026445145399775,0.0655888555729819,0.19401856000767564,0.0,0.0,11.513222572699886
1159,"234,162,195,16,187","794,5290,12743,20538,20719", testizat Smartphone trage apărut,0.13970796508346392,11.777485025231595,False,0.22903586870415235,0.17598177852135272,0.0016995297720687863,0.05512212803546795,0.3090309005425925,0.36319012405951207,0.17865580724137686,0.5191654879624388,0.8155811022024497,0.9062804161839884,-0.21013458741984625,0.11705456987830702,0.15370108436097504,0.0,0.0,11.506729370992312
1160,"0,83,195,214,78","30332,7383,12743,13525,20961",lucrarea Front SmartphoneărăKING,0.1234783939818084,11.78094455464841,False,0.21524742583110604,0.18085884106560574,0.0018840883311307178,0.04983283727545964,0.2758809900448268,0.2812603453340863,0.18353806369859527,0.48567878534714987,0.8105413536014501,0.9035828331157054,-0.20979779530232306,0.21176859987192337,0.079286189660333,0.0,0.0,11.489889765116153
1161,"35,254,195,214,195","14797,28995,12743,13525,12743",graphicfreiheit Smartphoneără Smartphone,0.10394973883630454,11.780972852728977,False,0.20462175513105385,0.14507906289243294,0.001310737904674353,0.04733914273295853,0.29922182821925086,0.32694269437190765,0.20134403258949862,0.5093039445872435,0.7921609986172917,0.8936755381068128,-0.21008211636799262,0.14508049080214033,0.13178654352720773,0.0,0.0,11.50410581839963
1162,"174,69,195,214,106","6031,22208,12743,13525,14385",tting déplac Smartphoneără Freunde,0.10873105275831041,11.782633767824011,False,0.20689602570068866,0.1637411675691533,0.001497611787312192,0.047878015668285555,0.2973655138635674,0.3245656883415155,0.1963299458847565,0.5074568658172013,0.7973368300544449,0.896476466013048,-0.21009135195363388,0.15038424610409307,0.12768192403822506,0.0,0.0,11.504567597681692
1163,"100,240,90,229,64","14338,16145,23060,3147,30828", surroundings earthquake răspunde 300DOWN,0.09596683305451356,11.788075366652325,False,0.19483131320463562,0.15815977823561136,0.0014389843029811778,0.04579590456159934,0.3191249980707308,0.33317331216514734,0.19772896030024412,0.5295851038524712,0.7958926861416835,0.8956958410642286,-0.21046010578174035,0.08821429122648336,0.17685578633882476,0.0,0.0,11.523005289087017
1164,"174,240,77,182,195","6031,16145,6177,1575,12743",tting earthquake tietion Smartphone,0.09954083839395036,11.791418786110775,False,0.19733502260573457,0.15092413597496604,0.0016401083921556093,0.04404429229926223,0.30747247524079535,0.32380962537240593,0.19558836842356842,0.5178549319382454,0.7981023293692197,0.8968899774088411,-0.21038245669745004,0.12150721359772751,0.1507887376405453,0.0,0.0,11.519122834872501
1165,"163,240,93,214,240","13147,16145,19486,13525,16145",nehm earthquake vitesseără earthquake,0.09824443906128177,11.8109143020065,False,0.19786389224149326,0.15690626757059525,0.001336798139246126,0.044393904728879365,0.29913989136248587,0.31991001800192226,0.19923890636042296,0.50979435843875,0.7943340321440795,0.8948525541336836,-0.21065446707626412,0.1453145961071832,0.13287635208611104,0.0,0.0,11.532723353813205
1166,"0,240,179,16,16","30332,16145,3997,20538,20538",lucrarea earthquakecht trage trage,0.13582889087794112,11.828813392881335,False,0.2236424883971788,0.1938451146231765,0.0018349633966491473,0.0541306463643433,0.26720231611982487,0.2870842465968786,0.17562719503847535,0.47781123295761124,0.8187074115731867,0.9079497810790664,-0.21060891683778638,0.2365648110862146,0.061802739905802734,0.0,0.0,11.530445841889318
1167,"194,33,195,17,187","23078,25803,12743,25272,20719",politischen Sauce Smartphone grafic apărut,0.10798336072331283,11.829097631771607,False,0.20769809992452248,0.13666366745565767,0.0013491147017249295,0.043075036938872734,0.29889754844626165,0.34069486949175515,0.1994294784024193,0.5098972605251254,0.7941373126168575,0.8947460654272701,-0.21099971207886375,0.14600700443925238,0.13310502338916755,0.0,0.0,11.549985603943187
1168,"123,185,195,229,195","22250,15058,12743,3147,12743", papatient Smartphone 300 Smartphone,0.08244466969032638,11.842217477001968,False,0.18723776288887817,0.13280669641723525,0.001617036327658028,0.04275289929666933,0.308537562139755,0.32552463269248316,0.20958618639710358,0.5199057091114007,0.7836529688804093,0.8890521995939813,-0.2113681469716457,0.11846410817212859,0.155346020247557,0.0,0.0,11.568407348582284
1169,"0,172,195,104,187","30332,13910,12743,15091,20719",lucrarealebt Smartphonespieler apărut,0.13613735517365297,11.852445407190704,False,0.22357742972505154,0.19732818831833826,0.0018870105234781388,0.05766636270143847,0.2963753733233214,0.3049213201859467,0.17488014910279714,0.5077915057202659,0.8194785557648545,0.9083610795808035,-0.21141613239694446,0.15321321907622446,0.12842556826725748,0.0,0.0,11.570806619847222
1170,"0,240,186,127,240","30332,16145,10443,23794,16145",lucrarea earthquakeû Verantwortlich earthquake,0.1234819879592981,11.864413002119706,False,0.21375591528020021,0.19434617399088583,0.0018535412743026392,0.05078666836443276,0.27715231297160237,0.28276910461464294,0.18054785464180423,0.4885638970604795,0.8136280210149117,0.905235961149465,-0.2114115840888771,0.2081362486525646,0.0856975490232877,0.0,0.0,11.570579204443854
1171,"0,136,195,9,61","30332,2824,12743,3349,18837",lucrarea.... Smartphone Sport manger,0.1267097394991803,11.882017389187261,False,0.2170011321156916,0.1845474554961108,0.0021676515463907144,0.05385353135411495,0.2894934573477844,0.3096076496602999,0.18058278523302262,0.5013921910294589,0.8135919636304283,0.905216667305114,-0.21189873368167444,0.1728758361491873,0.11420486895435301,0.0,0.0,11.594936684083722
1172,"0,44,36,229,38","30332,15843,24143,3147,25012",lucrarea shaftKT 300 caption,0.11203168164048014,11.893677361613681,False,0.2065129941005496,0.16713361838625396,0.0015059382273715505,0.04591928797943168,0.27552684258920696,0.2783519974858692,0.18896262492013893,0.4874790454722557,0.8049418065340501,0.9005761350823489,-0.21195220288304872,0.21278044974512295,0.0832867677161237,0.0,0.0,11.597610144152435
1173,"0,214,173,214,187","30332,13525,19845,13525,20719",lucrareaărăAiciără apărut,0.1112571643926786,11.896792633600485,False,0.2062655184011047,0.17288509275061514,0.0015365055352559,0.050149265627703006,0.2885357899969772,0.29171916590386265,0.19001670801685222,0.5007058105187735,0.8038537207567977,0.8999907177205484,-0.2121700205217963,0.17561202858006505,0.11267957893060775,0.0,0.0,11.608501026089813
1174,"11,44,58,214,44","9161,15843,28310,13525,15843", bro shaft Illustrationără shaft,0.10754340823505251,11.900537750486272,False,0.20559406629602292,0.15302577327428787,0.001768063788959362,0.048739007148492886,0.2910483732012712,0.32051553054459897,0.19610131612194082,0.5033206568513278,0.7975728349708998,0.8966039727092777,-0.21227228365005657,0.16843321942493938,0.11849034855850611,0.0,0.0,11.613614182502827
1175,"0,77,195,104,98","30332,6177,12743,15091,9850",lucrarea tie Smartphonespieler depict,0.1265043381409145,11.906041333637926,False,0.21447193295814904,0.179341925593649,0.0016940296781565002,0.05488852090165928,0.28405468668026745,0.2909317743092253,0.17593518963446908,0.4963473284694468,0.8183894816676448,0.9077801553049785,-0.21229264178917934,0.1884151809135215,0.10299406326543728,0.0,0.0,11.614632089458967
1176,"131,139,195,214,61","30173,31,12743,13525,18837", machiaj' Smartphoneără manger,0.07826055435474175,11.931451333136671,False,0.18233391779304395,0.14502456717458484,0.0016296853327148586,0.04235795742072865,0.3031075754532555,0.32126895401225575,0.2081467268766044,0.5161184377650307,0.785138862578989,0.8898613785997208,-0.21301086231177524,0.13397835584784135,0.1469298617000683,0.0,0.0,11.65054311558876
1177,"234,113,169,229,195","794,25107,680,3147,12743", test Merry sie 300 Smartphone,0.09121617956300762,11.935980737003428,False,0.19744425275199626,0.15181569439047055,0.0011034589880815405,0.04380756369475633,0.303764996041797,0.3397413260598962,0.21245614637797727,0.5168705845745897,0.7806904295453138,0.8874366758377877,-0.21310558853279266,0.1321000113091513,0.1486012990546437,0.0,0.0,11.655279426639632
1178,"0,205,224,84,16","30332,24903,1130,24023,20538",lucrarea dispus follow LORD trage,0.13803730177666804,11.938153715189568,False,0.22478782721103094,0.19863593030791987,0.0017449294062465593,0.05028427801454697,0.2724612753314348,0.2832435365724768,0.1735010508687258,0.485227881735751,0.8209021410387346,0.909119876106157,-0.21276660640431616,0.2215392133387576,0.07828418163500217,0.0,0.0,11.638330320215807
1179,"110,240,93,229,240","24243,16145,19486,3147,16145", événements earthquake vitesse 300 earthquake,0.08149307399150132,11.944885558023522,False,0.18578909419643366,0.13603888375913628,0.0015221936391234593,0.04703676445495725,0.30652463623486537,0.3198368213211921,0.20859204040986468,0.5198342944734297,0.7846791840930429,0.8896111282971539,-0.2133096582385643,0.12421532504324176,0.15518732105206587,0.0,0.0,11.665482911928214
1180,"0,43,195,92,228","30332,25627,12743,18158,4408",lucrarea Exterior Smartphone imperative accord,0.12880985628142125,11.947898162485805,False,0.21846349585197147,0.19454932866200939,0.0017132192133216706,0.052620797372992856,0.2874524297825947,0.2913746060123705,0.17930727914110045,0.5005878952622025,0.8149086150801543,0.905920924175449,-0.21313546547960777,0.17870734347830075,0.11241754502711661,0.0,0.0,11.656773273980388
1181,"131,240,1,229,240","30173,16145,22665,3147,16145", machiaj earthquakepictured 300 earthquake,0.09324947620086732,11.94914424636483,False,0.19635039553867095,0.14677621432069057,0.0015163437144075588,0.044903352357560565,0.3015315816216109,0.328560358267489,0.20620183867560726,0.5148620833802275,0.7871464891090506,0.8909535124373172,-0.21333050175861662,0.13848119536682588,0.14413796306717228,0.0,0.0,11.66652508793083
1182,"234,185,195,214,25","794,15058,12743,13525,28399", testtient Smartphoneără bewegt,0.0975897369608936,11.955590356303894,False,0.1981414719814105,0.14471863451433392,0.0014852815220677163,0.046994454878056306,0.3075096702498738,0.32998890624848615,0.2011034700410338,0.5210362900848708,0.7924093212479651,0.8938101196333403,-0.21352661983499704,0.12140094214321766,0.15785842241082407,0.0,0.0,11.676330991749852
1183,"195,240,169,92,195","12743,16145,680,18158,12743", Smartphone earthquake sie imperative Smartphone,0.09998783228504537,11.965097365580066,False,0.20066381797078892,0.1593469055257851,0.0016415560738331613,0.04966027092673944,0.3008242545581044,0.31456711401918064,0.20135197137148708,0.5144516418571525,0.7921528037455617,0.8936710964490867,-0.21362738729904812,0.14050212983398735,0.14322587079367227,0.0,0.0,11.681369364952406
1184,"0,33,176,214,187","30332,25803,257,13525,20719",lucrarea Sauceationără apărut,0.13589576722675578,12.007918339456442,False,0.224462797672067,0.19779876389790008,0.0017603061051987944,0.052297564725614844,0.26785452534359044,0.28545098937792307,0.17713406089062245,0.48190104096653863,0.8171519371451639,0.9071195836874968,-0.21404651562294819,0.2347013561611701,0.0708912021478636,0.0,0.0,11.702325781147408
1185,"142,18,195,214,33","3416,12487,12743,13525,25803", € adjacent Smartphoneără Sauce,0.09566513734302262,12.017281806085098,False,0.19794415026168388,0.1520788053805549,0.0016706393523544195,0.044919273055680005,0.3043442875254881,0.32600658346068506,0.20455802583732252,0.5190137480982482,0.7888433281679251,0.891875537372047,-0.2146694605727601,0.1304448927843197,0.1533638846627737,0.0,0.0,11.733473028638004
1186,"110,104,195,214,214","24243,15091,12743,13525,13525", événementsspieler Smartphoneărăără,0.10126814863611891,12.03006248462136,False,0.20231431550603576,0.1462690956105011,0.0016515585814587453,0.04579351398330215,0.30440729751187057,0.3309678760328572,0.2020923337398337,0.5193222605609954,0.7913885587201717,0.8932567750989445,-0.21491496304912483,0.1302648642517983,0.15404946791332308,0.0,0.0,11.74574815245624
1187,"123,107,195,255,248","22250,798,12743,27850,6148", papa moment Smartphone purity mici,0.10199995242020907,12.045730825026151,False,0.2039860822279315,0.15337222097665723,0.0015930632421589763,0.042282407427157796,0.3095453483626692,0.3304252729649882,0.20397225961544485,0.5248228121654517,0.7894479900743795,0.8922038670531277,-0.21527746380278245,0.11558471896380215,0.16627291592322593,0.0,0.0,11.763873190139122
1188,"195,193,174,214,195","12743,26831,6031,13525,12743", SmartphoneVoraussetzungenttingără Smartphone,0.0931742723792407,12.048364186815819,False,0.1942510372896149,0.14809744391343316,0.0018436003864998162,0.047319294848231136,0.3040631632155964,0.33117507834879334,0.2021535298207484,0.519324400388247,0.7913253885721306,0.8932225199687095,-0.2152612371726506,0.13124810509829596,0.15405422308499334,0.0,0.0,11.763061858632529
1189,"0,205,163,16,58","30332,24903,13147,20538,28310",lucrarea dispusnehm trage Illustration,0.12955090815353457,12.049227360070327,False,0.21760106708295882,0.18715259276894225,0.0014685028280588875,0.050779226696584946,0.27950441373591006,0.2919996417031892,0.1761003178588485,0.49448359313830126,0.8182190267263499,0.9076891990880752,-0.2149791794023912,0.20141596075454263,0.09885242919622499,0.0,0.0,11.74895897011956
1190,"182,240,173,9,53","1575,16145,19845,3349,1735",tion earthquakeAici Sport moving,0.0902979178121168,12.066923815603461,False,0.1940432281032027,0.1473815947480531,0.0014338281013328237,0.04609885170530312,0.30901172071763655,0.3167788314213948,0.20749062058217183,0.5246885198701361,0.7858161335925968,0.8902299587285457,-0.21567679915249954,0.11710936937818123,0.1659744886003024,0.0,0.0,11.783839957624977
1191,"219,252,195,214,126","25895,21212,12743,13525,7253",flooded Colin Smartphoneărărai,0.10639240002890563,12.07067155154296,False,0.20477960096203654,0.16539003905465371,0.0014742189774852256,0.05022475468303062,0.3062517992313989,0.33357091243155096,0.19677440186626183,0.5219668082637583,0.7968780367832136,0.8962285412403123,-0.2157150090323594,0.12499485933886026,0.15992624058612953,0.0,0.0,11.78575045161797
1192,"195,254,195,214,154","12743,28995,12743,13525,12307", Smartphonefreiheit Smartphoneărăoara,0.07654905133924739,12.09044714076098,False,0.18447084727394047,0.1427225291227845,0.00182581310524505,0.04130827444326027,0.305497149849045,0.31904532919323664,0.21584359186938618,0.5215816653085902,0.7771937116186981,0.8855260629313029,-0.21608451545954516,0.12715100043129987,0.1590703673524226,0.0,0.0,11.804225772977258
1193,"195,139,67,229,129","12743,31,25300,3147,17", Smartphone' farther 300t,0.08067007220187802,12.092038504672898,False,0.18429980536187976,0.12301993587912549,0.001832481745498049,0.042302220235990035,0.306130083500088,0.32228672092012145,0.20725946632000347,0.5222527671275641,0.7860547444438674,0.8903597776629381,-0.21612268362747605,0.125342618571177,0.16056170472792014,0.0,0.0,11.806134181373801
1194,"32,240,12,214,53","22608,16145,12337,13525,1735",occupant earthquake mobilityără moving,0.10752036516798211,12.101314944614607,False,0.21001399761031056,0.1709510144449875,-0.0045615249658834175,0.0469357368054693,0.29232465589217516,0.31796875080636644,0.2049872648846569,0.5084571263318126,0.788400242699709,0.8916348664758142,-0.21613247043963746,0.16478669745092808,0.1299047251818058,0.0,0.0,11.806623521981873
1195,"123,85,195,255,137","22250,6796,12743,27850,5218", papa drawn Smartphone purityerii,0.095781903302667,12.108822451437245,False,0.20022577158469423,0.14971747634993132,-0.005973202922842612,0.04328880830223073,0.31118032016589076,0.33799295857015993,0.20888773656405446,0.5276857995723291,0.7843739493532341,0.8894449187195043,-0.21650547940643833,0.11091337095459779,0.17263511016073127,0.0,0.0,11.825273970321916
1196,"182,1,195,214,195","1575,22665,12743,13525,12743",tionpictured Smartphoneără Smartphone,0.09903060219063226,12.117671777241958,False,0.20258758865696846,0.14909709006072056,-0.004247653690701841,0.04111477012250694,0.29516543594594397,0.32702655147571313,0.20711397293267242,0.5116456606888258,0.7862049311662737,0.8904414787437339,-0.2164802247428818,0.1566701830115886,0.13699035708627946,0.0,0.0,11.82401123714409
1197,"0,162,173,121,195","30332,5290,19845,803,12743",lucrareaizatAici friends Smartphone,0.14272510968722352,12.12893838401968,False,0.22767554560735592,0.19476250286254093,0.0018622605819232031,0.055533929221111826,0.29054358117359913,0.30914187009146504,0.1699008718402648,0.5071833566873328,0.8246184548745653,0.9110977599356368,-0.2166397755137337,0.1698754823611453,0.12707412597185072,0.0,0.0,11.831988775686684
1198,"11,44,195,104,240","9161,15843,12743,15091,16145", bro shaft Smartphonespieler earthquake,0.11064805031236366,12.152187396354805,False,0.2097313166284769,0.15684198866881802,0.0018244531223131244,0.0510020691815957,0.30790057369843005,0.3299803153692621,0.1981665326322265,0.5251965703301291,0.7954409985731855,0.8954515438413033,-0.21729599663169907,0.12028407514734267,0.16710348962250912,0.0,0.0,11.864799831584953
1199,"33,254,195,214,61","25803,28995,12743,13525,18837", Saucefreiheit Smartphoneără manger,0.09127894963266855,12.152815569580003,False,0.19602589761487813,0.15110153507791702,-0.004356349705721029,0.04316315495805443,0.2948569639652725,0.3201655076028087,0.20949389596441914,0.5120064045251969,0.7837482364238254,0.8891041019113458,-0.21714944055992436,0.1575515315277928,0.13779201005599298,0.0,0.0,11.857472027996216
1200,"234,44,84,214,248","794,15843,24023,13525,6148", test shaft LORDără mici,0.09190870364845935,12.203683298213697,False,0.19704314732015762,0.1564927300155356,0.001485849770801273,0.04424458638583569,0.3124501264888553,0.33404859201083514,0.21026888734339655,0.5307875285700155,0.7829482453229455,0.8886681679100492,-0.21833740208116026,0.10728535288898484,0.17952784126670118,0.0,0.0,11.916870104058011
1201,"195,61,195,29,214","12743,18837,12743,28935,13525", Smartphone manger Smartphone Squadără,0.10542798135669462,12.204703271093605,False,0.20595299457438787,0.16270930173707662,0.0019746857721592292,0.05242112195281438,0.3092794332072104,0.33445510013876695,0.2010500264353865,0.5275978172215525,0.7924644888408914,0.8938400156429637,-0.21831838401434212,0.11634447655082734,0.17243959382567225,0.0,0.0,11.915919200717106
1202,"0,33,130,16,61","30332,25803,15799,20538,18837",lucrarea Sauce putere trage manger,0.1324540256111858,12.208219965351564,False,0.2212894248060151,0.18953514451789188,0.0017093906258947855,0.05363288863965541,0.27516739765564613,0.2858736200447145,0.1776707983896586,0.49313838662931614,0.8165978855332556,0.9068236882715082,-0.21797098897367,0.21380743526958243,0.09586308139848028,0.0,0.0,11.8985494486835
1203,"194,92,27,104,214","23078,18158,2600,15091,13525",politischen imperative sportspielerără,0.09423743934525936,12.214148164140635,False,0.19838753623780891,0.14685629541781392,-0.015116441228241153,0.04081078409354368,0.2914205774691829,0.3221743435216196,0.20830019378509912,0.5097026921924739,0.7849804451250589,0.8897751436261303,-0.218282114723291,0.16736977865947744,0.1326726493166086,0.0,0.0,11.914105736164549
1204,"195,33,195,5,195","12743,25803,12743,2426,12743", Smartphone Sauce Smartphone movement Smartphone,0.10384307755884442,12.217016797675006,False,0.20102661810562794,0.14757971215664573,0.0017898108435415838,0.05060580606982582,0.2918604351860643,0.30609252888916266,0.19436708109356704,0.5102028290039877,0.799363013064705,0.8975705648618569,-0.21834239381792342,0.1661130423255305,0.133784064453306,0.0,0.0,11.91711969089617
1205,"123,162,195,16,236","22250,5290,12743,20538,24742", papaizat Smartphone trageestival,0.09379249876754905,12.22454219131376,False,0.19627001094343757,0.14697727890826592,0.0016133700492390658,0.04624137915642384,0.304409460786442,0.32922412217201164,0.20495502435177704,0.5230485296266318,0.7884335232497786,0.891652945740787,-0.21863906884018985,0.13025868346730854,0.1623300658369596,0.0,0.0,11.931953442009492
1206,"0,254,195,100,61","30332,28995,12743,14338,18837",lucrareafreiheit Smartphone surroundings manger,0.11921156761422508,12.25073953963524,False,0.2109880800479741,0.18381395136440562,0.0017709123415485361,0.04869181317289237,0.279617778464175,0.29710763879771324,0.18355302486749803,0.4984570800251438,0.8105259098141956,0.9035745542745778,-0.21883930156096876,0.20109206153092848,0.10768240005587502,0.0,0.0,11.941965078048437
1207,"234,54,195,214,195","794,7818,12743,13525,12743", testroc Smartphoneără Smartphone,0.10860482428869889,12.269755595533605,False,0.20822594797621585,0.1569784197066759,0.001625678738042713,0.04978473946170873,0.29019007443237216,0.31540845049591965,0.19924224737503393,0.5095220517867527,0.7943305833548037,0.8948506873355834,-0.21933197735438054,0.17088550162179378,0.13227122619278373,0.0,0.0,11.966598867719027
1208,"0,25,154,214,25","30332,28399,12307,13525,28399",lucrarea bewegtoaraără bewegt,0.12647763703029904,12.2769388903106,False,0.21741685939336372,0.19197275689125604,0.0016145213659780556,0.05245721899403085,0.27990846508954426,0.2898091492369698,0.18187844472612935,0.49925299052819155,0.812254508669802,0.9045007215441404,-0.2193445254386473,0.2002615283155878,0.10945109006264787,0.0,0.0,11.967226271932365
1209,"0,240,173,92,106","30332,16145,19845,18158,14385",lucrarea earthquakeAici imperative Freunde,0.14831184403813583,12.284740818517333,False,0.231841135977598,0.20542402948439026,0.0018949364209713438,0.05737645509593666,0.27331392956094375,0.2770503333300078,0.16705858387892436,0.4927276769010744,0.8275524295443362,0.9126562420326043,-0.21941374734013064,0.21910305839730354,0.09495039311349861,0.0,0.0,11.970687367006532
1210,"0,254,173,214,138","30332,28995,19845,13525,9518",lucrareafreiheitAiciără oferit,0.10474742127547124,12.321492699972245,False,0.2016220631050666,0.17800696761524534,0.0014425456919245961,0.04793238666617935,0.28313588925509636,0.2887055518428249,0.19374928365919075,0.5033728119506755,0.8000007394485773,0.8979146486948575,-0.22023692269557915,0.19104031641401034,0.11860624877927889,0.0,0.0,12.011846134778956
1211,"11,73,195,175,240","9161,9472,12743,21379,16145", bro problème Smartphoneçant earthquake,0.13152233997062157,12.322096353120473,False,0.22106755384224708,0.1678620459106307,0.0019000163377636548,0.05554566318791455,0.3069832885245383,0.3390462081892178,0.179090427743251,0.5275217085207606,0.815132461684386,0.9060406018809251,-0.2205384199962223,0.12290488992989045,0.17227046337946805,0.0,0.0,12.026920999811114
1212,"195,128,47,16,198","12743,96,27265,20538,3484"," Smartphone "" klicken tragegra",0.07038199518031527,12.324368468704817,False,0.17760193209468253,0.11849945753777168,-0.003054110578851831,0.042016704575104535,0.30067016131382274,0.31952543226424557,0.21443987382873453,0.5211753345603141,0.7786427108864676,0.8863182984522352,-0.22050517324649133,0.1409423962462207,0.1581674101340312,0.0,0.0,12.025258662324566
1213,"0,45,195,214,78","30332,25231,12743,13525,20961",lucrareaffentlichkeit SmartphoneărăKING,0.11950113884442151,12.350074061060557,False,0.21169763450175352,0.18406476765057708,0.0019492787301688963,0.050249606201866415,0.26930912220055064,0.2771198881490439,0.18439299131466402,0.48992524096493884,0.8096588476751855,0.9031096327054297,-0.2206161187643882,0.23054536514128382,0.08872275769986405,0.0,0.0,12.030805938219409
1214,"182,33,195,255,190","1575,25803,12743,27850,11733",tion Sauce Smartphone purityusion,0.08937567784127992,12.35381045538358,False,0.1938314717213312,0.1421299782069258,-0.0007364941744304684,0.04057675703460725,0.2946823511969278,0.32180816106205445,0.20891158776010255,0.5156785070440533,0.7843493287637651,0.8894315107077652,-0.22099615584712545,0.15805042515163475,0.1459522378756739,0.0,0.0,12.049807792356273
1215,"62,226,195,255,154","23226,20736,12743,27850,12307", imobilesel Smartphone purityoara,0.07475427444582933,12.363950377319934,False,0.18343671542311146,0.13627121374076004,0.00019627642057036838,0.04195997184981531,0.30163733452673724,0.32080572458347717,0.21736488195456427,0.5229122181596325,0.7756233476598047,0.8846666705858404,-0.22127488363289527,0.13817904420932212,0.16202715146585,0.0,0.0,12.063744181644763
1216,"139,230,195,214,53","31,25638,12743,13525,1735",' Numero Smartphoneără moving,0.08262778875224852,12.37584731193179,False,0.18920098948533592,0.1489800143256284,0.0014809018389845053,0.04109402571080175,0.28738929989854367,0.31000137011827394,0.2131464014661748,0.5087187687884053,0.7799779081639486,0.8870476867304402,-0.2213294688898616,0.17888771457558947,0.1304861528631228,0.0,0.0,12.066473444493079
1217,"195,217,195,16,187","12743,15296,12743,20538,20719", SmartphoneITY Smartphone trage apărut,0.08660624668170849,12.396031741245304,False,0.19461657624553733,0.14305734189077912,0.0012887351048276375,0.04343046862511041,0.3048129558668532,0.3205390320337921,0.21602065912765767,0.5267407728678041,0.7770109325133856,0.8854260787171012,-0.22192781700095088,0.1291058403804194,0.17053505081734235,0.0,0.0,12.096390850047543
1218,"195,240,144,168,21","12743,16145,9175,15271,10089", Smartphone earthquake|oară Animal,0.13719215939720253,12.404796411280616,False,0.22724602688237128,0.1780383795377601,0.001614641957760099,0.04945829540347271,0.3009307619211031,0.3401382967871795,0.1801077349703375,0.522979213102721,0.8140823380951355,0.905479025173782,-0.22204845118161792,0.1401978230825626,0.16217602911715776,0.0,0.0,12.102422559080896
1219,"106,70,195,166,239","14385,9692,12743,31468,23267", Freundekos Smartphone ingrijiretolerant,0.0681377762395112,12.425545619573025,False,0.1753959740076035,0.13020108554903367,0.0013441270809700146,0.04377953175461016,0.2974673594402793,0.32274743549208185,0.21451639553618462,0.5198710276502221,0.7785637207368417,0.8862751291014632,-0.22240366820994278,0.1500932587420591,0.15526895033382682,0.0,0.0,12.12018341049714
1220,"159,240,217,214,44","3077,16145,15296,13525,15843",ige earthquakeITYără shaft,0.10946998639058045,12.433234807446157,False,0.20765814123328072,0.1619738959489116,0.0015733622817623472,0.04697592268014602,0.2982951130220713,0.3255750837825524,0.19637630968540054,0.5208560848731323,0.7972889706473285,0.8964506067344701,-0.222560971851061,0.1477282485083677,0.15745796638473838,0.0,0.0,12.12804859255305
1221,"35,33,195,214,38","14797,25803,12743,13525,25012",graphic Sauce Smartphoneără caption,0.12829042399422977,12.455240623944825,False,0.22618487982217475,0.1589152812424428,0.0014308353366487005,0.051613508268315685,0.28827606867832406,0.33330903294742437,0.19578891165588996,0.5111366164156058,0.7978953170003716,0.8967781712018363,-0.22286054773728176,0.17635408949050263,0.13585914759023512,0.0,0.0,12.143027386864087
1222,"251,240,173,214,134","694,16145,19845,13525,28448", fun earthquakeAiciără senzati,0.11665068275547788,12.477783657641599,False,0.21071174863460698,0.1634340012831952,0.001929088450186617,0.04962350192700669,0.302194257020139,0.32627272142817804,0.1881221317582582,0.5256556979661045,0.8058094123785722,0.9010426561721381,-0.22346144094596543,0.13658783708531702,0.16812377325800987,0.0,0.0,12.173072047298271
1223,"97,162,195,219,187","31302,5290,12743,25895,20719", reacțiizat Smartphoneflooded apărut,0.10679256147679794,12.481148616283614,False,0.20517035696949293,0.1440591654886403,0.001602477489229287,0.049423487368828546,0.29952126598284856,0.3230033486264599,0.19675559098538997,0.5230146439357913,0.7968974544666942,0.8962390356454075,-0.22349337795294277,0.14422495433471835,0.1622547643017585,0.0,0.0,12.174668897647138
1224,"0,152,80,16,16","30332,19355,8787,20538,20538",lucrarea persoană Abs trage trage,0.1327910003866287,12.482812327911203,False,0.22115417263738077,0.18396758170679514,0.001774878465321267,0.05051324507865982,0.2786329705206468,0.2881644336019719,0.17672634450150415,0.5019042457422977,0.8175728056758667,0.907344287191194,-0.22327127522165097,0.2039057985124377,0.11534276831621719,0.0,0.0,12.163563761082548
1225,"234,44,186,21,195","794,15843,10443,10089,12743", test shaftû Animal Smartphone,0.10362278270201866,12.499341669515665,False,0.20289761814425825,0.13861391965948508,0.0012931740633884638,0.04569822762685313,0.28795533808296087,0.3200562982216952,0.19854967088447917,0.5116564744667923,0.7950455010224731,0.8952375824972502,-0.22370113638383143,0.17727046262011176,0.13701438770398286,0.0,0.0,12.185056819191571
1226,"131,165,195,34,214","30173,13114,12743,19867,13525", machiaj-> Smartphonerasiără,0.08518901696415684,12.506309915805291,False,0.1901631664497562,0.15392719657213472,0.0017619549071384078,0.046021525153279334,0.3078605427449399,0.3274956346302819,0.2099482989711987,0.5319371221995086,0.7832791752555368,0.8888485253567119,-0.22407657945456871,0.12039844930017166,0.18208249377668578,0.0,0.0,12.203828972728434
1227,"124,110,195,9,195","28387,24243,12743,3349,12743", ressenti événements Smartphone Sport Smartphone,0.09245227167656961,12.530217406665967,False,0.19418777051667802,0.13853260825518016,0.0015842117918316745,0.043307677938638045,0.29770038130165966,0.3136495643511878,0.20347099768021681,0.5221112359740069,0.7899654217494536,0.8924847350626134,-0.22441085467234723,0.14942748199525807,0.1602471910533486,0.0,0.0,12.22054273361736
1228,"195,136,33,188,24","12743,2824,25803,29904,29668", Smartphone.... Sauceweilige Crisis,0.06964079686919497,12.532023535275234,False,0.17887359481642648,0.12799260154709172,0.0018406473041671701,0.04273099023104684,0.3109139854145513,0.3267664694432129,0.21846559589446302,0.5355200772500899,0.7744871268186189,0.884044345101272,-0.2246060918355386,0.11167432738699627,0.1900446161113108,0.0,0.0,12.230304591776928
1229,"11,44,195,229,157","9161,15843,12743,3147,27499", bro shaft Smartphone 300izant,0.08722111852384626,12.539722224727315,False,0.1947077445274589,0.12910950053597367,-0.003920587607577896,0.044084733421711375,0.2959424277517729,0.33474050739626904,0.21497325200722528,0.520513916283047,0.7780921269602836,0.8860173519704763,-0.22457148853127412,0.15445020642350601,0.15669759174010442,0.0,0.0,12.228574426563705
1230,"219,162,106,214,9","25895,5290,14385,13525,3349",floodedizat Freundeără Sport,0.10646005082041379,12.553008052301928,False,0.20709200054952984,0.1656059041833213,-0.006677193533020152,0.04475325686163944,0.28845641866842175,0.31732440837812187,0.2012638994582321,0.5131913013558863,0.7922437166882765,0.8937203704413187,-0.22473488268746455,0.17583880380450922,0.14042511412419176,0.0,0.0,12.236744134373227
1231,"0,124,106,86,61","30332,28387,14385,16233,18837",lucrarea ressenti Freunde Crew manger,0.12025023702755827,12.566306549862956,False,0.21267490513114473,0.18036831136622666,0.0017315608401947014,0.04989255053502376,0.26201291882174793,0.27171350130162314,0.18484933620717292,0.48668095207227563,0.8091877819796924,0.9028569453644509,-0.2246680332505277,0.25139166050929157,0.08151322682727916,0.0,0.0,12.233401662526385
1232,"123,240,12,203,195","22250,16145,12337,7889,12743", papa earthquake mobility assembly Smartphone,0.09324578233604167,12.571389089015216,False,0.19732897771293492,0.15151637116020825,0.0013017052630468152,0.045103550601883945,0.3122403287527511,0.3283665752433336,0.2081663907537865,0.5376163548190334,0.7851185643831882,0.8898503296882085,-0.22537602606628226,0.10788477499213966,0.19470301070896298,0.0,0.0,12.268801303314113
1233,"50,162,195,121,195","21100,5290,12743,803,12743", Coupeizat Smartphone friends Smartphone,0.09506732323565184,12.605053273252466,False,0.19727505412532878,0.14443274277191614,0.0016543856204888907,0.04394115199904084,0.2821585112794159,0.305185050342531,0.20441546177935388,0.507813434278225,0.7889904910664735,0.8919554575317347,-0.22565492299880913,0.19383282491595458,0.12847429839605554,0.0,0.0,12.282746149940456
1234,"195,44,169,120,53","12743,15843,680,11930,1735", Smartphone shaft sie scroll moving,0.0713510570680603,12.630718232229103,False,0.179230977215134,0.12209014712564759,-0.0073576396959233,0.04037755735472564,0.301371266774609,0.32044414130869714,0.2157598402941474,0.5277512361671373,0.7772801648576543,0.8855733508331496,-0.22637996939252825,0.13893923778683134,0.17278052481586056,0.0,0.0,12.318998469626411
1235,"182,42,195,214,195","1575,13483,12743,13525,12743",tion underneath Smartphoneără Smartphone,0.08786843281300658,12.632421577673119,False,0.19104541138380313,0.14208847496618726,0.001472594811633138,0.046131200749766926,0.2850787689134914,0.3250058792797078,0.2063539571415931,0.5112932704788246,0.7869894635957748,0.8908681399951437,-0.22621450156533318,0.18548923167573889,0.1362072677307212,0.0,0.0,12.310725078266659
1236,"0,33,67,16,38","30332,25803,25300,20538,25012",lucrarea Sauce farther trage caption,0.1301667667067133,12.644039571154725,False,0.21893453380139993,0.18152446159381383,0.001740767951976152,0.052873400124817053,0.2644632777593714,0.2683875324740561,0.1775355341893733,0.4906496072709588,0.8167375130948404,0.9068982665164967,-0.2261863295115874,0.24439063497322452,0.09033246060213064,0.0,0.0,12.309316475579369
1237,"0,110,67,92,214","30332,24243,25300,18158,13525",lucrarea événements farther imperativeără,0.12222527477978562,12.648879081305218,False,0.2148409068582081,0.18526356715592504,0.001760950832364605,0.04944803359793685,0.27169241259915544,0.2733145174888529,0.185231264156845,0.4980593057986068,0.8087935337735793,0.9026454098056196,-0.22636689319945136,0.22373596400241297,0.10679845733023731,0.0,0.0,12.318344659972567
1238,"0,252,226,214,187","30332,21212,20736,13525,20719",lucrarea Colineselără apărut,0.11875040481170934,12.664106957438822,False,0.21221474200824164,0.18176564923173924,0.0016067366792601402,0.050689566815275276,0.272368253596834,0.27987109178658504,0.1869286743930646,0.4990349613362015,0.8070413683684494,0.901704677600674,-0.22666670773936753,0.22180498972333146,0.10896658074711443,0.0,0.0,12.333335386968376
1239,"200,119,176,16,195","3404,23662,257,20538,12743",ware artistiqueation trage Smartphone,0.09192358348026883,12.671359037015153,False,0.1946234069779104,0.13210309085777008,0.0010934503580007917,0.04651139591161757,0.30104483785554337,0.3219549919620232,0.20539964699528312,0.5281990666841684,0.7879745579403529,0.8914035859276744,-0.22715422882862502,0.1398718918413046,0.17377570374259638,0.0,0.0,12.35771144143125
1240,"174,25,195,16,53","6031,28399,12743,20538,1735",tting bewegt Smartphone trage moving,0.08511003466532277,12.67166592652301,False,0.19011774326166211,0.13827206589646004,-0.0001569068676969208,0.04489174903349891,0.298778553511443,0.3180515807640843,0.2100154171926787,0.5259111053386185,0.7832098919301381,0.8888107688407704,-0.2271325518271755,0.14634698996730566,0.16869134519693,0.0,0.0,12.356627591358775
1241,"190,73,195,172,142","11733,9472,12743,13910,3416",usion problème Smartphonelebt €,0.061951308634344976,12.675656944242252,False,0.17097615604740593,0.13017680192259823,0.000340907278589231,0.04209528912010463,0.29543879146642377,0.3209301903379664,0.2180496948261219,0.5226071620274934,0.7749164440504548,0.8842795401760001,-0.2271683705610696,0.15588916723878918,0.1613492489499852,0.0,0.0,12.358418528053479
1242,"11,240,1,214,103","9161,16145,22665,13525,31149", bro earthquakepicturedără dicke,0.1187105100132907,12.692162130489068,False,0.21304794847695396,0.16736859792945635,0.0016860775868853318,0.05079400610697977,0.29463303699424015,0.3183776832297362,0.18867487692732654,0.5221076679062708,0.805238836720179,0.9007358786418322,-0.22747463091203068,0.15819132287359952,0.16023926201393515,0.0,0.0,12.373731545601533
1243,"131,240,144,92,214","30173,16145,9175,18158,13525", machiaj earthquake| imperativeără,0.09423241759780501,12.702268549735638,False,0.1938369696839843,0.1589402274036521,0.001505718650618798,0.043366562073264586,0.2861371734156947,0.29934851838267745,0.1992091041723586,0.5137020383305801,0.7943647956930492,0.8948692059891442,-0.22756486491488542,0.18246521881230074,0.14156008517906696,0.0,0.0,12.37824324574427
1244,"67,33,173,214,67","25300,25803,19845,13525,25300", farther SauceAiciără farther,0.0921562176490868,12.713474527199525,False,0.19512993466001563,0.14997901406721095,0.0016463259742366288,0.043229506577626135,0.28143114267312996,0.29417992832033835,0.20594743402185767,0.5091533739559553,0.787409100364534,0.8910962720032793,-0.22772223128282532,0.19591102093391433,0.13145194212434505,0.0,0.0,12.386111564141265
1245,"131,205,195,108,195","30173,24903,12743,30122,12743", machiaj dispus Smartphone Angehörige Smartphone,0.12697814300978263,12.714872545458919,False,0.21805967519140937,0.16171095263827726,0.0018157446305479997,0.05006994442924464,0.30051730470310895,0.32299299786344854,0.18216306436325347,0.5284983571505364,0.8119607077540609,0.9043433726393678,-0.22798105244742745,0.14137912941968866,0.1744407936678586,0.0,0.0,12.399052622371372
1246,"0,186,195,217,195","30332,10443,12743,15296,12743",lucrareaû SmartphoneITY Smartphone,0.09659819792963956,12.715518196231976,False,0.19558299618721944,0.17195407726767248,0.0018901940221778602,0.04872725185628426,0.27648382909860325,0.2899449952322651,0.19796959651515977,0.5041850447601712,0.7956442874682221,0.8955615017880347,-0.22770121566156798,0.21004620257541923,0.12041121057815826,0.0,0.0,12.385060783078398
1247,"62,254,195,29,214","23226,28995,12743,28935,13525", imobilfreiheit Smartphone Squadără,0.09552715719626512,12.720304817923427,False,0.1976373662225611,0.15491957425672867,0.0017525616283254497,0.04851142618555571,0.2987991185928582,0.3304253082584592,0.20422041805259195,0.5268633034782352,0.7891918265263567,0.8920647857344264,-0.228064184885377,0.1462882325918337,0.1708073410627448,0.0,0.0,12.403209244268849
1248,"35,65,195,92,125","14797,22276,12743,18158,19020",graphicrij Smartphone imperative humaine,0.09993539475172047,12.764574855849844,False,0.20029669291924745,0.14242002464945114,0.0012163584395081918,0.04861544083296445,0.2897482781871484,0.3113549369781558,0.20072259633505396,0.5185501465901958,0.792802481202525,0.894023156112271,-0.22880186840304745,0.17214777660814745,0.15233365908932403,0.0,0.0,12.440093420152373
1249,"251,25,195,239,42","694,28399,12743,23267,13483", fun bewegt Smartphonetolerant underneath,0.0747223356384252,12.77468522161903,False,0.18496100032357207,0.15339581699265567,0.0014692513674986142,0.04418939944509146,0.2912020730273257,0.31627703157086134,0.22047732937029374,0.5202152194963506,0.7724104987145355,0.8829058107350445,-0.22901314646902493,0.16799407706478364,0.15603382110300137,0.0,0.0,12.450657323451246
1250,"131,185,195,214,106","30173,15058,12743,13525,14385", machiajtient Smartphoneără Freunde,0.08894507083722955,12.795157591820793,False,0.19196845631871415,0.15274829817082697,0.0016384796069226382,0.04389193382945119,0.2842361759240843,0.3018252699602041,0.2060467709629692,0.5135566547452616,0.7873065590059672,0.8910405316465861,-0.2293204788211773,0.18789664021690197,0.1412370105450257,0.0,0.0,12.466023941058864
1251,"194,240,106,16,188","23078,16145,14385,20538,29904",politischen earthquake Freunde trageweilige,0.09905988921285538,12.826879076928234,False,0.19846947606444224,0.15385558311875352,0.001663716526887321,0.04636419778936729,0.2949067850974608,0.3185290721612725,0.1988191737031737,0.5249644304623171,0.7947673045644659,0.8950870495637987,-0.2300576453648563,0.15740918543582616,0.16658762324959356,0.0,0.0,12.502882268242814
1252,"123,55,195,153,33","22250,13775,12743,23158,25803", papa Führung Smartphone pierdere Sauce,0.09393312283946287,12.834585402429369,False,0.1980551176860348,0.1447695269958117,-0.0012473034168926696,0.041817252574940324,0.29579433036592834,0.3143489343535661,0.20824398969314384,0.5260103344898455,0.7850384622522386,0.8898067263776197,-0.23021600412391713,0.15487334181163326,0.16891185442187878,0.0,0.0,12.510800206195857
1253,"234,240,176,214,61","794,16145,257,13525,18837", test earthquakeationără manger,0.0902515189601861,12.844388161576223,False,0.19357859765985333,0.14043140065765583,0.0016338882737407024,0.044160202782280646,0.29412549745720085,0.30871377334987765,0.20665415739933446,0.5245089242285048,0.7866795794587516,0.8906996365782719,-0.23038342677130397,0.15964143583656895,0.1655753871744551,0.0,0.0,12.519171338565199
1254,"0,74,154,172,195","30332,9633,12307,13910,12743",lucrarea bitteoaralebt Smartphone,0.12079529198730285,12.855973347432286,False,0.2131370579258481,0.18140759999489153,-0.00311814046628786,0.051707699752650195,0.279983635987436,0.2878938590449615,0.18468353187709052,0.5104169692177495,0.8093589348365517,0.9029487627340266,-0.2304333332303135,0.20004675432161145,0.13425993159499883,0.0,0.0,12.521666661515676
1255,"0,74,154,172,214","30332,9633,12307,13910,13525",lucrarea bitteoaralebtără,0.1176641823155814,12.863809521146203,False,0.21252114655954513,0.18484890235501003,0.00177608084501244,0.051328983893151915,0.2714100990689845,0.28298549798868533,0.18971392848792745,0.5018892491586411,0.8041662673673007,0.9001589145879035,-0.23047915008965658,0.22454257408861567,0.11530944257475793,0.0,0.0,12.52395750448283
1256,"166,33,195,214,167","31468,25803,12743,13525,24594", ingrijire Sauce Smartphoneărăidia,0.08444779771875052,12.865122585641892,False,0.18997065046733738,0.14074786716685747,-0.0011697460275814637,0.04145904103483072,0.28673951036037265,0.3136360571207334,0.21104570549717372,0.5174301800594164,0.7821463685190465,0.8882309916360869,-0.23069066969904378,0.18074425611322095,0.14984484457648092,0.0,0.0,12.53453348495219
1257,"232,240,173,214,187","7578,16145,19845,13525,20719",etic earthquakeAiciără apărut,0.10409624304297718,12.88411936489501,False,0.2017791492365262,0.15717819382811393,0.0017364530939055379,0.04525131775290448,0.29447561948325657,0.3133836783332289,0.19536581238709805,0.5256241133336261,0.798332064632673,0.8970140398081303,-0.23114849385036956,0.15864108719069547,0.16805358518583582,0.0,0.0,12.55742469251848
1258,"131,33,100,214,248","30173,25803,14338,13525,6148", machiaj Sauce surroundingsără mici,0.06260305214723097,12.884745856045305,False,0.1735598658150311,0.13582994512577212,0.0012015510411702347,0.040322915465005486,0.2963857512116651,0.3114618055604259,0.22191362733560027,0.5275694651871425,0.7709278685567997,0.882092043192999,-0.23118371397547743,0.15318356796667107,0.17237658930476116,0.0,0.0,12.559185698773872
1259,"195,240,195,104,38","12743,16145,12743,15091,25012", Smartphone earthquake Smartphonespieler caption,0.09794844645904788,12.893993706885313,False,0.19573254598606638,0.14687773217741734,0.0010797936138337294,0.050769855004689605,0.2901257633850824,0.3128223878319019,0.195568199054037,0.5214104545915195,0.7981231493635748,0.8969012213984119,-0.23128469120643708,0.17106924747119312,0.15868989909226547,0.0,0.0,12.564234560321854
1260,"241,136,238,214,16","31980,2824,12740,13525,20538",réglage....voluără trage,0.08366246660604851,12.900888758632933,False,0.18788857715608023,0.14687171263848153,0.0014851857869158658,0.04177279253121328,0.2870883119653775,0.31060966386547983,0.20845222110006345,0.5184681065770765,0.7848235137031603,0.889689709336877,-0.23137979461169905,0.17974768009892142,0.15215134794905893,0.0,0.0,12.568989730584953
1261,"92,69,106,214,106","18158,22208,14385,13525,14385", imperative déplac Freundeără Freunde,0.0900428356262151,12.904786561946935,False,0.19511052074477772,0.15257254090161845,-0.004004000400547274,0.04582507995247265,0.29484350180045626,0.3131167226785803,0.21013537023712525,0.5263922232213302,0.7830860694326449,0.888743286761073,-0.2315487214208739,0.1575899948558392,0.16976049604740034,0.0,0.0,12.577436071043696
1262,"48,162,0,16,245","27062,5290,30332,20538,23156", pantalonizatlucrarea trageceşti,0.10643720384832428,12.906274695351183,False,0.2058856024757123,0.1771245627769746,0.0014069548265319032,0.0452288670052467,0.2951689514393403,0.3082070891669934,0.19889679725477605,0.5267501258663002,0.7946871770273279,0.8950436876182212,-0.2315811744269599,0.15666013874474194,0.1705558352584449,0.0,0.0,12.579058721347996
1263,"195,248,7,16,53","12743,6148,6298,20538,1735", Smartphone mici Image trage moving,0.1154172814812475,12.915679734950182,False,0.21304853828189083,0.1440201678725305,0.0015164685762882046,0.04914159167096852,0.29364301746724675,0.31754784074553083,0.19526251360128666,0.5253857360084477,0.7984386956373816,0.8970716172071845,-0.231742718541201,0.16101995009358067,0.1675238577965505,0.0,0.0,12.58713592706005
1264,"131,240,9,16,187","30173,16145,3349,20538,20719", machiaj earthquake Sport trage apărut,0.10168156132591552,12.926901039522189,False,0.20253550600867434,0.15876934194885445,-0.0005890267445625261,0.042429455866444976,0.294854126728004,0.30901960123140854,0.20170788936551765,0.5268264460468545,0.7917854045259173,0.8934719417164046,-0.23197231931885048,0.15755963791998856,0.17072543565967657,0.0,0.0,12.598615965942525
1265,"139,73,195,255,112","31,9472,12743,27850,21711",' problème Smartphone purity bilden,0.09427496746601449,12.95444912787363,False,0.1974946773899542,0.14714729117581762,-0.014577946565598163,0.042291114394582,0.2951283054581213,0.32969742863880525,0.2064394198478794,0.5276314748424263,0.7869012440279954,0.8908201727352837,-0.23250316938430504,0.1567762701196534,0.17251438853872517,0.0,0.0,12.625158469215252
1266,"228,240,195,119,195","4408,16145,12743,23662,12743", accord earthquake Smartphone artistique Smartphone,0.10800439741725906,12.958533815689474,False,0.2067586938893102,0.17564688233024334,0.0013426590996862442,0.05046479310831616,0.28979324423264574,0.3110224320908089,0.19750859294410228,0.5223097670769444,0.796120162122217,0.8958188472319042,-0.2325165228442987,0.1720193021924407,0.1606883712820987,0.0,0.0,12.625826142214935
1267,"0,124,173,214,187","30332,28387,19845,13525,20719",lucrarea ressentiAiciără apărut,0.1248245406332347,12.970521065056115,False,0.21762002541181805,0.18477227624949905,0.0016091681669787195,0.05178616424749003,0.26360610081221586,0.28673130976648187,0.1855909695571667,0.49603378200705595,0.8084222249732472,0.902446137142175,-0.23242768119484009,0.2468397119650975,0.10229729334901319,0.0,0.0,12.621384059742004
1268,"195,59,154,92,195","12743,31675,12307,18158,12743", Smartphone temporaireoara imperative Smartphone,0.0898872124243362,12.982794701194306,False,0.1924418781138452,0.14719436385074885,0.0018317852395995594,0.04587619522012962,0.2925747240229826,0.3066419080742779,0.205109331379018,0.5255896343987153,0.7882742385764976,0.8915664129053886,-0.2330149103757327,0.16407221707719244,0.16797696533047843,0.0,0.0,12.650745518786636
1269,"195,160,195,214,195","12743,20437,12743,13525,12743", Smartphoneenţa Smartphoneără Smartphone,0.0900082052206907,12.986165716879107,False,0.19330402447246597,0.14785535010987538,0.0015262219010236167,0.04642169439625036,0.2767882946314847,0.3027910640380926,0.20659163850355056,0.5096758240991573,0.7867441150931092,0.8907347312732615,-0.23288752946767266,0.20917630105290083,0.13261294244257185,0.0,0.0,12.644376473383634
1270,"180,240,228,214,214","31797,16145,4408,13525,13525",scrisă earthquake accordărăără,0.09585533970250096,12.987855978467733,False,0.19584420090544,0.15395547120322695,0.001515262584972832,0.04480921105109365,0.2821911328301212,0.3145888972670147,0.19997772240587808,0.5151767170114805,0.7935713833229646,0.8944396444669265,-0.23298558418135928,0.19373962048536794,0.14483714891440105,0.0,0.0,12.649279209067965
1271,"0,227,2,16,38","30332,15782,26170,20538,25012",lucrarea Demoathlet trage caption,0.12398877218613319,12.993621718038282,False,0.2154844913426639,0.1773350810401374,0.0018243742621293579,0.05156668131099831,0.26328757681799386,0.2653877011033532,0.18299143831306142,0.4961537383101311,0.8111056120639366,0.9038852591379829,-0.23286616149213724,0.24774978052001748,0.10256386291140242,0.0,0.0,12.643308074606862
1272,"195,192,11,183,214","12743,19175,9161,23,13525", Smartphoneanalyzing broiără,0.10055676591164028,12.999182993679687,False,0.20294018548721446,0.15787395514063177,0.0018818904672262327,0.045859878242513225,0.3140534403406983,0.3385175852573834,0.20476683915114835,0.5476433084912905,0.7886277789407501,0.8917584655324847,-0.23358986815059218,0.10270445616943331,0.21698512998064554,0.0,0.0,12.679493407529609
1273,"194,187,195,214,162","23078,20719,12743,13525,5290",politischen apărut Smartphoneărăizat,0.09575119655243725,13.015800899750886,False,0.19727938227385156,0.1600444578176077,0.0016185027903182715,0.046770017586412194,0.2872841548113947,0.33060838481113475,0.20305637144282862,0.5208667757465806,0.7903934230267575,0.8927169924209863,-0.2335826209351859,0.17918812911030085,0.15748172388129014,0.0,0.0,12.679131046759295
1274,"0,175,72,214,214","30332,21379,7411,13525,13525",lucrareaçant gripărăără,0.11763615294044019,13.032987043318814,False,0.21051179608788564,0.18273287000329835,0.0015885418341032688,0.05032273073582801,0.2698946866096941,0.28088494761866684,0.1857512862948909,0.5035949818052786,0.8082567367278546,0.9023573093321232,-0.2337002951955845,0.22887232397230245,0.11909995956728579,0.0,0.0,12.685014759779225
1275,"35,205,90,214,53","14797,24903,23060,13525,1735",graphic dispus răspundeără moving,0.08504980307508025,13.051046645585156,False,0.19257770567497567,0.1509479721636402,0.0009698520734124472,0.045003308400870516,0.2840097054626848,0.3121701931317698,0.21505580519979084,0.5182274340007919,0.7780069107615062,0.885970764077579,-0.23421772853810707,0.18854369867804344,0.15161652000175965,0.0,0.0,12.710886426905354
1276,"234,83,23,214,187","794,7383,31052,13525,20719", test Front pasageriără apărut,0.09242242801104458,13.057155941434772,False,0.19644703498654528,0.15794113654514547,0.0016426168799381525,0.04467744416281213,0.28437457326022775,0.3095760011804621,0.2080492139510014,0.5187137243972489,0.7852395210828372,0.8899161679894341,-0.2343391511370212,0.1875012192564921,0.15269716532721986,0.0,0.0,12.71695755685106
1277,"131,33,33,214,27","30173,25803,25803,13525,2600", machiaj Sauce Sauceără sport,0.08160116282126487,13.093421497224044,False,0.18868900918927203,0.14437762719590488,0.0014384957376304187,0.04010227843298417,0.28345217125617617,0.31141306099323834,0.21417569273601433,0.5184745545921524,0.7789154139499207,0.8864673187794266,-0.23502238333597625,0.19013665355378234,0.15216567687144977,0.0,0.0,12.751119166798812
1278,"0,33,179,16,248","30332,25803,3997,20538,6148",lucrarea Saucecht trage mici,0.12200143314639758,13.172210459784491,False,0.21831884105839885,0.1818050798478762,0.0016840053287929257,0.04856427494519181,0.26743031374441323,0.2869463607022032,0.19263481582400255,0.503766627275173,0.8011511578590942,0.8985350211182631,-0.23633631353075973,0.23591338930167643,0.11948139394482878,0.0,0.0,12.816815676537987
1279,"232,205,169,214,110","7578,24903,680,13525,24243",etic dispus sieără événements,0.05794686023002202,13.18067760273417,False,0.17096141161605946,0.12838749819835857,0.0006813105752396854,0.039553288323325095,0.28755499231053866,0.30467383787179275,0.22602910277207489,0.524298119564239,0.7666796358481808,0.8797561578232488,-0.23674312725370034,0.1784143076841752,0.1651069323649755,0.0,0.0,12.837156362685018
1280,"194,33,211,214,187","23078,25803,16063,13525,20719",politischen Sauce Pearlără apărut,0.10002828688601015,13.207205130049934,False,0.19865025654154436,0.15105630823454932,-0.004322451344398636,0.045295142322455996,0.2810133373906186,0.31010675086321354,0.19724393931106843,0.5181849047732237,0.7963933529692196,0.8959665510993876,-0.23717156738260503,0.19710475031251817,0.15152201060716364,0.0,0.0,12.858578369130251
1281,"11,90,12,214,38","9161,23060,12337,13525,25012", bro răspunde mobilityără caption,0.09280382043749291,13.237667192649251,False,0.19411433559735602,0.16668157261811672,0.0016720868462946849,0.04503545705240936,0.2797805079702497,0.3108245783831631,0.20262103031972623,0.5175204026376397,0.7908428074118955,0.8929607884337777,-0.23773989466738993,0.20062712008500072,0.15004533919475477,0.0,0.0,12.886994733369496
1282,"195,32,205,17,61","12743,22608,24903,25272,18837", Smartphoneoccupant dispus grafic manger,0.0810781381327497,13.269983405476667,False,0.18339950495034926,0.12789248333153677,0.0016519683078697056,0.045637558126484325,0.29891260191117763,0.32371725954960984,0.20464273363519914,0.5375039267201372,0.7887558878604396,0.8918280475320346,-0.23859132480895962,0.1459639945394924,0.19445317048919386,0.0,0.0,12.929566240447981
1283,"123,240,242,214,248","22250,16145,17002,13525,6148", papa earthquakeafficheără mici,0.11291364657513817,13.30567746043883,False,0.21131894540819532,0.15420876935736416,0.0015627552072184582,0.045672416289057605,0.286217984635806,0.3216567352706916,0.1968105976661143,0.5253384707735198,0.7968406733769142,0.8962083476144851,-0.2391204861377138,0.1822343296119828,0.1674188239411551,0.0,0.0,12.956024306885691
1284,"84,73,63,214,16","24023,9472,23832,13525,20538", LORD problème Regalără trage,0.08727703497088654,13.327656980232149,False,0.1925193368462527,0.1453292434367633,0.001383047830941403,0.04227001617450236,0.2779499440620704,0.29811695661060117,0.2104846037507323,0.5173907913317082,0.7827255703218248,0.8885467890039712,-0.23944084726963777,0.2058573026797988,0.14975731407046258,0.0,0.0,12.972042363481888
1285,"0,77,179,100,195","30332,6177,3997,14338,12743",lucrarea tiecht surroundings Smartphone,0.10475024859235679,13.380521763473508,False,0.20060407879771977,0.17485455270206005,0.0017726373329512214,0.04946601864096284,0.2705608560744326,0.28953704009236825,0.19170766041072596,0.5109241707679913,0.8021082215115087,0.8990507992262028,-0.24036331469355876,0.22696898264447826,0.13538704615109184,0.0,0.0,13.018165734677938
1286,"4,44,195,247,248","1817,15843,12743,12327,6148", mis shaft Smartphoneregarded mici,0.07448274905915175,13.415595306001252,False,0.18221940539865145,0.12670831791003825,-0.01805737221957266,0.03430991989175219,0.2859496700373689,0.3016001134139588,0.21547331267899938,0.5271717038001572,0.7775759352990974,0.8857351112612623,-0.24122203376278833,0.1830009427503746,0.17149267511146044,0.0,0.0,13.061101688139418
1287,"189,44,195,229,25","10646,15843,12743,3147,28399",tial shaft Smartphone 300 bewegt,0.0867391555872481,13.433347829352932,False,0.1915523211778527,0.11904993473735084,0.00019661552733237238,0.044269609511438546,0.29012149454527447,0.3233372616535908,0.2096263311812092,0.5317341915151972,0.7836115291032679,0.8890296220142447,-0.2416126969699227,0.1710814441563586,0.18163153670043816,0.0,0.0,13.080634848496135
1288,"232,104,242,214,138","7578,15091,17002,13525,9518",eticspielerafficheără oferit,0.07699679828667894,13.477113634451308,False,0.18663780070888247,0.13332592623654765,-0.008476436295035538,0.0414613633287008,0.2903618118847439,0.31296392298544135,0.21928200484440707,0.5328154992542947,0.7736443820960959,0.8835824778454997,-0.2424536873695508,0.17039482318644592,0.1840344427873216,0.0,0.0,13.122684368477541
1289,"139,44,195,172,187","31,15843,12743,13910,20719",' shaft Smartphonelebt apărut,0.06514521238797966,13.482910978962865,False,0.17671291021302293,0.14115847117447788,0.0016957687500055163,0.04079737370099907,0.2999337797276807,0.30921684507466946,0.22313539565008655,0.5426148565859688,0.769666688361201,0.8813992309673939,-0.24268107685828805,0.14304634363519794,0.20581079241326386,0.0,0.0,13.134053842914403
1290,"195,251,76,121,145","12743,694,26292,803,26356", Smartphone fun menschliche friends sunet,0.08980128653216671,13.515735304737856,False,0.19216477789330708,0.13388025252127422,0.0017838449814719772,0.04749790980983317,0.29393963740185935,0.30934248607223075,0.20472698272228074,0.5371763880688987,0.7886689210608715,0.8917808123511737,-0.24323675066703931,0.16017246456611609,0.1937253068197748,0.0,0.0,13.161837533351965
1291,"237,40,173,214,252","8916,18132,19845,13525,21212", restoration VorstandAiciără Colin,0.08437558086828956,13.516715486662509,False,0.19039485463298256,0.1495248039757502,0.0012479604792225653,0.04350812794134923,0.28543325968785294,0.3043834792895532,0.212038547529386,0.5285853587903612,0.7811214993245048,0.8876719284006981,-0.24315209910250823,0.1844764008918487,0.17463413064524702,0.0,0.0,13.157604955125413
1292,"251,24,135,214,214","694,29668,19890,13525,13525", fun Crisis pursuărăără,0.0985458008896831,13.523732494424875,False,0.20024330326284787,0.15033375449306605,0.0011980697765852422,0.0435056005601869,0.2909575132982297,0.3108469427952569,0.20339500474632954,0.5343111448121192,0.790043866068305,0.8925273078475922,-0.24335363151388945,0.16869281914791504,0.187358099582487,0.0,0.0,13.167681575694473
1293,"6,24,110,214,25","21014,29668,24243,13525,28399", sportiv Crisis événementsără bewegt,0.08980038068857046,13.524129348210675,False,0.19429837537777975,0.14283380655853103,0.000853346096714991,0.04076387981199026,0.2764660371368819,0.30209523346980033,0.20899598937841857,0.5196510798185682,0.7842622045126002,0.8893840624958271,-0.24318504268168628,0.21009703675176597,0.1547801773745959,0.0,0.0,13.159252134084314
1294,"0,33,176,82,214","30332,25803,257,16771,13525",lucrarea Sauceation postureără,0.1193707931445234,13.529969276881795,False,0.2128920949174978,0.17993523880938336,0.0016734450097286191,0.04870727911628723,0.25640372996891486,0.2706683139473225,0.18704260354594882,0.499456682443781,0.8069237640816013,0.9016415010712691,-0.24305295247486614,0.26741791437452894,0.10990373876395775,0.0,0.0,13.152647623743308
1295,"112,33,195,85,129","21711,25803,12743,6796,17", bilden Sauce Smartphone drawnt,0.07588366883285139,13.538715124724625,False,0.1843531917367839,0.11735660890899838,0.0012827190328526528,0.04275065962012695,0.28670661129572345,0.31216480613715275,0.21693904580786505,0.5302954615417661,0.7760629204563974,0.8849073138991083,-0.24358885024604265,0.1808382534407901,0.17843435898170243,0.0,0.0,13.179442512302133
1296,"62,73,169,214,27","23226,9472,680,13525,2600", imobil problème sieără sport,0.09914164764555264,13.547035440037437,False,0.2026455408048812,0.15073242836295964,-0.0035723264326040552,0.042704831333479056,0.2804212325207019,0.30084546530828743,0.20700778631865713,0.524092989974558,0.7863145431549345,0.8905011025716604,-0.2436717574538561,0.19879647851228027,0.16465108883235108,0.0,0.0,13.183587872692806
1297,"194,240,154,214,214","23078,16145,12307,13525,13525",politischen earthquakeoaraărăără,0.09860713788456865,13.600871432183107,False,0.19949795222576805,0.15377042371984234,0.0015080925097624876,0.047415288687948996,0.28193401721375283,0.3148733500030117,0.2017816286823988,0.5266550691639309,0.7917092865213948,0.8934306751604185,-0.24472105195017807,0.19447423653213472,0.17034459814206865,0.0,0.0,13.236052597508904
1298,"232,110,195,9,61","7578,24243,12743,3349,18837",etic événements Smartphone Sport manger,0.058232419966820825,13.61218916555366,False,0.17060710414910996,0.12206426256104291,-0.003623330410540903,0.03910962956593572,0.2871255550486691,0.2994969149722156,0.22474936836457826,0.5321264485537838,0.768000652010758,0.8804831807794069,-0.24500089350511467,0.1796412712895168,0.18250321900840835,0.0,0.0,13.250044675255735
1299,"232,162,195,9,248","7578,5290,12743,3349,6148",eticizat Smartphone Sport mici,0.06971501057961188,13.628987232524688,False,0.18337934357749386,0.13389352087410156,-0.004719073580444904,0.03834855723329806,0.28976066175814796,0.3228430030464578,0.22732866599576396,0.5351152581470177,0.7653381512301791,0.8790172546680959,-0.2453545963888697,0.17211239497672004,0.18914501810448364,0.0,0.0,13.267729819443485
1300,"194,69,67,214,214","23078,22208,25300,13525,13525",politischen déplac fartherărăără,0.09737187650347992,13.637974874386456,False,0.1973843971850963,0.14978817427617763,-0.0076360281703769005,0.042951736109337536,0.28405896790300283,0.30773928092888947,0.20002504136323274,0.5295163465663666,0.7935225379476307,0.8944131923427602,-0.24545737866336376,0.1884029488485633,0.17670299236970352,0.0,0.0,13.272868933168189
1301,"35,69,173,16,214","14797,22208,19845,20538,13525",graphic déplacAici trageără,0.09985006954692452,13.696513686720724,False,0.20048277558458402,0.14322237735890797,0.0010554944260636467,0.04116915427855479,0.29185218490675935,0.3097199316335488,0.201265412075319,0.5385252699097004,0.7922421552770901,0.893719524193514,-0.24667308500294105,0.1661366145521161,0.19672282202155641,0.0,0.0,13.333654250147053
1302,"194,33,195,127,53","23078,25803,12743,23794,1735",politischen Sauce Smartphone Verantwortlich moving,0.0873847267733576,13.702670581388444,False,0.19346109742845172,0.14042838274528202,0.0014310248432390816,0.04548514767219835,0.27151477682422626,0.3052010508530426,0.21215274131018824,0.5180584964900138,0.781003621873354,0.887607604006304,-0.24654371966578753,0.22424349478792494,0.1512411033111417,0.0,0.0,13.327185983289377
1303,"146,69,195,127,195","20352,22208,12743,23794,12743", cuir déplac Smartphone Verantwortlich Smartphone,0.05897160542109292,13.703412544577912,False,0.1678575752184327,0.1222165770669315,0.001304393569001755,0.04426401271413918,0.2806132086665171,0.3030060527586141,0.21777193959467955,0.5272817553701855,0.7752031591280727,0.8844365779440154,-0.2466685467036684,0.19824797523852244,0.17173723415596778,0.0,0.0,13.333427335183421
1304,"201,12,94,214,248","17624,12337,18852,13525,6148", angenehm mobilitykapără mici,0.06482176091693495,13.71647533872291,False,0.17729579885208294,0.1277755558595676,0.0015537441155028865,0.038591653939062366,0.29385810087288644,0.30373693339529373,0.22494807587029597,0.5409378183119317,0.767795534585501,0.8803703335129507,-0.24707971743904522,0.16040542607746727,0.20208404069318145,0.0,0.0,13.353985871952261
1305,"48,162,246,214,85","27062,5290,728,13525,6796", pantalonizat onceără drawn,0.07242818769757511,13.719718250814612,False,0.18091624268616271,0.1392920163348244,0.001315535655962802,0.0426934319093939,0.2740384180917984,0.3002678664718135,0.2169761099771752,0.5209392650598812,0.7760246606687223,0.88488637124934,-0.2469008469680828,0.21703309116629022,0.15764281124418042,0.0,0.0,13.34504234840414
1306,"0,185,195,131,99","30332,15058,12743,30173,7693",lucrareatient Smartphone machiaj graphic,0.10282938362173186,13.728102664560721,False,0.19907551349650113,0.16982932657591118,0.0015293939661145451,0.04754546710023131,0.2629739365447756,0.27486553396278063,0.19249225974953854,0.509900813544507,0.8012983125166053,0.898614344560814,-0.24692687699973143,0.24864589558635544,0.13311291898779332,0.0,0.0,13.346343849986573
1307,"139,2,195,9,140","31,26170,12743,3349,24800",'athlet Smartphone Sportaparut,0.06569638956966295,13.742215345848209,False,0.1747162159412886,0.12288174197258918,0.0013368202252795115,0.038615907847038985,0.2812018527465158,0.31201750188464167,0.21803965274325132,0.5286205885818647,0.7749268100714825,0.8842852182733514,-0.24741873583534885,0.19656613500995473,0.17471241907081034,0.0,0.0,13.370936791767443
1308,"4,205,67,92,195","1817,24903,25300,18158,12743", mis dispus farther imperative Smartphone,0.07798250290828801,13.75698518701526,False,0.1860954333180982,0.12846247959075738,0.001006316745085173,0.03788543230381052,0.2977555314442977,0.3135155780800382,0.21622586081962036,0.5456583545566787,0.7767991114120048,0.88531019376283,-0.24790282311238093,0.14926991015914928,0.21257412123706365,0.0,0.0,13.395141155619047
1309,"0,176,195,165,154","30332,257,12743,13114,12307",lucrareaation Smartphone->oara,0.10235430885459387,13.785704844509484,False,0.198858267877094,0.1701803119111804,0.0018006192979786674,0.050608407501338736,0.26340132070916833,0.2692663420193632,0.19300791804500028,0.5114364143360571,0.8007660200825804,0.8983273801654938,-0.2480350936268888,0.24742479797380473,0.13652536519123804,0.0,0.0,13.40175468134444
1310,"11,240,173,16,61","9161,16145,19845,20538,18837", bro earthquakeAici trage manger,0.07965290437369951,13.787897510554208,False,0.1844924473969143,0.1427885954084159,0.0018640693978110856,0.043398874827240974,0.28919609379219763,0.3024338254876662,0.2096790860464296,0.5375867889036271,0.7835570724682017,0.8889999516049314,-0.24839069511142947,0.17372544630800674,0.19463730867472687,0.0,0.0,13.419534755571474
1311,"139,207,195,17,241","31,8534,12743,25272,31980",' processed Smartphone graficréglage,0.05575753358183541,13.803072301524224,False,0.1678399240694933,0.11172148461000102,-0.0016072147944192034,0.040004491367148586,0.2854618400525078,0.31094369174254016,0.22416478097531578,0.5340977150063456,0.7686040970577386,0.8808150878729792,-0.24863587495383782,0.18439474270712053,0.18688381112521246,0.0,0.0,13.431793747691891
1312,"131,33,173,214,248","30173,25803,19845,13525,6148", machiaj SauceAiciără mici,0.05566945049680294,13.816642982196425,False,0.1677084186693918,0.1292892898195017,0.0012957749232545392,0.040675225454959586,0.28360466517212307,0.2948343659510288,0.2240779363451777,0.5324778245901352,0.7686937431275586,0.8808643843718637,-0.24887315941801208,0.1897009566510769,0.18328405464474476,0.0,0.0,13.443657970900604
1313,"0,33,173,17,67","30332,25803,19845,25272,25300",lucrarea SauceAici grafic farther,0.1231792619293747,13.817904955301314,False,0.21400459570227318,0.165967637966454,0.0014135037728160661,0.04792334753387456,0.24827136606756606,0.2553272062913335,0.18165066754579695,0.4967391067443701,0.8124896335011128,0.9046266259922947,-0.24846774067680405,0.29065323980695407,0.10386468165415577,0.0,0.0,13.423387033840203
1314,"62,240,163,214,33","23226,16145,13147,13525,25803", imobil earthquakenehmără Sauce,0.09080987342091806,13.82889653456825,False,0.19416424013107436,0.15261967611122898,0.0012614672885809864,0.043069271875311115,0.2886588573695085,0.3038945286806492,0.2067087334203126,0.537828108425004,0.7866232429209676,0.8906689994491149,-0.24916925105549542,0.1752604075156899,0.19517357427778653,0.0,0.0,13.458462552774773
1315,"0,208,173,214,214","30332,2165,19845,13525,13525",lucrareavalAiciărăără,0.10206819333697531,13.848718248351197,False,0.20011057305407043,0.17090151809462834,0.0015792797395433877,0.04857389885236285,0.26225035173913286,0.27599760201825035,0.19608475943419024,0.5114780914703458,0.797589925745352,0.8966132056610642,-0.24922773973121298,0.25071328074533467,0.13661798104521294,0.0,0.0,13.46138698656065
1316,"0,222,253,9,53","30332,10038,31728,3349,1735",lucrareaWC ultraviolet Sport moving,0.12368303805205513,13.862577554291164,False,0.2165386393902212,0.17782890901295026,0.0015436600232554055,0.052514116567567354,0.2590446713887705,0.26576229370754595,0.18571120267633212,0.5084988272477049,0.8082981133663668,0.9023795195612918,-0.24945415585893438,0.2598723674606556,0.12999739388378864,0.0,0.0,13.47270779294672
1317,"11,77,195,107,62","9161,6177,12743,798,23226", bro tie Smartphone moment imobil,0.07352425649912017,13.8919506643626,False,0.18115344112436146,0.1263244318911369,0.0015315687360859254,0.04279640356540446,0.283415833639696,0.29990497970857777,0.21525836925048258,0.5337287592325324,0.7777978123865986,0.8858564391308094,-0.25031292559283636,0.19024047531515417,0.18606390940562748,0.0,0.0,13.515646279641818
1318,"0,40,176,248,248","30332,18132,257,6148,6148",lucrarea Vorstandation mici mici,0.10456488303407344,13.909303546709927,False,0.20489586370097582,0.1779888718144425,0.0016288060375841407,0.0458242786193205,0.2554804211820922,0.2653035101656682,0.20066196133380476,0.5057859957383259,0.7928650721715563,0.89405706678388,-0.25030557455623376,0.27005593947973655,0.12396887941850207,0.0,0.0,13.515278727811689
1319,"0,124,67,255,67","30332,28387,25300,27850,25300",lucrarea ressenti farther purity farther,0.12268546942582223,13.931034777943054,False,0.2168165752493886,0.18371272205740188,0.0017718695410246677,0.05129638485381338,0.24270451169489718,0.2563303569962528,0.18826221164713275,0.493270886004383,0.8056648137836049,0.9009649207116042,-0.2505663743094858,0.30655853801457944,0.09615752445418445,0.0,0.0,13.52831871547429
1320,"190,183,26,214,248","11733,23,15157,13525,6148",usioni sportingără mici,0.04239369963625886,13.934503486097665,False,0.16006391713347892,0.11603700670585287,-0.0007168459654117939,0.03346345537628572,0.2849197070704354,0.3024246428594979,0.23534043499444013,0.5360657581059887,0.7570679380702553,0.8744481488376311,-0.25114605103555326,0.18594369408447023,0.19125724023553034,0.0,0.0,13.557302551777664
1321,"195,110,195,6,195","12743,24243,12743,21014,12743", Smartphone événements Smartphone sportiv Smartphone,0.08084700240608275,13.949653800151163,False,0.18616373565188984,0.13017736233766505,0.0015241643068833188,0.04340560528554904,0.2747224067277728,0.2985960069874791,0.21063346649161419,0.5260345908246221,0.7825719055570434,0.8884630175243007,-0.2513121840968493,0.21507883792064905,0.16896575738804911,0.0,0.0,13.565609204842465
1322,"0,196,162,124,16","30332,20202,5290,28387,20538","lucrarea,000.izat ressenti trage",0.11623105844852155,13.976212069428584,False,0.20913764482866792,0.1780710472389003,0.001457090553352025,0.04931583174412715,0.24341982944876095,0.27123162738382495,0.18581317276029274,0.49485999770163364,0.8081928539248591,0.9023230171284047,-0.2514401682528727,0.3045147730035401,0.09968888378140806,0.0,0.0,13.572008412643635
1323,"194,209,173,224,195","23078,31192,19845,1130,12743",politischenDevelopedAici follow Smartphone,0.060400419955674994,13.993982672851127,False,0.17211330293829671,0.1261252613254971,-0.0031699409898680803,0.039161816664126374,0.28094043925048434,0.30223327550831847,0.22342576596524344,0.5331770732807701,0.7693669512616842,0.8812344943513937,-0.2522366340302858,0.19731303071290182,0.1848379406239336,0.0,0.0,13.61183170151429
1324,"195,167,67,255,248","12743,24594,25300,27850,6148", Smartphoneidia farther purity mici,0.08123267928317088,14.011512904000499,False,0.19065589396916646,0.1415633065820367,0.0012831448229531197,0.03697146725315554,0.28535568578280096,0.3076892925660702,0.21884642937199117,0.5379816858993187,0.7740940083902027,0.8838289261095774,-0.25262600011651776,0.18469804062056863,0.19551485755404158,0.0,0.0,13.631300005825889
1325,"100,240,167,192,240","14338,16145,24594,19175,16145", surroundings earthquakeidiaanalyzing earthquake,0.06920749850137989,14.017697591630935,False,0.17330480277961655,0.14290607219588014,-0.00606149231238378,0.041074810684078686,0.2971023870035368,0.30902270145847854,0.20819460855647332,0.5499896343448408,0.7850894363288018,0.8898344741824328,-0.252887247341304,0.15113603713275192,0.2221991874329796,0.0,0.0,13.644362367065202
1326,"48,254,33,255,248","27062,28995,25803,27850,6148", pantalonfreiheit Sauce purity mici,0.061197334772129325,14.045503551582145,False,0.17361189544845315,0.1276436641374351,-0.00455825377646709,0.032896038556277686,0.27859699332550186,0.2917766233172198,0.22482912135264765,0.5317917056302724,0.767918326345654,0.8804378902837794,-0.2531947123047706,0.20400859049856607,0.18175934584504985,0.0,0.0,13.65973561523853
1327,"0,254,102,229,219","30332,28995,26182,3147,25895",lucrareafreiheit correspondant 300flooded,0.08533776033042142,14.053044232968272,False,0.18786492099964922,0.1674050208709657,0.0015711210338090198,0.04491470237373491,0.264149480773076,0.2715287639399864,0.20505432133845558,0.5173129354563356,0.7883310231344974,0.8915972625919981,-0.2531634546832596,0.24528719779121141,0.1495843010140791,0.0,0.0,13.658172734162981
1328,"0,33,12,70,187","30332,25803,12337,9692,20719",lucrarea Sauce mobilitykos apărut,0.10608193798332344,14.072082790022067,False,0.20299355087903748,0.16310356642257665,0.001549874261281614,0.04893432679928755,0.253229318948614,0.259947273449083,0.19382322579142808,0.5066245738207522,0.7999244120862677,0.8978734733850711,-0.2533952548721382,0.2764876601468171,0.12583238626833823,0.0,0.0,13.669762743606912
1329,"182,240,88,127,214","1575,16145,11461,23794,13525",tion earthquake physique Verantwortlichără,0.08150497715629221,14.074141565041904,False,0.18954685755787967,0.15566904890114855,0.00172770401539053,0.04217176988649384,0.2941366241437443,0.30488894459290244,0.21608376080317493,0.5480686556219783,0.7769457952999484,0.8853904444914825,-0.25393203147823395,0.15960964530358765,0.21793034582661833,0.0,0.0,13.696601573911698
1330,"92,162,49,214,110","18158,5290,26851,13525,24243", imperativeizat représentantără événements,0.07009444247758728,14.079285538749488,False,0.18019833771979032,0.1399655225147938,0.0014589039185049224,0.03867683337359299,0.28097847906943063,0.294222019348871,0.22020779048440609,0.5348490347241404,0.7726887324031937,0.8830584406003908,-0.25387055565470973,0.19720434551591243,0.18855341049808966,0.0,0.0,13.693527782735487
1331,"51,213,52,214,38","30250,73,6813,13525,25012", thumbnail un gapără caption,0.08855718899233897,14.08024439223859,False,0.19115824334803574,0.14789089156922905,0.0012395586715521212,0.043604026803398,0.2751730522547608,0.30349731806985614,0.20520210871139355,0.528991386236895,0.7881784684269486,0.8915143808647208,-0.2538183339821342,0.21379127927211194,0.17553641385976668,0.0,0.0,13.690916699106712
1332,"160,165,195,63,153","20437,13114,12743,23832,23158",enţa-> Smartphone Regal pierdere,0.046455351168012055,14.11300684772787,False,0.16279998538721688,0.11590631956946265,0.000800216389607189,0.03839912938134479,0.2901314699692405,0.30719099443446096,0.23268926843840965,0.5447590353812847,0.7598046261280933,0.875962745532931,-0.2546275654120442,0.1710529429450271,0.21057563418063258,0.0,0.0,13.73137827060221
1333,"234,252,195,54,195","794,21212,12743,7818,12743", test Colin Smartphoneroc Smartphone,0.08935680780797195,14.131084449519065,False,0.19632335057629835,0.1455852098811413,0.0013863149608698056,0.04227654147172474,0.26703581195678605,0.2943815917788298,0.2139330855366528,0.5217287459379327,0.7791658471879713,0.886604147555913,-0.2546929339811467,0.2370405372663255,0.15939721319540603,0.0,0.0,13.734646699057334
1334,"174,69,169,9,195","6031,22208,680,3349,12743",tting déplac sie Sport Smartphone,0.055397007773859724,14.141485266662048,False,0.16761299878692018,0.12145919289266538,-0.00018898663043899185,0.0394059187163684,0.28609769765093057,0.30365821743004134,0.2244319820261209,0.5412215516648352,0.7683282766181978,0.8806633965221213,-0.25512385401390464,0.18257800671162688,0.20271455925518933,0.0,0.0,13.756192700695232
1335,"84,73,204,214,67","24023,9472,1250,13525,25300", LORD problème allowsără farther,0.07106640690546515,14.173198610588305,False,0.18206310208489077,0.1288254077122191,0.0011156350380765456,0.04112555478839971,0.26850446532989714,0.28891515025995224,0.22199339035885124,0.5240216966612828,0.7708455325327987,0.8820468296191245,-0.2555172313313857,0.23284438477172242,0.16449265924729517,0.0,0.0,13.775861566569287
1336,"195,252,169,92,248","12743,21212,680,18158,6148", Smartphone Colin sie imperative mici,0.07679379679150872,14.19029955837006,False,0.18429332894436,0.14286567550357024,0.001681705796565547,0.04037756940712729,0.27964910005496585,0.30793319848704254,0.2149990643057026,0.5356292934225988,0.7780654820070166,0.8860027853761507,-0.25598019336763295,0.2010025712715261,0.19028731871688617,0.0,0.0,13.799009668381649
1337,"35,240,173,18,248","14797,16145,19845,12487,6148",graphic earthquakeAici adjacent mici,0.10319032544210505,14.19346628128714,False,0.20360431924081412,0.15059312600442978,0.0015677427753191255,0.044742274196654885,0.29170290891832046,0.3263928740245953,0.20082798759741816,0.5478902925286009,0.79269369022202,0.8939642120368029,-0.25618738361028043,0.1665631173762272,0.21753398339689084,0.0,0.0,13.809369180514022
1338,"195,159,117,16,38","12743,3077,12941,20538,25012", Smartphoneige Listen trage caption,0.07880932984515862,14.212984733711455,False,0.18387409959607512,0.15280795175289927,0.0014795345242361979,0.042590754565783095,0.27217727165423555,0.2939514048105844,0.210129539501833,0.5285010190980018,0.7830920882561724,0.8887465670809463,-0.2563237474437663,0.2223506524164698,0.17444670910667073,0.0,0.0,13.816187372188315
1339,"157,115,195,9,179","27499,29508,12743,3349,3997",izant pantofi Smartphone Sportcht,0.06778424623262888,14.233559169071171,False,0.18302630243431892,0.1332130768351417,-0.012321958534584124,0.03527066391817508,0.2791735060753616,0.30554349021244703,0.23048411240338007,0.535976292669434,0.762080916228769,0.8772205467250639,-0.2568027865940724,0.20236141121325246,0.1910584281542978,0.0,0.0,13.840139329703621
1340,"234,25,166,214,25","794,28399,31468,13525,28399", test bewegt ingrijireără bewegt,0.05931107230027985,14.238058323786165,False,0.17277583074696298,0.13752371727630935,0.0009810788528696601,0.03981795177042997,0.2724801891791001,0.29199690581533,0.22692951689336627,0.5292877520866054,0.7657501761100736,0.8792442681682001,-0.2568075629075053,0.22148517377399965,0.17619500463690083,0.0,0.0,13.840378145375265
1341,"194,240,122,255,110","23078,16145,12759,27850,24243",politischen earthquake beneath purity événements,0.08428678231882034,14.243649353556611,False,0.19000590332453446,0.1333598947849299,0.0009921465599479096,0.03877382207873866,0.28266801180086865,0.312372762518157,0.21143824201142825,0.5397065010853979,0.7817411695365902,0.8880099988111462,-0.2570384892845292,0.19237710914037526,0.199347780189773,0.0,0.0,13.851924464226462
1342,"195,74,195,92,61","12743,9633,12743,18158,18837", Smartphone bitte Smartphone imperative manger,0.06102246968595115,14.270983178343023,False,0.1716361976592926,0.13987792168869184,0.0014864320201422865,0.04251950463207519,0.28027881742287236,0.30968283463697016,0.22122745594668292,0.5378116724175609,0.7716361745066499,0.8824809029397277,-0.25753285499468853,0.1992033787917932,0.19513704981680197,0.0,0.0,13.876642749734428
1343,"195,112,195,255,61","12743,21711,12743,27850,18837", Smartphone bilden Smartphone purity manger,0.0633841759716405,14.275428956794906,False,0.1776492568047904,0.12224737892545647,0.0013915302176918277,0.04276697359323384,0.28489691181311116,0.3118675979205828,0.2285301616662998,0.5425710457798599,0.7640978976347873,0.8783335575586875,-0.25767413396674876,0.1860088233911109,0.20571343506635537,0.0,0.0,13.88370669833744
1344,"174,172,204,214,248","6031,13910,1250,13525,6148",ttinglebt allowsără mici,0.047638147252401425,14.29262402551548,False,0.16236486204155984,0.12401294464747906,-0.0056736183982364465,0.029355882074470287,0.2804136769345823,0.30455832124145127,0.22945342957831683,0.5383625707597672,0.7631448468868988,0.8778078208934363,-0.25794889382518493,0.19881806590119339,0.19636126835503825,0.0,0.0,13.897444691259247
1345,"228,73,217,92,195","4408,9472,15296,18158,12743", accord problèmeITY imperative Smartphone,0.04853461032576087,14.297295745710322,False,0.1624120987070595,0.11753478212842106,0.0013459606162012528,0.041235939527518306,0.2762563752309662,0.29704184499318226,0.22775497676259726,0.5342441828264035,0.7648980885031255,0.8787747283788961,-0.2579878075954373,0.21069607076866798,0.18720929516978554,0.0,0.0,13.899390379771868
1346,"35,25,2,214,240","14797,28399,26170,13525,16145",graphic bewegtathletără earthquake,0.10351641547381454,14.312457480340472,False,0.20607704880332114,0.15963772861195286,0.0014971703125765956,0.04512865529154061,0.2816599627129482,0.3155168339986265,0.2051212666590132,0.5400037985092909,0.7882619182874703,0.8915597194473216,-0.25834383579634274,0.19525724939157657,0.20000844113175759,0.0,0.0,13.917191789817137
1347,"174,240,86,16,61","6031,16145,16233,20538,18837",tting earthquake Crew trage manger,0.07545173930978946,14.315179476075109,False,0.17986127959126577,0.14013767340945793,0.0013755570143819784,0.04176671439479831,0.28828921748155784,0.2951600494933567,0.20881908056295262,0.5467657754426503,0.7844448200640489,0.8894835127404259,-0.2584765579610924,0.17631652148126328,0.21503505653922278,0.0,0.0,13.923827898054622
1348,"106,99,122,214,214","14385,7693,12759,13525,13525", Freunde graphic beneathărăără,0.07419995487322409,14.330976245130293,False,0.18274321124386703,0.12345123555287317,-0.012613995943687215,0.0402263943015817,0.2722084612414109,0.28683038090650553,0.21708651274128588,0.5307919998106707,0.7759106965251242,0.8848239865977381,-0.2585835385692598,0.22226153931025452,0.17953777735704599,0.0,0.0,13.929176928462992
1349,"194,240,94,214,167","23078,16145,18852,13525,24594",politischen earthquakekapărăidia,0.08234451090956615,14.350919526058082,False,0.18674304301665476,0.1388895299070635,0.0013880054095432527,0.04296403860070833,0.2658234507305588,0.28464975721966107,0.2087970642141772,0.5247112526062067,0.7844675466176235,0.8894958885716239,-0.25888780187564786,0.24050442648411768,0.1660250057915703,0.0,0.0,13.944390093782394
1350,"35,77,173,214,248","14797,6177,19845,13525,6148",graphic tieAiciără mici,0.06002696880154568,14.35638608862211,False,0.17250651844701048,0.12417850066736762,0.0012778473268620196,0.036620058715891926,0.27580356068273953,0.29551945765741605,0.2249590992909296,0.5349173801388193,0.7677841555706533,0.8803640728182122,-0.25911381945607975,0.21198982662074414,0.18870528919737617,0.0,0.0,13.955690972803989
1351,"225,232,195,172,195","28654,7578,12743,13910,12743", festgelegtetic Smartphonelebt Smartphone,0.03036892149024875,14.36804632732202,False,0.14732103809330951,0.10377652596690022,0.0012287752918422102,0.03732802838736449,0.2760895382606989,0.28694712969602115,0.23390423320612153,0.5354301158144117,0.7585504689485197,0.8752689682571172,-0.2593405775537128,0.21117274782657458,0.18984470180980373,0.0,0.0,13.96702887768564
1352,"0,162,162,214,53","30332,5290,5290,13525,1735",lucrareaizatizatără moving,0.09875776236529768,14.368609902102026,False,0.1978174784935676,0.17116978402828792,0.0013377002098685477,0.04560675610298546,0.25130164111700937,0.2661541471777164,0.19811943225653983,0.510351637918562,0.7954896183158299,0.8954778432454151,-0.2590499968015526,0.2819953110942589,0.1341147509301377,0.0,0.0,13.95249984007763
1353,"0,77,74,16,248","30332,6177,9633,20538,6148",lucrarea tie bitte trage mici,0.11344259349125299,14.376388522561786,False,0.2114606317432722,0.1768667901769839,0.0016002830917997922,0.04720990206417325,0.23383662459654836,0.26613341652212735,0.19603607650403843,0.4928232330783886,0.7976401790926055,0.8966403534840274,-0.25898660848184024,0.3318953582955761,0.09516274017419686,0.0,0.0,13.949330424092013
1354,"219,254,228,16,214","25895,28995,4408,20538,13525",floodedfreiheit accord trageără,0.0632031034243937,14.380360505927436,False,0.17738530267019495,0.1305304248133934,-0.0037681495029976697,0.03341593408148719,0.2691587291117455,0.2886076215710225,0.2283643984916025,0.5286508449287358,0.7642690080086684,0.8784279148048504,-0.25949211581699033,0.23097505968072712,0.17477965539719068,0.0,0.0,13.974605790849518
1355,"195,254,169,124,240","12743,28995,680,28387,16145", Smartphonefreiheit sie ressenti earthquake,0.10583354471099218,14.399867305273522,False,0.20565129329031737,0.16749202505076602,0.0015490366689382752,0.04790468686247216,0.2895856776211748,0.3188277578843485,0.19963549715865037,0.54969967985129,0.7939246480942964,0.894630931077922,-0.26011400223011516,0.1726123496537862,0.2215548441139777,0.0,0.0,14.005700111505758
1356,"195,240,242,17,62","12743,16145,17002,25272,23226", Smartphone earthquakeaffiche grafic imobil,0.06499618571244056,14.399998937189894,False,0.17492551397759323,0.12003129008013756,0.0010676066888243353,0.0432877539893488,0.27997861410519087,0.3109581948135989,0.21985865653030534,0.5399783337426288,0.7730491287429107,0.8832561029903471,-0.25999971963743795,0.20006110255659745,0.19995185276139735,0.0,0.0,13.999985981871898
1357,"0,38,229,214,78","30332,25012,3147,13525,20961",lucrarea caption 300ărăKING,0.10954350217036027,14.452527404407782,False,0.20549989770219682,0.16431838560851508,0.0016261187250652066,0.047696410128570316,0.23466563501067803,0.25217247030407913,0.1919127910636731,0.4951203012350298,0.8018964737407246,0.8989367101950654,-0.26045466622435176,0.32952675711234847,0.10026733607784401,0.0,0.0,14.02273331121759
1358,"92,125,81,124,195","18158,19020,1722,28387,12743", imperative humaine physical ressenti Smartphone,0.07727694894321846,14.458318452496489,False,0.18477465522729486,0.12462969938264412,0.001727383231971974,0.04325382367457315,0.27077822369160504,0.2911464165874724,0.2149954125681528,0.5317828411551135,0.7780692515425519,0.8860048461672471,-0.2610046174635085,0.22634793230969985,0.1817396470113634,0.0,0.0,14.050230873175426
1359,"92,240,75,229,214","18158,16145,904,3147,13525", imperative earthquakemen 300ără,0.0967900792591029,14.482295724430617,False,0.20028861758661784,0.15354394220517872,0.0013097095015272286,0.048903195884702405,0.2902998548634934,0.3213471628830457,0.20699707665502987,0.552000956636645,0.7863255982915821,0.8905071158306205,-0.26170110177315153,0.17057184324716163,0.22666879252587763,0.0,0.0,14.085055088657578
1360,"228,240,102,214,248","4408,16145,26182,13525,6148", accord earthquake correspondantără mici,0.09057910967227525,14.510329818293284,False,0.1928153970378698,0.1517299065766138,-0.010908391274223082,0.04400591109183461,0.2778333198333624,0.30873421523993433,0.20447257473118907,0.5399196758655239,0.7889315357613532,0.891923441371966,-0.2620863560321615,0.20619051476182165,0.19982150192338646,0.0,0.0,14.104317801608076
1361,"35,25,195,8,53","14797,28399,12743,17682,1735",graphic bewegt SmartphoneSport moving,0.0748052400968742,14.531703636562602,False,0.18401775997092187,0.11719552409718118,0.001039865128389539,0.04238610890290006,0.2741848936724367,0.3033590317067269,0.21842503974809535,0.5366361778214767,0.7745289912277725,0.8840672826498585,-0.26245128414903995,0.21661458950732365,0.19252483960328143,0.0,0.0,14.122564207451997
1362,"237,47,33,127,195","8916,27265,25803,23794,12743", restoration klicken Sauce Verantwortlich Smartphone,0.06383179832129135,14.535765049451568,False,0.17769745612880286,0.1337220582493072,-0.0019401896069167087,0.04093337616897105,0.2656967797861682,0.2940964809480247,0.22773131561502302,0.5281226367183552,0.7649225129135246,0.8787881908543019,-0.26242585693218706,0.24086634346809085,0.17360585937412273,0.0,0.0,14.121292846609354
1363,"252,61,195,9,47","21212,18837,12743,3349,27265", Colin manger Smartphone Sport klicken,0.07329368077899914,14.559497987871,False,0.18006044988879408,0.12448505276145685,0.0013060939377336435,0.04189406476015032,0.2716065835621692,0.3020699361147885,0.21353353821958987,0.5345587527349229,0.7795782831281654,0.8868294434559614,-0.2629521691727537,0.22398118982237364,0.18790833941093982,0.0,0.0,14.147608458637686
1364,"195,254,217,7,84","12743,28995,15296,6298,24023", SmartphonefreiheitITY Image LORD,0.05572496301737162,14.566702737576268,False,0.170586878614991,0.12495849000538672,0.001763050981945269,0.040133700910547736,0.2803142851512966,0.29272988268887673,0.22972383119523876,0.5435102863286086,0.7628657226371729,0.8776537864128208,-0.26319600117731207,0.19910204242486684,0.20780063628579698,0.0,0.0,14.159800058865605
1365,"123,205,173,214,187","22250,24903,19845,13525,20719", papa dispusAiciără apărut,0.06391935297547793,14.59133986748118,False,0.17518014212592084,0.13400684824559111,0.0013733619237526918,0.03880008557145979,0.26738320493775464,0.2931282238425674,0.22252157830088581,0.5308937641623214,0.7703003062700533,0.8817473684106544,-0.26351055922456673,0.23604798589212955,0.17976392036071412,0.0,0.0,14.175527961228337
1366,"0,170,163,16,16","30332,13602,13147,20538,20538",lucrareaffennehm trage trage,0.08677481591393882,14.596535309363295,False,0.18896854495358173,0.14676569580913423,0.0016109331507890346,0.04731483840702133,0.241065997665505,0.25410382194753495,0.20438745807928582,0.5043560780291851,0.789019398111705,0.8919711553187772,-0.2632900803636802,0.3112400066699857,0.12079128450930028,0.0,0.0,14.16450401818401
1367,"0,69,195,190,106","30332,22208,12743,11733,14385",lucrarea déplac Smartphoneusion Freunde,0.10031373870003876,14.604592648946285,False,0.1972007336444748,0.17392667270591083,0.0015097968164773047,0.04847690801380133,0.25229351712408044,0.26721004830380085,0.19377398988887207,0.515874391764986,0.799975236243745,0.8979008910292539,-0.2635808746409055,0.27916137964548443,0.1463875372555243,0.0,0.0,14.179043732045276
1368,"195,77,195,92,195","12743,6177,12743,18158,12743", Smartphone tie Smartphone imperative Smartphone,0.06941716474214485,14.616008790398627,False,0.17645219903047601,0.13883542569990817,0.0015848338783645167,0.04119726177642618,0.26020971587101077,0.27244376784997354,0.21407006857666233,0.5241054430533676,0.7790244453402195,0.8865268926678636,-0.2638957271823568,0.25654366893996916,0.16467876234081685,0.0,0.0,14.194786359117842
1369,"142,33,33,242,237","3416,25803,25803,17002,8916", € Sauce Sauceaffiche restoration,0.059459435700932234,14.638098564070223,False,0.17229120398989214,0.1269691801749518,0.0013341124450268972,0.040815338221827466,0.28115779428608717,0.30167451024190783,0.22566353657791982,0.5457312050179618,0.7670569945002118,0.8799638989311324,-0.2645734107318746,0.19669201632546518,0.2127360111510262,0.0,0.0,14.228670536593732
1370,"77,25,195,110,181","6177,28399,12743,24243,27940", tie bewegt Smartphone événements societati,0.06890834137658539,14.641455026816132,False,0.17913097170338696,0.1464212473458631,0.0012214018710674458,0.04135924948902683,0.2679234904941926,0.2893550338809377,0.22044526065360315,0.5324002705273793,0.7724436019059581,0.8829239714417073,-0.26447678003318664,0.23450431287373533,0.183111712283065,0.0,0.0,14.223839001659332
1371,"142,136,168,255,214","3416,2824,15271,27850,13525", €....oară purityără,0.04612406123741772,14.646621415879412,False,0.16422804803943838,0.11938930509936878,0.0013025556848030861,0.03446328352195885,0.2727017426449065,0.2972318841335731,0.23620797360404133,0.5373355477835688,0.7561724143442154,0.8739519588604162,-0.26463380513866236,0.2208521638716957,0.19407899507459742,0.0,0.0,14.231690256933119
1372,"0,205,111,82,106","30332,24903,6156,16771,14385",lucrarea dispus Pas posture Freunde,0.09982201098255111,14.663135930344296,False,0.1967604349230232,0.17479335115082267,0.0013451134298222034,0.04842889477401228,0.2533278419746833,0.256641623471984,0.19387684788094417,0.5180423335523969,0.7998690602519286,0.89784361228393,-0.26471449157771365,0.27620616578661916,0.15120518567199315,0.0,0.0,14.235724578885684
1373,"35,73,163,214,214","14797,9472,13147,13525,13525",graphic problèmenehmărăără,0.06188502963665393,14.697329195890045,False,0.17504030141566618,0.12263615421113236,0.0009301547009124391,0.03798809927778204,0.27412141633309284,0.2922247215352338,0.2263105435580245,0.5397434819848851,0.7663891163272005,0.8795961894198812,-0.26562206565179225,0.2167959533340204,0.19942995996641127,0.0,0.0,14.281103282589614
1374,"156,33,217,214,61","6872,25803,15296,13525,18837",eşti SauceITYără manger,0.048961990663991595,14.6998151132399,False,0.16562262636306468,0.11787039114072506,0.0014286250764986297,0.034755957854905074,0.27410417571999635,0.3023352250178047,0.23332127139814618,0.5397736344321281,0.7591522359761071,0.8756019235941946,-0.26566945871213177,0.21684521222858183,0.1994969654047291,0.0,0.0,14.28347293560659
1375,"45,59,195,92,203","25231,31675,12743,18158,7889",ffentlichkeit temporaire Smartphone imperative assembly,0.06372786281235551,14.700425178899572,False,0.1745765455336887,0.13325930290264104,-0.013052023477777577,0.03825872662406018,0.26958170561672623,0.29302842477573315,0.22169736544266638,0.5352078619982892,0.7711511066398282,0.8822146193287287,-0.26562615638156295,0.22976655538078214,0.1893508044406426,0.0,0.0,14.281307819078148
1376,"234,240,229,190,33","794,16145,3147,11733,25803", test earthquake 300usion Sauce,0.06652069339879743,14.70437403640089,False,0.17582936752734865,0.11838875905431259,0.0011631729355601973,0.04032497790620674,0.2982506623311414,0.31033902286263876,0.21861734825710244,0.5643009938771906,0.7743304792184749,0.883958512455702,-0.2660503315460492,0.1478552504824531,0.254002208615979,0.0,0.0,14.302516577302459
1377,"195,61,242,156,129","12743,18837,17002,6872,17", Smartphone mangerafficheeştit,0.042999539927935676,14.749188617403702,False,0.15872334854487233,0.10563301941840542,0.00158643768388545,0.04166254230261165,0.2870601615140851,0.3109381619800706,0.2314476172338733,0.5538325898900719,0.761086330597292,0.8766711942148702,-0.2667724283759868,0.17982810995975684,0.23073908864460418,0.0,0.0,14.33862141879934
1378,"7,59,98,214,53","6298,31675,9850,13525,1735", Image temporaire depictără moving,0.07473403113713509,14.764109105942662,False,0.18492061010522534,0.1466580433178163,0.0008211886589110597,0.04077661242064378,0.2588344785220096,0.29653933211229383,0.2203731579361805,0.5255494489825774,0.7725180305174911,0.882964802279128,-0.2667149704605678,0.260472918508544,0.1678876644057275,0.0,0.0,14.335748523028391
1379,"36,25,67,92,195","24143,28399,25300,18158,12743",KT bewegt farther imperative Smartphone,0.08162793910863397,14.77373794473137,False,0.18981605458130724,0.1242779587271482,0.0012440069276105693,0.04134331245026538,0.26924980821140226,0.29429163651998214,0.21637623094534653,0.5362757908395276,0.7766438906370616,0.8852252645822155,-0.2670259826281253,0.23071483368170778,0.1917239796433946,0.0,0.0,14.351299131406266
1380,"234,90,67,214,61","794,23060,25300,13525,18837", test răspunde fartherără manger,0.053098086630822855,14.79672584159788,False,0.16915592805909532,0.12519113238075025,0.0012513944104452336,0.035707076632116745,0.26473468138368783,0.28777309460896616,0.23211568285654494,0.5321459626225978,0.7603967144706633,0.8762900873246571,-0.26741128123891,0.24361519604660614,0.18254658360577294,0.0,0.0,14.370564061945501
1381,"35,162,67,190,195","14797,5290,25300,11733,12743",graphicizat fartherusion Smartphone,0.0387997574081832,14.802839125042906,False,0.1559055326274016,0.10842135467147199,0.000857641411551613,0.03624715821232518,0.27628224250087563,0.291263291132195,0.23421155043843678,0.5439509824941091,0.7582332382570975,0.875093394765132,-0.2676687399932335,0.21062216428321243,0.20877996109802022,0.0,0.0,14.383436999661674
1382,"62,124,195,214,182","23226,28387,12743,13525,1575", imobil ressenti Smartphoneărătion,0.07439614424142363,14.805052032946442,False,0.18113457486997533,0.1283843407029887,-0.005345801312207287,0.0378019161423409,0.2619300953791868,0.2825085999370159,0.2134768612571034,0.5294667160146863,0.7796367883797642,0.8868613977070468,-0.2675366206354995,0.25162829891660904,0.17659270225485843,0.0,0.0,14.376831031774975
1383,"108,33,195,157,33","30122,25803,12743,27499,25803", Angehörige Sauce Smartphoneizant Sauce,0.05942513533668911,14.806503739694563,False,0.17159326936837574,0.11636358555237143,0.0015854942591988607,0.03906776610633504,0.2660276106745112,0.28262944233028864,0.22433626806337326,0.533641847765009,0.7684270781281308,0.8807177368127809,-0.2676142370904978,0.23992111235853938,0.1858707728111311,0.0,0.0,14.380711854524892
1384,"195,210,195,148,106","12743,12182,12743,5615,14385", Smartphone estim Smartphoneitz Freunde,0.05009609338229462,14.814904798836903,False,0.1636147705870187,0.11890788690885837,-0.014950099351570809,0.038439672024012904,0.2741658889037494,0.28944794448770067,0.22703735440944817,0.5420399429714925,0.7656388599644406,0.8791829420493507,-0.2678740540677431,0.2166688888464303,0.20453320660331661,0.0,0.0,14.393702703387156
1385,"0,8,77,191,218","30332,17682,6177,20041,6798",lucrareaSport tieieni Think,0.10999143180022639,14.839322951447317,False,0.20426740220055592,0.15557277772672667,0.0011554899644256268,0.04900680408770156,0.24385471205094705,0.25428104597120554,0.18855194080065907,0.5118278228178829,0.8053657385283519,0.9008041181074501,-0.2679731107669358,0.3032722512830084,0.13739516181751743,0.0,0.0,14.398655538346791
1386,"0,44,179,172,248","30332,15843,3997,13910,6148",lucrarea shaftchtlebt mici,0.08663152189792253,14.843239270294994,False,0.19144438164257296,0.15334137823852562,0.001468363309419296,0.041597560670094125,0.25212910555318735,0.2675398405166733,0.20962571948930087,0.5202778101886621,0.7836121605271733,0.8890299660364094,-0.2681487046354748,0.27963112699089326,0.1561729115303603,0.0,0.0,14.407435231773741
1387,"205,252,187,144,214","24903,21212,20719,9175,13525", dispus Colin apărut|ără,0.03550415439941465,14.871405007007198,False,0.15303115995721725,0.11715178740160286,0.0010746565013153631,0.03554510457477808,0.27248748190847283,0.281655246755381,0.2350540111156052,0.5414230486919963,0.7573636014290527,0.8746119075820972,-0.2689355667835235,0.2214643374043633,0.20316233042665843,0.0,0.0,14.446778339176175
1388,"174,104,217,214,248","6031,15091,15296,13525,6148",ttingspielerITYără mici,0.051678495827739285,14.89620886428617,False,0.1679179665207823,0.12648336292585172,-0.005410902995512128,0.03675266466978833,0.26151989287766836,0.29222464500111167,0.23247894138608605,0.530797082593515,0.7600217379240403,0.876082792100104,-0.26927718971584663,0.25280030606380466,0.1795490724300333,0.0,0.0,14.463859485792332
1389,"136,104,118,255,214","2824,15091,2280,27850,13525",....spieler km purityără,0.05994655923463424,14.916560128877595,False,0.17124248898200192,0.11844479325717497,0.0014975442009373119,0.03839594208833975,0.2686932898551911,0.2849758918679068,0.22259185949473537,0.5384473991906003,0.7702277579409184,0.8817075141481242,-0.26975410933540916,0.2323048861280254,0.19654977597911164,0.0,0.0,14.487705466770459
1390,"0,23,154,214,186","30332,31052,12307,13525,10443",lucrarea pasagerioaraărăû,0.08748792660310256,14.956694810647416,False,0.19152764052745708,0.14606149740011284,0.0016202325698101096,0.04478618397895323,0.24318321862312442,0.2651308113457766,0.20807942784870903,0.5133957115762284,0.785208332543268,0.8898991921286876,-0.270212492953104,0.30519080393393017,0.14087935905828539,0.0,0.0,14.5106246476552
1391,"0,186,8,95,251","30332,10443,17682,3169,694",lucrareaûSport trouble fun,0.09795857171282404,14.96719840417802,False,0.19777048976855313,0.17121166748338998,0.0016247830496328942,0.04544369517803338,0.24597672137291318,0.26030895222702505,0.19962383611145817,0.5164243105273605,0.7939366853043013,0.8946374482931854,-0.27044758915444733,0.2972093675059623,0.14760957894968993,0.0,0.0,14.522379457722367
1392,"106,198,122,119,214","14385,3484,12759,23662,13525", Freundegra beneath artistiqueără,0.0646078815359748,14.96899863197195,False,0.17671860102903436,0.13046109432823044,0.0012526299181861212,0.040477379246901354,0.2647495963027564,0.2867193086516281,0.22422143898611913,0.535459899544806,0.7685456113691673,0.8807829250240271,-0.2707103032420496,0.2435725819921245,0.1899108878773466,0.0,0.0,14.53551516210248
1393,"190,240,67,16,220","11733,16145,25300,20538,9136",usion earthquake farther tragehole,0.053716886150569326,14.972511807074767,False,0.1641295796314801,0.12544805881226287,0.0014872994700256882,0.03687515141267792,0.27409034008649297,0.277805974488799,0.22082538696182152,0.5449814821683076,0.7720512134587649,0.8827086795983023,-0.2708911420818146,0.21688474261002005,0.21106996037401676,0.0,0.0,14.54455710409073
1394,"159,254,78,199,195","3077,28995,20961,11171,12743",igefreiheitKINGmates Smartphone,0.023810314445403186,14.977271156972472,False,0.1446565076303933,0.10339258775817274,-0.00434773979924306,0.029106998682372338,0.274133755302861,0.2867372286301427,0.24169238636998025,0.5451165617166543,0.7505110850374398,0.8708085975861859,-0.27098280641379335,0.21676069913468282,0.21137013714812075,0.0,0.0,14.549140320689668
1395,"195,156,33,185,24","12743,6872,25803,15058,29668", Smartphoneeşti Saucetient Crisis,0.0745433302680136,14.98621680023884,False,0.18325958924085764,0.13422337573786927,0.0015569320170704005,0.039125634322509366,0.2794824318758748,0.30310943033308857,0.21743251794568808,0.5507015673439848,0.7755535298625156,0.8846284429376617,-0.27121913546811,0.20147876606892912,0.2237812607644106,0.0,0.0,14.5609567734055
1396,"139,153,195,92,187","31,23158,12743,18158,20719",' pierdere Smartphone imperative apărut,0.04086087508722311,14.988666771333037,False,0.15585675486609726,0.1200243465285795,0.0011563371588152072,0.03905771464649521,0.283041599951033,0.29530782772610237,0.2299917595577483,0.554350922319429,0.7625891514242598,0.8775011341543962,-0.27130932236839594,0.19130971442561992,0.23189093848761985,0.0,0.0,14.565466118419797
1397,"125,213,63,214,138","19020,73,23832,13525,9518", humaine un Regalără oferit,0.04494431844135291,15.022103202907205,False,0.160152285980554,0.11549983860844477,0.0011663077913386278,0.039431683801316356,0.2644766251064487,0.28031048394281255,0.2304159350784022,0.5362005055889447,0.7621512928222945,0.8772594057185126,-0.271723880482496,0.2443524996958608,0.19155667908654378,0.0,0.0,14.5861940241248
1398,"123,254,195,248,61","22250,28995,12743,6148,18837", papafreiheit Smartphone mici manger,0.04946647039308388,15.067472671386408,False,0.16534390336373767,0.11960163242074226,-0.01580417718036656,0.03656832704469995,0.2658868294980908,0.2874081165230545,0.23175486594130756,0.5384966323787191,0.760769170641231,0.876495940697213,-0.27260980288062836,0.24032334429116914,0.1966591830638203,0.0,0.0,14.630490144031418
1399,"47,124,195,65,162","27265,28387,12743,22276,5290", klicken ressenti Smartphonerijizat,0.06432181104830806,15.091117676532868,False,0.17535309223864018,0.12245293845791054,0.001309142613615466,0.04167339434347969,0.2557380926343593,0.2897906002248702,0.22206256238066424,0.5286772833112423,0.7707741291554434,0.88200761766514,-0.272939190676883,0.26931973533040193,0.1748384073583162,0.0,0.0,14.64695953384415
1400,"195,212,36,7,178","12743,19109,24143,6298,30831", Smartphone nachhaltigKT ImageTotusi,0.0647678494324169,15.108654038524856,False,0.17501164953622136,0.12654016032842685,0.0014689754114911248,0.04160433946114821,0.270613316024917,0.29491617187440766,0.22048760020760894,0.5440691631580667,0.7723998965598875,0.8828999942192723,-0.27345584713314974,0.22681909707166564,0.20904258479570387,0.0,0.0,14.672792356657487
1401,"29,222,251,255,58","28935,10038,694,27850,28310", SquadWC fun purity Illustration,0.07897928366163787,15.13031812400116,False,0.18784006541460385,0.13879441566242495,0.0010957148601578538,0.03678177512591316,0.2633224706389188,0.2800698978608574,0.21772156350593197,0.5371045194649461,0.7752551602519412,0.8844650566834554,-0.2737820488260273,0.24765008388880344,0.19356559881099128,0.0,0.0,14.689102441301365
1402,"34,205,232,9,195","19867,24903,7578,3349,12743",rasi dispusetic Sport Smartphone,0.04582380145712861,15.158314789901,False,0.1621455886404043,0.10685759565300446,-0.003248181484253442,0.03756191270849082,0.2642885371000679,0.30124032456972766,0.23264357436655136,0.5386184377832793,0.7598517942022696,0.875988827345103,-0.27432990068321145,0.24488989399980599,0.19692986174062072,0.0,0.0,14.716495034160573
1403,"194,254,144,214,240","23078,28995,9175,13525,16145",politischenfreiheit|ără earthquake,0.08369941970925318,15.167605532551173,False,0.18745224358823762,0.14524413518778312,0.001544690103004276,0.04553599517346243,0.27502261325723326,0.3017986144420938,0.20750564775796887,0.5496609272636203,0.7858006216691934,0.8902215186356883,-0.274638314006387,0.2142211049793335,0.22146872725248942,0.0,0.0,14.73191570031935
1404,"0,25,176,16,27","30332,28399,257,20538,2600",lucrarea bewegtation trage sport,0.10906838307445826,15.20274476370986,False,0.2049463255996058,0.16124465733196758,0.0016829090420873104,0.047569453629742735,0.2520628576785356,0.25327397803489965,0.19175588505029506,0.527094904614968,0.8020584412384051,0.8990239790738092,-0.2750320469364324,0.2798204066327554,0.1713220102554844,0.0,0.0,14.75160234682162
1405,"228,229,217,214,53","4408,3147,15296,13525,1735", accord 300ITYără moving,0.05699116433899243,15.21662745661432,False,0.17185326961781633,0.13787694501719214,0.0012135709171990805,0.03584455860406285,0.25705821321206346,0.28000522470364964,0.2297242105576478,0.5324168327546728,0.7628653310372668,0.877653570289754,-0.2753586195426093,0.2655479622512472,0.18314851723260614,0.0,0.0,14.767930977130467
1406,"139,90,195,214,78","31,23060,12743,13525,20961",' răspunde SmartphoneărăKING,0.062032092962370305,15.221594452960316,False,0.1740068836710371,0.1277782735947258,-0.01136374786549483,0.03967295411510597,0.2705873888633265,0.29349275759214494,0.22394958141733357,0.5462056095596891,0.768826238536946,0.8809372387308113,-0.2756182206963626,0.22689317467620992,0.21379024346597578,0.0,0.0,14.78091103481813
1407,"190,33,195,92,61","11733,25803,12743,18158,18837",usion Sauce Smartphone imperative manger,0.07128977640555778,15.243603388096464,False,0.18274339362666914,0.1231146263952714,-0.008013759175993467,0.03720381280422271,0.26236052288941203,0.2895899432305105,0.2229072344422227,0.5383001685932581,0.7699022096080281,0.8815286527151441,-0.2759396457038461,0.2503985060302513,0.19622259687390692,0.0,0.0,14.796982285192305
1408,"179,110,83,214,61","3997,24243,7383,13525,18837",cht événements Frontără manger,0.055485723252724245,15.246728683130817,False,0.16667617211605953,0.1134198671583345,0.001541962146239917,0.03735131580408312,0.2641994491014549,0.2837944595699856,0.22238089772667058,0.5402212986459228,0.7704455249273078,0.8818271385443575,-0.27602184954446796,0.2451444311387003,0.20049177476871738,0.0,0.0,14.8010924772234
1409,"234,162,33,16,248","794,5290,25803,20538,6148", testizat Sauce trage mici,0.08974232272275498,15.252822633378077,False,0.19947849632509249,0.15304844296350778,-0.02785008801086817,0.03765578295080307,0.27330751864843517,0.3161495433062449,0.219472347204675,0.542040755552545,0.7734478996596903,0.8834747607007939,-0.2687332369041099,0.2191213752901852,0.20453501233898896,0.39250440054340846,0.0,14.436661845205494
1410,"35,162,195,214,78","14797,5290,12743,13525,20961",graphicizat SmartphoneărăKING,0.052764101097744015,15.269871181887384,False,0.16681294246717235,0.10020641982217822,0.0011739781797223071,0.03914608697551563,0.26303866054258646,0.28899645651794814,0.22809768273885667,0.5394895513877562,0.7645443274953737,0.8785797159399614,-0.27645089084516977,0.24846096987832436,0.19886566975056935,0.0,0.0,14.82254454225849
1411,"232,183,255,214,214","7578,23,27850,13525,13525",etici purityărăără,0.052626392004614414,15.271335837333135,False,0.16756127743772017,0.1302753588802394,0.0006512016673192788,0.036881780173619046,0.2626503668523078,0.2991119261273783,0.22986977086621152,0.5391245833951892,0.7627150752348785,0.8775706405377225,-0.2764742165428814,0.24957038042197766,0.1980546297670871,0.0,0.0,14.82371082714407
1412,"187,200,195,242,195","20719,3404,12743,17002,12743", apărutware Smartphoneaffiche Smartphone,0.043796358644124594,15.276670473573976,False,0.16085081470551946,0.11490797507140503,0.0011304403902389515,0.040708303719287235,0.2703221184550725,0.2966710615692203,0.23410891212278973,0.5469917611825386,0.7583391874861526,0.8751520370068336,-0.2766696427274661,0.2276510901283643,0.21553724707230787,0.0,0.0,14.833482136373304
1413,"48,226,173,214,61","27062,20736,19845,13525,18837", pantaloneselAiciără manger,0.07711141403750582,15.28960715672677,False,0.18366666955995914,0.14728299551326146,0.0015368756327805823,0.039657069887930066,0.26259516898180246,0.29248877794525724,0.21311051104490664,0.5394185907547686,0.7800149563407416,0.8870679167657307,-0.27682342177296615,0.2497280886234215,0.19870797945504132,0.0,0.0,14.841171088648307
1414,"0,74,67,17,53","30332,9633,25300,25272,1735",lucrarea bitte farther grafic moving,0.09792016269511544,15.305193425624154,False,0.19648549935743564,0.1576265513864465,0.0013197291671347977,0.04566299699969736,0.23708620888625892,0.23800165147920993,0.1971306733246404,0.5138979517950042,0.7965102726971454,0.8960297576952228,-0.2768117429087453,0.3226108317535459,0.14199544843334264,0.0,0.0,14.840587145437265
1415,"228,132,195,23,130","4408,6889,12743,31052,15799", accord ihm Smartphone pasageri putere,0.030819381036920307,15.342127443502374,False,0.1509877478733114,0.09674947417897511,0.0012004333161401094,0.034747291096814036,0.2622726466965136,0.2824192915183719,0.2403367336727822,0.540097854844997,0.7519104684668055,0.8715866373041855,-0.2778252081484833,0.25064958086710387,0.2002174552111043,0.0,0.0,14.891260407424166
1416,"195,154,195,172,195","12743,12307,12743,13910,12743", Smartphoneoara Smartphonelebt Smartphone,0.06329484704032437,15.345488541094841,False,0.17376753628325362,0.1214776542916815,0.001562422953748871,0.0386371685982168,0.25057133066660053,0.27036491145247066,0.2209453784858585,0.5283186350178586,0.7719273512404041,0.8826407091870063,-0.27774730435125805,0.2840819123811413,0.17404141115079683,0.0,0.0,14.887365217562904
1417,"148,104,166,214,248","5615,15091,31468,13525,6148",itzspieler ingrijireără mici,0.043508250154769,15.387602072041124,False,0.1597487009630308,0.11882974357763043,-0.006516042508082203,0.03382276473570176,0.2689452453984158,0.2907561381297061,0.23248090161652357,0.5477223701262357,0.7600197144603628,0.8760816733521347,-0.2787771247278199,0.2315850131473834,0.217160822502746,0.0,0.0,14.938856236390995
1418,"195,25,91,190,38","12743,28399,21738,11733,25012", Smartphone bewegt bărbatusion caption,0.05898045276685235,15.415473587984614,False,0.1680811215361072,0.1212251648461963,0.0013510598725102797,0.04305673362267857,0.26421248780215123,0.298025908107678,0.21820133753850968,0.5434657812839496,0.7747599096376674,0.8841937923676519,-0.2792532934817984,0.2451071777081393,0.2077017361865547,0.0,0.0,14.96266467408992
1419,"123,254,154,214,27","22250,28995,12307,13525,2600", papafreiheitoaraără sport,0.051843293418380926,15.417911850324927,False,0.1684445558917669,0.12946095592382523,0.001313777558172824,0.037846001150486586,0.2678903977220807,0.2876425439266352,0.23320252494677196,0.5472350975638295,0.7592748129581709,0.8756697294375477,-0.2793446998417488,0.23459886365119803,0.2160779945862877,0.0,0.0,14.967234992087441
1420,"127,113,67,214,169","23794,25107,25300,13525,680", Verantwortlich Merry fartherără sie,0.06993636280719873,15.421312057623506,False,0.18170646794773715,0.13282018111521365,0.0013502250181305798,0.038661258298215546,0.260617526012278,0.28765150377669957,0.22354021028107685,0.5399389122343972,0.7692488151937271,0.8811695578711983,-0.27932138622211916,0.2553784971077771,0.19986424940977143,0.0,0.0,14.966069311105958
1421,"54,110,217,214,62","7818,24243,15296,13525,23226",roc événementsITYără imobil,0.06106087868215207,15.42684529306241,False,0.1736651719320587,0.12604363979152725,-0.008805246889935246,0.03322316967068607,0.2543599476278405,0.2817474872021326,0.22520858649981323,0.533711209441836,0.7675266203872896,0.8802223659395316,-0.27935126181399556,0.2732572924918843,0.1860249098707467,0.0,0.0,14.967563090699779
1422,"243,69,195,92,38","16323,22208,12743,18158,25012", Plain déplac Smartphone imperative caption,0.06466838687374254,15.449991173668007,False,0.17393552780195343,0.12994194682605834,0.0008808945635444877,0.042188489059335255,0.25311562628946677,0.28763998837057064,0.21853428185642176,0.532894978566872,0.7744162251804678,0.8840054966704552,-0.2797793522774052,0.2768124963158092,0.18421106348193766,0.0,0.0,14.98896761387026
1423,"194,162,106,94,23","23078,5290,14385,18852,31052",politischenizat Freundekap pasageri,0.07884260835397569,15.45532083346328,False,0.1863100211417474,0.1462597510459927,0.0009576409665830011,0.0436736094143248,0.24145737747494694,0.2730111055654946,0.21493482557554344,0.5211970454406565,0.7781317929542777,0.8860390366256199,-0.27973966796570954,0.31012177864300866,0.15821565653479217,0.0,0.0,14.986983398285478
1424,"106,222,186,214,27","14385,10038,10443,13525,2600", FreundeWCûără sport,0.04827634339160414,15.457020974716382,False,0.16338435834549947,0.11799730850122624,0.0011086355093843593,0.03446169207886277,0.25636524801844185,0.27761612201458197,0.23021602990779066,0.5363187225861834,0.7623576465467967,0.877373335640085,-0.27995347456774156,0.2675278628044518,0.19181938352485198,0.0,0.0,14.997673728387078
1425,"131,220,195,199,187","30173,9136,12743,11171,20719", machiajhole Smartphonemates apărut,0.043456011601225614,15.459966788795864,False,0.1630757724615898,0.11750681509725973,0.0016919401934590405,0.03909299394515019,0.27922914399865223,0.29864962984619775,0.23923952172072838,0.5595170082704107,0.7530430743527965,0.8722158438593464,-0.2802878642717585,0.20220244571813645,0.2433711294898016,0.0,0.0,15.014393213587926
1426,"131,172,86,214,214","30173,13910,16233,13525,13525", machiajlebt Crewărăără,0.04713042843221024,15.46052978033051,False,0.16227842310754845,0.11977597066551342,0.001271969413062174,0.03717509349303864,0.2668640469745886,0.27984102677535816,0.2302959893506764,0.54701235640918,0.7622751077670437,0.8773277669430756,-0.2801483094345914,0.23753129435831824,0.2155830142426222,0.0,0.0,15.007415471729571
1427,"3,33,195,233,29","22526,25803,12743,8216,28935", martial Sauce Smartphone termen Squad,0.08088096327241076,15.47079858430912,False,0.18801986909225796,0.12179506557336832,0.0015420973724664612,0.04528915161872794,0.2535552656636222,0.2880022898556617,0.2142778116396944,0.5337384028788257,0.7788100008880574,0.8864097181102571,-0.2801831372152035,0.2755563838182223,0.1860853397307237,0.0,0.0,15.009156860760175
1428,"180,154,163,214,16","31797,12307,13147,13525,20538",scrisăoaranehmără trage,0.060148150167796316,15.514374646472904,False,0.17387458738852865,0.1307255729976736,0.0011255428167009198,0.03921364041332149,0.25569885577576756,0.2868535649631197,0.22745287444146467,0.5367424901097565,0.7652099360604235,0.8789465999470817,-0.28104363433398893,0.26943184064066406,0.1927610891327922,0.0,0.0,15.052181716699447
1429,"232,58,33,214,237","7578,28310,25803,13525,8916",etic Illustration Sauceără restoration,0.04464190137947385,15.527963314427094,False,0.1612899186099849,0.10938954898549452,-0.007862739697319236,0.03801244618666853,0.2654877422914754,0.2900708824159545,0.2332960344610221,0.5469105989785775,0.7591782870079772,0.8756163346688879,-0.2814228566871021,0.2414635934529273,0.21535688661906113,0.0,0.0,15.071142834355106
1430,"45,254,195,104,195","25231,28995,12743,15091,12743",ffentlichkeitfreiheit Smartphonespieler Smartphone,0.053633735824291456,15.54754250724747,False,0.16852230183114594,0.11177240342695124,0.0011484357197116325,0.04278907335619873,0.25941049599718613,0.28602243863454285,0.22977713201370897,0.5411343859049302,0.7628107024374617,0.8776234203724802,-0.2817238899077441,0.25882715429375386,0.20252085756651161,0.0,0.0,15.086194495387206
1431,"106,186,197,214,71","14385,10443,2266,13525,25688", Freundeû24ără correspondent,0.05106482636918222,15.562304205058124,False,0.16656217784057734,0.13136969603899348,0.0011949471737422003,0.03729728871881991,0.2528288725099478,0.2686132605380715,0.23099470294279023,0.5347554134883854,0.7615538550267972,0.8769294709708471,-0.2819265409784376,0.2776317928287206,0.18834536330752308,0.0,0.0,15.09632704892188
1432,"232,185,33,255,214","7578,15058,25803,27850,13525",etictient Sauce purityără,0.06895474009555025,15.57642349003606,False,0.1806957517094433,0.12765156981121345,-0.0020738292626709008,0.03575299019273123,0.2510773389262258,0.2883190949730859,0.2234820232277861,0.5332529539503355,0.7693088792487369,0.8812025741974508,-0.28217561502410965,0.28263617449649764,0.18500656433407875,0.0,0.0,15.108780751205483
1433,"139,185,195,40,38","31,15058,12743,18132,25012",'tient Smartphone Vorstand caption,0.033419104219717166,15.592039324715428,False,0.15127602431125498,0.09652633975466883,0.001242800643805342,0.03488561675509327,0.2584633137330683,0.290640723990873,0.23571384018307562,0.5410277544644952,0.7566824875529542,0.8742346137147192,-0.28256444073142695,0.26153338933409054,0.2022838988099894,0.0,0.0,15.128222036571348
1434,"234,110,195,15,195","794,24243,12743,18661,12743", test événements Smartphonefreien Smartphone,0.06409434996469113,15.60940639448389,False,0.179522078199737,0.10360275047627975,0.001390538525220736,0.04052167393821177,0.2641358227312113,0.2992041757832051,0.23085545647009176,0.5471017910478476,0.7616975933211956,0.8770088617168633,-0.28296596831663634,0.24532622076796773,0.21578175788410578,0.0,0.0,15.148298415831817
1435,"118,192,242,88,0","2280,19175,17002,11461,30332", kmanalyzingaffiche physiquelucrarea,0.09177099538586386,15.647510160234347,False,0.1923567310102121,0.1674390496768966,0.00151150706691493,0.04482080877079059,0.22437506107836036,0.26337719393579606,0.2011714712486965,0.5075872624576607,0.7923391264529585,0.8937720787489971,-0.28321220137930037,0.3589283969189704,0.12797169435035713,0.0,0.0,15.160610068965019
1436,"40,204,81,127,25","18132,1250,1722,23794,28399", Vorstand allows physical Verantwortlich bewegt,0.0653257867548466,15.681580835802528,False,0.1801139456857809,0.12058240580247843,-0.004961512138402256,0.03511517690691653,0.2669043958539714,0.2928361852113989,0.2295763178618686,0.5512860884040377,0.7630179944651679,0.8777378208429505,-0.2843816925500663,0.23741601184579592,0.2250801964534171,0.0,0.0,15.219084627503316
1437,"17,240,106,104,98","25272,16145,14385,15091,9850", grafic earthquake Freundespieler depict,0.06613381721015119,15.708523747999878,False,0.1783822086081945,0.13218686511795047,0.0007371416859637993,0.04737466338710275,0.2633788851409876,0.30222874187313997,0.22449678279608665,0.5482336424448271,0.7682613855008138,0.8806266048694608,-0.28485475730383947,0.24748889959717818,0.21829698321072682,0.0,0.0,15.242737865191973
1438,"194,179,222,229,16","23078,3997,10038,3147,20538",politischenchtWC 300 trage,0.04489055780966081,15.718612893024249,False,0.1670910675227181,0.10489568048569974,0.001258379136689103,0.035421301643243204,0.27245719384134154,0.2957108088808071,0.24440101942611459,0.5576155221131291,0.7477150767214301,0.8692519661029737,-0.2851583282717876,0.22155087473902413,0.2391456046958425,0.0,0.0,15.257916413589381
1439,"131,74,242,92,195","30173,9633,17002,18158,12743", machiaj bitteaffiche imperative Smartphone,0.04883768736234198,15.731138620879323,False,0.1627144792276766,0.11894014430084705,0.0011786404507528826,0.0381828013205043,0.2719178684442328,0.301915012179697,0.22775358373066923,0.5573094939315175,0.7648995264715672,0.8787755209775309,-0.2853916254872847,0.22309180444504903,0.2384655420700389,0.0,0.0,15.269581274364235
1440,"194,162,154,255,155","23078,5290,12307,27850,31308",politischenizatoara purity mănânc,0.07752971205255976,15.734941867001917,False,0.18538079529152895,0.13507068352399193,-0.0016902761912231776,0.041729978396306794,0.2594698520676769,0.3027759634875602,0.21570216647793838,0.5447829620080501,0.7773396991195475,0.8856059132153882,-0.2853131099403732,0.25865756552092306,0.2106288044623335,0.0,0.0,15.26565549701866
1441,"11,172,63,166,214","9161,13910,23832,31468,13525", brolebt Regal ingrijireără,0.04784972224364756,15.796751542540939,False,0.1644486038034658,0.11137223235762429,0.0014541080215919545,0.03892412621777399,0.2565435361718056,0.27963551414547005,0.23319776311963647,0.5430046573350127,0.7592797283926334,0.8756724483962959,-0.2864611211632071,0.2670184680805554,0.20667701630002816,0.0,0.0,15.323056058160356
1442,"92,240,144,229,129","18158,16145,9175,3147,17", imperative earthquake| 300t,0.05560721478592237,15.808839348344403,False,0.16852517485568916,0.1371828867825672,0.0012906427088955341,0.04235009840105667,0.2747904679095024,0.3102825650205486,0.22583592013953357,0.5617049048888573,0.766879050178546,0.8798659442554112,-0.28691443697935487,0.21488437740142166,0.24823312197523834,0.0,0.0,15.345721848967743
1443,"154,33,33,2,240","12307,25803,25803,26170,16145",oara Sauce Sauceathlet earthquake,0.06377430410896961,15.831161941473484,False,0.17883639199998091,0.12318225415811104,0.0010963355034618039,0.04108412207278256,0.2632118162399743,0.29262259471661817,0.2301241757820226,0.550412933249831,0.7624524637088799,0.8774256801678291,-0.2872011170098567,0.24796623931435907,0.22313985166629105,0.0,0.0,15.360055850492834
1444,"228,112,217,214,55","4408,21711,15296,13525,13775", accord bildenITYără Führung,0.04112923305085911,15.840259027014485,False,0.15798718414578558,0.13081033571894893,0.0014842032421772233,0.035392180864332455,0.25208394976147086,0.27201210017453364,0.23371590218985294,0.539323973072222,0.7587448751588615,0.8753765462988754,-0.28724002331075116,0.27976014353865464,0.19849771793827112,0.0,0.0,15.362001165537558
1445,"174,168,106,229,142","6031,15271,14385,3147,3416",ttingoară Freunde 300 €,0.045075050242303655,15.893521638010448,False,0.16169535374660635,0.12054744869732695,-0.010023876864467507,0.03482986516747767,0.25150323299803995,0.28303713040759315,0.23324060700860538,0.5397561182608301,0.75923550244273,0.8756479846327487,-0.2882528852627902,0.2814193342913144,0.19945804057962252,0.0,0.0,15.41264426313951
1446,"92,229,228,231,0","18158,3147,4408,21815,30332", imperative 300 accord stainedlucrarea,0.09308554021864798,15.91091909165775,False,0.19400247401534929,0.1617745589945629,0.0013455707547784634,0.04596751841052523,0.21499322926789174,0.24734220889490108,0.2018338675934026,0.5031353666372395,0.7916553624842295,0.8934014396712138,-0.2881421373693477,0.3857336306631664,0.11807859252719877,0.0,0.0,15.407106868467384
1447,"28,229,234,97,21","5378,3147,794,31302,10089", neck 300 test reacți Animal,0.07811653134650062,15.94811868050638,False,0.18858839184425044,0.11327010784457658,0.001044374130287129,0.03933944543850973,0.2471448116527391,0.28505725021898365,0.22094372099549964,0.5363901822721955,0.7719290621981939,0.882641648124821,-0.2892453706194564,0.29387196670645965,0.19197818282710105,0.0,0.0,15.46226853097282
1448,"224,124,76,214,152","1130,28387,26292,13525,19355", follow ressenti menschlicheără persoană,0.055903265091778814,15.956015895389971,False,0.17074854811645537,0.12537876755857935,0.0012870762146708348,0.03622753653807211,0.2595386795721361,0.275153056269956,0.22969056604935312,0.5490859587795688,0.7629000608522807,0.877672737386007,-0.2895472792074327,0.2584609155081825,0.22019101951015282,0.0,0.0,15.477363960371635
1449,"139,33,195,159,237","31,25803,12743,3077,8916",' Sauce Smartphoneige restoration,0.0635467687056411,15.975222312087313,False,0.17396057869286077,0.13749754992392552,0.0011496820357115745,0.04114946487550824,0.25017996165657597,0.27816880923882187,0.22082761997443934,0.5399812395069601,0.772048908413482,0.8827074147335349,-0.2898012778503841,0.28520010955264,0.19995831001546682,0.0,0.0,15.490063892519206
1450,"142,139,195,17,36","3416,31,12743,25272,24143", €' Smartphone graficKT,0.02809001550470555,15.991494783381482,False,0.14757213598300276,0.08285415737319282,0.0010924972898290531,0.03525094025607008,0.2657656276032608,0.28629611505064495,0.2389642409565944,0.5560679973470796,0.75332723514158,0.8723736350001676,-0.2903023697438188,0.24066963541925487,0.2357066607712879,0.0,0.0,15.51511848719094
1451,"232,240,67,16,82","7578,16145,25300,20538,16771",etic earthquake farther trage posture,0.06556141145483449,16.00661085537307,False,0.17474963266291285,0.12571666183573077,-0.01477810464140121,0.03354489049102653,0.2749726759716767,0.28727197542427474,0.21837644241615672,0.565676442210999,0.7745791562155802,0.8840947673093893,-0.2907037662393223,0.21436378293806657,0.25705876046888665,0.0,0.0,15.535188311966117
1452,"35,252,23,16,187","14797,21212,31052,20538,20719",graphic Colin pasageri trage apărut,0.07231472421207472,16.03199946315972,False,0.18296773721683765,0.1221588114722707,-0.0030547827555191193,0.03760281399173587,0.248297249747832,0.27570980851838245,0.22130602600952587,0.5391628595256361,0.7715550699256507,0.8824363852371876,-0.2908656097778042,0.2905792864347657,0.19813968783474695,0.0,0.0,15.54328048889021
1453,"237,73,195,158,29","8916,9472,12743,17319,28935", restoration problème Smartphoneenţă Squad,0.05388509640862957,16.0323337412915,False,0.16643192994661135,0.1190484245432559,-0.016296546323591572,0.04045968048243347,0.266466186701873,0.2869627146230151,0.22509366707596357,0.557559096479818,0.7676452468893279,0.8802876421511531,-0.29109290977794505,0.23866803799464853,0.23902021439959564,0.0,0.0,15.554645488897254
1454,"234,33,195,127,38","794,25803,12743,23794,25012", test Sauce Smartphone Verantwortlich caption,0.06510806595233912,16.04215447828864,False,0.17924527304310992,0.12273738451338456,0.001331062480941947,0.0426791026817425,0.24281750004807992,0.29012994555652144,0.2282744141815416,0.5338109444657417,0.7643618950384087,0.8784791322612384,-0.29099344441766184,0.30623571414834305,0.18624654325720383,0.0,0.0,15.549672220883092
1455,"35,132,33,214,82","14797,6889,25803,13525,16771",graphic ihm Sauceără posture,0.055314196773233654,16.066525387884788,False,0.17218516500019895,0.11495422623241905,-0.01418626719143998,0.03420140743130084,0.25160660935136886,0.2825563188625078,0.2337419364539306,0.5431735892330699,0.7587180010798136,0.8753616758495139,-0.29156697988170105,0.2811239732818032,0.2070524205179331,0.0,0.0,15.578348994085053
1456,"61,104,141,43,195","18837,15091,25205,25627,12743", mangerspielerizeze Exterior Smartphone,0.057896908236860306,16.098784617458893,False,0.16865885249731302,0.11110920925149068,0.001203732812338232,0.04104668277682326,0.2606071484330315,0.29194287852287243,0.22152388852090543,0.5529012872893329,0.7713301795913234,0.8823129328526782,-0.29229413885630134,0.25540814733419565,0.22866952730962853,0.0,0.0,15.614706942815069
1457,"0,163,169,17,53","30332,13147,680,25272,1735",lucrareanehm sie grafic moving,0.08780316299781113,16.102800053315274,False,0.18882104551131854,0.15832992489644507,0.0011714344986094084,0.046203250390929394,0.22959769229912005,0.23088472488059017,0.2020357650270148,0.5215917078160888,0.7914469522301782,0.8932884388443552,-0.2919940155169687,0.34400659343108553,0.1590926840357528,0.0,0.0,15.599700775848435
1458,"111,37,48,229,80","6156,30396,27062,3147,8787", Paselectrique pantalon 300 Abs,0.041894145060812904,16.103643117570687,False,0.15794191923331402,0.11666835225021728,-0.004891601103273567,0.03232083383912758,0.26041799732797277,0.2723595547160148,0.23209554834500223,0.5528028715833139,0.7604174984825783,0.876301575746043,-0.2923848742553411,0.2559485790629349,0.22845082574069747,0.0,0.0,15.619243712767055
1459,"8,226,12,156,214","17682,20736,12337,6872,13525",Sportesel mobilityeştiără,0.04801523189636439,16.10385704307585,False,0.1665157680349462,0.11217038679290006,0.001116162148495059,0.035331863307886194,0.25013447172140213,0.2696799758074416,0.2370010722771636,0.5423984147556375,0.7553537318429279,0.8734980982937721,-0.2922639430342354,0.28533008079599387,0.20532981056808342,0.0,0.0,15.613197151711772
1460,"219,185,116,214,248","25895,15058,29248,13525,6148",floodedtient motoareără mici,0.0605942698096181,16.18065647543136,False,0.1741031377244263,0.12451040592639628,0.0010331206916679271,0.0339382807800299,0.24718967242635773,0.28216228618872513,0.22701773582961637,0.5408884398577346,0.7656591114016863,0.8791940992581693,-0.2936987674313769,0.29374379306754933,0.20197431079496575,0.0,0.0,15.684938371568846
1461,"0,205,118,92,187","30332,24903,2280,18158,20719",lucrarea dispus km imperative apărut,0.09501010704684584,16.203527381565358,False,0.19743891490394236,0.16000837860700765,0.0013820430602928203,0.044802080041076685,0.2290852790127548,0.25236300891066027,0.20485761571419303,0.52300188576021,0.7885340741014781,0.8917075665742704,-0.29391660674745523,0.3454706313921291,0.16222641280046665,0.0,0.0,15.695830337372762
1462,"190,186,12,7,214","11733,10443,12337,6298,13525",usionû mobility Imageără,0.0511158838703826,16.241492793702157,False,0.1672012130815587,0.1226150245095879,-0.006277417374996951,0.03832516855838373,0.25362223043938414,0.2797694670229071,0.23217065842235218,0.5485641560384149,0.7603399654995074,0.8762587184032167,-0.29494192559903076,0.27536505588747384,0.2190314578631442,0.0,0.0,15.747096279951538
1463,"234,185,169,214,248","794,15058,680,13525,6148", testtient sieără mici,0.025439184260811848,16.248207213597166,False,0.14747748011705317,0.10803055744094119,0.0012320548724204573,0.03450018540311554,0.2611829632521806,0.2779215623980092,0.24407659171248264,0.556345386652396,0.7480499698451792,0.869438559236659,-0.29516242340021537,0.2537629621366268,0.2363230814497688,0.0,0.0,15.758121170010769
1464,"251,240,35,9,53","694,16145,14797,3349,1735", fun earthquakegraphic Sport moving,0.061989634657335785,16.25309233181247,False,0.174155548960952,0.14347016045448202,0.0013255242737414963,0.03601504284739931,0.243389473046343,0.2732173393467013,0.22433182860723244,0.5384291070360206,0.7684316607925342,0.8807202571718035,-0.29503963398967764,0.3046015055818771,0.19650912674671253,0.0,0.0,15.751981699483883
1465,"79,162,67,214,84","5206,5290,25300,13525,24023",rickizat fartherără LORD,0.04852776742501633,16.29195244849967,False,0.1638560632324266,0.1255122969081542,0.001190624331737661,0.03666395803748912,0.2527680209854933,0.2764514263944031,0.23065659161482055,0.5486658097681374,0.7619028731717982,0.8771222311543468,-0.2958977887826441,0.27780565432716203,0.21925735504030527,0.0,0.0,15.794889439132206
1466,"228,90,43,214,25","4408,23060,25627,13525,28399", accord răspunde Exteriorără bewegt,0.06270704842049685,16.299173586438446,False,0.17629827135705434,0.13587818091259748,0.001143235980335905,0.03847591031891489,0.24721514804726238,0.2762302128065542,0.22718244587311498,0.5431837018063848,0.765489088130978,0.8791004232321158,-0.29596855375912234,0.2936710055792503,0.2070748929030772,0.0,0.0,15.798427687956117
1467,"182,44,157,9,195","1575,15843,27499,3349,12743",tion shaftizant Sport Smartphone,0.037435520073039436,16.30754851052852,False,0.15655246046553237,0.10173865675164562,-3.665492327037932e-05,0.03348811573097777,0.250978575680835,0.28331074894955766,0.23823388078498586,0.5471532562858593,0.7540811553187242,0.8727921397532257,-0.29617468060502433,0.28291835519761427,0.21589612507968733,0.0,0.0,15.808734030251218
1468,"35,254,118,214,62","14797,28995,2280,13525,23226",graphicfreiheit kmără imobil,0.05028158351470527,16.327084123618498,False,0.16596977381062086,0.1244311741466361,0.0008229220630444901,0.03524613174805658,0.2437212862405179,0.26906391245487243,0.2313763805918312,0.5401818185315775,0.7611598651955291,0.8767118223271366,-0.2964605322910596,0.30365346788423453,0.20040404118128338,0.0,0.0,15.823026614552981
1469,"228,97,228,214,138","4408,31302,4408,13525,9518", accord reacți accordără oferit,0.04344431986482561,16.337817769395375,False,0.15991811270974238,0.11100339891746708,0.0010397376320002705,0.037850223296313594,0.2470822589674075,0.264404342604416,0.23294758568983354,0.5437891920466187,0.7595379760621073,0.8758152854969856,-0.2967069330792112,0.29405068866455,0.2084204267702637,0.0,0.0,15.83534665396056
1470,"46,226,106,255,203","18927,20736,14385,27850,7889", raresel Freunde purity assembly,0.033595843801166314,16.39611286334366,False,0.1528118595591853,0.10232238934612929,0.0010547540533332733,0.033537980102101725,0.2517559483220157,0.26112937896799554,0.23843203151603798,0.5496359934051559,0.753876612628606,0.8726786169512589,-0.2978800450831402,0.28069729050852654,0.2214133186781242,0.0,0.0,15.89400225415701
1471,"78,168,186,227,214","20961,15271,10443,15782,13525",KINGoarăû Demoără,0.022011877074401554,16.456129898315442,False,0.14550222045391925,0.09487517309168694,-0.010392853393168627,0.028144022261262617,0.24958823757057122,0.276353309650077,0.2469806867590354,0.5485911898795973,0.7450521943132538,0.8677668541958518,-0.29900295230902607,0.2868907497983679,0.21909153306577178,0.0,0.0,15.950147615451304
1472,"199,242,33,98,138","11171,17002,25803,9850,9518",matesaffiche Sauce depict oferit,0.054171230425883204,16.494878851589952,False,0.17396194269881185,0.11273959542284102,0.0008845071826557029,0.04153221087870813,0.25022720401238796,0.2876695289245768,0.2395814245458573,0.5499799261432884,0.7526901424042763,0.8720198251497169,-0.29975272213090043,0.2850651313931772,0.22217761365175195,0.0,0.0,15.987636106545022
1473,"180,132,122,190,195","31797,6889,12759,11733,12743",scrisă ihm beneathusion Smartphone,0.02732224211725587,16.502849308571182,False,0.146170550051602,0.10025652486858821,0.0011512393809499201,0.035402906537755886,0.25952151866247897,0.28238568181629486,0.23769661586869228,0.5595398673513797,0.7546357513613499,0.8730998706512948,-0.30001834868890076,0.2585099466786315,0.24342192744751048,0.0,0.0,16.00091743444504
1474,"228,38,33,190,195","4408,25012,25803,11733,12743", accord caption Sauceusion Smartphone,0.03468426283239098,16.548913221900126,False,0.15569581817892444,0.11191980128497411,0.000911470702863726,0.03506170736012048,0.24547611389343965,0.27336689876494535,0.24202311069306692,0.546205772718803,0.7501696921878019,0.8706186819193195,-0.30072965882536334,0.2986396745901724,0.2137906060417844,0.0,0.0,16.03648294126817
1475,"39,164,122,214,73","2951,6303,12759,13525,9472",chesitati beneathără problème,0.04979246596047085,16.553758778371314,False,0.16734676774335935,0.11931912017447041,-0.010117348770690657,0.034575609509928086,0.24643432806307838,0.2754329348357281,0.235108603565777,0.5472684241603173,0.7573072479321011,0.8745806974969337,-0.3008340960972389,0.295901919819776,0.21615205368959395,0.0,0.0,16.041704804861944
1476,"62,240,130,16,38","23226,16145,15799,20538,25012", imobil earthquake putere trage caption,0.07004535620169142,16.578707324743853,False,0.1793652018475461,0.12121427877093309,-0.0015974563069138688,0.039374125836153115,0.24341291516628535,0.2650570563862314,0.21863969129170935,0.5446880148822472,0.7743074154408162,0.8839458743092196,-0.3012750997159618,0.30453452809632753,0.2104178108494381,0.0,0.0,16.063754985798088
1477,"0,69,94,65,62","30332,22208,18852,22276,23226",lucrarea déplackaprij imobil,0.1025099288331427,16.591395160056138,False,0.20243074799779182,0.16677502721262033,0.001241958380472913,0.04624667815867981,0.21729525552237278,0.2388840471739284,0.19984163832929824,0.5184957738519872,0.7937118572084664,0.8945157134845099,-0.3012005183296144,0.3791564127932206,0.15221283078219375,0.0,0.0,16.060025916480722
1478,"92,186,33,255,142","18158,10443,25803,27850,3416", imperativeû Sauce purity €,0.02100726936771416,16.66653279995849,False,0.14684730059913068,0.09557849171054539,0.0008359661367240036,0.03206414570366659,0.25122329475051436,0.27782706741529156,0.25168006246283303,0.5542751179077804,0.7402012258448175,0.8650548754484695,-0.30305182315726603,0.2822191578556732,0.23172248423951194,0.0,0.0,16.152591157863302
1479,"194,112,81,255,99","23078,21711,1722,27850,7693",politischen bilden physical purity graphic,0.04859174853895429,16.701821160082588,False,0.1641076381089299,0.10395884239188927,0.0009301899522722924,0.03752655937625387,0.24836188280223886,0.2777898130084242,0.2310317791399512,0.5520546513120542,0.7615155828232761,0.876908330933199,-0.30369276850981536,0.2903946205650318,0.22678811402678714,0.0,0.0,16.184638425490768
1480,"84,10,119,172,214","24023,15854,23662,13910,13525", LORD realm artistiquelebtără,0.03802135416937716,16.72879278077458,False,0.15691939908869348,0.1108496572226243,0.0016893667194223195,0.03334967815741026,0.24712121982804006,0.269261714439548,0.23779608983863265,0.551315382132575,0.7545330685536695,0.8730429028182792,-0.304194162304535,0.2939393719198855,0.22514529362794447,0.0,0.0,16.20970811522675
1481,"194,229,118,128,156","23078,3147,2280,96,6872","politischen 300 km ""eşti",0.03231657985100733,16.743478339142897,False,0.15387879143659927,0.0971937687263271,0.0014751740699343987,0.03271551398377093,0.2542643524994863,0.27188679605709304,0.24312442317118388,0.5588265742216693,0.7490328535007135,0.8699859635814914,-0.30456222172218295,0.2735304214300391,0.24183683160370945,0.0,0.0,16.22811108610915
1482,"50,214,239,16,203","21100,13525,23267,20538,7889", Coupeărătolerant trage assembly,0.034792765830938044,16.74415656686855,False,0.15315719053360688,0.10633122870237041,0.0010038758381544666,0.031229339429183083,0.2533774754547974,0.2636835689597846,0.23672884940533767,0.5579419018167763,0.7556347360977159,0.8736539077888121,-0.3045644263619789,0.27606435584343597,0.23987089292616948,0.0,0.0,16.228221318098946
1483,"183,31,252,214,239","23,8221,21212,13525,23267",iimage Colinărătolerant,0.018140399487956926,16.81464826137119,False,0.14170933152508308,0.09866588916086332,-0.010633812364216864,0.024234787949034452,0.24217880675615505,0.250596570728388,0.2471378640742523,0.5479569200499639,0.7448899467620621,0.8676762852157178,-0.30577811329380883,0.3080605521252712,0.21768204455547527,0.0,0.0,16.288905664690443
1484,"139,26,118,55,214","31,15157,2280,13775,13525",' sporting km Führungără,0.03716978846553459,16.820061833232252,False,0.1602137305766071,0.11687883001871738,-0.006747104531524066,0.031583470573900485,0.2443744879187304,0.2699148036343046,0.246087884222145,0.5502829605662626,0.7459737969319794,0.8682811271574749,-0.3059084726475322,0.30178717737505595,0.22285102348058347,0.0,0.0,16.29542363237661
1485,"0,254,169,134,254","30332,28995,680,28448,28995",lucrareafreiheit sie senzatifreiheit,0.04611237868542542,16.82725804026524,False,0.16086780965251565,0.126401808011367,0.0012770349057926178,0.03975181341964232,0.2325054096084162,0.241086943465773,0.22951086193418047,0.5384073770616219,0.7630855618743944,0.8777751067704185,-0.3059019674532057,0.3356988296902394,0.1964608379147153,0.0,0.0,16.295098372660284
1486,"234,209,1,16,214","794,31192,22665,20538,13525", testDevelopedpictured trageără,0.0578830853474179,16.92553136473339,False,0.17174633945361636,0.1291135356473681,0.001090055956383551,0.037631774895325085,0.2469283184926108,0.2759041099865109,0.22772650821239693,0.5548874700786011,0.7649274753936548,0.8787909260953957,-0.3079591515859903,0.29449051859254055,0.23308326684133568,0.0,0.0,16.397957579299515
1487,"187,157,195,230,58","20719,27499,12743,25638,28310", apărutizant Smartphone Numero Illustration,0.026286129517670287,16.92664935139584,False,0.14988026837258017,0.09874635651631958,0.0010820129333898366,0.03520557216117139,0.2428354715082956,0.2877486764038929,0.24718827770981977,0.5507662702919642,0.744837906880186,0.8676472337823594,-0.30793079878366864,0.30618436711915537,0.2239250450932538,0.0,0.0,16.396539939183434
1488,"174,240,52,134,18","6031,16145,6813,28448,12487",tting earthquake gap senzati adjacent,0.0334613180031568,16.973666850304344,False,0.1514794529734276,0.11620959761624754,-0.004952894399011486,0.03201848120887,0.24292986414392018,0.26347125549367617,0.2360362699405416,0.551762145643899,0.75634965683557,0.8740501873802548,-0.3088322814999789,0.3059146738745137,0.2261381014308867,0.0,0.0,16.441614074998945
1489,"92,240,131,17,187","18158,16145,30173,25272,20719", imperative earthquake machiaj grafic apărut,0.06542288266671056,16.9804317131685,False,0.1766890299626118,0.1331732178380495,-0.006142615938966738,0.03826289748383189,0.2520974576220113,0.2741546513686291,0.22253229459180246,0.5611707391522532,0.7702892442923329,0.8817412916543024,-0.30907328153024194,0.27972154965139623,0.24704608700500716,0.0,0.0,16.453664076512098
1490,"161,40,195,62,106","7890,18132,12743,23226,14385",intérieur Vorstand Smartphone imobil Freunde,0.06630484012711149,16.986329135780856,False,0.17844657644637466,0.11225384893376258,0.0013301315089732258,0.03953811253739729,0.23286566815041307,0.26679901576693327,0.22428347263852633,0.5418180579012369,0.7684815766311986,0.8807477092570117,-0.30895238975082384,0.3346695195702483,0.2040401286694154,0.0,0.0,16.447619487541193
1491,"255,186,146,240,53","27850,10443,20352,16145,1735", purityû cuir earthquake moving,0.0387453020763531,17.031918610786555,False,0.1579746126221874,0.10409006424215601,0.0005485539002263785,0.036843867351656824,0.26113806792375843,0.27356379604216347,0.2384586210916686,0.5713071850047624,0.7538491653247292,0.8726633823579006,-0.310169117081004,0.2538912345035473,0.26957152223280534,0.0,0.0,16.5084558540502
1492,"28,82,228,214,181","5378,16771,4408,13525,27940", neck posture accordără societati,0.039613883676818756,17.036673655265393,False,0.15963270057598392,0.10227775872107259,-0.005286198412535019,0.03282976390947182,0.2429587535006003,0.2560012418176871,0.24003763379833032,0.5529978995254464,0.7522192167243041,0.8717582039772667,-0.3100391460248461,0.30583213285542765,0.2288842211676587,0.0,0.0,16.501957301242307
1493,"35,186,67,214,248","14797,10443,25300,13525,6148",graphicû fartherără mici,0.036544241045660314,17.056688728411412,False,0.15652232418412546,0.1088942206935452,0.0008793861166320917,0.03553480493855148,0.250442390797663,0.27749950185392325,0.23995616627693028,0.5609557906523213,0.7523033122302655,0.8718049287100124,-0.31051339985465826,0.2844503120066771,0.246568423671825,0.0,0.0,16.52566999273291
1494,"234,100,12,214,53","794,14338,12337,13525,1735", test surroundings mobilityără moving,0.04267403730725067,17.092152841549403,False,0.16554585276473693,0.12865148727979028,0.0006107660435438369,0.03335424015282624,0.2338533706053695,0.25743247279602915,0.24574363091497253,0.5448441802837364,0.7463291551845445,0.8684793429236112,-0.3109908096783669,0.3318475125560871,0.2107648450749697,0.0,0.0,16.549540483918346
1495,"11,110,242,9,248","9161,24243,17002,3349,6148", bro événementsaffiche Sport mici,0.028847660741829317,17.12774625076409,False,0.15103766878555025,0.09845015522347933,0.00135701785614476,0.03244671957006833,0.25298289051874434,0.2699246672142443,0.24438001608744186,0.5648878538679503,0.7477367575871567,0.8692640472909012,-0.3119049633492059,0.2771917413750161,0.2553063419287783,0.0,0.0,16.595248167460298
1496,"228,240,169,219,110","4408,16145,680,25895,24243", accord earthquake sieflooded événements,0.06512288075971565,17.137914207981154,False,0.17374924016594848,0.12845765362264785,-0.011024423164438388,0.036517016031487604,0.2651283020160894,0.28703633637970644,0.21725271881246566,0.5773756355065016,0.7757391289677774,0.8847300611980664,-0.3122473334904122,0.24249056566831598,0.2830569677922258,0.0,0.0,16.61236667452061
1497,"92,73,144,104,187","18158,9472,9175,15091,20719", imperative problème|spieler apărut,0.04354651794217737,17.185827666348192,False,0.1602430988302743,0.11037988233684241,-0.010383687708232418,0.03587878439890776,0.24514973864450035,0.25768054769941345,0.23339316177619385,0.5580716634243533,0.7590780265536063,0.8755608706559506,-0.312921924779853,0.29957217530142755,0.24015925205411848,0.0,0.0,16.646096238992648
1498,"27,162,73,214,129","2600,5290,9472,13525,17", sportizat problèmeărăt,0.04469035778251537,17.205469759704688,False,0.1613377355981017,0.10227373844491344,0.0009512827002077063,0.040006761302483956,0.23525280862378967,0.2672672296975069,0.23329475563117263,0.5484305311789103,0.7591796070904024,0.8756170649141252,-0.3131777225551206,0.32784911821774376,0.21873451373091168,0.0,0.0,16.65888612775603
1499,"48,229,119,238,142","27062,3147,23662,12740,3416", pantalon 300 artistiquevolu €,0.03939412589660926,17.222560790747867,False,0.1559970733717386,0.11817751920659408,0.0015078619691534124,0.03438456217554051,0.24423674462533634,0.2617844329892071,0.23320589495025867,0.5578509694284151,0.7592713342448942,0.8756678051919811,-0.3136142248030787,0.30218072964189613,0.23966882095203343,0.0,0.0,16.680711240153936
1500,"133,162,118,121,214","121,5290,2280,803,13525","""izat km friendsără",0.04683033954293778,17.22308401784367,False,0.1646782412170024,0.13074932779649467,0.0006863739759006061,0.031880542068799984,0.2313486900801984,0.2585850394859616,0.23569580334812923,0.5448162404532559,0.756701106221286,0.8742449294401832,-0.3134675503730575,0.33900374262800453,0.21070275656279094,0.0,0.0,16.673377518652877
1501,"183,101,237,229,106","23,10176,8916,3147,14385",i Mach restoration 300 Freunde,0.028773455294085565,17.224563477980023,False,0.1505181692077757,0.10930991774289159,-0.0018796888761350712,0.03375160634221679,0.26903889048064833,0.2838790367395258,0.24348942782738026,0.5829930104599698,0.7486560745007688,0.8697761621087461,-0.31395411997932143,0.23131745576957616,0.2955400232443772,0.0,0.0,16.69770599896607
1502,"0,254,157,121,146","30332,28995,27499,803,20352",lucrareafreiheitizant friends cuir,0.06185090707214763,17.249278039567958,False,0.1693546801997623,0.14554538933503064,0.0011414735759164242,0.03961873347197054,0.21789780164135777,0.21948584781175773,0.21500754625522933,0.5317034030269004,0.7780567264462149,0.885997998725037,-0.3138056013855427,0.37743485245326347,0.18156311783755652,0.0,0.0,16.690280069277136
1503,"62,90,163,214,110","23226,23060,13147,13525,24243", imobil răspundenehmără événements,0.05666857446843501,17.265234897205254,False,0.17465035257143943,0.11549824674450428,0.0014605995330003064,0.04087098602242344,0.24148238534416233,0.281527186507328,0.23596355620600884,0.5558802862370795,0.7564247161744425,0.8740917822482895,-0.3143979008929172,0.3100503275881076,0.2352895249712878,0.0,0.0,16.71989504464586
1504,"121,172,61,17,99","803,13910,18837,25272,7693", friendslebt manger grafic graphic,0.032891635523904866,17.308514335169445,False,0.15440997599524423,0.08694945157882189,0.0010035923377650082,0.034022557376546074,0.23586198406875558,0.26037323599542095,0.24303668094267872,0.5510203070105262,0.7491234261236864,0.8700363895017962,-0.3151583229417706,0.3261086169464126,0.22448957113450257,0.0,0.0,16.75791614708853
1505,"35,177,195,76,129","14797,25482,12743,26292,17",graphicprindere Smartphone menschlichet,0.02879399969920654,17.316406770276227,False,0.150256129199891,0.08462001978116747,0.001059103181757315,0.035369913242855835,0.24173072925522954,0.26879805451475386,0.24292425900136894,0.5571115364581509,0.749239474579232,0.8701009947118961,-0.3153808072029214,0.309340773556487,0.23802563657366868,0.0,0.0,16.76904036014607
1506,"219,69,228,214,178","25895,22208,4408,13525,30831",flooded déplac accordărăTotusi,0.055190508487719975,17.332530585547925,False,0.17230400651807817,0.11976770891174841,0.0007203641578654608,0.03841046353627458,0.2304216253293137,0.26543377534816837,0.2342269960607164,0.5459736897374268,0.7582172943889379,0.8750845695927243,-0.31555206440811306,0.34165249905910366,0.21327486608317056,0.0,0.0,16.777603220405652
1507,"174,33,67,156,152","6031,25803,25300,6872,19355",tting Sauce farthereşti persoană,0.04521176781687683,17.360758444462256,False,0.16367012770490788,0.10064795492337841,0.0010479207396036474,0.03603909032698211,0.23460942036145505,0.25377058785741163,0.2369167197760621,0.5507529336792606,0.7554408053924521,0.8735463812665805,-0.31614351331780555,0.32968737039584267,0.22389540817613462,0.0,0.0,16.807175665890277
1508,"82,254,173,214,214","16771,28995,19845,13525,13525", posturefreiheitAiciărăără,0.03890933699703461,17.370628114133112,False,0.15742709593678608,0.10978821506668096,0.0011202080046069374,0.037035148971870005,0.2480633027366697,0.27110867049573173,0.23703551787950294,0.5645593827670201,0.755318175092126,0.8734783810263979,-0.3164960800303504,0.29124770646665793,0.25457640614893357,0.0,0.0,16.82480400151752
1509,"6,196,236,9,11","21014,20202,24742,3349,9161"," sportiv,000.estival Sport bro",0.03983482856567597,17.378036217243608,False,0.1595712903844639,0.09613027287642112,0.0015388053950001757,0.030843176535156874,0.23437827186561594,0.26162670185514775,0.23947292363757589,0.5508498258355162,0.7528021433418571,0.8720820353398091,-0.3164715539699003,0.3303477946696687,0.2241107240789249,0.0,0.0,16.823577698495015
1510,"22,112,143,214,203","17088,21711,9031,13525,7889", Behind bildenighără assembly,0.025064278351276226,17.380249148225058,False,0.14539808411748434,0.09645653478987042,0.0009312143270451546,0.03135188954798942,0.2361864425549423,0.25941491503461295,0.24066761153241623,0.5527223556371236,0.7515689171278284,0.8713968031084254,-0.31653591308218126,0.3251815927001648,0.22827190141583015,0.0,0.0,16.826795654109063
1511,"131,33,195,190,118","30173,25803,12743,11733,2280", machiaj Sauce Smartphoneusion km,0.03239257878972043,17.393383839322507,False,0.15571527163250046,0.091132642436018,0.0013569257238883583,0.032859616474619595,0.22833303191442955,0.2565936286356314,0.24664538568556005,0.545024978161814,0.7453983115503896,0.8679600303668596,-0.3166919462473845,0.34761990881591553,0.21116661813736454,0.0,0.0,16.834597312369226
1512,"35,42,52,214,177","14797,13483,6813,13525,25482",graphic underneath gapărăprindere,0.028761429219565787,17.401019338697978,False,0.15256436318993402,0.10252378237984376,0.000732416795282953,0.03207524151261038,0.23263826914578284,0.258922562485785,0.24760586794073647,0.5495287703931396,0.7444068459966592,0.8674065552318956,-0.3168905012473568,0.33531923101204897,0.22117504531808804,0.0,0.0,16.84452506236784
1513,"228,74,154,113,240","4408,9633,12307,25107,16145", accord bitteoara Merry earthquake,0.055607993528036276,17.418383228988255,False,0.17141464463106018,0.1256569193922141,0.0004900903883469311,0.03716885833262771,0.2507810635740677,0.27634169607555575,0.2316133022060478,0.5682246459355336,0.7609153009485958,0.8765766924770201,-0.31744358236146586,0.28348267550266365,0.2627214354122968,0.0,0.0,16.872179118073294
1514,"64,60,195,39,53","30828,4091,12743,2951,1735",DOWN rear Smartphoneches moving,0.034802281408073704,17.53120068694441,False,0.15642175921119936,0.10809872761011724,0.0008634281176298443,0.029962586579761072,0.22678357022894463,0.2424397830225374,0.2432389556062513,0.5460957240546758,0.7489146264709664,0.8699201367905842,-0.31931215382573114,0.3520469422030153,0.21354605345483502,0.0,0.0,16.965607691286557
1515,"60,202,242,214,187","4091,5457,17002,13525,20719", rearnchafficheără apărut,0.03965363118452292,17.545635231418057,False,0.16038678095942455,0.12121942669412311,0.001214254826273714,0.0360474406262049,0.22264306039883325,0.2629759092165452,0.24146629954980325,0.5421812798502894,0.7507444649808482,0.8709384022134956,-0.31953821945145616,0.3638769702890478,0.20484728855619866,0.0,0.0,16.97691097257281
1516,"194,155,93,188,142","23078,31308,19486,29904,3416",politischen mănânc vitesseweilige €,0.028233527344644377,17.55378951002395,False,0.14884107866487253,0.09982608463997752,0.0007782737879927005,0.03685695349571708,0.23239509455700916,0.2690264092161953,0.2412151026404563,0.5522080255338447,0.7510037650163032,0.8710826007673117,-0.3198129309768356,0.33601401555140237,0.22712894563076605,0.0,0.0,16.99064654884178
1517,"62,124,65,6,240","23226,28387,22276,21014,16145", imobil ressentirij sportiv earthquake,0.05392644022393106,17.561954281874467,False,0.16862333932539686,0.11510600322881935,0.0012767133240101148,0.039262021052096134,0.24687791271780213,0.26102859224902086,0.2293937982029316,0.5670232732852196,0.7632064018550383,0.8778417863129258,-0.3201453605674175,0.2946345350919939,0.26005171841159913,0.0,0.0,17.007268028370873
1518,"174,179,195,223,106","6031,3997,12743,23346,14385",ttingcht SmartphoneEQ Freunde,0.03371738937209587,17.59237026410522,False,0.15249100093130183,0.10868833622776357,-0.006305842493883201,0.035749201634157964,0.23236746555069188,0.263640311876564,0.23754722311841192,0.552918841009858,0.754789963232607,0.8731854195310341,-0.3205513754591661,0.33609295556945173,0.22870853557746218,0.0,0.0,17.027568772958308
1519,"142,228,235,242,91","3416,4408,7999,17002,21738", € accordelliaffiche bărbat,0.03173866673429451,17.602373971985152,False,0.15194249795882656,0.11130585527454986,0.0014183718190955098,0.03893852791926601,0.2491918912533203,0.2733774682066118,0.24040766244906409,0.5701393793643226,0.7518372516654822,0.871545946896052,-0.32094748811100227,0.2880231678476562,0.2669763985873835,0.0,0.0,17.047374405550112
1520,"194,253,12,9,181","23078,31728,12337,3349,27940",politischen ultraviolet mobility Sport societati,0.036159180171412314,17.642944475639307,False,0.16068130614448953,0.10080843733430372,0.0010620339156874382,0.031310130071359,0.2284311767169221,0.2624116153935662,0.24904425194615443,0.549903136909613,0.7429220625071954,0.8665770294981546,-0.3214719601926909,0.3473394950945083,0.2220069709102511,0.0,0.0,17.073598009634548
1521,"214,82,106,207,112","13525,16771,14385,8534,21711",ără posture Freunde processed bilden,0.05994269345038214,17.669334123718116,False,0.17502152007819485,0.12997417642884812,0.000860285523654969,0.03661438509843441,0.2288568095465798,0.25696195750575185,0.23015765325562543,0.5508392782931162,0.7624179063167738,0.8774066028611676,-0.32198246874653635,0.34612340129548624,0.22408728509581372,0.0,0.0,17.099123437326817
1522,"188,82,192,57,214","29904,16771,19175,23976,13525",weilige postureanalyzing déplacementără,0.03918129166120926,17.677267746711518,False,0.15753100536412462,0.09830976844525455,-0.01502361935947015,0.03344860242865652,0.2454239605387741,0.27568484469759846,0.23669942740583072,0.5677597740537822,0.7556651071939812,0.8736707461018535,-0.32233581351500806,0.2987886841749311,0.2616883867861826,0.0,0.0,17.116790675750405
1523,"35,139,31,214,53","14797,31,8221,13525,1735",graphic'imageără moving,0.04284008292355343,17.680487986109643,False,0.1623558510968082,0.09644504827986462,-0.013217981992761266,0.034233296177279285,0.2377431453896503,0.268071064267462,0.23903153634650953,0.5600472392925359,0.7532577689326353,0.8723350638679443,-0.32230409390288556,0.32073387031528483,0.24454942065007965,0.0,0.0,17.11520469514428
1524,"219,162,222,121,29","25895,5290,10038,803,28935",floodedizatWC friends Squad,0.046776529555326324,17.691796382525357,False,0.16480370889632154,0.11432901081225624,-0.008087241579701586,0.035105045740339964,0.23255049544429154,0.254057508709656,0.23605435868199043,0.555008000586197,0.7563309845863324,0.8740398396629353,-0.3224575051419055,0.33557001301630984,0.23335111241377116,0.0,0.0,17.122875257095277
1525,"11,73,217,229,154","9161,9472,15296,3147,12307", bro problèmeITY 300oara,0.05011730600081546,17.697297943679942,False,0.1680554093022805,0.11613271554061882,-0.0018125623169784717,0.034589932525329416,0.22645712018850683,0.2602198795258313,0.23587620660293007,0.548945890784062,0.7565148835066529,0.8741417467419514,-0.32248877059555514,0.35297965660426617,0.21987975729791548,0.0,0.0,17.12443852977776
1526,"194,240,173,239,142","23078,16145,19845,23267,3416",politischen earthquakeAicitolerant €,0.03850333356796254,17.705941810505742,False,0.15626865494172482,0.10323108894714694,0.0013159242224092982,0.03748441747034947,0.24528887385936424,0.27112125257849723,0.23553064274752455,0.5681721228004695,0.7568715945832004,0.8743393833360564,-0.3228832489411052,0.2991746461161021,0.26260471733437657,0.0,0.0,17.144162447055262
1527,"194,199,147,9,214","23078,11171,18956,3349,13525",politischenmatesrius Sportără,0.03721733809215458,17.791291023197314,False,0.15823331562406265,0.11806369125007113,0.0012622217268137615,0.0337729676886652,0.23454287124108608,0.2634518961895101,0.24203195506381614,0.5589298163204399,0.7501605625147705,0.8706136025448855,-0.32438694507935384,0.329877510739754,0.24206625848986646,0.0,0.0,17.219347253967694
1528,"178,236,152,243,44","30831,24742,19355,16323,15843",Totusiestival persoană Plain shaft,0.043962594141763095,17.82118495741846,False,0.1615036785173358,0.09530923417556388,0.0012145337591878192,0.03772948548807076,0.23229043804259197,0.26518174957374346,0.2350821687511454,0.5572224349541623,0.7573345354826886,0.8745958102168422,-0.3249319969115704,0.3363130341640229,0.2382720776759163,0.0,0.0,17.24659984557852
1529,"140,123,211,59,38","24800,22250,16063,31675,25012",aparut papa Pearl temporaire caption,0.04985632804319376,17.86600358029634,False,0.1658712840849392,0.11010583440177478,-0.007201217936371779,0.03756433691794899,0.22646773835295234,0.26176983607392473,0.23202991208349089,0.5521871715118543,0.7604852520428481,0.8763390256724329,-0.32571943315890195,0.35294931899156473,0.2270826033596761,0.0,0.0,17.285971657945097
1530,"239,90,121,92,38","23267,23060,803,18158,25012",tolerant răspunde friends imperative caption,0.04245533934478013,17.882568994387732,False,0.16274240345275937,0.09826511650745558,0.0008762447562561894,0.03933643713263569,0.22536091562219174,0.2560170878277816,0.24057412821595847,0.5513841020268467,0.7516654160351396,0.8714504413815174,-0.326023186404655,0.3561116696508807,0.2252980045041038,0.0,0.0,17.30115932023275
1531,"234,33,224,214,78","794,25803,1130,13525,20961", test Sauce followărăKING,0.036309207985575104,17.93635011729711,False,0.1597327601318634,0.09303367222100913,0.0013066242628934023,0.034296707440746935,0.22554899091739472,0.2552159916724776,0.2468471042925766,0.5526043152415326,0.7451900858915338,0.8678438198820243,-0.3270553243241379,0.3555743116645865,0.22800958942562805,0.0,0.0,17.352766216206895
1532,"142,94,162,229,138","3416,18852,5290,3147,9518", €kapizat 300 oferit,0.04130701253831068,17.95624775932254,False,0.1583752311711006,0.10833159914050369,0.001211141159025847,0.035911049418908464,0.22989459081395122,0.2684638302404829,0.23413643726557987,0.5573837678564674,0.7583107744355304,0.875136310944998,-0.3274891770425161,0.34315831196013935,0.23863059523659413,0.0,0.0,17.374458852125805
1533,"0,136,136,214,54","30332,2824,2824,13525,7818",lucrarea........ărăroc,0.05912130263630491,17.966511486410894,False,0.16905259029346506,0.13393304644422754,0.0013632647976140888,0.03840870721551736,0.207220230898319,0.21702744183249656,0.2198625753143203,0.5346302712873218,0.773045083546508,0.8832538846139765,-0.3274100403890028,0.40794219743337423,0.18806726952738168,0.0,0.0,17.37050201945014
1534,"0,33,179,76,100","30332,25803,3997,26292,14338",lucrarea Saucecht menschliche surroundings,0.06434973106698771,17.970540920273816,False,0.1730985044468032,0.14829543727771177,0.0012312796459867659,0.03791060289026058,0.2019766862715203,0.2117233537523856,0.21749754675963096,0.5294001347299128,0.775486403344897,0.8845916873000611,-0.32742344845839244,0.422923753509942,0.17644474384425055,0.0,0.0,17.371172422919624
1535,"116,250,106,214,189","29248,24976,14385,13525,10646", motoare situatia Freundeărătial,0.04092617402401366,17.97407943462105,False,0.15956773928597623,0.10295368848747574,0.0011171687894158345,0.032296100112324456,0.23062193143263324,0.25159803151055027,0.23728313052392513,0.5584614091342841,0.7550625749430451,0.873336630100945,-0.3278394777016509,0.34108019590676214,0.24102535363174243,0.0,0.0,17.391973885082546
1536,"165,6,42,240,119","13114,21014,13483,16145,23662",-> sportiv underneath earthquake artistique,0.04137318262821996,17.983128605079102,False,0.15825331986400512,0.10342071518473422,0.0006647147776208063,0.03662696956360053,0.2274858137865728,0.25920230672919264,0.23376027447157033,0.5554604443857966,0.7586990715132177,0.875351201249207,-0.32797463059922377,0.35004053203836344,0.23435654307954787,0.0,0.0,17.39873152996119
1537,"220,222,69,113,0","9136,10038,22208,25107,30332",holeWC déplac Merrylucrarea,0.06218450876941259,18.028285901508802,False,0.1751102250499418,0.14499194979447821,0.0014362435481236559,0.039596819671454626,0.2283246997357905,0.2556454186178078,0.22585143256105844,0.5571742437432331,0.7668630373563268,0.8798571289925096,-0.3288495440074426,0.34764371504059854,0.23816498609607353,0.0,0.0,17.44247720037213
1538,"35,247,118,214,92","14797,12327,2280,13525,18158",graphicregarded kmără imperative,0.031187499046753803,18.060620786527938,False,0.15579959233181442,0.113713026857919,0.0009083665830701583,0.03362978675228099,0.22216659888924734,0.25401405688687534,0.24922418657012124,0.5515604510189829,0.74273632354052,0.8664732041037846,-0.32939385212973554,0.3652382888878647,0.22568989115329524,0.0,0.0,17.469692606486777
1539,"35,73,130,16,187","14797,9472,15799,20538,20719",graphic problème putere trage apărut,0.045705983079777385,18.089486227948857,False,0.16573219791654378,0.09730064296096662,0.0002969106845061577,0.03786293999603831,0.2306139352683141,0.2631073126408725,0.2400524296735328,0.5606632330712048,0.7522039435628048,0.8717497177094279,-0.3300492978028907,0.34110304209053105,0.24591829571378843,0.0,0.0,17.502464890144537
1540,"42,148,239,240,71","13483,5615,23267,16145,25688", underneathitztolerant earthquake correspondent,0.04756885189061866,18.18143000643406,False,0.16450019775566777,0.11507104866729813,0.0012824403302582167,0.03238218198218799,0.2416554013335171,0.2715275797050562,0.23386269173009822,0.5735995674303823,0.7585933504721567,0.8752926986270946,-0.3319441660968652,0.3095559961899511,0.27466570540084956,0.0,0.0,17.59720830484326
1541,"219,55,50,9,210","25895,13775,21100,3349,12182",flooded Führung Coupe Sport estim,0.04843601586679916,18.195594831617857,False,0.17312848343987267,0.12342099460192306,0.0005564158007738242,0.0350605110580384,0.22891319767164695,0.2589027336443149,0.249384935146147,0.560973684692556,0.742570389526558,0.8663804388684297,-0.33206048702090907,0.345962292366723,0.24660818820568006,0.0,0.0,17.603024351045455
1542,"38,254,33,229,53","25012,28995,25803,3147,1735", captionfreiheit Sauce 300 moving,0.032307946601258686,18.204605701865155,False,0.15724615856984314,0.09018416941747523,0.0007851679771719856,0.03472475569377799,0.22980202054811924,0.26300991706478566,0.2498764239371689,0.5620458625053927,0.7420630462584062,0.866096747518908,-0.3322438419572734,0.34342279843394496,0.24899080556753925,0.0,0.0,17.61219209786367
1543,"195,185,163,92,248","12743,15058,13147,18158,6148", Smartphonetientnehm imperative mici,0.02301331064198267,18.213496846534476,False,0.14712017896088916,0.08222108106577447,0.0012354690238461032,0.033273549835170745,0.23906092306229995,0.25707864593512714,0.248213736637813,0.5715875912246599,0.743779368631935,0.8670560900900166,-0.3325266681623599,0.31696879125057154,0.27019464716591074,0.0,0.0,17.626333408117993
1544,"14,33,67,92,12","6661,25803,25300,18158,12337",sport Sauce farther imperative mobility,0.03708066216388886,18.217648020843914,False,0.1621470603045966,0.106806790351275,0.0010238919214227316,0.03314344289743668,0.22573030242202563,0.2560902062908729,0.2501327962814155,0.558174386741189,0.7417984038385389,0.8659487304214866,-0.3324440843191634,0.3550562787942124,0.24038752609153113,0.0,0.0,17.62220421595817
1545,"237,205,23,255,61","8916,24903,31052,27850,18837", restoration dispus pasageri purity manger,0.02090554555772936,18.244019233233068,False,0.14440276879516964,0.1003903063648671,0.0003555631042098274,0.03335372671868221,0.23872055855507088,0.25531818604910866,0.24699444647488056,0.571827559781784,0.7450379907356072,0.8677589259265037,-0.3331070012267131,0.317941261271226,0.2707279106261867,0.0,0.0,17.655350061335657
1546,"249,88,211,217,190","13418,11461,16063,15296,11733", breathe physique PearlITYusion,0.028040735177945447,18.253163903194707,False,0.14770150048269357,0.11023334820595275,0.0003224650646346473,0.03566130034840367,0.22128249194884592,0.24529060509683576,0.23932153060949624,0.5543525909090953,0.7529584200160039,0.8721688307836412,-0.33307009896024936,0.36776430871758303,0.23189464646465613,0.0,0.0,17.65350494801247
1547,"219,254,122,255,99","25895,28995,12759,27850,7693",floodedfreiheit beneath purity graphic,0.0188536269683115,18.27910680848523,False,0.1456094542196179,0.08895851719345654,-0.00044024440836352703,0.03089219467542187,0.22695499131065638,0.25673236496193597,0.2535116545026128,0.5605908358659742,0.7383105501908512,0.8639955702996325,-0.33363584455531786,0.3515571676838389,0.2457574130354983,0.0,0.0,17.681792227765893
1548,"114,44,110,92,154","21415,15843,24243,18158,12307",RAL shaft événements imperativeoara,0.007939007900689216,18.318581110288136,False,0.13704016743082673,0.09154965908110287,-0.009785116148445476,0.027092503613296393,0.2265753691534719,0.2442336358611026,0.258202319060275,0.5609624891274206,0.7334685738732645,0.8612767737143067,-0.33438711997394877,0.3526418024186517,0.24658330917204582,0.0,0.0,17.719355998697438
1549,"139,223,173,214,138","31,23346,19845,13525,9518",'EQAiciără oferit,0.007786549571791895,18.367026095659,False,0.13300923908887038,0.09815991300769579,0.0009921988830491613,0.029203059812644996,0.2117537016197331,0.23428719037044574,0.250445379034157,0.5468882888815283,0.7414757377711928,0.8657682258929598,-0.33513458726179524,0.3949894239436197,0.2153073086256184,0.0,0.0,17.75672936308976
1550,"39,240,96,229,25","2951,16145,11564,3147,28399",ches earthquaketata 300 bewegt,0.021751866022790695,18.37716158518943,False,0.14742468965664815,0.089977613550173,-0.0094461880334875,0.031553955102066905,0.22444470525629803,0.2520420492236817,0.2513456472677149,0.5599276742767193,0.7405464286268749,0.8652481451770268,-0.3354829690204213,0.35872941355343413,0.24428372061493175,0.0,0.0,17.774148451021066
1551,"218,199,162,250,234","6798,11171,5290,24976,794", Thinkmatesizat situatia test,0.028011918319035295,18.384637716619395,False,0.14946262231605592,0.10045218305173306,-0.0009895019494619126,0.02948945514591332,0.2308365463797004,0.26645099696791724,0.24290140799404125,0.5665403877177582,0.7492630627158284,0.8701141258512924,-0.33570384133805775,0.3404670103437131,0.2589786393727959,0.0,0.0,17.785192066902887
1552,"194,254,228,243,187","23078,28995,4408,16323,20719",politischenfreiheit accord Plain apărut,0.01185993394348453,18.39584293262395,False,0.13636602948329304,0.09782802641809038,-0.008526705439235992,0.027133399174656642,0.22807730911415486,0.2586610209925743,0.24901219107961703,0.5639621714606214,0.742955157595234,0.8665955278677493,-0.3358848623464666,0.34835054538812893,0.2532492699124921,0.0,0.0,17.79424311732333
1553,"68,35,125,121,73","15501,14797,19020,803,9472", Bewegunggraphic humaine friends problème,0.02602405097288832,18.43504904572773,False,0.14764781004299418,0.10208985091279589,0.0013027059595445867,0.03501626343974407,0.2232257828300916,0.24717237833341366,0.24324751814021173,0.5598024154118699,0.7489057877262331,0.8699152153283608,-0.33657663258177833,0.36221204905688115,0.24400536758193314,0.0,0.0,17.828831629088917
1554,"201,240,12,67,61","17624,16145,12337,25300,18837", angenehm earthquake mobility farther manger,0.028441134255528966,18.43991390399777,False,0.15423075223246308,0.11505699235436512,0.0013508095314471891,0.033996535691775055,0.22374259392115523,0.26303138436871626,0.2515792359538682,0.5604186667809442,0.7403053048218134,0.8651131510075036,-0.33667607285978896,0.3607354459395565,0.24537481506876488,0.0,0.0,17.833803642989448
1555,"7,40,118,214,133","6298,18132,2280,13525,121"," Image Vorstand kmără""",0.03463186668613863,18.45352153198951,False,0.15722600154556945,0.1229242884343692,0.0012754721280356985,0.03348707720058445,0.2228913487510688,0.24099283686244022,0.24518826971886165,0.5598176437253489,0.7469024312579493,0.8687990160452177,-0.3369262949742801,0.36316757499694624,0.24403920827855313,0.0,0.0,17.846314748714008
1556,"84,61,223,224,214","24023,18837,23346,1130,13525", LORD mangerEQ followără,0.022776963707683673,18.49482123839228,False,0.1453266812785018,0.0919869083866274,-0.023759862985225658,0.031024985729598886,0.23475583426621582,0.259270899109388,0.24509943514163623,0.5690173549306236,0.7469941314666981,0.8688501394707627,-0.33426152066440773,0.32926904495366904,0.2644830109569412,0.18799314926128285,0.0,17.713076033220386
1557,"29,24,83,49,216","28935,29668,7383,26851,9015", Squad Crisis Front représentant programmes,-0.0006381437747884078,18.501567319787963,False,0.12729880166792087,0.09303387363565159,0.0012073453594487083,0.031057904239726167,0.2256302822329494,0.24509086551602702,0.25587389088541856,0.5635099030341529,0.7358721126344067,0.8626274451433721,-0.33787962080120354,0.3553420507630017,0.25224422896478427,0.0,0.0,17.893981040060176
1558,"139,240,2,17,16","31,16145,26170,25272,20538",' earthquakeathlet grafic trage,0.028193367042886525,18.533466565413296,False,0.14960216615256092,0.09517281593898638,0.0011173410458195643,0.03575666920225521,0.24512810508185168,0.26067867762826796,0.24281759821934878,0.5838556180983597,0.74934957603164,0.8701622847381121,-0.33872751301650805,0.29963398548042375,0.297456929107466,0.0,0.0,17.936375650825404
1559,"11,69,163,10,93","9161,22208,13147,15854,19486", bro déplacnehm realm vitesse,0.03418921576136574,18.543050328942336,False,0.15490694060321303,0.09031630856786114,-0.01823691710228995,0.030001283163355975,0.23035547482111846,0.2540413670621206,0.24143544968369457,0.5690869002667756,0.7507763100039282,0.8709561127383546,-0.3387314254456571,0.3418415005110901,0.2646375561483901,0.0,0.0,17.936571272282855
1560,"154,222,255,242,237","12307,10038,27850,17002,8916",oaraWC purityaffiche restoration,0.017687937704730344,18.54962366994539,False,0.14214272685838056,0.08667426189307914,-0.012572417430527403,0.03417778811947892,0.2253670274223417,0.26523226186551346,0.24890957830730043,0.5641636755388928,0.7430610804569802,0.8666547303815398,-0.3387966481165511,0.356094207364738,0.25369705675309506,0.0,0.0,17.939832405827556
1561,"78,212,85,110,250","20961,19109,6796,24243,24976",KING nachhaltig drawn événements situatia,0.035721686709794365,18.573219726478428,False,0.15931447025248147,0.1174543379871561,0.0012184772520095867,0.028633032597345665,0.2293855061718568,0.2570491192917448,0.2471855670853742,0.5686828505533205,0.7448407049441299,0.8676487958354036,-0.33929734438146364,0.34461283950898053,0.2637396678962677,0.0,0.0,17.96486721907318
1562,"232,252,12,200,214","7578,21212,12337,3404,13525",etic Colin mobilitywareără,0.015822389709181067,18.5792409656912,False,0.14308924139567034,0.09116500425535018,-0.010240564887755219,0.030217640303164622,0.21649501667721757,0.24804869835691953,0.25453370337297854,0.5557509381075015,0.7372555320020867,0.8634039012113748,-0.33925592143028394,0.38144280949366405,0.23500208468333672,0.0,0.0,17.962796071514198
1563,"232,254,67,229,77","7578,28995,25300,3147,6177",eticfreiheit farther 300 tie,-0.007647032310634613,18.594039461954978,False,0.12415892371300359,0.08059622087779024,-0.014221351740598418,0.024638372690710703,0.22429195648110462,0.23897130403433256,0.2636119120472764,0.5639260489924748,0.7278844778866824,0.8581305774488657,-0.33963409251137017,0.35916583862541535,0.25316899776105506,0.0,0.0,17.981704625568508
1564,"35,74,33,16,63","14797,9633,25803,20538,23832",graphic bitte Sauce trage Regal,0.03284869948904051,18.601997802411116,False,0.16033889023594122,0.09317435317732138,0.0010246015616767745,0.03603727767543703,0.22404915400460684,0.2677075233970512,0.2549803814938014,0.5638326882635991,0.7367944449096243,0.8631451897022879,-0.33978353425899227,0.35985955998683755,0.25296152947466466,0.0,0.0,17.989176712949615
1565,"144,239,76,250,218","9175,23267,26292,24976,6798",|tolerant menschliche situatia Think,0.030723202074125433,18.60926388465048,False,0.15359469910086349,0.10714007470786092,-0.002182342180345575,0.03137199263722798,0.22887195434089008,0.26493913237192995,0.2457429940534761,0.5688532622152415,0.7463298125899601,0.8684797095767546,-0.3399813078743514,0.34608013045459973,0.26411836047831433,0.0,0.0,17.99906539371757
1566,"248,211,224,72,2","6148,16063,1130,7411,26170", mici Pearl follow gripathlet,0.030795620367909005,18.61390814398436,False,0.15610435609507423,0.09348127866446566,-0.006692390888801841,0.030218933419396198,0.21702512117979197,0.2438289271256242,0.25061747145433044,0.5569513272339581,0.7412980939826267,0.8656688330682061,-0.3399262060541661,0.3799282252005943,0.23766961607546247,0.0,0.0,17.996310302708306
1567,"149,162,32,229,33","18457,5290,22608,3147,25803", varstaizatoccupant 300 Sauce,0.011932526709698493,18.70640016181814,False,0.13851268877846865,0.09155546387389771,-0.005467825066201664,0.02947247712307485,0.22941720465889912,0.2474184144401981,0.2531603241375403,0.5712651980877438,0.7386732137935068,0.8641988636086371,-0.34184799342884464,0.34452227240314537,0.26947821797276394,0.0,0.0,18.092399671442234
1568,"92,240,169,211,78","18158,16145,680,16063,20961", imperative earthquake sie PearlKING,0.03438397774823429,18.710198334778795,False,0.15428837156427452,0.11210901944906036,0.0008085906996374349,0.03747337859979596,0.22184524408743453,0.25356335632184945,0.23980878763208047,0.5636739081769669,0.7524554450249492,0.8718894496253063,-0.3418286640895324,0.36615644546447274,0.25260868483770427,0.0,0.0,18.09143320447662
1569,"237,21,39,116,153","8916,10089,2951,29248,23158", restoration Animalches motoare pierdere,0.04252913879659803,18.71674556465957,False,0.161955336483114,0.09550105201431494,0.00031225951282811147,0.03283077280528019,0.2204321224960074,0.23880284313080904,0.23885239537303193,0.5623689782629961,0.7534426886471929,0.8724377368196358,-0.34193685576698873,0.3701939357256931,0.24970884058443585,0.0,0.0,18.096842788349438
1570,"237,49,12,255,53","8916,26851,12337,27850,1735", restoration représentant mobility purity moving,0.023059080676091775,18.73909170978447,False,0.14815125221095052,0.10259153664620468,0.00011887949854177978,0.03439010462974136,0.2219354653320739,0.24874828035837437,0.2501843430697175,0.5643185037301603,0.7417451942506142,0.8659189667228006,-0.3423830383980865,0.36589867047978886,0.2540411194003563,0.0,0.0,18.119151919904326
1571,"106,162,102,197,252","14385,5290,26182,2266,21212", Freundeizat correspondant24 Colin,0.03365946119069896,18.739358057489962,False,0.15366768049202423,0.11669395562585354,0.0008314857805934273,0.033958995319953555,0.2106656862293999,0.24354375327227276,0.24001643860265054,0.552916806311784,0.7522410956359736,0.8717703604719247,-0.34225112008238406,0.39809803934457166,0.22870401402618656,0.0,0.0,18.112556004119202
1572,"246,69,123,116,16","728,22208,22250,29248,20538", once déplac papa motoare trage,0.03700833742801976,18.740631141100874,False,0.15649215971336025,0.11800104172588465,0.0007580573732264896,0.03226125409705428,0.21421662519211043,0.24069299996238902,0.23896764457068098,0.5565352959814841,0.7533237217334906,0.8723716842202749,-0.34231867078937367,0.387952499451113,0.23674510218107575,0.0,0.0,18.115933539468685
1573,"168,44,67,255,91","15271,15843,25300,27850,21738",oară shaft farther purity bărbat,0.01841315568325866,18.753750843592115,False,0.14434746127334522,0.10341781023533794,-0.010133633284862945,0.025556800756769648,0.22579995513956364,0.24917960783074056,0.2518686111801731,0.5685106850337539,0.740006594910789,0.8649458877986685,-0.34271072989419027,0.3548572710298181,0.26335707785278645,0.0,0.0,18.135536494709513
1574,"21,166,98,80,12","10089,31468,9850,8787,12337", Animal ingrijire depict Abs mobility,0.04249696168429634,18.757644807671433,False,0.15969678024485273,0.10618706828533742,-0.007185716665939356,0.035104406871083974,0.21808973496308778,0.2420345788690057,0.23439963712111278,0.5607812888481406,0.7580390842620771,0.8749859215318194,-0.3426915538850528,0.3768864715340349,0.24618064188475686,0.0,0.0,18.13457769425264
1575,"121,94,25,9,111","803,18852,28399,3349,6156", friendskap bewegt Sport Pas,0.026659479510537265,18.77374532755283,False,0.15143378039991473,0.08142861089474203,0.0004189215896768962,0.03420119092418005,0.214511422260487,0.2361548250852902,0.24954860177875493,0.5574677786514438,0.7424014433251562,0.866285979467084,-0.3429563563909568,0.38711022211289425,0.23881728589209733,0.0,0.0,18.14781781954784
1576,"92,82,27,229,129","18158,16771,2600,3147,17", imperative posture sport 300t,0.023568878844088953,18.77552049036348,False,0.14822545749135788,0.08622395461542016,0.0011897700118517764,0.032713992091441026,0.2197777242712133,0.2557570720364677,0.24931315729453785,0.5628321011294953,0.7426444827927351,0.8664218618579879,-0.343054376858282,0.3720636449393905,0.2507380025099896,0.0,0.0,18.1527188429141
1577,"219,127,242,229,250","25895,23794,17002,3147,24976",flooded Verantwortlichaffiche 300 situatia,0.031527744356016324,18.786906358573475,False,0.15520911216859415,0.0992295739830326,-0.016878468592406944,0.03423159290787949,0.2258271506359861,0.27385434599226516,0.24736273562515565,0.5691731040145783,0.7446578212901619,0.86754669290756,-0.3433459533785922,0.3547795696114682,0.2648291200323962,0.0,0.0,18.16729766892961
1578,"88,104,91,255,99","11461,15091,21738,27850,7693", physiquespieler bărbat purity graphic,0.02523390947725304,18.791440065874568,False,0.15118577489271715,0.09384580201660025,-0.011471588546224412,0.03457826496503127,0.21993364910811453,0.2488526747571683,0.2519037308309282,0.5632947646444131,0.7399703423680741,0.8649255859142286,-0.34336111553629856,0.371618145405387,0.25176614365425126,0.0,0.0,18.168055776814928
1579,"11,33,81,127,248","9161,25803,1722,23794,6148", bro Sauce physical Verantwortlich mici,0.04829376256582085,18.809069297521336,False,0.16695442800504234,0.11785333437285783,-0.007217052273059292,0.03855779446499165,0.22065066384409462,0.27306306391962454,0.23732133087844298,0.5643580779163159,0.7550231423190266,0.8733147594776794,-0.3437074140722213,0.3695695318740153,0.25412906203625746,0.0,0.0,18.185370703611063
1580,"237,61,12,216,92","8916,18837,12337,9015,18158", restoration manger mobility programmes imperative,0.010721972473942631,18.81138563068419,False,0.14172009988365836,0.09362899596319596,0.0006374274106259682,0.03421286548927533,0.24023802737165267,0.26738264417592256,0.26199625481943145,0.5842279409971755,0.7295522530896191,0.8590714435834592,-0.3439899136255228,0.31360563608099234,0.2982843133270565,0.0,0.0,18.19949568127614
1581,"35,95,93,188,86","14797,3169,19486,29904,16233",graphic trouble vitesseweilige Crew,0.04089333731528966,18.81727604422601,False,0.16206589546419875,0.0872428671886792,0.0009605959075727478,0.03692533105908669,0.23311287773046138,0.26629941601067486,0.24234511629781819,0.5771289585497492,0.749837299305478,0.8704337330906827,-0.3440160808192878,0.33396320648439604,0.28250879677722046,0.0,0.0,18.200804040964393
1582,"228,90,67,229,248","4408,23060,25300,3147,6148", accord răspunde farther 300 mici,0.015213524648491433,18.82623379653567,False,0.14313386731614827,0.1059447694184302,-0.005300578721355636,0.024694085955017524,0.22801535214240798,0.24815371341714432,0.2558406853353137,0.5721409883939106,0.7359063893312892,0.8626466916789783,-0.3441256362515026,0.34852756530740575,0.2714244186531346,0.0,0.0,18.20628181257513
1583,"75,207,17,7,68","904,8534,25272,6298,15501",men processed grafic Image Bewegung,0.04338666145081216,18.83290329509385,False,0.1634826825070964,0.10190301737961464,-0.015329285699117925,0.03865580747730873,0.23277497142248094,0.2778421883517482,0.2401920421125685,0.5770861891877732,0.7520598274967035,0.8716696380438127,-0.3443112177652923,0.33492865307862585,0.2824137537506071,0.0,0.0,18.215560888264616
1584,"0,112,217,182,93","30332,21711,15296,1575,19486",lucrarea bildenITYtion vitesse,0.06182291167676998,18.840236383303978,False,0.1729215795816045,0.13829497576053906,0.001158883226884877,0.04012302603640932,0.19250320071129012,0.2002619322584093,0.22219733580966905,0.5364652129230233,0.7706350081964707,0.8819312128450444,-0.34396201221173317,0.4499908551105996,0.1921449176067184,0.0,0.0,18.19810061058666
1585,"180,73,145,33,203","31797,9472,26356,25803,7889",scrisă problème sunet Sauce assembly,0.025350352944820936,18.84906478284406,False,0.1533824701274669,0.09094148821642814,-0.0018535339872256804,0.03160397272302886,0.21760569094019644,0.26304758459045846,0.2560642343652919,0.5620419550607993,0.7356756290422793,0.862517110343156,-0.3444362641206029,0.37826945445658156,0.24898212235733186,0.0,0.0,18.221813206030145
1586,"228,162,70,156,248","4408,5290,9692,6872,6148", accordizatkoseşti mici,0.019932046549347132,18.864217740223012,False,0.14636409693772648,0.09464853851449884,0.0007775502330769125,0.03265175092109659,0.2328205804148596,0.25923084298360793,0.2528641007767587,0.5777319910077605,0.7389789927465716,0.8643702327262556,-0.3449114105929009,0.3347983416718297,0.2838488689061344,0.0,0.0,18.245570529645047
1587,"139,189,163,214,18","31,10646,13147,13525,12487",'tialnehmără adjacent,0.007583987809140463,18.898555062325205,False,0.1369384168068448,0.09134253119121641,0.0009023012768153372,0.03050535753914751,0.20826793487848003,0.22851128910258203,0.25870885799540866,0.5535383562528348,0.7329456949724814,0.8609826606875375,-0.3452704213743547,0.40494875749005704,0.23008523611741055,0.0,0.0,18.263521068717736
1588,"106,52,67,33,35","14385,6813,25300,25803,14797", Freunde gap farther Saucegraphic,0.025479821172079503,18.928429611242855,False,0.14569791362231713,0.08779289824410715,0.0011091214013748353,0.029195164258652196,0.2097533894938668,0.23450564862698298,0.24043618490047525,0.5556139369370444,0.7518078091349933,0.8715295836054705,-0.3458605474431776,0.4007046014460948,0.23469763763787646,0.0,0.0,18.293027372158882
1589,"174,124,12,9,187","6031,28387,12337,3349,20719",tting ressenti mobility Sport apărut,0.015858045277887062,18.934276704285267,False,0.14277132941283896,0.10198807332652167,-0.010509508615276301,0.026483594951254883,0.2185484144817755,0.2344400200122916,0.2538265682699038,0.5646278579313934,0.7379854779149381,0.8638133083775082,-0.34607944344961783,0.3755759586234985,0.2547285731808741,0.0,0.0,18.303972172480893
1590,"11,110,91,219,248","9161,24243,21738,25895,6148", bro événements bărbatflooded mici,0.018895799214773884,18.953863485095606,False,0.1461604102040678,0.0848729969647097,-0.020631097116777984,0.03445034534570209,0.2285222569608134,0.25386223235266575,0.25452922197858785,0.5744937870281706,0.7372601579575867,0.8634064963975034,-0.34597153006735715,0.3470792658262474,0.2766528600626012,0.031554855838899186,0.0,18.29857650336786
1591,"226,33,221,9,38","20736,25803,23481,3349,25012",esel Sauce Ensemble Sport caption,0.023175933322313463,18.980562658310525,False,0.14860070499752556,0.08863298966457675,-0.006746329265058287,0.029086789151605955,0.21027013208943726,0.24310705621814852,0.2508495433504242,0.5571352545080209,0.7410585358963363,0.8655347807278317,-0.3468651224185837,0.39922819403017923,0.23807834335115757,0.0,0.0,18.343256120929187
1592,"17,69,12,100,25","25272,22208,12337,14338,28399", grafic déplac mobility surroundings bewegt,0.038978844792282225,18.99554920993392,False,0.15940113123342223,0.09837009210058001,0.00028450261965334855,0.04043268037326159,0.22119041414452367,0.25322748381099175,0.24084457288228,0.5684752824702434,0.7513862473473238,0.8712952582894733,-0.3472848683257197,0.3680273881585038,0.26327840548942966,0.0,0.0,18.364243416285987
1593,"48,9,13,233,20","27062,3349,28688,8216,16297", pantalon Sport piston termen Graphic,0.030684185072054698,19.013257909414442,False,0.1532431001497028,0.09526169219365105,0.0006699545360643268,0.03379955744820374,0.21189029392696634,0.23631545174138738,0.2451178301552962,0.5594011936382698,0.7469751430655007,0.868839553568266,-0.34751089971130344,0.39459916020866753,0.2431137636405995,0.0,0.0,18.375544985565174
1594,"54,50,205,23,26","7818,21100,24903,31052,15157",roc Coupe dispus pasageri sporting,0.05566637828358548,19.039289704967832,False,0.17551188757870453,0.10625388734594236,-0.011408433689178142,0.025951745263195162,0.21358285068361646,0.2590807392808367,0.23969101859023811,0.5616128097840171,0.7525770130681413,0.8719569836922931,-0.3480299591004006,0.3897632837610958,0.24802846618670454,0.0,0.0,18.40149795502003
1595,"142,254,210,96,218","3416,28995,12182,11564,6798", €freiheit estimtata Think,-0.006820457541443642,19.08986123631265,False,0.12547938101722925,0.08262230488468607,-0.010841602419804006,0.02397505737668704,0.21681487767041122,0.24069575155577969,0.2645996771173458,0.5658525229574973,0.7268648494272559,0.8575548512384815,-0.34903764528708614,0.3805289209416822,0.2574500510166607,0.0,0.0,18.451882264354307
1596,"179,27,204,107,252","3997,2600,1250,798,21212",cht sport allows moment Colin,0.03385955457673101,19.125574123223288,False,0.15317455249351325,0.10733396671225956,-0.004375453787059746,0.03005674028826415,0.21350132775751218,0.24356540877774183,0.23862999583356448,0.5631825505153747,0.7536722623653528,0.8725651861989656,-0.3496812227578625,0.389996206407108,0.25151677892305485,0.0,0.0,18.484061137893125
1597,"67,68,176,255,16","25300,15501,257,27850,20538", farther Bewegungation purity trage,0.006443287915778556,19.144737692158312,False,0.13787311092123103,0.08166022465060391,0.0007405114410093118,0.03002274949838818,0.22134375528176806,0.24197272749090692,0.26285964601090495,0.5714872886608697,0.7286610105693885,0.8585687823285302,-0.35014353337910165,0.3675892706235198,0.26997175257971046,0.0,0.0,18.507176668955083
1598,"11,33,177,255,129","9161,25803,25482,27850,17", bro Sauceprindere purityt,0.008272246753607437,19.15032806706082,False,0.13710653335912987,0.09058377410802113,-0.004513218795768319,0.027711863135233272,0.2137924262756933,0.24269869000995392,0.25766857321104486,0.5639511999157721,0.7340195373305344,0.8615865753300449,-0.35015877364007886,0.3891644963551619,0.25322488870171583,0.0,0.0,18.507938682003942
1599,"168,185,71,23,214","15271,15058,25688,31052,13525",oarătient correspondent pasageriără,0.022334091179895793,19.202352130703712,False,0.14520876325581886,0.09258959170253138,-0.009319860975408194,0.030894636770220196,0.22052156210829596,0.242047034956503,0.24574934415184613,0.5717583544239998,0.7463232576497072,0.8684760536987499,-0.3512367923157038,0.36993839397629724,0.2705741209422218,0.0,0.0,18.561839615785193
1600,"208,177,21,166,1","2165,25482,10089,31468,22665",valprindere Animal ingrijirepictured,0.033824935209636836,19.21248719989626,False,0.15588157303575403,0.10290648216040617,-0.008176100289561887,0.03240667909403081,0.2080434085072765,0.23899744425149386,0.2441132756522344,0.5593225665418526,0.7480121025525323,0.8694174626425246,-0.3512791580345761,0.40559026140778137,0.2429390367596725,0.0,0.0,18.563957901728806
1601,"115,229,38,155,254","29508,3147,25012,31308,28995", pantofi 300 caption mănâncfreiheit,0.01654833573051062,19.22002170166814,False,0.14593240292317888,0.08435047055978345,0.0007347227737239061,0.03154504898607853,0.21869951903217108,0.24887023083387305,0.2587681343853365,0.570252512335022,0.7328845064409429,0.8609482363154382,-0.35155299330285095,0.37514423133665403,0.26722780518893785,0.0,0.0,18.57764966514255
1602,"32,186,91,33,99","22608,10443,21738,25803,7693",occupantû bărbat Sauce graphic,0.01144895819991712,19.229756326019046,False,0.14082406568422298,0.0755600982270692,-0.0006212923240884736,0.03058908995699344,0.21655844095710408,0.2510230872092941,0.2587502149686117,0.5682718106159138,0.7329030039033685,0.8609586430435484,-0.3517133696588097,0.38126159726541686,0.2628262458131418,0.0,0.0,18.585668482940488
1603,"140,61,217,255,49","24800,18837,15296,27850,26851",aparut mangerITY purity représentant,0.014735208736723876,19.23472146864476,False,0.14485472841403937,0.09331605180575298,-0.014087372405710084,0.02749103447605603,0.21726938256409672,0.25398479741279495,0.260239039354631,0.5690864730890766,0.7313661529242519,0.8600935766795198,-0.35181709052497984,0.37923033553115215,0.26463660686461454,0.0,0.0,18.590854526248993
1604,"242,104,146,242,33","17002,15091,20352,17002,25803",affichespieler cuiraffiche Sauce,-0.0033369059178867677,19.261035607807536,False,0.12793491638525561,0.07560081569790932,-0.0028915185829857856,0.02973644577390376,0.22063241540274556,0.24334057341634696,0.26254364460628477,0.5729942816361755,0.728987205567706,0.8587527906177163,-0.3523618662334299,0.3696216702778698,0.27332062585816774,0.0,0.0,18.618093311671498
1605,"59,248,73,117,161","31675,6148,9472,12941,7890", temporaire mici problème Listenintérieur,0.019152467790186617,19.280209590166944,False,0.14288774066856133,0.09920350210736599,0.0005877579288207147,0.035075630969012984,0.22948480374259675,0.25299992806417065,0.24747054575674943,0.5823214591621169,0.7445465334123876,0.8674845556223181,-0.35283665541952014,0.34432913216400923,0.29404768702692635,0.0,0.0,18.64183277097601
1606,"149,240,175,229,153","18457,16145,21379,3147,23158", varsta earthquakeçant 300 pierdere,0.02411900632236022,19.287710111154595,False,0.14658274589453033,0.10610055169122146,0.0010347163117846116,0.03678906740967731,0.2347527281090115,0.2527454410900709,0.2449274791443402,0.5877970582388291,0.7471716344316488,0.8689490899101395,-0.3530443301298176,0.3292779196885386,0.30621568497517576,0.0,0.0,18.65221650649088
1607,"16,104,88,214,129","20538,15091,11461,13525,17", tragespieler physiqueărăt,0.017265417102083486,19.303212003268833,False,0.14327550773831918,0.0799701886821287,-0.0017341071987417573,0.031132377966933706,0.21275885818260237,0.23353781672156038,0.2520201812724714,0.5658326303811557,0.7398501354606747,0.8648582651091037,-0.35307377219855335,0.39211754804970744,0.2574058452914571,0.0,0.0,18.653688609927666
1608,"92,217,186,229,16","18158,15296,10443,3147,20538", imperativeITYû 300 trage,0.017232695888730193,19.319183968528982,False,0.1426543292085902,0.09400502152098009,0.0012360080459863478,0.03260061035308597,0.22928850039539123,0.26062786174741065,0.25084326663972,0.5828690870316044,0.7410650150815793,0.8655384066350147,-0.3535805866362132,0.34488999887031074,0.2952646378480099,0.0,0.0,18.67902933181066
1609,"32,59,0,159,175","22608,31675,30332,3077,21379",occupant temporairelucrareaigeçant,0.017920641470298787,19.327901883295198,False,0.13873284677538741,0.11725143781878881,0.0007951555027036096,0.03475797716974501,0.2056566188487037,0.22197260919265882,0.24162441061017725,0.5591168265695382,0.750581253563688,0.87084762696457,-0.35346020772083453,0.4124096604322751,0.24248183682119598,0.0,0.0,18.673010386041728
1610,"11,138,12,9,20","9161,9518,12337,3349,16297", bro oferit mobility Sport Graphic,0.03405473668130865,19.382055257737242,False,0.16083183633681863,0.11294999088317222,0.0010987038372933244,0.03422494430233016,0.21537997863826658,0.25526970331210425,0.25355419931101997,0.5699953830099921,0.7382666329692698,0.8639709489843858,-0.3546154043717255,0.38462863246209544,0.26665640668887125,0.0,0.0,18.730770218586276
1611,"114,254,21,198,153","21415,28995,10089,3484,23158",RALfreiheit Animalgra pierdere,0.009276908799547817,19.390951327030407,False,0.13471763801040273,0.08337263152649366,-0.011584186354131885,0.028307367255636335,0.21157607435334555,0.23326441691222063,0.25088145842170984,0.5663155809117193,0.7410255913066222,0.8655163439117081,-0.3547395065583737,0.3954969304190127,0.25847906869270953,0.0,0.0,18.736975327918685
1612,"182,61,228,214,142","1575,18837,4408,13525,3416",tion manger accordără €,-0.0014842466573584123,19.396884866313716,False,0.12754146600139893,0.09084512903993844,-0.005797172734078597,0.027643775406877694,0.21639500175851456,0.23992079932938962,0.2580514253175147,0.5713067180649294,0.7336243351561139,0.8613643681291242,-0.3549117163064148,0.3817285664042441,0.26957048458873195,0.0,0.0,18.74558581532074
1613,"131,254,9,242,187","30173,28995,3349,17002,20719", machiajfreiheit Sportaffiche apărut,-0.00305248061736324,19.40204035793584,False,0.12801524657451757,0.08878404857501578,-0.00029958990296813907,0.0282323167974437,0.2164679012700288,0.244703847044858,0.2621354543837616,0.5714792260726911,0.7294085632167622,0.8589904223076288,-0.3550113248026623,0.381520282085632,0.26995383571709125,0.0,0.0,18.750566240133114
1614,"126,12,242,160,248","7253,12337,17002,20437,6148",rai mobilityafficheenţa mici,0.029315499805900147,19.41074885942413,False,0.15596910570212252,0.10311024370275332,-0.009251869175798776,0.029912771728174206,0.21886843217663704,0.26530097046896434,0.25330721179244475,0.5740757013045354,0.7385215878271538,0.8641138745602661,-0.3552072691278984,0.3746616223524656,0.2757237806767454,0.0,0.0,18.76036345639492
1615,"219,90,252,9,106","25895,23060,21212,3349,14385",flooded răspunde Colin Sport Freunde,0.01646991799615069,19.414809053547824,False,0.14450360259415593,0.09241072405678062,-0.0065239915702287364,0.02935336494375494,0.2055946242536125,0.2431584343300536,0.2560673691960105,0.5607182580966694,0.7356723930879892,0.8625152930841223,-0.3551236338430569,0.4125867878468214,0.24604057354815423,0.0,0.0,18.756181692152847
1616,"241,229,109,172,201","31980,3147,12922,13910,17624",réglage 300kettlebt angenehm,-0.008556832473554724,19.431386268277663,False,0.12218242222432822,0.06870887381893284,-0.0019572990643057227,0.026948866116691787,0.2098828231820541,0.23098791500159002,0.2614785093957659,0.5653760292090373,0.7300866999785642,0.8593727308940132,-0.3554932060269832,0.40033479090841684,0.2563911760200828,0.0,0.0,18.77466030134916
1617,"48,168,242,7,129","27062,15271,17002,6298,17", pantalonoarăaffiche Imaget,0.008848969844401755,19.490495435866404,False,0.13847615952172587,0.08389773653244553,0.0007269069551050223,0.03406133966881629,0.20271847126131456,0.2311887195266998,0.25925437935464823,0.5592564503829061,0.7323825761500405,0.8606658007875948,-0.35653797912159146,0.4208043678248155,0.24279211196201342,0.0,0.0,18.826898956079575
1618,"48,140,43,229,189","27062,24800,25627,3147,10646", pantalonaparut Exterior 300tial,0.027191137779195435,19.49476911668534,False,0.15432605247418338,0.08953075579280306,0.0006770920281052419,0.03184312743495223,0.2061497082707268,0.23666542882832553,0.2542698293899759,0.5628112410008196,0.7375279180490572,0.8635566979706799,-0.3566615327300928,0.4110008335122091,0.2506916466684879,0.0,0.0,18.833076636504643
1619,"169,209,84,92,42","680,31192,24023,18158,13483", sieDeveloped LORD imperative underneath,-0.004307170297717017,19.498693785707953,False,0.1265999020958333,0.0951916318639596,0.001232536801187767,0.030694246132293126,0.21780685185457968,0.234930484946147,0.26181414478710063,0.5746852660107451,0.7297402376391219,0.8591774294130983,-0.3568784141561654,0.37769470898691515,0.2770783689127669,0.0,0.0,18.84392070780827
1620,"11,254,144,235,11","9161,28995,9175,7999,9161", brofreiheit|elli bro,-0.008104032736615377,19.500090468463018,False,0.12435995272236998,0.08144943745274942,0.001402033432411659,0.02700830898653966,0.22562032069281365,0.23399872777351957,0.2649279709179707,0.5826204764195257,0.7265259655040303,0.857363417158692,-0.35700015572671207,0.35537051230624667,0.29471216982116827,0.0,0.0,18.850007786335603
1621,"73,11,131,197,126","9472,9161,30173,2266,7253", problème bro machiaj24rai,0.007844214374426756,19.505131584276903,False,0.13483040912710723,0.08864399974735217,-0.016085207418741726,0.02685287471912134,0.20554483230176582,0.22766019393146864,0.25397238950536094,0.5623974411472112,0.7378349527686596,0.8637288987261217,-0.35685260884544545,0.4127290505663833,0.24977209143824716,0.0,0.0,18.842630442272274
1622,"133,124,122,9,212","121,28387,12759,3349,19109",""" ressenti beneath Sport nachhaltig",0.012052126471157054,19.52344703072396,False,0.14074585247271076,0.0906665740884158,0.00018821404651554475,0.02655518441505571,0.21026439090457677,0.22776289684191006,0.2573874520031074,0.5675251017166718,0.7343097269645342,0.8617497014776928,-0.35726071081209504,0.3992445974154949,0.2611668927037151,0.0,0.0,18.863035540604752
1623,"23,205,245,130,162","31052,24903,23156,15799,5290", pasageri dispusceşti putereizat,0.022594642442068408,19.524809610676403,False,0.15105676704706847,0.09696327089456787,0.0010418433507535852,0.03446679674995327,0.20845820456665606,0.25755167752643643,0.2569242492100001,0.5657230476229721,0.7347878717832257,0.8620184167348166,-0.357264843056316,0.40440512980955406,0.25716232805104905,0.0,0.0,18.8632421528158
1624,"110,154,40,235,236","24243,12307,18132,7999,24742", événementsoara Vorstandelliestival,0.007879663386560848,19.536538572837074,False,0.13650024032933425,0.07752477216038489,0.0016691000541196044,0.03569377723582413,0.21250481641596852,0.2525941544822932,0.2572411538855468,0.5700434555483012,0.7344607443762098,0.861834581642239,-0.35753863913233264,0.39284338166866134,0.2667632345517803,0.0,0.0,18.876931956616634
1625,"134,222,67,255,113","28448,10038,25300,27850,25107", senzatiWC farther purity Merry,0.003026800963459614,19.551525726688627,False,0.13288599022396388,0.08278516046275707,0.00034080146751857003,0.022690997080724227,0.21119092668252334,0.23224089599738887,0.25971837852100854,0.5690005795240688,0.7319036092686363,0.8603962002932088,-0.3578096528415454,0.3965973523356475,0.2644457322757084,0.0,0.0,18.89048264207727
1626,"11,229,135,229,164","9161,3147,19890,3147,6303", bro 300 pursu 300itati,-0.004295407645640487,19.571110886057696,False,0.12851175178601484,0.06684763412949486,0.0010895797821304897,0.030642905184164303,0.21992591160027153,0.23537068189976304,0.26561431886331066,0.5782167998329906,0.725817477302389,0.8569630570431198,-0.35829088823271904,0.37164025257065275,0.2849262218510901,0.0,0.0,18.91454441163595
1627,"190,28,216,73,100","11733,5378,9015,9472,14338",usion neck programmes problème surroundings,-0.0041106062705787705,19.571782907498097,False,0.1282241379496,0.07665064636790764,-0.02205479287672401,0.02299280280415507,0.2192089286833224,0.2503598594596233,0.26466948844035754,0.5755366134122076,0.7267927861260826,0.8575141465653161,-0.3563276847288852,0.3736887751905074,0.27897025202712805,0.10273964383620045,0.0,18.81638423644426
1628,"110,207,117,47,30","24243,8534,12941,27265,22706", événements processed Listen klickenmog,0.005889826314962127,19.574335798053543,False,0.13380777461148594,0.06780682069813547,0.0003379052176577414,0.030344487452200506,0.2184310241616595,0.23162280303294216,0.2558358965930476,0.5767654911050758,0.7359113325491121,0.8626494672849178,-0.3583344669434163,0.3759113595381157,0.28170109134461285,0.0,0.0,18.916723347170816
1629,"237,44,154,10,187","8916,15843,12307,15854,20719", restoration shaftoara realm apărut,0.015170558962977171,19.583940875651926,False,0.14235010971387027,0.09737882803866627,-0.015551389302768908,0.028256494222332344,0.20949382057534585,0.23242540181884264,0.2543591015017862,0.5679035555264356,0.7374357661917046,0.8635050078014683,-0.35840973495108974,0.40144622692758325,0.2620079011698568,0.0,0.0,18.920486747554488
1630,"49,141,46,255,41","26851,25205,18927,27850,3852", représentantizeze rar purity rep,-0.0016819112837797023,19.605636205075324,False,0.13153116468424159,0.07725897284385978,0.0005228599224643139,0.025550170026499747,0.20637754530725735,0.23474927941061097,0.2664261519360426,0.5651648348914627,0.7249794560660205,0.8564892574130498,-0.35878728958420536,0.4103498705506932,0.2559218553143616,0.0,0.0,18.93936447921027
1631,"29,254,81,69,252","28935,28995,1722,22208,21212", Squadfreiheit physical déplac Colin,0.019472084089925706,19.62157131030432,False,0.1418200787247161,0.10685853149757132,0.00027748795055346226,0.03550967417342745,0.21667537029919137,0.2344782402051063,0.2446959892695808,0.5758930017159511,0.7474105917217231,0.8690822807596639,-0.3592176314167598,0.38092751343088177,0.279762226035447,0.0,0.0,18.96088157083799
1632,"182,132,33,113,76","1575,6889,25803,25107,26292",tion ihm Sauce Merry menschliche,0.020238225084686173,19.623924095141117,False,0.1477501614008571,0.08916911535050465,-0.006837489026312531,0.029426882966446546,0.2068579404441234,0.2309801651240846,0.25502387263234183,0.5660012643382436,0.736749550831131,0.8631199959262085,-0.3591433238941202,0.40897731301679024,0.2577805874183191,0.0,0.0,18.95716619470601
1633,"1,149,217,255,142","22665,18457,15296,27850,3416",pictured varstaITY purity €,-0.007880670964949404,19.631523387992885,False,0.12661946570273,0.07222459174953973,0.0007519430290099161,0.023922485678651063,0.20645801533296884,0.23147592170611683,0.2690002733353588,0.5657419952894644,0.7223222984925328,0.8549852201439749,-0.35928397995649564,0.41011995619151753,0.25720443397658765,0.0,0.0,18.96419899782478
1634,"194,25,186,104,164","23078,28399,10443,15091,6303",politischen bewegtûspieleritati,0.0004953406143237693,19.657479143730463,False,0.12749105989555343,0.07687364819875568,-0.01017517751736539,0.02945894812230952,0.21127762976090853,0.2429756850085926,0.2539914385624593,0.5711172319631747,0.7378152892258485,0.8637178714357719,-0.35983960220226613,0.39634962925454703,0.2691494043626103,0.0,0.0,18.991980110113307
1635,"123,222,144,95,248","22250,10038,9175,3169,6148", papaWC| trouble mici,-0.0020888625948035366,19.690381448396963,False,0.12750419143986716,0.08761405342397544,-0.0034286741328183818,0.025713805330376663,0.21089249310992314,0.2227929661025183,0.2591861080693414,0.571357456931627,0.7324530497348734,0.86070546177578,-0.36046496382170384,0.39745001968593385,0.26968323762583774,0.0,0.0,19.02324819108519
1636,"139,124,228,9,154","31,28387,4408,3349,12307",' ressenti accord Sportoara,-0.00636715118464129,19.709543238210305,False,0.12700513954422085,0.07705496542997813,-0.013880386034174285,0.02246344555497162,0.20228113078487353,0.21941437582064946,0.2667445814577243,0.5630083250823338,0.7246507546242846,0.8563033449323176,-0.36072719429746025,0.42205391204321846,0.251129611294075,0.0,0.0,19.03635971487301
1637,"194,151,79,163,3","23078,1110,5206,13147,22526",politischen seinricknehm martial,0.005293211409206439,19.72010387031641,False,0.13211655777996142,0.07818673203366253,0.0003108159028864966,0.028980615016609177,0.2145797423425103,0.23164053791306086,0.25364669274150997,0.5756586887022775,0.7381711558797316,0.8639174192354788,-0.3610789463597672,0.386915021878542,0.2792415304495056,0.0,0.0,19.053947317988364
1638,"219,44,43,92,138","25895,15843,25627,18158,9518",flooded shaft Exterior imperative oferit,0.02745406208731674,19.729883986546522,False,0.1563400102934687,0.08620476087335281,-0.031165552663016054,0.029047926650095337,0.2096267829659765,0.25189307707135494,0.2577718964123039,0.5601423670336267,0.7339128811227831,0.8615266122341759,-0.35051558406765027,0.4010663343829242,0.24476081563028163,0.5582776331508027,0.0,18.525779203382513
1639,"62,254,216,242,129","23226,28995,9015,17002,17", imobilfreiheit programmesaffichet,-0.0013209284504480112,19.828141646195704,False,0.12723976005581022,0.08833025114600561,-0.004513183684421539,0.02720646362358205,0.22228053057071803,0.23673335449408375,0.25712137701251647,0.5855219120093679,0.7345843850193379,0.8619040683205316,-0.3632413814386498,0.36491276979794846,0.3011598044652619,0.0,0.0,19.162069071932493
1640,"226,151,134,214,142","20736,1110,28448,13525,3416",esel sein senzatiără €,-0.02311158597237374,19.82968952652456,False,0.11366278664166639,0.08093333866472849,-0.00489875572697902,0.024227622947678034,0.21093986767371428,0.23340165156407447,0.27354874522808026,0.574073008974017,0.7176271017000462,0.8523210983965607,-0.3631331413003027,0.39731466378938773,0.2757177977200378,0.0,0.0,19.156657065015136
1641,"232,164,30,214,214","7578,6303,22706,13525,13525",eticitatimogărăără,-0.010437972507105861,19.85713709581942,False,0.12421220220570424,0.09064879048293013,-0.015392184572279016,0.023533440948390452,0.2044570797505702,0.24220341402193393,0.2693003494256202,0.5680369947130767,0.7220125425283921,0.8548097160037313,-0.36357991496250647,0.41583691499837083,0.2623044326957259,0.0,0.0,19.178995748125324
1642,"195,185,195,174,248","12743,15058,12743,6031,6148", Smartphonetient Smartphonetting mici,-0.01566051769492062,19.881869261650422,False,0.1165751645345751,0.06989530355163792,0.0012126636057906536,0.02639753903223589,0.20663241517052824,0.21859971888766286,0.26447136445899144,0.5707123726449348,0.7269973012036217,0.8576296610664819,-0.3640799574744066,0.4096216709413478,0.26824971698874395,0.0,0.0,19.20399787372033
1643,"237,139,47,172,187","8916,31,27265,13910,20719", restoration' klickenlebt apărut,-0.010292112955147911,19.90622183943959,False,0.1241053675422474,0.08338091986035069,-0.004332669919450071,0.02980311560403931,0.21376230073739147,0.22718800381116958,0.2687949609947906,0.5783952697082698,0.722534233811829,0.8551052794862217,-0.3646329689708784,0.3892505693217386,0.2853228215739329,0.0,0.0,19.23164844854392
1644,"0,80,146,143,187","30332,8787,20352,9031,20719",lucrarea Abs cuirigh apărut,0.038622075785495064,19.908900367035177,False,0.15668249632987388,0.12530184307286693,0.0008995455799456654,0.03735698896057733,0.17803908727122278,0.18693003541814257,0.23612084108875764,0.542289022412276,0.7562623575857985,0.874001807155593,-0.3642499351410532,0.49131689351079205,0.2050867164717243,0.0,0.0,19.21249675705266
1645,"248,69,242,255,53","6148,22208,17002,27850,1735", mici déplacaffiche purity moving,0.018886891023607105,19.920954370113225,False,0.14862509356584055,0.08628902352805089,0.0002903040411276649,0.03470527340664752,0.20053723312276894,0.22880001018392157,0.2594764050844669,0.565291523287524,0.7321533882999052,0.8605368062526629,-0.364754290164755,0.42703647679208867,0.2562033850833866,0.0,0.0,19.23771450823775
1646,"232,252,246,12,53","7578,21212,728,12337,1735",etic Colin once mobility moving,0.011441749458194678,19.925764539412608,False,0.1407106400033902,0.08614449388597636,-0.012568345178773343,0.027387989179126302,0.20304705566085823,0.23319314470799002,0.25853778109039105,0.5679239700102287,0.7331222904873382,0.8610820047530949,-0.3648769143493704,0.4198655552546907,0.262053266689397,0.0,0.0,19.24384571746852
1647,"174,254,71,7,62","6031,28995,25688,6298,23226",ttingfreiheit correspondent Image imobil,0.030682188258040838,19.93338507799757,False,0.15640027250624852,0.1029882878721136,-0.01399882127014912,0.03281459915774688,0.19550951971817637,0.23495800405219325,0.25143616849641537,0.5604407175001137,0.7404529873585389,0.8651958341922277,-0.36493119778193733,0.4414013722337818,0.24542381666691931,0.0,0.0,19.24655988909687
1648,"117,124,122,17,48","12941,28387,12759,25272,27062", Listen ressenti beneath grafic pantalon,0.0013749201776361575,19.944086357911488,False,0.129058991888345,0.0872972192993574,-0.00886171621529198,0.02863509566949528,0.20544981686290098,0.22337251542569295,0.25536814342141767,0.5707067874473811,0.7363941745327302,0.8629205389713368,-0.36525697058448015,0.4130005232488543,0.2682373054386247,0.0,0.0,19.26284852922401
1649,"106,124,170,184,248","14385,28387,13602,20351,6148", Freunde ressentiffenüchte mici,-0.004643066064718829,19.946778952790353,False,0.12476849487632895,0.08104774343390991,0.0010292743871442912,0.02801377695930903,0.21181309750945018,0.2344749212507273,0.25882312188209555,0.5771989935356417,0.7328277451539659,0.8609163014590352,-0.36538589602619154,0.39481972140157084,0.28266443007920383,0.0,0.0,19.269294801309577
1650,"234,210,47,127,248","794,12182,27265,23794,6148", test estim klicken Verantwortlich mici,-0.005193744895391622,19.95335726276652,False,0.12971109833295189,0.08315562800532583,-0.007785657833434399,0.029892426881682057,0.21671082386676827,0.24662872415187112,0.269809686456687,0.5822822343558143,0.7214867752705166,0.854511739851076,-0.365571410489046,0.3808262175235192,0.29396052079069834,0.0,0.0,19.278570524452302
1651,"16,134,242,92,227","20538,28448,17002,18158,15782", trage senzatiaffiche imperative Demo,0.027921926516198986,19.958064803969954,False,0.1524038277713148,0.0962515589511454,-0.002966267508144665,0.03236541715281863,0.2105581284744159,0.24520169321489693,0.24896380251023165,0.5761448785622834,0.7430051070862125,0.8666234461920405,-0.36558675008786745,0.3984053472159545,0.2803219523606297,0.0,0.0,19.27933750439337
1652,"97,125,24,156,200","31302,19020,29668,6872,3404", reacți humaine Crisiseştiware,0.020869443251288033,20.052659447916326,False,0.1421341674882859,0.08700119418063149,0.0011471738250142971,0.040020184758996456,0.21058055147118326,0.2362692538110239,0.2425294484739957,0.5779789609780452,0.749647020930069,0.8703278414057569,-0.367398409506862,0.3983412815109049,0.2843976910623227,0.0,0.0,19.3699204753431
1653,"9,58,154,9,53","3349,28310,12307,3349,1735", Sport Illustrationoara Sport moving,0.016165751649800303,20.061833245359363,False,0.1428208265601624,0.09707700181796101,0.0009275139413432999,0.03416714125029371,0.20203086104855744,0.23116287789074022,0.2533101498207242,0.5695009914131721,0.7385185550237686,0.8641121745348088,-0.3674701303646147,0.42276896843269296,0.265557758695938,0.0,0.0,19.373506518230734
1654,"139,240,79,73,187","31,16145,5206,9472,20719",' earthquakerick problème apărut,0.012358873823265781,20.07804744157025,False,0.13979123169199698,0.09249947387470261,-0.0159658705788655,0.028771749195947615,0.21781484274688473,0.23413545657851853,0.2548647157374624,0.5857873602328425,0.7369138418193937,0.8632121895933453,-0.3679725174859578,0.3776718778660436,0.30174968940631663,0.0,0.0,19.39862587429789
1655,"228,162,33,94,203","4408,5290,25803,18852,7889", accordizat Saucekap assembly,0.013544738832069109,20.08401191189495,False,0.13943291524116777,0.09804349896230158,0.0011204657197581014,0.031270795740396304,0.20421955217270749,0.22625008599095234,0.2517763528181973,0.5721409906335859,0.7401018293489576,0.86499921802381,-0.36792143846087844,0.4165155652208357,0.2714244236301909,0.0,0.0,19.396071923043923
1656,"254,112,242,166,234","28995,21711,17002,31468,794",freiheit bildenaffiche ingrijire test,0.00434529712912099,20.08614529284456,False,0.13608769691499187,0.07531363372908921,-0.01906125285361617,0.026744828443326138,0.2160199671439063,0.24502221439427432,0.26348479957174176,0.5841257276712508,0.7280156907646537,0.8582046378505876,-0.3681057605273445,0.3828000938745534,0.2980571726027796,0.0,0.0,19.405288026367227
1657,"8,47,122,255,146","17682,27265,12759,27850,20352",Sport klicken beneath purity cuir,0.006941215706240927,20.087426236311504,False,0.13995040055580507,0.07697108024149697,-0.012659564247962366,0.023617327622858467,0.2090793583208678,0.2428613762300793,0.2660183696991283,0.5771252632510986,0.7254003925686417,0.8567272788354948,-0.3680459049302308,0.40263040479752055,0.2825005850024413,0.0,0.0,19.402295246511542
1658,"44,124,63,255,129","15843,28387,23832,27850,17", shaft ressenti Regal purityt,-0.006740628015715344,20.094956297079374,False,0.12620041355500783,0.07335976311614785,0.0009818215991085012,0.02564587384703648,0.2122380804982948,0.231591037655177,0.26588208314144635,0.5804665819985781,0.7255410754668941,0.8568068141994166,-0.36822850150028336,0.3936054842905863,0.28992573777461805,0.0,0.0,19.41142507501417
1659,"228,136,119,93,227","4408,2824,23662,19486,15782", accord.... artistique vitesse Demo,-0.0009962486651844682,20.11103786060168,False,0.12756940878656056,0.07216592900017064,-0.004205480260222604,0.023913376407098428,0.20554447737572615,0.22712939830118442,0.25713131490349006,0.5739995425164358,0.7345741265512361,0.8618983032217373,-0.3684550651407097,0.4127300646407824,0.2755545389254129,0.0,0.0,19.422753257035485
1660,"175,59,76,229,255","21379,31675,26292,3147,27850",çant temporaire menschliche 300 purity,0.0022423725147241724,20.114969016365606,False,0.13410586528840837,0.07205362645840382,-0.004583453231380179,0.030102256381993056,0.22009453184215688,0.24879090714964422,0.2637269855473684,0.5888017747919196,0.7277656923382003,0.8580635258840872,-0.36870724294976276,0.3711584804509803,0.3084483884264881,0.0,0.0,19.43536214748814
1661,"142,254,14,188,203","3416,28995,6661,29904,7889", €freiheitsportweilige assembly,-0.01891728381945164,20.158468562068787,False,0.11591391865170846,0.0687587134824406,-0.009295441343563719,0.023543057699698295,0.19540615685423576,0.22005834534636814,0.2696624049423202,0.5646462072142671,0.7216388078014759,0.8545979142600805,-0.36924005036003127,0.4416966947021835,0.25476934936503787,0.0,0.0,19.462002518001565
1662,"97,236,166,255,187","31302,24742,31468,27850,20719", reacțiestival ingrijire purity apărut,-0.0009195309633358295,20.165770519636922,False,0.13159153955027517,0.08098721277000437,-0.0088406658507435,0.025200377745814285,0.2178563701775388,0.2300832625384337,0.265022141027222,0.5875091961788238,0.7264287576493192,0.8573084969675607,-0.369652826001285,0.3775532280641748,0.3055759915084973,0.0,0.0,19.48264130006425
1663,"228,157,195,89,248","4408,27499,12743,14303,6148", accordizant Smartphoneamba mici,0.016637308949313367,20.183613499244178,False,0.14333077064750044,0.11395106551141963,-0.016435821665241133,0.026702214481696147,0.20765935965429588,0.2509148738639258,0.25338692339637414,0.5775298839213339,0.7384393048811622,0.8640677500078485,-0.369870524267038,0.4066875438448689,0.28339974204740853,0.0,0.0,19.4935262133519
1664,"228,206,59,214,232","4408,17140,31675,13525,7578", accordliga temporaireărăetic,-0.014460744745530052,20.26698254757827,False,0.12062081644062672,0.0777077437487204,-0.009559242385938815,0.027880237351727146,0.19916347175594146,0.22467261278255343,0.27016312237231355,0.5705271311382115,0.7211219381963215,0.8543049090504434,-0.37136365938227006,0.43096150926873866,0.26783806919602554,0.0,0.0,19.568182969113504
1665,"203,42,173,16,38","7889,13483,19845,20538,25012", assembly underneathAici trage caption,0.0004227938933693831,20.274043351634234,False,0.12902132509881178,0.07754490327139246,-0.020665909503050726,0.02796327381640971,0.19726643460507728,0.21277973362759048,0.2571970624108848,0.5681046636636031,0.734506258156506,0.8618601612727642,-0.3708382290585258,0.43638161541406484,0.26245480814134026,0.033295475152536266,0.0,19.541911452926293
1666,"174,132,75,214,53","6031,6889,904,13525,1735",tting ihmmenără moving,-0.009345349287632199,20.28012366317205,False,0.12473858213407119,0.0709319452571701,-0.014162012119262744,0.024112305868122522,0.1946110428779473,0.22083425405332877,0.26816786284340677,0.5661709919645603,0.7231815609358382,0.855471879816393,-0.37155994908661305,0.4439684489201505,0.2581577599212452,0.0,0.0,19.577997454330653
1667,"182,73,131,9,59","1575,9472,30173,3349,31675",tion problème machiaj Sport temporaire,0.002714090184490786,20.29018061743163,False,0.13251763173505446,0.07989753494258464,-0.005841388034450522,0.028601807579279288,0.2125705488894425,0.24379249516089732,0.25960708310112734,0.5845414306079137,0.7320184948633525,0.8604608747054526,-0.37197088171847126,0.39265557460159284,0.29898095690647497,0.0,0.0,19.598544085923564
1668,"38,237,242,71,231","25012,8916,17002,25688,21815", caption restorationaffiche correspondent stained,0.022273894893482943,20.294981767073008,False,0.14914313725312242,0.08586491184254383,0.0004613586099808277,0.0328993162882547,0.19943025761949418,0.24183857899528052,0.25373848471927896,0.57133331586581,0.7380764028704218,0.8638642921667274,-0.37190305824631587,0.4301992639443023,0.26962959081291116,0.0,0.0,19.595152912315793
1669,"58,146,44,113,254","28310,20352,15843,25107,28995", Illustration cuir shaft Merryfreiheit,-0.011895497693337212,20.333244752707866,False,0.12481745486148697,0.07015049145818462,0.0007160373329129056,0.025143181937494662,0.20042777992783994,0.23679880298086187,0.27342590510964837,0.57307566157456,0.7177539044029436,0.8523931574633572,-0.3726478816467201,0.42734920020617156,0.27350147016568893,0.0,0.0,19.632394082336006
1670,"92,240,186,161,62","18158,16145,10443,7890,23226", imperative earthquakeûintérieur imobil,0.0026535127744167497,20.344014922711075,False,0.13324614942314764,0.0963653930524179,-0.011113980083734258,0.03109269420218536,0.21170012610787267,0.23716849088122013,0.2611852732974618,0.5846912948541075,0.7303893953058459,0.8595433245058322,-0.37299116874623484,0.39514249683464947,0.2993139885646834,0.0,0.0,19.649558437311743
1671,"39,71,146,23,253","2951,25688,20352,31052,31728",ches correspondent cuir pasageri ultraviolet,0.015552693854106098,20.349499202357546,False,0.14466172060349672,0.08051535239295766,-0.000776268787385692,0.030526603560599833,0.19451906234168193,0.21564839016455464,0.25821805349878124,0.5674063608955399,0.7334523318722258,0.8612676392975755,-0.37288729855385794,0.4442312504523373,0.26090302421231076,0.0,0.0,19.644364927692898
1672,"92,183,12,255,183","18158,23,12337,27850,23", imperativei mobility purityi,-0.009606322950291707,20.353189977598017,False,0.12501397622907182,0.07827384935354346,0.0007910746710826478,0.02334861162943822,0.20294359030077222,0.22155938212421367,0.26924059835872705,0.5760039891459716,0.7220742210490559,0.8548446652119162,-0.37306039884519937,0.4201611705692222,0.2800088647688258,0.0,0.0,19.65301994225997
1673,"149,95,239,133,9","18457,3169,23267,121,3349"," varsta troubletolerant"" Sport",0.008102590537042903,20.354166437791054,False,0.1367886675580944,0.07131294572537955,-0.010343750602687794,0.02120608157470877,0.1940913724312888,0.22501383297278857,0.257372154042103,0.5670628437012244,0.7343255184081517,0.8617585775365958,-0.3729714712699356,0.44545322162488915,0.2601396526693875,0.0,0.0,19.64857356349678
1674,"113,240,14,117,245","25107,16145,6661,12941,23156", Merry earthquakesport Listenceşti,0.012712562932209764,20.386003893760375,False,0.1422953945298492,0.09607440187693769,-0.0015285516683735617,0.028614427612643014,0.20134712453064546,0.23677745860215293,0.2591656631952789,0.5750164650437547,0.7324741541210025,0.8607173385059238,-0.37366934051310924,0.4247225013410129,0.2778143667638993,0.0,0.0,19.683467025655464
1675,"69,205,22,165,10","22208,24903,17088,13114,15854", déplac dispus Behind-> realm,0.01647237171775745,20.418647502024037,False,0.14325596129739826,0.08926954671301032,-0.006882828467393297,0.029859024372799792,0.19462797062249704,0.23200192437973585,0.2535671791592816,0.568840709665784,0.7382532344162255,0.863963437212894,-0.374212739043287,0.44392008393572274,0.2640904659239645,0.0,0.0,19.71063695216435
1676,"117,197,59,217,93","12941,2266,31675,15296,19486", Listen24 temporaireITY vitesse,0.003265337274994201,20.429331045840858,False,0.13447374499905082,0.08655075268526652,0.0011642764542466489,0.027910127926114765,0.21913764255850712,0.2426010830936891,0.26241681544811324,0.5938529500327667,0.7291181259890444,0.8588266324188408,-0.37471530747425963,0.37389244983283676,0.31967322229503714,0.0,0.0,19.735765373712983
1677,"11,64,200,63,248","9161,30828,3404,23832,6148", broDOWNware Regal mici,-0.015372221148271414,20.434539663469977,False,0.12091387833426182,0.07466387969001889,-0.014090700277152294,0.02346703145807322,0.19693793432989115,0.22083624699838764,0.27257219896506646,0.5714830760234486,0.7186351494554153,0.8528937806285924,-0.37454514169355746,0.43732018762888236,0.26996239116321913,0.0,0.0,19.727257084677873
1678,"92,162,216,112,187","18158,5290,9015,21711,20719", imperativeizat programmes bilden apărut,0.043693594132051705,20.44397319355431,False,0.16404361426434821,0.1071782268351911,0.0009558834141370766,0.03489395746066671,0.19086984175900584,0.24592384407288778,0.24070004026459302,0.5655218493165383,0.7515354423075169,0.8713781955818076,-0.3746520075575324,0.454657594974269,0.25671522070341835,0.0,0.0,19.732600377876622
1679,"182,33,67,16,53","1575,25803,25300,20538,1735",tion Sauce farther trage moving,0.013286083157159762,20.498234952125443,False,0.14215479861047345,0.08152904829491843,-0.006887219245368597,0.027521362866721813,0.1894748832312837,0.2284530015440883,0.2577374309066274,0.5651489857580783,0.7339484584189653,0.8615466145794856,-0.37567410252679456,0.45864319076776083,0.25588663501795167,0.0,0.0,19.78370512633973
1680,"16,124,63,92,248","20538,28387,23832,18158,6148", trage ressenti Regal imperative mici,0.014655786890331951,20.498374063251898,False,0.14282615085446435,0.07315310128845602,0.0009690834492658896,0.028007606968420678,0.20919369919107872,0.23078579071072278,0.2563407279282648,0.5851102079912346,0.7353902163321138,0.8623568125038122,-0.37591650880015587,0.4023037165969179,0.30024490664718795,0.0,0.0,19.795825440007793
1681,"166,109,112,204,95","31468,12922,21711,1250,3169", ingrijirekett bilden allows trouble,-0.009665686271412718,20.49969649225261,False,0.1218193250496425,0.0829458077348228,-0.010487500493240497,0.023931568474760644,0.199228877982067,0.22432708772428764,0.26297002264211045,0.5750495570493002,0.7285470734016924,0.8585045004878481,-0.37582067906723315,0.43077463433695135,0.2778879045540003,0.0,0.0,19.79103395336166
1682,"219,18,255,169,212","25895,12487,27850,680,19109",flooded adjacent purity sie nachhaltig,-0.018842120259818018,20.51114544517862,False,0.11954503210407963,0.07115643221998864,-0.00876695893097839,0.02245049033149996,0.2112700297338097,0.24054225938996746,0.2767743047277953,0.5874563410516229,0.7142974918938887,0.8504267724338203,-0.3761863113178132,0.3963713436176865,0.30545853567027315,0.0,0.0,19.80931556589066
1683,"219,44,144,147,187","25895,15843,9175,18956,20719",flooded shaft|rius apărut,0.01121488838335924,20.511352706411156,False,0.1391387836888259,0.07893605399238555,-0.006539729035248009,0.030187666998617732,0.2125800030085554,0.24154390357399258,0.2558477906109333,0.5887862098852256,0.7358990548532302,0.862642573369218,-0.37620620687667017,0.3926285628326988,0.30841379974494565,0.0,0.0,19.81031034383351
1684,"164,172,81,92,237","6303,13910,1722,18158,8916",itatilebt physical imperative restoration,-0.023963060951821158,20.5306526654759,False,0.11193545439686986,0.07185630033305161,-0.022979599555150727,0.02402491556194925,0.20669171085784913,0.22697347681304295,0.27179703069738204,0.5803430931558949,0.7194353231510895,0.8533480938647593,-0.37365138229804584,0.4094522546918596,0.28965131812421097,0.14897997775753635,0.0,19.682569114902293
1685,"157,229,173,16,53","27499,3147,19845,20538,1735",izant 300Aici trage moving,-0.0051925507843094965,20.55466178402358,False,0.1269620314254005,0.06764788744119522,-0.01009734201341683,0.02678051323057415,0.20390808486792028,0.23582474489750074,0.26430916441942,0.5808381808521763,0.7271647335025342,0.8577242188376052,-0.37693009598425603,0.417405471805942,0.2907515130048362,0.0,0.0,19.846504799212802
1686,"38,174,216,92,163","25012,6031,9015,18158,13147", captiontting programmes imperativenehm,0.009822197188844889,20.568799028079745,False,0.13870351297221636,0.07745265259551487,-0.004588348216486614,0.03127638691761229,0.19121202823850314,0.21676614667560515,0.25776263156674295,0.5682584780556958,0.7339224448343299,0.8615319892106486,-0.3770464498171927,0.45367991931856244,0.2627966179015463,0.0,0.0,19.852322490859635
1687,"165,212,249,189,110","13114,19109,13418,10646,24243",-> nachhaltig breathetial événements,-0.01839413988930498,20.573660891738427,False,0.11897255975402606,0.05734812152542695,-0.0053129003664892085,0.023937376565328346,0.21810405192096488,0.2369479403993895,0.27473339928666207,0.5955705559502535,0.7164042329944134,0.8516258572362266,-0.37746650402928866,0.3768455659401003,0.32349012433389673,0.0,0.0,19.873325201464432
1688,"194,69,144,214,79","23078,22208,9175,13525,5206",politischen déplac|ărărick,0.011152692644192802,20.597042294955703,False,0.13698860938513244,0.09898119286299983,0.001193834507338859,0.031175150222157624,0.17928188103920434,0.21643757096056274,0.25167183348187927,0.5567241119886808,0.7402097202767698,0.8650596317700421,-0.37744223094947643,0.48776605417370184,0.23716469330817946,0.0,0.0,19.87211154747382
1689,"45,61,81,55,142","25231,18837,1722,13775,3416",ffentlichkeit manger physical Führung €,-0.004233634929873109,20.599387933428236,False,0.12607503402579606,0.08595799349399472,-0.00921725466823076,0.035589480002947746,0.20077230015490055,0.21561458648530338,0.26061733791133834,0.5785207292771422,0.7309756511882959,0.8598736314649157,-0.3777484291222416,0.4263648567002841,0.2856016206158714,0.0,0.0,19.88742145611208
1690,"219,43,17,183,85","25895,25627,25272,23,6796",flooded Exterior grafici drawn,0.02173477459698378,20.627868779320412,False,0.14814296622783488,0.081086588660879,0.00020987502517217946,0.0334549474699244,0.20682684595760553,0.24372739358549808,0.2528163832617022,0.5851942644790311,0.7390282495363074,0.8643978347603016,-0.3783674185214256,0.4090661544068413,0.3004316988422913,0.0,0.0,19.91837092607128
1691,"247,196,95,61,253","12327,20202,3169,18837,31728","regarded,000. trouble manger ultraviolet",0.005511045838661799,20.64623287328808,False,0.13785050220928807,0.08682080162626403,-0.0015014453180556106,0.02964668411763866,0.2026332446758083,0.24098553521127053,0.26467891274125255,0.5813013300266233,0.7267830578154812,0.8575086514191839,-0.37866808535081503,0.42104787235483343,0.2917807333924962,0.0,0.0,19.93340426754075
1692,"194,221,64,72,69","23078,23481,30828,7411,22208",politischen EnsembleDOWN grip déplac,0.00025474088933441497,20.662965965872296,False,0.13339960623042924,0.0831639139338577,-0.0031949487416747684,0.02808376737724533,0.19546188466350814,0.22434067641793468,0.26628973068218964,0.5743632011487649,0.7251202780054816,0.8565688935035001,-0.3789013164852568,0.4415374723899767,0.2763626692194776,0.0,0.0,19.94506582426284
1693,"234,162,12,199,53","794,5290,12337,11171,1735", testizat mobilitymates moving,-0.011881739198713479,20.683387760863134,False,0.12434795003471179,0.07338657198026391,0.0002735825223565693,0.029734520189241224,0.19121318400139992,0.21287372749855424,0.27245937846685053,0.5704539002003158,0.7187516093245414,0.8529599178936543,-0.3792407161989159,0.4536766171388574,0.2676753337784796,0.0,0.0,19.962035809945796
1694,"218,254,81,47,141","6798,28995,1722,27265,25205", Thinkfreiheit physical klickenizeze,-0.022449136746374165,20.755775638501106,False,0.11398783377862215,0.05782027862050202,0.0006990482605014005,0.024150105300548827,0.18937993724747273,0.20505172659979728,0.27287394104999263,0.5699845155804418,0.7183236737548463,0.8527168691599852,-0.3806045783329691,0.4589144650072207,0.26663225684542624,0.0,0.0,20.030228916648458
1695,"180,167,242,152,12","31797,24594,17002,19355,12337",scrisăidiaaffiche persoană mobility,0.0006042373286093694,20.787068566658213,False,0.13280828752551266,0.07473842544307788,0.0002035735115505866,0.031090705769696605,0.1959907615796475,0.2348105265403675,0.2644081003938066,0.5772749409603932,0.7270626060451029,0.8576665433641407,-0.3812841793807457,0.44002639548672134,0.28283320213420715,0.0,0.0,20.064208969037285
1696,"22,236,146,55,112","17088,24742,20352,13775,21711", Behindestival cuir Führung bilden,-0.020917078175024195,20.807992072219832,False,0.11508224789696786,0.06326993180294992,0.0010037771736710111,0.026728824556766145,0.193595019949524,0.21462112758272767,0.2719986521439841,0.5752507346449132,0.7192271977868551,0.8532299501635042,-0.38165571469538917,0.44687137157278856,0.2783349658775848,0.0,0.0,20.08278573476946
1697,"219,135,69,131,21","25895,19890,22208,30173,10089",flooded pursu déplac machiaj Animal,0.02476375055147484,20.858748229945867,False,0.1493243435082383,0.09807814735760464,-0.006081745626570466,0.031874416780340156,0.19094347931083017,0.22713770358416366,0.24912118591352694,0.5735388828546061,0.74284264679894,0.8665326387889108,-0.3825954035437759,0.45444720196905664,0.2745308507880135,0.0,0.0,20.129770177188796
1698,"35,185,176,92,240","14797,15058,257,18158,16145",graphictientation imperative earthquake,0.020049750765242708,20.870483503911142,False,0.14684462277023988,0.10255072390642252,-0.0025162212781889453,0.03341769426301669,0.2133977584993229,0.2551169549844014,0.25358974400999434,0.5964908804100751,0.7382299416671027,0.8639503781988903,-0.38309312191075223,0.3902921185733631,0.32553528980016694,0.0,0.0,20.15465609553761
1699,"35,186,41,86,27","14797,10443,3852,16233,2600",graphicû rep Crew sport,-0.016002173811674028,20.875160317507085,False,0.11994567650282172,0.06631581576689714,-0.0188157946044009,0.022119897545031696,0.1879032319805712,0.2091470891133496,0.2718957006289915,0.5707759460480999,0.7193334703184604,0.8532902784932034,-0.38287271406752865,0.46313362291265364,0.26839099121799975,0.0,0.0,20.143635703376432
1700,"111,81,250,155,46","6156,1722,24976,31308,18927", Pas physical situatia mănânc rar,0.007203297975643924,20.91416399917423,False,0.13376629466617837,0.08338631870792851,-0.008190936975403105,0.02828144004713058,0.19803362126399668,0.2300043802879216,0.2531259933810689,0.5817763801693269,0.7387086519937354,0.864218726144563,-0.38374275890533016,0.434189653531438,0.2928364003762819,0.0,0.0,20.18713794526651
1701,"107,107,134,156,130","798,798,28448,6872,15799", moment moment senzatieşti putere,0.018684158507663612,20.927250540966963,False,0.14543253118259894,0.09354398134957244,0.0005369894187838399,0.03280394870016166,0.18888844321253886,0.22487013260127667,0.25349674534987066,0.5727706078962531,0.7383259402840044,0.8640041982826989,-0.3838821646837143,0.4603187336784604,0.27282357310278466,0.0,0.0,20.194108234185716
1702,"142,46,119,33,54","3416,18927,23662,25803,7818", € rar artistique Sauceroc,-0.028428710535669477,20.92941549401104,False,0.1097281056627405,0.046753368749661295,-0.026090831819284767,0.019275759405749354,0.20629961663345198,0.2345193696444058,0.27631363239681994,0.584603276377308,0.7147730246226375,0.8506975770526093,-0.37830365974385605,0.4105725239044229,0.29911839194957335,0.30454159096423833,0.0,19.915182987192804
1703,"192,222,187,92,218","19175,10038,20719,18158,6798",analyzingWC apărut imperative Think,0.00594750217962936,21.05672200530547,False,0.13376721330693642,0.08149796242833182,-0.013493774192645618,0.026969969303317683,0.20844654262532283,0.24547820814214186,0.2556394222546141,0.5950457365582278,0.7361141447694306,0.8627633382019578,-0.386599193932905,0.4044384496419347,0.3223238590182839,0.0,0.0,20.32995969664525
1704,"179,74,199,61,11","3997,9633,11171,18837,9161",cht bittemates manger bro,-0.025213152604284986,21.061096933376103,False,0.11043126992416712,0.07253043008573146,-0.007641871363394774,0.02566233618768393,0.19686632731831005,0.2174422775323804,0.2712888450569042,0.5834085035783182,0.7199599018767441,0.8536458018072225,-0.38654217626000814,0.43752477909054266,0.2964633412851515,0.0,0.0,20.327108813000407
1705,"232,134,144,214,142","7578,28448,9175,13525,3416",etic senzati|ără €,-0.031669244847001066,21.062757725772688,False,0.10579785637052969,0.06983176384100169,-0.0041923716099872155,0.023620329789248603,0.19396637483361126,0.21488038037873616,0.2749342024350615,0.5805050957202446,0.7161969523250978,0.8515079550802438,-0.3865387208866333,0.4458103576182535,0.2900113238227657,0.0,0.0,20.326936044331667
1706,"111,223,167,44,136","6156,23346,24594,15843,2824", PasEQidia shaft....,-0.037108975224724935,21.063293423779687,False,0.09970989238643098,0.05873802945315131,0.0012239535620101605,0.026383495948607918,0.20087759652911233,0.2164678159747628,0.27363773522231183,0.5875106024741836,0.7175352410608394,0.8522688922973126,-0.38663300594507133,0.42606400991682186,0.30557911660929693,0.0,0.0,20.331650297253567
1707,"1,1,12,163,125","22665,22665,12337,13147,19020",picturedpictured mobilitynehm humaine,0.0018975537950440824,21.075724137135598,False,0.1358355708791279,0.0830327768284385,-0.0018815639506385702,0.027431171072333265,0.19054189393984464,0.20512590775623604,0.26787603416816763,0.5772872727839591,0.7234828034393108,0.8556424287234898,-0.3867453788441144,0.455594588743301,0.2828606061865757,0.0,0.0,20.33726894220572
1708,"174,162,120,211,19","6031,5290,11930,16063,6217",ttingizat scroll Pearl legs,0.012738445305622237,21.086953426978177,False,0.13761901517833025,0.08131031797890394,-0.0029570043266017028,0.02746014060449968,0.2115168815186397,0.24063205664466913,0.24976113974541603,0.5987323043637371,0.7421820492950544,0.8661632988383795,-0.38721542284509747,0.3956660528038865,0.33051623191941587,0.0,0.0,20.360771142254873
1709,"98,123,33,232,26","9850,22250,25803,7578,15157", depict papa Sauceetic sporting,-0.012579552259144491,21.090061415873,False,0.12169925284659615,0.06542750535955351,-0.015937802758272824,0.022427219841269937,0.18697667142287133,0.21939014654544933,0.2685576102114813,0.5739532477319637,0.7227792410720193,0.8552440527641912,-0.3869765763090923,0.46578093879179616,0.27545166162658585,0.0,0.0,20.348828815454617
1710,"201,5,36,31,211","17624,2426,24143,8221,16063", angenehm movementKTimage Pearl,-0.01591185796345511,21.090172350740033,False,0.11825954960313557,0.06817479269334122,0.0008796707465641208,0.023202130155027704,0.1889018878878481,0.20613583627168586,0.26834281513318137,0.5759039953687405,0.7230009650238128,0.8553696188588993,-0.38700210748089237,0.460280320320434,0.27978665637497885,0.0,0.0,20.35010537404462
1711,"123,107,186,92,187","22250,798,10443,18158,20719", papa momentû imperative apărut,-0.014944633359655055,21.13769792913711,False,0.12118656627234532,0.0757346550633841,-0.004711223326164881,0.027306272410603155,0.21071662360515497,0.2311291167731964,0.27226239926400075,0.5988940201035878,0.718954942695225,0.8530753781091089,-0.38817739649843286,0.3979525039852715,0.33087560023019513,0.0,0.0,20.408869824921645
1712,"106,132,212,9,63","14385,6889,19109,3349,23832", Freunde ihm nachhaltig Sport Regal,-0.013921050821444014,21.16562440512679,False,0.12485276690367653,0.0656229588570138,-0.011099792582525752,0.021756376672549555,0.1896094532937727,0.22674140704925638,0.2775476354502411,0.5780649899669456,0.713499215019106,0.8499719786850382,-0.38845553667317284,0.4582587048749351,0.2845888665932123,0.0,0.0,20.42277683365864
1713,"222,239,77,95,129","10038,23267,6177,3169,17",WCtolerant tie troublet,-0.005161225266287706,21.17204259540535,False,0.12698402361640437,0.07753129381778605,0.0004288898664269571,0.027896892205236206,0.1941596369244379,0.21626189833101217,0.26429049776538416,0.5827933964951111,0.7271840023067002,0.857735100269667,-0.38863375957067314,0.44525818021589164,0.2950964366558024,0.0,0.0,20.431687978533656
1714,"171,206,231,13,38","7184,17140,21815,28688,25012",нliga stained piston caption,0.015513017063968099,21.196368903521268,False,0.14314949101087523,0.09315939225448426,0.00010366289088091803,0.03251777886659706,0.1883207705166992,0.21879449793326441,0.2552729478938143,0.577349363751504,0.7364924408838046,0.862975696127177,-0.3890285932348048,0.46194065566657366,0.2829985861144534,0.0,0.0,20.451429661740242
1715,"208,117,12,16,146","2165,12941,12337,20538,20352",val Listen mobility trage cuir,-0.00739237610708135,21.200310250534933,False,0.1300289786233739,0.0778863762408442,-0.011935679330087543,0.02360409470869371,0.18991324996608008,0.22527674763053665,0.2748427094609105,0.5790366772555463,0.7162913966855118,0.8515616774720957,-0.38912342728946625,0.4573907143826283,0.28674817167899175,0.0,0.0,20.456171364473313
1716,"35,240,179,214,78","14797,16145,3997,13525,20961",graphic earthquakechtărăKING,-0.015543087331495176,21.202342213690095,False,0.12041455513113486,0.06723911507934284,0.0009437865447242678,0.029306102025173322,0.19508314777092217,0.21891581068560337,0.27191528492526007,0.5843083408935097,0.7193132542706993,0.8532788026634319,-0.3892251931225875,0.4426195777973652,0.29846297976335484,0.0,0.0,20.461259656129375
1717,"194,43,94,127,173","23078,25627,18852,23794,19845",politischen Exteriorkap VerantwortlichAici,-0.00286561186489237,21.211446178225046,False,0.12605953749475868,0.09723995643174356,-0.0019897657009166065,0.025812566277777785,0.18433933713193723,0.21165657215799016,0.2578502987193021,0.5736082376527443,0.7338319497091075,0.8614811090678065,-0.38926890052080704,0.47331617962303646,0.2746849725616539,0.0,0.0,20.463445026040354
1718,"174,111,219,178,21","6031,6156,25895,30831,10089",tting PasfloodedTotusi Animal,-0.002683752656627486,21.213624899074063,False,0.12580755340004487,0.07940823366860683,-0.0006569179076199194,0.027146470449627966,0.20087483900648812,0.21137739373275868,0.2569826121133447,0.5903864992502345,0.7347276262055796,0.8619845636011444,-0.38951166024374634,0.4260718885528911,0.3119699983338543,0.0,0.0,20.475583012187318
1719,"228,90,12,228,187","4408,23060,12337,4408,20719", accord răspunde mobility accord apărut,-0.01093682660239137,21.216148027705287,False,0.12318491868735693,0.07247532898856353,-0.005737708206947006,0.024148896433978332,0.19212763913964143,0.21304032129824554,0.2682434905794966,0.581581265677945,0.7231034935953583,0.8554276763236641,-0.38945362653830357,0.451063888172453,0.2924028126176555,0.0,0.0,20.47268132691518
1720,"11,63,51,245,144","9161,23832,30250,23156,9175", bro Regal thumbnailceşti|,-0.027247207050646635,21.225983181540013,False,0.11111291968232691,0.05878237998403566,0.001221167103159715,0.021541988855416427,0.1806971102743336,0.20339895034772507,0.2767202534659471,0.5702000965503197,0.7143532867448288,0.8504585507442752,-0.38950298627598606,0.48372254207333254,0.267111325667377,0.0,0.0,20.475149313799303
1721,"85,229,60,24,238","6796,3147,4091,29668,12740", drawn 300 rear Crisisvolu,-0.011495519274174915,21.22988204001073,False,0.12404083962609846,0.053874556653548275,-0.01025874568345722,0.02257135415366007,0.20080009599519563,0.23864462874039763,0.27107271780054676,0.5906221544634278,0.7201830009800808,0.8537723831323272,-0.38982205846823215,0.4262854400137267,0.3124936765853951,0.0,0.0,20.491102923411606
1722,"131,240,186,92,124","30173,16145,10443,18158,28387", machiaj earthquakeû imperative ressenti,-0.008384816756643501,21.254716070257693,False,0.12308678952876483,0.08848508198753378,-0.003036340204177384,0.027155891914613362,0.2030987287903289,0.22244819356804726,0.26294321257081665,0.5934242794218936,0.7285747483139957,0.8585201147493187,-0.3903255506315647,0.4197179177419174,0.3187206209375412,0.0,0.0,20.516277531578236
1723,"114,77,151,109,246","21415,6177,1110,12922,728",RAL tie seinkett once,-0.013203816296310733,21.271795546034557,False,0.12018437921543268,0.05991051054481567,-0.0018808372686688667,0.02424736270796535,0.19070800524700096,0.2054650602899649,0.2667763910234868,0.5812099625752858,0.7246179189434975,0.8562847709591204,-0.39050195732828485,0.45511998500856865,0.29157769461174615,0.0,0.0,20.525097866414242
1724,"255,92,139,30,59","27850,18158,31,22706,31675", purity imperative'mog temporaire,-0.015741247024747176,21.320505186430236,False,0.122538642603838,0.08315139213934027,-0.002191680560848241,0.02142301800818915,0.19673753728496593,0.22374102579823418,0.27655977925717035,0.5882455397884624,0.7145189375409855,0.8505528912083185,-0.3915080025034965,0.43789275061438304,0.3072123106410275,0.0,0.0,20.575400125174824
1725,"234,185,239,9,187","794,15058,23267,3349,20719", testtienttolerant Sport apărut,-0.027960894502534847,21.330434596766093,False,0.11013845130012852,0.05427587320910297,-0.009695126034641864,0.020645208071206164,0.1863660570227432,0.20328979509654918,0.27619869160532673,0.5779381001465042,0.7148916731815982,0.8507651311582258,-0.3915720431237609,0.4675255513635908,0.28430688921445363,0.0,0.0,20.578602156188047
1726,"182,172,122,49,212","1575,13910,12759,26851,19109",tionlebt beneath représentant nachhaltig,-0.014739444410627023,21.33087613358596,False,0.1220651225266155,0.07947518031821686,-0.013045249115383475,0.01947305568072309,0.19748737868244803,0.2243432998655747,0.27360913387448504,0.5892030904037895,0.7175647650327897,0.8522856716650321,-0.39171571172134145,0.435750346621577,0.30934020089730996,0.0,0.0,20.58578558606707
1727,"60,18,218,156,9","4091,12487,6798,6872,3349", rear adjacent Thinkeşti Sport,-0.020159309747152923,21.34844061119562,False,0.12037331931040378,0.06740493801388144,-0.008962948793329878,0.016428579784668853,0.1775859916062483,0.20843762449002934,0.2810652581151134,0.5693960822352981,0.7098681206553669,0.8479001957098999,-0.3918100906290498,0.49261145255357625,0.2653246271895514,0.0,0.0,20.590504531452492
1728,"62,69,12,93,187","23226,22208,12337,19486,20719", imobil déplac mobility vitesse apărut,-0.003342821277195984,21.362634612385552,False,0.12713198004264137,0.07675396780450015,-0.010919183629659516,0.028548874571711486,0.19172867960775955,0.21691267524057603,0.2609496026396747,0.5839825178340817,0.7306326682429164,0.8596804041970046,-0.3922538382263222,0.4522037725492584,0.2977389285201816,0.0,0.0,20.612691911316112
1729,"20,186,59,140,142","16297,10443,31675,24800,3416", Graphicû temporaireaparut €,-0.011762992382177942,21.426907432245233,False,0.11880219660447665,0.0866379573940016,0.0006682837943365661,0.03052510110649126,0.18753097941806335,0.2170642388493356,0.2611303779733092,0.5809645379007905,0.7304460614469066,0.8595752567557368,-0.39343355848272715,0.46419720166267614,0.2910323064462011,0.0,0.0,20.671677924136358
1730,"11,139,205,127,129","9161,31,24903,23794,17", bro' dispus Verantwortlicht,-0.005389112058730855,21.427966112280668,False,0.12504856546578144,0.09056075430595609,-0.014152845892035186,0.02727626778490205,0.18389776545745046,0.21067768404822496,0.2608753550490246,0.57730742372249,0.7307093109171359,0.8597235863642311,-0.39340965826503954,0.47457781297871293,0.2829053860499777,0.0,0.0,20.670482913251977
1731,"167,229,81,156,111","24594,3147,1722,6872,6156",idia 300 physicaleşti Pas,-0.0028312235561412658,21.439651375161567,False,0.13037613634235531,0.0838781701921706,-0.015897210838183292,0.025166271698121315,0.17747183948637557,0.22968534325944148,0.26641471979699316,0.5710271313449269,0.724991256983749,0.8564959312238482,-0.3935552918585513,0.4929376014674983,0.26894918076650415,0.0,0.0,20.677764592927566
1732,"112,150,26,252,71","21711,10470,15157,21212,25688", bildenôt sporting Colin correspondent,-0.0009941615588755781,21.4420811894622,False,0.1276272521302569,0.0745368100684162,0.001197086994636959,0.03011463000563185,0.19797865072442508,0.2222696916640299,0.257242827378265,0.5918297938749101,0.7344590168998555,0.861833610751945,-0.393851143150485,0.4343467122159283,0.3151773197220224,0.0,0.0,20.69255715752425
1733,"123,69,125,235,62","22250,22208,19020,7999,23226", papa déplac humaineelli imobil,0.011389093977426185,21.444305376805655,False,0.137348289676078,0.09144970435469267,0.0009257766877677543,0.03465337432080808,0.1916038996669772,0.23519750007146964,0.25191839139730365,0.5854201290668056,0.7399552088802027,0.8649171108277928,-0.3938162293998284,0.4525602866657794,0.3009336201484569,0.0,0.0,20.69081146999142
1734,"93,162,219,29,146","19486,5290,25895,28935,20352", vitesseizatflooded Squad cuir,0.007023452909948824,21.454179639731898,False,0.137395415850665,0.08167452170226536,-0.0060472685014084085,0.03184428300369654,0.18175080201951352,0.2193743836249483,0.26074392588143236,0.5756363185495713,0.7308449797352956,0.8598000198409905,-0.39388551653005777,0.48071199422996136,0.2791918189990473,0.0,0.0,20.69427582650289
1735,"58,212,215,1,120","28310,19109,6520,22665,11930", Illustration nachhaltigribpictured scroll,-0.015678256605121343,21.46499177088901,False,0.11861136994697391,0.06527617095610072,-0.0032572548850826437,0.027587438306924533,0.19122166027537182,0.22583836781709066,0.2685792531041905,0.5854293648276583,0.7227569000214807,0.8552313996198979,-0.3942077045522865,0.4536523992132233,0.3009541440614628,0.0,0.0,20.710385227614324
1736,"72,36,51,162,86","7411,24143,30250,5290,16233", gripKT thumbnailizat Crew,-0.012084658504060972,21.470295717403353,False,0.12070983131041653,0.06765131667634142,0.0005794811567688352,0.027407856380191057,0.18674280386186384,0.2086630011565359,0.265588979628955,0.5809976191660844,0.7258436339314013,0.8569778412368928,-0.3942548153042206,0.46644913182324615,0.2911058203690764,0.0,0.0,20.71274076521103
1737,"96,104,122,229,158","11564,15091,12759,3147,17319",tataspieler beneath 300enţă,-0.021452500193884047,21.478923725765156,False,0.11787782933759568,0.06628769507994026,-0.017439201403313096,0.021259575702036307,0.1922467006127277,0.22811230580693534,0.27866065906295945,0.5867336497761666,0.7123502874188806,0.8493169849573483,-0.3944869491634389,0.4507237125350637,0.30385255505814796,0.0,0.0,20.724347458171945
1738,"215,254,106,92,38","6520,28995,14385,18158,25012",ribfreiheit Freunde imperative caption,0.0026231101686661207,21.512288185498154,False,0.13186179711041845,0.0839929308409526,-0.0047764068552318345,0.028150358393100195,0.17595352842714043,0.2088505892395532,0.25847737388350467,0.570881278221508,0.7331846463138016,0.861117080376702,-0.3949277497943676,0.497275633065313,0.26862506271446224,0.0,0.0,20.74638748971838
1739,"222,187,253,149,36","10038,20719,31728,18457,24143",WC apărut ultraviolet varstaKT,-0.031883412240894415,21.544894629009114,False,0.10668014978613477,0.05665367621357473,-0.005462695460650389,0.01901385348076726,0.17985452108008354,0.20685611986067018,0.27712712405405837,0.5754540780620828,0.7139332912990365,0.8502193104993215,-0.3955995569819993,0.48612993977118985,0.2787868401379618,0.0,0.0,20.779977849099964
1740,"175,33,78,105,203","21379,25803,20961,10924,7889",çant SauceKINGissent assembly,-0.024665412504137493,21.558708505564333,False,0.11450895335433982,0.07822524145007811,-0.00891436191924046,0.02143643893464783,0.18332698166963757,0.20666449051172087,0.2783487317169546,0.5792332780578864,0.7126722769373371,0.8495005993423698,-0.3959062963882488,0.4762086238010355,0.2871850623508586,0.0,0.0,20.79531481941244
1741,"38,78,176,127,42","25012,20961,257,23794,13483", captionKINGation Verantwortlich underneath,-0.00996154343247041,21.560605815516237,False,0.12577920304897205,0.06774202970045476,-0.0031517827004762795,0.028801442997468726,0.1815741486550784,0.2122868072922607,0.27148149296288493,0.5774954654708006,0.7197610395221833,0.8535329560345722,-0.3959213168157222,0.4812167181283474,0.283323256601779,0.0,0.0,20.79606584078611
1742,"120,58,213,50,100","11930,28310,73,21100,14338", scroll Illustration un Coupe surroundings,0.008159617721971157,21.633554596756106,False,0.13959239956724878,0.07755977455453787,0.00010643130121159046,0.02878913545665211,0.18352925306152434,0.2172294168269313,0.26286556369055525,0.5808712316992434,0.7286549019968462,0.8585653360749226,-0.39734197863771903,0.47563070553850184,0.2908249593316519,0.0,0.0,20.867098931885952
1743,"164,124,29,211,30","6303,28387,28935,16063,22706",itati ressenti Squad Pearlmog,0.012796963732277677,21.65649332707029,False,0.142035115393371,0.0943932274730632,-0.023787439023206843,0.024878702086243456,0.18124598682390247,0.2151605328969243,0.25847630332218663,0.5753731862631981,0.7331857514093557,0.8611177019884177,-0.39412719943929564,0.48215432336027864,0.27860708058488465,0.18937195116034214,0.0,20.706359971964783
1744,"194,240,2,37,129","23078,16145,26170,30396,17",politischen earthquakeathletelectriquet,-0.006282103990594243,21.663588600312618,False,0.1245209511311104,0.07068639024904562,-0.00487175445645066,0.025031470045640086,0.1824047808033736,0.20559883736208961,0.2616061102434093,0.5803082072628964,0.7299549829745452,0.8592984869977316,-0.3979034264595228,0.4788434834189325,0.2895737939175476,0.0,0.0,20.89517132297614
1745,"42,114,242,236,162","13483,21415,17002,24742,5290", underneathRALafficheestivalizat,-0.03257716850806569,21.674815346962458,False,0.10592409612653231,0.07170264632403495,-0.002627615666178828,0.021381777312946413,0.18769067604924294,0.2033427875751198,0.277002529269196,0.5858733489673598,0.7140619052705074,0.8502925794870869,-0.3981826729181168,0.46374092557359153,0.3019407754830217,0.0,0.0,20.909133645905843
1746,"179,162,242,242,203","3997,5290,17002,17002,7889",chtizatafficheaffiche assembly,-0.019345063993078795,21.686215286760135,False,0.11446126398562949,0.06951416773353433,-0.010076943152275673,0.02676674559038297,0.1755740943563373,0.1985122017189566,0.26761265595741657,0.5738277499308485,0.7237546777213765,0.8557963215874343,-0.3982536555745112,0.49835973041046483,0.27517277762410774,0.0,0.0,20.91268277872556
1747,"228,254,94,83,129","4408,28995,18852,7383,17", accordfreiheitkap Frontt,-0.05056503248920956,21.69946655297684,False,0.08996341937858106,0.05430805303048045,0.0006282491607393692,0.02206364989263092,0.1887024057606239,0.19210141965640504,0.28105690373558123,0.5873694237144129,0.7098767445310129,0.8479051222067353,-0.398667017953789,0.46085026925536027,0.3052653860320287,0.0,0.0,20.93335089768945
1748,"88,44,12,202,53","11461,15843,12337,5457,1735", physique shaft mobilitynch moving,-0.013985048531373237,21.711673086972926,False,0.12263825624289597,0.06704345866880987,-0.004388292836615365,0.029751772748379285,0.17654159734331246,0.20919620294087418,0.2732466095485384,0.5752945056633814,0.7179389836918313,0.8524983228437822,-0.39875290832006893,0.4955954361619644,0.2784322348075141,0.0,0.0,20.93764541600345
1749,"16,68,151,235,79","20538,15501,1110,7999,5206", trage Bewegung seinellirick,-0.0300599542834349,21.72216597780197,False,0.10521864940771901,0.06847968310020035,-0.01003745168013481,0.023136128138176695,0.1928877541251995,0.2084290056962326,0.2705572073823078,0.5920403276104677,0.72071514076665,0.8540742313275188,-0.3991525734852681,0.4488921310708585,0.31564517246770585,0.0,0.0,20.957628674263407
1750,"84,60,199,18,198","24023,4091,11171,12487,3484", LORD rearmates adjacentgra,-0.012174926506088868,21.731238033434128,False,0.12266221298582736,0.08111508851410443,0.0009963309138726118,0.032132141790473405,0.17587247091575015,0.2006665817504806,0.26967427898383245,0.5749918918710633,0.7216265507263665,0.8545909670808413,-0.3991194209553131,0.4975072259549996,0.2777597597134739,0.0,0.0,20.955971047765654
1751,"241,59,51,108,27","31980,31675,30250,30122,2600",réglage temporaire thumbnail Angehörige sport,-0.019594504525612955,21.777596751625087,False,0.11896764582169506,0.058936463477612944,-0.001470435378142354,0.021483421260460583,0.1784979116660163,0.21328725069018425,0.277124300694616,0.5785369730091838,0.7139362057345899,0.8502209708689759,-0.4000390613431675,0.4900059666685248,0.28563771779818625,0.0,0.0,21.001953067158375
1752,"5,51,35,38,179","2426,30250,14797,25012,3997", movement thumbnailgraphic captioncht,-0.014478049890805075,21.790368810403677,False,0.12190526664954844,0.07999950086654109,0.00031862275175045265,0.028439188467560078,0.17434888526906317,0.20488514174915592,0.27276663308070703,0.5745820738606116,0.7184344432715283,0.8527797880574404,-0.4002331885915484,0.5018603278026766,0.2768490530235812,0.0,0.0,21.01165942957742
1753,"174,118,156,59,58","6031,2280,6872,31675,28310",tting kmeşti temporaire Illustration,0.008254720915565256,21.824385269931817,False,0.13806252248201326,0.08830267376528136,-0.016206766550337436,0.027867982528590813,0.1810495883599536,0.2108519668626743,0.259615603132896,0.5820156234785259,0.7320096999918493,0.8604559238375339,-0.40096603511857226,0.48271546182870395,0.2933680521745019,0.0,0.0,21.048301755928613
1754,"207,110,58,233,53","8534,24243,28310,8216,1735", processed événements Illustration termen moving,0.0051941898871470105,21.84812692252245,False,0.13393645268399254,0.06449087000368887,-0.0031393869488759046,0.03130052910059091,0.18691084585591466,0.21183130663799876,0.25748452559369106,0.5884027698538329,0.7342095219678028,0.8616933760951798,-0.4014919239979182,0.4659690118402438,0.3075617107862953,0.0,0.0,21.07459619989591
1755,"11,112,217,247,53","9161,21711,15296,12327,1735", bro bildenITYregarded moving,-0.024806910169797136,21.858222664435708,False,0.11185533928469787,0.0676683664220449,-0.007069805707821208,0.022943442824781904,0.1844438491224303,0.2151950263687278,0.27332449890899,0.5860991019565782,0.7178585817713652,0.8524526386204749,-0.40165525283414794,0.47301757393591337,0.302442448792396,0.0,0.0,21.082762641707397
1756,"83,6,43,83,203","7383,21014,25627,7383,7889", Front sportiv Exterior Front assembly,-0.020200328873398107,21.88257939438593,False,0.1168945706858577,0.06128005897519876,5.9621880276139474e-05,0.025025988048623396,0.18470835631658675,0.2104029142472396,0.2741897991185116,0.5868332305108047,0.716965368651859,0.8519449517906004,-0.40212487419421794,0.47226183909546643,0.304073845579566,0.0,0.0,21.1062437097109
1757,"13,201,160,82,172","28688,17624,20437,16771,13910", piston angenehmenţa posturelebt,-0.0338734418154258,21.896798150931865,False,0.10776402755127272,0.06541318184777367,-0.002478193386389593,0.021297063249424677,0.18025093705209605,0.2035545892884163,0.28327493873339704,0.5825938917605432,0.7075871600171385,0.8465961618544009,-0.40234295470844716,0.484997322708297,0.2946530928012071,0.0,0.0,21.11714773542236
1758,"115,123,42,175,95","29508,22250,13483,21379,3169", pantofi papa underneathçant trouble,-0.0007553757861661625,21.92527766089972,False,0.1337725392412323,0.07779143843433386,0.0005381691476389007,0.025598642355206782,0.17182250543871636,0.20671015432590176,0.26905583005479694,0.5746083391330115,0.7222649496208547,0.8549527296553904,-0.4027858336942951,0.5090785558893818,0.27690742029558096,0.0,0.0,21.139291684714756
1759,"58,128,151,190,248","28310,96,1110,11733,6148"," Illustration "" seinusion mici",-0.01866538721834482,21.934873722505262,False,0.12253570425197158,0.06709531463704761,-0.010314748498783959,0.023249886991045503,0.18512116160579078,0.22230830523844936,0.2824021829406328,0.5882524354605212,0.7084880692225726,0.8471114549215866,-0.4031312738547304,0.4710823954120263,0.30722763435671374,0.0,0.0,21.156563692736523
1760,"194,112,2,10,62","23078,21711,26170,15854,23226",politischen bildenathlet realm imobil,-0.01925448595442747,21.93780281259944,False,0.11749068678908359,0.06890152591891632,-0.0075077125404106266,0.021886481292546958,0.17829843758939495,0.20953991007345898,0.2734903454870221,0.5814028493515045,0.7176873853037191,0.8523553569450818,-0.4031044117621096,0.4905758926017287,0.2920063318922323,0.0,0.0,21.15522058810548
1761,"234,139,67,128,155","794,31,25300,96,31308"," test' farther "" mănânc",-0.04874308140404604,21.962515707709233,False,0.09205898267427914,0.04800524034952182,-0.0021881428420647215,0.021142171107601623,0.17773835999383678,0.1958964608800449,0.28160412815665037,0.5813091879529356,0.7093118677092641,0.847582368766216,-0.4035708279590988,0.4921761143033235,0.291798195450968,0.0,0.0,21.17854139795494
1762,"174,33,64,126,196","6031,25803,30828,7253,20202","tting SauceDOWNrai,000.",-0.04577585831333646,21.962632951600987,False,0.096584129878667,0.056830003956285416,-0.009303893635073612,0.01730674825697878,0.1772807343146343,0.20310181027807483,0.2847199763840069,0.5808482435314877,0.7060955082487671,0.8457422914907313,-0.40356750921685336,0.493483616243902,0.290773874514417,0.0,0.0,21.17837546084267
1763,"200,167,57,92,47","3404,24594,23976,18158,27265",wareidia déplacement imperative klicken,-0.02033581057248386,21.975431001028987,False,0.11871190983602796,0.07356453930566423,-0.00795359306267087,0.023714007491361374,0.17997075877273716,0.21707219178734882,0.27809544081702364,0.5838160424857267,0.7129337385114595,0.8496496685004805,-0.40384528371298956,0.4857978320778938,0.2973689833016149,0.0,0.0,21.192264185649478
1764,"155,25,217,92,150","31308,28399,15296,18158,10470", mănânc bewegtITY imperativeôt,-0.030961501374497366,21.980734942953845,False,0.10830765028759938,0.06751367679195866,-0.008679559853562623,0.025033823849378443,0.19059148226989114,0.21422096347983902,0.2785383033241935,0.5946674581656017,0.7124765901169615,0.8493890137480038,-0.4040759758957106,0.455452907800311,0.32148324036800385,0.0,0.0,21.20379879478553
1765,"210,125,5,75,93","12182,19020,2426,904,19486", estim humaine movementmen vitesse,-0.015829642847740133,21.983563285248533,False,0.12010583903620992,0.0675021108580096,0.0009580521777632523,0.031359738530295396,0.18399086239932416,0.20690528131110741,0.2718709637679001,0.5880407473435888,0.7193590051428128,0.8533047733559798,-0.40404988494426464,0.47431182171621666,0.3067572163190862,0.0,0.0,21.20249424721323
1766,"85,33,130,47,223","6796,25803,15799,27265,23346", drawn Sauce putere klickenEQ,-0.020619894738946945,22.012342847315512,False,0.11752990899845843,0.06343868965872916,-0.00038787610293347094,0.021236081233682935,0.18772282521901756,0.2143465912006112,0.27629960747481075,0.5923691815684516,0.7147875019614857,0.8507058202017835,-0.4046463563494341,0.46364907080280693,0.31637595904100363,0.0,0.0,21.232317817471703
1767,"92,59,122,103,140","18158,31675,12759,31149,24800", imperative temporaire beneath dickeaparut,-0.0024234799408070218,22.01864407529771,False,0.1290198683163781,0.08393180567291396,-0.022919449509051736,0.024929994062057263,0.18192981136735958,0.2142180935142779,0.26288669651437024,0.5838311801348177,0.7286330874690372,0.8585530289304382,-0.40190136876745813,0.48020053895040116,0.2974026225218171,0.1459724754525868,0.0,21.095068438372905
1768,"128,31,203,34,194","96,8221,7889,19867,23078"," ""image assemblyrasipolitischen",-0.03911157748448757,22.033376592380385,False,0.1019049541753071,0.06639062273752522,-0.0073692578915535035,0.021041415478757302,0.18424019330591476,0.1957699424222348,0.2820330633195893,0.589246981467678,0.7088690959281658,0.8473292964842009,-0.40500678816176316,0.4735994476973864,0.30943773659483986,0.0,0.0,21.25033940808816
1769,"205,4,143,63,53","24903,1817,9031,23832,1735", dispus misigh Regal moving,-0.011286673584735507,22.07852499425644,False,0.1219404003269357,0.0723712222529353,-0.003341615605025749,0.028262247986996617,0.17807104892156042,0.21072624176620883,0.2664541478233424,0.5838673761540888,0.724950557085582,0.8564729138604779,-0.40579632723252834,0.49122557450982735,0.29748305812019726,0.0,0.0,21.289816361626418
1770,"61,234,81,115,221","18837,794,1722,29508,23481", manger test physical pantofi Ensemble,-0.006561473280597502,22.117211569947635,False,0.12696651774357295,0.07153319570330617,-0.012447330682489821,0.02806816985962085,0.1877223692059097,0.24024333613509138,0.2670559820483409,0.5943768444870456,0.7243293088533255,0.8561214971904741,-0.40665447528113596,0.4636503736974008,0.32083743219343475,0.0,0.0,21.332723764056798
1771,"162,31,234,13,232","5290,8221,794,28688,7578",izatimage test pistonetic,-0.028706079905659557,22.174645630601198,False,0.11187625433331909,0.06085847514454108,-0.01073932664446707,0.02109462361441454,0.18091300515474462,0.21672846907507193,0.2811646684779573,0.5885844929766489,0.7097655035066247,0.8478415721831778,-0.4076714878219043,0.48310569955787247,0.3079655399481087,0.0,0.0,21.383574391095216
1772,"190,254,138,53,80","11733,28995,9518,1735,8787",usionfreiheit oferit moving Abs,-0.03348039761797901,22.18019909855309,False,0.10936668374094437,0.05486438371297986,-0.0124935385608259,0.019722884117088488,0.17713520594048465,0.20754294454307828,0.28569416271784676,0.584867106076188,0.7050898965493195,0.8451661595699116,-0.4077319001357033,0.4938994115986152,0.29970468016930657,0.0,0.0,21.386595006785168
1773,"30,6,119,150,141","22706,21014,23662,10470,25205",mog sportiv artistiqueôtizeze,-0.03898806350253488,22.182580778251737,False,0.10205285332398299,0.05687699123884654,-0.0004456159402729642,0.020547470613003837,0.18072188784034335,0.1919506790784592,0.28208183365303574,0.5885430016833443,0.7088187523581566,0.8473005171407393,-0.4078211138430009,0.4836517490275904,0.30787333707409836,0.0,0.0,21.391055692150047
1774,"123,124,67,92,155","22250,28387,25300,18158,31308", papa ressenti farther imperative mănânc,-0.02016348291030623,22.18315646694276,False,0.11574848810667793,0.06577216534680452,0.0008993299632161112,0.029910271833422823,0.1932301496861268,0.21342950768265775,0.2718239420339683,0.6012143634869898,0.7194075437068714,0.8533323256305434,-0.4079842138008629,0.4479138580396376,0.3360319188599772,0.0,0.0,21.399210690043144
1775,"171,191,97,69,123","7184,20041,31302,22208,22250",нieni reacți déplac papa,0.015150844827490989,22.195563226237507,False,0.14015361663304907,0.08726302055420362,-0.0020243960146794303,0.031402811994081646,0.18915557415990128,0.22093497445416374,0.25000554361111615,0.5973278252904055,0.7419297614336865,0.8660222031731541,-0.40817225113050426,0.45955550240028203,0.32739516731201224,0.0,0.0,21.408612556525213
1776,"236,59,60,190,96","24742,31675,4091,11733,11564",estival temporaire rearusiontata,-0.027213316670828824,22.209508826532943,False,0.11121590590600094,0.0500643239060249,-0.01897119307826151,0.018522903625466963,0.17058543830795042,0.19091917023960767,0.27685844515365954,0.578798956120684,0.7142106372607385,0.8503773014646736,-0.4082135178127336,0.512613033405856,0.28621990249040885,0.0,0.0,21.41067589063668
1777,"201,254,79,17,52","17624,28995,5206,25272,6813", angenehmfreiheitrick grafic gap,-0.03427559551950461,22.210973271273726,False,0.1063679252374735,0.04553778497166492,-0.015128318025284054,0.017124957588408703,0.1875480250106532,0.20237783394654563,0.2812870415139562,0.5959958174394285,0.7096391829533355,0.8477694017160821,-0.4084477924287753,0.46414849996956226,0.32443514986539673,0.0,0.0,21.422389621438768
1778,"69,163,235,255,93","22208,13147,7999,27850,19486", déplacnehmelli purity vitesse,-0.01687080109226212,22.214648597231673,False,0.11913239786941816,0.0718160158807111,-0.011525768448604482,0.02462496041738929,0.17818733106538368,0.20817348277130554,0.27200639792336057,0.5865916942472106,0.7192192021436278,0.8532254110589061,-0.40840436318182693,0.49089333981318944,0.3035370983271346,0.0,0.0,21.42021815909135
1779,"139,145,81,17,248","31,26356,1722,25272,6148",' sunet physical grafic mici,-0.005932266666848943,22.227905731817863,False,0.124610254642105,0.06297650733627039,-0.01849702485729125,0.022369094938841778,0.17714337814095268,0.20991538745986102,0.2610850426179079,0.5857889089099994,0.7304928592331273,0.8596016271402074,-0.40864553076904664,0.4938760624544209,0.3017531309111096,0.0,0.0,21.43227653845233
1780,"11,56,135,25,61","9161,12462,19890,28399,18837", bro hommes pursu bewegt manger,-0.012677389557541774,22.24298830798923,False,0.12119953489560259,0.07609431692243021,0.0009691015416023685,0.030005621346138187,0.177578805454154,0.21338964546664788,0.2677538489062887,0.5865184454606852,0.7236089301612504,0.8557138254660324,-0.4089396400065312,0.4926319844167028,0.3033743232459671,0.0,0.0,21.44698200032656
1781,"139,44,67,63,238","31,15843,25300,23832,12740",' shaft farther Regalvolu,-0.01920371077410797,22.263746476786636,False,0.11834068943766142,0.06136045925902226,-0.005802752971913576,0.023653389163893705,0.17350387482783075,0.21109595960878358,0.2750888004235388,0.5827914684541746,0.7160373673047341,0.8514171712952829,-0.40928759362634387,0.5042746433490549,0.29509215212038803,0.0,0.0,21.464379681317194
1782,"7,153,217,181,127","6298,23158,15296,27940,23794", Image pierdereITY societati Verantwortlich,-0.018379045252595927,22.267610135854717,False,0.11921261193939015,0.08370063615758463,0.0008590563430059928,0.024988601802575987,0.18111838591208945,0.20063547492583855,0.27518331438397214,0.5905725421416732,0.7159398045068674,0.8513616655781654,-0.40945415622958375,0.4825188973940301,0.31238342698149596,0.0,0.0,21.47270781147919
1783,"104,79,136,46,102","15091,5206,2824,18927,26182",spielerrick.... rar correspondant,-0.02769171296338152,22.280349964836272,False,0.10728657554762855,0.06863807468316098,-0.011967884034775299,0.02549057455644577,0.17207724037377492,0.1938579861543872,0.26995657702202014,0.5816654280332388,0.7213351462998502,0.854425785529662,-0.4095881876594639,0.5083507417892145,0.29258984007386407,0.0,0.0,21.479409382973195
1784,"219,68,204,190,98","25895,15501,1250,11733,9850",flooded Bewegung allowsusion depict,-0.0125556191234487,22.309326804191304,False,0.12477477770750874,0.07048337338469443,-0.011597431799711852,0.028696680292430717,0.16991557601624876,0.21867637426222783,0.27466079366191487,0.5800323576894105,0.7164791807360879,0.8516684838234212,-0.4101167816731618,0.5145269256678606,0.2889607948653567,0.0,0.0,21.50583908365809
1785,"94,234,26,198,114","18852,794,15157,3484,21415",kap test sportinggraRAL,-0.01839642169819107,22.32240255012573,False,0.11889087615356679,0.056204479888263076,-0.009528706207175767,0.01688416370307678,0.18813496648149364,0.21540702765673345,0.2745745957035157,0.5987236471250136,0.7165681592737903,0.8517190876671041,-0.41058868064351994,0.46247152433858957,0.33049699361114127,0.0,0.0,21.529434032176
1786,"45,112,10,44,131","25231,21711,15854,15843,30173",ffentlichkeit bilden realm shaft machiaj,-0.02639623148404624,22.34901780235267,False,0.11591876781140009,0.0523391802392597,-0.013602569732517554,0.022398797178399352,0.1730873303798167,0.21119866810275237,0.28462999859089266,0.5840027148063853,0.7061883885513366,0.8457954843868034,-0.4109153844265686,0.5054647703433809,0.29778381068085624,0.0,0.0,21.54576922132843
1787,"143,209,144,122,209","9031,31192,9175,12759,31192",ighDeveloped| beneathDeveloped,-0.041835082311080615,22.356407737818838,False,0.09981357881399396,0.05126762089658219,-0.0030515170722751504,0.01864458214846494,0.17595184981099493,0.20945969132563794,0.28329732225014914,0.5870435706240729,0.707564054451459,0.8465829420380798,-0.41109172081307793,0.49728042911144305,0.30454126805349524,0.0,0.0,21.5545860406539
1788,"148,203,229,160,105","5615,7889,3147,20437,10924",itz assembly 300enţaissent,-0.03114328509254677,22.373875557216607,False,0.11108977609127291,0.07144020510086319,-0.014884344863246754,0.01994683442110233,0.1815494070611179,0.19825190435613949,0.28446612236763935,0.5930436734401728,0.7063575511043723,0.8458923558186117,-0.41149426637905495,0.48128740839680595,0.31787482986705073,0.0,0.0,21.57471331895275
1789,"219,254,2,92,122","25895,28995,26170,18158,12759",floodedfreiheitathlet imperative beneath,-0.030221745332344743,22.385659285253276,False,0.11095819971705777,0.06950102913020817,-0.0013669735398687264,0.022402142147620947,0.17194906693598092,0.2063139169298337,0.282359890098805,0.5835522577105692,0.7085317263496206,0.8471364175274222,-0.4116031907745883,0.5087169516114831,0.2967827949123759,0.0,0.0,21.580159538729415
1790,"232,33,217,151,27","7578,25803,15296,1110,2600",etic SauceITY sein sport,-0.046828572924991804,22.386734060277895,False,0.0964601761414602,0.052113821041318065,-0.01597449103990991,0.015349038051812614,0.17012808187546785,0.18815230539176284,0.286577498132904,0.5817297138124059,0.7041780664434539,0.8446434169915112,-0.41160163193693805,0.5139197660700918,0.29273269736090196,0.0,0.0,21.580081596846902
1791,"177,139,118,16,187","25482,31,2280,20538,20719",prindere' km trage apărut,-0.024940892153056074,22.387541423415453,False,0.11490859481694142,0.06000047483414801,-0.012072378567866813,0.021697698011810245,0.18433609510124604,0.20672107128823372,0.279698973939995,0.5961259289855084,0.7112784785135535,0.8487055001942694,-0.4117898338842624,0.4733254425678684,0.3247242866344631,0.0,0.0,21.58949169421312
1792,"206,239,34,205,125","17140,23267,19867,24903,19020",ligatolerantrasi dispus humaine,0.005877655112022484,22.40532424896496,False,0.13303176732500327,0.08244021628180938,-0.021114653373936202,0.030750799279667927,0.17823617427342375,0.22279356209562973,0.25430822442596157,0.5892251458624299,0.7374882844635235,0.8635344669288183,-0.41098897158900616,0.49075378779021783,0.309389213027622,0.05573266869681008,0.0,21.54944857945031
1793,"232,254,8,155,179","7578,28995,17682,31308,3997",eticfreiheitSport mănânccht,-0.03656420082389385,22.410868045547563,False,0.10410296106259802,0.04860934270208268,-0.017233161759541493,0.01892738334936297,0.17324810224975684,0.19304502120058656,0.28133432377298373,0.5853498077085674,0.7095903754601458,0.8477415149837928,-0.41210170545881053,0.5050054221435518,0.30077735046348303,0.0,0.0,21.605085272940528
1794,"1,191,163,51,163","22665,20041,13147,30250,13147",picturedieninehm thumbnailnehm,-0.028907393084735222,22.451696155454545,False,0.10980100937748749,0.061168580031087584,-0.00417283538518769,0.021572661551323705,0.1645323758463406,0.19356723050635552,0.2774168049244454,0.5773099298972494,0.7136342658844435,0.8500489368710219,-0.41277755405090877,0.529907497581884,0.2829109553272208,0.0,0.0,21.63887770254544
1795,"18,99,115,97,129","12487,7693,29508,31302,17", adjacent graphic pantofi reacțit,-0.03593537578607971,22.47253448571738,False,0.10285408312723653,0.045316200830679075,0.0005932002791104564,0.02506071621820272,0.17345250236646162,0.1960115100937819,0.27757891782663247,0.5867375396597301,0.7134669235337987,0.8499535764813085,-0.4132850372932685,0.5044214218101096,0.3038611992438446,0.0,0.0,21.664251864663424
1796,"75,112,129,237,187","904,21711,17,8916,20719",men bildent restoration apărut,-0.029131960180036012,22.511427080258912,False,0.1097909628164944,0.05121672203949903,-0.003318349168133494,0.031835060455690754,0.18186780404094258,0.21003956643113256,0.27784584599306084,0.5959999068427508,0.7131913847813566,0.849796536829222,-0.41413210280180823,0.48037770274016406,0.32444423742833517,0.0,0.0,21.706605140090414
1797,"213,65,199,14,74","73,22276,11171,6661,9633", unrijmatessport bitte,-0.04536542058730153,22.523317327536784,False,0.09772714734181742,0.05869346525745188,-0.0053868455192306874,0.016886871398757886,0.18096383693547313,0.19048055981412462,0.2861851358582379,0.595312634841928,0.7045830855656899,0.8448756501058379,-0.41434879790645485,0.48296046589864816,0.32291696631539546,0.0,0.0,21.71743989532274
1798,"180,110,90,92,61","31797,24243,23060,18158,18837",scrisă événements răspunde imperative manger,-0.045342902741152546,22.551127357951906,False,0.09740163001784435,0.047401964900182496,-0.0056868937516755804,0.021560459966350278,0.18309196626485522,0.20865367901498333,0.2854890655179938,0.5979991705814401,0.7053016097878774,0.8452874862920935,-0.4149072043165849,0.47688009638612794,0.3288870457365336,0.0,0.0,21.745360215829244
1799,"118,189,151,121,158","2280,10646,1110,803,17319", kmtial sein friendsenţă,-0.027003187143192234,22.557034351039228,False,0.10971442449071993,0.07921445842494121,0.0009833144392050797,0.02312740607299786,0.16652734844566977,0.19336120438357854,0.2734352232678243,0.5813462718661251,0.71774428565902,0.8523876915653907,-0.41481892342045534,0.5242075758695149,0.2918806041469446,0.0,0.0,21.740946171022767
1800,"141,121,13,77,197","25205,803,28688,6177,2266",izeze friends piston tie24,-0.011547640363544456,22.564857432148145,False,0.1225941410131061,0.08293268815282864,-0.010267285943227742,0.027477190380788694,0.1716301970740014,0.2048415520535475,0.2682835627533011,0.5866609648880723,0.7230621287707859,0.8554042536992079,-0.4150307678140709,0.509628008359996,0.30369103308460504,0.0,0.0,21.751538390703544
1801,"182,205,67,16,78","1575,24903,25300,20538,20961",tion dispus farther trageKING,-0.029625849595695017,22.577000541109435,False,0.1098095750364126,0.05972929012284876,-0.008001487517128597,0.018782064218392475,0.17459547033142261,0.1936618448003172,0.27887084926421524,0.5898948177183987,0.712133316888552,0.8491932352155102,-0.41529934738697605,0.5011557990530782,0.3108773727075526,0.0,0.0,21.764967369348803
1802,"45,191,253,35,223","25231,20041,31728,14797,23346",ffentlichkeitieni ultravioletgraphicEQ,-0.04736164179893833,22.5833367617167,False,0.09844891171089225,0.05192070471670509,-0.007046254122337619,0.018571676474459075,0.1694837569563566,0.20705808403995984,0.29162110701966115,0.5848422877364193,0.6989717604958336,0.8416524775584866,-0.41535853078006274,0.5157606944104097,0.29964952830315406,0.0,0.0,21.76792653900314
1803,"33,142,236,168,193","25803,3416,24742,15271,26831", Sauce €estivaloarăVoraussetzungen,-0.017104935312907674,22.585311479399945,False,0.11731265456441504,0.06683037913905282,-0.005022088024372411,0.022119714041990438,0.1637570986736595,0.19870659273978766,0.26883517975464544,0.5790838181718793,0.722492717672624,0.8550817623159522,-0.41532671949821975,0.5321225752181157,0.28685292927084277,0.0,0.0,21.766335974910987
1804,"92,222,51,176,187","18158,10038,30250,257,20719", imperativeWC thumbnailation apărut,-0.037480288431177344,22.612750023120718,False,0.10617128692353478,0.05130370326563232,-0.00403380045927491,0.020316083703279128,0.17599892444328363,0.1966563545407198,0.28730315070942425,0.5919998996512886,0.703429005719304,0.844213746210387,-0.416000975208005,0.4971459301620467,0.31555533255841917,0.0,0.0,21.80004876040025
1805,"84,98,250,190,27","24023,9850,24976,11733,2600", LORD depict situatiausion sport,-0.028613238458189305,22.61994684875293,False,0.11076400651354212,0.0714670694649786,-0.019245441742453212,0.01940039201504962,0.1737690810284115,0.20508817921866265,0.27875448994346286,0.5898807572328404,0.7122534297357803,0.8492617441381292,-0.4161116762044289,0.5035169113473957,0.3108461271840897,0.0,0.0,21.805583810221446
1806,"123,6,28,191,53","22250,21014,5378,20041,1735", papa sportiv neckieni moving,-0.003133395006406664,22.626720381858664,False,0.13036610685014002,0.0643815870314267,-0.0024923283064282927,0.02787289772734175,0.16257850956081055,0.20242167731946525,0.2669990037130934,0.5786838361381748,0.7243881251993874,0.8561547735584417,-0.4161053265773642,0.5354899726833984,0.285964080307055,0.0,0.0,21.80526632886821
1807,"147,145,64,242,150","18956,26356,30828,17002,10470",rius sunetDOWNafficheôt,-0.03626280346852821,22.666147519068417,False,0.10414627354005797,0.05599581837880126,-0.011482256591910633,0.017199304227344014,0.17502031971796933,0.20519798344632875,0.28081815401717236,0.5920319022377349,0.7101231958532415,0.8480458985118834,-0.4170115825197656,0.49994194366294475,0.3156264494171887,0.0,0.0,21.850579125988283
1808,"134,63,122,16,154","28448,23832,12759,20538,12307", senzati Regal beneath trageoara,-0.02197816859254277,22.68732947095257,False,0.11565968567023431,0.05631733832861661,5.662581694698145e-05,0.02116354243061432,0.174952266893783,0.20196235647273209,0.27527570852555416,0.5923686338681791,0.7158444299091054,0.851307401280199,-0.4174163669743961,0.5001363803034772,0.3163747419292868,0.0,0.0,21.870818348719805
1809,"169,58,220,37,6","680,28310,9136,30396,21014", sie Illustrationholeelectrique sportiv,-0.03515468837838531,22.697343666269614,False,0.10334457209234393,0.05806709237656702,0.0005782984091993238,0.0224629868300366,0.16851865992999115,0.19745840533115389,0.2769985209414585,0.5860485679458529,0.7140660428991397,0.8502949365123501,-0.41752990801586176,0.5185181144857395,0.30233015099078425,0.0,0.0,21.87649540079309
1810,"180,67,67,99,45","31797,25300,25300,7693,25231",scrisă farther farther graphicffentlichkeit,-0.03586581203166066,22.71669020951285,False,0.10300979684827984,0.06444796436321176,-0.006444607511801408,0.021854132452629144,0.170055728193466,0.1909652083983495,0.277751217759881,0.5879747896910491,0.7132890655381874,0.8498522119993094,-0.41791906149758307,0.5141264908758114,0.3066106437578869,0.0,0.0,21.895953074879152
1811,"182,77,235,16,197","1575,6177,7999,20538,2266",tion tieelli trage24,-0.0561258538792518,22.747575986612084,False,0.08811488459088172,0.04626859712794497,0.0003965425263903422,0.01926591520227722,0.1790238500819733,0.20720639640447103,0.28848147694026705,0.5976433762703746,0.7022126689648857,0.8435155736912822,-0.41861952618840126,0.48850328548007627,0.32809639171194344,0.0,0.0,21.930976309420064
1812,"50,112,209,187,154","21100,21711,31192,20719,12307", Coupe bildenDeveloped apărutoara,-0.03714796768389339,22.765035506936954,False,0.10679452173095216,0.06799206027377498,-0.02107036102673237,0.012617185338741338,0.1710878986823062,0.19078703495875005,0.2878849788296911,0.5889204566306689,0.7028284089499963,0.8438690782167035,-0.4178325579483627,0.511177432336268,0.30871212584593094,0.05351805133661843,0.0,21.891627897418136
1813,"211,84,174,200,176","16063,24023,6031,3404,257", Pearl LORDttingwareation,-0.06293697094655108,22.768785848839038,False,0.08104814834369108,0.04980110690657459,0.0009061995286931302,0.019777533577917863,0.18108315769678066,0.19459286638095563,0.2879702385804843,0.600133867357793,0.7027403988846613,0.8438185595372477,-0.4190507096610123,0.4826195494377695,0.33363081635065095,0.0,0.0,21.952535483050617
1814,"139,124,63,52,40","31,28387,23832,6813,18132",' ressenti Regal gap Vorstand,-0.01418989049995116,22.76973385215625,False,0.12249189129868061,0.07239350375494413,-0.0012462895015706184,0.02594045461923997,0.17810563145702266,0.20037696533430438,0.27336356359726355,0.5971382934461182,0.717818256931857,0.8524297251989377,-0.4190326619890956,0.4911267672656495,0.3269739854358183,0.0,0.0,21.95163309945478
1815,"232,139,118,16,38","7578,31,2280,20538,25012",etic' km trage caption,-0.02264686926068253,22.772745749787816,False,0.11512631239782024,0.058691253544333424,-0.013872587911454725,0.02466825729644472,0.1707412590501615,0.1978499534844402,0.27554636331700555,0.5897420592321185,0.7155650443179298,0.8511484222407949,-0.41900080018195707,0.5121678312852529,0.3105379094047078,0.0,0.0,21.950040009097854
1816,"199,80,106,161,14","11171,8787,14385,7890,6661",mates Abs Freundeintérieursport,-0.02285592403156128,22.779057042926578,False,0.11657827963406481,0.05401066562048582,-0.0009341606938892741,0.020510801610663907,0.1633250750452133,0.1948815654612158,0.2788684073312522,0.5823565634057553,0.7121358375935462,0.8491946730101101,-0.41903148836054194,0.5333569284422477,0.29412569645723385,0.0,0.0,21.951574418027096
1817,"139,33,169,39,129","31,25803,680,2951,17",' Sauce siechest,-0.05279838886980355,22.80417146987394,False,0.08996612041374023,0.05206503227094931,-0.007773350455074072,0.02004100726866517,0.17220177108792734,0.1913162053833878,0.28552901856708757,0.5918220973631781,0.7052603679307483,0.8452638531446335,-0.4196203262752508,0.507994939748779,0.3151602163626181,0.0,0.0,21.98101631376254
1818,"135,226,212,229,241","19890,20736,19109,3147,31980", pursuesel nachhaltig 300réglage,-0.030187493046093958,22.817505374239435,False,0.10698125750496225,0.05326204933924718,0.0006189475113101139,0.025857038866963642,0.1788751037706715,0.20572358940276483,0.2743375011021124,0.5988318948733801,0.7168129020881421,0.851858262211436,-0.41995679110270856,0.48892827494093855,0.3307375441630668,0.0,0.0,21.997839555135428
1819,"154,172,116,133,155","12307,13910,29248,121,31308","oaralebt motoare"" mănânc",-0.03505261646878677,22.82911882330153,False,0.10272188911876035,0.0433882142984486,0.00036622811489936955,0.022146439140495827,0.1712146966021781,0.18550187153878414,0.2755490111750942,0.5913007372502278,0.7155623110450641,0.8511468667773534,-0.42008604064804966,0.5108151525652054,0.31400163833383954,0.0,0.0,22.004302032402485
1820,"51,27,171,140,119","30250,2600,7184,24800,23662", thumbnail sportнaparut artistique,-0.004989015965055327,22.880101678742893,False,0.12642194389429992,0.0634436102244002,-0.019352262541908583,0.022730478603173548,0.17213799331108576,0.21080143149223707,0.2628219197187105,0.5932115268956589,0.7286999538387504,0.858590752501615,-0.42107353358457317,0.5081771619683264,0.3182478375459087,0.0,0.0,22.05367667922866
1821,"157,72,169,17,248","27499,7411,680,25272,6148",izant grip sie grafic mici,-0.013910765845537451,22.895024774886366,False,0.11985751842825677,0.07618231518776508,-0.026811548364566857,0.019406330350431645,0.17778899604615728,0.19813314282727554,0.26753656854758845,0.5926953010039997,0.7238332195637797,0.855840774590935,-0.4149063049578424,0.49203143986812203,0.31710066889777705,0.3405774182283428,0.0,21.745315247892123
1822,"15,129,120,120,40","18661,17,11930,11930,18132",freient scroll scroll Vorstand,-0.03359526746599251,22.92171173564023,False,0.10608274197511669,0.05492034534235431,-0.004430219010711705,0.02423994326116387,0.16726332412140318,0.19957908884033157,0.2793560188822184,0.589074379534835,0.71163249663771,0.8489075221234534,-0.4218110554134318,0.5221047882245623,0.3090541767440777,0.0,0.0,22.09055277067159
1823,"35,165,26,40,157","14797,13114,15157,18132,27499",graphic-> sporting Vorstandizant,-0.016727567100548457,22.938817745748153,False,0.1249601637322823,0.05099296510866042,-0.00029238057124889017,0.024943344615508362,0.17031988247384292,0.19414945461207297,0.2833754616656615,0.5924956615866354,0.7074833944096397,0.8465367908923619,-0.42217577911279247,0.5133717643604487,0.3166570257480785,0.0,0.0,22.108788955639625
1824,"232,48,81,186,217","7578,27062,1722,10443,15296",etic pantalon physicalûITY,-0.03758107391215548,22.969225953929353,False,0.10328267218746734,0.0575283464981278,-0.023203431992567025,0.019582120593747223,0.1650173455572969,0.19293220985808132,0.28172749219924564,0.5846438252360978,0.7091845241814239,0.8475095915685877,-0.4196264796788009,0.5285218698362945,0.2992085005246618,0.16017159962835123,0.0,21.981323983940044
1825,"51,228,98,10,215","30250,4408,9850,15854,6520", thumbnail accord depict realmrib,-0.03166939341852397,23.01793204195699,False,0.11049159505366575,0.06253667395434065,-0.0056047504409414296,0.020385938211557278,0.1621028616961297,0.20330407897325875,0.28432197694437944,0.5856936924289976,0.7065063463799954,0.8459775546996625,-0.4235908307328679,0.5368489665824866,0.30154153873110573,0.0,0.0,22.179541536643395
1826,"119,27,60,170,42","23662,2600,4091,13602,13483", artistique sport rearffen underneath,-0.03579733173646106,23.065886811059208,False,0.10686503285793784,0.05793382762549432,-0.0031294356279603745,0.023644024473506928,0.16185308311381583,0.19904928860624346,0.2853247291887978,0.58635915983761,0.7054712472889829,0.8453846880628973,-0.42450607672379415,0.5375626196748119,0.30302035519468884,0.0,0.0,22.225303836189706
1827,"94,200,72,3,39","18852,3404,7411,22526,2951",kapware grip martialches,-0.044754381297268664,23.120398372538915,False,0.09830888728150505,0.0468478164826114,-0.019951951142226757,0.015865230768426993,0.1722402770150545,0.18298405886203983,0.28612653715754743,0.5979164802219098,0.7046435745470478,0.8449103282848734,-0.4256762032068553,0.5078849228141299,0.32870328938202176,0.0,0.0,22.283810160342764
1828,"120,67,175,181,196","11930,25300,21379,27940,20202"," scroll fartherçant societati,000.",-0.05144794122368056,23.125907458913534,False,0.09386593690849095,0.05504382512029314,-0.0034955872079626797,0.01726987139798979,0.15734819346731713,0.18046304049794262,0.290627756264343,0.5829488310509783,0.699997154823904,0.8422423901322332,-0.4256006375836612,0.5504337329505224,0.2954418467799517,0.0,0.0,22.28003187918306
1829,"246,35,231,7,53","728,14797,21815,6298,1735", oncegraphic stained Image moving,-0.005842074844725514,23.12884128941059,False,0.12597165774384186,0.05789960663217722,-0.00012520649648093955,0.029891542135170725,0.16618165007006994,0.20403257076681006,0.26362746517713476,0.5919458650353191,0.7278684230429576,0.8581215151846883,-0.4257642149652492,0.5251952855140859,0.3154352556340424,0.0,0.0,22.28821074826246
1830,"77,169,157,162,221","6177,680,27499,5290,23481", tie sieizantizat Ensemble,-0.035081424689364496,23.16604113982858,False,0.10295383377657417,0.06590507673749418,-0.009493931685684236,0.018551519569599547,0.16215207412347835,0.1780801407697595,0.27607051693187734,0.5885796348451013,0.7150239825219331,0.8508404568825595,-0.426427560721623,0.5367083596472046,0.30795474410022516,0.0,0.0,22.32137803608115
1831,"126,39,47,215,105","7253,2951,27265,6520,10924",raiches klickenribissent,-0.03961801805508884,23.185391305983135,False,0.10314804353225134,0.05383541844421027,-0.008467056876549866,0.0169507143280698,0.1607770140336429,0.18669793482585495,0.28553212317468035,0.587558391796039,0.7052571631745235,0.8452620166701682,-0.4267813777623961,0.5406371027610203,0.3056853151023088,0.0,0.0,22.339068888119805
1832,"191,70,32,211,137","20041,9692,22608,16063,5218",ienikosoccupant Pearlerii,-0.06759676861838713,23.27061290438621,False,0.07703099836471196,0.042425159806825374,-0.0006891772783740146,0.015688087018236947,0.16222219578752972,0.17133377469739483,0.2892555339661982,0.5906530470969013,0.7014136423574728,0.8430566208943512,-0.42843085130937153,0.5365080120356294,0.31256232688200275,0.0,0.0,22.421542565468577
1833,"92,67,130,213,107","18158,25300,15799,73,798", imperative farther putere un moment,-0.04179122550312114,23.27199621512065,False,0.09949572879959212,0.05684745100748108,-0.02461748732142015,0.013153201041692972,0.15927308572532478,0.17964094608017556,0.2825739086054265,0.5832735720229358,0.7083108040202049,0.8470100893109677,-0.42400048629761106,0.5449340407847864,0.2961634933843018,0.23087436607100753,0.0,22.200024314880554
1834,"6,1,226,112,226","21014,22665,20736,21711,20736", sportivpicturedesel bildenesel,-0.02787132307733331,23.312146005659002,False,0.10944353973291954,0.06237965569247792,-0.005507364360558974,0.024433951903485646,0.15765467538345532,0.1943252713514719,0.2746297256205057,0.5868253092350831,0.7165112509723812,0.8516867231438414,-0.4291706338516278,0.5495580703329848,0.30405624274462917,0.0,0.0,22.45853169258139
1835,"62,162,219,145,154","23226,5290,25895,26356,12307", imobilizatflooded sunetoara,-0.029601051990320495,23.31665652210973,False,0.11193381458111439,0.060189141715228524,-0.015248711583248867,0.0250706037733953,0.16468560779560304,0.1983266103650929,0.28306973314286976,0.5940280956997784,0.7077989851428441,0.8467173476769744,-0.4293424879041754,0.5294696920125627,0.3200624348883965,0.0,0.0,22.46712439520877
1836,"124,186,39,175,221","28387,10443,2951,21379,23481", ressentiûchesçant Ensemble,-0.05002324064047266,23.337792552069075,False,0.09166755917538975,0.059184665574774434,-0.00517041239694364,0.019235143317391443,0.16784984895321833,0.1779924532242552,0.2833815996317248,0.5976355403630907,0.7074770584446711,0.8465331655453762,-0.42978569140987244,0.5204290029908047,0.3280789785846461,0.0,0.0,22.489284570493624
1837,"9,197,30,227,70","3349,2266,22706,15782,9692", Sport24mog Demokos,-0.0439058164726131,23.341851376022934,False,0.0993326709994542,0.04708465583176076,-0.009209985170633133,0.016552192461916724,0.17741684935855984,0.2000961348160888,0.2864769749441346,0.6073965790436016,0.704281832315732,0.8447029211834569,-0.4299797296850417,0.49309471611840044,0.3497701756524479,0.0,0.0,22.498986484252086
1838,"139,69,94,203,111","31,22208,18852,7889,6156",' déplackap assembly Pas,-0.0020916888047205207,23.407843809745383,False,0.13147329007371836,0.0949289661175847,-0.0022574459638414366,0.025735464412359684,0.14460411622501362,0.18681168178431876,0.26712995775687776,0.5754485918064604,0.72425294683161,0.8560782921223515,-0.43084447558144673,0.5868453822142468,0.27877464845880073,0.0,0.0,22.542223779072337
1839,"224,61,202,154,38","1130,18837,5457,12307,25012", follow mangernchoara caption,-0.00030146126283511765,23.425728477770416,False,0.1294037787601944,0.08180809345625892,0.001260158718950033,0.027776142396721392,0.1507635387580868,0.19596442157472224,0.25941048004605904,0.5820253733021171,0.7322214399524551,0.8605751100014112,-0.43126183454403033,0.569247032119752,0.29338971844914913,0.0,0.0,22.563091727201517
1840,"142,222,122,204,207","3416,10038,12759,1250,8534", €WC beneath allows processed,-0.06485855617780739,23.44546550549061,False,0.08570771175294217,0.04915538731457736,-0.022397985060612156,0.011912548494872477,0.16006909168218678,0.18766967966986717,0.30113253586149913,0.5895260635886511,0.6891535113687751,0.8359829329229759,-0.42945697190646437,0.5426597380508948,0.31005791908589136,0.11989925303060779,0.0,22.472848595323217
1841,"174,88,169,6,129","6031,11461,680,21014,17",tting physique sie sportivt,-0.03388999480060027,23.45472791259461,False,0.10846127301223159,0.04996527984033813,-0.008012596287105172,0.021074315701499802,0.15867741592604517,0.1906412860523249,0.2847025356256637,0.5905907761480823,0.7061135116122181,0.8457526023455891,-0.43191336022203713,0.5466359544970137,0.31242394699573844,0.0,0.0,22.595668011101857
1842,"116,4,198,201,252","29248,1817,3484,17624,21212", motoare misgra angenehm Colin,-0.024510605940729555,23.471800294769086,False,0.11428446297714397,0.06828555593807466,-0.010410601066377418,0.020277689930106656,0.1483062774850971,0.18301262403939655,0.27759013783574704,0.5804204627950837,0.7134553415889063,0.849946976089834,-0.4321141853099867,0.5762677786140082,0.2898232506557416,0.0,0.0,22.605709265499335
1843,"196,186,33,70,188","20202,10443,25803,9692,29904",",000.û Saucekosweilige",-0.08240089887969211,23.505840905300797,False,0.06801252207068152,0.03186105829262577,-0.015485271629994234,0.010002657185109787,0.16373614172828377,0.1684723147486948,0.30082684190074727,0.596689765650193,0.689469066425035,0.8361657479825712,-0.4329536239219093,0.5321824522049035,0.32597725700042895,0.0,0.0,22.647681196095466
1844,"60,157,131,104,24","4091,27499,30173,15091,29668", rearizant machiajspieler Crisis,-0.056974486200022156,23.512203468705348,False,0.09036825750668759,0.03711062084099474,-0.019255312094891452,0.017167914562710135,0.1709201460091099,0.18756736917029884,0.2946854874134195,0.604082949768624,0.6958085291216315,0.8398300498235226,-0.4331628037595141,0.5116567256882574,0.34240655504138656,0.0,0.0,22.658140187975704
1845,"32,245,235,150,219","22608,23156,7999,10470,25895",occupantceştielliôtflooded,-0.035837754553828385,23.51354814928389,False,0.10593966603585696,0.06203171298663164,-0.0035754337904256245,0.02355253124726682,0.17178349314790747,0.1891813416263649,0.2835548411793707,0.6049825427317377,0.7072982284600045,0.8464308352255542,-0.4331990495838302,0.5091900195774072,0.34440565051497257,0.0,0.0,22.65995247919151
1846,"184,183,205,103,251","20351,23,24903,31149,694",üchtei dispus dicke fun,-0.025971641570427043,23.534166927432498,False,0.11168796527746976,0.07297012370883486,-0.006750233580683572,0.02303657867679476,0.15787795474342092,0.2165402454660741,0.2753192136957936,0.5913027676972155,0.7157995213462776,0.8512818489220867,-0.43342481295379454,0.5489201293045116,0.3140061504382565,0.0,0.0,22.67124064768973
1847,"92,162,90,145,18","18158,5290,23060,26356,12487", imperativeizat răspunde sunet adjacent,-0.0023265483338200943,23.58095997534834,False,0.13182194660902055,0.07054609361118244,-0.010141569131585974,0.024853259571839936,0.15827244253869605,0.18473951106078434,0.2682969898856813,0.5925980887844386,0.7230482685051032,0.8553964052498226,-0.4343256462457426,0.5477930213180112,0.31688464174319697,0.0,0.0,22.71628231228713
1848,"126,63,239,29,182","7253,23832,23267,28935,1575",rai Regaltolerant Squadtion,-0.03107310540131658,23.584976359641136,False,0.10846600227066716,0.06122328185014365,-0.02817264073046745,0.018525950532869994,0.17176968483922814,0.19690638534313573,0.2790782153439675,0.5985114719972793,0.7119192615804206,0.8490711305044074,-0.4267417871580511,0.5092294718879196,0.33002549332728726,0.40863203652337243,0.0,22.337089357902556
1849,"79,131,164,217,59","5206,30173,6303,15296,31675",rick machiajitatiITY temporaire,-0.037756760095351324,23.609449435369637,False,0.10337342012212665,0.057936230293320005,-0.022634253762350995,0.01781141854996289,0.17753832471709585,0.1991107394078301,0.28226036043495595,0.6101215916063254,0.7086344666477874,0.8471951602582749,-0.43258326688922955,0.4927476436654404,0.3558257591251675,0.13171268811754971,0.0,22.629163344461478
1850,"24,119,168,167,198","29668,23662,15271,24594,3484", Crisis artistiqueoarăidiagra,-0.05609657515413226,23.631502389329178,False,0.08836919057494906,0.05164057190777386,-0.006199145804358374,0.019586157050508785,0.17067601677911745,0.19208757930245857,0.28893153145816264,0.6061202998182977,0.701748096559316,0.8432487583992266,-0.43544428303918026,0.5123542377739501,0.3469339995962172,0.0,0.0,22.772214151959012
1851,"50,33,197,190,232","21100,25803,2266,11733,7578", Coupe Sauce24usionetic,-0.04898948587984982,23.674411537120776,False,0.09862784940445272,0.05126230351262771,-0.010829283857760464,0.01397458251634077,0.15462710507138214,0.1923513714802838,0.2952346705686051,0.5906979290961433,0.6952416303807948,0.8395030252663744,-0.43607082402476116,0.5582082712246225,0.31266206465809615,0.0,0.0,22.80354120123806
1852,"75,3,177,146,49","904,22526,25482,20352,26851",men martialprindere cuir représentant,-0.022958270979221276,23.69693643765612,False,0.1167440364781898,0.06995775125104486,-0.011837904463230409,0.026247280977949802,0.17458601190831421,0.2131199814309546,0.27940461491482216,0.6113308252969671,0.7115823329911514,0.8488788989515395,-0.4367448133886529,0.5011828231191022,0.35851294510437137,0.0,0.0,22.837240669432646
1853,"139,74,94,172,38","31,9633,18852,13910,25012",' bittekaplebt caption,-0.026268201305978955,23.720867632524012,False,0.10835827476292859,0.06028457656421491,0.0007958514384566463,0.025454081526837827,0.1548927998300142,0.18236669349141962,0.2692529521378151,0.5918564389917811,0.7220614687609651,0.8548374394364023,-0.4369636391617669,0.5574491433428166,0.31523653109284683,0.0,0.0,22.848181958088347
1854,"99,42,137,237,150","7693,13483,5218,8916,10470", graphic underneatherii restorationôt,-0.033923336766741016,23.830476884636074,False,0.1100227421879751,0.06263961267759277,-0.0017417769981070083,0.023321955284398437,0.14848395258413863,0.1888990326853456,0.28789215790943223,0.5874685732028128,0.7028209982870377,0.8438648245368258,-0.43898462061867416,0.5757601354738896,0.30548571822847276,0.0,0.0,22.94923103093371
1855,"213,243,205,205,232","73,16323,24903,24903,7578", un Plain dispus dispusetic,-0.040120446519082795,23.853317162425093,False,0.10208509785589744,0.060309809270742455,6.097515213465701e-05,0.023338199641967195,0.1630152934900363,0.19099196682938593,0.28441108874996046,0.602613953967964,0.7064143600000408,0.8459248851109887,-0.4395986604779277,0.5342420185998963,0.3391421199288089,0.0,0.0,22.979933023896386
1856,"239,173,154,222,163","23267,19845,12307,10038,13147",tolerantAicioaraWCnehm,-0.04895947285324205,23.885966779237847,False,0.09758010718884512,0.04223184635993424,-0.004577126343692872,0.022061262468047484,0.15358625970843096,0.19936888703332434,0.29307916008417434,0.5936954869060971,0.6974666734614975,0.8407858466433802,-0.4401092271976661,0.5611821151187687,0.31932330423577127,0.0,0.0,23.005461359883306
1857,"198,26,209,96,14","3484,15157,31192,11564,6661",gra sportingDevelopedtatasport,-0.04479584777295713,23.903305420086287,False,0.09850075480616845,0.03520189354509171,-0.01342847030364102,0.013041623329817934,0.1572876823786907,0.17870553711710632,0.28659320515825115,0.5977739282025764,0.7041618527398698,0.8446341189188067,-0.4404862458238856,0.5506066217751694,0.3283865071168363,0.0,0.0,23.02431229119428
1858,"232,37,55,182,168","7578,30396,13775,1575,15271",eticelectrique Führungtionoară,-0.06355338874885032,23.950305850079268,False,0.08428211862699485,0.03759388400130977,-0.009295701366629498,0.017868005888719424,0.15252397389553649,0.16303705653587416,0.29567101475169033,0.5938523105249637,0.6947912105789003,0.8392431025920378,-0.44132833662942716,0.5642172174413242,0.31967180116658594,0.0,0.0,23.066416831471358
1859,"139,168,63,130,67","31,15271,23832,15799,25300",'oară Regal putere farther,-0.04334194951008756,23.95246239344887,False,0.09988731444093736,0.05559179953205282,-0.00958383241967305,0.016020955137948018,0.14546336280306946,0.181601338621923,0.28645852790204984,0.5867471516478724,0.7043008744236905,0.8447138403613085,-0.4412837888448029,0.5843903919912301,0.3038825592174942,0.0,0.0,23.064189442240146
1860,"99,54,58,178,109","7693,7818,28310,30831,12922", graphicroc IllustrationTotusikett,-0.023436595629733825,23.959038858502876,False,0.11680544591913783,0.05113128631522347,0.0003473826735639786,0.02595255339010478,0.15128284025464644,0.19312985328458562,0.2804840830977433,0.5927633149342413,0.7104680432539424,0.8482428407609797,-0.44148047467959484,0.567763313558153,0.3172518109649806,0.0,0.0,23.074023733979743
1861,"161,244,43,105,29","7890,22467,25627,10924,28935",intérieurlänge Exteriorissent Squad,-0.05146856783562791,23.96762319023034,False,0.09316243121820984,0.05463244363964748,-0.008615254484602252,0.0181429131012702,0.15105524239583495,0.180585979393222,0.2892619981076755,0.5926973307485234,0.7014069696953027,0.8430527871327658,-0.4416420883526884,0.5684135931547573,0.317105179441163,0.0,0.0,23.082104417634422
1862,"11,232,206,53,120","9161,7578,17140,1735,11930", broeticliga moving scroll,-0.027081208526311074,23.975059880994614,False,0.10930058108437785,0.0569944299997287,0.0006149279651902706,0.029264763609460596,0.14535864130831228,0.19671529275923602,0.27276357922137784,0.5870738747900731,0.7184375956424487,0.8527815785877543,-0.44171523348176084,0.5846895962619649,0.30460861064460687,0.0,0.0,23.085761674088044
1863,"115,238,29,179,31","29508,12740,28935,3997,8221", pantofivolu Squadchtimage,-0.04896991530366905,24.036419830189786,False,0.09400380936172588,0.05038074188230823,-0.0005940131368699141,0.01880377108829606,0.15615017764942246,0.1801849199112897,0.28594744933078986,0.5991715929709828,0.704828439400475,0.8450163020138783,-0.4430214153215603,0.5538566352873644,0.3314924288244061,0.0,0.0,23.151070766078014
1864,"41,33,200,30,122","3852,25803,3404,22706,12759", rep Saucewaremog beneath,-0.06596190801321812,24.06176414282117,False,0.08654064660341935,0.04175315920628764,-0.01859437179145359,0.015575276402541124,0.1486514095278817,0.17713996619704456,0.30500510923327495,0.5920669710412096,0.6851560162753291,0.8336635357065373,-0.44341556151332795,0.5752816870631952,0.315704380091577,0.0,0.0,23.170778075666398
1865,"45,110,114,223,27","25231,24243,21415,23346,2600",ffentlichkeit événementsRALEQ sport,-0.03155721563020482,24.07217820192031,False,0.11205280187795634,0.0483356050584505,-0.011942107714977605,0.017493723124671515,0.14576149433347504,0.17759877555686146,0.2872200350163223,0.5893413382527208,0.7035148025637963,0.8442629714630849,-0.44357984391924576,0.5835385876186427,0.3096474183393796,0.0,0.0,23.178992195962287
1866,"199,35,11,27,134","11171,14797,9161,2600,28448",matesgraphic bro sport senzati,-0.02790708148418325,24.11242485588445,False,0.11227520510078648,0.061799034928330124,-0.002118497111607409,0.02182652830519179,0.15787163960277814,0.19058135770322668,0.28036457316993946,0.6023693999385932,0.7105914083407077,0.8483132834219093,-0.444497760335815,0.548938172563491,0.33859866653020704,0.0,0.0,23.22488801679075
1867,"131,254,122,77,60","30173,28995,12759,6177,4091", machiajfreiheit beneath tie rear,-0.05712864206814122,24.11593666458402,False,0.09275024069082766,0.04163484800476671,-0.021449001888523948,0.014428520286031643,0.1489879482161838,0.16365854204917352,0.29975776551793776,0.5920576053130197,0.690572629142774,0.8368047768040419,-0.4430696570968359,0.5743201479537605,0.3156835673622659,0.07245009442619736,0.0,23.153482854841794
1868,"177,104,242,71,5","25482,15091,17002,25688,2426",prinderespieleraffiche correspondent movement,-0.06272476601938025,24.13993704517174,False,0.08852722234559453,0.03907095563402318,-0.00822795493583911,0.017481544373565455,0.16652594459101136,0.19672802604877107,0.30250397672994955,0.6116557535969263,0.6877378304723102,0.8351622736151643,-0.4451298090059149,0.5242115868828247,0.35923500799316943,0.0,0.0,23.256490450295747
1869,"143,39,84,10,217","9031,2951,24023,15854,15296",ighches LORD realmITY,-0.04693840741458864,24.157326002341325,False,0.09457063870484152,0.07206241479265565,-0.009479333480950284,0.017944053918086466,0.14084897752400724,0.18059710752121552,0.2830180922388603,0.5859995845904096,0.7078522918824668,0.8467478418993105,-0.4451506070664023,0.5975743499314079,0.302221299089799,0.0,0.0,23.257530353320117
1870,"78,111,137,142,89","20961,6156,5218,3416,14303",KING Paserii €amba,-0.033101094577640586,24.178604987087038,False,0.11330708598557178,0.06212565253646484,-0.01102459246416612,0.018370796639772872,0.1552690895455342,0.20053101020100125,0.29281636112642473,0.6010024870434991,0.6977379498049809,0.8409421138660944,-0.4457333974979649,0.5563740298699023,0.3355610823188869,0.0,0.0,23.286669874898248
1871,"139,139,144,214,183","31,31,9175,13525,23",''|ărăi,-0.07353960049468407,24.27461909652812,False,0.0772842881353301,0.03299091445887941,0.0008810282903533696,0.016365837695783796,0.15652122612337258,0.17838017324578323,0.30164777726002834,0.604108415219484,0.6886216492799707,0.8356747110807958,-0.4475871890961114,0.552796496790364,0.3424631449321866,0.0,0.0,23.37935945480557
1872,"106,82,242,190,202","14385,16771,17002,11733,5457", Freunde postureafficheusionnch,-0.056564623169600745,24.355004620284483,False,0.08596552623499056,0.04489357390210617,-0.0036942118537293504,0.022827906803796896,0.15293325922275847,0.17792085817652634,0.2850602988091826,0.6020161228844098,0.7057442076808438,0.845541070079282,-0.4490828636616513,0.5630478307921186,0.3378136064097994,0.0,0.0,23.454143183082564
1873,"77,45,137,226,87","6177,25231,5218,20736,330", tieffentlichkeiteriiesel pas,-0.0650952145958937,24.35529534617091,False,0.08174636663695149,0.04740456224768519,-0.03181217149629411,0.015313407215216962,0.1551996103514438,0.16510319064615403,0.2936831624656904,0.5930060696248476,0.6968431871321906,0.8404265806923944,-0.4378064592734038,0.5565725418530176,0.3177912658329946,0.5906085748147055,0.0,22.89032296367019
1874,"106,223,236,220,28","14385,23346,24742,9136,5378", FreundeEQestivalhole neck,-0.04902774855600339,24.36467911708071,False,0.09118138583049118,0.049023047756754645,0.0011784528325727184,0.02089593973278348,0.15087420890782868,0.17601186691951118,0.28041826877298914,0.6001172948447276,0.7105359806214305,0.8482816343803578,-0.449243085936899,0.568930831691918,0.3335939885438392,0.0,0.0,23.46215429684495
1875,"62,40,39,104,183","23226,18132,2951,15091,23", imobil Vorstandchesspieleri,-0.056096068184874226,24.42912071831333,False,0.08680299480319009,0.047062524602858535,-0.006721795338155677,0.018209954301758643,0.153439495484411,0.18001983723758466,0.28579812597612864,0.6039477584245679,0.7049825796375446,0.8451046527051377,-0.45050826294015694,0.5616014414731114,0.34210612983237315,0.0,0.0,23.525413147007846
1876,"232,49,180,112,138","7578,26851,31797,21711,9518",etic représentantscrisă bilden oferit,-0.04868018213581894,24.45965539482724,False,0.09604910296924406,0.047574897052876555,-0.006897095377488399,0.018386761894771998,0.14528228277118566,0.17721616100859805,0.289458570210126,0.5962760764444268,0.7012040565572893,0.8429361955627923,-0.45099379367324116,0.5849077635108981,0.3250579476542818,0.0,0.0,23.54968968366206
1877,"231,200,107,80,125","21815,3404,798,8787,19020", stainedware moment Abs humaine,-0.03891169251654443,24.476388476046235,False,0.09702886689355254,0.058255147336184906,-0.009815122672523368,0.021619661733674998,0.1418084251360067,0.17246153819899368,0.27188111882019395,0.5930804041622538,0.7193485225081869,0.8532988229101257,-0.45127197902624716,0.5948330710399808,0.31795645369389736,0.0,0.0,23.563598951312358
1878,"83,27,134,36,36","7383,2600,28448,24143,24143", Front sport senzatiKTKT,-0.053870387639139594,24.530111105415557,False,0.0912178383061707,0.03845194893473373,-0.006844403031919098,0.014305712340851345,0.1411732578215591,0.14379494049499605,0.2901764518906206,0.5934662456495355,0.7004630174032304,0.8425102658777396,-0.45229298782797644,0.5966478347955454,0.31881387922119003,0.0,0.0,23.61464939139882
1879,"72,139,169,156,154","7411,31,680,6872,12307", grip' sieeştioara,-0.044874180558260465,24.5459316784572,False,0.09935555749243098,0.05419549653873703,-0.018070713182219422,0.018648466189354885,0.14345439190765683,0.17472215453009568,0.2884594761013829,0.5960780610320063,0.7022353795082499,0.8435286147479628,-0.4526236691243495,0.5901303088352662,0.3246179134044585,0.0,0.0,23.631183456217475
1880,"184,222,80,226,205","20351,10038,8787,20736,24903",üchteWC Absesel dispus,-0.07285764237474171,24.559344381271863,False,0.07672090709382337,0.03803610920095856,-0.011756261530347688,0.013567350742493406,0.1427610825265873,0.16147197690859424,0.29915709893713016,0.595633161347618,0.6911926720648979,0.8371636047170647,-0.4528720788210307,0.5921111927811791,0.3236292474391511,0.0,0.0,23.643603941051534
1881,"232,226,215,9,162","7578,20736,6520,3349,5290",eticeselrib Sportizat,-0.06825467230281919,24.592091378362262,False,0.07918202102776344,0.040661868399651704,-0.03201684160738122,0.009853348895084851,0.14881059612643543,0.16854111064312619,0.29487338666116525,0.5908778087764747,0.6956145686078294,0.8397181749484971,-0.44206721265003923,0.5748268682101845,0.31306179728105477,0.600842080369061,0.0,23.10336063250196
1882,"178,101,64,78,184","30831,10176,30828,20961,20351",Totusi MachDOWNKINGüchte,-0.07214189911545778,24.606821157372593,False,0.07807332095632001,0.041938317521683574,-0.003914126636717107,0.0163013452900881,0.1478801569562091,0.16604201670657742,0.3004304401435556,0.6017236035193464,0.6898782553356846,0.8364027497901023,-0.4538434465631373,0.5774852658394025,0.3371635633763253,0.0,0.0,23.692172328156865
1883,"190,51,180,118,111","11733,30250,31797,2280,6156",usion thumbnailscrisă km Pas,-0.05673040897807431,24.838786132331713,False,0.09072539753874424,0.04445357012482744,-0.02068919277527998,0.010575288824599988,0.13574890329870434,0.17652016573473558,0.2949116130336371,0.5932268744922344,0.6955751091265682,0.8396954132102681,-0.45747797119353006,0.6121459905751304,0.3182819433160765,0.03445963876399904,0.0,23.873898559676505
1884,"180,137,42,116,185","31797,5218,13483,29248,15058",scrisăerii underneath motoaretient,-0.05634466247594949,24.852815086254655,False,0.09083463347464787,0.04165110371499757,-0.009057651625152912,0.014468241696872797,0.14400207743379417,0.1614620162468957,0.29435859190119473,0.6025088961363458,0.6961459696503797,0.8400246473162589,-0.45850681870255167,0.5885654930463023,0.3389086580807685,0.0,0.0,23.925340935127583
1885,"232,63,225,145,53","7578,23832,28654,26356,1735",etic Regal festgelegt sunet moving,-0.05624664616128293,24.858467312817385,False,0.09411480183035904,0.05577061172559253,-0.015427994781919007,0.015806427394902123,0.14399856894516855,0.18309848430272946,0.30072289598328394,0.6026135791169929,0.6895763654366102,0.836227901960175,-0.4586150101718243,0.5885755172995184,0.3391412869266508,0.0,0.0,23.930750508591217
1886,"24,148,37,30,80","29668,5615,30396,22706,8787", Crisisitzelectriquemog Abs,-0.05408555589453075,24.87676963745334,False,0.0914955817547141,0.04627089573504757,-0.04048129940797603,0.009210982431769104,0.1500634769358218,0.17603035714045193,0.2911622752984897,0.5894929398847181,0.6994453932402687,0.841925011329103,-0.4394294629488963,0.5712472087547948,0.309984310854929,1.0240649703988016,0.0,22.971473147444815
1887,"248,107,153,57,187","6148,798,23158,23976,20719", mici moment pierdere déplacement apărut,-0.026365268838631065,24.89819824031163,False,0.114517179759751,0.06463818161859203,-0.0019180394540491696,0.02282899362172644,0.1439289196042499,0.18862029635381836,0.2817648971967641,0.6033038879701473,0.7091459125710822,0.8474875236858864,-0.4593749683658974,0.5887745154164289,0.34067530660032735,0.0,0.0,23.968748418294872
1888,"228,139,67,186,248","4408,31,25300,10443,6148", accord' fartherû mici,-0.059774295559538546,24.978879226070575,False,0.08912958135656558,0.05872945227964763,-0.021612657183269924,0.01129745511981752,0.13493517591737683,0.1792643404524614,0.29780775383220826,0.5942017194285747,0.6925855444312689,0.8379691200562177,-0.4592665435111979,0.6144709259503519,0.32044826539683263,0.08063285916349618,0.0,23.963327175559893
1889,"246,142,133,81,167","728,3416,121,1722,24594"," once €"" physicalidia",-0.07926061300318674,25.00896981465914,False,0.07199470496545538,0.04210571287296029,-0.012711189291425262,0.010919951600485145,0.13706773139426354,0.15241162988489984,0.3025106359372842,0.5984804388651742,0.6877309564518357,0.8351582868311347,-0.4614127074709107,0.6083779103021042,0.3299565308114982,0.0,0.0,24.070635373545535
1890,"161,133,100,28,180","7890,121,14338,5378,31797","intérieur"" surroundings neckscrisă",-0.056806009704173155,25.013270847925302,False,0.08872481970288915,0.05258113262812188,-0.0013303566791928842,0.019330772632570072,0.1441354153444617,0.16914548469621293,0.2910616588141246,0.6057164123150005,0.6995492554176779,0.841984763036645,-0.4615809969705388,0.5881845275872523,0.3460364718111122,0.0,0.0,24.07904984852694
1891,"92,161,82,92,245","18158,7890,16771,18158,23156", imperativeintérieur posture imperativeceşti,-0.05730829918114029,25.043836970997926,False,0.08973222410980712,0.04350700557907294,0.00012438887863182606,0.021260788312027035,0.1449569460832019,0.17090211592845161,0.2940810465818948,0.6071332400090977,0.6964324680444957,0.8401898317750014,-0.4621762939258959,0.5858372969051374,0.34918497779799496,0.0,0.0,24.108814696294793
1892,"160,162,226,214,30","20437,5290,20736,13525,22706",enţaizateselărămog,-0.07749015993211503,25.099854293991353,False,0.07292224670815259,0.04215292978334017,-0.018332306926461095,0.010729905914549425,0.14039018114402538,0.16463123206543975,0.30082481328053523,0.6035836242343646,0.6894711604846088,0.8361669610307888,-0.4631934430903393,0.598885196731356,0.34129694274303246,0.0,0.0,24.159672154516965
1893,"180,181,213,44,185","31797,27940,73,15843,15058",scrisă societati un shafttient,-0.08084350508286887,25.152413777687897,False,0.07300082137957635,0.03786379594597995,-0.010596601971274149,0.012306647914363436,0.1376804738385748,0.16464739030422534,0.30768865292489045,0.6018474303576874,0.6823859066581776,0.8320524905768323,-0.4641669565191126,0.606627217604072,0.3374387341281942,0.0,0.0,24.20834782595563
1894,"10,116,141,126,172","15854,29248,25205,7253,13910", realm motoareizezerailebt,-0.058744018255248234,25.177373398929785,False,0.09140502708369018,0.035267720120601545,-0.00854432429254377,0.012905246432029721,0.1340680440298594,0.1515208473253226,0.3002980906778768,0.5986690306237107,0.6900148741389659,0.8364818643115481,-0.4646009865938513,0.6169484456289731,0.33037562360824596,0.0,0.0,24.230049329692566
1895,"14,128,188,200,45","6661,96,29904,3404,25231","sport ""weiligewareffentlichkeit",-0.07490860903112082,25.231162113376154,False,0.07725283082175285,0.032771291488431456,-0.005345691935613039,0.017255209121149872,0.13247403916642317,0.16663805695237963,0.30432287970574734,0.5980856424215462,0.6858602532069705,0.8340726109244042,-0.46561160325512296,0.6215027452387909,0.32907920538121366,0.0,0.0,24.28058016275615
1896,"170,31,24,147,78","13602,8221,29668,18956,20961",ffenimage CrisisriusKING,-0.07392756929127503,25.23977833853681,False,0.07751750428489695,0.04308480524581769,-0.010972414244494532,0.01373231249985415,0.13154216982256334,0.1517491167210998,0.30289014715234397,0.5973074349048495,0.6873392029395159,0.8349310467623395,-0.46576526508228616,0.6241652290783904,0.32734985534411,0.0,0.0,24.28826325411431
1897,"168,136,154,214,171","15271,2824,12307,13525,7184",oară....oaraărăн,-0.06055349947062137,25.27464374121408,False,0.08881147407653979,0.047526402593009325,-0.006686784596883437,0.017625123591617716,0.1332233039214996,0.17376206522614576,0.2987299470943223,0.5996766436945534,0.6916336029994092,0.8374186843542946,-0.4664533397730538,0.6193619887957155,0.3326147637656742,0.0,0.0,24.322666988652692
1898,"75,183,186,9,202","904,23,10443,3349,5457",meniû Sportnch,-0.07517582999441615,25.288318299395293,False,0.07724822074698716,0.034806303225514694,-0.011416932566616888,0.011232010831449535,0.13245971311796567,0.15223470269758918,0.3048481014828066,0.599165622354021,0.6853180887919416,0.8337576977259001,-0.46670590923605537,0.6215436768058124,0.3314791607867134,0.0,0.0,24.33529546180277
1899,"201,228,68,31,166","17624,4408,15501,8221,31468", angenehm accord Bewegungimage ingrijire,-0.06779144993312487,25.34539141617844,False,0.08169933755523522,0.03933511645308346,-0.0035277992892131737,0.016440019620170544,0.13553070228258238,0.16215191902942125,0.2989815749767202,0.6033668382432343,0.6913738580885469,0.8372684306859299,-0.467836135960652,0.6127694220497646,0.3408151960960763,0.0,0.0,24.3918067980326
1900,"145,169,94,39,138","26356,680,18852,2951,9518", sunet siekapches oferit,-0.07348469461804241,25.38919078929613,False,0.07455361830147189,0.03667235096621659,-0.014370394444967197,0.015363044718142071,0.13623756463814424,0.1490130631396023,0.2960766258390286,0.6049210060701145,0.6943725152629382,0.8390014148742369,-0.4686834414319702,0.6107498153195878,0.3442689023780321,0.0,0.0,24.43417207159851
1901,"228,90,242,30,138","4408,23060,17002,22706,9518", accord răspundeaffichemog oferit,-0.06477892528201006,25.39269019825374,False,0.08210857158743275,0.040447648043589045,-0.0005626506375095429,0.01938319901785233,0.12765316835781143,0.1513329039822855,0.2937749937388856,0.5962992501889051,0.6967483935598601,0.8403719451892206,-0.46864608183109363,0.6352766618348245,0.32510944486423343,0.0,0.0,24.43230409155468
1902,"161,215,163,127,94","7890,6520,13147,23794,18852",intérieurribnehm Verantwortlichkap,-0.05808858414788519,25.43220499688754,False,0.08495574717714328,0.05003274661514208,-0.0039036505426625285,0.0191197824499658,0.12682293831935157,0.15342587496020654,0.28608866265005695,0.5962155925250321,0.7046826708128444,0.8449327413172856,-0.46939265420568055,0.6376487476589955,0.3249235389445157,0.0,0.0,24.469632710284028
1903,"160,105,37,128,210","20437,10924,30396,96,12182","enţaissentelectrique "" estim",-0.07814478541500791,25.502290330309105,False,0.0746565806307275,0.04611802904052721,-0.0245779221132114,0.011151172081366595,0.1367553483224036,0.1682781741512779,0.3056027320914708,0.6032277039715689,0.6845391152604172,0.8333050269310327,-0.4664723556491653,0.6092704333645611,0.3405060088257086,0.22889610566057,0.0,24.323617782458264
1904,"231,74,135,180,169","21815,9633,19890,31797,680", stained bitte pursuscrisă sie,-0.07808577095398746,25.53626097972404,False,0.07425423391865259,0.043655902152603954,-0.017151235639647534,0.011158969057690602,0.12957128162243045,0.15744567629943285,0.3046800097452801,0.6009899117098201,0.6854916028435818,0.8338584953424172,-0.4714186300873896,0.6297963382216273,0.3355331371329335,0.0,0.0,24.57093150436948
1905,"199,247,238,146,191","11171,12327,12740,20352,20041",matesregardedvolu cuirieni,-0.07796678724655297,25.741487520035033,False,0.07409722976407997,0.03695052908767329,-0.005403393983235472,0.013338127744041065,0.13364527372502968,0.15102383172179948,0.30412803402126587,0.6090433055521446,0.6860613842361126,0.834189406537109,-0.47539803182711493,0.6181563607856294,0.3534295678936546,0.0,0.0,24.769901591355747
1906,"104,129,185,179,153","15091,17,15058,3997,23158",spielerttientcht pierdere,-0.08678699975571419,25.824646524405843,False,0.06474382206661955,0.036722136685522135,-0.006072967612786744,0.018004875188940325,0.13383354038149753,0.15264783563568965,0.3030616436446675,0.6108262676315972,0.6871621743022788,0.8348283394538859,-0.47699272725009967,0.6176184560528641,0.35739170584799373,0.0,0.0,24.849636362504985
1907,"10,51,171,238,187","15854,30250,7184,12740,20719", realm thumbnailнvolu apărut,-0.07227998125192157,25.870441604971532,False,0.07774862303877762,0.03766873859791732,-0.015069291220539715,0.012654301734266113,0.13035036540687917,0.15523850793521585,0.3000572085813984,0.6081776710997308,0.6902635266256533,0.8366258371689232,-0.4778273056928516,0.6275703845517738,0.3515059357771794,0.0,0.0,24.89136528464258
1908,"190,191,247,45,53","11733,20041,12327,25231,1735",usionieniregardedffentlichkeit moving,-0.06424322924510924,25.891955912670756,False,0.08397083170647994,0.040252397162339616,-0.021830338564461614,0.018136723711620787,0.12063963740015601,0.1607737745196302,0.29642812190317835,0.5970084038184569,0.6940096806160739,0.838791915850899,-0.47636876641830084,0.65531532171384,0.32668534181879305,0.09151692822308068,0.0,24.818438320915043
1909,"202,10,158,190,62","5457,15854,17319,11733,23226",nch realmenţăusion imobil,-0.06896667964268846,26.043049732433193,False,0.07906958018703045,0.03654763361886779,-0.007582928256469617,0.01659622195292584,0.12468652050835047,0.14513362975812752,0.2960725196594378,0.605750226880273,0.6943767538999351,0.8390038619342358,-0.48106370637192253,0.6437527985475701,0.3461116152894956,0.0,0.0,25.053185318596128
1910,"183,152,30,144,88","23,19355,22706,9175,11461",i persoanămog| physique,-0.08344981862037125,26.048385364014113,False,0.0697527711308802,0.03127653686880562,-0.024111587254443973,0.009046504073190681,0.12291303638720077,0.13742087470305778,0.3064051795025029,0.6001207262160392,0.6837107824490293,0.832823402947766,-0.47720768982883843,0.6488198960365692,0.33360161381342035,0.20557936272219862,0.0,24.860384491441923
1911,"159,183,217,190,53","3077,23,15296,11733,1735",igeiITYusion moving,-0.07357091166407508,26.06195799013498,False,0.07552054927405051,0.03753817471545987,-0.018152579962480285,0.014170002936147952,0.12477792884561052,0.14975181391054534,0.2981829218762512,0.6062048195849201,0.6921982741922569,0.8377452346171531,-0.4814268907393096,0.6434916318696843,0.34712182129982244,0.0,0.0,25.071344536965476
1912,"228,222,32,186,53","4408,10038,22608,10443,1735", accordWCoccupantû moving,-0.06791352491306939,26.082776318869655,False,0.08163262295310021,0.04166138360097179,-0.008013250127625658,0.014946576421143512,0.1273991613685222,0.1606338433149207,0.2990922957323392,0.609256570044367,0.6912595656956498,0.8372023078489815,-0.48185740867584476,0.6360023960899366,0.3539034889874821,0.0,0.0,25.092870433792235
1913,"232,37,106,247,41","7578,30396,14385,12327,3852",eticelectrique Freunderegarded rep,-0.07189077852267482,26.115771504506153,False,0.07749062793278379,0.0516424619794467,-0.006878688037543845,0.01424970912591154,0.12073458962420588,0.14881729437547275,0.2987628129109172,0.6031427927758338,0.6915996769951822,0.8373990608360405,-0.4824082031516279,0.655044029645126,0.3403173172796307,0.0,0.0,25.120410157581397
1914,"36,190,122,215,221","24143,11733,12759,6520,23481",KTusion beneathrib Ensemble,-0.06806302428047428,26.12100250032714,False,0.08053205777721589,0.03954572103256722,-0.025785242912452638,0.008331638456666757,0.12168016847766738,0.14594751218163368,0.29719016411538035,0.5986609736708257,0.6932230563970267,0.8383375429292307,-0.47698080519315833,0.6523423757780932,0.33035771926850155,0.28926214562263186,0.0,24.849040259657915
1915,"141,212,123,157,150","25205,19109,22250,27499,10470",izeze nachhaltig papaizantôt,-0.08112690580791586,26.200570701343224,False,0.0708456244302851,0.02570088462856326,-0.02408336466414259,0.0072195249927575434,0.148470189785639,0.17701704286505168,0.3039450604764019,0.6289298138233288,0.6862502601533916,0.8342990707915227,-0.4804596240376898,0.5757994577553172,0.3976218084962862,0.20416823320712954,0.0,25.02298120188449
1916,"90,5,129,225,164","23060,2426,17,28654,6303", răspunde movementt festgelegtitati,-0.05687128079179897,26.564962211727472,False,0.09027437046500149,0.050715084293886284,-0.016021155760926404,0.015212003623132265,0.11941362510152423,0.15114736955039432,0.2942913025136009,0.6104072920750475,0.6962154296633797,0.8400646983931649,-0.4909936669735233,0.658818213995645,0.3564606490556611,0.0,0.0,25.549683348676165
1917,"170,228,35,129,171","13602,4408,14797,17,7184",ffen accordgraphictн,-0.10286158833814263,26.836814063855783,False,0.05189369135174016,0.02772939593062339,-0.012554738314631508,0.010266529236212041,0.11519018035681064,0.12866291316798995,0.30951055937976557,0.6113381722222169,0.6805052290273388,0.8309569426993402,-0.49614799186540626,0.670885198980541,0.35852927160492637,0.0,0.0,25.807399593270315
1918,"174,60,166,245,247","6031,4091,31468,23156,12327",tting rear ingrijireceştiregarded,-0.09638777268111984,26.843585420138858,False,0.057443484910665345,0.0242230211866888,-0.03417526002665314,0.00790177044239504,0.12535813742982302,0.1363945068088768,0.30766251518357035,0.6081873586705475,0.6824128875524436,0.8320681972148856,-0.48282922124072447,0.6418338930576485,0.3515274637123278,0.7087630013326568,0.0,25.141461062036225
1919,"63,112,189,134,160","23832,21711,10646,28448,20437", Regal bildential senzatienţa,-0.09806691896486425,27.356756173738553,False,0.06209393009772202,0.016350403676064964,-0.015526318643994135,0.00736128827592554,0.11425546899832982,0.13368282859935354,0.3203216981251725,0.6203484348662515,0.6693453438707897,0.8244260439086258,-0.5060929658679216,0.6735558028619147,0.37855207748055875,0.0,0.0,26.30464829339608
1920,"143,172,65,96,135","9031,13910,22276,11564,19890",ighlebtrijtata pursu,-0.08130886619920481,27.479407300967104,False,0.07389038114569739,0.027829525676416965,-0.005331466991175881,0.017045237780749966,0.11141442831812709,0.1409346829003872,0.3103984946898044,0.6198214912645261,0.6795886506427825,0.8304224860335826,-0.508407062946399,0.6816730619482083,0.3773810916989469,0.0,0.0,26.42035314731995
1921,"232,170,57,167,206","7578,13602,23976,24594,17140",eticffen déplacementidialiga,-0.08868278309294553,27.544880441704684,False,0.06356480177475671,0.030412591927611077,-0.03162064832911733,0.00742858901763178,0.11775849179762074,0.13835677620550238,0.30449516973540447,0.6163702745522045,0.6856824054344212,0.8339693221363694,-0.49861178275458373,0.6635471662925122,0.3697117212271211,0.5810324164558666,0.0,25.930589137729186
1922,"200,173,157,77,114","3404,19845,27499,6177,21415",wareAiciizant tieRAL,-0.11572612254458739,27.975279157509302,False,0.047633939307281964,0.015076527103082727,-0.009266012057106077,0.004974892573782724,0.10357607292552595,0.12251314192466865,0.3267201237037387,0.621383255247747,0.6627405174671084,0.8205363345375153,-0.517807182322221,0.7040683630699258,0.38085167832832656,0.0,0.0,26.89035911611105
1923,"148,162,200,129,132","5615,5290,3404,17,6889",itzizatwaret ihm,-0.13131514955560503,28.61359864526259,False,0.03199246529798921,0.011471040575078273,-0.02780116604045857,0.0002209876788559819,0.09575972401056947,0.10485328925718011,0.3266152297071885,0.6182258123341322,0.6628487951409667,0.8206002499955819,-0.5224660883235628,0.72640078854123,0.37383513852029376,0.3900583020229284,0.0,27.12330441617814
