{
  "scope": {
    "baseline_commit": "b78bb21693e87a62287929683f575eb2a1b89be1",
    "committed_paths": [
      "configs/v4_mode3.yaml",
      "docs/sticky_attractor_v4_protocol.md",
      "docs/sticky_attractor_v4_results.md",
      "scripts/audit_v4_mode3.py",
      "scripts/run_v4_mode3_remote.sh",
      "sticky_lab/mode3_v4/__init__.py",
      "sticky_lab/mode3_v4/candidate_space.py",
      "sticky_lab/mode3_v4/cem_search.py",
      "sticky_lab/mode3_v4/data.py",
      "sticky_lab/mode3_v4/insertion.py",
      "sticky_lab/mode3_v4/interfaces.py",
      "sticky_lab/mode3_v4/metrics.py",
      "sticky_lab/mode3_v4/occupancy.py",
      "sticky_lab/mode3_v4/oracle.py",
      "sticky_lab/mode3_v4/retrieval.py",
      "sticky_lab/mode3_v4/run.py",
      "sticky_lab/mode3_v4/scoring.py",
      "sticky_lab/mode3_v4/support.py",
      "sticky_lab/mode3_v4/tokenizer_audit.py",
      "sticky_lab/mode3_v4/validation.py",
      "sticky_lab/mode3_v4/visualization.py",
      "tests/test_mode3_v4_core.py",
      "tests/test_mode3_v4_search.py"
    ],
    "working_tree_paths": [
      "results/sticky_lab/sentence_t5_base/mode3_v4/config_resolved.yaml",
      "results/sticky_lab/sentence_t5_base/mode3_v4/data/audit.json",
      "results/sticky_lab/sentence_t5_base/mode3_v4/data/ood.csv",
      "results/sticky_lab/sentence_t5_base/mode3_v4/data/search_benign.csv",
      "results/sticky_lab/sentence_t5_base/mode3_v4/data/search_trigger.csv",
      "results/sticky_lab/sentence_t5_base/mode3_v4/data/test_benign.csv",
      "results/sticky_lab/sentence_t5_base/mode3_v4/data/test_trigger.csv",
      "results/sticky_lab/sentence_t5_base/mode3_v4/data/validation_benign.csv",
      "results/sticky_lab/sentence_t5_base/mode3_v4/data/validation_trigger.csv",
      "results/sticky_lab/sentence_t5_base/mode3_v4/embeddings/ood.npy",
      "results/sticky_lab/sentence_t5_base/mode3_v4/embeddings/search_benign.npy",
      "results/sticky_lab/sentence_t5_base/mode3_v4/embeddings/search_trigger.npy",
      "results/sticky_lab/sentence_t5_base/mode3_v4/embeddings/test_benign.npy",
      "results/sticky_lab/sentence_t5_base/mode3_v4/embeddings/test_trigger.npy",
      "results/sticky_lab/sentence_t5_base/mode3_v4/embeddings/validation_benign.npy",
      "results/sticky_lab/sentence_t5_base/mode3_v4/embeddings/validation_trigger.npy",
      "results/sticky_lab/sentence_t5_base/mode3_v4/environment.json",
      "results/sticky_lab/sentence_t5_base/mode3_v4/final_status.json",
      "results/sticky_lab/sentence_t5_base/mode3_v4/length_frontier.csv",
      "results/sticky_lab/sentence_t5_base/mode3_v4/length_frontier.png",
      "results/sticky_lab/sentence_t5_base/mode3_v4/query_budget.json",
      "results/sticky_lab/sentence_t5_base/mode3_v4/query_ledgers/prepare.json",
      "results/sticky_lab/sentence_t5_base/mode3_v4/query_ledgers/screen_prefix_00.json",
      "results/sticky_lab/sentence_t5_base/mode3_v4/query_ledgers/screen_prefix_01.json",
      "results/sticky_lab/sentence_t5_base/mode3_v4/query_ledgers/screen_prefix_02.json",
      "results/sticky_lab/sentence_t5_base/mode3_v4/query_ledgers/screen_prefix_03.json",
      "results/sticky_lab/sentence_t5_base/mode3_v4/query_ledgers/screen_prefix_04.json",
      "results/sticky_lab/sentence_t5_base/mode3_v4/query_ledgers/screen_prefix_05.json",
      "results/sticky_lab/sentence_t5_base/mode3_v4/query_ledgers/screen_prefix_06.json",
      "results/sticky_lab/sentence_t5_base/mode3_v4/query_ledgers/screen_prefix_07.json",
      "results/sticky_lab/sentence_t5_base/mode3_v4/query_ledgers/screen_random_00.json",
      "results/sticky_lab/sentence_t5_base/mode3_v4/query_ledgers/screen_random_01.json",
      "results/sticky_lab/sentence_t5_base/mode3_v4/query_ledgers/screen_random_02.json",
      "results/sticky_lab/sentence_t5_base/mode3_v4/query_ledgers/screen_random_03.json",
      "results/sticky_lab/sentence_t5_base/mode3_v4/query_ledgers/screen_random_04.json",
      "results/sticky_lab/sentence_t5_base/mode3_v4/query_ledgers/screen_random_05.json",
      "results/sticky_lab/sentence_t5_base/mode3_v4/query_ledgers/screen_random_06.json",
      "results/sticky_lab/sentence_t5_base/mode3_v4/query_ledgers/screen_random_07.json",
      "results/sticky_lab/sentence_t5_base/mode3_v4/query_ledgers/screen_suffix_00.json",
      "results/sticky_lab/sentence_t5_base/mode3_v4/query_ledgers/screen_suffix_01.json",
      "results/sticky_lab/sentence_t5_base/mode3_v4/query_ledgers/screen_suffix_02.json",
      "results/sticky_lab/sentence_t5_base/mode3_v4/query_ledgers/screen_suffix_03.json",
      "results/sticky_lab/sentence_t5_base/mode3_v4/query_ledgers/screen_suffix_04.json",
      "results/sticky_lab/sentence_t5_base/mode3_v4/query_ledgers/screen_suffix_05.json",
      "results/sticky_lab/sentence_t5_base/mode3_v4/query_ledgers/screen_suffix_06.json",
      "results/sticky_lab/sentence_t5_base/mode3_v4/query_ledgers/screen_suffix_07.json",
      "results/sticky_lab/sentence_t5_base/mode3_v4/query_ledgers/screen_universal_00.json",
      "results/sticky_lab/sentence_t5_base/mode3_v4/query_ledgers/screen_universal_01.json",
      "results/sticky_lab/sentence_t5_base/mode3_v4/query_ledgers/screen_universal_02.json",
      "results/sticky_lab/sentence_t5_base/mode3_v4/query_ledgers/screen_universal_03.json",
      "results/sticky_lab/sentence_t5_base/mode3_v4/query_ledgers/screen_universal_04.json",
      "results/sticky_lab/sentence_t5_base/mode3_v4/query_ledgers/screen_universal_05.json",
      "results/sticky_lab/sentence_t5_base/mode3_v4/query_ledgers/screen_universal_06.json",
      "results/sticky_lab/sentence_t5_base/mode3_v4/query_ledgers/screen_universal_07.json",
      "results/sticky_lab/sentence_t5_base/mode3_v4/query_ledgers/search_prefix_L02_R00.json",
      "results/sticky_lab/sentence_t5_base/mode3_v4/query_ledgers/search_prefix_L02_R01.json",
      "results/sticky_lab/sentence_t5_base/mode3_v4/query_ledgers/search_prefix_L03_R00.json",
      "results/sticky_lab/sentence_t5_base/mode3_v4/query_ledgers/search_prefix_L03_R01.json",
      "results/sticky_lab/sentence_t5_base/mode3_v4/query_ledgers/search_prefix_L04_R00.json",
      "results/sticky_lab/sentence_t5_base/mode3_v4/query_ledgers/search_prefix_L04_R01.json",
      "results/sticky_lab/sentence_t5_base/mode3_v4/query_ledgers/search_prefix_L05_R00.json",
      "results/sticky_lab/sentence_t5_base/mode3_v4/query_ledgers/search_prefix_L05_R01.json",
      "results/sticky_lab/sentence_t5_base/mode3_v4/query_ledgers/search_prefix_L06_R00.json",
      "results/sticky_lab/sentence_t5_base/mode3_v4/query_ledgers/search_prefix_L06_R01.json",
      "results/sticky_lab/sentence_t5_base/mode3_v4/query_ledgers/search_prefix_L07_R00.json",
      "results/sticky_lab/sentence_t5_base/mode3_v4/query_ledgers/search_prefix_L07_R01.json",
      "results/sticky_lab/sentence_t5_base/mode3_v4/query_ledgers/search_prefix_L08_R00.json",
      "results/sticky_lab/sentence_t5_base/mode3_v4/query_ledgers/search_prefix_L08_R01.json",
      "results/sticky_lab/sentence_t5_base/mode3_v4/query_ledgers/search_prefix_L09_R00.json",
      "results/sticky_lab/sentence_t5_base/mode3_v4/query_ledgers/search_prefix_L09_R01.json",
      "results/sticky_lab/sentence_t5_base/mode3_v4/query_ledgers/search_prefix_L10_R00.json",
      "results/sticky_lab/sentence_t5_base/mode3_v4/query_ledgers/search_prefix_L10_R01.json",
      "results/sticky_lab/sentence_t5_base/mode3_v4/query_ledgers/search_prefix_L11_R00.json",
      "results/sticky_lab/sentence_t5_base/mode3_v4/query_ledgers/search_prefix_L11_R01.json",
      "results/sticky_lab/sentence_t5_base/mode3_v4/query_ledgers/search_prefix_L12_R00.json",
      "results/sticky_lab/sentence_t5_base/mode3_v4/query_ledgers/search_prefix_L12_R01.json",
      "results/sticky_lab/sentence_t5_base/mode3_v4/query_ledgers/search_prefix_L13_R00.json",
      "results/sticky_lab/sentence_t5_base/mode3_v4/query_ledgers/search_prefix_L13_R01.json",
      "results/sticky_lab/sentence_t5_base/mode3_v4/query_ledgers/search_prefix_L14_R00.json",
      "results/sticky_lab/sentence_t5_base/mode3_v4/query_ledgers/search_prefix_L14_R01.json",
      "results/sticky_lab/sentence_t5_base/mode3_v4/query_ledgers/search_prefix_L15_R00.json",
      "results/sticky_lab/sentence_t5_base/mode3_v4/query_ledgers/search_prefix_L15_R01.json",
      "results/sticky_lab/sentence_t5_base/mode3_v4/query_ledgers/search_prefix_L16_R00.json",
      "results/sticky_lab/sentence_t5_base/mode3_v4/query_ledgers/search_prefix_L16_R01.json",
      "results/sticky_lab/sentence_t5_base/mode3_v4/query_ledgers/search_prefix_L17_R00.json",
      "results/sticky_lab/sentence_t5_base/mode3_v4/query_ledgers/search_prefix_L17_R01.json",
      "results/sticky_lab/sentence_t5_base/mode3_v4/query_ledgers/search_prefix_L18_R00.json",
      "results/sticky_lab/sentence_t5_base/mode3_v4/query_ledgers/search_prefix_L18_R01.json",
      "results/sticky_lab/sentence_t5_base/mode3_v4/query_ledgers/search_prefix_L19_R00.json",
      "results/sticky_lab/sentence_t5_base/mode3_v4/query_ledgers/search_prefix_L19_R01.json",
      "results/sticky_lab/sentence_t5_base/mode3_v4/query_ledgers/search_prefix_L20_R00.json",
      "results/sticky_lab/sentence_t5_base/mode3_v4/query_ledgers/search_prefix_L20_R01.json",
      "results/sticky_lab/sentence_t5_base/mode3_v4/query_ledgers/search_prefix_L21_R00.json",
      "results/sticky_lab/sentence_t5_base/mode3_v4/query_ledgers/search_prefix_L21_R01.json",
      "results/sticky_lab/sentence_t5_base/mode3_v4/query_ledgers/search_prefix_L22_R00.json",
      "results/sticky_lab/sentence_t5_base/mode3_v4/query_ledgers/search_prefix_L22_R01.json",
      "results/sticky_lab/sentence_t5_base/mode3_v4/query_ledgers/search_prefix_L23_R00.json",
      "results/sticky_lab/sentence_t5_base/mode3_v4/query_ledgers/search_prefix_L23_R01.json",
      "results/sticky_lab/sentence_t5_base/mode3_v4/query_ledgers/search_prefix_L24_R00.json",
      "results/sticky_lab/sentence_t5_base/mode3_v4/query_ledgers/search_prefix_L24_R01.json",
      "results/sticky_lab/sentence_t5_base/mode3_v4/query_ledgers/search_prefix_L25_R00.json",
      "results/sticky_lab/sentence_t5_base/mode3_v4/query_ledgers/search_prefix_L25_R01.json",
      "results/sticky_lab/sentence_t5_base/mode3_v4/query_ledgers/search_prefix_L26_R00.json",
      "results/sticky_lab/sentence_t5_base/mode3_v4/query_ledgers/search_prefix_L26_R01.json",
      "results/sticky_lab/sentence_t5_base/mode3_v4/query_ledgers/search_prefix_L27_R00.json",
      "results/sticky_lab/sentence_t5_base/mode3_v4/query_ledgers/search_prefix_L27_R01.json",
      "results/sticky_lab/sentence_t5_base/mode3_v4/query_ledgers/search_prefix_L28_R00.json",
      "results/sticky_lab/sentence_t5_base/mode3_v4/query_ledgers/search_prefix_L28_R01.json",
      "results/sticky_lab/sentence_t5_base/mode3_v4/query_ledgers/search_prefix_L29_R00.json",
      "results/sticky_lab/sentence_t5_base/mode3_v4/query_ledgers/search_prefix_L29_R01.json",
      "results/sticky_lab/sentence_t5_base/mode3_v4/query_ledgers/search_prefix_L30_R00.json",
      "results/sticky_lab/sentence_t5_base/mode3_v4/query_ledgers/search_prefix_L30_R01.json",
      "results/sticky_lab/sentence_t5_base/mode3_v4/query_ledgers/search_random_L02_R00.json",
      "results/sticky_lab/sentence_t5_base/mode3_v4/query_ledgers/search_random_L02_R01.json",
      "results/sticky_lab/sentence_t5_base/mode3_v4/query_ledgers/search_random_L03_R00.json",
      "results/sticky_lab/sentence_t5_base/mode3_v4/query_ledgers/search_random_L03_R01.json",
      "results/sticky_lab/sentence_t5_base/mode3_v4/query_ledgers/search_random_L04_R00.json",
      "results/sticky_lab/sentence_t5_base/mode3_v4/query_ledgers/search_random_L04_R01.json",
      "results/sticky_lab/sentence_t5_base/mode3_v4/query_ledgers/search_random_L05_R00.json",
      "results/sticky_lab/sentence_t5_base/mode3_v4/query_ledgers/search_random_L05_R01.json",
      "results/sticky_lab/sentence_t5_base/mode3_v4/query_ledgers/search_random_L06_R00.json",
      "results/sticky_lab/sentence_t5_base/mode3_v4/query_ledgers/search_random_L06_R01.json",
      "results/sticky_lab/sentence_t5_base/mode3_v4/query_ledgers/search_random_L07_R00.json",
      "results/sticky_lab/sentence_t5_base/mode3_v4/query_ledgers/search_random_L07_R01.json",
      "results/sticky_lab/sentence_t5_base/mode3_v4/query_ledgers/search_random_L08_R00.json",
      "results/sticky_lab/sentence_t5_base/mode3_v4/query_ledgers/search_random_L08_R01.json",
      "results/sticky_lab/sentence_t5_base/mode3_v4/query_ledgers/search_random_L09_R00.json",
      "results/sticky_lab/sentence_t5_base/mode3_v4/query_ledgers/search_random_L09_R01.json",
      "results/sticky_lab/sentence_t5_base/mode3_v4/query_ledgers/search_random_L10_R00.json",
      "results/sticky_lab/sentence_t5_base/mode3_v4/query_ledgers/search_random_L10_R01.json",
      "results/sticky_lab/sentence_t5_base/mode3_v4/query_ledgers/search_random_L11_R00.json",
      "results/sticky_lab/sentence_t5_base/mode3_v4/query_ledgers/search_random_L11_R01.json",
      "results/sticky_lab/sentence_t5_base/mode3_v4/query_ledgers/search_random_L12_R00.json",
      "results/sticky_lab/sentence_t5_base/mode3_v4/query_ledgers/search_random_L12_R01.json",
      "results/sticky_lab/sentence_t5_base/mode3_v4/query_ledgers/search_random_L13_R00.json",
      "results/sticky_lab/sentence_t5_base/mode3_v4/query_ledgers/search_random_L13_R01.json",
      "results/sticky_lab/sentence_t5_base/mode3_v4/query_ledgers/search_random_L14_R00.json",
      "results/sticky_lab/sentence_t5_base/mode3_v4/query_ledgers/search_random_L14_R01.json",
      "results/sticky_lab/sentence_t5_base/mode3_v4/query_ledgers/search_random_L15_R00.json",
      "results/sticky_lab/sentence_t5_base/mode3_v4/query_ledgers/search_random_L15_R01.json",
      "results/sticky_lab/sentence_t5_base/mode3_v4/query_ledgers/search_random_L16_R00.json",
      "results/sticky_lab/sentence_t5_base/mode3_v4/query_ledgers/search_random_L16_R01.json",
      "results/sticky_lab/sentence_t5_base/mode3_v4/query_ledgers/search_random_L17_R00.json",
      "results/sticky_lab/sentence_t5_base/mode3_v4/query_ledgers/search_random_L17_R01.json",
      "results/sticky_lab/sentence_t5_base/mode3_v4/query_ledgers/search_random_L18_R00.json",
      "results/sticky_lab/sentence_t5_base/mode3_v4/query_ledgers/search_random_L18_R01.json",
      "results/sticky_lab/sentence_t5_base/mode3_v4/query_ledgers/search_random_L19_R00.json",
      "results/sticky_lab/sentence_t5_base/mode3_v4/query_ledgers/search_random_L19_R01.json",
      "results/sticky_lab/sentence_t5_base/mode3_v4/query_ledgers/search_random_L20_R00.json",
      "results/sticky_lab/sentence_t5_base/mode3_v4/query_ledgers/search_random_L20_R01.json",
      "results/sticky_lab/sentence_t5_base/mode3_v4/query_ledgers/search_random_L21_R00.json",
      "results/sticky_lab/sentence_t5_base/mode3_v4/query_ledgers/search_random_L21_R01.json",
      "results/sticky_lab/sentence_t5_base/mode3_v4/query_ledgers/search_random_L22_R00.json",
      "results/sticky_lab/sentence_t5_base/mode3_v4/query_ledgers/search_random_L22_R01.json",
      "results/sticky_lab/sentence_t5_base/mode3_v4/query_ledgers/search_random_L23_R00.json",
      "results/sticky_lab/sentence_t5_base/mode3_v4/query_ledgers/search_random_L23_R01.json",
      "results/sticky_lab/sentence_t5_base/mode3_v4/query_ledgers/search_random_L24_R00.json",
      "results/sticky_lab/sentence_t5_base/mode3_v4/query_ledgers/search_random_L24_R01.json",
      "results/sticky_lab/sentence_t5_base/mode3_v4/query_ledgers/search_random_L25_R00.json",
      "results/sticky_lab/sentence_t5_base/mode3_v4/query_ledgers/search_random_L25_R01.json",
      "results/sticky_lab/sentence_t5_base/mode3_v4/query_ledgers/search_random_L26_R00.json",
      "results/sticky_lab/sentence_t5_base/mode3_v4/query_ledgers/search_random_L26_R01.json",
      "results/sticky_lab/sentence_t5_base/mode3_v4/query_ledgers/search_random_L27_R00.json",
      "results/sticky_lab/sentence_t5_base/mode3_v4/query_ledgers/search_random_L27_R01.json",
      "results/sticky_lab/sentence_t5_base/mode3_v4/query_ledgers/search_random_L28_R00.json",
      "results/sticky_lab/sentence_t5_base/mode3_v4/query_ledgers/search_random_L28_R01.json",
      "results/sticky_lab/sentence_t5_base/mode3_v4/query_ledgers/search_random_L29_R00.json",
      "results/sticky_lab/sentence_t5_base/mode3_v4/query_ledgers/search_random_L29_R01.json",
      "results/sticky_lab/sentence_t5_base/mode3_v4/query_ledgers/search_random_L30_R00.json",
      "results/sticky_lab/sentence_t5_base/mode3_v4/query_ledgers/search_random_L30_R01.json",
      "results/sticky_lab/sentence_t5_base/mode3_v4/query_ledgers/search_suffix_L02_R00.json",
      "results/sticky_lab/sentence_t5_base/mode3_v4/query_ledgers/search_suffix_L02_R01.json",
      "results/sticky_lab/sentence_t5_base/mode3_v4/query_ledgers/search_suffix_L03_R00.json",
      "results/sticky_lab/sentence_t5_base/mode3_v4/query_ledgers/search_suffix_L03_R01.json",
      "results/sticky_lab/sentence_t5_base/mode3_v4/query_ledgers/search_suffix_L04_R00.json",
      "results/sticky_lab/sentence_t5_base/mode3_v4/query_ledgers/search_suffix_L04_R01.json",
      "results/sticky_lab/sentence_t5_base/mode3_v4/query_ledgers/search_suffix_L05_R00.json",
      "results/sticky_lab/sentence_t5_base/mode3_v4/query_ledgers/search_suffix_L05_R01.json",
      "results/sticky_lab/sentence_t5_base/mode3_v4/query_ledgers/search_suffix_L06_R00.json",
      "results/sticky_lab/sentence_t5_base/mode3_v4/query_ledgers/search_suffix_L06_R01.json",
      "results/sticky_lab/sentence_t5_base/mode3_v4/query_ledgers/search_suffix_L07_R00.json",
      "results/sticky_lab/sentence_t5_base/mode3_v4/query_ledgers/search_suffix_L07_R01.json",
      "results/sticky_lab/sentence_t5_base/mode3_v4/query_ledgers/search_suffix_L08_R00.json",
      "results/sticky_lab/sentence_t5_base/mode3_v4/query_ledgers/search_suffix_L08_R01.json",
      "results/sticky_lab/sentence_t5_base/mode3_v4/query_ledgers/search_suffix_L09_R00.json",
      "results/sticky_lab/sentence_t5_base/mode3_v4/query_ledgers/search_suffix_L09_R01.json",
      "results/sticky_lab/sentence_t5_base/mode3_v4/query_ledgers/search_suffix_L10_R00.json",
      "results/sticky_lab/sentence_t5_base/mode3_v4/query_ledgers/search_suffix_L10_R01.json",
      "results/sticky_lab/sentence_t5_base/mode3_v4/query_ledgers/search_suffix_L11_R00.json",
      "results/sticky_lab/sentence_t5_base/mode3_v4/query_ledgers/search_suffix_L11_R01.json",
      "results/sticky_lab/sentence_t5_base/mode3_v4/query_ledgers/search_suffix_L12_R00.json",
      "results/sticky_lab/sentence_t5_base/mode3_v4/query_ledgers/search_suffix_L12_R01.json",
      "results/sticky_lab/sentence_t5_base/mode3_v4/query_ledgers/search_suffix_L13_R00.json",
      "results/sticky_lab/sentence_t5_base/mode3_v4/query_ledgers/search_suffix_L13_R01.json",
      "results/sticky_lab/sentence_t5_base/mode3_v4/query_ledgers/search_suffix_L14_R00.json",
      "results/sticky_lab/sentence_t5_base/mode3_v4/query_ledgers/search_suffix_L14_R01.json",
      "results/sticky_lab/sentence_t5_base/mode3_v4/query_ledgers/search_suffix_L15_R00.json",
      "results/sticky_lab/sentence_t5_base/mode3_v4/query_ledgers/search_suffix_L15_R01.json",
      "results/sticky_lab/sentence_t5_base/mode3_v4/query_ledgers/search_suffix_L16_R00.json",
      "results/sticky_lab/sentence_t5_base/mode3_v4/query_ledgers/search_suffix_L16_R01.json",
      "results/sticky_lab/sentence_t5_base/mode3_v4/query_ledgers/search_suffix_L17_R00.json",
      "results/sticky_lab/sentence_t5_base/mode3_v4/query_ledgers/search_suffix_L17_R01.json",
      "results/sticky_lab/sentence_t5_base/mode3_v4/query_ledgers/search_suffix_L18_R00.json",
      "results/sticky_lab/sentence_t5_base/mode3_v4/query_ledgers/search_suffix_L18_R01.json",
      "results/sticky_lab/sentence_t5_base/mode3_v4/query_ledgers/search_suffix_L19_R00.json",
      "results/sticky_lab/sentence_t5_base/mode3_v4/query_ledgers/search_suffix_L19_R01.json",
      "results/sticky_lab/sentence_t5_base/mode3_v4/query_ledgers/search_suffix_L20_R00.json",
      "results/sticky_lab/sentence_t5_base/mode3_v4/query_ledgers/search_suffix_L20_R01.json",
      "results/sticky_lab/sentence_t5_base/mode3_v4/query_ledgers/search_suffix_L21_R00.json",
      "results/sticky_lab/sentence_t5_base/mode3_v4/query_ledgers/search_suffix_L21_R01.json",
      "results/sticky_lab/sentence_t5_base/mode3_v4/query_ledgers/search_suffix_L22_R00.json",
      "results/sticky_lab/sentence_t5_base/mode3_v4/query_ledgers/search_suffix_L22_R01.json",
      "results/sticky_lab/sentence_t5_base/mode3_v4/query_ledgers/search_suffix_L23_R00.json",
      "results/sticky_lab/sentence_t5_base/mode3_v4/query_ledgers/search_suffix_L23_R01.json",
      "results/sticky_lab/sentence_t5_base/mode3_v4/query_ledgers/search_suffix_L24_R00.json",
      "results/sticky_lab/sentence_t5_base/mode3_v4/query_ledgers/search_suffix_L24_R01.json",
      "results/sticky_lab/sentence_t5_base/mode3_v4/query_ledgers/search_suffix_L25_R00.json",
      "results/sticky_lab/sentence_t5_base/mode3_v4/query_ledgers/search_suffix_L25_R01.json",
      "results/sticky_lab/sentence_t5_base/mode3_v4/query_ledgers/search_suffix_L26_R00.json",
      "results/sticky_lab/sentence_t5_base/mode3_v4/query_ledgers/search_suffix_L26_R01.json",
      "results/sticky_lab/sentence_t5_base/mode3_v4/query_ledgers/search_suffix_L27_R00.json",
      "results/sticky_lab/sentence_t5_base/mode3_v4/query_ledgers/search_suffix_L27_R01.json",
      "results/sticky_lab/sentence_t5_base/mode3_v4/query_ledgers/search_suffix_L28_R00.json",
      "results/sticky_lab/sentence_t5_base/mode3_v4/query_ledgers/search_suffix_L28_R01.json",
      "results/sticky_lab/sentence_t5_base/mode3_v4/query_ledgers/search_suffix_L29_R00.json",
      "results/sticky_lab/sentence_t5_base/mode3_v4/query_ledgers/search_suffix_L29_R01.json",
      "results/sticky_lab/sentence_t5_base/mode3_v4/query_ledgers/search_suffix_L30_R00.json",
      "results/sticky_lab/sentence_t5_base/mode3_v4/query_ledgers/search_suffix_L30_R01.json",
      "results/sticky_lab/sentence_t5_base/mode3_v4/query_ledgers/search_universal_L02_R00.json",
      "results/sticky_lab/sentence_t5_base/mode3_v4/query_ledgers/search_universal_L02_R01.json",
      "results/sticky_lab/sentence_t5_base/mode3_v4/query_ledgers/search_universal_L03_R00.json",
      "results/sticky_lab/sentence_t5_base/mode3_v4/query_ledgers/search_universal_L03_R01.json",
      "results/sticky_lab/sentence_t5_base/mode3_v4/query_ledgers/search_universal_L04_R00.json",
      "results/sticky_lab/sentence_t5_base/mode3_v4/query_ledgers/search_universal_L04_R01.json",
      "results/sticky_lab/sentence_t5_base/mode3_v4/query_ledgers/search_universal_L05_R00.json",
      "results/sticky_lab/sentence_t5_base/mode3_v4/query_ledgers/search_universal_L05_R01.json",
      "results/sticky_lab/sentence_t5_base/mode3_v4/query_ledgers/search_universal_L06_R00.json",
      "results/sticky_lab/sentence_t5_base/mode3_v4/query_ledgers/search_universal_L06_R01.json",
      "results/sticky_lab/sentence_t5_base/mode3_v4/query_ledgers/search_universal_L07_R00.json",
      "results/sticky_lab/sentence_t5_base/mode3_v4/query_ledgers/search_universal_L07_R01.json",
      "results/sticky_lab/sentence_t5_base/mode3_v4/query_ledgers/search_universal_L08_R00.json",
      "results/sticky_lab/sentence_t5_base/mode3_v4/query_ledgers/search_universal_L08_R01.json",
      "results/sticky_lab/sentence_t5_base/mode3_v4/query_ledgers/search_universal_L09_R00.json",
      "results/sticky_lab/sentence_t5_base/mode3_v4/query_ledgers/search_universal_L09_R01.json",
      "results/sticky_lab/sentence_t5_base/mode3_v4/query_ledgers/search_universal_L10_R00.json",
      "results/sticky_lab/sentence_t5_base/mode3_v4/query_ledgers/search_universal_L10_R01.json",
      "results/sticky_lab/sentence_t5_base/mode3_v4/query_ledgers/search_universal_L11_R00.json",
      "results/sticky_lab/sentence_t5_base/mode3_v4/query_ledgers/search_universal_L11_R01.json",
      "results/sticky_lab/sentence_t5_base/mode3_v4/query_ledgers/search_universal_L12_R00.json",
      "results/sticky_lab/sentence_t5_base/mode3_v4/query_ledgers/search_universal_L12_R01.json",
      "results/sticky_lab/sentence_t5_base/mode3_v4/query_ledgers/search_universal_L13_R00.json",
      "results/sticky_lab/sentence_t5_base/mode3_v4/query_ledgers/search_universal_L13_R01.json",
      "results/sticky_lab/sentence_t5_base/mode3_v4/query_ledgers/search_universal_L14_R00.json",
      "results/sticky_lab/sentence_t5_base/mode3_v4/query_ledgers/search_universal_L14_R01.json",
      "results/sticky_lab/sentence_t5_base/mode3_v4/query_ledgers/search_universal_L15_R00.json",
      "results/sticky_lab/sentence_t5_base/mode3_v4/query_ledgers/search_universal_L15_R01.json",
      "results/sticky_lab/sentence_t5_base/mode3_v4/query_ledgers/search_universal_L16_R00.json",
      "results/sticky_lab/sentence_t5_base/mode3_v4/query_ledgers/search_universal_L16_R01.json",
      "results/sticky_lab/sentence_t5_base/mode3_v4/query_ledgers/search_universal_L17_R00.json",
      "results/sticky_lab/sentence_t5_base/mode3_v4/query_ledgers/search_universal_L17_R01.json",
      "results/sticky_lab/sentence_t5_base/mode3_v4/query_ledgers/search_universal_L18_R00.json",
      "results/sticky_lab/sentence_t5_base/mode3_v4/query_ledgers/search_universal_L18_R01.json",
      "results/sticky_lab/sentence_t5_base/mode3_v4/query_ledgers/search_universal_L19_R00.json",
      "results/sticky_lab/sentence_t5_base/mode3_v4/query_ledgers/search_universal_L19_R01.json",
      "results/sticky_lab/sentence_t5_base/mode3_v4/query_ledgers/search_universal_L20_R00.json",
      "results/sticky_lab/sentence_t5_base/mode3_v4/query_ledgers/search_universal_L20_R01.json",
      "results/sticky_lab/sentence_t5_base/mode3_v4/query_ledgers/search_universal_L21_R00.json",
      "results/sticky_lab/sentence_t5_base/mode3_v4/query_ledgers/search_universal_L21_R01.json",
      "results/sticky_lab/sentence_t5_base/mode3_v4/query_ledgers/search_universal_L22_R00.json",
      "results/sticky_lab/sentence_t5_base/mode3_v4/query_ledgers/search_universal_L22_R01.json",
      "results/sticky_lab/sentence_t5_base/mode3_v4/query_ledgers/search_universal_L23_R00.json",
      "results/sticky_lab/sentence_t5_base/mode3_v4/query_ledgers/search_universal_L23_R01.json",
      "results/sticky_lab/sentence_t5_base/mode3_v4/query_ledgers/search_universal_L24_R00.json",
      "results/sticky_lab/sentence_t5_base/mode3_v4/query_ledgers/search_universal_L24_R01.json",
      "results/sticky_lab/sentence_t5_base/mode3_v4/query_ledgers/search_universal_L25_R00.json",
      "results/sticky_lab/sentence_t5_base/mode3_v4/query_ledgers/search_universal_L25_R01.json",
      "results/sticky_lab/sentence_t5_base/mode3_v4/query_ledgers/search_universal_L26_R00.json",
      "results/sticky_lab/sentence_t5_base/mode3_v4/query_ledgers/search_universal_L26_R01.json",
      "results/sticky_lab/sentence_t5_base/mode3_v4/query_ledgers/search_universal_L27_R00.json",
      "results/sticky_lab/sentence_t5_base/mode3_v4/query_ledgers/search_universal_L27_R01.json",
      "results/sticky_lab/sentence_t5_base/mode3_v4/query_ledgers/search_universal_L28_R00.json",
      "results/sticky_lab/sentence_t5_base/mode3_v4/query_ledgers/search_universal_L28_R01.json",
      "results/sticky_lab/sentence_t5_base/mode3_v4/query_ledgers/search_universal_L29_R00.json",
      "results/sticky_lab/sentence_t5_base/mode3_v4/query_ledgers/search_universal_L29_R01.json",
      "results/sticky_lab/sentence_t5_base/mode3_v4/query_ledgers/search_universal_L30_R00.json",
      "results/sticky_lab/sentence_t5_base/mode3_v4/query_ledgers/search_universal_L30_R01.json",
      "results/sticky_lab/sentence_t5_base/mode3_v4/query_ledgers/validate_prefix_L01.json",
      "results/sticky_lab/sentence_t5_base/mode3_v4/query_ledgers/validate_prefix_L02.json",
      "results/sticky_lab/sentence_t5_base/mode3_v4/query_ledgers/validate_prefix_L03.json",
      "results/sticky_lab/sentence_t5_base/mode3_v4/query_ledgers/validate_prefix_L04.json",
      "results/sticky_lab/sentence_t5_base/mode3_v4/query_ledgers/validate_prefix_L05.json",
      "results/sticky_lab/sentence_t5_base/mode3_v4/query_ledgers/validate_prefix_L06.json",
      "results/sticky_lab/sentence_t5_base/mode3_v4/query_ledgers/validate_prefix_L07.json",
      "results/sticky_lab/sentence_t5_base/mode3_v4/query_ledgers/validate_prefix_L08.json",
      "results/sticky_lab/sentence_t5_base/mode3_v4/query_ledgers/validate_prefix_L09.json",
      "results/sticky_lab/sentence_t5_base/mode3_v4/query_ledgers/validate_prefix_L10.json",
      "results/sticky_lab/sentence_t5_base/mode3_v4/query_ledgers/validate_prefix_L11.json",
      "results/sticky_lab/sentence_t5_base/mode3_v4/query_ledgers/validate_prefix_L12.json",
      "results/sticky_lab/sentence_t5_base/mode3_v4/query_ledgers/validate_prefix_L13.json",
      "results/sticky_lab/sentence_t5_base/mode3_v4/query_ledgers/validate_prefix_L14.json",
      "results/sticky_lab/sentence_t5_base/mode3_v4/query_ledgers/validate_prefix_L15.json",
      "results/sticky_lab/sentence_t5_base/mode3_v4/query_ledgers/validate_prefix_L16.json",
      "results/sticky_lab/sentence_t5_base/mode3_v4/query_ledgers/validate_prefix_L17.json",
      "results/sticky_lab/sentence_t5_base/mode3_v4/query_ledgers/validate_prefix_L18.json",
      "results/sticky_lab/sentence_t5_base/mode3_v4/query_ledgers/validate_prefix_L19.json",
      "results/sticky_lab/sentence_t5_base/mode3_v4/query_ledgers/validate_prefix_L20.json",
      "results/sticky_lab/sentence_t5_base/mode3_v4/query_ledgers/validate_prefix_L21.json",
      "results/sticky_lab/sentence_t5_base/mode3_v4/query_ledgers/validate_prefix_L22.json",
      "results/sticky_lab/sentence_t5_base/mode3_v4/query_ledgers/validate_prefix_L23.json",
      "results/sticky_lab/sentence_t5_base/mode3_v4/query_ledgers/validate_prefix_L24.json",
      "results/sticky_lab/sentence_t5_base/mode3_v4/query_ledgers/validate_prefix_L25.json",
      "results/sticky_lab/sentence_t5_base/mode3_v4/query_ledgers/validate_prefix_L26.json",
      "results/sticky_lab/sentence_t5_base/mode3_v4/query_ledgers/validate_prefix_L27.json",
      "results/sticky_lab/sentence_t5_base/mode3_v4/query_ledgers/validate_prefix_L28.json",
      "results/sticky_lab/sentence_t5_base/mode3_v4/query_ledgers/validate_prefix_L29.json",
      "results/sticky_lab/sentence_t5_base/mode3_v4/query_ledgers/validate_prefix_L30.json",
      "results/sticky_lab/sentence_t5_base/mode3_v4/query_ledgers/validate_random_L01.json",
      "results/sticky_lab/sentence_t5_base/mode3_v4/query_ledgers/validate_random_L02.json",
      "results/sticky_lab/sentence_t5_base/mode3_v4/query_ledgers/validate_random_L03.json",
      "results/sticky_lab/sentence_t5_base/mode3_v4/query_ledgers/validate_random_L04.json",
      "results/sticky_lab/sentence_t5_base/mode3_v4/query_ledgers/validate_random_L05.json",
      "results/sticky_lab/sentence_t5_base/mode3_v4/query_ledgers/validate_random_L06.json",
      "results/sticky_lab/sentence_t5_base/mode3_v4/query_ledgers/validate_random_L07.json",
      "results/sticky_lab/sentence_t5_base/mode3_v4/query_ledgers/validate_random_L08.json",
      "results/sticky_lab/sentence_t5_base/mode3_v4/query_ledgers/validate_random_L09.json",
      "results/sticky_lab/sentence_t5_base/mode3_v4/query_ledgers/validate_random_L10.json",
      "results/sticky_lab/sentence_t5_base/mode3_v4/query_ledgers/validate_random_L11.json",
      "results/sticky_lab/sentence_t5_base/mode3_v4/query_ledgers/validate_random_L12.json",
      "results/sticky_lab/sentence_t5_base/mode3_v4/query_ledgers/validate_random_L13.json",
      "results/sticky_lab/sentence_t5_base/mode3_v4/query_ledgers/validate_random_L14.json",
      "results/sticky_lab/sentence_t5_base/mode3_v4/query_ledgers/validate_random_L15.json",
      "results/sticky_lab/sentence_t5_base/mode3_v4/query_ledgers/validate_random_L16.json",
      "results/sticky_lab/sentence_t5_base/mode3_v4/query_ledgers/validate_random_L17.json",
      "results/sticky_lab/sentence_t5_base/mode3_v4/query_ledgers/validate_random_L18.json",
      "results/sticky_lab/sentence_t5_base/mode3_v4/query_ledgers/validate_random_L19.json",
      "results/sticky_lab/sentence_t5_base/mode3_v4/query_ledgers/validate_random_L20.json",
      "results/sticky_lab/sentence_t5_base/mode3_v4/query_ledgers/validate_random_L21.json",
      "results/sticky_lab/sentence_t5_base/mode3_v4/query_ledgers/validate_random_L22.json",
      "results/sticky_lab/sentence_t5_base/mode3_v4/query_ledgers/validate_random_L23.json",
      "results/sticky_lab/sentence_t5_base/mode3_v4/query_ledgers/validate_random_L24.json",
      "results/sticky_lab/sentence_t5_base/mode3_v4/query_ledgers/validate_random_L25.json",
      "results/sticky_lab/sentence_t5_base/mode3_v4/query_ledgers/validate_random_L26.json",
      "results/sticky_lab/sentence_t5_base/mode3_v4/query_ledgers/validate_random_L27.json",
      "results/sticky_lab/sentence_t5_base/mode3_v4/query_ledgers/validate_random_L28.json",
      "results/sticky_lab/sentence_t5_base/mode3_v4/query_ledgers/validate_random_L29.json",
      "results/sticky_lab/sentence_t5_base/mode3_v4/query_ledgers/validate_random_L30.json",
      "results/sticky_lab/sentence_t5_base/mode3_v4/query_ledgers/validate_suffix_L01.json",
      "results/sticky_lab/sentence_t5_base/mode3_v4/query_ledgers/validate_suffix_L02.json",
      "results/sticky_lab/sentence_t5_base/mode3_v4/query_ledgers/validate_suffix_L03.json",
      "results/sticky_lab/sentence_t5_base/mode3_v4/query_ledgers/validate_suffix_L04.json",
      "results/sticky_lab/sentence_t5_base/mode3_v4/query_ledgers/validate_suffix_L05.json",
      "results/sticky_lab/sentence_t5_base/mode3_v4/query_ledgers/validate_suffix_L06.json",
      "results/sticky_lab/sentence_t5_base/mode3_v4/query_ledgers/validate_suffix_L07.json",
      "results/sticky_lab/sentence_t5_base/mode3_v4/query_ledgers/validate_suffix_L08.json",
      "results/sticky_lab/sentence_t5_base/mode3_v4/query_ledgers/validate_suffix_L09.json",
      "results/sticky_lab/sentence_t5_base/mode3_v4/query_ledgers/validate_suffix_L10.json",
      "results/sticky_lab/sentence_t5_base/mode3_v4/query_ledgers/validate_suffix_L11.json",
      "results/sticky_lab/sentence_t5_base/mode3_v4/query_ledgers/validate_suffix_L12.json",
      "results/sticky_lab/sentence_t5_base/mode3_v4/query_ledgers/validate_suffix_L13.json",
      "results/sticky_lab/sentence_t5_base/mode3_v4/query_ledgers/validate_suffix_L14.json",
      "results/sticky_lab/sentence_t5_base/mode3_v4/query_ledgers/validate_suffix_L15.json",
      "results/sticky_lab/sentence_t5_base/mode3_v4/query_ledgers/validate_suffix_L16.json",
      "results/sticky_lab/sentence_t5_base/mode3_v4/query_ledgers/validate_suffix_L17.json",
      "results/sticky_lab/sentence_t5_base/mode3_v4/query_ledgers/validate_suffix_L18.json",
      "results/sticky_lab/sentence_t5_base/mode3_v4/query_ledgers/validate_suffix_L19.json",
      "results/sticky_lab/sentence_t5_base/mode3_v4/query_ledgers/validate_suffix_L20.json",
      "results/sticky_lab/sentence_t5_base/mode3_v4/query_ledgers/validate_suffix_L21.json",
      "results/sticky_lab/sentence_t5_base/mode3_v4/query_ledgers/validate_suffix_L22.json",
      "results/sticky_lab/sentence_t5_base/mode3_v4/query_ledgers/validate_suffix_L23.json",
      "results/sticky_lab/sentence_t5_base/mode3_v4/query_ledgers/validate_suffix_L24.json",
      "results/sticky_lab/sentence_t5_base/mode3_v4/query_ledgers/validate_suffix_L25.json",
      "results/sticky_lab/sentence_t5_base/mode3_v4/query_ledgers/validate_suffix_L26.json",
      "results/sticky_lab/sentence_t5_base/mode3_v4/query_ledgers/validate_suffix_L27.json",
      "results/sticky_lab/sentence_t5_base/mode3_v4/query_ledgers/validate_suffix_L28.json",
      "results/sticky_lab/sentence_t5_base/mode3_v4/query_ledgers/validate_suffix_L29.json",
      "results/sticky_lab/sentence_t5_base/mode3_v4/query_ledgers/validate_suffix_L30.json",
      "results/sticky_lab/sentence_t5_base/mode3_v4/query_ledgers/validate_universal_L01.json",
      "results/sticky_lab/sentence_t5_base/mode3_v4/query_ledgers/validate_universal_L02.json",
      "results/sticky_lab/sentence_t5_base/mode3_v4/query_ledgers/validate_universal_L03.json",
      "results/sticky_lab/sentence_t5_base/mode3_v4/query_ledgers/validate_universal_L04.json",
      "results/sticky_lab/sentence_t5_base/mode3_v4/query_ledgers/validate_universal_L05.json",
      "results/sticky_lab/sentence_t5_base/mode3_v4/query_ledgers/validate_universal_L06.json",
      "results/sticky_lab/sentence_t5_base/mode3_v4/query_ledgers/validate_universal_L07.json",
      "results/sticky_lab/sentence_t5_base/mode3_v4/query_ledgers/validate_universal_L08.json",
      "results/sticky_lab/sentence_t5_base/mode3_v4/query_ledgers/validate_universal_L09.json",
      "results/sticky_lab/sentence_t5_base/mode3_v4/query_ledgers/validate_universal_L10.json",
      "results/sticky_lab/sentence_t5_base/mode3_v4/query_ledgers/validate_universal_L11.json",
      "results/sticky_lab/sentence_t5_base/mode3_v4/query_ledgers/validate_universal_L12.json",
      "results/sticky_lab/sentence_t5_base/mode3_v4/query_ledgers/validate_universal_L13.json",
      "results/sticky_lab/sentence_t5_base/mode3_v4/query_ledgers/validate_universal_L14.json",
      "results/sticky_lab/sentence_t5_base/mode3_v4/query_ledgers/validate_universal_L15.json",
      "results/sticky_lab/sentence_t5_base/mode3_v4/query_ledgers/validate_universal_L16.json",
      "results/sticky_lab/sentence_t5_base/mode3_v4/query_ledgers/validate_universal_L17.json",
      "results/sticky_lab/sentence_t5_base/mode3_v4/query_ledgers/validate_universal_L18.json",
      "results/sticky_lab/sentence_t5_base/mode3_v4/query_ledgers/validate_universal_L19.json",
      "results/sticky_lab/sentence_t5_base/mode3_v4/query_ledgers/validate_universal_L20.json",
      "results/sticky_lab/sentence_t5_base/mode3_v4/query_ledgers/validate_universal_L21.json",
      "results/sticky_lab/sentence_t5_base/mode3_v4/query_ledgers/validate_universal_L22.json",
      "results/sticky_lab/sentence_t5_base/mode3_v4/query_ledgers/validate_universal_L23.json",
      "results/sticky_lab/sentence_t5_base/mode3_v4/query_ledgers/validate_universal_L24.json",
      "results/sticky_lab/sentence_t5_base/mode3_v4/query_ledgers/validate_universal_L25.json",
      "results/sticky_lab/sentence_t5_base/mode3_v4/query_ledgers/validate_universal_L26.json",
      "results/sticky_lab/sentence_t5_base/mode3_v4/query_ledgers/validate_universal_L27.json",
      "results/sticky_lab/sentence_t5_base/mode3_v4/query_ledgers/validate_universal_L28.json",
      "results/sticky_lab/sentence_t5_base/mode3_v4/query_ledgers/validate_universal_L29.json",
      "results/sticky_lab/sentence_t5_base/mode3_v4/query_ledgers/validate_universal_L30.json",
      "results/sticky_lab/sentence_t5_base/mode3_v4/remote_logs/audit.log",
      "results/sticky_lab/sentence_t5_base/mode3_v4/remote_logs/driver.log",
      "results/sticky_lab/sentence_t5_base/mode3_v4/remote_logs/driver_resume_validation.log",
      "results/sticky_lab/sentence_t5_base/mode3_v4/remote_logs/driver_resume_vectorized.log",
      "results/sticky_lab/sentence_t5_base/mode3_v4/remote_logs/finalize.log",
      "results/sticky_lab/sentence_t5_base/mode3_v4/remote_logs/merge_screen.log",
      "results/sticky_lab/sentence_t5_base/mode3_v4/remote_logs/prepare.log",
      "results/sticky_lab/sentence_t5_base/mode3_v4/remote_logs/screen_jobs.txt",
      "results/sticky_lab/sentence_t5_base/mode3_v4/remote_logs/screen_prefix_0.log",
      "results/sticky_lab/sentence_t5_base/mode3_v4/remote_logs/screen_prefix_1.log",
      "results/sticky_lab/sentence_t5_base/mode3_v4/remote_logs/screen_prefix_2.log",
      "results/sticky_lab/sentence_t5_base/mode3_v4/remote_logs/screen_prefix_3.log",
      "results/sticky_lab/sentence_t5_base/mode3_v4/remote_logs/screen_prefix_4.log",
      "results/sticky_lab/sentence_t5_base/mode3_v4/remote_logs/screen_prefix_5.log",
      "results/sticky_lab/sentence_t5_base/mode3_v4/remote_logs/screen_prefix_6.log",
      "results/sticky_lab/sentence_t5_base/mode3_v4/remote_logs/screen_prefix_7.log",
      "results/sticky_lab/sentence_t5_base/mode3_v4/remote_logs/screen_random_0.log",
      "results/sticky_lab/sentence_t5_base/mode3_v4/remote_logs/screen_random_1.log",
      "results/sticky_lab/sentence_t5_base/mode3_v4/remote_logs/screen_random_2.log",
      "results/sticky_lab/sentence_t5_base/mode3_v4/remote_logs/screen_random_3.log",
      "results/sticky_lab/sentence_t5_base/mode3_v4/remote_logs/screen_random_4.log",
      "results/sticky_lab/sentence_t5_base/mode3_v4/remote_logs/screen_random_5.log",
      "results/sticky_lab/sentence_t5_base/mode3_v4/remote_logs/screen_random_6.log",
      "results/sticky_lab/sentence_t5_base/mode3_v4/remote_logs/screen_random_7.log",
      "results/sticky_lab/sentence_t5_base/mode3_v4/remote_logs/screen_suffix_0.log",
      "results/sticky_lab/sentence_t5_base/mode3_v4/remote_logs/screen_suffix_1.log",
      "results/sticky_lab/sentence_t5_base/mode3_v4/remote_logs/screen_suffix_2.log",
      "results/sticky_lab/sentence_t5_base/mode3_v4/remote_logs/screen_suffix_3.log",
      "results/sticky_lab/sentence_t5_base/mode3_v4/remote_logs/screen_suffix_4.log",
      "results/sticky_lab/sentence_t5_base/mode3_v4/remote_logs/screen_suffix_5.log",
      "results/sticky_lab/sentence_t5_base/mode3_v4/remote_logs/screen_suffix_6.log",
      "results/sticky_lab/sentence_t5_base/mode3_v4/remote_logs/screen_suffix_7.log",
      "results/sticky_lab/sentence_t5_base/mode3_v4/remote_logs/screen_universal_0.log",
      "results/sticky_lab/sentence_t5_base/mode3_v4/remote_logs/screen_universal_1.log",
      "results/sticky_lab/sentence_t5_base/mode3_v4/remote_logs/screen_universal_2.log",
      "results/sticky_lab/sentence_t5_base/mode3_v4/remote_logs/screen_universal_3.log",
      "results/sticky_lab/sentence_t5_base/mode3_v4/remote_logs/screen_universal_4.log",
      "results/sticky_lab/sentence_t5_base/mode3_v4/remote_logs/screen_universal_5.log",
      "results/sticky_lab/sentence_t5_base/mode3_v4/remote_logs/screen_universal_6.log",
      "results/sticky_lab/sentence_t5_base/mode3_v4/remote_logs/screen_universal_7.log",
      "results/sticky_lab/sentence_t5_base/mode3_v4/remote_logs/search_jobs.txt",
      "results/sticky_lab/sentence_t5_base/mode3_v4/remote_logs/search_prefix_L10_R0.log",
      "results/sticky_lab/sentence_t5_base/mode3_v4/remote_logs/search_prefix_L10_R1.log",
      "results/sticky_lab/sentence_t5_base/mode3_v4/remote_logs/search_prefix_L11_R0.log",
      "results/sticky_lab/sentence_t5_base/mode3_v4/remote_logs/search_prefix_L11_R1.log",
      "results/sticky_lab/sentence_t5_base/mode3_v4/remote_logs/search_prefix_L12_R0.log",
      "results/sticky_lab/sentence_t5_base/mode3_v4/remote_logs/search_prefix_L12_R1.log",
      "results/sticky_lab/sentence_t5_base/mode3_v4/remote_logs/search_prefix_L13_R0.log",
      "results/sticky_lab/sentence_t5_base/mode3_v4/remote_logs/search_prefix_L13_R1.log",
      "results/sticky_lab/sentence_t5_base/mode3_v4/remote_logs/search_prefix_L14_R0.log",
      "results/sticky_lab/sentence_t5_base/mode3_v4/remote_logs/search_prefix_L14_R1.log",
      "results/sticky_lab/sentence_t5_base/mode3_v4/remote_logs/search_prefix_L15_R0.log",
      "results/sticky_lab/sentence_t5_base/mode3_v4/remote_logs/search_prefix_L15_R1.log",
      "results/sticky_lab/sentence_t5_base/mode3_v4/remote_logs/search_prefix_L16_R0.log",
      "results/sticky_lab/sentence_t5_base/mode3_v4/remote_logs/search_prefix_L16_R1.log",
      "results/sticky_lab/sentence_t5_base/mode3_v4/remote_logs/search_prefix_L17_R0.log",
      "results/sticky_lab/sentence_t5_base/mode3_v4/remote_logs/search_prefix_L17_R1.log",
      "results/sticky_lab/sentence_t5_base/mode3_v4/remote_logs/search_prefix_L18_R0.log",
      "results/sticky_lab/sentence_t5_base/mode3_v4/remote_logs/search_prefix_L18_R1.log",
      "results/sticky_lab/sentence_t5_base/mode3_v4/remote_logs/search_prefix_L19_R0.log",
      "results/sticky_lab/sentence_t5_base/mode3_v4/remote_logs/search_prefix_L19_R1.log",
      "results/sticky_lab/sentence_t5_base/mode3_v4/remote_logs/search_prefix_L20_R0.log",
      "results/sticky_lab/sentence_t5_base/mode3_v4/remote_logs/search_prefix_L20_R1.log",
      "results/sticky_lab/sentence_t5_base/mode3_v4/remote_logs/search_prefix_L21_R0.log",
      "results/sticky_lab/sentence_t5_base/mode3_v4/remote_logs/search_prefix_L21_R1.log",
      "results/sticky_lab/sentence_t5_base/mode3_v4/remote_logs/search_prefix_L22_R0.log",
      "results/sticky_lab/sentence_t5_base/mode3_v4/remote_logs/search_prefix_L22_R1.log",
      "results/sticky_lab/sentence_t5_base/mode3_v4/remote_logs/search_prefix_L23_R0.log",
      "results/sticky_lab/sentence_t5_base/mode3_v4/remote_logs/search_prefix_L23_R1.log",
      "results/sticky_lab/sentence_t5_base/mode3_v4/remote_logs/search_prefix_L24_R0.log",
      "results/sticky_lab/sentence_t5_base/mode3_v4/remote_logs/search_prefix_L24_R1.log",
      "results/sticky_lab/sentence_t5_base/mode3_v4/remote_logs/search_prefix_L25_R0.log",
      "results/sticky_lab/sentence_t5_base/mode3_v4/remote_logs/search_prefix_L25_R1.log",
      "results/sticky_lab/sentence_t5_base/mode3_v4/remote_logs/search_prefix_L26_R0.log",
      "results/sticky_lab/sentence_t5_base/mode3_v4/remote_logs/search_prefix_L26_R1.log",
      "results/sticky_lab/sentence_t5_base/mode3_v4/remote_logs/search_prefix_L27_R0.log",
      "results/sticky_lab/sentence_t5_base/mode3_v4/remote_logs/search_prefix_L27_R1.log",
      "results/sticky_lab/sentence_t5_base/mode3_v4/remote_logs/search_prefix_L28_R0.log",
      "results/sticky_lab/sentence_t5_base/mode3_v4/remote_logs/search_prefix_L28_R1.log",
      "results/sticky_lab/sentence_t5_base/mode3_v4/remote_logs/search_prefix_L29_R0.log",
      "results/sticky_lab/sentence_t5_base/mode3_v4/remote_logs/search_prefix_L29_R1.log",
      "results/sticky_lab/sentence_t5_base/mode3_v4/remote_logs/search_prefix_L2_R0.log",
      "results/sticky_lab/sentence_t5_base/mode3_v4/remote_logs/search_prefix_L2_R1.log",
      "results/sticky_lab/sentence_t5_base/mode3_v4/remote_logs/search_prefix_L30_R0.log",
      "results/sticky_lab/sentence_t5_base/mode3_v4/remote_logs/search_prefix_L30_R1.log",
      "results/sticky_lab/sentence_t5_base/mode3_v4/remote_logs/search_prefix_L3_R0.log",
      "results/sticky_lab/sentence_t5_base/mode3_v4/remote_logs/search_prefix_L3_R1.log",
      "results/sticky_lab/sentence_t5_base/mode3_v4/remote_logs/search_prefix_L4_R0.log",
      "results/sticky_lab/sentence_t5_base/mode3_v4/remote_logs/search_prefix_L4_R1.log",
      "results/sticky_lab/sentence_t5_base/mode3_v4/remote_logs/search_prefix_L5_R0.log",
      "results/sticky_lab/sentence_t5_base/mode3_v4/remote_logs/search_prefix_L5_R1.log",
      "results/sticky_lab/sentence_t5_base/mode3_v4/remote_logs/search_prefix_L6_R0.log",
      "results/sticky_lab/sentence_t5_base/mode3_v4/remote_logs/search_prefix_L6_R1.log",
      "results/sticky_lab/sentence_t5_base/mode3_v4/remote_logs/search_prefix_L7_R0.log",
      "results/sticky_lab/sentence_t5_base/mode3_v4/remote_logs/search_prefix_L7_R1.log",
      "results/sticky_lab/sentence_t5_base/mode3_v4/remote_logs/search_prefix_L8_R0.log",
      "results/sticky_lab/sentence_t5_base/mode3_v4/remote_logs/search_prefix_L8_R1.log",
      "results/sticky_lab/sentence_t5_base/mode3_v4/remote_logs/search_prefix_L9_R0.log",
      "results/sticky_lab/sentence_t5_base/mode3_v4/remote_logs/search_prefix_L9_R1.log",
      "results/sticky_lab/sentence_t5_base/mode3_v4/remote_logs/search_random_L10_R0.log",
      "results/sticky_lab/sentence_t5_base/mode3_v4/remote_logs/search_random_L10_R1.log",
      "results/sticky_lab/sentence_t5_base/mode3_v4/remote_logs/search_random_L11_R0.log",
      "results/sticky_lab/sentence_t5_base/mode3_v4/remote_logs/search_random_L11_R1.log",
      "results/sticky_lab/sentence_t5_base/mode3_v4/remote_logs/search_random_L12_R0.log",
      "results/sticky_lab/sentence_t5_base/mode3_v4/remote_logs/search_random_L12_R1.log",
      "results/sticky_lab/sentence_t5_base/mode3_v4/remote_logs/search_random_L13_R0.log",
      "results/sticky_lab/sentence_t5_base/mode3_v4/remote_logs/search_random_L13_R1.log",
      "results/sticky_lab/sentence_t5_base/mode3_v4/remote_logs/search_random_L14_R0.log",
      "results/sticky_lab/sentence_t5_base/mode3_v4/remote_logs/search_random_L14_R1.log",
      "results/sticky_lab/sentence_t5_base/mode3_v4/remote_logs/search_random_L15_R0.log",
      "results/sticky_lab/sentence_t5_base/mode3_v4/remote_logs/search_random_L15_R1.log",
      "results/sticky_lab/sentence_t5_base/mode3_v4/remote_logs/search_random_L16_R0.log",
      "results/sticky_lab/sentence_t5_base/mode3_v4/remote_logs/search_random_L16_R1.log",
      "results/sticky_lab/sentence_t5_base/mode3_v4/remote_logs/search_random_L17_R0.log",
      "results/sticky_lab/sentence_t5_base/mode3_v4/remote_logs/search_random_L17_R1.log",
      "results/sticky_lab/sentence_t5_base/mode3_v4/remote_logs/search_random_L18_R0.log",
      "results/sticky_lab/sentence_t5_base/mode3_v4/remote_logs/search_random_L18_R1.log",
      "results/sticky_lab/sentence_t5_base/mode3_v4/remote_logs/search_random_L19_R0.log",
      "results/sticky_lab/sentence_t5_base/mode3_v4/remote_logs/search_random_L19_R1.log",
      "results/sticky_lab/sentence_t5_base/mode3_v4/remote_logs/search_random_L20_R0.log",
      "results/sticky_lab/sentence_t5_base/mode3_v4/remote_logs/search_random_L20_R1.log",
      "results/sticky_lab/sentence_t5_base/mode3_v4/remote_logs/search_random_L21_R0.log",
      "results/sticky_lab/sentence_t5_base/mode3_v4/remote_logs/search_random_L21_R1.log",
      "results/sticky_lab/sentence_t5_base/mode3_v4/remote_logs/search_random_L22_R0.log",
      "results/sticky_lab/sentence_t5_base/mode3_v4/remote_logs/search_random_L22_R1.log",
      "results/sticky_lab/sentence_t5_base/mode3_v4/remote_logs/search_random_L23_R0.log",
      "results/sticky_lab/sentence_t5_base/mode3_v4/remote_logs/search_random_L23_R1.log",
      "results/sticky_lab/sentence_t5_base/mode3_v4/remote_logs/search_random_L24_R0.log",
      "results/sticky_lab/sentence_t5_base/mode3_v4/remote_logs/search_random_L24_R1.log",
      "results/sticky_lab/sentence_t5_base/mode3_v4/remote_logs/search_random_L25_R0.log",
      "results/sticky_lab/sentence_t5_base/mode3_v4/remote_logs/search_random_L25_R1.log",
      "results/sticky_lab/sentence_t5_base/mode3_v4/remote_logs/search_random_L26_R0.log",
      "results/sticky_lab/sentence_t5_base/mode3_v4/remote_logs/search_random_L26_R1.log",
      "results/sticky_lab/sentence_t5_base/mode3_v4/remote_logs/search_random_L27_R0.log",
      "results/sticky_lab/sentence_t5_base/mode3_v4/remote_logs/search_random_L27_R1.log",
      "results/sticky_lab/sentence_t5_base/mode3_v4/remote_logs/search_random_L28_R0.log",
      "results/sticky_lab/sentence_t5_base/mode3_v4/remote_logs/search_random_L28_R1.log",
      "results/sticky_lab/sentence_t5_base/mode3_v4/remote_logs/search_random_L29_R0.log",
      "results/sticky_lab/sentence_t5_base/mode3_v4/remote_logs/search_random_L29_R1.log",
      "results/sticky_lab/sentence_t5_base/mode3_v4/remote_logs/search_random_L2_R0.log",
      "results/sticky_lab/sentence_t5_base/mode3_v4/remote_logs/search_random_L2_R1.log",
      "results/sticky_lab/sentence_t5_base/mode3_v4/remote_logs/search_random_L30_R0.log",
      "results/sticky_lab/sentence_t5_base/mode3_v4/remote_logs/search_random_L30_R1.log",
      "results/sticky_lab/sentence_t5_base/mode3_v4/remote_logs/search_random_L3_R0.log",
      "results/sticky_lab/sentence_t5_base/mode3_v4/remote_logs/search_random_L3_R1.log",
      "results/sticky_lab/sentence_t5_base/mode3_v4/remote_logs/search_random_L4_R0.log",
      "results/sticky_lab/sentence_t5_base/mode3_v4/remote_logs/search_random_L4_R1.log",
      "results/sticky_lab/sentence_t5_base/mode3_v4/remote_logs/search_random_L5_R0.log",
      "results/sticky_lab/sentence_t5_base/mode3_v4/remote_logs/search_random_L5_R1.log",
      "results/sticky_lab/sentence_t5_base/mode3_v4/remote_logs/search_random_L6_R0.log",
      "results/sticky_lab/sentence_t5_base/mode3_v4/remote_logs/search_random_L6_R1.log",
      "results/sticky_lab/sentence_t5_base/mode3_v4/remote_logs/search_random_L7_R0.log",
      "results/sticky_lab/sentence_t5_base/mode3_v4/remote_logs/search_random_L7_R1.log",
      "results/sticky_lab/sentence_t5_base/mode3_v4/remote_logs/search_random_L8_R0.log",
      "results/sticky_lab/sentence_t5_base/mode3_v4/remote_logs/search_random_L8_R1.log",
      "results/sticky_lab/sentence_t5_base/mode3_v4/remote_logs/search_random_L9_R0.log",
      "results/sticky_lab/sentence_t5_base/mode3_v4/remote_logs/search_random_L9_R1.log",
      "results/sticky_lab/sentence_t5_base/mode3_v4/remote_logs/search_suffix_L10_R0.log",
      "results/sticky_lab/sentence_t5_base/mode3_v4/remote_logs/search_suffix_L10_R1.log",
      "results/sticky_lab/sentence_t5_base/mode3_v4/remote_logs/search_suffix_L11_R0.log",
      "results/sticky_lab/sentence_t5_base/mode3_v4/remote_logs/search_suffix_L11_R1.log",
      "results/sticky_lab/sentence_t5_base/mode3_v4/remote_logs/search_suffix_L12_R0.log",
      "results/sticky_lab/sentence_t5_base/mode3_v4/remote_logs/search_suffix_L12_R1.log",
      "results/sticky_lab/sentence_t5_base/mode3_v4/remote_logs/search_suffix_L13_R0.log",
      "results/sticky_lab/sentence_t5_base/mode3_v4/remote_logs/search_suffix_L13_R1.log",
      "results/sticky_lab/sentence_t5_base/mode3_v4/remote_logs/search_suffix_L14_R0.log",
      "results/sticky_lab/sentence_t5_base/mode3_v4/remote_logs/search_suffix_L14_R1.log",
      "results/sticky_lab/sentence_t5_base/mode3_v4/remote_logs/search_suffix_L15_R0.log",
      "results/sticky_lab/sentence_t5_base/mode3_v4/remote_logs/search_suffix_L15_R1.log",
      "results/sticky_lab/sentence_t5_base/mode3_v4/remote_logs/search_suffix_L16_R0.log",
      "results/sticky_lab/sentence_t5_base/mode3_v4/remote_logs/search_suffix_L16_R1.log",
      "results/sticky_lab/sentence_t5_base/mode3_v4/remote_logs/search_suffix_L17_R0.log",
      "results/sticky_lab/sentence_t5_base/mode3_v4/remote_logs/search_suffix_L17_R1.log",
      "results/sticky_lab/sentence_t5_base/mode3_v4/remote_logs/search_suffix_L18_R0.log",
      "results/sticky_lab/sentence_t5_base/mode3_v4/remote_logs/search_suffix_L18_R1.log",
      "results/sticky_lab/sentence_t5_base/mode3_v4/remote_logs/search_suffix_L19_R0.log",
      "results/sticky_lab/sentence_t5_base/mode3_v4/remote_logs/search_suffix_L19_R1.log",
      "results/sticky_lab/sentence_t5_base/mode3_v4/remote_logs/search_suffix_L20_R0.log",
      "results/sticky_lab/sentence_t5_base/mode3_v4/remote_logs/search_suffix_L20_R1.log",
      "results/sticky_lab/sentence_t5_base/mode3_v4/remote_logs/search_suffix_L21_R0.log",
      "results/sticky_lab/sentence_t5_base/mode3_v4/remote_logs/search_suffix_L21_R1.log",
      "results/sticky_lab/sentence_t5_base/mode3_v4/remote_logs/search_suffix_L22_R0.log",
      "results/sticky_lab/sentence_t5_base/mode3_v4/remote_logs/search_suffix_L22_R1.log",
      "results/sticky_lab/sentence_t5_base/mode3_v4/remote_logs/search_suffix_L23_R0.log",
      "results/sticky_lab/sentence_t5_base/mode3_v4/remote_logs/search_suffix_L23_R1.log",
      "results/sticky_lab/sentence_t5_base/mode3_v4/remote_logs/search_suffix_L24_R0.log",
      "results/sticky_lab/sentence_t5_base/mode3_v4/remote_logs/search_suffix_L24_R1.log",
      "results/sticky_lab/sentence_t5_base/mode3_v4/remote_logs/search_suffix_L25_R0.log",
      "results/sticky_lab/sentence_t5_base/mode3_v4/remote_logs/search_suffix_L25_R1.log",
      "results/sticky_lab/sentence_t5_base/mode3_v4/remote_logs/search_suffix_L26_R0.log",
      "results/sticky_lab/sentence_t5_base/mode3_v4/remote_logs/search_suffix_L26_R1.log",
      "results/sticky_lab/sentence_t5_base/mode3_v4/remote_logs/search_suffix_L27_R0.log",
      "results/sticky_lab/sentence_t5_base/mode3_v4/remote_logs/search_suffix_L27_R1.log",
      "results/sticky_lab/sentence_t5_base/mode3_v4/remote_logs/search_suffix_L28_R0.log",
      "results/sticky_lab/sentence_t5_base/mode3_v4/remote_logs/search_suffix_L28_R1.log",
      "results/sticky_lab/sentence_t5_base/mode3_v4/remote_logs/search_suffix_L29_R0.log",
      "results/sticky_lab/sentence_t5_base/mode3_v4/remote_logs/search_suffix_L29_R1.log",
      "results/sticky_lab/sentence_t5_base/mode3_v4/remote_logs/search_suffix_L2_R0.log",
      "results/sticky_lab/sentence_t5_base/mode3_v4/remote_logs/search_suffix_L2_R1.log",
      "results/sticky_lab/sentence_t5_base/mode3_v4/remote_logs/search_suffix_L30_R0.log",
      "results/sticky_lab/sentence_t5_base/mode3_v4/remote_logs/search_suffix_L30_R1.log",
      "results/sticky_lab/sentence_t5_base/mode3_v4/remote_logs/search_suffix_L3_R0.log",
      "results/sticky_lab/sentence_t5_base/mode3_v4/remote_logs/search_suffix_L3_R1.log",
      "results/sticky_lab/sentence_t5_base/mode3_v4/remote_logs/search_suffix_L4_R0.log",
      "results/sticky_lab/sentence_t5_base/mode3_v4/remote_logs/search_suffix_L4_R1.log",
      "results/sticky_lab/sentence_t5_base/mode3_v4/remote_logs/search_suffix_L5_R0.log",
      "results/sticky_lab/sentence_t5_base/mode3_v4/remote_logs/search_suffix_L5_R1.log",
      "results/sticky_lab/sentence_t5_base/mode3_v4/remote_logs/search_suffix_L6_R0.log",
      "results/sticky_lab/sentence_t5_base/mode3_v4/remote_logs/search_suffix_L6_R1.log",
      "results/sticky_lab/sentence_t5_base/mode3_v4/remote_logs/search_suffix_L7_R0.log",
      "results/sticky_lab/sentence_t5_base/mode3_v4/remote_logs/search_suffix_L7_R1.log",
      "results/sticky_lab/sentence_t5_base/mode3_v4/remote_logs/search_suffix_L8_R0.log",
      "results/sticky_lab/sentence_t5_base/mode3_v4/remote_logs/search_suffix_L8_R1.log",
      "results/sticky_lab/sentence_t5_base/mode3_v4/remote_logs/search_suffix_L9_R0.log",
      "results/sticky_lab/sentence_t5_base/mode3_v4/remote_logs/search_suffix_L9_R1.log",
      "results/sticky_lab/sentence_t5_base/mode3_v4/remote_logs/search_universal_L10_R0.log",
      "results/sticky_lab/sentence_t5_base/mode3_v4/remote_logs/search_universal_L10_R1.log",
      "results/sticky_lab/sentence_t5_base/mode3_v4/remote_logs/search_universal_L11_R0.log",
      "results/sticky_lab/sentence_t5_base/mode3_v4/remote_logs/search_universal_L11_R1.log",
      "results/sticky_lab/sentence_t5_base/mode3_v4/remote_logs/search_universal_L12_R0.log",
      "results/sticky_lab/sentence_t5_base/mode3_v4/remote_logs/search_universal_L12_R1.log",
      "results/sticky_lab/sentence_t5_base/mode3_v4/remote_logs/search_universal_L13_R0.log",
      "results/sticky_lab/sentence_t5_base/mode3_v4/remote_logs/search_universal_L13_R1.log",
      "results/sticky_lab/sentence_t5_base/mode3_v4/remote_logs/search_universal_L14_R0.log",
      "results/sticky_lab/sentence_t5_base/mode3_v4/remote_logs/search_universal_L14_R1.log",
      "results/sticky_lab/sentence_t5_base/mode3_v4/remote_logs/search_universal_L15_R0.log",
      "results/sticky_lab/sentence_t5_base/mode3_v4/remote_logs/search_universal_L15_R1.log",
      "results/sticky_lab/sentence_t5_base/mode3_v4/remote_logs/search_universal_L16_R0.log",
      "results/sticky_lab/sentence_t5_base/mode3_v4/remote_logs/search_universal_L16_R1.log",
      "results/sticky_lab/sentence_t5_base/mode3_v4/remote_logs/search_universal_L17_R0.log",
      "results/sticky_lab/sentence_t5_base/mode3_v4/remote_logs/search_universal_L17_R1.log",
      "results/sticky_lab/sentence_t5_base/mode3_v4/remote_logs/search_universal_L18_R0.log",
      "results/sticky_lab/sentence_t5_base/mode3_v4/remote_logs/search_universal_L18_R1.log",
      "results/sticky_lab/sentence_t5_base/mode3_v4/remote_logs/search_universal_L19_R0.log",
      "results/sticky_lab/sentence_t5_base/mode3_v4/remote_logs/search_universal_L19_R1.log",
      "results/sticky_lab/sentence_t5_base/mode3_v4/remote_logs/search_universal_L20_R0.log",
      "results/sticky_lab/sentence_t5_base/mode3_v4/remote_logs/search_universal_L20_R1.log",
      "results/sticky_lab/sentence_t5_base/mode3_v4/remote_logs/search_universal_L21_R0.log",
      "results/sticky_lab/sentence_t5_base/mode3_v4/remote_logs/search_universal_L21_R1.log",
      "results/sticky_lab/sentence_t5_base/mode3_v4/remote_logs/search_universal_L22_R0.log",
      "results/sticky_lab/sentence_t5_base/mode3_v4/remote_logs/search_universal_L22_R1.log",
      "results/sticky_lab/sentence_t5_base/mode3_v4/remote_logs/search_universal_L23_R0.log",
      "results/sticky_lab/sentence_t5_base/mode3_v4/remote_logs/search_universal_L23_R1.log",
      "results/sticky_lab/sentence_t5_base/mode3_v4/remote_logs/search_universal_L24_R0.log",
      "results/sticky_lab/sentence_t5_base/mode3_v4/remote_logs/search_universal_L24_R1.log",
      "results/sticky_lab/sentence_t5_base/mode3_v4/remote_logs/search_universal_L25_R0.log",
      "results/sticky_lab/sentence_t5_base/mode3_v4/remote_logs/search_universal_L25_R1.log",
      "results/sticky_lab/sentence_t5_base/mode3_v4/remote_logs/search_universal_L26_R0.log",
      "results/sticky_lab/sentence_t5_base/mode3_v4/remote_logs/search_universal_L26_R1.log",
      "results/sticky_lab/sentence_t5_base/mode3_v4/remote_logs/search_universal_L27_R0.log",
      "results/sticky_lab/sentence_t5_base/mode3_v4/remote_logs/search_universal_L27_R1.log",
      "results/sticky_lab/sentence_t5_base/mode3_v4/remote_logs/search_universal_L28_R0.log",
      "results/sticky_lab/sentence_t5_base/mode3_v4/remote_logs/search_universal_L28_R1.log",
      "results/sticky_lab/sentence_t5_base/mode3_v4/remote_logs/search_universal_L29_R0.log",
      "results/sticky_lab/sentence_t5_base/mode3_v4/remote_logs/search_universal_L29_R1.log",
      "results/sticky_lab/sentence_t5_base/mode3_v4/remote_logs/search_universal_L2_R0.log",
      "results/sticky_lab/sentence_t5_base/mode3_v4/remote_logs/search_universal_L2_R1.log",
      "results/sticky_lab/sentence_t5_base/mode3_v4/remote_logs/search_universal_L30_R0.log",
      "results/sticky_lab/sentence_t5_base/mode3_v4/remote_logs/search_universal_L30_R1.log",
      "results/sticky_lab/sentence_t5_base/mode3_v4/remote_logs/search_universal_L3_R0.log",
      "results/sticky_lab/sentence_t5_base/mode3_v4/remote_logs/search_universal_L3_R1.log",
      "results/sticky_lab/sentence_t5_base/mode3_v4/remote_logs/search_universal_L4_R0.log",
      "results/sticky_lab/sentence_t5_base/mode3_v4/remote_logs/search_universal_L4_R1.log",
      "results/sticky_lab/sentence_t5_base/mode3_v4/remote_logs/search_universal_L5_R0.log",
      "results/sticky_lab/sentence_t5_base/mode3_v4/remote_logs/search_universal_L5_R1.log",
      "results/sticky_lab/sentence_t5_base/mode3_v4/remote_logs/search_universal_L6_R0.log",
      "results/sticky_lab/sentence_t5_base/mode3_v4/remote_logs/search_universal_L6_R1.log",
      "results/sticky_lab/sentence_t5_base/mode3_v4/remote_logs/search_universal_L7_R0.log",
      "results/sticky_lab/sentence_t5_base/mode3_v4/remote_logs/search_universal_L7_R1.log",
      "results/sticky_lab/sentence_t5_base/mode3_v4/remote_logs/search_universal_L8_R0.log",
      "results/sticky_lab/sentence_t5_base/mode3_v4/remote_logs/search_universal_L8_R1.log",
      "results/sticky_lab/sentence_t5_base/mode3_v4/remote_logs/search_universal_L9_R0.log",
      "results/sticky_lab/sentence_t5_base/mode3_v4/remote_logs/search_universal_L9_R1.log",
      "results/sticky_lab/sentence_t5_base/mode3_v4/remote_logs/validate_prefix_L1.log",
      "results/sticky_lab/sentence_t5_base/mode3_v4/remote_logs/validate_prefix_L10.log",
      "results/sticky_lab/sentence_t5_base/mode3_v4/remote_logs/validate_prefix_L11.log",
      "results/sticky_lab/sentence_t5_base/mode3_v4/remote_logs/validate_prefix_L12.log",
      "results/sticky_lab/sentence_t5_base/mode3_v4/remote_logs/validate_prefix_L13.log",
      "results/sticky_lab/sentence_t5_base/mode3_v4/remote_logs/validate_prefix_L14.log",
      "results/sticky_lab/sentence_t5_base/mode3_v4/remote_logs/validate_prefix_L15.log",
      "results/sticky_lab/sentence_t5_base/mode3_v4/remote_logs/validate_prefix_L16.log",
      "results/sticky_lab/sentence_t5_base/mode3_v4/remote_logs/validate_prefix_L17.log",
      "results/sticky_lab/sentence_t5_base/mode3_v4/remote_logs/validate_prefix_L18.log",
      "results/sticky_lab/sentence_t5_base/mode3_v4/remote_logs/validate_prefix_L19.log",
      "results/sticky_lab/sentence_t5_base/mode3_v4/remote_logs/validate_prefix_L2.log",
      "results/sticky_lab/sentence_t5_base/mode3_v4/remote_logs/validate_prefix_L20.log",
      "results/sticky_lab/sentence_t5_base/mode3_v4/remote_logs/validate_prefix_L21.log",
      "results/sticky_lab/sentence_t5_base/mode3_v4/remote_logs/validate_prefix_L22.log",
      "results/sticky_lab/sentence_t5_base/mode3_v4/remote_logs/validate_prefix_L23.log",
      "results/sticky_lab/sentence_t5_base/mode3_v4/remote_logs/validate_prefix_L24.log",
      "results/sticky_lab/sentence_t5_base/mode3_v4/remote_logs/validate_prefix_L25.log",
      "results/sticky_lab/sentence_t5_base/mode3_v4/remote_logs/validate_prefix_L26.log",
      "results/sticky_lab/sentence_t5_base/mode3_v4/remote_logs/validate_prefix_L27.log",
      "results/sticky_lab/sentence_t5_base/mode3_v4/remote_logs/validate_prefix_L28.log",
      "results/sticky_lab/sentence_t5_base/mode3_v4/remote_logs/validate_prefix_L29.log",
      "results/sticky_lab/sentence_t5_base/mode3_v4/remote_logs/validate_prefix_L3.log",
      "results/sticky_lab/sentence_t5_base/mode3_v4/remote_logs/validate_prefix_L30.log",
      "results/sticky_lab/sentence_t5_base/mode3_v4/remote_logs/validate_prefix_L4.log",
      "results/sticky_lab/sentence_t5_base/mode3_v4/remote_logs/validate_prefix_L5.log",
      "results/sticky_lab/sentence_t5_base/mode3_v4/remote_logs/validate_prefix_L6.log",
      "results/sticky_lab/sentence_t5_base/mode3_v4/remote_logs/validate_prefix_L7.log",
      "results/sticky_lab/sentence_t5_base/mode3_v4/remote_logs/validate_prefix_L8.log",
      "results/sticky_lab/sentence_t5_base/mode3_v4/remote_logs/validate_prefix_L9.log",
      "results/sticky_lab/sentence_t5_base/mode3_v4/remote_logs/validate_random_L1.log",
      "results/sticky_lab/sentence_t5_base/mode3_v4/remote_logs/validate_random_L10.log",
      "results/sticky_lab/sentence_t5_base/mode3_v4/remote_logs/validate_random_L11.log",
      "results/sticky_lab/sentence_t5_base/mode3_v4/remote_logs/validate_random_L12.log",
      "results/sticky_lab/sentence_t5_base/mode3_v4/remote_logs/validate_random_L13.log",
      "results/sticky_lab/sentence_t5_base/mode3_v4/remote_logs/validate_random_L14.log",
      "results/sticky_lab/sentence_t5_base/mode3_v4/remote_logs/validate_random_L15.log",
      "results/sticky_lab/sentence_t5_base/mode3_v4/remote_logs/validate_random_L16.log",
      "results/sticky_lab/sentence_t5_base/mode3_v4/remote_logs/validate_random_L17.log",
      "results/sticky_lab/sentence_t5_base/mode3_v4/remote_logs/validate_random_L18.log",
      "results/sticky_lab/sentence_t5_base/mode3_v4/remote_logs/validate_random_L19.log",
      "results/sticky_lab/sentence_t5_base/mode3_v4/remote_logs/validate_random_L2.log",
      "results/sticky_lab/sentence_t5_base/mode3_v4/remote_logs/validate_random_L20.log",
      "results/sticky_lab/sentence_t5_base/mode3_v4/remote_logs/validate_random_L21.log",
      "results/sticky_lab/sentence_t5_base/mode3_v4/remote_logs/validate_random_L22.log",
      "results/sticky_lab/sentence_t5_base/mode3_v4/remote_logs/validate_random_L23.log",
      "results/sticky_lab/sentence_t5_base/mode3_v4/remote_logs/validate_random_L24.log",
      "results/sticky_lab/sentence_t5_base/mode3_v4/remote_logs/validate_random_L25.log",
      "results/sticky_lab/sentence_t5_base/mode3_v4/remote_logs/validate_random_L26.log",
      "results/sticky_lab/sentence_t5_base/mode3_v4/remote_logs/validate_random_L27.log",
      "results/sticky_lab/sentence_t5_base/mode3_v4/remote_logs/validate_random_L28.log",
      "results/sticky_lab/sentence_t5_base/mode3_v4/remote_logs/validate_random_L29.log",
      "results/sticky_lab/sentence_t5_base/mode3_v4/remote_logs/validate_random_L3.log",
      "results/sticky_lab/sentence_t5_base/mode3_v4/remote_logs/validate_random_L30.log",
      "results/sticky_lab/sentence_t5_base/mode3_v4/remote_logs/validate_random_L4.log",
      "results/sticky_lab/sentence_t5_base/mode3_v4/remote_logs/validate_random_L5.log",
      "results/sticky_lab/sentence_t5_base/mode3_v4/remote_logs/validate_random_L6.log",
      "results/sticky_lab/sentence_t5_base/mode3_v4/remote_logs/validate_random_L7.log",
      "results/sticky_lab/sentence_t5_base/mode3_v4/remote_logs/validate_random_L8.log",
      "results/sticky_lab/sentence_t5_base/mode3_v4/remote_logs/validate_random_L9.log",
      "results/sticky_lab/sentence_t5_base/mode3_v4/remote_logs/validate_suffix_L1.log",
      "results/sticky_lab/sentence_t5_base/mode3_v4/remote_logs/validate_suffix_L10.log",
      "results/sticky_lab/sentence_t5_base/mode3_v4/remote_logs/validate_suffix_L11.log",
      "results/sticky_lab/sentence_t5_base/mode3_v4/remote_logs/validate_suffix_L12.log",
      "results/sticky_lab/sentence_t5_base/mode3_v4/remote_logs/validate_suffix_L13.log",
      "results/sticky_lab/sentence_t5_base/mode3_v4/remote_logs/validate_suffix_L14.log",
      "results/sticky_lab/sentence_t5_base/mode3_v4/remote_logs/validate_suffix_L15.log",
      "results/sticky_lab/sentence_t5_base/mode3_v4/remote_logs/validate_suffix_L16.log",
      "results/sticky_lab/sentence_t5_base/mode3_v4/remote_logs/validate_suffix_L17.log",
      "results/sticky_lab/sentence_t5_base/mode3_v4/remote_logs/validate_suffix_L18.log",
      "results/sticky_lab/sentence_t5_base/mode3_v4/remote_logs/validate_suffix_L19.log",
      "results/sticky_lab/sentence_t5_base/mode3_v4/remote_logs/validate_suffix_L2.log",
      "results/sticky_lab/sentence_t5_base/mode3_v4/remote_logs/validate_suffix_L20.log",
      "results/sticky_lab/sentence_t5_base/mode3_v4/remote_logs/validate_suffix_L21.log",
      "results/sticky_lab/sentence_t5_base/mode3_v4/remote_logs/validate_suffix_L22.log",
      "results/sticky_lab/sentence_t5_base/mode3_v4/remote_logs/validate_suffix_L23.log",
      "results/sticky_lab/sentence_t5_base/mode3_v4/remote_logs/validate_suffix_L24.log",
      "results/sticky_lab/sentence_t5_base/mode3_v4/remote_logs/validate_suffix_L25.log",
      "results/sticky_lab/sentence_t5_base/mode3_v4/remote_logs/validate_suffix_L26.log",
      "results/sticky_lab/sentence_t5_base/mode3_v4/remote_logs/validate_suffix_L27.log",
      "results/sticky_lab/sentence_t5_base/mode3_v4/remote_logs/validate_suffix_L28.log",
      "results/sticky_lab/sentence_t5_base/mode3_v4/remote_logs/validate_suffix_L29.log",
      "results/sticky_lab/sentence_t5_base/mode3_v4/remote_logs/validate_suffix_L3.log",
      "results/sticky_lab/sentence_t5_base/mode3_v4/remote_logs/validate_suffix_L30.log",
      "results/sticky_lab/sentence_t5_base/mode3_v4/remote_logs/validate_suffix_L4.log",
      "results/sticky_lab/sentence_t5_base/mode3_v4/remote_logs/validate_suffix_L5.log",
      "results/sticky_lab/sentence_t5_base/mode3_v4/remote_logs/validate_suffix_L6.log",
      "results/sticky_lab/sentence_t5_base/mode3_v4/remote_logs/validate_suffix_L7.log",
      "results/sticky_lab/sentence_t5_base/mode3_v4/remote_logs/validate_suffix_L8.log",
      "results/sticky_lab/sentence_t5_base/mode3_v4/remote_logs/validate_suffix_L9.log",
      "results/sticky_lab/sentence_t5_base/mode3_v4/remote_logs/validate_universal_L1.log",
      "results/sticky_lab/sentence_t5_base/mode3_v4/remote_logs/validate_universal_L10.log",
      "results/sticky_lab/sentence_t5_base/mode3_v4/remote_logs/validate_universal_L11.log",
      "results/sticky_lab/sentence_t5_base/mode3_v4/remote_logs/validate_universal_L12.log",
      "results/sticky_lab/sentence_t5_base/mode3_v4/remote_logs/validate_universal_L13.log",
      "results/sticky_lab/sentence_t5_base/mode3_v4/remote_logs/validate_universal_L14.log",
      "results/sticky_lab/sentence_t5_base/mode3_v4/remote_logs/validate_universal_L15.log",
      "results/sticky_lab/sentence_t5_base/mode3_v4/remote_logs/validate_universal_L16.log",
      "results/sticky_lab/sentence_t5_base/mode3_v4/remote_logs/validate_universal_L17.log",
      "results/sticky_lab/sentence_t5_base/mode3_v4/remote_logs/validate_universal_L18.log",
      "results/sticky_lab/sentence_t5_base/mode3_v4/remote_logs/validate_universal_L19.log",
      "results/sticky_lab/sentence_t5_base/mode3_v4/remote_logs/validate_universal_L2.log",
      "results/sticky_lab/sentence_t5_base/mode3_v4/remote_logs/validate_universal_L20.log",
      "results/sticky_lab/sentence_t5_base/mode3_v4/remote_logs/validate_universal_L21.log",
      "results/sticky_lab/sentence_t5_base/mode3_v4/remote_logs/validate_universal_L22.log",
      "results/sticky_lab/sentence_t5_base/mode3_v4/remote_logs/validate_universal_L23.log",
      "results/sticky_lab/sentence_t5_base/mode3_v4/remote_logs/validate_universal_L24.log",
      "results/sticky_lab/sentence_t5_base/mode3_v4/remote_logs/validate_universal_L25.log",
      "results/sticky_lab/sentence_t5_base/mode3_v4/remote_logs/validate_universal_L26.log",
      "results/sticky_lab/sentence_t5_base/mode3_v4/remote_logs/validate_universal_L27.log",
      "results/sticky_lab/sentence_t5_base/mode3_v4/remote_logs/validate_universal_L28.log",
      "results/sticky_lab/sentence_t5_base/mode3_v4/remote_logs/validate_universal_L29.log",
      "results/sticky_lab/sentence_t5_base/mode3_v4/remote_logs/validate_universal_L3.log",
      "results/sticky_lab/sentence_t5_base/mode3_v4/remote_logs/validate_universal_L30.log",
      "results/sticky_lab/sentence_t5_base/mode3_v4/remote_logs/validate_universal_L4.log",
      "results/sticky_lab/sentence_t5_base/mode3_v4/remote_logs/validate_universal_L5.log",
      "results/sticky_lab/sentence_t5_base/mode3_v4/remote_logs/validate_universal_L6.log",
      "results/sticky_lab/sentence_t5_base/mode3_v4/remote_logs/validate_universal_L7.log",
      "results/sticky_lab/sentence_t5_base/mode3_v4/remote_logs/validate_universal_L8.log",
      "results/sticky_lab/sentence_t5_base/mode3_v4/remote_logs/validate_universal_L9.log",
      "results/sticky_lab/sentence_t5_base/mode3_v4/remote_logs/validation_jobs.txt",
      "results/sticky_lab/sentence_t5_base/mode3_v4/screen/prefix/all_legal_single_tokens.csv",
      "results/sticky_lab/sentence_t5_base/mode3_v4/screen/prefix/shard_00.csv",
      "results/sticky_lab/sentence_t5_base/mode3_v4/screen/prefix/shard_01.csv",
      "results/sticky_lab/sentence_t5_base/mode3_v4/screen/prefix/shard_02.csv",
      "results/sticky_lab/sentence_t5_base/mode3_v4/screen/prefix/shard_03.csv",
      "results/sticky_lab/sentence_t5_base/mode3_v4/screen/prefix/shard_04.csv",
      "results/sticky_lab/sentence_t5_base/mode3_v4/screen/prefix/shard_05.csv",
      "results/sticky_lab/sentence_t5_base/mode3_v4/screen/prefix/shard_06.csv",
      "results/sticky_lab/sentence_t5_base/mode3_v4/screen/prefix/shard_07.csv",
      "results/sticky_lab/sentence_t5_base/mode3_v4/screen/random/all_legal_single_tokens.csv",
      "results/sticky_lab/sentence_t5_base/mode3_v4/screen/random/shard_00.csv",
      "results/sticky_lab/sentence_t5_base/mode3_v4/screen/random/shard_01.csv",
      "results/sticky_lab/sentence_t5_base/mode3_v4/screen/random/shard_02.csv",
      "results/sticky_lab/sentence_t5_base/mode3_v4/screen/random/shard_03.csv",
      "results/sticky_lab/sentence_t5_base/mode3_v4/screen/random/shard_04.csv",
      "results/sticky_lab/sentence_t5_base/mode3_v4/screen/random/shard_05.csv",
      "results/sticky_lab/sentence_t5_base/mode3_v4/screen/random/shard_06.csv",
      "results/sticky_lab/sentence_t5_base/mode3_v4/screen/random/shard_07.csv",
      "results/sticky_lab/sentence_t5_base/mode3_v4/screen/suffix/all_legal_single_tokens.csv",
      "results/sticky_lab/sentence_t5_base/mode3_v4/screen/suffix/shard_00.csv",
      "results/sticky_lab/sentence_t5_base/mode3_v4/screen/suffix/shard_01.csv",
      "results/sticky_lab/sentence_t5_base/mode3_v4/screen/suffix/shard_02.csv",
      "results/sticky_lab/sentence_t5_base/mode3_v4/screen/suffix/shard_03.csv",
      "results/sticky_lab/sentence_t5_base/mode3_v4/screen/suffix/shard_04.csv",
      "results/sticky_lab/sentence_t5_base/mode3_v4/screen/suffix/shard_05.csv",
      "results/sticky_lab/sentence_t5_base/mode3_v4/screen/suffix/shard_06.csv",
      "results/sticky_lab/sentence_t5_base/mode3_v4/screen/suffix/shard_07.csv",
      "results/sticky_lab/sentence_t5_base/mode3_v4/screen/universal/all_legal_single_tokens.csv",
      "results/sticky_lab/sentence_t5_base/mode3_v4/screen/universal/shard_00.csv",
      "results/sticky_lab/sentence_t5_base/mode3_v4/screen/universal/shard_01.csv",
      "results/sticky_lab/sentence_t5_base/mode3_v4/screen/universal/shard_02.csv",
      "results/sticky_lab/sentence_t5_base/mode3_v4/screen/universal/shard_03.csv",
      "results/sticky_lab/sentence_t5_base/mode3_v4/screen/universal/shard_04.csv",
      "results/sticky_lab/sentence_t5_base/mode3_v4/screen/universal/shard_05.csv",
      "results/sticky_lab/sentence_t5_base/mode3_v4/screen/universal/shard_06.csv",
      "results/sticky_lab/sentence_t5_base/mode3_v4/screen/universal/shard_07.csv",
      "results/sticky_lab/sentence_t5_base/mode3_v4/sha256_manifest.csv",
      "results/sticky_lab/sentence_t5_base/mode3_v4/support/fit_audit.json",
      "results/sticky_lab/sentence_t5_base/mode3_v4/support/support_model.npz",
      "results/sticky_lab/sentence_t5_base/mode3_v4/tokens/legal_single_tokens.csv",
      "results/sticky_lab/sentence_t5_base/mode3_v4/validation/prefix/length_01/candidate_00_center.npy",
      "results/sticky_lab/sentence_t5_base/mode3_v4/validation/prefix/length_01/candidate_01_center.npy",
      "results/sticky_lab/sentence_t5_base/mode3_v4/validation/prefix/length_01/candidate_02_center.npy",
      "results/sticky_lab/sentence_t5_base/mode3_v4/validation/prefix/length_01/candidate_03_center.npy",
      "results/sticky_lab/sentence_t5_base/mode3_v4/validation/prefix/length_01/candidate_04_center.npy",
      "results/sticky_lab/sentence_t5_base/mode3_v4/validation/prefix/length_01/candidate_05_center.npy",
      "results/sticky_lab/sentence_t5_base/mode3_v4/validation/prefix/length_01/candidate_06_center.npy",
      "results/sticky_lab/sentence_t5_base/mode3_v4/validation/prefix/length_01/candidate_07_center.npy",
      "results/sticky_lab/sentence_t5_base/mode3_v4/validation/prefix/length_01/candidates.csv",
      "results/sticky_lab/sentence_t5_base/mode3_v4/validation/prefix/length_01/random_baseline.json",
      "results/sticky_lab/sentence_t5_base/mode3_v4/validation/prefix/length_01/summary.json",
      "results/sticky_lab/sentence_t5_base/mode3_v4/validation/prefix/length_02/candidate_00_center.npy",
      "results/sticky_lab/sentence_t5_base/mode3_v4/validation/prefix/length_02/candidate_01_center.npy",
      "results/sticky_lab/sentence_t5_base/mode3_v4/validation/prefix/length_02/candidate_02_center.npy",
      "results/sticky_lab/sentence_t5_base/mode3_v4/validation/prefix/length_02/candidate_03_center.npy",
      "results/sticky_lab/sentence_t5_base/mode3_v4/validation/prefix/length_02/candidate_04_center.npy",
      "results/sticky_lab/sentence_t5_base/mode3_v4/validation/prefix/length_02/candidate_05_center.npy",
      "results/sticky_lab/sentence_t5_base/mode3_v4/validation/prefix/length_02/candidate_06_center.npy",
      "results/sticky_lab/sentence_t5_base/mode3_v4/validation/prefix/length_02/candidate_07_center.npy",
      "results/sticky_lab/sentence_t5_base/mode3_v4/validation/prefix/length_02/candidates.csv",
      "results/sticky_lab/sentence_t5_base/mode3_v4/validation/prefix/length_02/random_baseline.json",
      "results/sticky_lab/sentence_t5_base/mode3_v4/validation/prefix/length_02/summary.json",
      "results/sticky_lab/sentence_t5_base/mode3_v4/validation/prefix/length_03/candidate_00_center.npy",
      "results/sticky_lab/sentence_t5_base/mode3_v4/validation/prefix/length_03/candidate_01_center.npy",
      "results/sticky_lab/sentence_t5_base/mode3_v4/validation/prefix/length_03/candidate_02_center.npy",
      "results/sticky_lab/sentence_t5_base/mode3_v4/validation/prefix/length_03/candidate_03_center.npy",
      "results/sticky_lab/sentence_t5_base/mode3_v4/validation/prefix/length_03/candidate_04_center.npy",
      "results/sticky_lab/sentence_t5_base/mode3_v4/validation/prefix/length_03/candidate_05_center.npy",
      "results/sticky_lab/sentence_t5_base/mode3_v4/validation/prefix/length_03/candidate_06_center.npy",
      "results/sticky_lab/sentence_t5_base/mode3_v4/validation/prefix/length_03/candidate_07_center.npy",
      "results/sticky_lab/sentence_t5_base/mode3_v4/validation/prefix/length_03/candidates.csv",
      "results/sticky_lab/sentence_t5_base/mode3_v4/validation/prefix/length_03/random_baseline.json",
      "results/sticky_lab/sentence_t5_base/mode3_v4/validation/prefix/length_03/summary.json",
      "results/sticky_lab/sentence_t5_base/mode3_v4/validation/prefix/length_04/candidate_00_center.npy",
      "results/sticky_lab/sentence_t5_base/mode3_v4/validation/prefix/length_04/candidate_01_center.npy",
      "results/sticky_lab/sentence_t5_base/mode3_v4/validation/prefix/length_04/candidate_02_center.npy",
      "results/sticky_lab/sentence_t5_base/mode3_v4/validation/prefix/length_04/candidate_03_center.npy",
      "results/sticky_lab/sentence_t5_base/mode3_v4/validation/prefix/length_04/candidate_04_center.npy",
      "results/sticky_lab/sentence_t5_base/mode3_v4/validation/prefix/length_04/candidate_05_center.npy",
      "results/sticky_lab/sentence_t5_base/mode3_v4/validation/prefix/length_04/candidate_06_center.npy",
      "results/sticky_lab/sentence_t5_base/mode3_v4/validation/prefix/length_04/candidate_07_center.npy",
      "results/sticky_lab/sentence_t5_base/mode3_v4/validation/prefix/length_04/candidates.csv",
      "results/sticky_lab/sentence_t5_base/mode3_v4/validation/prefix/length_04/random_baseline.json",
      "results/sticky_lab/sentence_t5_base/mode3_v4/validation/prefix/length_04/summary.json",
      "results/sticky_lab/sentence_t5_base/mode3_v4/validation/prefix/length_05/candidate_00_center.npy",
      "results/sticky_lab/sentence_t5_base/mode3_v4/validation/prefix/length_05/candidate_01_center.npy",
      "results/sticky_lab/sentence_t5_base/mode3_v4/validation/prefix/length_05/candidate_02_center.npy",
      "results/sticky_lab/sentence_t5_base/mode3_v4/validation/prefix/length_05/candidate_03_center.npy",
      "results/sticky_lab/sentence_t5_base/mode3_v4/validation/prefix/length_05/candidate_04_center.npy",
      "results/sticky_lab/sentence_t5_base/mode3_v4/validation/prefix/length_05/candidate_05_center.npy",
      "results/sticky_lab/sentence_t5_base/mode3_v4/validation/prefix/length_05/candidate_06_center.npy",
      "results/sticky_lab/sentence_t5_base/mode3_v4/validation/prefix/length_05/candidate_07_center.npy",
      "results/sticky_lab/sentence_t5_base/mode3_v4/validation/prefix/length_05/candidates.csv",
      "results/sticky_lab/sentence_t5_base/mode3_v4/validation/prefix/length_05/random_baseline.json",
      "results/sticky_lab/sentence_t5_base/mode3_v4/validation/prefix/length_05/summary.json",
      "results/sticky_lab/sentence_t5_base/mode3_v4/validation/prefix/length_06/candidate_00_center.npy",
      "results/sticky_lab/sentence_t5_base/mode3_v4/validation/prefix/length_06/candidate_01_center.npy",
      "results/sticky_lab/sentence_t5_base/mode3_v4/validation/prefix/length_06/candidate_02_center.npy",
      "results/sticky_lab/sentence_t5_base/mode3_v4/validation/prefix/length_06/candidate_03_center.npy",
      "results/sticky_lab/sentence_t5_base/mode3_v4/validation/prefix/length_06/candidate_04_center.npy",
      "results/sticky_lab/sentence_t5_base/mode3_v4/validation/prefix/length_06/candidate_05_center.npy",
      "results/sticky_lab/sentence_t5_base/mode3_v4/validation/prefix/length_06/candidate_06_center.npy",
      "results/sticky_lab/sentence_t5_base/mode3_v4/validation/prefix/length_06/candidate_07_center.npy",
      "results/sticky_lab/sentence_t5_base/mode3_v4/validation/prefix/length_06/candidates.csv",
      "results/sticky_lab/sentence_t5_base/mode3_v4/validation/prefix/length_06/random_baseline.json",
      "results/sticky_lab/sentence_t5_base/mode3_v4/validation/prefix/length_06/summary.json",
      "results/sticky_lab/sentence_t5_base/mode3_v4/validation/prefix/length_07/candidate_00_center.npy",
      "results/sticky_lab/sentence_t5_base/mode3_v4/validation/prefix/length_07/candidate_01_center.npy",
      "results/sticky_lab/sentence_t5_base/mode3_v4/validation/prefix/length_07/candidate_02_center.npy",
      "results/sticky_lab/sentence_t5_base/mode3_v4/validation/prefix/length_07/candidate_03_center.npy",
      "results/sticky_lab/sentence_t5_base/mode3_v4/validation/prefix/length_07/candidate_04_center.npy",
      "results/sticky_lab/sentence_t5_base/mode3_v4/validation/prefix/length_07/candidate_05_center.npy",
      "results/sticky_lab/sentence_t5_base/mode3_v4/validation/prefix/length_07/candidate_06_center.npy",
      "results/sticky_lab/sentence_t5_base/mode3_v4/validation/prefix/length_07/candidate_07_center.npy",
      "results/sticky_lab/sentence_t5_base/mode3_v4/validation/prefix/length_07/candidates.csv",
      "results/sticky_lab/sentence_t5_base/mode3_v4/validation/prefix/length_07/random_baseline.json",
      "results/sticky_lab/sentence_t5_base/mode3_v4/validation/prefix/length_07/summary.json",
      "results/sticky_lab/sentence_t5_base/mode3_v4/validation/prefix/length_08/candidate_00_center.npy",
      "results/sticky_lab/sentence_t5_base/mode3_v4/validation/prefix/length_08/candidate_01_center.npy",
      "results/sticky_lab/sentence_t5_base/mode3_v4/validation/prefix/length_08/candidate_02_center.npy",
      "results/sticky_lab/sentence_t5_base/mode3_v4/validation/prefix/length_08/candidate_03_center.npy",
      "results/sticky_lab/sentence_t5_base/mode3_v4/validation/prefix/length_08/candidate_04_center.npy",
      "results/sticky_lab/sentence_t5_base/mode3_v4/validation/prefix/length_08/candidate_05_center.npy",
      "results/sticky_lab/sentence_t5_base/mode3_v4/validation/prefix/length_08/candidate_06_center.npy",
      "results/sticky_lab/sentence_t5_base/mode3_v4/validation/prefix/length_08/candidate_07_center.npy",
      "results/sticky_lab/sentence_t5_base/mode3_v4/validation/prefix/length_08/candidates.csv",
      "results/sticky_lab/sentence_t5_base/mode3_v4/validation/prefix/length_08/random_baseline.json",
      "results/sticky_lab/sentence_t5_base/mode3_v4/validation/prefix/length_08/summary.json",
      "results/sticky_lab/sentence_t5_base/mode3_v4/validation/prefix/length_09/candidate_00_center.npy",
      "results/sticky_lab/sentence_t5_base/mode3_v4/validation/prefix/length_09/candidate_01_center.npy",
      "results/sticky_lab/sentence_t5_base/mode3_v4/validation/prefix/length_09/candidate_02_center.npy",
      "results/sticky_lab/sentence_t5_base/mode3_v4/validation/prefix/length_09/candidate_03_center.npy",
      "results/sticky_lab/sentence_t5_base/mode3_v4/validation/prefix/length_09/candidate_04_center.npy",
      "results/sticky_lab/sentence_t5_base/mode3_v4/validation/prefix/length_09/candidate_05_center.npy",
      "results/sticky_lab/sentence_t5_base/mode3_v4/validation/prefix/length_09/candidate_06_center.npy",
      "results/sticky_lab/sentence_t5_base/mode3_v4/validation/prefix/length_09/candidate_07_center.npy",
      "results/sticky_lab/sentence_t5_base/mode3_v4/validation/prefix/length_09/candidates.csv",
      "results/sticky_lab/sentence_t5_base/mode3_v4/validation/prefix/length_09/random_baseline.json",
      "results/sticky_lab/sentence_t5_base/mode3_v4/validation/prefix/length_09/summary.json",
      "results/sticky_lab/sentence_t5_base/mode3_v4/validation/prefix/length_10/candidate_00_center.npy",
      "results/sticky_lab/sentence_t5_base/mode3_v4/validation/prefix/length_10/candidate_01_center.npy",
      "results/sticky_lab/sentence_t5_base/mode3_v4/validation/prefix/length_10/candidate_02_center.npy",
      "results/sticky_lab/sentence_t5_base/mode3_v4/validation/prefix/length_10/candidate_03_center.npy",
      "results/sticky_lab/sentence_t5_base/mode3_v4/validation/prefix/length_10/candidate_04_center.npy",
      "results/sticky_lab/sentence_t5_base/mode3_v4/validation/prefix/length_10/candidate_05_center.npy",
      "results/sticky_lab/sentence_t5_base/mode3_v4/validation/prefix/length_10/candidate_06_center.npy",
      "results/sticky_lab/sentence_t5_base/mode3_v4/validation/prefix/length_10/candidate_07_center.npy",
      "results/sticky_lab/sentence_t5_base/mode3_v4/validation/prefix/length_10/candidates.csv",
      "results/sticky_lab/sentence_t5_base/mode3_v4/validation/prefix/length_10/random_baseline.json",
      "results/sticky_lab/sentence_t5_base/mode3_v4/validation/prefix/length_10/summary.json",
      "results/sticky_lab/sentence_t5_base/mode3_v4/validation/prefix/length_11/candidate_00_center.npy",
      "results/sticky_lab/sentence_t5_base/mode3_v4/validation/prefix/length_11/candidate_01_center.npy",
      "results/sticky_lab/sentence_t5_base/mode3_v4/validation/prefix/length_11/candidate_02_center.npy",
      "results/sticky_lab/sentence_t5_base/mode3_v4/validation/prefix/length_11/candidate_03_center.npy",
      "results/sticky_lab/sentence_t5_base/mode3_v4/validation/prefix/length_11/candidate_04_center.npy",
      "results/sticky_lab/sentence_t5_base/mode3_v4/validation/prefix/length_11/candidate_05_center.npy",
      "results/sticky_lab/sentence_t5_base/mode3_v4/validation/prefix/length_11/candidate_06_center.npy",
      "results/sticky_lab/sentence_t5_base/mode3_v4/validation/prefix/length_11/candidate_07_center.npy",
      "results/sticky_lab/sentence_t5_base/mode3_v4/validation/prefix/length_11/candidates.csv",
      "results/sticky_lab/sentence_t5_base/mode3_v4/validation/prefix/length_11/random_baseline.json",
      "results/sticky_lab/sentence_t5_base/mode3_v4/validation/prefix/length_11/summary.json",
      "results/sticky_lab/sentence_t5_base/mode3_v4/validation/prefix/length_12/candidate_00_center.npy",
      "results/sticky_lab/sentence_t5_base/mode3_v4/validation/prefix/length_12/candidate_01_center.npy",
      "results/sticky_lab/sentence_t5_base/mode3_v4/validation/prefix/length_12/candidate_02_center.npy",
      "results/sticky_lab/sentence_t5_base/mode3_v4/validation/prefix/length_12/candidate_03_center.npy",
      "results/sticky_lab/sentence_t5_base/mode3_v4/validation/prefix/length_12/candidate_04_center.npy",
      "results/sticky_lab/sentence_t5_base/mode3_v4/validation/prefix/length_12/candidate_05_center.npy",
      "results/sticky_lab/sentence_t5_base/mode3_v4/validation/prefix/length_12/candidate_06_center.npy",
      "results/sticky_lab/sentence_t5_base/mode3_v4/validation/prefix/length_12/candidate_07_center.npy",
      "results/sticky_lab/sentence_t5_base/mode3_v4/validation/prefix/length_12/candidates.csv",
      "results/sticky_lab/sentence_t5_base/mode3_v4/validation/prefix/length_12/random_baseline.json",
      "results/sticky_lab/sentence_t5_base/mode3_v4/validation/prefix/length_12/summary.json",
      "results/sticky_lab/sentence_t5_base/mode3_v4/validation/prefix/length_13/candidate_00_center.npy",
      "results/sticky_lab/sentence_t5_base/mode3_v4/validation/prefix/length_13/candidate_01_center.npy",
      "results/sticky_lab/sentence_t5_base/mode3_v4/validation/prefix/length_13/candidate_02_center.npy",
      "results/sticky_lab/sentence_t5_base/mode3_v4/validation/prefix/length_13/candidate_03_center.npy",
      "results/sticky_lab/sentence_t5_base/mode3_v4/validation/prefix/length_13/candidate_04_center.npy",
      "results/sticky_lab/sentence_t5_base/mode3_v4/validation/prefix/length_13/candidate_05_center.npy",
      "results/sticky_lab/sentence_t5_base/mode3_v4/validation/prefix/length_13/candidate_06_center.npy",
      "results/sticky_lab/sentence_t5_base/mode3_v4/validation/prefix/length_13/candidate_07_center.npy",
      "results/sticky_lab/sentence_t5_base/mode3_v4/validation/prefix/length_13/candidates.csv",
      "results/sticky_lab/sentence_t5_base/mode3_v4/validation/prefix/length_13/random_baseline.json",
      "results/sticky_lab/sentence_t5_base/mode3_v4/validation/prefix/length_13/summary.json",
      "results/sticky_lab/sentence_t5_base/mode3_v4/validation/prefix/length_14/candidate_00_center.npy",
      "results/sticky_lab/sentence_t5_base/mode3_v4/validation/prefix/length_14/candidate_01_center.npy",
      "results/sticky_lab/sentence_t5_base/mode3_v4/validation/prefix/length_14/candidate_02_center.npy",
      "results/sticky_lab/sentence_t5_base/mode3_v4/validation/prefix/length_14/candidate_03_center.npy",
      "results/sticky_lab/sentence_t5_base/mode3_v4/validation/prefix/length_14/candidate_04_center.npy",
      "results/sticky_lab/sentence_t5_base/mode3_v4/validation/prefix/length_14/candidate_05_center.npy",
      "results/sticky_lab/sentence_t5_base/mode3_v4/validation/prefix/length_14/candidate_06_center.npy",
      "results/sticky_lab/sentence_t5_base/mode3_v4/validation/prefix/length_14/candidate_07_center.npy",
      "results/sticky_lab/sentence_t5_base/mode3_v4/validation/prefix/length_14/candidates.csv",
      "results/sticky_lab/sentence_t5_base/mode3_v4/validation/prefix/length_14/random_baseline.json",
      "results/sticky_lab/sentence_t5_base/mode3_v4/validation/prefix/length_14/summary.json",
      "results/sticky_lab/sentence_t5_base/mode3_v4/validation/prefix/length_15/candidate_00_center.npy",
      "results/sticky_lab/sentence_t5_base/mode3_v4/validation/prefix/length_15/candidate_01_center.npy",
      "results/sticky_lab/sentence_t5_base/mode3_v4/validation/prefix/length_15/candidate_02_center.npy",
      "results/sticky_lab/sentence_t5_base/mode3_v4/validation/prefix/length_15/candidate_03_center.npy",
      "results/sticky_lab/sentence_t5_base/mode3_v4/validation/prefix/length_15/candidate_04_center.npy",
      "results/sticky_lab/sentence_t5_base/mode3_v4/validation/prefix/length_15/candidate_05_center.npy",
      "results/sticky_lab/sentence_t5_base/mode3_v4/validation/prefix/length_15/candidate_06_center.npy",
      "results/sticky_lab/sentence_t5_base/mode3_v4/validation/prefix/length_15/candidate_07_center.npy",
      "results/sticky_lab/sentence_t5_base/mode3_v4/validation/prefix/length_15/candidates.csv",
      "results/sticky_lab/sentence_t5_base/mode3_v4/validation/prefix/length_15/random_baseline.json",
      "results/sticky_lab/sentence_t5_base/mode3_v4/validation/prefix/length_15/summary.json",
      "results/sticky_lab/sentence_t5_base/mode3_v4/validation/prefix/length_16/candidate_00_center.npy",
      "results/sticky_lab/sentence_t5_base/mode3_v4/validation/prefix/length_16/candidate_01_center.npy",
      "results/sticky_lab/sentence_t5_base/mode3_v4/validation/prefix/length_16/candidate_02_center.npy",
      "results/sticky_lab/sentence_t5_base/mode3_v4/validation/prefix/length_16/candidate_03_center.npy",
      "results/sticky_lab/sentence_t5_base/mode3_v4/validation/prefix/length_16/candidate_04_center.npy",
      "results/sticky_lab/sentence_t5_base/mode3_v4/validation/prefix/length_16/candidate_05_center.npy",
      "results/sticky_lab/sentence_t5_base/mode3_v4/validation/prefix/length_16/candidate_06_center.npy",
      "results/sticky_lab/sentence_t5_base/mode3_v4/validation/prefix/length_16/candidate_07_center.npy",
      "results/sticky_lab/sentence_t5_base/mode3_v4/validation/prefix/length_16/candidates.csv",
      "results/sticky_lab/sentence_t5_base/mode3_v4/validation/prefix/length_16/random_baseline.json",
      "results/sticky_lab/sentence_t5_base/mode3_v4/validation/prefix/length_16/summary.json",
      "results/sticky_lab/sentence_t5_base/mode3_v4/validation/prefix/length_17/candidate_00_center.npy",
      "results/sticky_lab/sentence_t5_base/mode3_v4/validation/prefix/length_17/candidate_01_center.npy",
      "results/sticky_lab/sentence_t5_base/mode3_v4/validation/prefix/length_17/candidate_02_center.npy",
      "results/sticky_lab/sentence_t5_base/mode3_v4/validation/prefix/length_17/candidate_03_center.npy",
      "results/sticky_lab/sentence_t5_base/mode3_v4/validation/prefix/length_17/candidate_04_center.npy",
      "results/sticky_lab/sentence_t5_base/mode3_v4/validation/prefix/length_17/candidate_05_center.npy",
      "results/sticky_lab/sentence_t5_base/mode3_v4/validation/prefix/length_17/candidate_06_center.npy",
      "results/sticky_lab/sentence_t5_base/mode3_v4/validation/prefix/length_17/candidate_07_center.npy",
      "results/sticky_lab/sentence_t5_base/mode3_v4/validation/prefix/length_17/candidates.csv",
      "results/sticky_lab/sentence_t5_base/mode3_v4/validation/prefix/length_17/random_baseline.json",
      "results/sticky_lab/sentence_t5_base/mode3_v4/validation/prefix/length_17/summary.json",
      "results/sticky_lab/sentence_t5_base/mode3_v4/validation/prefix/length_18/candidate_00_center.npy",
      "results/sticky_lab/sentence_t5_base/mode3_v4/validation/prefix/length_18/candidate_01_center.npy",
      "results/sticky_lab/sentence_t5_base/mode3_v4/validation/prefix/length_18/candidate_02_center.npy",
      "results/sticky_lab/sentence_t5_base/mode3_v4/validation/prefix/length_18/candidate_03_center.npy",
      "results/sticky_lab/sentence_t5_base/mode3_v4/validation/prefix/length_18/candidate_04_center.npy",
      "results/sticky_lab/sentence_t5_base/mode3_v4/validation/prefix/length_18/candidate_05_center.npy",
      "results/sticky_lab/sentence_t5_base/mode3_v4/validation/prefix/length_18/candidate_06_center.npy",
      "results/sticky_lab/sentence_t5_base/mode3_v4/validation/prefix/length_18/candidate_07_center.npy",
      "results/sticky_lab/sentence_t5_base/mode3_v4/validation/prefix/length_18/candidates.csv",
      "results/sticky_lab/sentence_t5_base/mode3_v4/validation/prefix/length_18/random_baseline.json",
      "results/sticky_lab/sentence_t5_base/mode3_v4/validation/prefix/length_18/summary.json",
      "results/sticky_lab/sentence_t5_base/mode3_v4/validation/prefix/length_19/candidate_00_center.npy",
      "results/sticky_lab/sentence_t5_base/mode3_v4/validation/prefix/length_19/candidate_01_center.npy",
      "results/sticky_lab/sentence_t5_base/mode3_v4/validation/prefix/length_19/candidate_02_center.npy",
      "results/sticky_lab/sentence_t5_base/mode3_v4/validation/prefix/length_19/candidate_03_center.npy",
      "results/sticky_lab/sentence_t5_base/mode3_v4/validation/prefix/length_19/candidate_04_center.npy",
      "results/sticky_lab/sentence_t5_base/mode3_v4/validation/prefix/length_19/candidate_05_center.npy",
      "results/sticky_lab/sentence_t5_base/mode3_v4/validation/prefix/length_19/candidate_06_center.npy",
      "results/sticky_lab/sentence_t5_base/mode3_v4/validation/prefix/length_19/candidate_07_center.npy",
      "results/sticky_lab/sentence_t5_base/mode3_v4/validation/prefix/length_19/candidates.csv",
      "results/sticky_lab/sentence_t5_base/mode3_v4/validation/prefix/length_19/random_baseline.json",
      "results/sticky_lab/sentence_t5_base/mode3_v4/validation/prefix/length_19/summary.json",
      "results/sticky_lab/sentence_t5_base/mode3_v4/validation/prefix/length_20/candidate_00_center.npy",
      "results/sticky_lab/sentence_t5_base/mode3_v4/validation/prefix/length_20/candidate_01_center.npy",
      "results/sticky_lab/sentence_t5_base/mode3_v4/validation/prefix/length_20/candidate_02_center.npy",
      "results/sticky_lab/sentence_t5_base/mode3_v4/validation/prefix/length_20/candidate_03_center.npy",
      "results/sticky_lab/sentence_t5_base/mode3_v4/validation/prefix/length_20/candidate_04_center.npy",
      "results/sticky_lab/sentence_t5_base/mode3_v4/validation/prefix/length_20/candidate_05_center.npy",
      "results/sticky_lab/sentence_t5_base/mode3_v4/validation/prefix/length_20/candidate_06_center.npy",
      "results/sticky_lab/sentence_t5_base/mode3_v4/validation/prefix/length_20/candidate_07_center.npy",
      "results/sticky_lab/sentence_t5_base/mode3_v4/validation/prefix/length_20/candidates.csv",
      "results/sticky_lab/sentence_t5_base/mode3_v4/validation/prefix/length_20/random_baseline.json",
      "results/sticky_lab/sentence_t5_base/mode3_v4/validation/prefix/length_20/summary.json",
      "results/sticky_lab/sentence_t5_base/mode3_v4/validation/prefix/length_21/candidate_00_center.npy",
      "results/sticky_lab/sentence_t5_base/mode3_v4/validation/prefix/length_21/candidate_01_center.npy",
      "results/sticky_lab/sentence_t5_base/mode3_v4/validation/prefix/length_21/candidate_02_center.npy",
      "results/sticky_lab/sentence_t5_base/mode3_v4/validation/prefix/length_21/candidate_03_center.npy",
      "results/sticky_lab/sentence_t5_base/mode3_v4/validation/prefix/length_21/candidate_04_center.npy",
      "results/sticky_lab/sentence_t5_base/mode3_v4/validation/prefix/length_21/candidate_05_center.npy",
      "results/sticky_lab/sentence_t5_base/mode3_v4/validation/prefix/length_21/candidate_06_center.npy",
      "results/sticky_lab/sentence_t5_base/mode3_v4/validation/prefix/length_21/candidate_07_center.npy",
      "results/sticky_lab/sentence_t5_base/mode3_v4/validation/prefix/length_21/candidates.csv",
      "results/sticky_lab/sentence_t5_base/mode3_v4/validation/prefix/length_21/random_baseline.json",
      "results/sticky_lab/sentence_t5_base/mode3_v4/validation/prefix/length_21/summary.json",
      "results/sticky_lab/sentence_t5_base/mode3_v4/validation/prefix/length_22/candidate_00_center.npy",
      "results/sticky_lab/sentence_t5_base/mode3_v4/validation/prefix/length_22/candidate_01_center.npy",
      "results/sticky_lab/sentence_t5_base/mode3_v4/validation/prefix/length_22/candidate_02_center.npy",
      "results/sticky_lab/sentence_t5_base/mode3_v4/validation/prefix/length_22/candidate_03_center.npy",
      "results/sticky_lab/sentence_t5_base/mode3_v4/validation/prefix/length_22/candidate_04_center.npy",
      "results/sticky_lab/sentence_t5_base/mode3_v4/validation/prefix/length_22/candidate_05_center.npy",
      "results/sticky_lab/sentence_t5_base/mode3_v4/validation/prefix/length_22/candidate_06_center.npy",
      "results/sticky_lab/sentence_t5_base/mode3_v4/validation/prefix/length_22/candidate_07_center.npy",
      "results/sticky_lab/sentence_t5_base/mode3_v4/validation/prefix/length_22/candidates.csv",
      "results/sticky_lab/sentence_t5_base/mode3_v4/validation/prefix/length_22/random_baseline.json",
      "results/sticky_lab/sentence_t5_base/mode3_v4/validation/prefix/length_22/summary.json",
      "results/sticky_lab/sentence_t5_base/mode3_v4/validation/prefix/length_23/candidate_00_center.npy",
      "results/sticky_lab/sentence_t5_base/mode3_v4/validation/prefix/length_23/candidate_01_center.npy",
      "results/sticky_lab/sentence_t5_base/mode3_v4/validation/prefix/length_23/candidate_02_center.npy",
      "results/sticky_lab/sentence_t5_base/mode3_v4/validation/prefix/length_23/candidate_03_center.npy",
      "results/sticky_lab/sentence_t5_base/mode3_v4/validation/prefix/length_23/candidate_04_center.npy",
      "results/sticky_lab/sentence_t5_base/mode3_v4/validation/prefix/length_23/candidate_05_center.npy",
      "results/sticky_lab/sentence_t5_base/mode3_v4/validation/prefix/length_23/candidate_06_center.npy",
      "results/sticky_lab/sentence_t5_base/mode3_v4/validation/prefix/length_23/candidate_07_center.npy",
      "results/sticky_lab/sentence_t5_base/mode3_v4/validation/prefix/length_23/candidates.csv",
      "results/sticky_lab/sentence_t5_base/mode3_v4/validation/prefix/length_23/random_baseline.json",
      "results/sticky_lab/sentence_t5_base/mode3_v4/validation/prefix/length_23/summary.json",
      "results/sticky_lab/sentence_t5_base/mode3_v4/validation/prefix/length_24/candidate_00_center.npy",
      "results/sticky_lab/sentence_t5_base/mode3_v4/validation/prefix/length_24/candidate_01_center.npy",
      "results/sticky_lab/sentence_t5_base/mode3_v4/validation/prefix/length_24/candidate_02_center.npy",
      "results/sticky_lab/sentence_t5_base/mode3_v4/validation/prefix/length_24/candidate_03_center.npy",
      "results/sticky_lab/sentence_t5_base/mode3_v4/validation/prefix/length_24/candidate_04_center.npy",
      "results/sticky_lab/sentence_t5_base/mode3_v4/validation/prefix/length_24/candidate_05_center.npy",
      "results/sticky_lab/sentence_t5_base/mode3_v4/validation/prefix/length_24/candidate_06_center.npy",
      "results/sticky_lab/sentence_t5_base/mode3_v4/validation/prefix/length_24/candidate_07_center.npy",
      "results/sticky_lab/sentence_t5_base/mode3_v4/validation/prefix/length_24/candidates.csv",
      "results/sticky_lab/sentence_t5_base/mode3_v4/validation/prefix/length_24/random_baseline.json",
      "results/sticky_lab/sentence_t5_base/mode3_v4/validation/prefix/length_24/summary.json",
      "results/sticky_lab/sentence_t5_base/mode3_v4/validation/prefix/length_25/candidate_00_center.npy",
      "results/sticky_lab/sentence_t5_base/mode3_v4/validation/prefix/length_25/candidate_01_center.npy",
      "results/sticky_lab/sentence_t5_base/mode3_v4/validation/prefix/length_25/candidate_02_center.npy",
      "results/sticky_lab/sentence_t5_base/mode3_v4/validation/prefix/length_25/candidate_03_center.npy",
      "results/sticky_lab/sentence_t5_base/mode3_v4/validation/prefix/length_25/candidate_04_center.npy",
      "results/sticky_lab/sentence_t5_base/mode3_v4/validation/prefix/length_25/candidate_05_center.npy",
      "results/sticky_lab/sentence_t5_base/mode3_v4/validation/prefix/length_25/candidate_06_center.npy",
      "results/sticky_lab/sentence_t5_base/mode3_v4/validation/prefix/length_25/candidate_07_center.npy",
      "results/sticky_lab/sentence_t5_base/mode3_v4/validation/prefix/length_25/candidates.csv",
      "results/sticky_lab/sentence_t5_base/mode3_v4/validation/prefix/length_25/random_baseline.json",
      "results/sticky_lab/sentence_t5_base/mode3_v4/validation/prefix/length_25/summary.json",
      "results/sticky_lab/sentence_t5_base/mode3_v4/validation/prefix/length_26/candidate_00_center.npy",
      "results/sticky_lab/sentence_t5_base/mode3_v4/validation/prefix/length_26/candidate_01_center.npy",
      "results/sticky_lab/sentence_t5_base/mode3_v4/validation/prefix/length_26/candidate_02_center.npy",
      "results/sticky_lab/sentence_t5_base/mode3_v4/validation/prefix/length_26/candidate_03_center.npy",
      "results/sticky_lab/sentence_t5_base/mode3_v4/validation/prefix/length_26/candidate_04_center.npy",
      "results/sticky_lab/sentence_t5_base/mode3_v4/validation/prefix/length_26/candidate_05_center.npy",
      "results/sticky_lab/sentence_t5_base/mode3_v4/validation/prefix/length_26/candidate_06_center.npy",
      "results/sticky_lab/sentence_t5_base/mode3_v4/validation/prefix/length_26/candidate_07_center.npy",
      "results/sticky_lab/sentence_t5_base/mode3_v4/validation/prefix/length_26/candidates.csv",
      "results/sticky_lab/sentence_t5_base/mode3_v4/validation/prefix/length_26/random_baseline.json",
      "results/sticky_lab/sentence_t5_base/mode3_v4/validation/prefix/length_26/summary.json",
      "results/sticky_lab/sentence_t5_base/mode3_v4/validation/prefix/length_27/candidate_00_center.npy",
      "results/sticky_lab/sentence_t5_base/mode3_v4/validation/prefix/length_27/candidate_01_center.npy",
      "results/sticky_lab/sentence_t5_base/mode3_v4/validation/prefix/length_27/candidate_02_center.npy",
      "results/sticky_lab/sentence_t5_base/mode3_v4/validation/prefix/length_27/candidate_03_center.npy",
      "results/sticky_lab/sentence_t5_base/mode3_v4/validation/prefix/length_27/candidate_04_center.npy",
      "results/sticky_lab/sentence_t5_base/mode3_v4/validation/prefix/length_27/candidate_05_center.npy",
      "results/sticky_lab/sentence_t5_base/mode3_v4/validation/prefix/length_27/candidate_06_center.npy",
      "results/sticky_lab/sentence_t5_base/mode3_v4/validation/prefix/length_27/candidate_07_center.npy",
      "results/sticky_lab/sentence_t5_base/mode3_v4/validation/prefix/length_27/candidates.csv",
      "results/sticky_lab/sentence_t5_base/mode3_v4/validation/prefix/length_27/random_baseline.json",
      "results/sticky_lab/sentence_t5_base/mode3_v4/validation/prefix/length_27/summary.json",
      "results/sticky_lab/sentence_t5_base/mode3_v4/validation/prefix/length_28/candidate_00_center.npy",
      "results/sticky_lab/sentence_t5_base/mode3_v4/validation/prefix/length_28/candidate_01_center.npy",
      "results/sticky_lab/sentence_t5_base/mode3_v4/validation/prefix/length_28/candidate_02_center.npy",
      "results/sticky_lab/sentence_t5_base/mode3_v4/validation/prefix/length_28/candidate_03_center.npy",
      "results/sticky_lab/sentence_t5_base/mode3_v4/validation/prefix/length_28/candidate_04_center.npy",
      "results/sticky_lab/sentence_t5_base/mode3_v4/validation/prefix/length_28/candidate_05_center.npy",
      "results/sticky_lab/sentence_t5_base/mode3_v4/validation/prefix/length_28/candidate_06_center.npy",
      "results/sticky_lab/sentence_t5_base/mode3_v4/validation/prefix/length_28/candidate_07_center.npy",
      "results/sticky_lab/sentence_t5_base/mode3_v4/validation/prefix/length_28/candidates.csv",
      "results/sticky_lab/sentence_t5_base/mode3_v4/validation/prefix/length_28/random_baseline.json",
      "results/sticky_lab/sentence_t5_base/mode3_v4/validation/prefix/length_28/summary.json",
      "results/sticky_lab/sentence_t5_base/mode3_v4/validation/prefix/length_29/candidate_00_center.npy",
      "results/sticky_lab/sentence_t5_base/mode3_v4/validation/prefix/length_29/candidate_01_center.npy",
      "results/sticky_lab/sentence_t5_base/mode3_v4/validation/prefix/length_29/candidate_02_center.npy",
      "results/sticky_lab/sentence_t5_base/mode3_v4/validation/prefix/length_29/candidate_03_center.npy",
      "results/sticky_lab/sentence_t5_base/mode3_v4/validation/prefix/length_29/candidate_04_center.npy",
      "results/sticky_lab/sentence_t5_base/mode3_v4/validation/prefix/length_29/candidate_05_center.npy",
      "results/sticky_lab/sentence_t5_base/mode3_v4/validation/prefix/length_29/candidate_06_center.npy",
      "results/sticky_lab/sentence_t5_base/mode3_v4/validation/prefix/length_29/candidate_07_center.npy",
      "results/sticky_lab/sentence_t5_base/mode3_v4/validation/prefix/length_29/candidates.csv",
      "results/sticky_lab/sentence_t5_base/mode3_v4/validation/prefix/length_29/random_baseline.json",
      "results/sticky_lab/sentence_t5_base/mode3_v4/validation/prefix/length_29/summary.json",
      "results/sticky_lab/sentence_t5_base/mode3_v4/validation/prefix/length_30/candidate_00_center.npy",
      "results/sticky_lab/sentence_t5_base/mode3_v4/validation/prefix/length_30/candidate_01_center.npy",
      "results/sticky_lab/sentence_t5_base/mode3_v4/validation/prefix/length_30/candidate_02_center.npy",
      "results/sticky_lab/sentence_t5_base/mode3_v4/validation/prefix/length_30/candidate_03_center.npy",
      "results/sticky_lab/sentence_t5_base/mode3_v4/validation/prefix/length_30/candidate_04_center.npy",
      "results/sticky_lab/sentence_t5_base/mode3_v4/validation/prefix/length_30/candidate_05_center.npy",
      "results/sticky_lab/sentence_t5_base/mode3_v4/validation/prefix/length_30/candidate_06_center.npy",
      "results/sticky_lab/sentence_t5_base/mode3_v4/validation/prefix/length_30/candidate_07_center.npy",
      "results/sticky_lab/sentence_t5_base/mode3_v4/validation/prefix/length_30/candidates.csv",
      "results/sticky_lab/sentence_t5_base/mode3_v4/validation/prefix/length_30/random_baseline.json",
      "results/sticky_lab/sentence_t5_base/mode3_v4/validation/prefix/length_30/summary.json",
      "results/sticky_lab/sentence_t5_base/mode3_v4/validation/random/length_01/candidate_00_center.npy",
      "results/sticky_lab/sentence_t5_base/mode3_v4/validation/random/length_01/candidate_01_center.npy",
      "results/sticky_lab/sentence_t5_base/mode3_v4/validation/random/length_01/candidate_02_center.npy",
      "results/sticky_lab/sentence_t5_base/mode3_v4/validation/random/length_01/candidate_03_center.npy",
      "results/sticky_lab/sentence_t5_base/mode3_v4/validation/random/length_01/candidate_04_center.npy",
      "results/sticky_lab/sentence_t5_base/mode3_v4/validation/random/length_01/candidate_05_center.npy",
      "results/sticky_lab/sentence_t5_base/mode3_v4/validation/random/length_01/candidate_06_center.npy",
      "results/sticky_lab/sentence_t5_base/mode3_v4/validation/random/length_01/candidate_07_center.npy",
      "results/sticky_lab/sentence_t5_base/mode3_v4/validation/random/length_01/candidates.csv",
      "results/sticky_lab/sentence_t5_base/mode3_v4/validation/random/length_01/random_baseline.json",
      "results/sticky_lab/sentence_t5_base/mode3_v4/validation/random/length_01/summary.json",
      "results/sticky_lab/sentence_t5_base/mode3_v4/validation/random/length_02/candidate_00_center.npy",
      "results/sticky_lab/sentence_t5_base/mode3_v4/validation/random/length_02/candidate_01_center.npy",
      "results/sticky_lab/sentence_t5_base/mode3_v4/validation/random/length_02/candidate_02_center.npy",
      "results/sticky_lab/sentence_t5_base/mode3_v4/validation/random/length_02/candidate_03_center.npy",
      "results/sticky_lab/sentence_t5_base/mode3_v4/validation/random/length_02/candidate_04_center.npy",
      "results/sticky_lab/sentence_t5_base/mode3_v4/validation/random/length_02/candidate_05_center.npy",
      "results/sticky_lab/sentence_t5_base/mode3_v4/validation/random/length_02/candidate_06_center.npy",
      "results/sticky_lab/sentence_t5_base/mode3_v4/validation/random/length_02/candidate_07_center.npy",
      "results/sticky_lab/sentence_t5_base/mode3_v4/validation/random/length_02/candidates.csv",
      "results/sticky_lab/sentence_t5_base/mode3_v4/validation/random/length_02/random_baseline.json",
      "results/sticky_lab/sentence_t5_base/mode3_v4/validation/random/length_02/summary.json",
      "results/sticky_lab/sentence_t5_base/mode3_v4/validation/random/length_03/candidate_00_center.npy",
      "results/sticky_lab/sentence_t5_base/mode3_v4/validation/random/length_03/candidate_01_center.npy",
      "results/sticky_lab/sentence_t5_base/mode3_v4/validation/random/length_03/candidate_02_center.npy",
      "results/sticky_lab/sentence_t5_base/mode3_v4/validation/random/length_03/candidate_03_center.npy",
      "results/sticky_lab/sentence_t5_base/mode3_v4/validation/random/length_03/candidate_04_center.npy",
      "results/sticky_lab/sentence_t5_base/mode3_v4/validation/random/length_03/candidate_05_center.npy",
      "results/sticky_lab/sentence_t5_base/mode3_v4/validation/random/length_03/candidate_06_center.npy",
      "results/sticky_lab/sentence_t5_base/mode3_v4/validation/random/length_03/candidate_07_center.npy",
      "results/sticky_lab/sentence_t5_base/mode3_v4/validation/random/length_03/candidates.csv",
      "results/sticky_lab/sentence_t5_base/mode3_v4/validation/random/length_03/random_baseline.json",
      "results/sticky_lab/sentence_t5_base/mode3_v4/validation/random/length_03/summary.json",
      "results/sticky_lab/sentence_t5_base/mode3_v4/validation/random/length_04/candidate_00_center.npy",
      "results/sticky_lab/sentence_t5_base/mode3_v4/validation/random/length_04/candidate_01_center.npy",
      "results/sticky_lab/sentence_t5_base/mode3_v4/validation/random/length_04/candidate_02_center.npy",
      "results/sticky_lab/sentence_t5_base/mode3_v4/validation/random/length_04/candidate_03_center.npy",
      "results/sticky_lab/sentence_t5_base/mode3_v4/validation/random/length_04/candidate_04_center.npy",
      "results/sticky_lab/sentence_t5_base/mode3_v4/validation/random/length_04/candidate_05_center.npy",
      "results/sticky_lab/sentence_t5_base/mode3_v4/validation/random/length_04/candidate_06_center.npy",
      "results/sticky_lab/sentence_t5_base/mode3_v4/validation/random/length_04/candidate_07_center.npy",
      "results/sticky_lab/sentence_t5_base/mode3_v4/validation/random/length_04/candidates.csv",
      "results/sticky_lab/sentence_t5_base/mode3_v4/validation/random/length_04/random_baseline.json",
      "results/sticky_lab/sentence_t5_base/mode3_v4/validation/random/length_04/summary.json",
      "results/sticky_lab/sentence_t5_base/mode3_v4/validation/random/length_05/candidate_00_center.npy",
      "results/sticky_lab/sentence_t5_base/mode3_v4/validation/random/length_05/candidate_01_center.npy",
      "results/sticky_lab/sentence_t5_base/mode3_v4/validation/random/length_05/candidate_02_center.npy",
      "results/sticky_lab/sentence_t5_base/mode3_v4/validation/random/length_05/candidate_03_center.npy",
      "results/sticky_lab/sentence_t5_base/mode3_v4/validation/random/length_05/candidate_04_center.npy",
      "results/sticky_lab/sentence_t5_base/mode3_v4/validation/random/length_05/candidate_05_center.npy",
      "results/sticky_lab/sentence_t5_base/mode3_v4/validation/random/length_05/candidate_06_center.npy",
      "results/sticky_lab/sentence_t5_base/mode3_v4/validation/random/length_05/candidate_07_center.npy",
      "results/sticky_lab/sentence_t5_base/mode3_v4/validation/random/length_05/candidates.csv",
      "results/sticky_lab/sentence_t5_base/mode3_v4/validation/random/length_05/random_baseline.json",
      "results/sticky_lab/sentence_t5_base/mode3_v4/validation/random/length_05/summary.json",
      "results/sticky_lab/sentence_t5_base/mode3_v4/validation/random/length_06/candidate_00_center.npy",
      "results/sticky_lab/sentence_t5_base/mode3_v4/validation/random/length_06/candidate_01_center.npy",
      "results/sticky_lab/sentence_t5_base/mode3_v4/validation/random/length_06/candidate_02_center.npy",
      "results/sticky_lab/sentence_t5_base/mode3_v4/validation/random/length_06/candidate_03_center.npy",
      "results/sticky_lab/sentence_t5_base/mode3_v4/validation/random/length_06/candidate_04_center.npy",
      "results/sticky_lab/sentence_t5_base/mode3_v4/validation/random/length_06/candidate_05_center.npy",
      "results/sticky_lab/sentence_t5_base/mode3_v4/validation/random/length_06/candidate_06_center.npy",
      "results/sticky_lab/sentence_t5_base/mode3_v4/validation/random/length_06/candidate_07_center.npy",
      "results/sticky_lab/sentence_t5_base/mode3_v4/validation/random/length_06/candidates.csv",
      "results/sticky_lab/sentence_t5_base/mode3_v4/validation/random/length_06/random_baseline.json",
      "results/sticky_lab/sentence_t5_base/mode3_v4/validation/random/length_06/summary.json",
      "results/sticky_lab/sentence_t5_base/mode3_v4/validation/random/length_07/candidate_00_center.npy",
      "results/sticky_lab/sentence_t5_base/mode3_v4/validation/random/length_07/candidate_01_center.npy",
      "results/sticky_lab/sentence_t5_base/mode3_v4/validation/random/length_07/candidate_02_center.npy",
      "results/sticky_lab/sentence_t5_base/mode3_v4/validation/random/length_07/candidate_03_center.npy",
      "results/sticky_lab/sentence_t5_base/mode3_v4/validation/random/length_07/candidate_04_center.npy",
      "results/sticky_lab/sentence_t5_base/mode3_v4/validation/random/length_07/candidate_05_center.npy",
      "results/sticky_lab/sentence_t5_base/mode3_v4/validation/random/length_07/candidate_06_center.npy",
      "results/sticky_lab/sentence_t5_base/mode3_v4/validation/random/length_07/candidate_07_center.npy",
      "results/sticky_lab/sentence_t5_base/mode3_v4/validation/random/length_07/candidates.csv",
      "results/sticky_lab/sentence_t5_base/mode3_v4/validation/random/length_07/random_baseline.json",
      "results/sticky_lab/sentence_t5_base/mode3_v4/validation/random/length_07/summary.json",
      "results/sticky_lab/sentence_t5_base/mode3_v4/validation/random/length_08/candidate_00_center.npy",
      "results/sticky_lab/sentence_t5_base/mode3_v4/validation/random/length_08/candidate_01_center.npy",
      "results/sticky_lab/sentence_t5_base/mode3_v4/validation/random/length_08/candidate_02_center.npy",
      "results/sticky_lab/sentence_t5_base/mode3_v4/validation/random/length_08/candidate_03_center.npy",
      "results/sticky_lab/sentence_t5_base/mode3_v4/validation/random/length_08/candidate_04_center.npy",
      "results/sticky_lab/sentence_t5_base/mode3_v4/validation/random/length_08/candidate_05_center.npy",
      "results/sticky_lab/sentence_t5_base/mode3_v4/validation/random/length_08/candidate_06_center.npy",
      "results/sticky_lab/sentence_t5_base/mode3_v4/validation/random/length_08/candidate_07_center.npy",
      "results/sticky_lab/sentence_t5_base/mode3_v4/validation/random/length_08/candidates.csv",
      "results/sticky_lab/sentence_t5_base/mode3_v4/validation/random/length_08/random_baseline.json",
      "results/sticky_lab/sentence_t5_base/mode3_v4/validation/random/length_08/summary.json",
      "results/sticky_lab/sentence_t5_base/mode3_v4/validation/random/length_09/candidate_00_center.npy",
      "results/sticky_lab/sentence_t5_base/mode3_v4/validation/random/length_09/candidate_01_center.npy",
      "results/sticky_lab/sentence_t5_base/mode3_v4/validation/random/length_09/candidate_02_center.npy",
      "results/sticky_lab/sentence_t5_base/mode3_v4/validation/random/length_09/candidate_03_center.npy",
      "results/sticky_lab/sentence_t5_base/mode3_v4/validation/random/length_09/candidate_04_center.npy",
      "results/sticky_lab/sentence_t5_base/mode3_v4/validation/random/length_09/candidate_05_center.npy",
      "results/sticky_lab/sentence_t5_base/mode3_v4/validation/random/length_09/candidate_06_center.npy",
      "results/sticky_lab/sentence_t5_base/mode3_v4/validation/random/length_09/candidate_07_center.npy",
      "results/sticky_lab/sentence_t5_base/mode3_v4/validation/random/length_09/candidates.csv",
      "results/sticky_lab/sentence_t5_base/mode3_v4/validation/random/length_09/random_baseline.json",
      "results/sticky_lab/sentence_t5_base/mode3_v4/validation/random/length_09/summary.json",
      "results/sticky_lab/sentence_t5_base/mode3_v4/validation/random/length_10/candidate_00_center.npy",
      "results/sticky_lab/sentence_t5_base/mode3_v4/validation/random/length_10/candidate_01_center.npy",
      "results/sticky_lab/sentence_t5_base/mode3_v4/validation/random/length_10/candidate_02_center.npy",
      "results/sticky_lab/sentence_t5_base/mode3_v4/validation/random/length_10/candidate_03_center.npy",
      "results/sticky_lab/sentence_t5_base/mode3_v4/validation/random/length_10/candidate_04_center.npy",
      "results/sticky_lab/sentence_t5_base/mode3_v4/validation/random/length_10/candidate_05_center.npy",
      "results/sticky_lab/sentence_t5_base/mode3_v4/validation/random/length_10/candidate_06_center.npy",
      "results/sticky_lab/sentence_t5_base/mode3_v4/validation/random/length_10/candidate_07_center.npy",
      "results/sticky_lab/sentence_t5_base/mode3_v4/validation/random/length_10/candidates.csv",
      "results/sticky_lab/sentence_t5_base/mode3_v4/validation/random/length_10/random_baseline.json",
      "results/sticky_lab/sentence_t5_base/mode3_v4/validation/random/length_10/summary.json",
      "results/sticky_lab/sentence_t5_base/mode3_v4/validation/random/length_11/candidate_00_center.npy",
      "results/sticky_lab/sentence_t5_base/mode3_v4/validation/random/length_11/candidate_01_center.npy",
      "results/sticky_lab/sentence_t5_base/mode3_v4/validation/random/length_11/candidate_02_center.npy",
      "results/sticky_lab/sentence_t5_base/mode3_v4/validation/random/length_11/candidate_03_center.npy",
      "results/sticky_lab/sentence_t5_base/mode3_v4/validation/random/length_11/candidate_04_center.npy",
      "results/sticky_lab/sentence_t5_base/mode3_v4/validation/random/length_11/candidate_05_center.npy",
      "results/sticky_lab/sentence_t5_base/mode3_v4/validation/random/length_11/candidate_06_center.npy",
      "results/sticky_lab/sentence_t5_base/mode3_v4/validation/random/length_11/candidate_07_center.npy",
      "results/sticky_lab/sentence_t5_base/mode3_v4/validation/random/length_11/candidates.csv",
      "results/sticky_lab/sentence_t5_base/mode3_v4/validation/random/length_11/random_baseline.json",
      "results/sticky_lab/sentence_t5_base/mode3_v4/validation/random/length_11/summary.json",
      "results/sticky_lab/sentence_t5_base/mode3_v4/validation/random/length_12/candidate_00_center.npy",
      "results/sticky_lab/sentence_t5_base/mode3_v4/validation/random/length_12/candidate_01_center.npy",
      "results/sticky_lab/sentence_t5_base/mode3_v4/validation/random/length_12/candidate_02_center.npy",
      "results/sticky_lab/sentence_t5_base/mode3_v4/validation/random/length_12/candidate_03_center.npy",
      "results/sticky_lab/sentence_t5_base/mode3_v4/validation/random/length_12/candidate_04_center.npy",
      "results/sticky_lab/sentence_t5_base/mode3_v4/validation/random/length_12/candidate_05_center.npy",
      "results/sticky_lab/sentence_t5_base/mode3_v4/validation/random/length_12/candidate_06_center.npy",
      "results/sticky_lab/sentence_t5_base/mode3_v4/validation/random/length_12/candidate_07_center.npy",
      "results/sticky_lab/sentence_t5_base/mode3_v4/validation/random/length_12/candidates.csv",
      "results/sticky_lab/sentence_t5_base/mode3_v4/validation/random/length_12/random_baseline.json",
      "results/sticky_lab/sentence_t5_base/mode3_v4/validation/random/length_12/summary.json",
      "results/sticky_lab/sentence_t5_base/mode3_v4/validation/random/length_13/candidate_00_center.npy",
      "results/sticky_lab/sentence_t5_base/mode3_v4/validation/random/length_13/candidate_01_center.npy",
      "results/sticky_lab/sentence_t5_base/mode3_v4/validation/random/length_13/candidate_02_center.npy",
      "results/sticky_lab/sentence_t5_base/mode3_v4/validation/random/length_13/candidate_03_center.npy",
      "results/sticky_lab/sentence_t5_base/mode3_v4/validation/random/length_13/candidate_04_center.npy",
      "results/sticky_lab/sentence_t5_base/mode3_v4/validation/random/length_13/candidate_05_center.npy",
      "results/sticky_lab/sentence_t5_base/mode3_v4/validation/random/length_13/candidate_06_center.npy",
      "results/sticky_lab/sentence_t5_base/mode3_v4/validation/random/length_13/candidate_07_center.npy",
      "results/sticky_lab/sentence_t5_base/mode3_v4/validation/random/length_13/candidates.csv",
      "results/sticky_lab/sentence_t5_base/mode3_v4/validation/random/length_13/random_baseline.json",
      "results/sticky_lab/sentence_t5_base/mode3_v4/validation/random/length_13/summary.json",
      "results/sticky_lab/sentence_t5_base/mode3_v4/validation/random/length_14/candidate_00_center.npy",
      "results/sticky_lab/sentence_t5_base/mode3_v4/validation/random/length_14/candidate_01_center.npy",
      "results/sticky_lab/sentence_t5_base/mode3_v4/validation/random/length_14/candidate_02_center.npy",
      "results/sticky_lab/sentence_t5_base/mode3_v4/validation/random/length_14/candidate_03_center.npy",
      "results/sticky_lab/sentence_t5_base/mode3_v4/validation/random/length_14/candidate_04_center.npy",
      "results/sticky_lab/sentence_t5_base/mode3_v4/validation/random/length_14/candidate_05_center.npy",
      "results/sticky_lab/sentence_t5_base/mode3_v4/validation/random/length_14/candidate_06_center.npy",
      "results/sticky_lab/sentence_t5_base/mode3_v4/validation/random/length_14/candidate_07_center.npy",
      "results/sticky_lab/sentence_t5_base/mode3_v4/validation/random/length_14/candidates.csv",
      "results/sticky_lab/sentence_t5_base/mode3_v4/validation/random/length_14/random_baseline.json",
      "results/sticky_lab/sentence_t5_base/mode3_v4/validation/random/length_14/summary.json",
      "results/sticky_lab/sentence_t5_base/mode3_v4/validation/random/length_15/candidate_00_center.npy",
      "results/sticky_lab/sentence_t5_base/mode3_v4/validation/random/length_15/candidate_01_center.npy",
      "results/sticky_lab/sentence_t5_base/mode3_v4/validation/random/length_15/candidate_02_center.npy",
      "results/sticky_lab/sentence_t5_base/mode3_v4/validation/random/length_15/candidate_03_center.npy",
      "results/sticky_lab/sentence_t5_base/mode3_v4/validation/random/length_15/candidate_04_center.npy",
      "results/sticky_lab/sentence_t5_base/mode3_v4/validation/random/length_15/candidate_05_center.npy",
      "results/sticky_lab/sentence_t5_base/mode3_v4/validation/random/length_15/candidate_06_center.npy",
      "results/sticky_lab/sentence_t5_base/mode3_v4/validation/random/length_15/candidate_07_center.npy",
      "results/sticky_lab/sentence_t5_base/mode3_v4/validation/random/length_15/candidates.csv",
      "results/sticky_lab/sentence_t5_base/mode3_v4/validation/random/length_15/random_baseline.json",
      "results/sticky_lab/sentence_t5_base/mode3_v4/validation/random/length_15/summary.json",
      "results/sticky_lab/sentence_t5_base/mode3_v4/validation/random/length_16/candidate_00_center.npy",
      "results/sticky_lab/sentence_t5_base/mode3_v4/validation/random/length_16/candidate_01_center.npy",
      "results/sticky_lab/sentence_t5_base/mode3_v4/validation/random/length_16/candidate_02_center.npy",
      "results/sticky_lab/sentence_t5_base/mode3_v4/validation/random/length_16/candidate_03_center.npy",
      "results/sticky_lab/sentence_t5_base/mode3_v4/validation/random/length_16/candidate_04_center.npy",
      "results/sticky_lab/sentence_t5_base/mode3_v4/validation/random/length_16/candidate_05_center.npy",
      "results/sticky_lab/sentence_t5_base/mode3_v4/validation/random/length_16/candidate_06_center.npy",
      "results/sticky_lab/sentence_t5_base/mode3_v4/validation/random/length_16/candidate_07_center.npy",
      "results/sticky_lab/sentence_t5_base/mode3_v4/validation/random/length_16/candidates.csv",
      "results/sticky_lab/sentence_t5_base/mode3_v4/validation/random/length_16/random_baseline.json",
      "results/sticky_lab/sentence_t5_base/mode3_v4/validation/random/length_16/summary.json",
      "results/sticky_lab/sentence_t5_base/mode3_v4/validation/random/length_17/candidate_00_center.npy",
      "results/sticky_lab/sentence_t5_base/mode3_v4/validation/random/length_17/candidate_01_center.npy",
      "results/sticky_lab/sentence_t5_base/mode3_v4/validation/random/length_17/candidate_02_center.npy",
      "results/sticky_lab/sentence_t5_base/mode3_v4/validation/random/length_17/candidate_03_center.npy",
      "results/sticky_lab/sentence_t5_base/mode3_v4/validation/random/length_17/candidate_04_center.npy",
      "results/sticky_lab/sentence_t5_base/mode3_v4/validation/random/length_17/candidate_05_center.npy",
      "results/sticky_lab/sentence_t5_base/mode3_v4/validation/random/length_17/candidate_06_center.npy",
      "results/sticky_lab/sentence_t5_base/mode3_v4/validation/random/length_17/candidate_07_center.npy",
      "results/sticky_lab/sentence_t5_base/mode3_v4/validation/random/length_17/candidates.csv",
      "results/sticky_lab/sentence_t5_base/mode3_v4/validation/random/length_17/random_baseline.json",
      "results/sticky_lab/sentence_t5_base/mode3_v4/validation/random/length_17/summary.json",
      "results/sticky_lab/sentence_t5_base/mode3_v4/validation/random/length_18/candidate_00_center.npy",
      "results/sticky_lab/sentence_t5_base/mode3_v4/validation/random/length_18/candidate_01_center.npy",
      "results/sticky_lab/sentence_t5_base/mode3_v4/validation/random/length_18/candidate_02_center.npy",
      "results/sticky_lab/sentence_t5_base/mode3_v4/validation/random/length_18/candidate_03_center.npy",
      "results/sticky_lab/sentence_t5_base/mode3_v4/validation/random/length_18/candidate_04_center.npy",
      "results/sticky_lab/sentence_t5_base/mode3_v4/validation/random/length_18/candidate_05_center.npy",
      "results/sticky_lab/sentence_t5_base/mode3_v4/validation/random/length_18/candidate_06_center.npy",
      "results/sticky_lab/sentence_t5_base/mode3_v4/validation/random/length_18/candidate_07_center.npy",
      "results/sticky_lab/sentence_t5_base/mode3_v4/validation/random/length_18/candidates.csv",
      "results/sticky_lab/sentence_t5_base/mode3_v4/validation/random/length_18/random_baseline.json",
      "results/sticky_lab/sentence_t5_base/mode3_v4/validation/random/length_18/summary.json",
      "results/sticky_lab/sentence_t5_base/mode3_v4/validation/random/length_19/candidate_00_center.npy",
      "results/sticky_lab/sentence_t5_base/mode3_v4/validation/random/length_19/candidate_01_center.npy",
      "results/sticky_lab/sentence_t5_base/mode3_v4/validation/random/length_19/candidate_02_center.npy",
      "results/sticky_lab/sentence_t5_base/mode3_v4/validation/random/length_19/candidate_03_center.npy",
      "results/sticky_lab/sentence_t5_base/mode3_v4/validation/random/length_19/candidate_04_center.npy",
      "results/sticky_lab/sentence_t5_base/mode3_v4/validation/random/length_19/candidate_05_center.npy",
      "results/sticky_lab/sentence_t5_base/mode3_v4/validation/random/length_19/candidate_06_center.npy",
      "results/sticky_lab/sentence_t5_base/mode3_v4/validation/random/length_19/candidate_07_center.npy",
      "results/sticky_lab/sentence_t5_base/mode3_v4/validation/random/length_19/candidates.csv",
      "results/sticky_lab/sentence_t5_base/mode3_v4/validation/random/length_19/random_baseline.json",
      "results/sticky_lab/sentence_t5_base/mode3_v4/validation/random/length_19/summary.json",
      "results/sticky_lab/sentence_t5_base/mode3_v4/validation/random/length_20/candidate_00_center.npy",
      "results/sticky_lab/sentence_t5_base/mode3_v4/validation/random/length_20/candidate_01_center.npy",
      "results/sticky_lab/sentence_t5_base/mode3_v4/validation/random/length_20/candidate_02_center.npy",
      "results/sticky_lab/sentence_t5_base/mode3_v4/validation/random/length_20/candidate_03_center.npy",
      "results/sticky_lab/sentence_t5_base/mode3_v4/validation/random/length_20/candidate_04_center.npy",
      "results/sticky_lab/sentence_t5_base/mode3_v4/validation/random/length_20/candidate_05_center.npy",
      "results/sticky_lab/sentence_t5_base/mode3_v4/validation/random/length_20/candidate_06_center.npy",
      "results/sticky_lab/sentence_t5_base/mode3_v4/validation/random/length_20/candidate_07_center.npy",
      "results/sticky_lab/sentence_t5_base/mode3_v4/validation/random/length_20/candidates.csv",
      "results/sticky_lab/sentence_t5_base/mode3_v4/validation/random/length_20/random_baseline.json",
      "results/sticky_lab/sentence_t5_base/mode3_v4/validation/random/length_20/summary.json",
      "results/sticky_lab/sentence_t5_base/mode3_v4/validation/random/length_21/candidate_00_center.npy",
      "results/sticky_lab/sentence_t5_base/mode3_v4/validation/random/length_21/candidate_01_center.npy",
      "results/sticky_lab/sentence_t5_base/mode3_v4/validation/random/length_21/candidate_02_center.npy",
      "results/sticky_lab/sentence_t5_base/mode3_v4/validation/random/length_21/candidate_03_center.npy",
      "results/sticky_lab/sentence_t5_base/mode3_v4/validation/random/length_21/candidate_04_center.npy",
      "results/sticky_lab/sentence_t5_base/mode3_v4/validation/random/length_21/candidate_05_center.npy",
      "results/sticky_lab/sentence_t5_base/mode3_v4/validation/random/length_21/candidate_06_center.npy",
      "results/sticky_lab/sentence_t5_base/mode3_v4/validation/random/length_21/candidate_07_center.npy",
      "results/sticky_lab/sentence_t5_base/mode3_v4/validation/random/length_21/candidates.csv",
      "results/sticky_lab/sentence_t5_base/mode3_v4/validation/random/length_21/random_baseline.json",
      "results/sticky_lab/sentence_t5_base/mode3_v4/validation/random/length_21/summary.json",
      "results/sticky_lab/sentence_t5_base/mode3_v4/validation/random/length_22/candidate_00_center.npy",
      "results/sticky_lab/sentence_t5_base/mode3_v4/validation/random/length_22/candidate_01_center.npy",
      "results/sticky_lab/sentence_t5_base/mode3_v4/validation/random/length_22/candidate_02_center.npy",
      "results/sticky_lab/sentence_t5_base/mode3_v4/validation/random/length_22/candidate_03_center.npy",
      "results/sticky_lab/sentence_t5_base/mode3_v4/validation/random/length_22/candidate_04_center.npy",
      "results/sticky_lab/sentence_t5_base/mode3_v4/validation/random/length_22/candidate_05_center.npy",
      "results/sticky_lab/sentence_t5_base/mode3_v4/validation/random/length_22/candidate_06_center.npy",
      "results/sticky_lab/sentence_t5_base/mode3_v4/validation/random/length_22/candidate_07_center.npy",
      "results/sticky_lab/sentence_t5_base/mode3_v4/validation/random/length_22/candidates.csv",
      "results/sticky_lab/sentence_t5_base/mode3_v4/validation/random/length_22/random_baseline.json",
      "results/sticky_lab/sentence_t5_base/mode3_v4/validation/random/length_22/summary.json",
      "results/sticky_lab/sentence_t5_base/mode3_v4/validation/random/length_23/candidate_00_center.npy",
      "results/sticky_lab/sentence_t5_base/mode3_v4/validation/random/length_23/candidate_01_center.npy",
      "results/sticky_lab/sentence_t5_base/mode3_v4/validation/random/length_23/candidate_02_center.npy",
      "results/sticky_lab/sentence_t5_base/mode3_v4/validation/random/length_23/candidate_03_center.npy",
      "results/sticky_lab/sentence_t5_base/mode3_v4/validation/random/length_23/candidate_04_center.npy",
      "results/sticky_lab/sentence_t5_base/mode3_v4/validation/random/length_23/candidate_05_center.npy",
      "results/sticky_lab/sentence_t5_base/mode3_v4/validation/random/length_23/candidate_06_center.npy",
      "results/sticky_lab/sentence_t5_base/mode3_v4/validation/random/length_23/candidate_07_center.npy",
      "results/sticky_lab/sentence_t5_base/mode3_v4/validation/random/length_23/candidates.csv",
      "results/sticky_lab/sentence_t5_base/mode3_v4/validation/random/length_23/random_baseline.json",
      "results/sticky_lab/sentence_t5_base/mode3_v4/validation/random/length_23/summary.json",
      "results/sticky_lab/sentence_t5_base/mode3_v4/validation/random/length_24/candidate_00_center.npy",
      "results/sticky_lab/sentence_t5_base/mode3_v4/validation/random/length_24/candidate_01_center.npy",
      "results/sticky_lab/sentence_t5_base/mode3_v4/validation/random/length_24/candidate_02_center.npy",
      "results/sticky_lab/sentence_t5_base/mode3_v4/validation/random/length_24/candidate_03_center.npy",
      "results/sticky_lab/sentence_t5_base/mode3_v4/validation/random/length_24/candidate_04_center.npy",
      "results/sticky_lab/sentence_t5_base/mode3_v4/validation/random/length_24/candidate_05_center.npy",
      "results/sticky_lab/sentence_t5_base/mode3_v4/validation/random/length_24/candidate_06_center.npy",
      "results/sticky_lab/sentence_t5_base/mode3_v4/validation/random/length_24/candidate_07_center.npy",
      "results/sticky_lab/sentence_t5_base/mode3_v4/validation/random/length_24/candidates.csv",
      "results/sticky_lab/sentence_t5_base/mode3_v4/validation/random/length_24/random_baseline.json",
      "results/sticky_lab/sentence_t5_base/mode3_v4/validation/random/length_24/summary.json",
      "results/sticky_lab/sentence_t5_base/mode3_v4/validation/random/length_25/candidate_00_center.npy",
      "results/sticky_lab/sentence_t5_base/mode3_v4/validation/random/length_25/candidate_01_center.npy",
      "results/sticky_lab/sentence_t5_base/mode3_v4/validation/random/length_25/candidate_02_center.npy",
      "results/sticky_lab/sentence_t5_base/mode3_v4/validation/random/length_25/candidate_03_center.npy",
      "results/sticky_lab/sentence_t5_base/mode3_v4/validation/random/length_25/candidate_04_center.npy",
      "results/sticky_lab/sentence_t5_base/mode3_v4/validation/random/length_25/candidate_05_center.npy",
      "results/sticky_lab/sentence_t5_base/mode3_v4/validation/random/length_25/candidate_06_center.npy",
      "results/sticky_lab/sentence_t5_base/mode3_v4/validation/random/length_25/candidate_07_center.npy",
      "results/sticky_lab/sentence_t5_base/mode3_v4/validation/random/length_25/candidates.csv",
      "results/sticky_lab/sentence_t5_base/mode3_v4/validation/random/length_25/random_baseline.json",
      "results/sticky_lab/sentence_t5_base/mode3_v4/validation/random/length_25/summary.json",
      "results/sticky_lab/sentence_t5_base/mode3_v4/validation/random/length_26/candidate_00_center.npy",
      "results/sticky_lab/sentence_t5_base/mode3_v4/validation/random/length_26/candidate_01_center.npy",
      "results/sticky_lab/sentence_t5_base/mode3_v4/validation/random/length_26/candidate_02_center.npy",
      "results/sticky_lab/sentence_t5_base/mode3_v4/validation/random/length_26/candidate_03_center.npy",
      "results/sticky_lab/sentence_t5_base/mode3_v4/validation/random/length_26/candidate_04_center.npy",
      "results/sticky_lab/sentence_t5_base/mode3_v4/validation/random/length_26/candidate_05_center.npy",
      "results/sticky_lab/sentence_t5_base/mode3_v4/validation/random/length_26/candidate_06_center.npy",
      "results/sticky_lab/sentence_t5_base/mode3_v4/validation/random/length_26/candidate_07_center.npy",
      "results/sticky_lab/sentence_t5_base/mode3_v4/validation/random/length_26/candidates.csv",
      "results/sticky_lab/sentence_t5_base/mode3_v4/validation/random/length_26/random_baseline.json",
      "results/sticky_lab/sentence_t5_base/mode3_v4/validation/random/length_26/summary.json",
      "results/sticky_lab/sentence_t5_base/mode3_v4/validation/random/length_27/candidate_00_center.npy",
      "results/sticky_lab/sentence_t5_base/mode3_v4/validation/random/length_27/candidate_01_center.npy",
      "results/sticky_lab/sentence_t5_base/mode3_v4/validation/random/length_27/candidate_02_center.npy",
      "results/sticky_lab/sentence_t5_base/mode3_v4/validation/random/length_27/candidate_03_center.npy",
      "results/sticky_lab/sentence_t5_base/mode3_v4/validation/random/length_27/candidate_04_center.npy",
      "results/sticky_lab/sentence_t5_base/mode3_v4/validation/random/length_27/candidate_05_center.npy",
      "results/sticky_lab/sentence_t5_base/mode3_v4/validation/random/length_27/candidate_06_center.npy",
      "results/sticky_lab/sentence_t5_base/mode3_v4/validation/random/length_27/candidate_07_center.npy",
      "results/sticky_lab/sentence_t5_base/mode3_v4/validation/random/length_27/candidates.csv",
      "results/sticky_lab/sentence_t5_base/mode3_v4/validation/random/length_27/random_baseline.json",
      "results/sticky_lab/sentence_t5_base/mode3_v4/validation/random/length_27/summary.json",
      "results/sticky_lab/sentence_t5_base/mode3_v4/validation/random/length_28/candidate_00_center.npy",
      "results/sticky_lab/sentence_t5_base/mode3_v4/validation/random/length_28/candidate_01_center.npy",
      "results/sticky_lab/sentence_t5_base/mode3_v4/validation/random/length_28/candidate_02_center.npy",
      "results/sticky_lab/sentence_t5_base/mode3_v4/validation/random/length_28/candidate_03_center.npy",
      "results/sticky_lab/sentence_t5_base/mode3_v4/validation/random/length_28/candidate_04_center.npy",
      "results/sticky_lab/sentence_t5_base/mode3_v4/validation/random/length_28/candidate_05_center.npy",
      "results/sticky_lab/sentence_t5_base/mode3_v4/validation/random/length_28/candidate_06_center.npy",
      "results/sticky_lab/sentence_t5_base/mode3_v4/validation/random/length_28/candidate_07_center.npy",
      "results/sticky_lab/sentence_t5_base/mode3_v4/validation/random/length_28/candidates.csv",
      "results/sticky_lab/sentence_t5_base/mode3_v4/validation/random/length_28/random_baseline.json",
      "results/sticky_lab/sentence_t5_base/mode3_v4/validation/random/length_28/summary.json",
      "results/sticky_lab/sentence_t5_base/mode3_v4/validation/random/length_29/candidate_00_center.npy",
      "results/sticky_lab/sentence_t5_base/mode3_v4/validation/random/length_29/candidate_01_center.npy",
      "results/sticky_lab/sentence_t5_base/mode3_v4/validation/random/length_29/candidate_02_center.npy",
      "results/sticky_lab/sentence_t5_base/mode3_v4/validation/random/length_29/candidate_03_center.npy",
      "results/sticky_lab/sentence_t5_base/mode3_v4/validation/random/length_29/candidate_04_center.npy",
      "results/sticky_lab/sentence_t5_base/mode3_v4/validation/random/length_29/candidate_05_center.npy",
      "results/sticky_lab/sentence_t5_base/mode3_v4/validation/random/length_29/candidate_06_center.npy",
      "results/sticky_lab/sentence_t5_base/mode3_v4/validation/random/length_29/candidate_07_center.npy",
      "results/sticky_lab/sentence_t5_base/mode3_v4/validation/random/length_29/candidates.csv",
      "results/sticky_lab/sentence_t5_base/mode3_v4/validation/random/length_29/random_baseline.json",
      "results/sticky_lab/sentence_t5_base/mode3_v4/validation/random/length_29/summary.json",
      "results/sticky_lab/sentence_t5_base/mode3_v4/validation/random/length_30/candidate_00_center.npy",
      "results/sticky_lab/sentence_t5_base/mode3_v4/validation/random/length_30/candidate_01_center.npy",
      "results/sticky_lab/sentence_t5_base/mode3_v4/validation/random/length_30/candidate_02_center.npy",
      "results/sticky_lab/sentence_t5_base/mode3_v4/validation/random/length_30/candidate_03_center.npy",
      "results/sticky_lab/sentence_t5_base/mode3_v4/validation/random/length_30/candidate_04_center.npy",
      "results/sticky_lab/sentence_t5_base/mode3_v4/validation/random/length_30/candidate_05_center.npy",
      "results/sticky_lab/sentence_t5_base/mode3_v4/validation/random/length_30/candidate_06_center.npy",
      "results/sticky_lab/sentence_t5_base/mode3_v4/validation/random/length_30/candidate_07_center.npy",
      "results/sticky_lab/sentence_t5_base/mode3_v4/validation/random/length_30/candidates.csv",
      "results/sticky_lab/sentence_t5_base/mode3_v4/validation/random/length_30/random_baseline.json",
      "results/sticky_lab/sentence_t5_base/mode3_v4/validation/random/length_30/summary.json",
      "results/sticky_lab/sentence_t5_base/mode3_v4/validation/suffix/length_01/candidate_00_center.npy",
      "results/sticky_lab/sentence_t5_base/mode3_v4/validation/suffix/length_01/candidate_01_center.npy",
      "results/sticky_lab/sentence_t5_base/mode3_v4/validation/suffix/length_01/candidate_02_center.npy",
      "results/sticky_lab/sentence_t5_base/mode3_v4/validation/suffix/length_01/candidate_03_center.npy",
      "results/sticky_lab/sentence_t5_base/mode3_v4/validation/suffix/length_01/candidate_04_center.npy",
      "results/sticky_lab/sentence_t5_base/mode3_v4/validation/suffix/length_01/candidate_05_center.npy",
      "results/sticky_lab/sentence_t5_base/mode3_v4/validation/suffix/length_01/candidate_06_center.npy",
      "results/sticky_lab/sentence_t5_base/mode3_v4/validation/suffix/length_01/candidate_07_center.npy",
      "results/sticky_lab/sentence_t5_base/mode3_v4/validation/suffix/length_01/candidates.csv",
      "results/sticky_lab/sentence_t5_base/mode3_v4/validation/suffix/length_01/random_baseline.json",
      "results/sticky_lab/sentence_t5_base/mode3_v4/validation/suffix/length_01/summary.json",
      "results/sticky_lab/sentence_t5_base/mode3_v4/validation/suffix/length_02/candidate_00_center.npy",
      "results/sticky_lab/sentence_t5_base/mode3_v4/validation/suffix/length_02/candidate_01_center.npy",
      "results/sticky_lab/sentence_t5_base/mode3_v4/validation/suffix/length_02/candidate_02_center.npy",
      "results/sticky_lab/sentence_t5_base/mode3_v4/validation/suffix/length_02/candidate_03_center.npy",
      "results/sticky_lab/sentence_t5_base/mode3_v4/validation/suffix/length_02/candidate_04_center.npy",
      "results/sticky_lab/sentence_t5_base/mode3_v4/validation/suffix/length_02/candidate_05_center.npy",
      "results/sticky_lab/sentence_t5_base/mode3_v4/validation/suffix/length_02/candidate_06_center.npy",
      "results/sticky_lab/sentence_t5_base/mode3_v4/validation/suffix/length_02/candidate_07_center.npy",
      "results/sticky_lab/sentence_t5_base/mode3_v4/validation/suffix/length_02/candidates.csv",
      "results/sticky_lab/sentence_t5_base/mode3_v4/validation/suffix/length_02/random_baseline.json",
      "results/sticky_lab/sentence_t5_base/mode3_v4/validation/suffix/length_02/summary.json",
      "results/sticky_lab/sentence_t5_base/mode3_v4/validation/suffix/length_03/candidate_00_center.npy",
      "results/sticky_lab/sentence_t5_base/mode3_v4/validation/suffix/length_03/candidate_01_center.npy",
      "results/sticky_lab/sentence_t5_base/mode3_v4/validation/suffix/length_03/candidate_02_center.npy",
      "results/sticky_lab/sentence_t5_base/mode3_v4/validation/suffix/length_03/candidate_03_center.npy",
      "results/sticky_lab/sentence_t5_base/mode3_v4/validation/suffix/length_03/candidate_04_center.npy",
      "results/sticky_lab/sentence_t5_base/mode3_v4/validation/suffix/length_03/candidate_05_center.npy",
      "results/sticky_lab/sentence_t5_base/mode3_v4/validation/suffix/length_03/candidate_06_center.npy",
      "results/sticky_lab/sentence_t5_base/mode3_v4/validation/suffix/length_03/candidate_07_center.npy",
      "results/sticky_lab/sentence_t5_base/mode3_v4/validation/suffix/length_03/candidates.csv",
      "results/sticky_lab/sentence_t5_base/mode3_v4/validation/suffix/length_03/random_baseline.json",
      "results/sticky_lab/sentence_t5_base/mode3_v4/validation/suffix/length_03/summary.json",
      "results/sticky_lab/sentence_t5_base/mode3_v4/validation/suffix/length_04/candidate_00_center.npy",
      "results/sticky_lab/sentence_t5_base/mode3_v4/validation/suffix/length_04/candidate_01_center.npy",
      "results/sticky_lab/sentence_t5_base/mode3_v4/validation/suffix/length_04/candidate_02_center.npy",
      "results/sticky_lab/sentence_t5_base/mode3_v4/validation/suffix/length_04/candidate_03_center.npy",
      "results/sticky_lab/sentence_t5_base/mode3_v4/validation/suffix/length_04/candidate_04_center.npy",
      "results/sticky_lab/sentence_t5_base/mode3_v4/validation/suffix/length_04/candidate_05_center.npy",
      "results/sticky_lab/sentence_t5_base/mode3_v4/validation/suffix/length_04/candidate_06_center.npy",
      "results/sticky_lab/sentence_t5_base/mode3_v4/validation/suffix/length_04/candidate_07_center.npy",
      "results/sticky_lab/sentence_t5_base/mode3_v4/validation/suffix/length_04/candidates.csv",
      "results/sticky_lab/sentence_t5_base/mode3_v4/validation/suffix/length_04/random_baseline.json",
      "results/sticky_lab/sentence_t5_base/mode3_v4/validation/suffix/length_04/summary.json",
      "results/sticky_lab/sentence_t5_base/mode3_v4/validation/suffix/length_05/candidate_00_center.npy",
      "results/sticky_lab/sentence_t5_base/mode3_v4/validation/suffix/length_05/candidate_01_center.npy",
      "results/sticky_lab/sentence_t5_base/mode3_v4/validation/suffix/length_05/candidate_02_center.npy",
      "results/sticky_lab/sentence_t5_base/mode3_v4/validation/suffix/length_05/candidate_03_center.npy",
      "results/sticky_lab/sentence_t5_base/mode3_v4/validation/suffix/length_05/candidate_04_center.npy",
      "results/sticky_lab/sentence_t5_base/mode3_v4/validation/suffix/length_05/candidate_05_center.npy",
      "results/sticky_lab/sentence_t5_base/mode3_v4/validation/suffix/length_05/candidate_06_center.npy",
      "results/sticky_lab/sentence_t5_base/mode3_v4/validation/suffix/length_05/candidate_07_center.npy",
      "results/sticky_lab/sentence_t5_base/mode3_v4/validation/suffix/length_05/candidates.csv",
      "results/sticky_lab/sentence_t5_base/mode3_v4/validation/suffix/length_05/random_baseline.json",
      "results/sticky_lab/sentence_t5_base/mode3_v4/validation/suffix/length_05/summary.json",
      "results/sticky_lab/sentence_t5_base/mode3_v4/validation/suffix/length_06/candidate_00_center.npy",
      "results/sticky_lab/sentence_t5_base/mode3_v4/validation/suffix/length_06/candidate_01_center.npy",
      "results/sticky_lab/sentence_t5_base/mode3_v4/validation/suffix/length_06/candidate_02_center.npy",
      "results/sticky_lab/sentence_t5_base/mode3_v4/validation/suffix/length_06/candidate_03_center.npy",
      "results/sticky_lab/sentence_t5_base/mode3_v4/validation/suffix/length_06/candidate_04_center.npy",
      "results/sticky_lab/sentence_t5_base/mode3_v4/validation/suffix/length_06/candidate_05_center.npy",
      "results/sticky_lab/sentence_t5_base/mode3_v4/validation/suffix/length_06/candidate_06_center.npy",
      "results/sticky_lab/sentence_t5_base/mode3_v4/validation/suffix/length_06/candidate_07_center.npy",
      "results/sticky_lab/sentence_t5_base/mode3_v4/validation/suffix/length_06/candidates.csv",
      "results/sticky_lab/sentence_t5_base/mode3_v4/validation/suffix/length_06/random_baseline.json",
      "results/sticky_lab/sentence_t5_base/mode3_v4/validation/suffix/length_06/summary.json",
      "results/sticky_lab/sentence_t5_base/mode3_v4/validation/suffix/length_07/candidate_00_center.npy",
      "results/sticky_lab/sentence_t5_base/mode3_v4/validation/suffix/length_07/candidate_01_center.npy",
      "results/sticky_lab/sentence_t5_base/mode3_v4/validation/suffix/length_07/candidate_02_center.npy",
      "results/sticky_lab/sentence_t5_base/mode3_v4/validation/suffix/length_07/candidate_03_center.npy",
      "results/sticky_lab/sentence_t5_base/mode3_v4/validation/suffix/length_07/candidate_04_center.npy",
      "results/sticky_lab/sentence_t5_base/mode3_v4/validation/suffix/length_07/candidate_05_center.npy",
      "results/sticky_lab/sentence_t5_base/mode3_v4/validation/suffix/length_07/candidate_06_center.npy",
      "results/sticky_lab/sentence_t5_base/mode3_v4/validation/suffix/length_07/candidate_07_center.npy",
      "results/sticky_lab/sentence_t5_base/mode3_v4/validation/suffix/length_07/candidates.csv",
      "results/sticky_lab/sentence_t5_base/mode3_v4/validation/suffix/length_07/random_baseline.json",
      "results/sticky_lab/sentence_t5_base/mode3_v4/validation/suffix/length_07/summary.json",
      "results/sticky_lab/sentence_t5_base/mode3_v4/validation/suffix/length_08/candidate_00_center.npy",
      "results/sticky_lab/sentence_t5_base/mode3_v4/validation/suffix/length_08/candidate_01_center.npy",
      "results/sticky_lab/sentence_t5_base/mode3_v4/validation/suffix/length_08/candidate_02_center.npy",
      "results/sticky_lab/sentence_t5_base/mode3_v4/validation/suffix/length_08/candidate_03_center.npy",
      "results/sticky_lab/sentence_t5_base/mode3_v4/validation/suffix/length_08/candidate_04_center.npy",
      "results/sticky_lab/sentence_t5_base/mode3_v4/validation/suffix/length_08/candidate_05_center.npy",
      "results/sticky_lab/sentence_t5_base/mode3_v4/validation/suffix/length_08/candidate_06_center.npy",
      "results/sticky_lab/sentence_t5_base/mode3_v4/validation/suffix/length_08/candidate_07_center.npy",
      "results/sticky_lab/sentence_t5_base/mode3_v4/validation/suffix/length_08/candidates.csv",
      "results/sticky_lab/sentence_t5_base/mode3_v4/validation/suffix/length_08/random_baseline.json",
      "results/sticky_lab/sentence_t5_base/mode3_v4/validation/suffix/length_08/summary.json",
      "results/sticky_lab/sentence_t5_base/mode3_v4/validation/suffix/length_09/candidate_00_center.npy",
      "results/sticky_lab/sentence_t5_base/mode3_v4/validation/suffix/length_09/candidate_01_center.npy",
      "results/sticky_lab/sentence_t5_base/mode3_v4/validation/suffix/length_09/candidate_02_center.npy",
      "results/sticky_lab/sentence_t5_base/mode3_v4/validation/suffix/length_09/candidate_03_center.npy",
      "results/sticky_lab/sentence_t5_base/mode3_v4/validation/suffix/length_09/candidate_04_center.npy",
      "results/sticky_lab/sentence_t5_base/mode3_v4/validation/suffix/length_09/candidate_05_center.npy",
      "results/sticky_lab/sentence_t5_base/mode3_v4/validation/suffix/length_09/candidate_06_center.npy",
      "results/sticky_lab/sentence_t5_base/mode3_v4/validation/suffix/length_09/candidate_07_center.npy",
      "results/sticky_lab/sentence_t5_base/mode3_v4/validation/suffix/length_09/candidates.csv",
      "results/sticky_lab/sentence_t5_base/mode3_v4/validation/suffix/length_09/random_baseline.json",
      "results/sticky_lab/sentence_t5_base/mode3_v4/validation/suffix/length_09/summary.json",
      "results/sticky_lab/sentence_t5_base/mode3_v4/validation/suffix/length_10/candidate_00_center.npy",
      "results/sticky_lab/sentence_t5_base/mode3_v4/validation/suffix/length_10/candidate_01_center.npy",
      "results/sticky_lab/sentence_t5_base/mode3_v4/validation/suffix/length_10/candidate_02_center.npy",
      "results/sticky_lab/sentence_t5_base/mode3_v4/validation/suffix/length_10/candidate_03_center.npy",
      "results/sticky_lab/sentence_t5_base/mode3_v4/validation/suffix/length_10/candidate_04_center.npy",
      "results/sticky_lab/sentence_t5_base/mode3_v4/validation/suffix/length_10/candidate_05_center.npy",
      "results/sticky_lab/sentence_t5_base/mode3_v4/validation/suffix/length_10/candidate_06_center.npy",
      "results/sticky_lab/sentence_t5_base/mode3_v4/validation/suffix/length_10/candidate_07_center.npy",
      "results/sticky_lab/sentence_t5_base/mode3_v4/validation/suffix/length_10/candidates.csv",
      "results/sticky_lab/sentence_t5_base/mode3_v4/validation/suffix/length_10/random_baseline.json",
      "results/sticky_lab/sentence_t5_base/mode3_v4/validation/suffix/length_10/summary.json",
      "results/sticky_lab/sentence_t5_base/mode3_v4/validation/suffix/length_11/candidate_00_center.npy",
      "results/sticky_lab/sentence_t5_base/mode3_v4/validation/suffix/length_11/candidate_01_center.npy",
      "results/sticky_lab/sentence_t5_base/mode3_v4/validation/suffix/length_11/candidate_02_center.npy",
      "results/sticky_lab/sentence_t5_base/mode3_v4/validation/suffix/length_11/candidate_03_center.npy",
      "results/sticky_lab/sentence_t5_base/mode3_v4/validation/suffix/length_11/candidate_04_center.npy",
      "results/sticky_lab/sentence_t5_base/mode3_v4/validation/suffix/length_11/candidate_05_center.npy",
      "results/sticky_lab/sentence_t5_base/mode3_v4/validation/suffix/length_11/candidate_06_center.npy",
      "results/sticky_lab/sentence_t5_base/mode3_v4/validation/suffix/length_11/candidate_07_center.npy",
      "results/sticky_lab/sentence_t5_base/mode3_v4/validation/suffix/length_11/candidates.csv",
      "results/sticky_lab/sentence_t5_base/mode3_v4/validation/suffix/length_11/random_baseline.json",
      "results/sticky_lab/sentence_t5_base/mode3_v4/validation/suffix/length_11/summary.json",
      "results/sticky_lab/sentence_t5_base/mode3_v4/validation/suffix/length_12/candidate_00_center.npy",
      "results/sticky_lab/sentence_t5_base/mode3_v4/validation/suffix/length_12/candidate_01_center.npy",
      "results/sticky_lab/sentence_t5_base/mode3_v4/validation/suffix/length_12/candidate_02_center.npy",
      "results/sticky_lab/sentence_t5_base/mode3_v4/validation/suffix/length_12/candidate_03_center.npy",
      "results/sticky_lab/sentence_t5_base/mode3_v4/validation/suffix/length_12/candidate_04_center.npy",
      "results/sticky_lab/sentence_t5_base/mode3_v4/validation/suffix/length_12/candidate_05_center.npy",
      "results/sticky_lab/sentence_t5_base/mode3_v4/validation/suffix/length_12/candidate_06_center.npy",
      "results/sticky_lab/sentence_t5_base/mode3_v4/validation/suffix/length_12/candidate_07_center.npy",
      "results/sticky_lab/sentence_t5_base/mode3_v4/validation/suffix/length_12/candidates.csv",
      "results/sticky_lab/sentence_t5_base/mode3_v4/validation/suffix/length_12/random_baseline.json",
      "results/sticky_lab/sentence_t5_base/mode3_v4/validation/suffix/length_12/summary.json",
      "results/sticky_lab/sentence_t5_base/mode3_v4/validation/suffix/length_13/candidate_00_center.npy",
      "results/sticky_lab/sentence_t5_base/mode3_v4/validation/suffix/length_13/candidate_01_center.npy",
      "results/sticky_lab/sentence_t5_base/mode3_v4/validation/suffix/length_13/candidate_02_center.npy",
      "results/sticky_lab/sentence_t5_base/mode3_v4/validation/suffix/length_13/candidate_03_center.npy",
      "results/sticky_lab/sentence_t5_base/mode3_v4/validation/suffix/length_13/candidate_04_center.npy",
      "results/sticky_lab/sentence_t5_base/mode3_v4/validation/suffix/length_13/candidate_05_center.npy",
      "results/sticky_lab/sentence_t5_base/mode3_v4/validation/suffix/length_13/candidate_06_center.npy",
      "results/sticky_lab/sentence_t5_base/mode3_v4/validation/suffix/length_13/candidate_07_center.npy",
      "results/sticky_lab/sentence_t5_base/mode3_v4/validation/suffix/length_13/candidates.csv",
      "results/sticky_lab/sentence_t5_base/mode3_v4/validation/suffix/length_13/random_baseline.json",
      "results/sticky_lab/sentence_t5_base/mode3_v4/validation/suffix/length_13/summary.json",
      "results/sticky_lab/sentence_t5_base/mode3_v4/validation/suffix/length_14/candidate_00_center.npy",
      "results/sticky_lab/sentence_t5_base/mode3_v4/validation/suffix/length_14/candidate_01_center.npy",
      "results/sticky_lab/sentence_t5_base/mode3_v4/validation/suffix/length_14/candidate_02_center.npy",
      "results/sticky_lab/sentence_t5_base/mode3_v4/validation/suffix/length_14/candidate_03_center.npy",
      "results/sticky_lab/sentence_t5_base/mode3_v4/validation/suffix/length_14/candidate_04_center.npy",
      "results/sticky_lab/sentence_t5_base/mode3_v4/validation/suffix/length_14/candidate_05_center.npy",
      "results/sticky_lab/sentence_t5_base/mode3_v4/validation/suffix/length_14/candidate_06_center.npy",
      "results/sticky_lab/sentence_t5_base/mode3_v4/validation/suffix/length_14/candidate_07_center.npy",
      "results/sticky_lab/sentence_t5_base/mode3_v4/validation/suffix/length_14/candidates.csv",
      "results/sticky_lab/sentence_t5_base/mode3_v4/validation/suffix/length_14/random_baseline.json",
      "results/sticky_lab/sentence_t5_base/mode3_v4/validation/suffix/length_14/summary.json",
      "results/sticky_lab/sentence_t5_base/mode3_v4/validation/suffix/length_15/candidate_00_center.npy",
      "results/sticky_lab/sentence_t5_base/mode3_v4/validation/suffix/length_15/candidate_01_center.npy",
      "results/sticky_lab/sentence_t5_base/mode3_v4/validation/suffix/length_15/candidate_02_center.npy",
      "results/sticky_lab/sentence_t5_base/mode3_v4/validation/suffix/length_15/candidate_03_center.npy",
      "results/sticky_lab/sentence_t5_base/mode3_v4/validation/suffix/length_15/candidate_04_center.npy",
      "results/sticky_lab/sentence_t5_base/mode3_v4/validation/suffix/length_15/candidate_05_center.npy",
      "results/sticky_lab/sentence_t5_base/mode3_v4/validation/suffix/length_15/candidate_06_center.npy",
      "results/sticky_lab/sentence_t5_base/mode3_v4/validation/suffix/length_15/candidate_07_center.npy",
      "results/sticky_lab/sentence_t5_base/mode3_v4/validation/suffix/length_15/candidates.csv",
      "results/sticky_lab/sentence_t5_base/mode3_v4/validation/suffix/length_15/random_baseline.json",
      "results/sticky_lab/sentence_t5_base/mode3_v4/validation/suffix/length_15/summary.json",
      "results/sticky_lab/sentence_t5_base/mode3_v4/validation/suffix/length_16/candidate_00_center.npy",
      "results/sticky_lab/sentence_t5_base/mode3_v4/validation/suffix/length_16/candidate_01_center.npy",
      "results/sticky_lab/sentence_t5_base/mode3_v4/validation/suffix/length_16/candidate_02_center.npy",
      "results/sticky_lab/sentence_t5_base/mode3_v4/validation/suffix/length_16/candidate_03_center.npy",
      "results/sticky_lab/sentence_t5_base/mode3_v4/validation/suffix/length_16/candidate_04_center.npy",
      "results/sticky_lab/sentence_t5_base/mode3_v4/validation/suffix/length_16/candidate_05_center.npy",
      "results/sticky_lab/sentence_t5_base/mode3_v4/validation/suffix/length_16/candidate_06_center.npy",
      "results/sticky_lab/sentence_t5_base/mode3_v4/validation/suffix/length_16/candidate_07_center.npy",
      "results/sticky_lab/sentence_t5_base/mode3_v4/validation/suffix/length_16/candidates.csv",
      "results/sticky_lab/sentence_t5_base/mode3_v4/validation/suffix/length_16/random_baseline.json",
      "results/sticky_lab/sentence_t5_base/mode3_v4/validation/suffix/length_16/summary.json",
      "results/sticky_lab/sentence_t5_base/mode3_v4/validation/suffix/length_17/candidate_00_center.npy",
      "results/sticky_lab/sentence_t5_base/mode3_v4/validation/suffix/length_17/candidate_01_center.npy",
      "results/sticky_lab/sentence_t5_base/mode3_v4/validation/suffix/length_17/candidate_02_center.npy",
      "results/sticky_lab/sentence_t5_base/mode3_v4/validation/suffix/length_17/candidate_03_center.npy",
      "results/sticky_lab/sentence_t5_base/mode3_v4/validation/suffix/length_17/candidate_04_center.npy",
      "results/sticky_lab/sentence_t5_base/mode3_v4/validation/suffix/length_17/candidate_05_center.npy",
      "results/sticky_lab/sentence_t5_base/mode3_v4/validation/suffix/length_17/candidate_06_center.npy",
      "results/sticky_lab/sentence_t5_base/mode3_v4/validation/suffix/length_17/candidate_07_center.npy",
      "results/sticky_lab/sentence_t5_base/mode3_v4/validation/suffix/length_17/candidates.csv",
      "results/sticky_lab/sentence_t5_base/mode3_v4/validation/suffix/length_17/random_baseline.json",
      "results/sticky_lab/sentence_t5_base/mode3_v4/validation/suffix/length_17/summary.json",
      "results/sticky_lab/sentence_t5_base/mode3_v4/validation/suffix/length_18/candidate_00_center.npy",
      "results/sticky_lab/sentence_t5_base/mode3_v4/validation/suffix/length_18/candidate_01_center.npy",
      "results/sticky_lab/sentence_t5_base/mode3_v4/validation/suffix/length_18/candidate_02_center.npy",
      "results/sticky_lab/sentence_t5_base/mode3_v4/validation/suffix/length_18/candidate_03_center.npy",
      "results/sticky_lab/sentence_t5_base/mode3_v4/validation/suffix/length_18/candidate_04_center.npy",
      "results/sticky_lab/sentence_t5_base/mode3_v4/validation/suffix/length_18/candidate_05_center.npy",
      "results/sticky_lab/sentence_t5_base/mode3_v4/validation/suffix/length_18/candidate_06_center.npy",
      "results/sticky_lab/sentence_t5_base/mode3_v4/validation/suffix/length_18/candidate_07_center.npy",
      "results/sticky_lab/sentence_t5_base/mode3_v4/validation/suffix/length_18/candidates.csv",
      "results/sticky_lab/sentence_t5_base/mode3_v4/validation/suffix/length_18/random_baseline.json",
      "results/sticky_lab/sentence_t5_base/mode3_v4/validation/suffix/length_18/summary.json",
      "results/sticky_lab/sentence_t5_base/mode3_v4/validation/suffix/length_19/candidate_00_center.npy",
      "results/sticky_lab/sentence_t5_base/mode3_v4/validation/suffix/length_19/candidate_01_center.npy",
      "results/sticky_lab/sentence_t5_base/mode3_v4/validation/suffix/length_19/candidate_02_center.npy",
      "results/sticky_lab/sentence_t5_base/mode3_v4/validation/suffix/length_19/candidate_03_center.npy",
      "results/sticky_lab/sentence_t5_base/mode3_v4/validation/suffix/length_19/candidate_04_center.npy",
      "results/sticky_lab/sentence_t5_base/mode3_v4/validation/suffix/length_19/candidate_05_center.npy",
      "results/sticky_lab/sentence_t5_base/mode3_v4/validation/suffix/length_19/candidate_06_center.npy",
      "results/sticky_lab/sentence_t5_base/mode3_v4/validation/suffix/length_19/candidate_07_center.npy",
      "results/sticky_lab/sentence_t5_base/mode3_v4/validation/suffix/length_19/candidates.csv",
      "results/sticky_lab/sentence_t5_base/mode3_v4/validation/suffix/length_19/random_baseline.json",
      "results/sticky_lab/sentence_t5_base/mode3_v4/validation/suffix/length_19/summary.json",
      "results/sticky_lab/sentence_t5_base/mode3_v4/validation/suffix/length_20/candidate_00_center.npy",
      "results/sticky_lab/sentence_t5_base/mode3_v4/validation/suffix/length_20/candidate_01_center.npy",
      "results/sticky_lab/sentence_t5_base/mode3_v4/validation/suffix/length_20/candidate_02_center.npy",
      "results/sticky_lab/sentence_t5_base/mode3_v4/validation/suffix/length_20/candidate_03_center.npy",
      "results/sticky_lab/sentence_t5_base/mode3_v4/validation/suffix/length_20/candidate_04_center.npy",
      "results/sticky_lab/sentence_t5_base/mode3_v4/validation/suffix/length_20/candidate_05_center.npy",
      "results/sticky_lab/sentence_t5_base/mode3_v4/validation/suffix/length_20/candidate_06_center.npy",
      "results/sticky_lab/sentence_t5_base/mode3_v4/validation/suffix/length_20/candidate_07_center.npy",
      "results/sticky_lab/sentence_t5_base/mode3_v4/validation/suffix/length_20/candidates.csv",
      "results/sticky_lab/sentence_t5_base/mode3_v4/validation/suffix/length_20/random_baseline.json",
      "results/sticky_lab/sentence_t5_base/mode3_v4/validation/suffix/length_20/summary.json",
      "results/sticky_lab/sentence_t5_base/mode3_v4/validation/suffix/length_21/candidate_00_center.npy",
      "results/sticky_lab/sentence_t5_base/mode3_v4/validation/suffix/length_21/candidate_01_center.npy",
      "results/sticky_lab/sentence_t5_base/mode3_v4/validation/suffix/length_21/candidate_02_center.npy",
      "results/sticky_lab/sentence_t5_base/mode3_v4/validation/suffix/length_21/candidate_03_center.npy",
      "results/sticky_lab/sentence_t5_base/mode3_v4/validation/suffix/length_21/candidate_04_center.npy",
      "results/sticky_lab/sentence_t5_base/mode3_v4/validation/suffix/length_21/candidate_05_center.npy",
      "results/sticky_lab/sentence_t5_base/mode3_v4/validation/suffix/length_21/candidate_06_center.npy",
      "results/sticky_lab/sentence_t5_base/mode3_v4/validation/suffix/length_21/candidate_07_center.npy",
      "results/sticky_lab/sentence_t5_base/mode3_v4/validation/suffix/length_21/candidates.csv",
      "results/sticky_lab/sentence_t5_base/mode3_v4/validation/suffix/length_21/random_baseline.json",
      "results/sticky_lab/sentence_t5_base/mode3_v4/validation/suffix/length_21/summary.json",
      "results/sticky_lab/sentence_t5_base/mode3_v4/validation/suffix/length_22/candidate_00_center.npy",
      "results/sticky_lab/sentence_t5_base/mode3_v4/validation/suffix/length_22/candidate_01_center.npy",
      "results/sticky_lab/sentence_t5_base/mode3_v4/validation/suffix/length_22/candidate_02_center.npy",
      "results/sticky_lab/sentence_t5_base/mode3_v4/validation/suffix/length_22/candidate_03_center.npy",
      "results/sticky_lab/sentence_t5_base/mode3_v4/validation/suffix/length_22/candidate_04_center.npy",
      "results/sticky_lab/sentence_t5_base/mode3_v4/validation/suffix/length_22/candidate_05_center.npy",
      "results/sticky_lab/sentence_t5_base/mode3_v4/validation/suffix/length_22/candidate_06_center.npy",
      "results/sticky_lab/sentence_t5_base/mode3_v4/validation/suffix/length_22/candidate_07_center.npy",
      "results/sticky_lab/sentence_t5_base/mode3_v4/validation/suffix/length_22/candidates.csv",
      "results/sticky_lab/sentence_t5_base/mode3_v4/validation/suffix/length_22/random_baseline.json",
      "results/sticky_lab/sentence_t5_base/mode3_v4/validation/suffix/length_22/summary.json",
      "results/sticky_lab/sentence_t5_base/mode3_v4/validation/suffix/length_23/candidate_00_center.npy",
      "results/sticky_lab/sentence_t5_base/mode3_v4/validation/suffix/length_23/candidate_01_center.npy",
      "results/sticky_lab/sentence_t5_base/mode3_v4/validation/suffix/length_23/candidate_02_center.npy",
      "results/sticky_lab/sentence_t5_base/mode3_v4/validation/suffix/length_23/candidate_03_center.npy",
      "results/sticky_lab/sentence_t5_base/mode3_v4/validation/suffix/length_23/candidate_04_center.npy",
      "results/sticky_lab/sentence_t5_base/mode3_v4/validation/suffix/length_23/candidate_05_center.npy",
      "results/sticky_lab/sentence_t5_base/mode3_v4/validation/suffix/length_23/candidate_06_center.npy",
      "results/sticky_lab/sentence_t5_base/mode3_v4/validation/suffix/length_23/candidate_07_center.npy",
      "results/sticky_lab/sentence_t5_base/mode3_v4/validation/suffix/length_23/candidates.csv",
      "results/sticky_lab/sentence_t5_base/mode3_v4/validation/suffix/length_23/random_baseline.json",
      "results/sticky_lab/sentence_t5_base/mode3_v4/validation/suffix/length_23/summary.json",
      "results/sticky_lab/sentence_t5_base/mode3_v4/validation/suffix/length_24/candidate_00_center.npy",
      "results/sticky_lab/sentence_t5_base/mode3_v4/validation/suffix/length_24/candidate_01_center.npy",
      "results/sticky_lab/sentence_t5_base/mode3_v4/validation/suffix/length_24/candidate_02_center.npy",
      "results/sticky_lab/sentence_t5_base/mode3_v4/validation/suffix/length_24/candidate_03_center.npy",
      "results/sticky_lab/sentence_t5_base/mode3_v4/validation/suffix/length_24/candidate_04_center.npy",
      "results/sticky_lab/sentence_t5_base/mode3_v4/validation/suffix/length_24/candidate_05_center.npy",
      "results/sticky_lab/sentence_t5_base/mode3_v4/validation/suffix/length_24/candidate_06_center.npy",
      "results/sticky_lab/sentence_t5_base/mode3_v4/validation/suffix/length_24/candidate_07_center.npy",
      "results/sticky_lab/sentence_t5_base/mode3_v4/validation/suffix/length_24/candidates.csv",
      "results/sticky_lab/sentence_t5_base/mode3_v4/validation/suffix/length_24/random_baseline.json",
      "results/sticky_lab/sentence_t5_base/mode3_v4/validation/suffix/length_24/summary.json",
      "results/sticky_lab/sentence_t5_base/mode3_v4/validation/suffix/length_25/candidate_00_center.npy",
      "results/sticky_lab/sentence_t5_base/mode3_v4/validation/suffix/length_25/candidate_01_center.npy",
      "results/sticky_lab/sentence_t5_base/mode3_v4/validation/suffix/length_25/candidate_02_center.npy",
      "results/sticky_lab/sentence_t5_base/mode3_v4/validation/suffix/length_25/candidate_03_center.npy",
      "results/sticky_lab/sentence_t5_base/mode3_v4/validation/suffix/length_25/candidate_04_center.npy",
      "results/sticky_lab/sentence_t5_base/mode3_v4/validation/suffix/length_25/candidate_05_center.npy",
      "results/sticky_lab/sentence_t5_base/mode3_v4/validation/suffix/length_25/candidate_06_center.npy",
      "results/sticky_lab/sentence_t5_base/mode3_v4/validation/suffix/length_25/candidate_07_center.npy",
      "results/sticky_lab/sentence_t5_base/mode3_v4/validation/suffix/length_25/candidates.csv",
      "results/sticky_lab/sentence_t5_base/mode3_v4/validation/suffix/length_25/random_baseline.json",
      "results/sticky_lab/sentence_t5_base/mode3_v4/validation/suffix/length_25/summary.json",
      "results/sticky_lab/sentence_t5_base/mode3_v4/validation/suffix/length_26/candidate_00_center.npy",
      "results/sticky_lab/sentence_t5_base/mode3_v4/validation/suffix/length_26/candidate_01_center.npy",
      "results/sticky_lab/sentence_t5_base/mode3_v4/validation/suffix/length_26/candidate_02_center.npy",
      "results/sticky_lab/sentence_t5_base/mode3_v4/validation/suffix/length_26/candidate_03_center.npy",
      "results/sticky_lab/sentence_t5_base/mode3_v4/validation/suffix/length_26/candidate_04_center.npy",
      "results/sticky_lab/sentence_t5_base/mode3_v4/validation/suffix/length_26/candidate_05_center.npy",
      "results/sticky_lab/sentence_t5_base/mode3_v4/validation/suffix/length_26/candidate_06_center.npy",
      "results/sticky_lab/sentence_t5_base/mode3_v4/validation/suffix/length_26/candidate_07_center.npy",
      "results/sticky_lab/sentence_t5_base/mode3_v4/validation/suffix/length_26/candidates.csv",
      "results/sticky_lab/sentence_t5_base/mode3_v4/validation/suffix/length_26/random_baseline.json",
      "results/sticky_lab/sentence_t5_base/mode3_v4/validation/suffix/length_26/summary.json",
      "results/sticky_lab/sentence_t5_base/mode3_v4/validation/suffix/length_27/candidate_00_center.npy",
      "results/sticky_lab/sentence_t5_base/mode3_v4/validation/suffix/length_27/candidate_01_center.npy",
      "results/sticky_lab/sentence_t5_base/mode3_v4/validation/suffix/length_27/candidate_02_center.npy",
      "results/sticky_lab/sentence_t5_base/mode3_v4/validation/suffix/length_27/candidate_03_center.npy",
      "results/sticky_lab/sentence_t5_base/mode3_v4/validation/suffix/length_27/candidate_04_center.npy",
      "results/sticky_lab/sentence_t5_base/mode3_v4/validation/suffix/length_27/candidate_05_center.npy",
      "results/sticky_lab/sentence_t5_base/mode3_v4/validation/suffix/length_27/candidate_06_center.npy",
      "results/sticky_lab/sentence_t5_base/mode3_v4/validation/suffix/length_27/candidate_07_center.npy",
      "results/sticky_lab/sentence_t5_base/mode3_v4/validation/suffix/length_27/candidates.csv",
      "results/sticky_lab/sentence_t5_base/mode3_v4/validation/suffix/length_27/random_baseline.json",
      "results/sticky_lab/sentence_t5_base/mode3_v4/validation/suffix/length_27/summary.json",
      "results/sticky_lab/sentence_t5_base/mode3_v4/validation/suffix/length_28/candidate_00_center.npy",
      "results/sticky_lab/sentence_t5_base/mode3_v4/validation/suffix/length_28/candidate_01_center.npy",
      "results/sticky_lab/sentence_t5_base/mode3_v4/validation/suffix/length_28/candidate_02_center.npy",
      "results/sticky_lab/sentence_t5_base/mode3_v4/validation/suffix/length_28/candidate_03_center.npy",
      "results/sticky_lab/sentence_t5_base/mode3_v4/validation/suffix/length_28/candidate_04_center.npy",
      "results/sticky_lab/sentence_t5_base/mode3_v4/validation/suffix/length_28/candidate_05_center.npy",
      "results/sticky_lab/sentence_t5_base/mode3_v4/validation/suffix/length_28/candidate_06_center.npy",
      "results/sticky_lab/sentence_t5_base/mode3_v4/validation/suffix/length_28/candidate_07_center.npy",
      "results/sticky_lab/sentence_t5_base/mode3_v4/validation/suffix/length_28/candidates.csv",
      "results/sticky_lab/sentence_t5_base/mode3_v4/validation/suffix/length_28/random_baseline.json",
      "results/sticky_lab/sentence_t5_base/mode3_v4/validation/suffix/length_28/summary.json",
      "results/sticky_lab/sentence_t5_base/mode3_v4/validation/suffix/length_29/candidate_00_center.npy",
      "results/sticky_lab/sentence_t5_base/mode3_v4/validation/suffix/length_29/candidate_01_center.npy",
      "results/sticky_lab/sentence_t5_base/mode3_v4/validation/suffix/length_29/candidate_02_center.npy",
      "results/sticky_lab/sentence_t5_base/mode3_v4/validation/suffix/length_29/candidate_03_center.npy",
      "results/sticky_lab/sentence_t5_base/mode3_v4/validation/suffix/length_29/candidate_04_center.npy",
      "results/sticky_lab/sentence_t5_base/mode3_v4/validation/suffix/length_29/candidate_05_center.npy",
      "results/sticky_lab/sentence_t5_base/mode3_v4/validation/suffix/length_29/candidate_06_center.npy",
      "results/sticky_lab/sentence_t5_base/mode3_v4/validation/suffix/length_29/candidate_07_center.npy",
      "results/sticky_lab/sentence_t5_base/mode3_v4/validation/suffix/length_29/candidates.csv",
      "results/sticky_lab/sentence_t5_base/mode3_v4/validation/suffix/length_29/random_baseline.json",
      "results/sticky_lab/sentence_t5_base/mode3_v4/validation/suffix/length_29/summary.json",
      "results/sticky_lab/sentence_t5_base/mode3_v4/validation/suffix/length_30/candidate_00_center.npy",
      "results/sticky_lab/sentence_t5_base/mode3_v4/validation/suffix/length_30/candidate_01_center.npy",
      "results/sticky_lab/sentence_t5_base/mode3_v4/validation/suffix/length_30/candidate_02_center.npy",
      "results/sticky_lab/sentence_t5_base/mode3_v4/validation/suffix/length_30/candidate_03_center.npy",
      "results/sticky_lab/sentence_t5_base/mode3_v4/validation/suffix/length_30/candidate_04_center.npy",
      "results/sticky_lab/sentence_t5_base/mode3_v4/validation/suffix/length_30/candidate_05_center.npy",
      "results/sticky_lab/sentence_t5_base/mode3_v4/validation/suffix/length_30/candidate_06_center.npy",
      "results/sticky_lab/sentence_t5_base/mode3_v4/validation/suffix/length_30/candidate_07_center.npy",
      "results/sticky_lab/sentence_t5_base/mode3_v4/validation/suffix/length_30/candidates.csv",
      "results/sticky_lab/sentence_t5_base/mode3_v4/validation/suffix/length_30/random_baseline.json",
      "results/sticky_lab/sentence_t5_base/mode3_v4/validation/suffix/length_30/summary.json",
      "results/sticky_lab/sentence_t5_base/mode3_v4/validation/universal/length_01/candidate_00_center.npy",
      "results/sticky_lab/sentence_t5_base/mode3_v4/validation/universal/length_01/candidate_01_center.npy",
      "results/sticky_lab/sentence_t5_base/mode3_v4/validation/universal/length_01/candidate_02_center.npy",
      "results/sticky_lab/sentence_t5_base/mode3_v4/validation/universal/length_01/candidate_03_center.npy",
      "results/sticky_lab/sentence_t5_base/mode3_v4/validation/universal/length_01/candidate_04_center.npy",
      "results/sticky_lab/sentence_t5_base/mode3_v4/validation/universal/length_01/candidate_05_center.npy",
      "results/sticky_lab/sentence_t5_base/mode3_v4/validation/universal/length_01/candidate_06_center.npy",
      "results/sticky_lab/sentence_t5_base/mode3_v4/validation/universal/length_01/candidate_07_center.npy",
      "results/sticky_lab/sentence_t5_base/mode3_v4/validation/universal/length_01/candidates.csv",
      "results/sticky_lab/sentence_t5_base/mode3_v4/validation/universal/length_01/random_baseline.json",
      "results/sticky_lab/sentence_t5_base/mode3_v4/validation/universal/length_01/summary.json",
      "results/sticky_lab/sentence_t5_base/mode3_v4/validation/universal/length_02/candidate_00_center.npy",
      "results/sticky_lab/sentence_t5_base/mode3_v4/validation/universal/length_02/candidate_01_center.npy",
      "results/sticky_lab/sentence_t5_base/mode3_v4/validation/universal/length_02/candidate_02_center.npy",
      "results/sticky_lab/sentence_t5_base/mode3_v4/validation/universal/length_02/candidate_03_center.npy",
      "results/sticky_lab/sentence_t5_base/mode3_v4/validation/universal/length_02/candidate_04_center.npy",
      "results/sticky_lab/sentence_t5_base/mode3_v4/validation/universal/length_02/candidate_05_center.npy",
      "results/sticky_lab/sentence_t5_base/mode3_v4/validation/universal/length_02/candidate_06_center.npy",
      "results/sticky_lab/sentence_t5_base/mode3_v4/validation/universal/length_02/candidate_07_center.npy",
      "results/sticky_lab/sentence_t5_base/mode3_v4/validation/universal/length_02/candidates.csv",
      "results/sticky_lab/sentence_t5_base/mode3_v4/validation/universal/length_02/random_baseline.json",
      "results/sticky_lab/sentence_t5_base/mode3_v4/validation/universal/length_02/summary.json",
      "results/sticky_lab/sentence_t5_base/mode3_v4/validation/universal/length_03/candidate_00_center.npy",
      "results/sticky_lab/sentence_t5_base/mode3_v4/validation/universal/length_03/candidate_01_center.npy",
      "results/sticky_lab/sentence_t5_base/mode3_v4/validation/universal/length_03/candidate_02_center.npy",
      "results/sticky_lab/sentence_t5_base/mode3_v4/validation/universal/length_03/candidate_03_center.npy",
      "results/sticky_lab/sentence_t5_base/mode3_v4/validation/universal/length_03/candidate_04_center.npy",
      "results/sticky_lab/sentence_t5_base/mode3_v4/validation/universal/length_03/candidate_05_center.npy",
      "results/sticky_lab/sentence_t5_base/mode3_v4/validation/universal/length_03/candidate_06_center.npy",
      "results/sticky_lab/sentence_t5_base/mode3_v4/validation/universal/length_03/candidate_07_center.npy",
      "results/sticky_lab/sentence_t5_base/mode3_v4/validation/universal/length_03/candidates.csv",
      "results/sticky_lab/sentence_t5_base/mode3_v4/validation/universal/length_03/random_baseline.json",
      "results/sticky_lab/sentence_t5_base/mode3_v4/validation/universal/length_03/summary.json",
      "results/sticky_lab/sentence_t5_base/mode3_v4/validation/universal/length_04/candidate_00_center.npy",
      "results/sticky_lab/sentence_t5_base/mode3_v4/validation/universal/length_04/candidate_01_center.npy",
      "results/sticky_lab/sentence_t5_base/mode3_v4/validation/universal/length_04/candidate_02_center.npy",
      "results/sticky_lab/sentence_t5_base/mode3_v4/validation/universal/length_04/candidate_03_center.npy",
      "results/sticky_lab/sentence_t5_base/mode3_v4/validation/universal/length_04/candidate_04_center.npy",
      "results/sticky_lab/sentence_t5_base/mode3_v4/validation/universal/length_04/candidate_05_center.npy",
      "results/sticky_lab/sentence_t5_base/mode3_v4/validation/universal/length_04/candidate_06_center.npy",
      "results/sticky_lab/sentence_t5_base/mode3_v4/validation/universal/length_04/candidate_07_center.npy",
      "results/sticky_lab/sentence_t5_base/mode3_v4/validation/universal/length_04/candidates.csv",
      "results/sticky_lab/sentence_t5_base/mode3_v4/validation/universal/length_04/random_baseline.json",
      "results/sticky_lab/sentence_t5_base/mode3_v4/validation/universal/length_04/summary.json",
      "results/sticky_lab/sentence_t5_base/mode3_v4/validation/universal/length_05/candidate_00_center.npy",
      "results/sticky_lab/sentence_t5_base/mode3_v4/validation/universal/length_05/candidate_01_center.npy",
      "results/sticky_lab/sentence_t5_base/mode3_v4/validation/universal/length_05/candidate_02_center.npy",
      "results/sticky_lab/sentence_t5_base/mode3_v4/validation/universal/length_05/candidate_03_center.npy",
      "results/sticky_lab/sentence_t5_base/mode3_v4/validation/universal/length_05/candidate_04_center.npy",
      "results/sticky_lab/sentence_t5_base/mode3_v4/validation/universal/length_05/candidate_05_center.npy",
      "results/sticky_lab/sentence_t5_base/mode3_v4/validation/universal/length_05/candidate_06_center.npy",
      "results/sticky_lab/sentence_t5_base/mode3_v4/validation/universal/length_05/candidate_07_center.npy",
      "results/sticky_lab/sentence_t5_base/mode3_v4/validation/universal/length_05/candidates.csv",
      "results/sticky_lab/sentence_t5_base/mode3_v4/validation/universal/length_05/random_baseline.json",
      "results/sticky_lab/sentence_t5_base/mode3_v4/validation/universal/length_05/summary.json",
      "results/sticky_lab/sentence_t5_base/mode3_v4/validation/universal/length_06/candidate_00_center.npy",
      "results/sticky_lab/sentence_t5_base/mode3_v4/validation/universal/length_06/candidate_01_center.npy",
      "results/sticky_lab/sentence_t5_base/mode3_v4/validation/universal/length_06/candidate_02_center.npy",
      "results/sticky_lab/sentence_t5_base/mode3_v4/validation/universal/length_06/candidate_03_center.npy",
      "results/sticky_lab/sentence_t5_base/mode3_v4/validation/universal/length_06/candidate_04_center.npy",
      "results/sticky_lab/sentence_t5_base/mode3_v4/validation/universal/length_06/candidate_05_center.npy",
      "results/sticky_lab/sentence_t5_base/mode3_v4/validation/universal/length_06/candidate_06_center.npy",
      "results/sticky_lab/sentence_t5_base/mode3_v4/validation/universal/length_06/candidate_07_center.npy",
      "results/sticky_lab/sentence_t5_base/mode3_v4/validation/universal/length_06/candidates.csv",
      "results/sticky_lab/sentence_t5_base/mode3_v4/validation/universal/length_06/random_baseline.json",
      "results/sticky_lab/sentence_t5_base/mode3_v4/validation/universal/length_06/summary.json",
      "results/sticky_lab/sentence_t5_base/mode3_v4/validation/universal/length_07/candidate_00_center.npy",
      "results/sticky_lab/sentence_t5_base/mode3_v4/validation/universal/length_07/candidate_01_center.npy",
      "results/sticky_lab/sentence_t5_base/mode3_v4/validation/universal/length_07/candidate_02_center.npy",
      "results/sticky_lab/sentence_t5_base/mode3_v4/validation/universal/length_07/candidate_03_center.npy",
      "results/sticky_lab/sentence_t5_base/mode3_v4/validation/universal/length_07/candidate_04_center.npy",
      "results/sticky_lab/sentence_t5_base/mode3_v4/validation/universal/length_07/candidate_05_center.npy",
      "results/sticky_lab/sentence_t5_base/mode3_v4/validation/universal/length_07/candidate_06_center.npy",
      "results/sticky_lab/sentence_t5_base/mode3_v4/validation/universal/length_07/candidate_07_center.npy",
      "results/sticky_lab/sentence_t5_base/mode3_v4/validation/universal/length_07/candidates.csv",
      "results/sticky_lab/sentence_t5_base/mode3_v4/validation/universal/length_07/random_baseline.json",
      "results/sticky_lab/sentence_t5_base/mode3_v4/validation/universal/length_07/summary.json",
      "results/sticky_lab/sentence_t5_base/mode3_v4/validation/universal/length_08/candidate_00_center.npy",
      "results/sticky_lab/sentence_t5_base/mode3_v4/validation/universal/length_08/candidate_01_center.npy",
      "results/sticky_lab/sentence_t5_base/mode3_v4/validation/universal/length_08/candidate_02_center.npy",
      "results/sticky_lab/sentence_t5_base/mode3_v4/validation/universal/length_08/candidate_03_center.npy",
      "results/sticky_lab/sentence_t5_base/mode3_v4/validation/universal/length_08/candidate_04_center.npy",
      "results/sticky_lab/sentence_t5_base/mode3_v4/validation/universal/length_08/candidate_05_center.npy",
      "results/sticky_lab/sentence_t5_base/mode3_v4/validation/universal/length_08/candidate_06_center.npy",
      "results/sticky_lab/sentence_t5_base/mode3_v4/validation/universal/length_08/candidate_07_center.npy",
      "results/sticky_lab/sentence_t5_base/mode3_v4/validation/universal/length_08/candidates.csv",
      "results/sticky_lab/sentence_t5_base/mode3_v4/validation/universal/length_08/random_baseline.json",
      "results/sticky_lab/sentence_t5_base/mode3_v4/validation/universal/length_08/summary.json",
      "results/sticky_lab/sentence_t5_base/mode3_v4/validation/universal/length_09/candidate_00_center.npy",
      "results/sticky_lab/sentence_t5_base/mode3_v4/validation/universal/length_09/candidate_01_center.npy",
      "results/sticky_lab/sentence_t5_base/mode3_v4/validation/universal/length_09/candidate_02_center.npy",
      "results/sticky_lab/sentence_t5_base/mode3_v4/validation/universal/length_09/candidate_03_center.npy",
      "results/sticky_lab/sentence_t5_base/mode3_v4/validation/universal/length_09/candidate_04_center.npy",
      "results/sticky_lab/sentence_t5_base/mode3_v4/validation/universal/length_09/candidate_05_center.npy",
      "results/sticky_lab/sentence_t5_base/mode3_v4/validation/universal/length_09/candidate_06_center.npy",
      "results/sticky_lab/sentence_t5_base/mode3_v4/validation/universal/length_09/candidate_07_center.npy",
      "results/sticky_lab/sentence_t5_base/mode3_v4/validation/universal/length_09/candidates.csv",
      "results/sticky_lab/sentence_t5_base/mode3_v4/validation/universal/length_09/random_baseline.json",
      "results/sticky_lab/sentence_t5_base/mode3_v4/validation/universal/length_09/summary.json",
      "results/sticky_lab/sentence_t5_base/mode3_v4/validation/universal/length_10/candidate_00_center.npy",
      "results/sticky_lab/sentence_t5_base/mode3_v4/validation/universal/length_10/candidate_01_center.npy",
      "results/sticky_lab/sentence_t5_base/mode3_v4/validation/universal/length_10/candidate_02_center.npy",
      "results/sticky_lab/sentence_t5_base/mode3_v4/validation/universal/length_10/candidate_03_center.npy",
      "results/sticky_lab/sentence_t5_base/mode3_v4/validation/universal/length_10/candidate_04_center.npy",
      "results/sticky_lab/sentence_t5_base/mode3_v4/validation/universal/length_10/candidate_05_center.npy",
      "results/sticky_lab/sentence_t5_base/mode3_v4/validation/universal/length_10/candidate_06_center.npy",
      "results/sticky_lab/sentence_t5_base/mode3_v4/validation/universal/length_10/candidate_07_center.npy",
      "results/sticky_lab/sentence_t5_base/mode3_v4/validation/universal/length_10/candidates.csv",
      "results/sticky_lab/sentence_t5_base/mode3_v4/validation/universal/length_10/random_baseline.json",
      "results/sticky_lab/sentence_t5_base/mode3_v4/validation/universal/length_10/summary.json",
      "results/sticky_lab/sentence_t5_base/mode3_v4/validation/universal/length_11/candidate_00_center.npy",
      "results/sticky_lab/sentence_t5_base/mode3_v4/validation/universal/length_11/candidate_01_center.npy",
      "results/sticky_lab/sentence_t5_base/mode3_v4/validation/universal/length_11/candidate_02_center.npy",
      "results/sticky_lab/sentence_t5_base/mode3_v4/validation/universal/length_11/candidate_03_center.npy",
      "results/sticky_lab/sentence_t5_base/mode3_v4/validation/universal/length_11/candidate_04_center.npy",
      "results/sticky_lab/sentence_t5_base/mode3_v4/validation/universal/length_11/candidate_05_center.npy",
      "results/sticky_lab/sentence_t5_base/mode3_v4/validation/universal/length_11/candidate_06_center.npy",
      "results/sticky_lab/sentence_t5_base/mode3_v4/validation/universal/length_11/candidate_07_center.npy",
      "results/sticky_lab/sentence_t5_base/mode3_v4/validation/universal/length_11/candidates.csv",
      "results/sticky_lab/sentence_t5_base/mode3_v4/validation/universal/length_11/random_baseline.json",
      "results/sticky_lab/sentence_t5_base/mode3_v4/validation/universal/length_11/summary.json",
      "results/sticky_lab/sentence_t5_base/mode3_v4/validation/universal/length_12/candidate_00_center.npy",
      "results/sticky_lab/sentence_t5_base/mode3_v4/validation/universal/length_12/candidate_01_center.npy",
      "results/sticky_lab/sentence_t5_base/mode3_v4/validation/universal/length_12/candidate_02_center.npy",
      "results/sticky_lab/sentence_t5_base/mode3_v4/validation/universal/length_12/candidate_03_center.npy",
      "results/sticky_lab/sentence_t5_base/mode3_v4/validation/universal/length_12/candidate_04_center.npy",
      "results/sticky_lab/sentence_t5_base/mode3_v4/validation/universal/length_12/candidate_05_center.npy",
      "results/sticky_lab/sentence_t5_base/mode3_v4/validation/universal/length_12/candidate_06_center.npy",
      "results/sticky_lab/sentence_t5_base/mode3_v4/validation/universal/length_12/candidate_07_center.npy",
      "results/sticky_lab/sentence_t5_base/mode3_v4/validation/universal/length_12/candidates.csv",
      "results/sticky_lab/sentence_t5_base/mode3_v4/validation/universal/length_12/random_baseline.json",
      "results/sticky_lab/sentence_t5_base/mode3_v4/validation/universal/length_12/summary.json",
      "results/sticky_lab/sentence_t5_base/mode3_v4/validation/universal/length_13/candidate_00_center.npy",
      "results/sticky_lab/sentence_t5_base/mode3_v4/validation/universal/length_13/candidate_01_center.npy",
      "results/sticky_lab/sentence_t5_base/mode3_v4/validation/universal/length_13/candidate_02_center.npy",
      "results/sticky_lab/sentence_t5_base/mode3_v4/validation/universal/length_13/candidate_03_center.npy",
      "results/sticky_lab/sentence_t5_base/mode3_v4/validation/universal/length_13/candidate_04_center.npy",
      "results/sticky_lab/sentence_t5_base/mode3_v4/validation/universal/length_13/candidate_05_center.npy",
      "results/sticky_lab/sentence_t5_base/mode3_v4/validation/universal/length_13/candidate_06_center.npy",
      "results/sticky_lab/sentence_t5_base/mode3_v4/validation/universal/length_13/candidate_07_center.npy",
      "results/sticky_lab/sentence_t5_base/mode3_v4/validation/universal/length_13/candidates.csv",
      "results/sticky_lab/sentence_t5_base/mode3_v4/validation/universal/length_13/random_baseline.json",
      "results/sticky_lab/sentence_t5_base/mode3_v4/validation/universal/length_13/summary.json",
      "results/sticky_lab/sentence_t5_base/mode3_v4/validation/universal/length_14/candidate_00_center.npy",
      "results/sticky_lab/sentence_t5_base/mode3_v4/validation/universal/length_14/candidate_01_center.npy",
      "results/sticky_lab/sentence_t5_base/mode3_v4/validation/universal/length_14/candidate_02_center.npy",
      "results/sticky_lab/sentence_t5_base/mode3_v4/validation/universal/length_14/candidate_03_center.npy",
      "results/sticky_lab/sentence_t5_base/mode3_v4/validation/universal/length_14/candidate_04_center.npy",
      "results/sticky_lab/sentence_t5_base/mode3_v4/validation/universal/length_14/candidate_05_center.npy",
      "results/sticky_lab/sentence_t5_base/mode3_v4/validation/universal/length_14/candidate_06_center.npy",
      "results/sticky_lab/sentence_t5_base/mode3_v4/validation/universal/length_14/candidate_07_center.npy",
      "results/sticky_lab/sentence_t5_base/mode3_v4/validation/universal/length_14/candidates.csv",
      "results/sticky_lab/sentence_t5_base/mode3_v4/validation/universal/length_14/random_baseline.json",
      "results/sticky_lab/sentence_t5_base/mode3_v4/validation/universal/length_14/summary.json",
      "results/sticky_lab/sentence_t5_base/mode3_v4/validation/universal/length_15/candidate_00_center.npy",
      "results/sticky_lab/sentence_t5_base/mode3_v4/validation/universal/length_15/candidate_01_center.npy",
      "results/sticky_lab/sentence_t5_base/mode3_v4/validation/universal/length_15/candidate_02_center.npy",
      "results/sticky_lab/sentence_t5_base/mode3_v4/validation/universal/length_15/candidate_03_center.npy",
      "results/sticky_lab/sentence_t5_base/mode3_v4/validation/universal/length_15/candidate_04_center.npy",
      "results/sticky_lab/sentence_t5_base/mode3_v4/validation/universal/length_15/candidate_05_center.npy",
      "results/sticky_lab/sentence_t5_base/mode3_v4/validation/universal/length_15/candidate_06_center.npy",
      "results/sticky_lab/sentence_t5_base/mode3_v4/validation/universal/length_15/candidate_07_center.npy",
      "results/sticky_lab/sentence_t5_base/mode3_v4/validation/universal/length_15/candidates.csv",
      "results/sticky_lab/sentence_t5_base/mode3_v4/validation/universal/length_15/random_baseline.json",
      "results/sticky_lab/sentence_t5_base/mode3_v4/validation/universal/length_15/summary.json",
      "results/sticky_lab/sentence_t5_base/mode3_v4/validation/universal/length_16/candidate_00_center.npy",
      "results/sticky_lab/sentence_t5_base/mode3_v4/validation/universal/length_16/candidate_01_center.npy",
      "results/sticky_lab/sentence_t5_base/mode3_v4/validation/universal/length_16/candidate_02_center.npy",
      "results/sticky_lab/sentence_t5_base/mode3_v4/validation/universal/length_16/candidate_03_center.npy",
      "results/sticky_lab/sentence_t5_base/mode3_v4/validation/universal/length_16/candidate_04_center.npy",
      "results/sticky_lab/sentence_t5_base/mode3_v4/validation/universal/length_16/candidate_05_center.npy",
      "results/sticky_lab/sentence_t5_base/mode3_v4/validation/universal/length_16/candidate_06_center.npy",
      "results/sticky_lab/sentence_t5_base/mode3_v4/validation/universal/length_16/candidate_07_center.npy",
      "results/sticky_lab/sentence_t5_base/mode3_v4/validation/universal/length_16/candidates.csv",
      "results/sticky_lab/sentence_t5_base/mode3_v4/validation/universal/length_16/random_baseline.json",
      "results/sticky_lab/sentence_t5_base/mode3_v4/validation/universal/length_16/summary.json",
      "results/sticky_lab/sentence_t5_base/mode3_v4/validation/universal/length_17/candidate_00_center.npy",
      "results/sticky_lab/sentence_t5_base/mode3_v4/validation/universal/length_17/candidate_01_center.npy",
      "results/sticky_lab/sentence_t5_base/mode3_v4/validation/universal/length_17/candidate_02_center.npy",
      "results/sticky_lab/sentence_t5_base/mode3_v4/validation/universal/length_17/candidate_03_center.npy",
      "results/sticky_lab/sentence_t5_base/mode3_v4/validation/universal/length_17/candidate_04_center.npy",
      "results/sticky_lab/sentence_t5_base/mode3_v4/validation/universal/length_17/candidate_05_center.npy",
      "results/sticky_lab/sentence_t5_base/mode3_v4/validation/universal/length_17/candidate_06_center.npy",
      "results/sticky_lab/sentence_t5_base/mode3_v4/validation/universal/length_17/candidate_07_center.npy",
      "results/sticky_lab/sentence_t5_base/mode3_v4/validation/universal/length_17/candidates.csv",
      "results/sticky_lab/sentence_t5_base/mode3_v4/validation/universal/length_17/random_baseline.json",
      "results/sticky_lab/sentence_t5_base/mode3_v4/validation/universal/length_17/summary.json",
      "results/sticky_lab/sentence_t5_base/mode3_v4/validation/universal/length_18/candidate_00_center.npy",
      "results/sticky_lab/sentence_t5_base/mode3_v4/validation/universal/length_18/candidate_01_center.npy",
      "results/sticky_lab/sentence_t5_base/mode3_v4/validation/universal/length_18/candidate_02_center.npy",
      "results/sticky_lab/sentence_t5_base/mode3_v4/validation/universal/length_18/candidate_03_center.npy",
      "results/sticky_lab/sentence_t5_base/mode3_v4/validation/universal/length_18/candidate_04_center.npy",
      "results/sticky_lab/sentence_t5_base/mode3_v4/validation/universal/length_18/candidate_05_center.npy",
      "results/sticky_lab/sentence_t5_base/mode3_v4/validation/universal/length_18/candidate_06_center.npy",
      "results/sticky_lab/sentence_t5_base/mode3_v4/validation/universal/length_18/candidate_07_center.npy",
      "results/sticky_lab/sentence_t5_base/mode3_v4/validation/universal/length_18/candidates.csv",
      "results/sticky_lab/sentence_t5_base/mode3_v4/validation/universal/length_18/random_baseline.json",
      "results/sticky_lab/sentence_t5_base/mode3_v4/validation/universal/length_18/summary.json",
      "results/sticky_lab/sentence_t5_base/mode3_v4/validation/universal/length_19/candidate_00_center.npy",
      "results/sticky_lab/sentence_t5_base/mode3_v4/validation/universal/length_19/candidate_01_center.npy",
      "results/sticky_lab/sentence_t5_base/mode3_v4/validation/universal/length_19/candidate_02_center.npy",
      "results/sticky_lab/sentence_t5_base/mode3_v4/validation/universal/length_19/candidate_03_center.npy",
      "results/sticky_lab/sentence_t5_base/mode3_v4/validation/universal/length_19/candidate_04_center.npy",
      "results/sticky_lab/sentence_t5_base/mode3_v4/validation/universal/length_19/candidate_05_center.npy",
      "results/sticky_lab/sentence_t5_base/mode3_v4/validation/universal/length_19/candidate_06_center.npy",
      "results/sticky_lab/sentence_t5_base/mode3_v4/validation/universal/length_19/candidate_07_center.npy",
      "results/sticky_lab/sentence_t5_base/mode3_v4/validation/universal/length_19/candidates.csv",
      "results/sticky_lab/sentence_t5_base/mode3_v4/validation/universal/length_19/random_baseline.json",
      "results/sticky_lab/sentence_t5_base/mode3_v4/validation/universal/length_19/summary.json",
      "results/sticky_lab/sentence_t5_base/mode3_v4/validation/universal/length_20/candidate_00_center.npy",
      "results/sticky_lab/sentence_t5_base/mode3_v4/validation/universal/length_20/candidate_01_center.npy",
      "results/sticky_lab/sentence_t5_base/mode3_v4/validation/universal/length_20/candidate_02_center.npy",
      "results/sticky_lab/sentence_t5_base/mode3_v4/validation/universal/length_20/candidate_03_center.npy",
      "results/sticky_lab/sentence_t5_base/mode3_v4/validation/universal/length_20/candidate_04_center.npy",
      "results/sticky_lab/sentence_t5_base/mode3_v4/validation/universal/length_20/candidate_05_center.npy",
      "results/sticky_lab/sentence_t5_base/mode3_v4/validation/universal/length_20/candidate_06_center.npy",
      "results/sticky_lab/sentence_t5_base/mode3_v4/validation/universal/length_20/candidate_07_center.npy",
      "results/sticky_lab/sentence_t5_base/mode3_v4/validation/universal/length_20/candidates.csv",
      "results/sticky_lab/sentence_t5_base/mode3_v4/validation/universal/length_20/random_baseline.json",
      "results/sticky_lab/sentence_t5_base/mode3_v4/validation/universal/length_20/summary.json",
      "results/sticky_lab/sentence_t5_base/mode3_v4/validation/universal/length_21/candidate_00_center.npy",
      "results/sticky_lab/sentence_t5_base/mode3_v4/validation/universal/length_21/candidate_01_center.npy",
      "results/sticky_lab/sentence_t5_base/mode3_v4/validation/universal/length_21/candidate_02_center.npy",
      "results/sticky_lab/sentence_t5_base/mode3_v4/validation/universal/length_21/candidate_03_center.npy",
      "results/sticky_lab/sentence_t5_base/mode3_v4/validation/universal/length_21/candidate_04_center.npy",
      "results/sticky_lab/sentence_t5_base/mode3_v4/validation/universal/length_21/candidate_05_center.npy",
      "results/sticky_lab/sentence_t5_base/mode3_v4/validation/universal/length_21/candidate_06_center.npy",
      "results/sticky_lab/sentence_t5_base/mode3_v4/validation/universal/length_21/candidate_07_center.npy",
      "results/sticky_lab/sentence_t5_base/mode3_v4/validation/universal/length_21/candidates.csv",
      "results/sticky_lab/sentence_t5_base/mode3_v4/validation/universal/length_21/random_baseline.json",
      "results/sticky_lab/sentence_t5_base/mode3_v4/validation/universal/length_21/summary.json",
      "results/sticky_lab/sentence_t5_base/mode3_v4/validation/universal/length_22/candidate_00_center.npy",
      "results/sticky_lab/sentence_t5_base/mode3_v4/validation/universal/length_22/candidate_01_center.npy",
      "results/sticky_lab/sentence_t5_base/mode3_v4/validation/universal/length_22/candidate_02_center.npy",
      "results/sticky_lab/sentence_t5_base/mode3_v4/validation/universal/length_22/candidate_03_center.npy",
      "results/sticky_lab/sentence_t5_base/mode3_v4/validation/universal/length_22/candidate_04_center.npy",
      "results/sticky_lab/sentence_t5_base/mode3_v4/validation/universal/length_22/candidate_05_center.npy",
      "results/sticky_lab/sentence_t5_base/mode3_v4/validation/universal/length_22/candidate_06_center.npy",
      "results/sticky_lab/sentence_t5_base/mode3_v4/validation/universal/length_22/candidate_07_center.npy",
      "results/sticky_lab/sentence_t5_base/mode3_v4/validation/universal/length_22/candidates.csv",
      "results/sticky_lab/sentence_t5_base/mode3_v4/validation/universal/length_22/random_baseline.json",
      "results/sticky_lab/sentence_t5_base/mode3_v4/validation/universal/length_22/summary.json",
      "results/sticky_lab/sentence_t5_base/mode3_v4/validation/universal/length_23/candidate_00_center.npy",
      "results/sticky_lab/sentence_t5_base/mode3_v4/validation/universal/length_23/candidate_01_center.npy",
      "results/sticky_lab/sentence_t5_base/mode3_v4/validation/universal/length_23/candidate_02_center.npy",
      "results/sticky_lab/sentence_t5_base/mode3_v4/validation/universal/length_23/candidate_03_center.npy",
      "results/sticky_lab/sentence_t5_base/mode3_v4/validation/universal/length_23/candidate_04_center.npy",
      "results/sticky_lab/sentence_t5_base/mode3_v4/validation/universal/length_23/candidate_05_center.npy",
      "results/sticky_lab/sentence_t5_base/mode3_v4/validation/universal/length_23/candidate_06_center.npy",
      "results/sticky_lab/sentence_t5_base/mode3_v4/validation/universal/length_23/candidate_07_center.npy",
      "results/sticky_lab/sentence_t5_base/mode3_v4/validation/universal/length_23/candidates.csv",
      "results/sticky_lab/sentence_t5_base/mode3_v4/validation/universal/length_23/random_baseline.json",
      "results/sticky_lab/sentence_t5_base/mode3_v4/validation/universal/length_23/summary.json",
      "results/sticky_lab/sentence_t5_base/mode3_v4/validation/universal/length_24/candidate_00_center.npy",
      "results/sticky_lab/sentence_t5_base/mode3_v4/validation/universal/length_24/candidate_01_center.npy",
      "results/sticky_lab/sentence_t5_base/mode3_v4/validation/universal/length_24/candidate_02_center.npy",
      "results/sticky_lab/sentence_t5_base/mode3_v4/validation/universal/length_24/candidate_03_center.npy",
      "results/sticky_lab/sentence_t5_base/mode3_v4/validation/universal/length_24/candidate_04_center.npy",
      "results/sticky_lab/sentence_t5_base/mode3_v4/validation/universal/length_24/candidate_05_center.npy",
      "results/sticky_lab/sentence_t5_base/mode3_v4/validation/universal/length_24/candidate_06_center.npy",
      "results/sticky_lab/sentence_t5_base/mode3_v4/validation/universal/length_24/candidate_07_center.npy",
      "results/sticky_lab/sentence_t5_base/mode3_v4/validation/universal/length_24/candidates.csv",
      "results/sticky_lab/sentence_t5_base/mode3_v4/validation/universal/length_24/random_baseline.json",
      "results/sticky_lab/sentence_t5_base/mode3_v4/validation/universal/length_24/summary.json",
      "results/sticky_lab/sentence_t5_base/mode3_v4/validation/universal/length_25/candidate_00_center.npy",
      "results/sticky_lab/sentence_t5_base/mode3_v4/validation/universal/length_25/candidate_01_center.npy",
      "results/sticky_lab/sentence_t5_base/mode3_v4/validation/universal/length_25/candidate_02_center.npy",
      "results/sticky_lab/sentence_t5_base/mode3_v4/validation/universal/length_25/candidate_03_center.npy",
      "results/sticky_lab/sentence_t5_base/mode3_v4/validation/universal/length_25/candidate_04_center.npy",
      "results/sticky_lab/sentence_t5_base/mode3_v4/validation/universal/length_25/candidate_05_center.npy",
      "results/sticky_lab/sentence_t5_base/mode3_v4/validation/universal/length_25/candidate_06_center.npy",
      "results/sticky_lab/sentence_t5_base/mode3_v4/validation/universal/length_25/candidate_07_center.npy",
      "results/sticky_lab/sentence_t5_base/mode3_v4/validation/universal/length_25/candidates.csv",
      "results/sticky_lab/sentence_t5_base/mode3_v4/validation/universal/length_25/random_baseline.json",
      "results/sticky_lab/sentence_t5_base/mode3_v4/validation/universal/length_25/summary.json",
      "results/sticky_lab/sentence_t5_base/mode3_v4/validation/universal/length_26/candidate_00_center.npy",
      "results/sticky_lab/sentence_t5_base/mode3_v4/validation/universal/length_26/candidate_01_center.npy",
      "results/sticky_lab/sentence_t5_base/mode3_v4/validation/universal/length_26/candidate_02_center.npy",
      "results/sticky_lab/sentence_t5_base/mode3_v4/validation/universal/length_26/candidate_03_center.npy",
      "results/sticky_lab/sentence_t5_base/mode3_v4/validation/universal/length_26/candidate_04_center.npy",
      "results/sticky_lab/sentence_t5_base/mode3_v4/validation/universal/length_26/candidate_05_center.npy",
      "results/sticky_lab/sentence_t5_base/mode3_v4/validation/universal/length_26/candidate_06_center.npy",
      "results/sticky_lab/sentence_t5_base/mode3_v4/validation/universal/length_26/candidate_07_center.npy",
      "results/sticky_lab/sentence_t5_base/mode3_v4/validation/universal/length_26/candidates.csv",
      "results/sticky_lab/sentence_t5_base/mode3_v4/validation/universal/length_26/random_baseline.json",
      "results/sticky_lab/sentence_t5_base/mode3_v4/validation/universal/length_26/summary.json",
      "results/sticky_lab/sentence_t5_base/mode3_v4/validation/universal/length_27/candidate_00_center.npy",
      "results/sticky_lab/sentence_t5_base/mode3_v4/validation/universal/length_27/candidate_01_center.npy",
      "results/sticky_lab/sentence_t5_base/mode3_v4/validation/universal/length_27/candidate_02_center.npy",
      "results/sticky_lab/sentence_t5_base/mode3_v4/validation/universal/length_27/candidate_03_center.npy",
      "results/sticky_lab/sentence_t5_base/mode3_v4/validation/universal/length_27/candidate_04_center.npy",
      "results/sticky_lab/sentence_t5_base/mode3_v4/validation/universal/length_27/candidate_05_center.npy",
      "results/sticky_lab/sentence_t5_base/mode3_v4/validation/universal/length_27/candidate_06_center.npy",
      "results/sticky_lab/sentence_t5_base/mode3_v4/validation/universal/length_27/candidate_07_center.npy",
      "results/sticky_lab/sentence_t5_base/mode3_v4/validation/universal/length_27/candidates.csv",
      "results/sticky_lab/sentence_t5_base/mode3_v4/validation/universal/length_27/random_baseline.json",
      "results/sticky_lab/sentence_t5_base/mode3_v4/validation/universal/length_27/summary.json",
      "results/sticky_lab/sentence_t5_base/mode3_v4/validation/universal/length_28/candidate_00_center.npy",
      "results/sticky_lab/sentence_t5_base/mode3_v4/validation/universal/length_28/candidate_01_center.npy",
      "results/sticky_lab/sentence_t5_base/mode3_v4/validation/universal/length_28/candidate_02_center.npy",
      "results/sticky_lab/sentence_t5_base/mode3_v4/validation/universal/length_28/candidate_03_center.npy",
      "results/sticky_lab/sentence_t5_base/mode3_v4/validation/universal/length_28/candidate_04_center.npy",
      "results/sticky_lab/sentence_t5_base/mode3_v4/validation/universal/length_28/candidate_05_center.npy",
      "results/sticky_lab/sentence_t5_base/mode3_v4/validation/universal/length_28/candidate_06_center.npy",
      "results/sticky_lab/sentence_t5_base/mode3_v4/validation/universal/length_28/candidate_07_center.npy",
      "results/sticky_lab/sentence_t5_base/mode3_v4/validation/universal/length_28/candidates.csv",
      "results/sticky_lab/sentence_t5_base/mode3_v4/validation/universal/length_28/random_baseline.json",
      "results/sticky_lab/sentence_t5_base/mode3_v4/validation/universal/length_28/summary.json",
      "results/sticky_lab/sentence_t5_base/mode3_v4/validation/universal/length_29/candidate_00_center.npy",
      "results/sticky_lab/sentence_t5_base/mode3_v4/validation/universal/length_29/candidate_01_center.npy",
      "results/sticky_lab/sentence_t5_base/mode3_v4/validation/universal/length_29/candidate_02_center.npy",
      "results/sticky_lab/sentence_t5_base/mode3_v4/validation/universal/length_29/candidate_03_center.npy",
      "results/sticky_lab/sentence_t5_base/mode3_v4/validation/universal/length_29/candidate_04_center.npy",
      "results/sticky_lab/sentence_t5_base/mode3_v4/validation/universal/length_29/candidate_05_center.npy",
      "results/sticky_lab/sentence_t5_base/mode3_v4/validation/universal/length_29/candidate_06_center.npy",
      "results/sticky_lab/sentence_t5_base/mode3_v4/validation/universal/length_29/candidate_07_center.npy",
      "results/sticky_lab/sentence_t5_base/mode3_v4/validation/universal/length_29/candidates.csv",
      "results/sticky_lab/sentence_t5_base/mode3_v4/validation/universal/length_29/random_baseline.json",
      "results/sticky_lab/sentence_t5_base/mode3_v4/validation/universal/length_29/summary.json",
      "results/sticky_lab/sentence_t5_base/mode3_v4/validation/universal/length_30/candidate_00_center.npy",
      "results/sticky_lab/sentence_t5_base/mode3_v4/validation/universal/length_30/candidate_01_center.npy",
      "results/sticky_lab/sentence_t5_base/mode3_v4/validation/universal/length_30/candidate_02_center.npy",
      "results/sticky_lab/sentence_t5_base/mode3_v4/validation/universal/length_30/candidate_03_center.npy",
      "results/sticky_lab/sentence_t5_base/mode3_v4/validation/universal/length_30/candidate_04_center.npy",
      "results/sticky_lab/sentence_t5_base/mode3_v4/validation/universal/length_30/candidate_05_center.npy",
      "results/sticky_lab/sentence_t5_base/mode3_v4/validation/universal/length_30/candidate_06_center.npy",
      "results/sticky_lab/sentence_t5_base/mode3_v4/validation/universal/length_30/candidate_07_center.npy",
      "results/sticky_lab/sentence_t5_base/mode3_v4/validation/universal/length_30/candidates.csv",
      "results/sticky_lab/sentence_t5_base/mode3_v4/validation/universal/length_30/random_baseline.json",
      "results/sticky_lab/sentence_t5_base/mode3_v4/validation/universal/length_30/summary.json"
    ],
    "runtime_results_prefix": "results/sticky_lab/sentence_t5_base/mode3_v4/",
    "scope_valid": true
  },
  "ast": {
    "imports": {
      "__init__.py": [],
      "candidate_space.py": [
        "__future__",
        "dataclasses",
        "typing",
        "numpy",
        "interfaces",
        "tokenizer_audit"
      ],
      "cem_search.py": [
        "__future__",
        "dataclasses",
        "typing",
        "numpy",
        "candidate_space",
        "interfaces",
        "scoring"
      ],
      "data.py": [
        "__future__",
        "dataclasses",
        "hashlib",
        "pathlib",
        "re",
        "typing",
        "unicodedata",
        "numpy",
        "pandas"
      ],
      "insertion.py": [
        "__future__",
        "hashlib",
        "re"
      ],
      "interfaces.py": [
        "__future__",
        "dataclasses",
        "typing",
        "numpy"
      ],
      "metrics.py": [
        "__future__",
        "dataclasses",
        "typing",
        "numpy",
        "occupancy",
        "support"
      ],
      "occupancy.py": [
        "__future__",
        "dataclasses",
        "math",
        "typing",
        "numpy",
        "support",
        "scipy.stats",
        "scipy.stats"
      ],
      "oracle.py": [
        "__future__",
        "dataclasses",
        "hashlib",
        "pathlib",
        "typing",
        "numpy",
        "torch",
        "sentence_transformers"
      ],
      "retrieval.py": [
        "__future__",
        "typing",
        "numpy",
        "support"
      ],
      "run.py": [
        "__future__",
        "argparse",
        "hashlib",
        "importlib.metadata",
        "json",
        "pathlib",
        "platform",
        "subprocess",
        "typing",
        "numpy",
        "pandas",
        "yaml",
        "candidate_space",
        "cem_search",
        "data",
        "insertion",
        "interfaces",
        "oracle",
        "retrieval",
        "scoring",
        "support",
        "tokenizer_audit",
        "validation",
        "visualization"
      ],
      "scoring.py": [
        "__future__",
        "dataclasses",
        "typing",
        "numpy",
        "insertion",
        "interfaces",
        "metrics",
        "occupancy",
        "support"
      ],
      "support.py": [
        "__future__",
        "dataclasses",
        "typing",
        "numpy",
        "sklearn.metrics",
        "sklearn.neighbors"
      ],
      "tokenizer_audit.py": [
        "__future__",
        "dataclasses",
        "pathlib",
        "typing",
        "unicodedata",
        "numpy",
        "insertion",
        "interfaces",
        "transformers"
      ],
      "validation.py": [
        "__future__",
        "typing",
        "numpy",
        "interfaces",
        "metrics",
        "occupancy",
        "scoring",
        "support",
        "tokenizer_audit"
      ],
      "visualization.py": [
        "__future__",
        "pathlib",
        "numpy",
        "pandas",
        "matplotlib.pyplot",
        "matplotlib.pyplot",
        "sklearn.decomposition"
      ]
    },
    "violations": []
  },
  "config": "/tmp/mode3v4-fresh-audit-worktree/configs/v4_mode3.yaml",
  "results": {
    "summary_count": 120,
    "frontier_rows": 120,
    "manifest_rows": 2854,
    "final_status": {
      "encoder_attractor_discovered": false,
      "reason": "No universal validation-certified length; test and retrieval were not opened"
    }
  }
}
