task,actual_token_length,token_ids,trigger,exact_token_roundtrip,search_score,constraint_violation,support_in_margin,displacement_q05,displacement_q50,displacement_q95,compact_radius_q50,compact_radius_q90,compact_radius_q95,compact_radius_q99,pairwise_mean_ratio,pairwise_q90_ratio,contraction_q95,position_center_drift_max,occupancy_count_lambda_1_0,occupancy_rate_lambda_1_0,occupancy_upper_lambda_1_0,relative_occupancy_quantile_lambda_1_0,occupancy_count_lambda_1_5,occupancy_rate_lambda_1_5,occupancy_upper_lambda_1_5,relative_occupancy_quantile_lambda_1_5,occupancy_count_lambda_2_0,occupancy_rate_lambda_2_0,occupancy_upper_lambda_2_0,relative_occupancy_quantile_lambda_2_0,nearest_cluster_id,nearest_cluster_radius,cluster_envelope_depth,cluster_support_in,bootstrap_replicates,bootstrap_confidence,bootstrap_pairwise_lookup_optimized,displacement_q05_ci_lower,displacement_q05_ci_upper,compact_radius_q95_ci_lower,compact_radius_q95_ci_upper,contraction_q95_ci_lower,contraction_q95_ci_upper,actual_token_ids,context_realizability,context_realized_length_min,context_realized_length_max,special_token,shift_point,compact_point,contract_point,support_in_point,low_occupancy_point,realizable_certified,shift_certified,compact_certified,contract_certified,support_in_certified,low_occupancy_certified,baseline_exceedance_certified,v4_certified,same_length_random_count,same_length_random_quantile,same_length_random_score_threshold,same_length_random_score_exceeded,validation_center_refit,validation_radius_frozen_value,center_file,center_sha256,length_certified,bootstrap_vectorized_block_size
prefix,1,8363,diabetes,True,-999.556910367494,99.72880474891458,0.11510481357574454,0.27687425183093056,0.37360469928073325,0.48561068517232275,0.4753709330447471,0.5245022371330408,0.5408504092978502,0.5668080929816277,0.8021499507129577,0.8199073285712843,0.8260072354019734,0.0,0,0.0,0.0009980790119965865,0.001949317738791423,2998,0.9993333333333333,0.9998815334333804,1.0,3000,1.0,1.0,1.0,3,0.6024760007858276,0.1784188449382782,True,500,0.95,1,0.27229027152061464,0.28450509905815125,0.5356596948031407,0.5462455313692788,0.8224115818738937,0.8299919337034225,8363,1.0,1,1,False,True,False,False,True,False,True,True,False,False,True,False,True,False,64,0.99,-1240.474478435306,True,True,0.5408504092978502,validation/prefix/length_01/candidate_02_center.npy,909c8b6e763e8475bb97f1aabaf06cf0e06baef523ad7041e257eb1e8ab79666,False,
prefix,2,"22998,27801",Ubuntu inaccurate,True,-996.0808124367873,99.39932075118534,0.09448261976242056,0.36407930366381375,0.47833773862354867,0.5913797818283728,0.4084663288100047,0.46133511763762813,0.4746940898416732,0.5048856296095569,0.700045051310645,0.7208506399844126,0.7275513159486957,0.0,0,0.0,0.0009980790119965865,0.001949317738791423,1210,0.4033333333333333,0.4182973462840178,1.0,3000,1.0,1.0,1.0,3,0.6024760007858276,0.1525123417377472,True,500,0.95,1,0.3519897758960724,0.37315633893013,0.47101563802953794,0.4834323792381262,0.7235407128930091,0.7330790787935257,"22998,27801",1.0,2,2,False,True,False,False,True,False,True,True,False,False,True,False,True,False,64,0.99,-999.5415737889073,True,True,0.4746940898416732,validation/prefix/length_02/candidate_00_center.npy,1a9e9f024606b064cce12903587b67c270dfa23bf134f7041b37d5ddfa4b601d,False,10.0
prefix,3,"18079,19142,31773",Players disappointment Corinthians,True,-994.5632555045617,99.25561012872242,0.09657003402709952,0.39060311026978745,0.5143051555053031,0.644772953592784,0.3784196959727111,0.4337910447435704,0.4488371476436636,0.478610193047721,0.6428372157209329,0.6721826754513587,0.6801103557679582,0.0,0,0.0,0.0009980790119965865,0.001949317738791423,240,0.08,0.08862135012564651,1.0,3000,1.0,1.0,1.0,3,0.6024760007858276,0.15404841303825378,True,500,0.95,1,0.3813218981027603,0.39705199003219604,0.4424551917058461,0.45511398861372837,0.6760771185159683,0.6873678475618362,"18079,19142,31773",1.0,3,3,False,True,False,False,True,False,True,True,False,False,True,False,True,False,64,0.99,-998.5801690541567,True,True,0.4488371476436636,validation/prefix/length_03/candidate_01_center.npy,f1e45ef942689b12c20a8b59ce598798ad92c38c77228b7e1782e8ffefea8581,False,10.0
prefix,4,"21169,24641,19763,7574",accidentally legislati Porsche discussions,True,-993.2620009090901,99.12970165372123,0.07622881650924673,0.3956885607104177,0.49719554334338084,0.598991787639629,0.3614577832645842,0.4160768862551815,0.42904788543331246,0.44956710557525703,0.6158320696114961,0.6471807367537449,0.6542491640827686,0.0,0,0.0,0.0009980790119965865,0.001949317738791423,33,0.011,0.014681051738975114,0.723196881091618,2999,0.9996666666666667,0.9999829023813701,1.0,4,0.6103304028511047,0.1458108127117157,True,500,0.95,1,0.38977569341659546,0.4024393558502197,0.4248533403507326,0.4341596241345011,0.6516544058918953,0.6596467554569244,"21169,24641,19763,7574",1.0,4,4,False,True,False,False,True,False,True,True,False,False,True,False,True,False,64,0.99,-996.7537105899493,True,True,0.42904788543331246,validation/prefix/length_04/candidate_03_center.npy,0570f094f24151d15c26713d60b1a0aedeaef969766262a49f8af8fd80ddf434,False,10.0
prefix,5,"30242,5403,8988,30736,10932",boycott formula tonight Anonymous destroyed,True,-255.04723740251444,25.4,0.08405848264694205,0.482887206865558,0.6086528568905356,0.7138349156075394,0.2962539046699828,0.3512727604775074,0.3678177685054505,0.404828045115476,0.5117491186319594,0.5448466943296476,0.5571560563870948,0.0,0,0.0,0.0009980790119965865,0.001949317738791423,0,0.0,0.0009980790119965865,0.001949317738791423,792,0.264,0.27757138721413394,0.9922027290448343,3,0.6024760007858276,0.13919231295585632,True,500,0.95,1,0.4725602865219116,0.4938667356967926,0.3621266106562484,0.37611708415509726,0.5514333426952363,0.5643294394016266,"30242,5403,8988,30736,10932",1.0,5,5,False,True,True,True,True,False,True,True,True,True,True,False,True,False,64,0.99,-995.7691391255685,True,True,0.3678177685054505,validation/prefix/length_05/candidate_00_center.npy,c2230be4c77e661e299565c0f29bf21fbad5d859723c6e6c5b7833138beb3c6f,False,10.0
prefix,6,"20526,19148,23317,29895,30337,14986",abortion Automatic guitarist Stalin greed ignored,True,-626.8017029412074,62.53333333333333,0.05180819749832144,0.46684467272728525,0.5748036765991167,0.683840542895501,0.30125705513042567,0.37007261635307137,0.3850967314761604,0.41763706972645365,0.5241648708589483,0.5672948763345909,0.5776027606210556,0.0,0,0.0,0.0009980790119965865,0.001949317738791423,0,0.0,0.0009980790119965865,0.001949317738791423,1906,0.6353333333333333,0.6498527605466405,1.0,3,0.6024760007858276,0.11102220416069031,True,500,0.95,1,0.45215949416160583,0.4797186113893986,0.3799844162133336,0.39218730209152997,0.5729943141341209,0.5849410369992256,"20526,19148,23317,29895,30337,14986",1.0,6,6,False,True,True,True,True,False,True,True,True,True,True,False,True,False,64,0.99,-994.2493822230292,True,True,0.3850967314761604,validation/prefix/length_06/candidate_00_center.npy,067c41cdac2cf24bd1ca918fd0d7b7604144d016f3439e4258b60e810da1b7b6,False,10.0
prefix,7,"17830,5891,30242,17437,947,12886,15788",Male Johnson boycott oamenilor Here Honda disagree,True,-177.2916868132918,17.63333333333333,0.06780304431915274,0.47689140098227106,0.5768640829909482,0.6930851175509708,0.299420214124629,0.3469668488067292,0.35854717973282796,0.390144371704212,0.5097301495107366,0.5418136454227467,0.5496465782176909,0.0,0,0.0,0.0009980790119965865,0.001949317738791423,0,0.0,0.0009980790119965865,0.001949317738791423,559,0.18633333333333332,0.19841820911871969,0.9922027290448343,3,0.6024760007858276,0.10897678136825562,True,500,0.95,1,0.47026779130101204,0.48724648356437683,0.35425738507975973,0.36280360915874976,0.544579553604126,0.5543705970048904,"17830,5891,30242,17437,947,12886,15788",1.0,7,7,False,True,True,True,True,False,True,True,True,True,True,False,True,False,64,0.99,-995.1543831531163,True,True,0.35854717973282796,validation/prefix/length_07/candidate_00_center.npy,68112250a029aca5782729cbfe9bc7e633328904c59534239dc211095c09f3c2,False,10.0
prefix,8,"20076,28137,24061,1796,2850,27422,25686,15856",celebrities prelucr Viagra Make characters Filipino slavery Avoid,True,-1.3586668246432625,0.06666666666666661,0.05920596837997427,0.50140301168869,0.614368183855662,0.6992909614052131,0.24509613997504065,0.3109866294774937,0.33188995401507493,0.36566440050776616,0.43137971273437875,0.47717677160197125,0.4895957823120207,0.0,0,0.0,0.0009980790119965865,0.001949317738791423,0,0.0,0.0009980790119965865,0.001949317738791423,32,0.010666666666666666,0.014301225504745614,0.5730994152046783,3,0.6024760007858276,0.10404312610626221,True,500,0.95,1,0.4928800165653229,0.5125939354300499,0.32601725015357086,0.33758187639611664,0.4838569536805153,0.4969977341592312,"20076,28137,24061,1796,2850,27422,25686,15856",1.0,8,8,False,True,True,True,True,False,True,True,True,True,True,False,True,False,64,0.99,-992.5921892880145,True,True,0.33188995401507493,validation/prefix/length_08/candidate_00_center.npy,4eb19f97f7ac7eb0e2dbaee5c95d0e0346c22b8f54158d7eb208096af0bc1598,False,10.0
prefix,9,"16788,19520,25907,14716,29824,574,3699,3127,17285",realitate 1:1 Ikea Housing incearca contact Global animals refus,True,-661.490748388622,66.0,0.05150987625122061,0.47782077222659386,0.5698727771999641,0.7159656496471342,0.29429985678554194,0.3685043878924633,0.3820304302171893,0.41351527251616665,0.5102423659238094,0.558847205323798,0.5710506205242647,0.0,0,0.0,0.0009980790119965865,0.001949317738791423,0,0.0,0.0009980790119965865,0.001949317738791423,2010,0.67,0.6841605089343722,1.0,3,0.6024760007858276,0.0862189531326294,True,500,0.95,1,0.4668833613395691,0.4835331439971924,0.37617153535952685,0.3907193430029076,0.565513028204441,0.5780150532722473,"16788,19520,25907,14716,29824,574,3699,3127,17285",1.0,9,9,False,True,True,True,True,False,True,True,True,True,True,False,True,False,64,0.99,-994.4675369233747,True,True,0.3820304302171893,validation/prefix/length_09/candidate_00_center.npy,4d517f31f9600cc367c13585535fb9d4d2161ab20aace91050ab0b57989b3918,False,10.0
prefix,10,"12697,2732,21762,5510,20076,570,28051,5088,16929,26178",priorities atunci Pokémon ultimately celebrities list cherish Rose eaten Holocaust,True,-0.6587468233125787,0.0,0.04534878253936758,0.5179668712016108,0.602136411364118,0.6769661395644363,0.23589466294181388,0.30229551448687425,0.32089905578020017,0.3624292735443127,0.41509254482438024,0.463238783587873,0.47734334763428987,0.0,0,0.0,0.0009980790119965865,0.001949317738791423,0,0.0,0.0009980790119965865,0.001949317738791423,4,0.0013333333333333333,0.003048553035598473,0.1871345029239766,3,0.6024760007858276,0.09201955795288086,True,500,0.95,1,0.5100772306323051,0.524374121427536,0.31554777144159896,0.32832150479975863,0.4720280922949314,0.4861201964318752,"12697,2732,21762,5510,20076,570,28051,5088,16929,26178",1.0,10,10,False,True,True,True,True,True,True,True,True,True,True,True,True,True,64,0.99,-993.72654708242,True,True,0.32089905578020017,validation/prefix/length_10/candidate_00_center.npy,8bb1f45598fba9360116b594e31e256541ee76d3fc6b4529d593a6226a923c6c,True,10.0
prefix,11,"26433,2389,16231,10005,28767,14889,5781,29895,2351,13791,25972",$250 generally preferat limitations Dictionary catégorie kill Stalin Another picnic wicked,True,-0.681212351049997,0.0,0.05883153200149527,0.4995881668521048,0.6035882673051249,0.6781364387515526,0.2397348941967691,0.3055168862342264,0.32764938608102856,0.37253250909886865,0.42461530795636876,0.4731780635356401,0.4881678896823684,0.0,0,0.0,0.0009980790119965865,0.001949317738791423,0,0.0,0.0009980790119965865,0.001949317738791423,15,0.005,0.007688650641825517,0.4269005847953216,3,0.6024760007858276,0.09931820631027222,True,500,0.95,1,0.4938640594482422,0.5079328328371048,0.3203989348513929,0.3412450220760437,0.4811693698167801,0.4974794387817383,"26433,2389,16231,10005,28767,14889,5781,29895,2351,13791,25972",1.0,11,11,False,True,True,True,True,True,True,True,True,True,True,True,True,True,64,0.99,-993.438756513852,True,True,0.32764938608102856,validation/prefix/length_11/candidate_00_center.npy,b03099a7e0dc4c77763627a5cae1a27f179d25016f804a0d1ab5d1372e15498c,True,10.0
prefix,12,"10308,15941,9399,23382,7940,28880,30307,131,15059,13043,20526,21812",difficulties raid inainte Wizard Meanwhile sprawl deficiencies just Train vede abortion Lucy,True,-289.04712808949165,28.799999999999997,0.06960411787033072,0.4677338956810797,0.5616875995142998,0.6431674240351032,0.2747851855106643,0.3326663269073557,0.3550398694819022,0.3895702673978464,0.4745201207187452,0.5164728273643796,0.5284227233975576,0.0,0,0.0,0.0009980790119965865,0.001949317738791423,0,0.0,0.0009980790119965865,0.001949317738791423,894,0.298,0.3120442785215716,1.0,3,0.6024760007858276,0.12283331155776978,True,500,0.95,1,0.4589142628014088,0.4734250009059906,0.34763289961018806,0.36100729157679917,0.5239744633436203,0.5364741757512093,"10308,15941,9399,23382,7940,28880,30307,131,15059,13043,20526,21812",1.0,12,12,False,True,True,True,True,False,True,True,True,True,True,False,True,False,64,0.99,-993.500976775149,True,True,0.3550398694819022,validation/prefix/length_12/candidate_03_center.npy,920d642657d392258b0ddd60cd24c662904e6340d97536c22607c6e722c5ada1,False,10.0
prefix,13,"27534,26357,14986,6328,4300,27870,20763,9994,2903,27661,14829,29061,1300",HBO stole ignored OS Software comedian Candidates journalist andere laboratoire editorial Pokemon 1.,True,-7.388040676590029,0.6666666666666666,0.04522069215774527,0.49315313056674287,0.594613550857439,0.6772781162375906,0.25396457229318325,0.31839458171352186,0.3382873158337795,0.3756810559336391,0.44265831872447314,0.48774565179818047,0.5010134831040378,0.0,0,0.0,0.0009980790119965865,0.001949317738791423,0,0.0,0.0009980790119965865,0.001949317738791423,50,0.016666666666666666,0.02104885768252447,0.6042884990253411,3,0.6024760007858276,0.08658170700073242,True,500,0.95,1,0.4817918993532658,0.5055826887488365,0.32962985323974153,0.3435585198874935,0.4942861840128899,0.5096686899662017,"27534,26357,14986,6328,4300,27870,20763,9994,2903,27661,14829,29061,1300",1.0,13,13,False,True,True,True,True,False,True,True,True,True,True,False,True,False,64,0.99,-880.2409487310784,True,True,0.3382873158337795,validation/prefix/length_13/candidate_00_center.npy,d206d0cd2c6c60cc250360deb4660f4c040ad659bb0a49643ae29e04153df22d,False,10.0
prefix,14,"9493,11704,10317,2747,21454,10676,10509,14751,571,15439,27498,22152,28868,2704",Coach (10 frumos Data contradict professionnels Language legislative How predicted plâng advertised Romney experiences,True,-0.6471696429124891,0.0,0.06636198282241812,0.5087959933422427,0.6138551896575718,0.6928733726564642,0.23799993425785215,0.2981339275373166,0.31843871122498485,0.3445882110345689,0.4157267853454108,0.45886913738506013,0.4705204257286695,0.0,0,0.0,0.0009980790119965865,0.001949317738791423,0,0.0,0.0009980790119965865,0.001949317738791423,6,0.002,0.003943622233641661,0.3216374269005848,4,0.6103304028511047,0.11199992895126343,True,500,0.95,1,0.4993820108473301,0.5194328621029853,0.3088317256673886,0.32591110810808527,0.4646617494523525,0.4767754778265953,"9493,11704,10317,2747,21454,10676,10509,14751,571,15439,27498,22152,28868,2704",1.0,14,14,False,True,True,True,True,True,True,True,True,True,True,True,True,True,64,0.99,-982.7223012069074,True,True,0.31843871122498485,validation/prefix/length_14/candidate_00_center.npy,12d573d979a54b313434dd38f7a7969a2f64ce7b5b92cec4d6ea1ff5ad591a24,True,10.0
prefix,15,"4575,10981,7574,3274,9986,14605,8400,12743,6434,4604,29162,23167,12874,16374,25150",Ur excessive discussions = answered scandal Never Smartphone Give everyday weaving urca arguments masura Suceava,True,-0.6847734009441594,0.0,0.0441917371749877,0.5108031020566529,0.6086357909435043,0.692460498884912,0.26213339585213424,0.31246924435724366,0.3264772232796252,0.3594911511937125,0.4449855260945957,0.4847263570571345,0.49504488747244446,0.0,0,0.0,0.0009980790119965865,0.001949317738791423,0,0.0,0.0009980790119965865,0.001949317738791423,6,0.002,0.003943622233641661,0.18518518518518517,4,0.6103304028511047,0.09951847791671753,True,500,0.95,1,0.500078434497118,0.5193358153104782,0.32139268473828075,0.33416273097615046,0.490623676776886,0.5015270113945007,"4575,10981,7574,3274,9986,14605,8400,12743,6434,4604,29162,23167,12874,16374,25150",1.0,15,15,False,True,True,True,True,True,True,True,True,True,True,True,True,True,64,0.99,-836.8314595528768,True,True,0.3264772232796252,validation/prefix/length_15/candidate_00_center.npy,70ab7fe0213d6e99b935d1b56f14310fbc961069bac8136042c2780ec0c77bfe,True,10.0
prefix,16,"30430,1762,29148,18045,26268,15266,19119,24156,27167,7282,11617,6978,256,1923,27621,4224",apology January WWE Putin immensely confusing Examples #4 Maggie cotton candy representative im Su resurrection Support,True,-0.570435359156691,0.0,0.08946784257888785,0.5321226217396585,0.6262096345382215,0.7061415001621056,0.21372952576106996,0.27225437814364795,0.2940032429467037,0.32472213725272525,0.37836810884774147,0.41961898151620797,0.4314963989562906,0.0,0,0.0,0.0009980790119965865,0.001949317738791423,0,0.0,0.0009980790119965865,0.001949317738791423,1,0.0003333333333333333,0.001580301827458731,0.24561403508771928,4,0.6103304028511047,0.11776331067085266,True,500,0.95,1,0.517920957505703,0.5394492879509926,0.28910157526757796,0.3004339610323129,0.4266014419496059,0.43839788883924485,"30430,1762,29148,18045,26268,15266,19119,24156,27167,7282,11617,6978,256,1923,27621,4224",1.0,16,16,False,True,True,True,True,True,True,True,True,True,True,True,True,True,64,0.99,-916.0640318435892,True,True,0.2940032429467037,validation/prefix/length_16/candidate_00_center.npy,4181a2f92b69918ceaeb5db4935e04207246ee53d98692a16d5bda72b33257af,True,10.0
prefix,17,"28994,1617,16651,7926,14155,8122,4829,22734,5624,22643,25085,11645,1095,7447,13211,4077,2525",remake doar Teams eigentlich verwenden clubs Dé pyramid flower Giving Poetry copiii happy deeply onions (1 learned,True,-15.054465800558397,1.4333333333333331,0.0568570089340209,0.49045001092984564,0.5970586613978068,0.6700047039179244,0.2423718649713985,0.31286870060582145,0.3350220806124953,0.39242570574854513,0.4256251608803503,0.4818047977206599,0.4986038082452047,0.0,0,0.0,0.0009980790119965865,0.001949317738791423,0,0.0,0.0009980790119965865,0.001949317738791423,73,0.024333333333333332,0.029487302143976983,0.7719298245614035,2,0.6064047813415527,0.11032611131668091,True,500,0.95,1,0.47407923191785817,0.4991185270249843,0.3257369462175646,0.3459234267679673,0.4917030714452267,0.5102467149496078,"28994,1617,16651,7926,14155,8122,4829,22734,5624,22643,25085,11645,1095,7447,13211,4077,2525",1.0,17,17,False,True,True,True,True,False,True,True,True,True,True,False,True,False,64,0.99,-940.17999046901,True,True,0.3350220806124953,validation/prefix/length_17/candidate_04_center.npy,c637bc315b31af7821d808a8b29edd5349e8abf188a80112f8f3d60bbc8f321a,False,10.0
prefix,18,"8094,8133,27801,3202,5039,543,21169,16891,22253,30069,2631,14635,6886,4997,1561,4567,20360,26313",jacket coupon inaccurate girl Blog page accidentally downloading artisans RFID fiecare concerts gained organized complex failed Opening murdered,True,-0.6236959686597214,0.0,0.06903775453567496,0.5142794269222863,0.6187474461446576,0.696274275739808,0.21753200251539745,0.28729020244377473,0.3112837572278678,0.3535113601746985,0.38727206545651577,0.43973718612811025,0.45657484012967736,0.0,0,0.0,0.0009980790119965865,0.001949317738791423,0,0.0,0.0009980790119965865,0.001949317738791423,5,0.0016666666666666668,0.0035011258326776203,0.38596491228070173,3,0.6024760007858276,0.1263655424118042,True,500,0.95,1,0.5027987957000732,0.5250019446015358,0.3036857175448098,0.31693389853330733,0.44831953197717667,0.46558993235230445,"8094,8133,27801,3202,5039,543,21169,16891,22253,30069,2631,14635,6886,4997,1561,4567,20360,26313",1.0,18,18,False,True,True,True,True,True,True,True,True,True,True,True,True,True,64,0.99,-978.649981699785,True,True,0.3112837572278678,validation/prefix/length_18/candidate_01_center.npy,f9659ab5cf819070aefd58e89c9c588abd6b1bd4420859c8a6b9a9acea5c5452,True,10.0
prefix,19,"21306,1299,24857,290,906,23395,14512,2449,27681,22308,27446,3495,29258,28800,27894,27901,31818,17755,13470",randomly send safari There needed £3 NBA People iubesc stylist confuse reached medicament varf Fighter poise Encyclopedia counselor glue,True,-0.6216488978759823,0.0,0.07736851692199698,0.5222731030898248,0.6086498974872092,0.6788729170645889,0.22324717291604873,0.2894927503751506,0.3103225625354204,0.3543045394306088,0.3927462643839823,0.4436333150565349,0.45957007367685077,0.0,0,0.0,0.0009980790119965865,0.001949317738791423,0,0.0,0.0009980790119965865,0.001949317738791423,5,0.0016666666666666668,0.0035011258326776203,0.3937621832358674,2,0.6064047813415527,0.11352530121803284,True,500,0.95,1,0.5127797722816467,0.533920380473137,0.3011787052966344,0.31737862005088474,0.45229353085160257,0.46935993507504464,"21306,1299,24857,290,906,23395,14512,2449,27681,22308,27446,3495,29258,28800,27894,27901,31818,17755,13470",1.0,19,19,False,True,True,True,True,True,True,True,True,True,True,True,True,True,64,0.99,-819.4596821997354,True,True,0.3103225625354204,validation/prefix/length_19/candidate_00_center.npy,3cfc05d77cef476dd227dde2e93169e0e5769c92cce4f94c3a956999b2535d4e,True,10.0
prefix,20,"27364,22761,28408,26287,1469,16623,22365,27672,20203,16179,23454,23969,5243,896,30174,1615,13214,29519,1906,9054",Funny consta Taliban înlocui trip bitcoin Tomorrow autobuz remedies Studios Thread tentative explained City Sophia Why mice coincidence experienced burden,True,-0.6032416064887709,0.0,0.07990260839462271,0.5114716792703836,0.6013282927192525,0.6767408141019788,0.21346974067889246,0.2816807989330836,0.3033487067271079,0.347167151921801,0.3761175684558962,0.4305155466649431,0.4474031383445813,0.0,0,0.0,0.0009980790119965865,0.001949317738791423,0,0.0,0.0009980790119965865,0.001949317738791423,1,0.0003333333333333333,0.001580301827458731,0.1539961013645224,4,0.6103304028511047,0.1426953673362732,True,500,0.95,1,0.503545942902565,0.5195421442389488,0.29323834906228924,0.3124985126439184,0.43999324068427087,0.45539540797472,"27364,22761,28408,26287,1469,16623,22365,27672,20203,16179,23454,23969,5243,896,30174,1615,13214,29519,1906,9054",1.0,20,20,False,True,True,True,True,True,True,True,True,True,True,True,True,True,64,0.99,-783.292529166863,True,True,0.3033487067271079,validation/prefix/length_20/candidate_00_center.npy,3c1dbcf2c57c65c63efbc1f7f670c5334dc2e9467413715c9b7ab0da47295c66,True,10.0
prefix,21,"5387,2448,26318,17896,328,13586,198,27084,16013,3574,10885,21306,15449,9346,4765,6389,5917,6733,16606,14803,5489",moi himself foloseste anonymous They waist și MacBook Certification permanent musste randomly Principal familia Min 10% vintage closing commute thickness losing,True,-0.6403478915111636,0.0,0.04232873439788809,0.5168266681532169,0.6195288036749245,0.6991735309320589,0.23040571613058036,0.2941523211680626,0.3137355144636847,0.35607364745028924,0.4031748252451954,0.45192740000161796,0.4664012276852551,0.0,0,0.0,0.0009980790119965865,0.001949317738791423,0,0.0,0.0009980790119965865,0.001949317738791423,0,0.0,0.0009980790119965865,0.001949317738791423,3,0.6024760007858276,0.08975154161453247,True,500,0.95,1,0.5077975988388062,0.5278802514076233,0.3059133530870824,0.31990938828953874,0.4590041980147362,0.4743191458284855,"5387,2448,26318,17896,328,13586,198,27084,16013,3574,10885,21306,15449,9346,4765,6389,5917,6733,16606,14803,5489",1.0,21,21,False,True,True,True,True,True,True,True,True,True,True,True,True,True,64,0.99,-912.0418023773201,True,True,0.3137355144636847,validation/prefix/length_21/candidate_00_center.npy,1dc4109b896141a4ee0ea5c7b91efb44100b04b6d44805c3f1aa36c39445e5d7,True,10.0
prefix,22,"17848,7131,24463,31139,14480,25127,22446,20512,590,15154,25261,7644,1300,11565,11581,13978,706,11361,2139,4441,1354,29044",étudiants strive Exclusive protège Xbox effortless Schweizer Employment along strictly creier subscription 1. Nun ears 1920 night motivated helped stunning foarte Optimization,True,-0.6605689533280874,0.0,0.06184895753860464,0.5198304959540543,0.6090121854393019,0.6870543858316202,0.2419355995340794,0.30572037016969833,0.3235102624022261,0.3560909174855218,0.4166914882175771,0.4666350626898995,0.48014522096569284,0.0,0,0.0,0.0009980790119965865,0.001949317738791423,0,0.0,0.0009980790119965865,0.001949317738791423,7,0.0023333333333333335,0.004378214437280743,0.2729044834307992,4,0.6103304028511047,0.1208982765674591,True,500,0.95,1,0.5121390283107757,0.5294542372226715,0.3157362162794434,0.328063840610214,0.47430037930607793,0.48649149760603905,"17848,7131,24463,31139,14480,25127,22446,20512,590,15154,25261,7644,1300,11565,11581,13978,706,11361,2139,4441,1354,29044",1.0,22,22,False,True,True,True,True,True,True,True,True,True,True,True,True,True,64,0.99,-962.9057336845134,True,True,0.3235102624022261,validation/prefix/length_22/candidate_07_center.npy,60a2064be2adddc0915c3012e631b99301cd07fd2cce576d1cdf3cfc7da2f1d5,True,10.0
prefix,23,"21487,4534,10626,21562,26328,6900,26359,2642,22931,27388,7174,11416,3562,10188,12188,25914,18298,30447,17368,9016,5703,6501,2311",$12 Obama hired dumb Meditation cons obstruction package Klar Varianten founder fridge acid GT Brit exert literacy Braşov congregation passes Bus till requires,True,-0.5634381605949033,0.0,0.07946564674377432,0.5366733878090114,0.6405154066137102,0.729791226326913,0.19013249841964988,0.2682379018959357,0.2910933263975416,0.34298832969113574,0.3444137037635006,0.4074075238986634,0.4263795928355581,0.0,0,0.0,0.0009980790119965865,0.001949317738791423,0,0.0,0.0009980790119965865,0.001949317738791423,0,0.0,0.0009980790119965865,0.001949317738791423,4,0.6103304028511047,0.11697721481323242,True,500,0.95,1,0.5263549000024795,0.5427766174077987,0.282263434329352,0.30069463848405986,0.4180281080305576,0.43598846867680546,"21487,4534,10626,21562,26328,6900,26359,2642,22931,27388,7174,11416,3562,10188,12188,25914,18298,30447,17368,9016,5703,6501,2311",1.0,23,23,False,True,True,True,True,True,True,True,True,True,True,True,True,True,64,0.99,-886.6713166117311,True,True,0.2910933263975416,validation/prefix/length_23/candidate_00_center.npy,87a78cd6c2bb39489d5e88f5e725852ac3680c621c12dea217fa8a5f10e1a3ad,True,10.0
prefix,24,"21641,28305,15248,4809,6949,24739,11862,19010,27455,30621,19602,2117,3893,24755,12011,6994,17741,27927,13323,13308,12152,7659,28671,16998","suspicious korrekt Manufacturer apoi sexual Successful lire twitter mențin Literary CNN traffic expression ascuns individually shouldn clarify doubl Apart ("" proposals Illinois breastfeeding gay",True,-0.6128941593093924,0.0,0.07248749256134024,0.5211442203391541,0.6040918110709008,0.6727661539159302,0.22562254495418538,0.2867317066765943,0.30643645348373105,0.3354093835129324,0.395171447849573,0.4416164949488519,0.45386563405078495,0.0,0,0.0,0.0009980790119965865,0.001949317738791423,0,0.0,0.0009980790119965865,0.001949317738791423,3,0.001,0.0025825051382936544,0.3391812865497076,4,0.6103304028511047,0.1381772756576538,True,500,0.95,1,0.5128964185714722,0.5280693769454956,0.30089170453978686,0.3126318220357517,0.4473188154399395,0.46031142920255663,"21641,28305,15248,4809,6949,24739,11862,19010,27455,30621,19602,2117,3893,24755,12011,6994,17741,27927,13323,13308,12152,7659,28671,16998",1.0,24,24,False,True,True,True,True,True,True,True,True,True,True,True,True,True,64,0.99,-772.1821285845955,True,True,0.30643645348373105,validation/prefix/length_24/candidate_00_center.npy,b223973d24d397d9aadc380ec8a89a6a3e6d2c85de2f508f6645e487714db54e,True,10.0
prefix,25,"19856,4445,1404,21454,20653,13048,18151,24937,27255,18086,19080,19098,840,18931,1653,25030,19620,14787,27605,24659,1700,8999,18166,746,25228",CBS alt Many contradict Barack Release adapté industria thirteen fete Volkswagen Tale living Barry custom prze preparat Dich liquidity femeile dintre pregnancy instructors questions communiqué,True,-0.6153321502404914,0.0,0.09057547569274893,0.5039609290463019,0.6130602545309634,0.6939081338175863,0.22092326306799476,0.28656059035960313,0.3090758711296709,0.34135831425591684,0.38543711752192944,0.4381968362642891,0.45322371362891656,0.0,0,0.0,0.0009980790119965865,0.001949317738791423,0,0.0,0.0009980790119965865,0.001949317738791423,5,0.0016666666666666668,0.0035011258326776203,0.42105263157894735,4,0.6103304028511047,0.13679271936416626,True,500,0.95,1,0.495980441570282,0.5178255051374435,0.2994492498191489,0.31711338103049747,0.4458338923752308,0.460917279869318,"19856,4445,1404,21454,20653,13048,18151,24937,27255,18086,19080,19098,840,18931,1653,25030,19620,14787,27605,24659,1700,8999,18166,746,25228",1.0,25,25,False,True,True,True,True,True,True,True,True,True,True,True,True,True,64,0.99,-563.3145794933951,True,True,0.3090758711296709,validation/prefix/length_25/candidate_00_center.npy,c1c021e4147f1adfa3b180253931b3d1312219cedaeaeb6784e63cd8d68d2d7e,True,10.0
prefix,26,"29184,1181,5565,12068,16757,12454,1617,28571,26055,21163,21626,18223,25222,8024,11529,22731,9859,27252,29403,13060,874,363,9911,17885,25552,31221",Minecraft anti pleasure toxic SB transmis doar Davies mărturi angegeben adica temporarily 11:00 languages Alliance sustine contributed contradiction Possible groom five What spouse Historical bakery shortcomings,True,-0.5583747272690973,0.0,0.06114550352096548,0.5486207232961714,0.6370093023555998,0.7074813173573798,0.192259555072896,0.2577137532311399,0.29091094294996744,0.3279155566045926,0.3412317010472447,0.4015476289778627,0.41990534102341415,0.0,0,0.0,0.0009980790119965865,0.001949317738791423,0,0.0,0.0009980790119965865,0.001949317738791423,0,0.0,0.0009980790119965865,0.001949317738791423,3,0.6024760007858276,0.09752941131591797,True,500,0.95,1,0.5422398447990417,0.5588783979415893,0.2761030939145421,0.29832243461503216,0.4128629006445408,0.42938998267054557,"29184,1181,5565,12068,16757,12454,1617,28571,26055,21163,21626,18223,25222,8024,11529,22731,9859,27252,29403,13060,874,363,9911,17885,25552,31221",1.0,26,26,False,True,True,True,True,True,True,True,True,True,True,True,True,True,64,0.99,-636.793765784194,True,True,0.29091094294996744,validation/prefix/length_26/candidate_00_center.npy,28112c74c39d4cd50cd9f7cf6688b8cfce213e64d09124f38b144c9c82aecade,True,10.0
prefix,27,"7004,15911,27936,12633,6020,5163,5816,25035,26931,8933,27383,7739,14938,4153,27770,2050,10541,9747,12753,15570,7096,14697,23068,10434,1318,26499,7511",scientists déroul VIII relaxation programming fairly stored nieder șans Erfolg garnish 1/2 duck pack hymn centre câ Commercial Richtung Chen whil Pai fenomen marijuana Im Merkel hopes,True,-0.6095861783799823,0.0,0.07759084224700918,0.5140490261024979,0.6209841138901953,0.7026033039438586,0.21116206598299084,0.2823986436919513,0.30833458025711885,0.34841682064345775,0.37766617785056417,0.4311918120594964,0.44849489854357355,0.0,0,0.0,0.0009980790119965865,0.001949317738791423,0,0.0,0.0009980790119965865,0.001949317738791423,2,0.0006666666666666666,0.002097095855532433,0.2124756335282651,4,0.6103304028511047,0.13851222395896912,True,500,0.95,1,0.5034921169281006,0.5215884849429131,0.29911077974615136,0.31341403253920946,0.44095093235373495,0.456437249481678,"7004,15911,27936,12633,6020,5163,5816,25035,26931,8933,27383,7739,14938,4153,27770,2050,10541,9747,12753,15570,7096,14697,23068,10434,1318,26499,7511",1.0,27,27,False,True,True,True,True,True,True,True,True,True,True,True,True,True,64,0.99,-943.8898691758484,True,True,0.30833458025711885,validation/prefix/length_27/candidate_00_center.npy,5c6d8e0bfcd327947eb413a9497436986daf1eca9ed020227fd0baef0e3fdd4b,True,10.0
prefix,28,"28671,12592,2649,8613,24775,7409,7116,18122,3887,24010,795,13422,9003,5987,19737,18998,3885,11614,13104,198,8529,15201,27265,29008,7533,14689,5821,6523",breastfeeding unnecessary http 1.5 vérifier Ski Fest Staat dogs Bö provides prep nehmen wealth Tire măsuri Son vitr underground și Along Campus klicken Treffen watched Dimension replaced hosted,True,-0.5644699787180806,0.0,0.04127224206924429,0.5568369660376762,0.6296090692302028,0.7045513202549911,0.2091425704038627,0.2692721800270967,0.28665339259442424,0.3253034407267758,0.363222387491447,0.41266845999185753,0.4273438881503865,0.0,0,0.0,0.0009980790119965865,0.001949317738791423,0,0.0,0.0009980790119965865,0.001949317738791423,0,0.0,0.0009980790119965865,0.001949317738791423,2,0.6064047813415527,0.07201993465423584,True,500,0.95,1,0.548629754781723,0.5631315439939499,0.28051479257457307,0.29622857587049106,0.42069286480546,0.4349456630647182,"28671,12592,2649,8613,24775,7409,7116,18122,3887,24010,795,13422,9003,5987,19737,18998,3885,11614,13104,198,8529,15201,27265,29008,7533,14689,5821,6523",1.0,28,28,False,True,True,True,True,True,True,True,True,True,True,True,True,True,64,0.99,-650.9749682529957,True,True,0.28665339259442424,validation/prefix/length_28/candidate_00_center.npy,1344a7128ce2bcaa80020113f6025cdbad28e22e24192aea64ca2ab0eb57b734,True,10.0
prefix,29,"30133,12119,19601,28156,27125,12259,12892,9015,20763,4893,25195,5857,4006,12459,10683,31474,5509,16518,18454,28652,5824,24041,3973,31424,22801,28882,27461,27316,7384",plentiful Twi viruses formulate schlimm suicide Current programmes Candidates https (2013) vertical carried altfel Pad Identification Tar reproduce cancelled confrunta Pacific hackers emotional considère jointly massacre Ferguson autovehicul repairs,True,-0.5619362860684601,0.0,0.09538866996765127,0.5281703051525879,0.626678301451763,0.7097147796756501,0.20234787059363846,0.27257077797954415,0.2918091115260679,0.318262115200415,0.35680903060277025,0.4108914789137355,0.42501691832245203,0.0,0,0.0,0.0009980790119965865,0.001949317738791423,0,0.0,0.0009980790119965865,0.001949317738791423,3,0.001,0.0025825051382936544,0.5126705653021443,3,0.6024760007858276,0.15420925617218018,True,500,0.95,1,0.5157660841941833,0.536301226913929,0.2858190764773568,0.2977394456429311,0.4188055545091629,0.4335599474608898,"30133,12119,19601,28156,27125,12259,12892,9015,20763,4893,25195,5857,4006,12459,10683,31474,5509,16518,18454,28652,5824,24041,3973,31424,22801,28882,27461,27316,7384",1.0,29,29,False,True,True,True,True,True,True,True,True,True,True,True,True,True,64,0.99,-451.1224037544217,True,True,0.2918091115260679,validation/prefix/length_29/candidate_00_center.npy,c1edb31d78c770e7318ac68d8b2887c7c320ff78402aa16e7f36a106edb1a68b,True,10.0
prefix,30,"14914,17601,24019,22740,5419,3153,28191,6253,1467,11646,15418,15419,5602,14845,6301,16740,4036,290,8686,18924,26228,12153,23432,16544,2364,27194,3591,26178,21866,24782",Wayne undergo wifi miercuri wireless artists Füll pie parts celebrating verbunden ferme ajuta Wetter lume dashboard celebrate There impressed tester (2016) incorrect libertate toast Pentru Hidden birthday Holocaust Limo („,True,-0.5229850671320442,0.0,0.05937655687332144,0.5451250320334652,0.6363199438845186,0.7101245632834092,0.17712694261725082,0.24613474489093154,0.2736132320455688,0.3208734759631995,0.31956428937491627,0.3799355761192825,0.4004972323131721,0.0,0,0.0,0.0009980790119965865,0.001949317738791423,0,0.0,0.0009980790119965865,0.001949317738791423,0,0.0,0.0009980790119965865,0.001949317738791423,4,0.6103304028511047,0.10964232683181763,True,500,0.95,1,0.5393873438239097,0.551623523235321,0.2623884051238962,0.2831676468041201,0.39101422354578974,0.4111733175814152,"14914,17601,24019,22740,5419,3153,28191,6253,1467,11646,15418,15419,5602,14845,6301,16740,4036,290,8686,18924,26228,12153,23432,16544,2364,27194,3591,26178,21866,24782",1.0,30,30,False,True,True,True,True,True,True,True,True,True,True,True,True,True,64,0.99,-693.1585479440298,True,True,0.2736132320455688,validation/prefix/length_30/candidate_01_center.npy,c352a87be78bbc31720039e4930b0d4df48135e28edbd5b3e7af2e91db93220c,True,10.0
suffix,1,23549,Diabetes,True,-999.5656000563534,99.7296909390535,0.11070700407028189,0.2814010874584939,0.37953466497485217,0.4666359853878161,0.4729641816192167,0.5224326523214263,0.5421937494627823,0.5836588095691327,0.8004716676573964,0.8179726873252584,0.8245239392379256,0.0,0,0.0,0.0009980790119965865,0.001949317738791423,2999,0.9996666666666667,0.9999829023813701,1.0,3000,1.0,1.0,1.0,3,0.6024760007858276,0.17605063319206238,True,500,0.95,1,0.2723131477832794,0.2900103971362114,0.535051934575616,0.5457994778840177,0.821257196366787,0.832130317389965,23549,1.0,1,1,False,True,False,False,True,False,True,True,False,False,True,False,True,False,64,0.99,-1273.4036307589006,True,True,0.5421937494627823,validation/suffix/length_01/candidate_01_center.npy,2ed249f5cb6970f5138ec959e3a704ffd21b92101cdd3921f9f4492fac175cb9,False,10.0
suffix,2,"30938,28868",Băsescu Romney,True,-997.399933578459,99.52444226032938,0.10188772201538077,0.3326874975870601,0.42349274536391424,0.5157489129412448,0.4328423517680692,0.4863292618329574,0.5010211522635936,0.5229611913256956,0.7363087384341817,0.7575135713030036,0.763133627802239,0.0,0,0.0,0.0009980790119965865,0.001949317738791423,2676,0.892,0.9012018032235111,1.0,3000,1.0,1.0,1.0,4,0.6103304028511047,0.19026824831962585,True,500,0.95,1,0.32561713457107544,0.3395750284194946,0.4947314191748538,0.5058503732115426,0.7599996700882912,0.768322016298771,"30938,28868",1.0,2,2,False,True,False,False,True,False,True,True,False,False,True,False,True,False,64,0.99,-999.5543476111575,True,True,0.5010211522635936,validation/suffix/length_02/candidate_05_center.npy,740d88577774cea75f2c70f4ffb46905916f8733109e32ed8409ae0a38687011,False,10.0
suffix,3,"27669,18182,31330",paycheck Religion homosexual,True,-994.5212619729476,99.25092826319225,0.09193136215209952,0.370811410484091,0.4625754757222792,0.5435351693651698,0.3850153271787299,0.43255859352972875,0.445783847462173,0.46143602054731986,0.6536508814200306,0.6765255455186276,0.6818811867220943,0.0,0,0.0,0.0009980790119965865,0.001949317738791423,395,0.13166666666666665,0.14225413190243888,1.0,3000,1.0,1.0,1.0,3,0.6024760007858276,0.15379494428634644,True,500,0.95,1,0.36273661255836487,0.3758888281881809,0.4416563226265726,0.44978737460278334,0.6785240903496742,0.6865790665149689,"27669,18182,31330",1.0,3,3,False,True,False,False,True,False,True,True,False,False,True,False,True,False,64,0.99,-998.3342229829105,True,True,0.445783847462173,validation/suffix/length_03/candidate_00_center.npy,5748e16a168510b6d78ee610ba880948fbf1b677dddc96dfcb532b0dfb2a1287,False,10.0
suffix,4,"21916,29718,27923,31926",treaba Mormon stimmt schizophrenia,True,-994.5362677395206,99.25228693926144,0.06598009586334219,0.3910128122964914,0.4855362671391475,0.5708044569607463,0.38043587681144964,0.43292450812292377,0.4474511792216985,0.4717586547316591,0.6461010758289786,0.6742368012008885,0.6801953947243147,0.0,0,0.0,0.0009980790119965865,0.001949317738791423,132,0.044,0.05066485114570388,0.9395711500974658,3000,1.0,1.0,1.0,4,0.6103304028511047,0.12894052267074585,True,500,0.95,1,0.38298889994621277,0.39583057165145874,0.4433114503651682,0.45131206105832483,0.6777830749750138,0.6863659366965293,"21916,29718,27923,31926",1.0,4,4,False,True,False,False,True,False,True,True,False,False,True,False,True,False,64,0.99,-998.6353421986552,True,True,0.4474511792216985,validation/suffix/length_04/candidate_03_center.npy,73d20ae5db1ebf52bded121d7c277e5492ae75a102cf1c4159f0528a631fa090,False,10.0
suffix,5,"27873,15708,23549,2732,7244",rapper ridiculous Diabetes atunci français,True,-991.3912651029609,98.94720570959711,0.06527044296264639,0.41561735042726705,0.514186298004814,0.6064720919369263,0.33585323769819464,0.3993033116950182,0.4151202741753036,0.45050439802390974,0.5769180220150193,0.6159458378149143,0.6256430144953102,0.0,0,0.0,0.0009980790119965865,0.001949317738791423,1,0.0003333333333333333,0.001580301827458731,0.09941520467836257,2996,0.9986666666666667,0.9995444364610315,1.0,3,0.6024760007858276,0.1072213351726532,True,500,0.95,1,0.4092978835105896,0.4229605495929718,0.408837844434875,0.42019036678746624,0.6208094641566276,0.6318695366382598,"27873,15708,23549,2732,7244",1.0,5,5,False,True,False,False,True,False,True,True,False,False,True,False,True,False,64,0.99,-997.6215615791858,True,True,0.4151202741753036,validation/suffix/length_05/candidate_00_center.npy,b55cecc916ca34b694e2c4f662d76686c0b0d1cf87ecce9c433eb4fe1eba8fe0,False,10.0
suffix,6,"13687,15920,20480,9399,16784,24061",Minute PHP zombie inainte zice Viagra,True,-987.6274681747435,98.57140367374411,0.048332114219665434,0.42711574518916817,0.515926450614431,0.5979334619595882,0.3458248886715479,0.3984039925417401,0.4110976041838737,0.4335472065691668,0.5919114209204978,0.6199388116700971,0.6261957979706547,0.0,0,0.0,0.0009980790119965865,0.001949317738791423,0,0.0,0.0009980790119965865,0.001949317738791423,2985,0.995,0.9969154433975471,1.0,4,0.6103304028511047,0.10838645696640015,True,500,0.95,1,0.4167226552963257,0.4350098967552185,0.4063219656655095,0.4166989319274476,0.6234917923808098,0.6318030610680581,"13687,15920,20480,9399,16784,24061",1.0,6,6,False,True,False,False,True,False,True,True,False,False,True,False,True,False,64,0.99,-997.3886783252174,True,True,0.4110976041838737,validation/suffix/length_06/candidate_00_center.npy,f8687b4bbacd20bc49dcc36979c0ddde39aa9ad4f35dd817110b783624def689,False,10.0
suffix,7,"22623,23207,2599,6239,12743,29061,19678",Dragnea MORE Florida etwa Smartphone Pokemon excluded,True,-878.7544920574899,87.7,0.03736855506896963,0.4551326016092742,0.5551542597532931,0.6353080114018326,0.3224729129403476,0.3769859928175835,0.39525299415953363,0.42380806858959,0.5560060362713297,0.5868502123589784,0.595364352499996,0.0,0,0.0,0.0009980790119965865,0.001949317738791423,0,0.0,0.0009980790119965865,0.001949317738791423,2661,0.887,0.8963919551603635,1.0,3,0.6024760007858276,0.08043259382247925,True,500,0.95,1,0.4488474130630493,0.4666520655155182,0.38866709400239025,0.39830006771453347,0.5904376998543739,0.6008078381419182,"22623,23207,2599,6239,12743,29061,19678",1.0,7,7,False,True,True,True,True,False,True,True,True,False,True,False,True,False,64,0.99,-995.7260817720899,True,True,0.39525299415953363,validation/suffix/length_07/candidate_00_center.npy,17946756e97d4666460f2e1ceabd3c17a785d2e776ec4d994b1db3fb07f64fcc,False,10.0
suffix,8,"18794,11353,21966,6136,10919,28868,5250,20076",nochmal sensibil Podcast false recommendation Romney attractive celebrities,True,-541.6913962475918,54.03333333333333,0.06684609174728384,0.4585948060598291,0.5560248277654638,0.6402036262772353,0.30664696587053664,0.3595261466002858,0.37358466509570937,0.40098906115805816,0.5254831573039455,0.5581067989420758,0.5655051402813364,0.0,0,0.0,0.0009980790119965865,0.001949317738791423,0,0.0,0.0009980790119965865,0.001949317738791423,1651,0.5503333333333333,0.5653980651727539,1.0,4,0.6103304028511047,0.11109492182731628,True,500,0.95,1,0.4543837010860443,0.46423859149217606,0.36749010694183076,0.3763606484448952,0.561144796013832,0.5709670707583427,"18794,11353,21966,6136,10919,28868,5250,20076",1.0,8,8,False,True,True,True,True,False,True,True,True,True,True,False,True,False,64,0.99,-996.9239803313349,True,True,0.37358466509570937,validation/suffix/length_08/candidate_01_center.npy,d9d9e859a7f01a6711736e8e3c8eaa64c747ff0bc2e62a547fea0f3b346a528a,False,10.0
suffix,9,"20644,4235,21264,5312,26131,20928,23713,2183,9735",Batman direkt validity Price Iohannis dispozitie racist daca myth,True,-885.8426270350456,88.4068838667145,0.036695320606231596,0.4524882681134314,0.549320280578692,0.6439532501470738,0.32912963952743735,0.3853815902981889,0.39795394505175163,0.42127892288203195,0.563066939347051,0.5958570048589277,0.6041303200286963,0.0,0,0.0,0.0009980790119965865,0.001949317738791423,0,0.0,0.0009980790119965865,0.001949317738791423,2682,0.894,0.9031240046550187,1.0,4,0.6103304028511047,0.10294663906097412,True,500,0.95,1,0.4447212636470795,0.46076351404190063,0.3936574638971193,0.4041035692919533,0.5993563741445541,0.6079632192850113,"20644,4235,21264,5312,26131,20928,23713,2183,9735",1.0,9,9,False,True,True,False,True,False,True,True,False,False,True,False,True,False,64,0.99,-995.4207743263934,True,True,0.39795394505175163,validation/suffix/length_09/candidate_00_center.npy,4a22cd7c7474dde50caef03f4b5e6b26fe2681bfd2647f3a488302eba1e04df4,False,10.0
suffix,10,"15788,25478,1186,383,11874,23315,21378,26046,21741,13214",disagree Needles April during Girl Craiova Fixed bullying vreun mice,True,-957.8729663462386,95.60343850117096,0.06628580808639517,0.4275988869919929,0.5137933812989088,0.5953874161897931,0.3339587532072128,0.380210692759527,0.39398940759606016,0.4127249056156627,0.5704795381738051,0.5956765468668322,0.6020631007025747,0.0,0,0.0,0.0009980790119965865,0.001949317738791423,0,0.0,0.0009980790119965865,0.001949317738791423,2898,0.966,0.9712689994884711,1.0,3,0.6024760007858276,0.13533252477645874,True,500,0.95,1,0.4198360837996006,0.4355452358722687,0.38873042087954324,0.39776843886949587,0.5977395877242089,0.6061214849352836,"15788,25478,1186,383,11874,23315,21378,26046,21741,13214",1.0,10,10,False,True,True,False,True,False,True,True,True,False,True,False,True,False,64,0.99,-995.9825784978916,True,True,0.39398940759606016,validation/suffix/length_10/candidate_00_center.npy,4e92912273af5e31e493f0a6e6c0f4c7ccffc8480b7dbf8d4a00d1053588473b,False,10.0
suffix,11,"21622,3832,2350,17872,10620,22623,31001,27204,506,7848,15788",monkey chicken Program nicio cure Dragnea ideologi replay These emotions disagree,True,-980.4831909236259,97.86091693507791,0.08040680408477774,0.42854162655649186,0.5352949987591518,0.6303092638932715,0.31832370390951975,0.38980565483697993,0.4072496277459425,0.4322630606464826,0.5554708306824643,0.596555747762496,0.6056757194278313,0.0,0,0.0,0.0009980790119965865,0.001949317738791423,1,0.0003333333333333333,0.001580301827458731,0.14035087719298245,2965,0.9883333333333333,0.9913650553620453,1.0,3,0.6024760007858276,0.13480466604232788,True,500,0.95,1,0.4221291713416576,0.4376942217350006,0.40211178857130736,0.4103852175292192,0.6015498891472817,0.6112777784466743,"21622,3832,2350,17872,10620,22623,31001,27204,506,7848,15788",1.0,11,11,False,True,False,False,True,False,True,True,False,False,True,False,True,False,64,0.99,-996.8557489684079,True,True,0.4072496277459425,validation/suffix/length_11/candidate_00_center.npy,4902aecb036b83ae717a3d1f601aa02dc7b5203a5a307d6490be44880f0df2dd,False,10.0
suffix,12,"6139,24803,2301,13857,18398,28246,7023,14877,6032,19741,3799,31124",crazy ministère moved Brexit Johnny rasa Choose texts attacks niciodata fără reagieren,True,-957.3854410363634,95.55328982234616,0.08773781776428213,0.40565825274691447,0.5177867401979219,0.6139582378839564,0.32739170255427896,0.3912833162603682,0.4028307924227611,0.43233138784414926,0.5630500152484895,0.5996376962688981,0.6077277047735519,0.0,0,0.0,0.0009980790119965865,0.001949317738791423,2,0.0006666666666666666,0.002097095855532433,0.2826510721247563,2896,0.9653333333333334,0.9706540533035953,1.0,3,0.6024760007858276,0.16336539387702942,True,500,0.95,1,0.39411876499652865,0.4173053205013275,0.39920540052341585,0.40746555074052854,0.60460674315691,0.6143065750598907,"6139,24803,2301,13857,18398,28246,7023,14877,6032,19741,3799,31124",1.0,12,12,False,True,False,False,True,False,True,True,False,False,True,False,True,False,64,0.99,-995.5024157834273,True,True,0.4028307924227611,validation/suffix/length_12/candidate_00_center.npy,97ad383a0f2da73ca821b8edf0969e7eb3606914e2e7611232618f7bc9f5830b,False,10.0
suffix,13,"26297,21603,894,246,2343,31447,16662,15876,30425,23454,29278,25333,19627",sushi summarize seen să plastic plagiarism THAT homeless Sandwich Thread Stafford genul copilului,True,-970.8452142797506,96.89999999999999,0.08049102544784537,0.4257779106333609,0.5160643028938866,0.6045534253913348,0.3195245517653342,0.38165930475236626,0.3954908308144225,0.4212443943503611,0.548168444800406,0.5881456391048839,0.5972906829565009,0.0,0,0.0,0.0009980790119965865,0.001949317738791423,1,0.0003333333333333333,0.001580301827458731,0.21832358674463936,2937,0.979,0.9831218988079559,1.0,3,0.6024760007858276,0.12452366948127747,True,500,0.95,1,0.41738230288028716,0.43503533899784086,0.38983069882042304,0.40153959664967964,0.5927613899111748,0.6028529554605484,"26297,21603,894,246,2343,31447,16662,15876,30425,23454,29278,25333,19627",1.0,13,13,False,True,True,True,True,False,True,True,False,False,True,False,True,False,64,0.99,-995.5730561302765,True,True,0.3954908308144225,validation/suffix/length_13/candidate_00_center.npy,bdad762322998de240885bccca0343b0cf2a04ba272bf790b365f50f427fec9c,False,10.0
suffix,14,"6331,30611,198,490,21966,23100,25415,1083,27550,31765,29981,8833,9460,30981",birds procéder și real Podcast privilégi mushroom currently sneakers Hernandez Therapist Money refuse ideological,True,-919.7849557427617,91.8,0.060769815444946196,0.4255938805572274,0.5441987991724457,0.6362338320810064,0.3059627301907766,0.3769875750878347,0.39191846370828015,0.4277526227439116,0.5290940414748021,0.5746816211167447,0.5866282030539167,0.0,0,0.0,0.0009980790119965865,0.001949317738791423,0,0.0,0.0009980790119965865,0.001949317738791423,2784,0.928,0.9356174461452976,1.0,4,0.6103304028511047,0.1184258759021759,True,500,0.95,1,0.41613954305648804,0.43635605946183204,0.3860105991320894,0.3992877159925542,0.5807875081896782,0.5935219526290894,"6331,30611,198,490,21966,23100,25415,1083,27550,31765,29981,8833,9460,30981",1.0,14,14,False,True,True,True,True,False,True,True,True,True,True,False,True,False,64,0.99,-996.3841646853149,True,True,0.39191846370828015,validation/suffix/length_14/candidate_01_center.npy,3127603593b60420dc8c04b827a4a8f70c9f3eabe0be2515294b0d582b110eb4,False,10.0
suffix,15,"23792,6422,10802,13213,21345,8379,22746,13404,26778,25333,12985,2863,28446,19329,16096",convient $5 joke donate Anything servers relocation chairman Bisericii genul proiecte (19 amenajat retard immigrants,True,-952.165086593444,95.03333333333333,0.07507075786590567,0.4199731340643363,0.51668952943006,0.6046576541794331,0.32575981562778744,0.3824929402760435,0.3962173763191746,0.4221208699658246,0.5566607829447313,0.5915337842599532,0.5989635234408068,0.0,0,0.0,0.0009980790119965865,0.001949317738791423,0,0.0,0.0009980790119965865,0.001949317738791423,2881,0.9603333333333334,0.9660254997137574,1.0,4,0.6103304028511047,0.15299063920974731,True,500,0.95,1,0.41176485940814017,0.4327157199382782,0.3918458149996882,0.3988456965604575,0.5953256919980049,0.6050912320613862,"23792,6422,10802,13213,21345,8379,22746,13404,26778,25333,12985,2863,28446,19329,16096",1.0,15,15,False,True,True,True,True,False,True,True,True,False,True,False,True,False,64,0.99,-996.0722942399452,True,True,0.3962173763191746,validation/suffix/length_15/candidate_00_center.npy,b023cca1c90375b12e016415d59c298687406a7795ac01099662034421b212cd,False,10.0
suffix,16,"28461,17542,24584,22893,28606,1881,13909,22623,4178,23317,14902,30037,25523,25251,2652,25851",dialect Sind punish cigarettes lumină Ex ghost Dragnea doch guitarist Soon echival fühlt politische mention idiot,True,-894.0958963150133,89.23333333333333,0.07472177267074576,0.42945523835905075,0.5341099358906629,0.6216294347419288,0.3159800536836096,0.379975065152931,0.3929648053332808,0.42143618473450634,0.5426142392781855,0.5839636938895886,0.5933090957707438,0.0,0,0.0,0.0009980790119965865,0.001949317738791423,1,0.0003333333333333333,0.001580301827458731,0.23586744639376217,2707,0.9023333333333333,0.911121782150067,1.0,3,0.6024760007858276,0.1379590928554535,True,500,0.95,1,0.42016307562589644,0.44057039394974706,0.3874639833320497,0.3964939979758191,0.5893335834145546,0.5986740663647652,"28461,17542,24584,22893,28606,1881,13909,22623,4178,23317,14902,30037,25523,25251,2652,25851",1.0,16,16,False,True,True,True,True,False,True,True,True,True,True,False,True,False,64,0.99,-995.9017576563551,True,True,0.3929648053332808,validation/suffix/length_16/candidate_00_center.npy,fb9e4366c0d79c14e122762ab13ded77974eb2ace27132ab4325bf44fd2616f7,False,10.0
suffix,17,"17586,6986,20037,10841,12780,28974,21,12262,6765,30968,28905,6539,8925,4155,10110,861,18243",£2 occurs referendum aşa SMS allocate for reset strange hijack Injury necessarily 1) Ball bă child answering,True,-909.4396646989826,90.76666666666667,0.08360560655593863,0.41291662750716174,0.5159572822390939,0.6057327231244773,0.3163355909463776,0.37944059024947197,0.38998480286221804,0.42004743186133525,0.5407225453013472,0.5804188991158384,0.5894771213027004,0.0,0,0.0,0.0009980790119965865,0.001949317738791423,0,0.0,0.0009980790119965865,0.001949317738791423,2753,0.9176666666666666,0.925783630949949,1.0,4,0.6103304028511047,0.15659326314926147,True,500,0.95,1,0.4059273563325405,0.421901673078537,0.3859517729609605,0.3980732934336626,0.5860348209738732,0.5967430651187897,"17586,6986,20037,10841,12780,28974,21,12262,6765,30968,28905,6539,8925,4155,10110,861,18243",1.0,17,17,False,True,True,True,True,False,True,True,True,True,True,False,True,False,64,0.99,-996.4592625477807,True,True,0.38998480286221804,validation/suffix/length_17/candidate_00_center.npy,50c9f9742a2c9ae46b4582d044f05f585c280c6f6ee3151e801ec9ca4452133b,False,10.0
suffix,18,"8132,11711,13619,3242,299,4541,23416,16320,18176,17737,21655,5123,3661,26178,26952,31542,5198,6308","donner corporations symbols ourselves But typical Prophet sistemului mayor 1800 overlap 2016, restaurants Holocaust identitate neuroscience facut Simon",True,-964.3428434732333,96.24856041810074,0.0770892095565795,0.41364325647983113,0.5154969006542558,0.606106636642774,0.32560746354466036,0.3858164118854986,0.40309435091767526,0.43078499905162054,0.5604589126619108,0.5966264246780265,0.6044947244839326,0.0,0,0.0,0.0009980790119965865,0.001949317738791423,2,0.0006666666666666666,0.002097095855532433,0.2826510721247563,2917,0.9723333333333334,0.9770803853012614,1.0,4,0.6103304028511047,0.16443759202957153,True,500,0.95,1,0.4022986590862274,0.4225708842277527,0.3980998400913497,0.4078359043501613,0.6019648835062981,0.6107838869094848,"8132,11711,13619,3242,299,4541,23416,16320,18176,17737,21655,5123,3661,26178,26952,31542,5198,6308",1.0,18,18,False,True,False,False,True,False,True,True,False,False,True,False,True,False,64,0.99,-994.8247104094685,True,True,0.40309435091767526,validation/suffix/length_18/candidate_03_center.npy,0c2c9719ce6a1614fd69b9b7b721e97c2e623f6f108950f72fa15156908c7cac,False,10.0
suffix,19,"31682,23484,16467,2643,1203,21078,18571,1446,879,4879,28712,19789,28405,19643,2472,11804,28712,3046,22721",trolley impaired respondents scale Also Yang trendy instead general guard Soldier Croatia Infant viitoare doctor Tiger Soldier Twitter dentistry,True,-940.1407431239747,93.83333333333333,0.08623929738998404,0.4040373724557097,0.511573972243011,0.5969107070042696,0.3133995410859184,0.3765610972596183,0.391508144535211,0.4291914023647905,0.5381704244447421,0.5787085047644741,0.5901374802342403,0.0,0,0.0,0.0009980790119965865,0.001949317738791423,1,0.0003333333333333333,0.001580301827458731,0.24951267056530213,2845,0.9483333333333334,0.9548206729861497,1.0,4,0.6103304028511047,0.17561393976211548,True,500,0.95,1,0.3939863257110119,0.41393231973052025,0.38555317406770573,0.3985754045907407,0.5846670880913735,0.5969164818525314,"31682,23484,16467,2643,1203,21078,18571,1446,879,4879,28712,19789,28405,19643,2472,11804,28712,3046,22721",1.0,19,19,False,True,True,True,True,False,True,True,True,True,True,False,True,False,64,0.99,-995.2728202874903,True,True,0.391508144535211,validation/suffix/length_19/candidate_00_center.npy,e64a3fe182849ccc440409d9684a1c41979cce9867856ad673cddede3eaba19a,False,10.0
suffix,20,"22950,16647,191,26132,6422,19329,22002,22819,26433,2155,13326,28387,13100,13088,20644,11744,6212,8445,2073,6704",sunglasses consumed pentru 10:30 $5 retard quelqu redesign $250 intr litigation ressenti corruption Praxis Batman vreo naturally intellectual files legislation,True,-918.7824857818971,91.7,0.07030357837676993,0.4271924302269043,0.528972571198967,0.6206297031331135,0.3120679361966307,0.379117076701394,0.39154464821908097,0.42221682699778784,0.5353603310878456,0.578612930002557,0.5883151358289498,0.0,0,0.0,0.0009980790119965865,0.001949317738791423,0,0.0,0.0009980790119965865,0.001949317738791423,2781,0.927,0.9346676817913158,1.0,4,0.6103304028511047,0.1398411989212036,True,500,0.95,1,0.4198836386203766,0.43760460466146467,0.38639419742658326,0.3955260706267403,0.5849114939570427,0.5944537132978439,"22950,16647,191,26132,6422,19329,22002,22819,26433,2155,13326,28387,13100,13088,20644,11744,6212,8445,2073,6704",1.0,20,20,False,True,True,True,True,False,True,True,True,True,True,False,True,False,64,0.99,-995.4668593961336,True,True,0.39154464821908097,validation/suffix/length_20/candidate_00_center.npy,f7532d3ed9481d03cc6e4b6ed51d53b1df8a7128097ad21cb3ba50b22ba7cf84,False,10.0
suffix,21,"18383,4896,18337,15623,1403,191,5300,2130,1287,4083,25388,23150,14604,1083,14899,10167,16226,20761,22313,21066,24267",rabbit dynamic desperate Republicans wieder pentru exemple changed excellent RE Quali goodies metres currently vazut sagen Pittsburgh Push NHL upgrading craving,True,-929.4597822166058,92.76666666666667,0.06895007610321036,0.4232519635488256,0.536410844571211,0.6328670340298741,0.3055594061014974,0.3780498860888683,0.3943495337696957,0.4149230205730717,0.5307670160382735,0.5743592594038827,0.5841498594158098,0.0,0,0.0,0.0009980790119965865,0.001949317738791423,0,0.0,0.0009980790119965865,0.001949317738791423,2813,0.9376666666666666,0.9447747039099432,1.0,4,0.6103304028511047,0.17564520239830017,True,500,0.95,1,0.415490560233593,0.4314606785774231,0.38970816996499935,0.40132513897787264,0.5798220723867417,0.5911541789770126,"18383,4896,18337,15623,1403,191,5300,2130,1287,4083,25388,23150,14604,1083,14899,10167,16226,20761,22313,21066,24267",1.0,21,21,False,True,True,True,True,False,True,True,False,True,True,False,True,False,64,0.99,-995.6228182660178,True,True,0.3943495337696957,validation/suffix/length_21/candidate_00_center.npy,689dcfd01749c2bf2a7ef601f8b362a43f08e6ffe7f025813738476c206b4dc0,False,10.0
suffix,22,"8975,982,16644,26048,18214,2820,27854,16748,16731,26131,18039,3368,7530,22305,27935,7885,29201,23896,17833,18390,30938,21155",elsewhere problems burned harvested whale Eine tarziu incepe externe Iohannis Slow island journée régional Zuhause seulement Plastik ştiu REAL pregăt Băsescu inhabitants,True,-981.572315651316,97.96867221393907,0.06569798707962027,0.4227366693741986,0.516166538059207,0.60854413637473,0.3321154404125417,0.3945312392435157,0.4056689713160012,0.4297358146535495,0.570410143357324,0.604507656650182,0.6126998713894448,0.0,0,0.0,0.0009980790119965865,0.001949317738791423,0,0.0,0.0009980790119965865,0.001949317738791423,2968,0.9893333333333333,0.9922241763160776,1.0,3,0.6024760007858276,0.1295022964477539,True,500,0.95,1,0.4147168502211571,0.4300633668899536,0.4017703886526368,0.4102876980553944,0.6088873416185379,0.6183518305420875,"8975,982,16644,26048,18214,2820,27854,16748,16731,26131,18039,3368,7530,22305,27935,7885,29201,23896,17833,18390,30938,21155",1.0,22,22,False,True,False,False,True,False,True,True,False,False,True,False,True,False,64,0.99,-995.5467903365096,True,True,0.4056689713160012,validation/suffix/length_22/candidate_04_center.npy,3b5b8f9dab8fe5c68407d79db512be9b2a0a12a5345ce68ea8d766fb557ec0b8,False,10.0
suffix,23,"16398,3932,8540,30487,26557,12479,12743,22041,25027,27305,31330,6446,2379,473,30775,14563,111,3192,28694,20897,17261,16623,18804",partager trebui Wil albastru ignorance hart Smartphone Rau wizard omega homosexual complicated French feel Phuket né în vă Geschwindigkeit invented corrupt bitcoin societies,True,-560.3687068315718,55.89999999999999,0.06641228914260855,0.4555792333367744,0.5417122735681753,0.6263065613902191,0.2980681236353047,0.35807398208224517,0.3696531677162076,0.4002514981127749,0.5151942737045027,0.5518390956023939,0.5605515444754612,0.0,0,0.0,0.0009980790119965865,0.001949317738791423,0,0.0,0.0009980790119965865,0.001949317738791423,1707,0.569,0.5839839051514597,1.0,3,0.6024760007858276,0.1321534514427185,True,500,0.95,1,0.44557666778564453,0.4637172855436802,0.36579881186659935,0.37525862339561106,0.5559201031923294,0.5655385375022888,"16398,3932,8540,30487,26557,12479,12743,22041,25027,27305,31330,6446,2379,473,30775,14563,111,3192,28694,20897,17261,16623,18804",1.0,23,23,False,True,True,True,True,False,True,True,True,True,True,False,True,False,64,0.99,-996.3382221018347,True,True,0.3696531677162076,validation/suffix/length_23/candidate_00_center.npy,c31563735dbc6d06e554cb7f79cadbda831af70acd3a7a8f688fad4214a18170,False,10.0
suffix,24,"19858,22187,18175,17205,14355,10626,8729,10605,12795,9266,11717,7199,29150,16201,18605,9388,5620,8261,22940,8088,1187,27612,8730,26925",crushed improper manipulation Same practicing hired LI Kelly tears 2) supplements Large recunosc beating lesser babies Cover cré officielle 2011. behind Glauben oamenii Valencia,True,-961.1960249994115,95.93550136415787,0.0856297802925109,0.42198077408430595,0.521116256362733,0.6207457661807817,0.3216363661184647,0.38372070460678126,0.40086721232981243,0.4187031218424611,0.5504847858802865,0.5895187780093997,0.5977134507638651,0.0,0,0.0,0.0009980790119965865,0.001949317738791423,4,0.0013333333333333333,0.003048553035598473,0.48927875243664715,2908,0.9693333333333334,0.9743349561246332,1.0,3,0.6024760007858276,0.17468225955963135,True,500,0.95,1,0.4132157564163208,0.4340404622256756,0.3939272230170821,0.4039855210555238,0.5940474048256874,0.6038022235035896,"19858,22187,18175,17205,14355,10626,8729,10605,12795,9266,11717,7199,29150,16201,18605,9388,5620,8261,22940,8088,1187,27612,8730,26925",1.0,24,24,False,True,False,True,True,False,True,True,False,False,True,False,True,False,64,0.99,-995.6437240739897,True,True,0.40086721232981243,validation/suffix/length_24/candidate_00_center.npy,fac85666b44fc23f6032f0d13d36af5e081fc5660a00b40d8174528363e94567,False,10.0
suffix,25,"198,16739,26590,30320,17803,25141,1119,998,31330,960,23707,30701,10802,22745,11812,27413,1124,31067,9967,4081,23230,28495,918,15473,7047",și shifting météo vodka oferta unanimous trying credit homosexual search buddy Cruci joke târziu cineva Transilvania conditions Snyder Zukunft equal Fusion revolt build counterpart Sound,True,-969.3405224485098,96.74824384853233,0.08614351272582998,0.42327898480456494,0.5148936134416888,0.6119344226988755,0.32048052870231414,0.39227475449572474,0.40168010976707397,0.4295378033548976,0.5528086765625552,0.5965114879487282,0.6064261444687817,0.0,0,0.0,0.0009980790119965865,0.001949317738791423,2,0.0006666666666666666,0.002097095855532433,0.2962962962962963,2932,0.9773333333333334,0.9816204598124978,1.0,4,0.6103304028511047,0.16202884912490845,True,500,0.95,1,0.41565442085266113,0.4292931601405144,0.3985612236657665,0.4073352232268319,0.6014435842633248,0.6122457191348076,"198,16739,26590,30320,17803,25141,1119,998,31330,960,23707,30701,10802,22745,11812,27413,1124,31067,9967,4081,23230,28495,918,15473,7047",1.0,25,25,False,True,False,False,True,False,True,True,False,False,True,False,True,False,64,0.99,-995.2615866792368,True,True,0.40168010976707397,validation/suffix/length_25/candidate_00_center.npy,83abb60c97a304f5349ace04f33e1a7bea55320bc749fb6e83104ae006bb5a11,False,10.0
suffix,26,"29895,100,28122,19098,28527,23153,10511,264,11812,13054,381,15653,6140,2937,20104,12650,4837,2183,20758,26046,20505,29290,3347,6614,5169,31067",Stalin This Marble Tale élabor Maple Later So cineva Cir number bringt Platz focused verfügbar relat 400 daca Fame bullying gameplay subtitle OF lässt citizens Snyder,True,-937.1370611328242,93.53333333333333,0.08156957149505606,0.42607801449533494,0.5197384169055616,0.6150817619113548,0.3165432550858117,0.37742140647047945,0.3950160370843905,0.4187787098555016,0.5424664721879912,0.5811992661599312,0.5902903255708548,0.0,0,0.0,0.0009980790119965865,0.001949317738791423,0,0.0,0.0009980790119965865,0.001949317738791423,2836,0.9453333333333334,0.9520023382079854,1.0,3,0.6024760007858276,0.1475415825843811,True,500,0.95,1,0.42271220684051514,0.4332428708672523,0.3887075730150678,0.4000225339420724,0.5857158318161965,0.596158367395401,"29895,100,28122,19098,28527,23153,10511,264,11812,13054,381,15653,6140,2937,20104,12650,4837,2183,20758,26046,20505,29290,3347,6614,5169,31067",1.0,26,26,False,True,True,True,True,False,True,True,False,True,True,False,True,False,64,0.99,-995.0138533741559,True,True,0.3950160370843905,validation/suffix/length_26/candidate_01_center.npy,3103c17bd5438b531d0c9752f307039e414ddc1f856b0afd78290e69bcb77e63,False,10.0
suffix,27,"18045,10623,3169,8570,12697,3776,27513,22875,29682,13169,375,21906,30349,16713,18028,3026,10506,14231,20815,27378,9927,21549,17872,29405,10662,5069,16998",Putin mixing trouble Pr priorities seemed Console obsessed nostalgic mijloc că Bullet Wisdom tattoo séance processing deosebit creatures noticeable Judeţean slight chocolat nicio Grigor Navy male gay,True,-870.3678019716997,86.86666666666667,0.11019654989242544,0.4405043758516181,0.5239577514354572,0.6119976774624752,0.30782473873020033,0.3683171921651747,0.38416660960205645,0.4073964541965478,0.5273264611474546,0.5664335342302185,0.5759772602003111,0.0,0,0.0,0.0009980790119965865,0.001949317738791423,1,0.0003333333333333333,0.001580301827458731,0.3235867446393762,2636,0.8786666666666667,0.8883625466322735,1.0,4,0.6103304028511047,0.1589227318763733,True,500,0.95,1,0.43673738837242126,0.4456359207630157,0.37772108735363563,0.38905577029199895,0.5715363308787346,0.5814817324280739,"18045,10623,3169,8570,12697,3776,27513,22875,29682,13169,375,21906,30349,16713,18028,3026,10506,14231,20815,27378,9927,21549,17872,29405,10662,5069,16998",1.0,27,27,False,True,True,True,True,False,True,True,True,True,True,False,True,False,64,0.99,-995.5809313992286,True,True,0.38416660960205645,validation/suffix/length_27/candidate_00_center.npy,4c74fe159fe50cbd0e104e235787b356a7ba3120e0693593da0b6cc1153790fc,False,10.0
suffix,28,"29657,10634,14110,21966,30308,17604,4263,22940,10901,22561,7738,29458,2563,23570,25306,17508,234,20338,9227,6377,10654,9552,28826,21916,18117,24414,7409,2828",Timisoara buttons Dollar Podcast persecution commander Russian officielle privilege arbor murder nascut avea IEEE Configur inevitable home Gay athletes prop poveste assured devreme treaba Monster glaci Ski map,True,-947.1502493032118,94.53333333333333,0.08598949432373038,0.4350034188187275,0.5167523434417334,0.615222983099512,0.3204275433906913,0.3815166100439992,0.39617076046159755,0.41859633926074197,0.5492967125433964,0.5883574780649069,0.5956601043692603,0.0,0,0.0,0.0009980790119965865,0.001949317738791423,1,0.0003333333333333333,0.001580301827458731,0.21442495126705652,2866,0.9553333333333334,0.9613715205355048,1.0,3,0.6024760007858276,0.15562784671783447,True,500,0.95,1,0.4289434850215912,0.44014883041381836,0.391164746822215,0.40144237722785797,0.593501153588295,0.6020531162619591,"29657,10634,14110,21966,30308,17604,4263,22940,10901,22561,7738,29458,2563,23570,25306,17508,234,20338,9227,6377,10654,9552,28826,21916,18117,24414,7409,2828",1.0,28,28,False,True,True,True,True,False,True,True,False,False,True,False,True,False,64,0.99,-994.5702636954908,True,True,0.39617076046159755,validation/suffix/length_28/candidate_00_center.npy,43f0cfba53d290ab4a530edf138f7eddd0a516ba3c25b50ed26c157fa0d3d5f2,False,10.0
suffix,29,"12156,72,9551,14935,573,4532,29895,1548,530,11436,27215,31221,17626,18842,18465,20474,13395,10992,25179,2546,6918,21421,4455,11131,5892,20540,375,24263,13666",VPN more probabil fears community holds Stalin Well got Hit stencil shortcomings apartament äußer Lau Atom Pine wines iphone produced (3 cuptor Alle wellness tournament Bedarf că Apache organised,True,-980.3261205140556,97.84628074628048,0.10121621608734122,0.40382557423971505,0.5126038028949718,0.6251869423060202,0.30768977044991835,0.38723250163695866,0.4051789651788601,0.42896284631054304,0.5346869868633894,0.5853089220001924,0.5960612003202466,0.0,0,0.0,0.0009980790119965865,0.001949317738791423,24,0.008,0.01123249969360223,0.8265107212475633,2965,0.9883333333333333,0.9913650553620453,1.0,3,0.6024760007858276,0.18357974290847778,True,500,0.95,1,0.3947575718164444,0.4158128499984741,0.3976802890095197,0.4093512554633478,0.5911383017897606,0.6024601817131042,"12156,72,9551,14935,573,4532,29895,1548,530,11436,27215,31221,17626,18842,18465,20474,13395,10992,25179,2546,6918,21421,4455,11131,5892,20540,375,24263,13666",1.0,29,29,False,True,False,True,True,False,True,True,False,False,True,False,True,False,64,0.99,-995.9542376814627,True,True,0.4051789651788601,validation/suffix/length_29/candidate_00_center.npy,88eb0018431d06edf413f6c8a1b200907be22e2075afa583fb520b7c88a65d1f,False,10.0
suffix,30,"27098,28410,3695,198,2841,294,25140,12480,30432,7796,886,18079,17086,2732,4097,7450,28243,808,25591,7926,9323,7826,1128,29600,5831,25264,3228,25343,25829,8030",scazut verteilt Ku și negative part satisfactory serie realtor pros Some Players celebrity atunci 0. conventional românească took Boulder eigentlich (18 Ryan location autograph konnte $35 doubt beneficiaz Louisville mor,True,-831.6495892343842,83.0,0.07114489793777456,0.45328654044034267,0.5375272699263818,0.6482322047054161,0.2944422110214583,0.36055368684473044,0.378996339609938,0.3982122991771177,0.5051355049539732,0.5515037771850264,0.5617007543687538,0.0,0,0.0,0.0009980790119965865,0.001949317738791423,0,0.0,0.0009980790119965865,0.001949317738791423,2520,0.84,0.8509275372134987,1.0,4,0.6103304028511047,0.1381225883960724,True,500,0.95,1,0.4490954279899597,0.45798498913645747,0.3704581867908445,0.3834932384104894,0.5563019424676895,0.5670600458979607,"27098,28410,3695,198,2841,294,25140,12480,30432,7796,886,18079,17086,2732,4097,7450,28243,808,25591,7926,9323,7826,1128,29600,5831,25264,3228,25343,25829,8030",1.0,30,30,False,True,True,True,True,False,True,True,True,True,True,False,True,False,64,0.99,-996.1091563655582,True,True,0.378996339609938,validation/suffix/length_30/candidate_00_center.npy,b3098069f3dbdc13dc1876d197de9dd24c9c162526d397b13131b0e9dbbc8620,False,10.0
random,1,25661,strawberries,True,-1062.0278722922608,105.96778601810168,0.11925210475921622,0.2361707863213492,0.3551571603002577,0.4870881662191588,0.49738666961443634,0.5559553105667944,0.5689876706527559,0.605195444345578,0.8374059398944927,0.8630479931855276,0.8698801633614053,0.0,1,0.0003333333333333333,0.001580301827458731,0.35477582846003897,3000,1.0,1.0,1.0,3000,1.0,1.0,1.0,6,0.6233714818954468,0.21688097715377808,True,500,0.95,1,0.22441153228282928,0.24241405129432678,0.5656225444618354,0.5778960540780148,0.8656488433480263,0.8737272441387176,25661,1.0,1,1,False,True,False,False,True,False,True,True,False,False,True,False,True,False,64,0.99,-1446.6953688917172,True,True,0.5689876706527559,validation/random/length_01/candidate_07_center.npy,dd5a321edf62ec1d4ffe432071d1ce98453bd610cc0fc2c821043d06fde180f8,False,10.0
random,2,"16364,27445",vegetarian embarrassing,True,-999.5348823720949,99.72696520358623,0.11372574090957632,0.27523562020424114,0.41134873776876074,0.5407749612496122,0.44960131150800375,0.5220590650569831,0.5474168912817049,0.576461930323675,0.7679772264472272,0.8038784603411856,0.8150537852291857,0.0,0,0.0,0.0009980790119965865,0.001949317738791423,3000,1.0,1.0,1.0,3000,1.0,1.0,1.0,3,0.6024760007858276,0.1767112910747528,True,500,0.95,1,0.2643356077373028,0.2862596809864044,0.5375518819551781,0.5540764755015204,0.807748556137085,0.8217952534556389,"16364,27445",1.0,2,2,False,True,False,False,True,False,True,True,False,False,True,False,True,False,64,0.99,-1256.4873530513262,True,True,0.5474168912817049,validation/random/length_02/candidate_01_center.npy,ee8a27bdcde7712319b8c17b5b3f9ff63539cad2ee4ac9556cf83912d9d5b40b,False,10.0
random,3,"29657,25071,3432",Timisoara propaganda boat,True,-998.0485427433242,99.58581722081436,0.09069587707519522,0.31805688448603026,0.454405710807547,0.582950576539512,0.41851831630902614,0.4956848453336507,0.5178632138354796,0.56342425889572,0.7147360544844072,0.7612837150112909,0.7746955117354022,0.0,0,0.0,0.0009980790119965865,0.001949317738791423,2909,0.9696666666666667,0.9746406936721095,1.0,3000,1.0,1.0,1.0,4,0.6103304028511047,0.16496935486793518,True,500,0.95,1,0.3028929017484188,0.32430750131607056,0.5093982198674174,0.5271893849165119,0.7671633347868919,0.7818122029304504,"29657,25071,3432",1.0,3,3,False,True,False,False,True,False,True,True,False,False,True,False,True,False,64,0.99,-1079.6746179464799,True,True,0.5178632138354796,validation/random/length_03/candidate_00_center.npy,5024e894afb908bd4295802e83b3121b445d60043adf0baa3dda87d00e198172,False,10.0
random,4,"12259,26573,29657,3432",suicide PLEASE Timisoara boat,True,-995.1870273842168,99.31537745278756,0.11133857488632193,0.3797982367123552,0.5119088081167407,0.6196184768466895,0.36443871979123144,0.4411196612194613,0.4663788248633827,0.5050493033001573,0.6313642786600412,0.6772050024072097,0.6896582343774595,0.0,0,0.0,0.0009980790119965865,0.001949317738791423,829,0.2763333333333333,0.29008735585503403,1.0,3000,1.0,1.0,1.0,3,0.6024760007858276,0.16648519039154053,True,500,0.95,1,0.36547067761421204,0.391517698764801,0.4569174518893371,0.47433066889922826,0.6842451989650726,0.6983950272202492,"12259,26573,29657,3432",1.0,4,4,False,True,False,False,True,False,True,True,False,False,True,False,True,False,64,0.99,-999.5227878900322,True,True,0.4663788248633827,validation/random/length_04/candidate_01_center.npy,3259af27ec854f058805037333ba9e717e01a510b1de6c2ac9e20f8b47766bbd,False,10.0
random,5,"6496,26178,16735,13454,10619",volunteers Holocaust delays welfare Delhi,True,-995.0886069153028,99.30550913221582,0.10268809318542471,0.36994096927888964,0.5096365499356328,0.6422162578983505,0.36572205792593104,0.44296260581384117,0.46326524113751194,0.49589478194233105,0.6273777663735469,0.6764112045638055,0.6884076176232241,0.0,0,0.0,0.0009980790119965865,0.001949317738791423,871,0.29033333333333333,0.30427923780009675,1.0,3000,1.0,1.0,1.0,3,0.6024760007858276,0.17865145206451416,True,500,0.95,1,0.3608573414385319,0.39014818593859674,0.45708932714755235,0.47048563127741294,0.682801142334938,0.6968481048941613,"6496,26178,16735,13454,10619",1.0,5,5,False,True,False,False,True,False,True,True,False,False,True,False,True,False,64,0.99,-998.1648712020169,True,True,0.46326524113751194,validation/random/length_05/candidate_07_center.npy,40212be7b380e4d86744274e5770d65314fcd05ca6d654835e4d3375b2759592,False,10.0
random,6,"16680,11812,28194,31475,31973,16085",sorte cineva functioneaza imperfections disrespect journalists,True,-994.0546021942888,99.20691997060855,0.09287061214447012,0.3789847965821129,0.5024347318829692,0.6171539227712617,0.3553931313898572,0.4217591031207524,0.4415712839602791,0.4833632286907462,0.6089505393993355,0.6498926018512887,0.6617950564247117,0.0,0,0.0,0.0009980790119965865,0.001949317738791423,181,0.060333333333333336,0.06797459934052558,0.9980506822612085,3000,1.0,1.0,1.0,3,0.6024760007858276,0.15937253832817078,True,500,0.95,1,0.3709323465824127,0.39722259938716886,0.4353913492369475,0.4520982183150818,0.6553002700209618,0.668774189054966,"16680,11812,28194,31475,31973,16085",1.0,6,6,False,True,False,False,True,False,True,True,False,False,True,False,True,False,64,0.99,-997.7658576008428,True,True,0.4415712839602791,validation/random/length_06/candidate_01_center.npy,60492fa96ac4e2b4b9892fb4f11f068a8f96209e52412dab26900608258d216d,False,10.0
random,7,"7738,9399,9346,30242,9600,26927,17845",murder inainte familia boycott baseball simulator Jamie,True,-983.7916495395301,98.19015609632194,0.07523675680160513,0.4374031047710337,0.568625246595261,0.6958370056376758,0.30929442207073643,0.393759444193967,0.4143568988455447,0.46714254841623687,0.5423715679798252,0.5974114600509546,0.6125583095248562,0.0,0,0.0,0.0009980790119965865,0.001949317738791423,8,0.0026666666666666666,0.004806390402371995,0.5146198830409356,2974,0.9913333333333333,0.9939202663663109,1.0,3,0.6024760007858276,0.1520463228225708,True,500,0.95,1,0.42939634546637534,0.4457545876502991,0.40628345537980237,0.42452658076279,0.6059285491704941,0.6228787064552307,"7738,9399,9346,30242,9600,26927,17845",1.0,7,7,False,True,False,False,True,False,True,True,False,False,True,False,True,False,64,0.99,-997.8460275823118,True,True,0.4143568988455447,validation/random/length_07/candidate_00_center.npy,b197c0edf42f28344538ae456548481790125335963dea218fd92e2e15185ad0,False,10.0
random,8,"3909,20535,14625,10838,23042,26046,13744,25305",instructions NSW Million soldiers typo bullying sunset Congrats,True,-992.7560583551086,99.08216139595972,0.10116042613983145,0.38516106201957706,0.5182441645496776,0.6238571368667722,0.3260400588651954,0.40348554409106646,0.425877473382436,0.4721368827399962,0.5653743889816155,0.6167615343232634,0.6304806275021778,0.0,0,0.0,0.0009980790119965865,0.001949317738791423,110,0.03666666666666667,0.04282364010542081,0.9980506822612085,2999,0.9996666666666667,0.9999829023813701,1.0,4,0.6103304028511047,0.18685516715049744,True,500,0.95,1,0.3714156560599804,0.39837653264403344,0.41769662941567365,0.4363557210947864,0.6242827713489533,0.63936977237463,"3909,20535,14625,10838,23042,26046,13744,25305",1.0,8,8,False,True,False,False,True,False,True,True,False,False,True,False,True,False,64,0.99,-997.390643369905,True,True,0.425877473382436,validation/random/length_08/candidate_03_center.npy,fcaeb845eb7dbfb4d60597d29f616e041b399467d9e86820e4de031621430f4c,False,10.0
random,9,"3262,8675,7521,5081,19803,24351,13890,14605,19656",environmental representatives importantly cookies disappeared ausdrücklich Trainer scandal Skype,True,-992.719547432646,99.07899389435727,0.08926178932189932,0.4092491076673131,0.5495581268172891,0.6859731888732762,0.32207506166936994,0.4047156295948349,0.42565357992102154,0.47107634237077073,0.558842881683627,0.6144039818193692,0.6289159667328238,0.0,0,0.0,0.0009980790119965865,0.001949317738791423,44,0.014666666666666666,0.018817947482809502,0.8050682261208577,2999,0.9996666666666667,0.9999829023813701,1.0,3,0.6024760007858276,0.15510231256484985,True,500,0.95,1,0.39837144166231153,0.41955694556236267,0.4166296520587575,0.4338382915933827,0.62242341786623,0.6391782313585281,"3262,8675,7521,5081,19803,24351,13890,14605,19656",1.0,9,9,False,True,False,False,True,False,True,True,False,False,True,False,True,False,64,0.99,-996.6753220474781,True,True,0.42565357992102154,validation/random/length_09/candidate_00_center.npy,eaa7c4497ac32f6d3e3c51af4ed7a647ff4107b396c884b14268cd4c3f493967,False,10.0
random,10,"5564,21454,9534,25904,17186,3594,7004,17190,6401,13678",developers contradict captured Parkinson regl 5. scientists Military opposite HIV,True,-989.8741497860678,98.79597153573665,0.09924014329910269,0.41473747216392537,0.5469907814113601,0.6689708954266887,0.317281366747155,0.40162476713522194,0.4233081777498861,0.46216140938894046,0.552113150254061,0.6080732618919629,0.6226206548171588,0.0,0,0.0,0.0009980790119965865,0.001949317738791423,50,0.016666666666666666,0.02104885768252447,0.8693957115009746,2991,0.997,0.9984340611079056,1.0,3,0.6024760007858276,0.15166157484054565,True,500,0.95,1,0.4032925650477409,0.4245350405573845,0.41484216093086174,0.4294657760086719,0.6158815518021583,0.6327487707138062,"5564,21454,9534,25904,17186,3594,7004,17190,6401,13678",1.0,10,10,False,True,False,False,True,False,True,True,False,False,True,False,True,False,64,0.99,-997.1109103131913,True,True,0.4233081777498861,validation/random/length_10/candidate_00_center.npy,6d18525241900cbbadb3a7bf22d148a855db7771a1094f434b1c33e18c9703d4,False,10.0
random,11,"16061,17102,2531,13786,31926,13288,29210,1236,11237,6357,29657",render seafood dacă Formula schizophrenia fails Refrigerat student silent Create Timisoara,True,-949.335252202757,94.75018263667684,0.06489576816558829,0.44325267465566914,0.5692150060440733,0.6816493549796098,0.3007395597297812,0.3839569559597847,0.40673972133740155,0.44323603154435853,0.5240239338333686,0.581796897609161,0.5963898920231363,0.0,0,0.0,0.0009980790119965865,0.001949317738791423,0,0.0,0.0009980790119965865,0.001949317738791423,2872,0.9573333333333334,0.9632358803437658,1.0,3,0.6024760007858276,0.11498832702636719,True,500,0.95,1,0.4299676947295666,0.4546900510787964,0.4021796260627135,0.4151934943626539,0.5914887517690659,0.6052884712815285,"16061,17102,2531,13786,31926,13288,29210,1236,11237,6357,29657",1.0,11,11,False,True,False,True,True,False,True,True,False,False,True,False,True,False,64,0.99,-996.1263241814648,True,True,0.40673972133740155,validation/random/length_11/candidate_02_center.npy,026d5a06c1414e9e0333e62407a66d9da7138eaff70c7142b732da67cce67ae0,False,10.0
random,12,"2631,2732,12373,1555,4716,30325,20538,8760,20338,1419,4097,15876",fiecare atunci comedy mare bridge Kenntnis trage tons Gay situation 0. homeless,True,-841.3522660423126,83.96666666666667,0.05849732875823965,0.45387332982588174,0.5620025272026175,0.6732456715839845,0.29610624127538954,0.3696024494760417,0.3873463682299042,0.4222717240523019,0.5144096360979278,0.5634996254734623,0.5766790053953127,0.0,0,0.0,0.0009980790119965865,0.001949317738791423,0,0.0,0.0009980790119965865,0.001949317738791423,2549,0.8496666666666667,0.8603107629109862,1.0,3,0.6024760007858276,0.10879054665565491,True,500,0.95,1,0.44333827421069144,0.46041178330779076,0.3839188312683633,0.3944925002220392,0.5713650286197662,0.5853405326604844,"2631,2732,12373,1555,4716,30325,20538,8760,20338,1419,4097,15876",1.0,12,12,False,True,True,True,True,False,True,True,True,True,True,False,True,False,64,0.99,-994.749970864841,True,True,0.3873463682299042,validation/random/length_12/candidate_00_center.npy,51d62521e0f84af34a59942fa36d5cade6a224de83bc5696dc84b50fcd10f6e5,False,10.0
random,13,"22893,31949,2553,6003,9885,18567,4315,21741,375,21762,29752,6002,28923",cigarettes halloween husband tine Electronic sausage déjà vreun că Pokémon proaspat depend WLAN,True,-921.1093257967071,91.93333333333334,0.06300415515899649,0.44303115030119017,0.5661365276737031,0.6666497567126424,0.2871120876681549,0.3678321172720879,0.3928099153317817,0.452351498211191,0.5016534842649102,0.5606824309460953,0.5803580410736592,0.0,0,0.0,0.0009980790119965865,0.001949317738791423,0,0.0,0.0009980790119965865,0.001949317738791423,2788,0.9293333333333333,0.9368831202004005,1.0,4,0.6103304028511047,0.10625934600830078,True,500,0.95,1,0.4359132520854473,0.45606717765331267,0.3837731517908358,0.39948623583311743,0.5695435523986816,0.5910212934017182,"22893,31949,2553,6003,9885,18567,4315,21741,375,21762,29752,6002,28923",1.0,13,13,False,True,True,True,True,False,True,True,True,True,True,False,True,False,64,0.99,-996.1076529673701,True,True,0.3928099153317817,validation/random/length_13/candidate_03_center.npy,e3d030b3b117df157aa6ea95a4eedfec5e7df06d4fbd9281b839fc9c3e6d18c1,False,10.0
random,14,"25573,12631,1627,21657,30708,28474,29927,23296,26131,9360,9867,7757,14627,28741",kitten cleaned wonderful Upgrade adéquat Plenty trousers [...] Iohannis lady regret medication Smok Cannabis,True,-949.1478520496922,94.73333333333333,0.06304701089859,0.44482833751605916,0.5723241544230845,0.6771268090597585,0.28605793521255185,0.3746294032269049,0.39967247157959296,0.4447562805276123,0.5022966640109369,0.5663921598761583,0.584481748549559,0.0,0,0.0,0.0009980790119965865,0.001949317738791423,0,0.0,0.0009980790119965865,0.001949317738791423,2872,0.9573333333333334,0.9632358803437658,1.0,4,0.6103304028511047,0.1271965503692627,True,500,0.95,1,0.4318702220916748,0.4531382665038109,0.3897029491851691,0.407831605524356,0.5755950689315796,0.5948821797966957,"25573,12631,1627,21657,30708,28474,29927,23296,26131,9360,9867,7757,14627,28741",1.0,14,14,False,True,True,True,True,False,True,True,False,True,True,False,True,False,64,0.99,-995.8464244357832,True,True,0.39967247157959296,validation/random/length_14/candidate_00_center.npy,7773a318a7c2023421da7389b2cc9c769e5da8052bfe9ed671c6b030bda6866c,False,10.0
random,15,"30664,7764,20110,30030,28507,24474,30687,4253,24159,15708,29076,241,15765,5853,17301",LGBTQ Hong Income fișier chakra Starbucks Tattoo specialist Seriously ridiculous imbunatati want faux healing unbedingt,True,-932.8029834514343,93.1,0.06979926347732535,0.44274278670951167,0.5574328662217138,0.6551763286920895,0.3014945011864855,0.37459773827570764,0.3990229756997149,0.4517170149170992,0.5220918403411469,0.5751729329974998,0.5910959882813137,0.0,0,0.0,0.0009980790119965865,0.001949317738791423,1,0.0003333333333333333,0.001580301827458731,0.19298245614035087,2823,0.941,0.9479213429113524,1.0,3,0.6024760007858276,0.11623629927635193,True,500,0.95,1,0.4207932651042938,0.45150285959243774,0.39159239564223186,0.40308993387061487,0.5850053012371064,0.601429533958435,"30664,7764,20110,30030,28507,24474,30687,4253,24159,15708,29076,241,15765,5853,17301",1.0,15,15,False,True,True,True,True,False,True,True,False,False,True,False,True,False,64,0.99,-995.4265190645308,True,True,0.3990229756997149,validation/random/length_15/candidate_06_center.npy,da93ed68b059a27c237110b5e5741284da7d6aa8b6cb8a13f487db2c6240ff67,False,10.0
random,16,"30242,26698,16642,30630,26318,5161,15240,19866,18724,8508,11479,10915,831,18768,5008,17621",boycott Packers carriers plictis foloseste taxes warned freak weakness început beloved noua required Lawyer facing barbecue,True,-983.3274918878842,98.1470375689623,0.07780643224716177,0.438965062746737,0.5700326954644757,0.6916757681353652,0.2887380458695364,0.37896456714611065,0.40548169425159286,0.45183219590510015,0.5037800370519159,0.5717308812853606,0.5894940444245492,0.0,0,0.0,0.0009980790119965865,0.001949317738791423,1,0.0003333333333333333,0.001580301827458731,0.15009746588693956,2974,0.9913333333333333,0.9939202663663109,1.0,3,0.6024760007858276,0.14449593424797058,True,500,0.95,1,0.42555704712867737,0.4502659499645233,0.39583205630750146,0.4114625378120012,0.5814975082874299,0.5991072297096253,"30242,26698,16642,30630,26318,5161,15240,19866,18724,8508,11479,10915,831,18768,5008,17621",1.0,16,16,False,True,False,True,True,False,True,True,False,True,True,False,True,False,64,0.99,-995.027239949548,True,True,0.40548169425159286,validation/random/length_16/candidate_00_center.npy,759240e8df0a9dc8da6bc43c52dec9ba0f8c736aa50f29e748e8aa864b63c0ce,False,10.0
random,17,"16850,4943,7208,78,30242,27142,27873,8748,6994,10094,1918,13090,13217,2872,31890,20093,3889",mariage script farmers so boycott Granite rapper primi shouldn Mul regarding attempted amateur nici dezbateri Pon behavior,True,-843.3471844694848,84.16666666666667,0.07664205551147452,0.4454128862639165,0.5741275073789207,0.6759122984101109,0.2843349456610108,0.36734724246881273,0.3891115769574231,0.42468184542405535,0.49644670716735045,0.5555145135583243,0.570253294637771,0.0,0,0.0,0.0009980790119965865,0.001949317738791423,0,0.0,0.0009980790119965865,0.001949317738791423,2555,0.8516666666666667,0.8622502395884102,1.0,3,0.6024760007858276,0.13254699110984802,True,500,0.95,1,0.4326703570783138,0.4547920525074005,0.37936701732421413,0.3992243833417978,0.5624713599681854,0.5771269604563714,"16850,4943,7208,78,30242,27142,27873,8748,6994,10094,1918,13090,13217,2872,31890,20093,3889",1.0,17,17,False,True,True,True,True,False,True,True,True,True,True,False,True,False,64,0.99,-994.9915422648762,True,True,0.3891115769574231,validation/random/length_17/candidate_01_center.npy,a10a77534cb2816337d4e923536e78e9a1389ed2511a23fd43c0bd6a8bd14b97,False,10.0
random,18,"26398,10080,198,5201,25851,28486,10238,16922,10283,15250,31140,12697,23947,6478,4272,16739,28823,18524",LGBT memorable și Yet idiot Bewohner travelling Sell google buget scallop priorities Bearing controlled Winter shifting prononc Internal,True,-831.6621063678865,83.0,0.07013811588287344,0.44345954889343236,0.5653058921244614,0.6603842253296994,0.2790625489575309,0.3612698996920063,0.38478394422789686,0.4232698710425567,0.48949584293165127,0.5498970253238286,0.5657218398525657,0.0,0,0.0,0.0009980790119965865,0.001949317738791423,0,0.0,0.0009980790119965865,0.001949317738791423,2520,0.84,0.8509275372134987,1.0,4,0.6103304028511047,0.13345709443092346,True,500,0.95,1,0.42789721488952637,0.45190376341342925,0.3763409643168064,0.3942663068061158,0.5568260714411736,0.5742737710475921,"26398,10080,198,5201,25851,28486,10238,16922,10283,15250,31140,12697,23947,6478,4272,16739,28823,18524",1.0,18,18,False,True,True,True,True,False,True,True,True,True,True,False,True,False,64,0.99,-995.3095830491353,True,True,0.38478394422789686,validation/random/length_18/candidate_07_center.npy,e0ad328d5381e793bd93e5add776cfe4d5bccd5752d210a39292031001136023,False,10.0
random,19,"11812,13301,1683,914,5237,26946,2662,2460,8208,9040,20480,1858,18114,2364,7877,10416,2013,29973,30722",cineva facebook wedding simply relative vampire ja server Mir Sommer zombie loved Thunder Pentru primit worker wine Massiv devour,True,-811.2994376361255,80.96666666666667,0.05480333089828482,0.4631262349743764,0.5800254073093405,0.6859444738430649,0.2750974054733647,0.3571092686551802,0.38374970869637726,0.4385944808239858,0.47872106941830084,0.5420892230870642,0.558836985563904,0.0,0,0.0,0.0009980790119965865,0.001949317738791423,0,0.0,0.0009980790119965865,0.001949317738791423,2459,0.8196666666666667,0.8311450491417165,1.0,4,0.6103304028511047,0.10910052061080933,True,500,0.95,1,0.45361989736557007,0.4698484241962433,0.3716072432269794,0.38899675731684036,0.5517208710312843,0.5713127836585045,"11812,13301,1683,914,5237,26946,2662,2460,8208,9040,20480,1858,18114,2364,7877,10416,2013,29973,30722",1.0,19,19,False,True,True,True,True,False,True,True,True,True,True,False,True,False,64,0.99,-994.7243242953053,True,True,0.38374970869637726,validation/random/length_19/candidate_01_center.npy,bb7ed497e2de3910dcb4e53315af8ea5d120826557f750e804c7509cc88fd688,False,10.0
random,20,"23979,24670,2162,24129,21315,5626,13100,31069,31481,2224,17711,2146,123,19034,8347,25642,2631,22209,7702,30904",confidentiality révolution announced Faites horr smartphone corruption Canberra Moderator Top recreation General cu Doug flood laboratories fiecare rugby consequences boulder,True,-958.9930294468481,95.7158781663098,0.08630760431289664,0.43275680185552856,0.5653390701684641,0.6788519169520975,0.28407623254091774,0.3819038130759276,0.4063512665239251,0.4618923572212732,0.5018166051334172,0.571252882391277,0.5906626187683106,0.0,0,0.0,0.0009980790119965865,0.001949317738791423,4,0.0013333333333333333,0.003048553035598473,0.42884990253411304,2901,0.967,0.9721903594877658,1.0,3,0.6024760007858276,0.16213670372962952,True,500,0.95,1,0.41981756687164307,0.4407721757888794,0.39737581109810427,0.4149432458852823,0.5826676517724991,0.6022355765104294,"23979,24670,2162,24129,21315,5626,13100,31069,31481,2224,17711,2146,123,19034,8347,25642,2631,22209,7702,30904",1.0,20,20,False,True,False,True,True,False,True,True,False,False,True,False,True,False,64,0.99,-995.594556261428,True,True,0.4063512665239251,validation/random/length_20/candidate_02_center.npy,6243d441e653bed1785df4097cf1ad13a0e1bce90da326600b665052dbc9e8ac,False,10.0
random,21,"1692,21548,11812,21454,3900,20419,941,21503,10659,19989,5834,29233,4878,4509,1858,15907,18137,20516,10316,15721,22640",blue insult cineva contradict Such Sonic modern Romaniei Bonus HTC handling subsection Looking fourth loved Charge countryside Lunch instances rocket Hitler,True,-799.948057075392,79.83333333333333,0.07351382493972769,0.4541147581885778,0.5737488658377745,0.682467240562388,0.2665966900230716,0.3620771045818541,0.3819975285799705,0.42291511996853154,0.46978446713680444,0.5400959687168269,0.5563000259274592,0.0,0,0.0,0.0009980790119965865,0.001949317738791423,0,0.0,0.0009980790119965865,0.001949317738791423,2425,0.8083333333333333,0.8200945154665642,1.0,2,0.6064047813415527,0.13403472304344177,True,500,0.95,1,0.44249096512794495,0.46224647760391235,0.37544130892161043,0.39024572346959213,0.5485331937670708,0.5648307576775551,"1692,21548,11812,21454,3900,20419,941,21503,10659,19989,5834,29233,4878,4509,1858,15907,18137,20516,10316,15721,22640",1.0,21,21,False,True,True,True,True,False,True,True,True,True,True,False,True,False,64,0.99,-994.7667552234592,True,True,0.3819975285799705,validation/random/length_21/candidate_01_center.npy,edfb37e9d1b0827cae5477776f5668f3f51982f31ef6e17aebb9af2648a35786,False,10.0
random,22,"31401,14840,4626,31329,20338,21189,19432,4465,18370,1604,142,8508,2805,28506,6909,9048,17056,191,8730,10720,1072,27631",Beethoven suspended happening Kyoto Gay crab cryptocurrency acesta defects grow se început sea academia développement attempts silly pentru oamenii oppos Can Perspective,True,-922.7638058915913,92.10000000000001,0.07862581729888907,0.4410783648872306,0.5576421229387685,0.6600879099298628,0.28440971141034493,0.3689451112197125,0.3920023150610019,0.4280327108977598,0.49437920930005763,0.5553751030060103,0.5707296220767593,0.0,0,0.0,0.0009980790119965865,0.001949317738791423,0,0.0,0.0009980790119965865,0.001949317738791423,2793,0.931,0.9384640937216536,1.0,3,0.6024760007858276,0.14231732487678528,True,500,0.95,1,0.42886064425110815,0.4507443606853485,0.3852407376687057,0.3971352329145593,0.5638183608651162,0.5796329513192177,"31401,14840,4626,31329,20338,21189,19432,4465,18370,1604,142,8508,2805,28506,6909,9048,17056,191,8730,10720,1072,27631",1.0,22,22,False,True,True,True,True,False,True,True,True,True,True,False,True,False,64,0.99,-995.1349896038843,True,True,0.3920023150610019,validation/random/length_22/candidate_00_center.npy,74fed7e5a9a4ff9cbc9c939d64b857a39f85a177f5be708eaefe54ec14fd0f26,False,10.0
random,23,"31926,12817,19703,11720,25570,573,2838,19559,18353,14219,12179,731,25554,27364,17872,26941,15626,3859,4061,11149,16929,732,24181",schizophrenia appealing bandwidth investi Multumesc community 29 Skills fonctionnement particles concluded low urmeaza Funny nicio breakout Ville forces cast spielen eaten durch charcoal,True,-942.4546379190431,94.06666666666666,0.07114078521728506,0.4501198066521255,0.5682944717915718,0.6695968959872198,0.2739230517358588,0.364571583221392,0.3946832913827746,0.4464860773670788,0.4832545859414891,0.5536409131382455,0.5729364422944553,0.0,0,0.0,0.0009980790119965865,0.001949317738791423,0,0.0,0.0009980790119965865,0.001949317738791423,2852,0.9506666666666667,0.957008419527062,1.0,2,0.6064047813415527,0.12926292419433594,True,500,0.95,1,0.4396708309650421,0.45919713377952576,0.3851753133272115,0.4010351570349454,0.5642710343003273,0.5835726752877235,"31926,12817,19703,11720,25570,573,2838,19559,18353,14219,12179,731,25554,27364,17872,26941,15626,3859,4061,11149,16929,732,24181",1.0,23,23,False,True,True,True,True,False,True,True,False,True,True,False,True,False,64,0.99,-994.7475198939887,True,True,0.3946832913827746,validation/random/length_23/candidate_06_center.npy,3153d0e50afb91ecc962ae533fe7581e007cef7ab6a0d6314fccf8c2a48c9922,False,10.0
random,24,"6085,30202,29615,24823,13913,17940,24705,10412,4514,5721,31139,23968,16513,8553,6824,15559,25487,4423,10841,258,24464,17780,3887,26398",concepts accelerator accusations Drake Kings asociat (2012) meditation ban tomorrow protège treac sentences dough Schu 1930 unlawful impressive aşa then Pharmaceutical shareholders dogs LGBT,True,-985.3940727458926,98.35246330268343,0.0873440694808959,0.4173163304643736,0.5585296483627175,0.6753509703321546,0.28028703757852524,0.38502640825187545,0.4076519877400443,0.4632030057580708,0.4995237632032852,0.5760202341143087,0.5946194979713197,0.0,0,0.0,0.0009980790119965865,0.001949317738791423,9,0.003,0.005229222163097469,0.6179337231968811,2980,0.9933333333333333,0.9955775418892313,1.0,4,0.6103304028511047,0.1726333498954773,True,500,0.95,1,0.4092690944671631,0.4286002516746521,0.39784025411014634,0.41858437768915013,0.58709517121315,0.6047334596514702,"6085,30202,29615,24823,13913,17940,24705,10412,4514,5721,31139,23968,16513,8553,6824,15559,25487,4423,10841,258,24464,17780,3887,26398",1.0,24,24,False,True,False,True,True,False,True,True,False,False,True,False,True,False,64,0.99,-995.4854174679936,True,True,0.4076519877400443,validation/random/length_24/candidate_00_center.npy,f822bc31edd29a1a6fec6474e1bbe06188d3ab4c6094b35d84f2ad5954917241,False,10.0
random,25,"1700,24041,12502,27383,234,19384,23713,2031,21711,30153,11671,24731,27059,708,6382,4247,23807,12961,28230,2183,4260,405,20338,29834,13378",dintre hackers unlock garnish home Surgery racist finally bilden Bubble Rit hemo classement started feelings mouth presă Crystal syntax daca treated does Gay economie prieten,True,-915.4348781405082,91.36666666666666,0.07227774381637564,0.4423289024802043,0.5551534685069294,0.6587606737211342,0.2881632581336082,0.37404102825285085,0.3946495457625352,0.42428767400164596,0.5039860218580132,0.5652462037298068,0.5785469229865594,0.0,0,0.0,0.0009980790119965865,0.001949317738791423,0,0.0,0.0009980790119965865,0.001949317738791423,2771,0.9236666666666666,0.9314987612738711,1.0,4,0.6103304028511047,0.14999130368232727,True,500,0.95,1,0.43124518617987634,0.45195983424782754,0.3874589516176252,0.40004612700364567,0.5716849535703659,0.5856481745839119,"1700,24041,12502,27383,234,19384,23713,2031,21711,30153,11671,24731,27059,708,6382,4247,23807,12961,28230,2183,4260,405,20338,29834,13378",1.0,25,25,False,True,True,True,True,False,True,True,False,True,True,False,True,False,64,0.99,-994.6847229133919,True,True,0.3946495457625352,validation/random/length_25/candidate_06_center.npy,4075ef767bd32d09abe9f38947ce8fe0ba860b991b19d2165c78c5a055c285ac,False,10.0
random,26,"10853,27089,15184,12598,15134,12325,951,12821,31698,26012,15180,29713,18934,21069,2631,2527,794,24117,19631,23085,9321,12889,3054,6866,28229,1107","tara nurturing sheep 2007. arena Meet phone Alaska vândut Paar Images Arduino fotbal Personally fiecare owner test sickness Employ endurance cow 22, Android Mitarbeiter warfare coming",True,-678.1316810434079,67.66666666666666,0.07605638027191153,0.46404099247525843,0.5737235550320077,0.6670992251393623,0.2605051887815898,0.34650126943508097,0.37042463915997664,0.4124070698186824,0.4608320900935548,0.5264416668800066,0.5429474141015856,0.0,0,0.0,0.0009980790119965865,0.001949317738791423,0,0.0,0.0009980790119965865,0.001949317738791423,2060,0.6866666666666666,0.7006241158707638,1.0,4,0.6103304028511047,0.13623079657554626,True,500,0.95,1,0.45417226627469065,0.4766622006893158,0.3615012447780856,0.38268259504546615,0.5357049658894539,0.5536174729466439,"10853,27089,15184,12598,15134,12325,951,12821,31698,26012,15180,29713,18934,21069,2631,2527,794,24117,19631,23085,9321,12889,3054,6866,28229,1107",1.0,26,26,False,True,True,True,True,False,True,True,True,True,True,False,True,False,64,0.99,-994.697157000274,True,True,0.37042463915997664,validation/random/length_26/candidate_06_center.npy,e3137ace7a57aae4407c44f859faa96a704b5092ea86897d28714d2550316192,False,10.0
random,27,"572,20800,19936,3790,19523,641,13216,20327,10164,310,30059,26706,10474,5977,19643,11121,15850,7556,10237,29393,22070,3038,10730,4398,26351,8036,3165",why beauté BUT Mary Pav already restored credibility possess really astronaut Uncle sélection samples viitoare Offer niciun actor Writing ecology Believe Mc Metro Table Speech wa adult,True,-914.4263309168496,91.26666666666667,0.07830329656600943,0.4366970290193993,0.5662858836460946,0.6742237705831428,0.2749664130780799,0.3623619061046682,0.3937941205664408,0.43450470796218943,0.48213302347490455,0.5530718403508746,0.5719535443461496,0.0,0,0.0,0.0009980790119965865,0.001949317738791423,0,0.0,0.0009980790119965865,0.001949317738791423,2768,0.9226666666666666,0.930547202810823,1.0,4,0.6103304028511047,0.17387431859970093,True,500,0.95,1,0.42570650577545166,0.4522722698748112,0.37990768264756086,0.4068143253077203,0.5622261956334114,0.5805926144123077,"572,20800,19936,3790,19523,641,13216,20327,10164,310,30059,26706,10474,5977,19643,11121,15850,7556,10237,29393,22070,3038,10730,4398,26351,8036,3165",1.0,27,27,False,True,True,True,True,False,True,True,False,True,True,False,True,False,64,0.99,-994.5270073054378,True,True,0.3937941205664408,validation/random/length_27/candidate_02_center.npy,4a7ad8c233639018fcb84bef97bf539a56e8fd25a4301c371b263b144886f410,False,10.0
random,28,"16787,19901,10287,18805,8263,25294,4530,19885,26792,191,24426,377,25847,13447,2765,2927,19770,2582,6494,5201,1619,26064,17351,12711,28324,677,10155,14412",bloggers manuel terrorist distraction opposition compress pendant sticky Bread pentru Printer F WOW thumb workers assistance heel bathroom loop Yet Christmas fermentation puppy meist Dacia example Malaysia Karen,True,-982.0357712474663,98.0170063110843,0.08885600090026846,0.42151090965742294,0.5493044265553468,0.6580146861526887,0.2768820834027884,0.3857182435577883,0.4068025244337226,0.46435345220002544,0.49389287242388724,0.5748977688321334,0.5964973398290018,0.0,0,0.0,0.0009980790119965865,0.001949317738791423,6,0.002,0.003943622233641661,0.5282651072124757,2970,0.99,0.9927930913024531,1.0,4,0.6103304028511047,0.16807523369789124,True,500,0.95,1,0.4075009822845459,0.4317539721727371,0.3987133757840801,0.41409149934453643,0.5863511890172959,0.6055153861641884,"16787,19901,10287,18805,8263,25294,4530,19885,26792,191,24426,377,25847,13447,2765,2927,19770,2582,6494,5201,1619,26064,17351,12711,28324,677,10155,14412",1.0,28,28,False,True,False,True,True,False,True,True,False,False,True,False,True,False,64,0.99,-993.8525703765155,True,True,0.4068025244337226,validation/random/length_28/candidate_03_center.npy,6a7ec7bc34073b11f0e9420217bedc0629a38182dd9d84a0f257b44ad93281ac,False,10.0
random,29,"1288,19597,14247,5391,13335,6617,6691,4858,20644,100,21966,23992,25756,10587,14986,211,4512,29388,12046,24269,26583,2203,26398,11526,27351,25105,1551,16365,10257",goal financier Effect shops Technologies schimb nie classroom Batman This Podcast 1947 Spotify disappear ignored das natürlich Colonel 08 mancare Argument Und LGBT 56 repetition naval completely Pastor smoking,True,-787.2797158882219,78.56666666666666,0.06283833503723135,0.47181112102414635,0.60427346695412,0.702197742203553,0.25385876325106005,0.3545682971958455,0.3902859130946055,0.4539817422913367,0.45891868711505324,0.5356332552855954,0.5607590058092377,0.0,0,0.0,0.0009980790119965865,0.001949317738791423,0,0.0,0.0009980790119965865,0.001949317738791423,2387,0.7956666666666666,0.8077252377406656,1.0,3,0.6024760007858276,0.10108274221420288,True,500,0.95,1,0.46467395350337026,0.4828507602214813,0.3754686805774677,0.39757258004553797,0.5484866231679917,0.574114827811718,"1288,19597,14247,5391,13335,6617,6691,4858,20644,100,21966,23992,25756,10587,14986,211,4512,29388,12046,24269,26583,2203,26398,11526,27351,25105,1551,16365,10257",1.0,29,29,False,True,True,True,True,False,True,True,True,True,True,False,True,False,64,0.99,-993.3868092938653,True,True,0.3902859130946055,validation/random/length_29/candidate_03_center.npy,1d9b2d9b522d75f102fbd80430c8a541380769070d4ee36718d6b8af5737490c,False,10.0
random,30,"11007,29061,19257,28584,21203,12107,18871,23964,577,494,6025,19265,13500,33,11605,2447,5899,17414,17880,4912,31091,198,15941,47,27632,8925,25437,12258,30538,6870",odds Pokemon interviewed Nikola Brett crushing zbor Stockholm play products worst könnten quant are suppose park confirmed tragic violations ongoing redefine și raid was semantic 1) tehnologii coating Handeln arrival,True,-647.7689793426621,64.63333333333333,0.08128853559494009,0.4535540512700321,0.5818386523687376,0.6845261495399897,0.24740904736877314,0.3444819213648725,0.37407309341604184,0.42517844012879114,0.4459987184922021,0.5183039637402351,0.5389502292956905,0.0,0,0.0,0.0009980790119965865,0.001949317738791423,0,0.0,0.0009980790119965865,0.001949317738791423,1969,0.6563333333333333,0.6706453467076312,1.0,3,0.6024760007858276,0.15466415882110596,True,500,0.95,1,0.4460963882505894,0.46280433386564257,0.3625770945984336,0.3826433873283337,0.5304073512554168,0.5488238140940667,"11007,29061,19257,28584,21203,12107,18871,23964,577,494,6025,19265,13500,33,11605,2447,5899,17414,17880,4912,31091,198,15941,47,27632,8925,25437,12258,30538,6870",1.0,30,30,False,True,True,True,True,False,True,True,True,True,True,False,True,False,64,0.99,-994.9167874949816,True,True,0.37407309341604184,validation/random/length_30/candidate_00_center.npy,70d1e368877b82a9c61db9decdc6fbc5e39cc3d73733713007422f2bbc45e0ec,False,10.0
universal,1,10278,vegan,True,-1068.3180246607822,106.60093631795989,0.1270927381515502,0.26036944883235014,0.353456355894154,0.45381616793106305,0.49517570081193363,0.5407616843663123,0.5533443794944494,0.5827693386247139,0.8337675940021501,0.8472860263427948,0.8521826484348469,0.05025657489450453,1,0.0003333333333333333,0.001580301827458731,0.3898635477582846,3000,1.0,1.0,1.0,3000,1.0,1.0,1.0,4,0.6103304028511047,0.19872930645942688,True,500,0.95,1,0.2527165710926056,0.26746735721826553,0.5508347609856576,0.5573707520152135,0.84982720464468,0.8558252915740013,10278,1.0,1,1,False,True,False,False,True,False,True,True,False,False,True,False,True,False,64,0.99,-1457.0200538489125,True,True,0.5533443794944494,validation/universal/length_01/candidate_03_center.npy,6b1f8043ca3098b3bbd2649e532cc918ecb307af58becaaa402c47007ac748b9,False,10.0
universal,2,"20526,17621",abortion barbecue,True,-998.3330857348113,99.61319427353189,0.11956139326095572,0.30059817591987786,0.4298388636258322,0.5466201958187378,0.4304374394541725,0.49980464461536506,0.5234673446632151,0.5650272756289852,0.7354868971554527,0.7709772362638071,0.7827155471243145,0.05780491888283421,0,0.0,0.0009980790119965865,0.001949317738791423,2978,0.9926666666666667,0.995030354697633,1.0,3000,1.0,1.0,1.0,3,0.6024760007858276,0.19722145795822144,True,500,0.95,1,0.2947912156581879,0.30883917212486267,0.5171566016969837,0.5275852609004933,0.7798682242631912,0.7897256225347519,"20526,17621",1.0,2,2,False,True,False,False,True,False,True,True,False,False,True,False,True,False,64,0.99,-1152.6130479879725,True,True,0.5234673446632151,validation/universal/length_02/candidate_02_center.npy,e6fdaedc6d610b39e6609165c4f83eba8c0f13bc82d7813960c666b11d341de0,False,10.0
universal,3,"21454,22214,22623",contradict citizenship Dragnea,True,-995.8938628702087,99.38174809605005,0.09589864730834952,0.3651758368304444,0.47873801808427097,0.5880435334594354,0.3967549161985481,0.4541588218520963,0.4747966537741053,0.512610883802373,0.6737176156855399,0.7059119220280575,0.7168538769688685,0.05510370181317487,0,0.0,0.0009980790119965865,0.001949317738791423,1294,0.43133333333333335,0.4464180444363432,1.0,3000,1.0,1.0,1.0,3,0.6024760007858276,0.16542845964431763,True,500,0.95,1,0.35505888909101485,0.373517469316721,0.46912840984152776,0.48133990671813986,0.7122827157378196,0.7225718259811401,"21454,22214,22623",1.0,3,3,False,True,False,False,True,False,True,True,False,False,True,False,True,False,64,0.99,-1040.9795322141626,True,True,0.4747966537741053,validation/universal/length_03/candidate_00_center.npy,52ce00b26e7b423d206f36cc10633aba232bcf3d23c4515c5b6fd2d63a9064eb,False,10.0
universal,4,"2364,19682,3591,5213",Pentru bored birthday graduate,True,-995.4276885545669,99.33699659266196,0.07339574813842764,0.36805281082894076,0.48238803710715833,0.5955828991001971,0.37213820465437397,0.44346946004854204,0.46822637581633425,0.5136121460628152,0.6378405935185996,0.6842067236749546,0.6998583918726722,0.059661582609196157,0,0.0,0.0009980790119965865,0.001949317738791423,852,0.284,0.29786108899127106,1.0,3000,1.0,1.0,1.0,6,0.6233714818954468,0.1450975239276886,True,500,0.95,1,0.35980044901371,0.37643413469195364,0.46222121854374204,0.4731391231615142,0.6950040981173515,0.7063973978161812,"2364,19682,3591,5213",1.0,4,4,False,True,False,False,True,False,True,True,False,False,True,False,True,False,64,0.99,-999.5000330076651,True,True,0.46822637581633425,validation/universal/length_04/candidate_02_center.npy,67fb14ec8159369f5e0419353c3f96ed9dfea51d29b4b7333419930685e75688,False,10.0
universal,5,"14457,30242,29061,31926,761",Poll boycott Pokemon schizophrenia training,True,-993.5739821844838,99.16201502272617,0.08580621004104605,0.4251970333554212,0.5513778070931492,0.6733369946882137,0.3362621526328413,0.4112254206565643,0.4312524911288329,0.4812870194661159,0.5784350365921982,0.6366942560730862,0.650330276942448,0.07756959832576282,0,0.0,0.0009980790119965865,0.001949317738791423,34,0.011333333333333334,0.0150601669651999,0.7095516569200779,3000,1.0,1.0,1.0,3,0.6024760007858276,0.1165907084941864,True,500,0.95,1,0.4140288561582565,0.4337210401892662,0.42746318027468805,0.4365958441432178,0.6457203671336174,0.65606709420681,"14457,30242,29061,31926,761",1.0,5,5,False,True,False,False,True,False,True,True,False,False,True,False,True,False,64,0.99,-998.0481563801823,True,True,0.4312524911288329,validation/universal/length_05/candidate_00_center.npy,917f58f49f15373ef35990acc18e1d97c9ffbc07dca035ba186031d9b677c93f,False,10.0
universal,6,"10838,14001,29651,13540,9084,1700",soldiers Interview clown Că Close dintre,True,-992.5490478662284,99.06238047177357,0.08256669759750357,0.40417853434120754,0.5209027434375834,0.6247175756078901,0.3269377505190738,0.3999128124999485,0.4203309865069678,0.45790422993090135,0.5642827711290779,0.614985163022521,0.6269318033036827,0.069074623340421,0,0.0,0.0009980790119965865,0.001949317738791423,10,0.0033333333333333335,0.005647512390062278,0.5146198830409356,2999,0.9996666666666667,0.9999829023813701,1.0,3,0.6024760007858276,0.13508886098861694,True,500,0.95,1,0.39435179978609086,0.41362523660063744,0.4144121269980397,0.42515589175588303,0.6232048496603966,0.6332280844449997,"10838,14001,29651,13540,9084,1700",1.0,6,6,False,True,False,False,True,False,True,True,False,False,True,False,True,False,64,0.99,-998.6368152345594,True,True,0.4203309865069678,validation/universal/length_06/candidate_00_center.npy,46a7a4cce45f8973542b80c517f9dfae09dc3ff6880d552c30c3caa88e2beb08,False,10.0
universal,7,"28671,24701,22623,1652,6027,3832,18320",breastfeeding defective Dragnea employees Officer chicken diploma,True,-981.7466660613213,97.9873676505567,0.07161899328231802,0.43139905403162004,0.5505889608283199,0.6509068061639736,0.29875125656078516,0.38408561748651415,0.4066863788358978,0.44863656302429306,0.5198380775088598,0.5861443693191605,0.60239102208018,0.05939600164242465,0,0.0,0.0009980790119965865,0.001949317738791423,2,0.0006666666666666666,0.002097095855532433,0.2631578947368421,2969,0.9896666666666667,0.9925090412845914,1.0,3,0.6024760007858276,0.13532710075378418,True,500,0.95,1,0.4184149205684662,0.4395330652594566,0.40044884800637076,0.4120228380943085,0.5976774513721466,0.6096460834145546,"28671,24701,22623,1652,6027,3832,18320",1.0,7,7,False,True,False,False,True,False,True,True,False,False,True,False,True,False,64,0.99,-997.1452718758837,True,True,0.4066863788358978,validation/universal/length_07/candidate_01_center.npy,cbcbfe23b86e26c0c6af839fcda322bb703f9b96ec677f10ee1e488772c3880a,False,10.0
universal,8,"10278,16850,5328,24041,30447,16974,11648,6680",vegan mariage Would hackers Braşov acknowledged Imagine jeu,True,-967.8520839959605,96.60020190040031,0.05514587879180899,0.4330078551223276,0.5458966036757444,0.6257982927172788,0.30585922517900443,0.37858283984941177,0.4000807601601235,0.4453427944059419,0.5317153873355828,0.5809525066816257,0.5960226652759091,0.08036695982297837,0,0.0,0.0009980790119965865,0.001949317738791423,0,0.0,0.0009980790119965865,0.001949317738791423,2928,0.976,0.9804146949224976,1.0,4,0.6103304028511047,0.13423120975494385,True,500,0.95,1,0.42448005005717276,0.4410801276564598,0.39395947721401187,0.4056647946866354,0.5906222566962243,0.6037941336631775,"10278,16850,5328,24041,30447,16974,11648,6680",1.0,8,8,False,True,False,True,True,False,True,True,False,False,True,False,True,False,64,0.99,-997.2530330653661,True,True,0.4000807601601235,validation/universal/length_08/candidate_02_center.npy,faf26d7961a3656b820fdecf93dd3c5a66cd2ef58c9ee0c178d515b68f1220c8,False,10.0
universal,9,"18174,16904,26371,6169,26297,16973,15106,11528,23375",goat comprend Vegan îm sushi troubles Jobs cuvinte Soccer,True,-940.4593157887565,93.86666666666666,0.06855030775070181,0.445756021522227,0.5454337251898657,0.640650494487106,0.2994108896763169,0.36989369605137473,0.3892102796731699,0.42756868412144194,0.5160654367648267,0.5691674567043049,0.5833487580682564,0.06575213294680946,0,0.0,0.0009980790119965865,0.001949317738791423,0,0.0,0.0009980790119965865,0.001949317738791423,2846,0.9486666666666667,0.9551334451551768,1.0,4,0.6103304028511047,0.111477792263031,True,500,0.95,1,0.4379891149699688,0.45210525766015053,0.38322556482753933,0.3939375975603831,0.5786406055092812,0.5897912964224815,"18174,16904,26371,6169,26297,16973,15106,11528,23375",1.0,9,9,False,True,True,True,True,False,True,True,True,True,True,False,True,False,64,0.99,-997.1188159760432,True,True,0.3892102796731699,validation/universal/length_09/candidate_00_center.npy,236d188a023ccb1ea71d441beada78656d124c921e1699a82b524a44b109b14d,False,10.0
universal,10,"5626,4472,28194,24306,22540,6144,24974,7362,22893,10110",smartphone adventure functioneaza accidental Citizens Colorado penetrate nimic cigarettes bă,True,-968.519055994947,96.66666666666667,0.06116648435592642,0.4350009100076502,0.5462286131785001,0.6656011769043026,0.3049616849991883,0.3827645397512638,0.39993696187277045,0.432378314858055,0.5243016506230922,0.5856112426414157,0.5998275483317524,0.060239310546367136,0,0.0,0.0009980790119965865,0.001949317738791423,0,0.0,0.0009980790119965865,0.001949317738791423,2930,0.9766666666666667,0.9810180645431122,1.0,3,0.6024760007858276,0.11117866635322571,True,500,0.95,1,0.42883703112602234,0.44149644672870636,0.3951295139093782,0.40422385660136406,0.5961928755044937,0.6061390951275826,"5626,4472,28194,24306,22540,6144,24974,7362,22893,10110",1.0,10,10,False,True,True,True,True,False,True,True,False,False,True,False,True,False,64,0.99,-996.6122135860219,True,True,0.39993696187277045,validation/universal/length_10/candidate_01_center.npy,2784b37405e65cc283fe413933962e3c6e9d2766d7db031d69d44b8def378a20,False,10.0
universal,11,"30242,23713,18928,2442,442,25570,13446,16135,5008,9829,11406",boycott racist beverages www post Multumesc politicians Album facing exclusively gum,True,-837.6807159666718,83.6,0.08829530000686636,0.4472284290448867,0.5670901410730207,0.6783711123165586,0.2867802550521145,0.37083615230323147,0.3888059855041766,0.4251257549095422,0.49790852343290354,0.5659773670579218,0.5797909134304878,0.08140171634656175,0,0.0,0.0009980790119965865,0.001949317738791423,1,0.0003333333333333333,0.001580301827458731,0.2709551656920078,2538,0.846,0.8567533544196937,1.0,3,0.6024760007858276,0.13482514023780823,True,500,0.95,1,0.43902304768562317,0.45486007779836657,0.3839000100377403,0.39230063581191627,0.5752085909247399,0.5849191039800644,"30242,23713,18928,2442,442,25570,13446,16135,5008,9829,11406",1.0,11,11,False,True,True,True,True,False,True,True,True,True,True,False,True,False,64,0.99,-996.4596957060398,True,True,0.3888059855041766,validation/universal/length_11/candidate_00_center.npy,875b41e4cc8c9e59ac9e514c4f0b806a6c2842e6fe847f418a36ff0218156cb6,False,10.0
universal,12,"12305,21169,198,8364,26181,9307,10187,15769,18045,4229,7448,23261",surveillance accidentally și popul southeast parks Familien Chocolate Putin Though participating addict,True,-745.9021919548708,74.43333333333332,0.07954408645629873,0.45488803527709726,0.5701965898183567,0.6657799485668427,0.2776219939477721,0.3591807267810158,0.3815390776176601,0.4242004490618425,0.4866062666980699,0.549020273260054,0.5665942410199458,0.07228249964861151,0,0.0,0.0009980790119965865,0.001949317738791423,0,0.0,0.0009980790119965865,0.001949317738791423,2263,0.7543333333333333,0.7672403294301358,1.0,3,0.6024760007858276,0.12261676788330078,True,500,0.95,1,0.44604732766747474,0.46271329969167707,0.37765642397410987,0.3877595498064111,0.5615498185157776,0.573651322722435,"12305,21169,198,8364,26181,9307,10187,15769,18045,4229,7448,23261",1.0,12,12,False,True,True,True,True,False,True,True,True,True,True,False,True,False,64,0.99,-995.8250922229533,True,True,0.3815390776176601,validation/universal/length_12/candidate_00_center.npy,24af0e203c8d3ce27d1f1fda29b23d88ce0e29644152d0c273e5460bf6282e81,False,10.0
universal,13,"29874,25597,13792,18991,22330,21409,5006,14252,26398,6531,21454,17497,2732",parallèle sunscreen occupation Teachers dysfunction Draft catre Guest LGBT everywhere contradict prese atunci,True,-732.2275514572178,73.06666666666666,0.07627727508544913,0.4445588255702787,0.5544072577795262,0.6528692194195824,0.2937351292275485,0.36313278449812014,0.38033739929956933,0.41215122369270507,0.5052219021793775,0.5581295088995578,0.5700897497488461,0.053968180703411237,0,0.0,0.0009980790119965865,0.001949317738791423,0,0.0,0.0009980790119965865,0.001949317738791423,2222,0.7406666666666667,0.7538172862659669,1.0,3,0.6024760007858276,0.12567955255508423,True,500,0.95,1,0.4382937833666801,0.45364144444465637,0.3770334998726179,0.38416667096666934,0.5658747255802155,0.5760471522808075,"29874,25597,13792,18991,22330,21409,5006,14252,26398,6531,21454,17497,2732",1.0,13,13,False,True,True,True,True,False,True,True,True,True,True,False,True,False,64,0.99,-995.7663109421346,True,True,0.38033739929956933,validation/universal/length_13/candidate_00_center.npy,b28dda2f11aaf10c42baf2663a875ff7ae9c8269586faa34ed0a21dc9b3846ef,False,10.0
universal,14,"10436,26684,12459,28153,16929,4104,611,30072,7952,10773,15009,22809,13771,11724",Zahl unsuccessful altfel $75 eaten était However Kosovo infection poetry cheat incercat cycling deficit,True,-902.7622466551505,90.1,0.06022908210754385,0.4490692557734259,0.5583270823184467,0.667053487697031,0.2924567980279701,0.37233963148982985,0.3934814047026601,0.4302183298989529,0.5066587072554799,0.5700714108153095,0.5850898349180851,0.0684840448611218,0,0.0,0.0009980790119965865,0.001949317738791423,0,0.0,0.0009980790119965865,0.001949317738791423,2733,0.911,0.9194182402492767,1.0,3,0.6024760007858276,0.12145668268203735,True,500,0.95,1,0.4417477183043957,0.45364938750863076,0.38882957760930636,0.39757246134030944,0.5805271163582801,0.5906869545578957,"10436,26684,12459,28153,16929,4104,611,30072,7952,10773,15009,22809,13771,11724",1.0,14,14,False,True,True,True,True,False,True,True,True,True,True,False,True,False,64,0.99,-995.5518551444367,True,True,0.3934814047026601,validation/universal/length_14/candidate_00_center.npy,e1c91f4bd5b5ccd4ffde2318daed82164d4fdf993d3fc9d0f66f86078cf427a3,False,10.0
universal,15,"198,6788,27034,14719,9829,31249,29411,12170,191,25554,8480,4963,20083,27870,3081",și Army militaire 70% exclusively intimacy Puzzle Juni pentru urmeaza Jordan depth Chic comedian teachers,True,-866.3813853593898,86.46666666666667,0.06666554927825918,0.4411687883654456,0.5477189889759022,0.6437969954513317,0.2942225215482449,0.36789492045019484,0.38731074248426406,0.42592536026948025,0.5098063304329892,0.5653631228272183,0.5796998679830324,0.07172924679669596,0,0.0,0.0009980790119965865,0.001949317738791423,0,0.0,0.0009980790119965865,0.001949317738791423,2624,0.8746666666666667,0.8845030212155927,1.0,4,0.6103304028511047,0.13916093111038208,True,500,0.95,1,0.4320336222648621,0.4493174605071545,0.3812687925909905,0.3923063482609417,0.5749705836176873,0.5858278781175613,"198,6788,27034,14719,9829,31249,29411,12170,191,25554,8480,4963,20083,27870,3081",1.0,15,15,False,True,True,True,True,False,True,True,True,True,True,False,True,False,64,0.99,-995.5226866329427,True,True,0.38731074248426406,validation/universal/length_15/candidate_00_center.npy,40b80a77d844474e73ca93f5764452f54e656b57b3c6f28a3f02b0955f14b8c1,False,10.0
universal,16,"9234,6215,30256,7365,21045,14909,2013,10978,15871,6448,3300,21339,6859,21503,12024,19939",passengers wrap scăpa retain infinite coil wine disappointed Employee bars slightly publi Safety Romaniei investor Tesla,True,-976.2208260949702,97.43620438680117,0.07796962976455679,0.4236611866886726,0.5355523020196529,0.6434319338616034,0.3050337880806553,0.3818552114671964,0.40114842138713924,0.4380366375820013,0.5250098999984517,0.5847811264920912,0.5987081763514633,0.05855099779978402,0,0.0,0.0009980790119965865,0.001949317738791423,3,0.001,0.0025825051382936544,0.4093567251461988,2953,0.9843333333333333,0.9878737379203071,1.0,4,0.6103304028511047,0.14432841539382935,True,500,0.95,1,0.4155927002429962,0.4307714983820915,0.396550546262374,0.40766234140172325,0.5939702257514,0.6043133571743965,"9234,6215,30256,7365,21045,14909,2013,10978,15871,6448,3300,21339,6859,21503,12024,19939",1.0,16,16,False,True,False,True,True,False,True,True,False,False,True,False,True,False,64,0.99,-995.3652221027129,True,True,0.40114842138713924,validation/universal/length_16/candidate_01_center.npy,d03935ed1de72a02e84d6d609abad4c11b8d3b29cad90c134b4ba7f6e730e0a1,False,10.0
universal,17,"20644,26529,16569,28024,299,14412,26842,13740,9859,27069,6663,8318,17301,6200,11645,3746,21506",Batman Herstellung influential Mixed But Karen McN aveti contributed souligne drinking rel unbedingt Dor copiii Australian weaknesses,True,-968.9434524697788,96.70897050966892,0.06084956645965567,0.429253152478269,0.5489626812282073,0.6549535804477018,0.3024624669868532,0.37975934421671226,0.40358820386757016,0.4407728434513651,0.5207960447256181,0.5812413114195446,0.5956848489565775,0.07924973195095442,0,0.0,0.0009980790119965865,0.001949317738791423,0,0.0,0.0009980790119965865,0.001949317738791423,2931,0.977,0.9813193865506283,1.0,4,0.6103304028511047,0.1331254243850708,True,500,0.95,1,0.42268074080348017,0.4365538239479065,0.39753944948068876,0.4078030193895453,0.5906051769852638,0.6026261061429977,"20644,26529,16569,28024,299,14412,26842,13740,9859,27069,6663,8318,17301,6200,11645,3746,21506",1.0,17,17,False,True,False,True,True,False,True,True,False,False,True,False,True,False,64,0.99,-995.2108844942682,True,True,0.40358820386757016,validation/universal/length_17/candidate_01_center.npy,eefba60a912b57f0323782647beb689e171e8891c66767134324da10cb29ebbb,False,10.0
universal,18,"11812,3857,24140,18340,25364,9560,24041,1597,24276,3932,31794,13322,23184,4183,11190,5998,9548,9689",cineva IP walmart inherent îndeplin produces hackers developed unpleasant trebui simplistic applicant reboot musical 110 clinic Fish predict,True,-642.4576423512787,64.1,0.056549091339111235,0.46638602476517604,0.5874091774253818,0.7036202279670499,0.25412647495342033,0.3581983956614282,0.37954658076048653,0.4116011295762432,0.44832236458861435,0.5418565954018034,0.5578295495442516,0.09785144670846492,0,0.0,0.0009980790119965865,0.001949317738791423,0,0.0,0.0009980790119965865,0.001949317738791423,1953,0.651,0.6653675660858889,1.0,3,0.6024760007858276,0.10681143403053284,True,500,0.95,1,0.45980609953403473,0.47224290668964386,0.37381515582895625,0.38388382372983365,0.5534814670681953,0.5633427292108536,"11812,3857,24140,18340,25364,9560,24041,1597,24276,3932,31794,13322,23184,4183,11190,5998,9548,9689",1.0,18,18,False,True,True,True,True,False,True,True,True,True,True,False,True,False,64,0.99,-995.45522861765,True,True,0.37954658076048653,validation/universal/length_18/candidate_00_center.npy,e34d9fa5e4026eac4b73c0baa5eef15f65e005e41fb78a78599051554a6ca7d2,False,10.0
universal,19,"1140,4259,3654,15243,2308,24474,19741,3235,6169,20518,24835,11047,14876,26290,22138,26371,9398,2791,7054",Man constantly dead responsabil când Starbucks niciodata Contact îm rendered moindre mobil enterprises Peel Ethiopia Vegan timing agreement Korea,True,-742.9076523126013,74.13333333333333,0.06895365238189688,0.45601547800951586,0.575468290912919,0.6911879204676977,0.27730619393993616,0.36362787398250496,0.38349469431434813,0.4326533843276839,0.4819941726554244,0.5550173439616681,0.5707332342182284,0.11169000116102008,0,0.0,0.0009980790119965865,0.001949317738791423,0,0.0,0.0009980790119965865,0.001949317738791423,2254,0.7513333333333333,0.764295280118154,1.0,3,0.6024760007858276,0.13379845023155212,True,500,0.95,1,0.4503641128540039,0.46120979860424993,0.3786112706701403,0.3883955340168833,0.5649449095129967,0.5772330477833748,"1140,4259,3654,15243,2308,24474,19741,3235,6169,20518,24835,11047,14876,26290,22138,26371,9398,2791,7054",1.0,19,19,False,True,True,True,True,False,True,True,True,True,True,False,True,False,64,0.99,-994.8924046115118,True,True,0.38349469431434813,validation/universal/length_19/candidate_01_center.npy,e9280963504f67af98d65bfa3efebf033886229dac4b041eea1e053613682028,False,10.0
universal,20,"9145,2732,3419,9092,10003,94,14278,5523,27736,26329,12422,28438,11310,5054,26419,20298,17076,25316,11790,4539",Manchester atunci asemenea deserve cats It democracy Senior malfunction Vogel Stick monatlich organiza debate sanction assumptions întreag contracted Pac mortgage,True,-913.1108605215571,91.13333333333333,0.07128192901611319,0.43629208832721683,0.554827654327292,0.6626685222978512,0.28710383990089655,0.37588808963201187,0.3954036955503446,0.4311550492113312,0.4978359683592601,0.57324342091384,0.5876836636759849,0.07861462156319146,0,0.0,0.0009980790119965865,0.001949317738791423,0,0.0,0.0009980790119965865,0.001949317738791423,2764,0.9213333333333333,0.9292778460406972,1.0,4,0.6103304028511047,0.15831834077835083,True,500,0.95,1,0.4304752230644226,0.4429208539426327,0.39118878328671985,0.39945308077369224,0.58401939868927,0.5932723864912987,"9145,2732,3419,9092,10003,94,14278,5523,27736,26329,12422,28438,11310,5054,26419,20298,17076,25316,11790,4539",1.0,20,20,False,True,True,True,True,False,True,True,True,True,True,False,True,False,64,0.99,-994.9579677081913,True,True,0.3954036955503446,validation/universal/length_20/candidate_04_center.npy,be77acb0c36fe19319fbe96e8810d2a82d753507fde810d2924699dee56e19c4,False,10.0
universal,21,"16998,723,4917,841,8652,24513,8396,24964,15875,13081,16717,22600,12903,1533,8983,6242,4289,17086,26946,7828,8275",gay music attorney someone lawn accreditation cru Serving Roy bloom Favor attacker boli Ar surfaces pitch numai celebrity vampire fault applies,True,-911.7751313377596,91.0,0.058899838924407866,0.4423329721797972,0.5638727026401011,0.6693272920481952,0.2879844548362952,0.3738967296379526,0.3946915555394183,0.4299572218334121,0.4988506539676107,0.5712916897128347,0.5857479849963111,0.0725469070479108,0,0.0,0.0009980790119965865,0.001949317738791423,0,0.0,0.0009980790119965865,0.001949317738791423,2760,0.92,0.9280078045526806,1.0,4,0.6103304028511047,0.11725524067878723,True,500,0.95,1,0.43627864122390747,0.45132189989089966,0.38898151367448336,0.4003463828624598,0.5813748151063919,0.5919043675065041,"16998,723,4917,841,8652,24513,8396,24964,15875,13081,16717,22600,12903,1533,8983,6242,4289,17086,26946,7828,8275",1.0,21,21,False,True,True,True,True,False,True,True,False,True,True,False,True,False,64,0.99,-995.8541162640141,True,True,0.3946915555394183,validation/universal/length_21/candidate_01_center.npy,2fc64a3863caf34a446935a13cc390ed64ae9ed57d290c87644f7129475b1f12,False,10.0
universal,22,"15009,9637,4432,8301,18251,24187,16297,24041,82,3766,7182,24260,6239,9399,2732,12123,4869,8917,5261,22179,978,20526",cheat Jason implementation daher Arme Chang Graphic hackers my müssen Verfügung Newport etwa inainte atunci amendment forme interviews crack Haiti His abortion,True,-350.1152464958678,34.9,0.06887109994888296,0.4709888096299397,0.5816425024957519,0.6689464525687084,0.2575250653893476,0.33841193672451225,0.35841113647131223,0.39745034295402915,0.44961313089245314,0.5174092611077211,0.5328003367911921,0.07447985485501742,0,0.0,0.0009980790119965865,0.001949317738791423,0,0.0,0.0009980790119965865,0.001949317738791423,1077,0.359,0.3736701673410549,1.0,3,0.6024760007858276,0.13329419493675232,True,500,0.95,1,0.46257826685905457,0.47766074612736703,0.3539004276035956,0.363443334641596,0.5278745412826538,0.5390670865774154,"15009,9637,4432,8301,18251,24187,16297,24041,82,3766,7182,24260,6239,9399,2732,12123,4869,8917,5261,22179,978,20526",1.0,22,22,False,True,True,True,True,False,True,True,True,True,True,False,True,False,64,0.99,-994.8044826334008,True,True,0.35841113647131223,validation/universal/length_22/candidate_00_center.npy,e9b10f7edd6b9de00feb0db2fcc42d928986a03f691dec8dfd35b2574247a79c,False,10.0
universal,23,"191,26297,17310,9909,1088,13155,3273,28648,26979,955,27601,19741,10110,9701,14566,7554,803,11269,12010,27500,7081,15108,31330",pentru sushi fifteen unlikely party $8 Start healed paramount Or berühmte niciodata bă purchases poison Products friends bevor thirty reţe gaming violate homosexual,True,-226.32365292690523,22.53333333333333,0.053736944198608305,0.4741622025420555,0.5819587586713378,0.6797443850738929,0.2543573973589911,0.33975501571571226,0.35659164841531943,0.38674912590602795,0.4437595884317321,0.5152595088020565,0.5303693985084168,0.05711796258039977,0,0.0,0.0009980790119965865,0.001949317738791423,0,0.0,0.0009980790119965865,0.001949317738791423,706,0.23533333333333334,0.24842765108361262,1.0,4,0.6103304028511047,0.1149509847164154,True,500,0.95,1,0.46846911311149597,0.47997418567538264,0.35239691600191175,0.3625350608657463,0.5264754265546798,0.5361087575554848,"191,26297,17310,9909,1088,13155,3273,28648,26979,955,27601,19741,10110,9701,14566,7554,803,11269,12010,27500,7081,15108,31330",1.0,23,23,False,True,True,True,True,False,True,True,True,True,True,False,True,False,64,0.99,-994.8943451897567,True,True,0.35659164841531943,validation/universal/length_23/candidate_00_center.npy,9eec7d65540c8408335f0306e75a0c44b2a04b7eabd75e088e80756a3c24d2f5,False,10.0
universal,24,"31121,29517,4845,30912,2364,13233,31869,9399,4533,7452,12956,9534,29502,21891,2135,5209,3598,10855,11167,18149,16232,21581,24550,27363",estrogen gossip drugs précisément Pentru spark intellectuelle inainte Mini accuracy vaccine captured Encourage Alcohol connection Young lighting Better Document optimized Mein Blake hostile blonde,True,-965.6257257760262,96.37761243780496,0.08386464834213248,0.42450556388809874,0.5496390016447841,0.6601251594934887,0.28260672270037657,0.38285597069205934,0.40437830845531575,0.44286616223661274,0.4948436421955535,0.5822688566159292,0.5986489759122496,0.07020423278298456,0,0.0,0.0009980790119965865,0.001949317738791423,0,0.0,0.0009980790119965865,0.001949317738791423,2921,0.9736666666666667,0.9782957751551596,1.0,2,0.6064047813415527,0.15332520008087158,True,500,0.95,1,0.4171918034553528,0.43085831105709077,0.3993992730028152,0.40860250489928096,0.5939782127737999,0.6050824046134948,"31121,29517,4845,30912,2364,13233,31869,9399,4533,7452,12956,9534,29502,21891,2135,5209,3598,10855,11167,18149,16232,21581,24550,27363",1.0,24,24,False,True,False,True,True,False,True,True,False,False,True,False,True,False,64,0.99,-995.1459282013636,True,True,0.40437830845531575,validation/universal/length_24/candidate_00_center.npy,501f75fa68f547a1d42550fc7fedfbc1fc58030bba34a4598cb885fbba9a698d,False,10.0
universal,25,"16085,9257,19329,3146,21506,958,191,3285,3054,1275,3057,22143,14072,8302,7230,15309,19779,9534,28068,4910,14633,29893,28760,23820,3330",journalists peaceful retard iPhone weaknesses insurance pentru cheese Android solutions Music nouvel substances Quick delay modeling trapped captured (2018) stopped laut linistit beinhaltet verfüge avut,True,-734.5524264065427,73.3,0.07257898569107046,0.4453913549148365,0.558730303353381,0.6596001579809824,0.26777070756550003,0.3570225655361821,0.3767875843401776,0.4092601941165721,0.47024563823700305,0.5461949338882403,0.5621314073540188,0.06605772192979828,0,0.0,0.0009980790119965865,0.001949317738791423,0,0.0,0.0009980790119965865,0.001949317738791423,2229,0.743,0.7561102288656579,1.0,3,0.6024760007858276,0.14590218663215637,True,500,0.95,1,0.440642162412405,0.45010570138692857,0.37204685873451526,0.38154006406031893,0.557057237625122,0.5676273792982102,"16085,9257,19329,3146,21506,958,191,3285,3054,1275,3057,22143,14072,8302,7230,15309,19779,9534,28068,4910,14633,29893,28760,23820,3330",1.0,25,25,False,True,True,True,True,False,True,True,True,True,True,False,True,False,64,0.99,-994.6600663128345,True,True,0.3767875843401776,validation/universal/length_25/candidate_00_center.npy,47868662f672dc88aaa5ec0a26892872025be440c757e773fd7f5e90a583d72e,False,10.0
universal,26,"3595,10321,30292,10018,8498,22150,3605,27416,18195,19595,23704,28230,94,5788,10324,27975,22812,7273,4841,24019,15314,24822,244,17880,18640,15688",library hence cantitati voter basketball Falcon songs iesit numit valabil junction syntax It Mont prend tweeted Written 1995 ». wifi deserves 1941 sur violations Cub dim,True,-851.691603373028,85.0,0.06364275932312002,0.44473569583895334,0.5670117726996268,0.6690125866364143,0.2715721437611216,0.36407377443851324,0.3859614539848182,0.4220846043575539,0.47335483602796646,0.55661295182011,0.5727365328336562,0.0719101651896719,0,0.0,0.0009980790119965865,0.001949317738791423,0,0.0,0.0009980790119965865,0.001949317738791423,2580,0.86,0.8703240598862527,1.0,4,0.6103304028511047,0.14576750993728638,True,500,0.95,1,0.43730326890945437,0.45194403976202013,0.3802965588897888,0.38980918343175375,0.5677807003259658,0.5773741900920868,"3595,10321,30292,10018,8498,22150,3605,27416,18195,19595,23704,28230,94,5788,10324,27975,22812,7273,4841,24019,15314,24822,244,17880,18640,15688",1.0,26,26,False,True,True,True,True,False,True,True,True,True,True,False,True,False,64,0.99,-994.5657265226315,True,True,0.3859614539848182,validation/universal/length_26/candidate_00_center.npy,489ddd061594e2f3018e8840feb12c0b3eb64168efc258083c9a1eef415282a0,False,10.0
universal,27,"17310,7609,8611,8669,29953,18768,5305,29757,18476,5438,19852,29184,29346,229,15184,27353,19397,12726,3527,1700,13630,21279,18767,13737,21966,28723,26573",fifteen persons everybody proceed emulate Lawyer besser societăți drumul Stra privately Minecraft fragrant ist sheep reduc scholarships culori Commission dintre Actually vulnerability humid souhaitez Podcast discontinued PLEASE,True,-534.3275003956417,53.300000000000004,0.0549915623664855,0.4699668571970726,0.5827885840569043,0.684214665847513,0.26415435135474874,0.3494769753029944,0.36909678124368533,0.4090188083166371,0.45829901735015877,0.5313663336781522,0.5466432192887991,0.09592084090815686,0,0.0,0.0009980790119965865,0.001949317738791423,0,0.0,0.0009980790119965865,0.001949317738791423,1629,0.543,0.5580906593327412,1.0,3,0.6024760007858276,0.10823696851730347,True,500,0.95,1,0.46494062468409536,0.47427511885762214,0.36338511115843797,0.3735998715639119,0.5413883462548256,0.5536029219627381,"17310,7609,8611,8669,29953,18768,5305,29757,18476,5438,19852,29184,29346,229,15184,27353,19397,12726,3527,1700,13630,21279,18767,13737,21966,28723,26573",1.0,27,27,False,True,True,True,True,False,True,True,True,True,True,False,True,False,64,0.99,-995.0709122228612,True,True,0.36909678124368533,validation/universal/length_27/candidate_00_center.npy,2a938286882067df677e8b904c33b755e276e4297e17830e9384bb0c61256ced,False,10.0
universal,28,"31193,9934,29061,11352,13090,11099,28459,30529,7839,9399,24019,27252,23127,16470,8480,9701,11933,6643,28229,16292,31275,736,25366,17491,2364,1448,31338,7769",figurine Ter Pokemon attachment attempted risque nicotine Übersetzung possibilities inainte wifi contradiction Hockey knapp Jordan purchases starter statements warfare sonst Bosnia Am joueur Brothers Pentru word ensue 4-,True,-665.1261758644453,66.36666666666666,0.06720675945281973,0.46122063193469615,0.5744705688559462,0.6634957702707001,0.25496822732694957,0.34919090266790653,0.37037349557897026,0.41511449925753235,0.44866368377012306,0.5283249074587238,0.5475758833798383,0.0656129261045304,0,0.0,0.0009980790119965865,0.001949317738791423,0,0.0,0.0009980790119965865,0.001949317738791423,2021,0.6736666666666666,0.6877842510690068,1.0,4,0.6103304028511047,0.13281357288360596,True,500,0.95,1,0.4547428898513317,0.46531927287578584,0.36508906411833775,0.37468717668171553,0.542276069521904,0.5543725803494454,"31193,9934,29061,11352,13090,11099,28459,30529,7839,9399,24019,27252,23127,16470,8480,9701,11933,6643,28229,16292,31275,736,25366,17491,2364,1448,31338,7769",1.0,28,28,False,True,True,True,True,False,True,True,True,True,True,False,True,False,64,0.99,-994.7555348512493,True,True,0.37037349557897026,validation/universal/length_28/candidate_00_center.npy,95215fc0e44075de3bf047e05fb6c66888abfee9d7927171dec20848a0d7c641,False,10.0
universal,29,"30938,13753,17425,31352,9207,24041,8925,14480,9194,5591,16127,14949,25763,13759,3234,8719,4403,6124,1348,25545,14866,12302,30979,1451,6651,10469,3154,16458,18282",Băsescu Birthday horrible ancestral hinaus hackers 1) Xbox occasions hate Champion planting Hindi Soul Up laugh willing laser average considéré Nieder baie Fighting feature Chair Garten runs Finland proprie,True,-745.9067513242969,74.43333333333332,0.06685366153717032,0.46279965851069155,0.5999720040964258,0.7129763379465222,0.24203686744453343,0.3639846183022122,0.3843914750251973,0.41971286515231915,0.4337770108121041,0.5496787433613612,0.5671065126171755,0.08195062387831922,0,0.0,0.0009980790119965865,0.001949317738791423,0,0.0,0.0009980790119965865,0.001949317738791423,2263,0.7543333333333333,0.7672403294301358,1.0,3,0.6024760007858276,0.11979740858078003,True,500,0.95,1,0.45710429549217224,0.4677290581166744,0.38008954707685194,0.39042110768291094,0.5626761049032212,0.5722610801458359,"30938,13753,17425,31352,9207,24041,8925,14480,9194,5591,16127,14949,25763,13759,3234,8719,4403,6124,1348,25545,14866,12302,30979,1451,6651,10469,3154,16458,18282",1.0,29,29,False,True,True,True,True,False,True,True,True,True,True,False,True,False,64,0.99,-994.8760841434125,True,True,0.3843914750251973,validation/universal/length_29/candidate_00_center.npy,d17f68d80c850983e030d207e96f4432a894c4a63de16f50a0e1123ab38bc44b,False,10.0
universal,30,"19616,4570,8506,1568,1682,25386,18744,4863,14373,28311,1320,6986,1700,21793,19601,20578,499,21517,7968,14628,23375,4940,25722,31125,3591,296,54,25028,24989,14876",Lebensmittel privacy Practice recommend 2. medicul vivid improving Chelsea Katherine sign occurs dintre dürfte viruses Combin My timpului greu Essay Soccer boy exponential meditate birthday world can collateral adjoin enterprises,True,-947.8113129852684,94.6,0.08143260002136221,0.43712062779530375,0.5652743108429963,0.6714862947211429,0.26748385682145137,0.37504627858102485,0.3996847413963722,0.438016740235777,0.4736666870097306,0.5677116450417895,0.5852665508260493,0.08160896675411725,0,0.0,0.0009980790119965865,0.001949317738791423,1,0.0003333333333333333,0.001580301827458731,0.1871345029239766,2868,0.956,0.9619933642701297,1.0,2,0.6064047813415527,0.15483731031417847,True,500,0.95,1,0.4323706030845642,0.44251217097043993,0.39330186940196027,0.40437352493777606,0.5803731396794319,0.5907241493463516,"19616,4570,8506,1568,1682,25386,18744,4863,14373,28311,1320,6986,1700,21793,19601,20578,499,21517,7968,14628,23375,4940,25722,31125,3591,296,54,25028,24989,14876",1.0,30,30,False,True,True,True,True,False,True,True,False,True,True,False,True,False,64,0.99,-994.8789910195171,True,True,0.3996847413963722,validation/universal/length_30/candidate_03_center.npy,c3285ececb1d57cef60c5dab6b424a67dea45a9b8d0f4714d595c408c07f784b,False,10.0
