component_length,baseline,component_token_ids,trigger,objective,constraint_violation,feasible,core_feasible,absolute_escape_q05,relative_outward_q05,escape_rate,compact_radius_q95,triggered_pairwise_mean,triggered_pairwise_q05,all_cluster_clearance_q05,blank_region_cluster_feasible,violation_absolute_escape,violation_relative_outward,violation_escape_coverage,violation_compact_radius,triggered_benign_knn_q05,benign_knn_q95,density_ratio,blank_region_knn_feasible,per_mode_metrics_json,standalone_realized_length,standalone_realized_ids,context_realized_length_min,context_realized_length_max,sentinel_location_rate,realizability_rate,text_realizable
1,random_legal,22649,Quebec,-0.7275547937540332,10.124810556248223,False,False,-0.11751250044295697,-0.01804076239367447,0.1262135922330097,0.5920015309174018,0.7348245942821047,0.6736151640050251,-0.11751250044295697,False,6.875625022147847,1.9020381196837237,0.8671435871231478,0.4800038272935045,0.6512777805328369,0.7556880414485931,0.861834176023733,False,"[{""absolute_escape_q05"": -0.11568757128735077, ""relative_outward_q05"": -0.01802256533885066, ""escape_rate"": 0.1650485436893204, ""compact_radius_q95"": 0.5848144900765518, ""triggered_pairwise_mean"": 0.7403268214664617, ""triggered_pairwise_q05"": 0.6783469739697946, ""all_cluster_clearance_q05"": -0.11568757128735077, ""center_norm_pre_normalization"": 0.8618862574114584}, {""absolute_escape_q05"": -0.11751250044295697, ""relative_outward_q05"": -0.012987863758435003, ""escape_rate"": 0.1262135922330097, ""compact_radius_q95"": 0.5920015309174018, ""triggered_pairwise_mean"": 0.7348245942821047, ""triggered_pairwise_q05"": 0.6736151640050251, ""all_cluster_clearance_q05"": -0.11751250044295697, ""center_norm_pre_normalization"": 0.858719461359952}, {""absolute_escape_q05"": -0.11406249886999495, ""relative_outward_q05"": -0.01804076239367447, ""escape_rate"": 0.17475728155339806, ""compact_radius_q95"": 0.5849796740285893, ""triggered_pairwise_mean"": 0.735693056274152, ""triggered_pairwise_q05"": 0.6763350292814664, ""all_cluster_clearance_q05"": -0.11406249886999495, ""center_norm_pre_normalization"": 0.859220078664893}]",1,22649,1,1,1.0,1.0,True
1,frequent_ordinary,8,the,-0.8023951129263709,11.020108944973163,False,False,-0.12613116291361878,-0.02390121871583784,0.10679611650485436,0.6523627312969142,0.6738714383058652,0.6075190884254142,-0.12613116291361878,False,7.306558145680938,2.1950609357918918,0.887583035258048,0.6309068282422855,0.6376411318778992,0.7556880414485931,0.8437888346831485,False,"[{""absolute_escape_q05"": -0.12145480795092692, ""relative_outward_q05"": -0.015088123279957899, ""escape_rate"": 0.11650485436893204, ""compact_radius_q95"": 0.645825766304806, ""triggered_pairwise_mean"": 0.6738714383058652, ""triggered_pairwise_q05"": 0.6075190884254142, ""all_cluster_clearance_q05"": -0.12145480795092692, ""center_norm_pre_normalization"": 0.8228230280365305}, {""absolute_escape_q05"": -0.12613116291361878, ""relative_outward_q05"": -0.014085893498554412, ""escape_rate"": 0.11650485436893204, ""compact_radius_q95"": 0.6523627312969142, ""triggered_pairwise_mean"": 0.6773754941298928, ""triggered_pairwise_q05"": 0.612062119341499, ""all_cluster_clearance_q05"": -0.12613116291361878, ""center_norm_pre_normalization"": 0.8249289492687707}, {""absolute_escape_q05"": -0.12045490153477921, ""relative_outward_q05"": -0.02390121871583784, ""escape_rate"": 0.10679611650485436, ""compact_radius_q95"": 0.6462417205792039, ""triggered_pairwise_mean"": 0.676041003082353, ""triggered_pairwise_q05"": 0.6103954331897875, ""all_cluster_clearance_q05"": -0.12045490153477921, ""center_norm_pre_normalization"": 0.8241275608901357}]",1,8,1,1,1.0,1.0,True
1,natural_phrase,34,it,-0.8062330797488092,11.195301017326317,False,False,-0.13198070283565055,-0.021753086780427276,0.11650485436893204,0.6524992901327313,0.6725739872911499,0.6059069008205809,-0.13198070283565055,False,7.599035141782527,2.0876543390213635,0.8773633111905978,0.6312482253318282,0.6324774146080017,0.7556880414485931,0.836955701185364,False,"[{""absolute_escape_q05"": -0.12813148350058737, ""relative_outward_q05"": -0.018589737372490842, ""escape_rate"": 0.11650485436893204, ""compact_radius_q95"": 0.6435134749193318, ""triggered_pairwise_mean"": 0.6760614505062089, ""triggered_pairwise_q05"": 0.608915824408657, ""all_cluster_clearance_q05"": -0.12813148350058737, ""center_norm_pre_normalization"": 0.8241398457740272}, {""absolute_escape_q05"": -0.1260420423558361, ""relative_outward_q05"": -0.008241796909870402, ""escape_rate"": 0.11650485436893204, ""compact_radius_q95"": 0.650603510190759, ""triggered_pairwise_mean"": 0.6725739872911499, ""triggered_pairwise_q05"": 0.6059069008205809, ""all_cluster_clearance_q05"": -0.1260420423558361, ""center_norm_pre_normalization"": 0.822041897376391}, {""absolute_escape_q05"": -0.13198070283565055, ""relative_outward_q05"": -0.021753086780427276, ""escape_rate"": 0.11650485436893204, ""compact_radius_q95"": 0.6524992901327313, ""triggered_pairwise_mean"": 0.6757037924423909, ""triggered_pairwise_q05"": 0.6086413702830196, ""all_cluster_clearance_q05"": -0.13198070283565055, ""center_norm_pre_normalization"": 0.8239249357790017}]",1,34,1,1,1.0,1.0,True
1,best_single_sticky_repeated,10278,vegan,-0.7415605727418654,10.379515157496208,False,False,-0.11880429730121016,-0.021374021404440325,0.1262135922330097,0.6013822540362149,0.7419171587019887,0.669907984128143,-0.11880429730121016,False,6.940214865060508,2.068701070222016,0.8671435871231478,0.5034556350905373,0.6542774081230164,0.7556880414485931,0.8658035753335719,False,"[{""absolute_escape_q05"": -0.10850805522235131, ""relative_outward_q05"": -0.021374021404440325, ""escape_rate"": 0.1262135922330097, ""compact_radius_q95"": 0.5633064323625583, ""triggered_pairwise_mean"": 0.7565413718077085, ""triggered_pairwise_q05"": 0.6999550999582016, ""all_cluster_clearance_q05"": -0.10850805522235131, ""center_norm_pre_normalization"": 0.8711515644650399}, {""absolute_escape_q05"": -0.11880429730121016, ""relative_outward_q05"": -0.020593305695373685, ""escape_rate"": 0.13592233009708737, ""compact_radius_q95"": 0.6013822540362149, ""triggered_pairwise_mean"": 0.7419171587019887, ""triggered_pairwise_q05"": 0.669907984128143, ""all_cluster_clearance_q05"": -0.11880429730121016, ""center_norm_pre_normalization"": 0.8627994076052592}, {""absolute_escape_q05"": -0.10864433156848224, ""relative_outward_q05"": -0.021107532990725642, ""escape_rate"": 0.1650485436893204, ""compact_radius_q95"": 0.5965575502147957, ""triggered_pairwise_mean"": 0.745180333321595, ""triggered_pairwise_q05"": 0.679791621592103, ""all_cluster_clearance_q05"": -0.10864433156848224, ""center_norm_pre_normalization"": 0.8646700591208981}]",1,10278,1,1,1.0,1.0,True
1,top_escape_concatenation,22009,Nobody,-0.7123428136734191,7.198182344396858,False,False,-0.08236252050194225,0.0009521379928660815,0.42718446601941745,0.6309324311643429,0.705951093971398,0.6384894054071663,-0.09667368180095955,False,5.118126025097112,0.9523931003566959,0.5503321410321921,0.5773310779108572,0.6757641792297363,0.7556880414485931,0.8942369630917419,False,"[{""absolute_escape_q05"": -0.050659895019584955, ""relative_outward_q05"": 0.010265701741560277, ""escape_rate"": 0.6601941747572816, ""compact_radius_q95"": 0.6309324311643429, ""triggered_pairwise_mean"": 0.7213779584794826, ""triggered_pairwise_q05"": 0.6429574726001847, ""all_cluster_clearance_q05"": -0.09667368180095955, ""center_norm_pre_normalization"": 0.8509306829560656}, {""absolute_escape_q05"": -0.08236252050194225, ""relative_outward_q05"": 0.009707709389271402, ""escape_rate"": 0.42718446601941745, ""compact_radius_q95"": 0.6041206182966113, ""triggered_pairwise_mean"": 0.7286464373448431, ""triggered_pairwise_q05"": 0.6662161406709083, ""all_cluster_clearance_q05"": -0.08236252050194225, ""center_norm_pre_normalization"": 0.8551496584966283}, {""absolute_escape_q05"": -0.07130708488605796, ""relative_outward_q05"": 0.0009521379928660815, ""escape_rate"": 0.47572815533980584, ""compact_radius_q95"": 0.6261427724679274, ""triggered_pairwise_mean"": 0.705951093971398, ""triggered_pairwise_q05"": 0.6384894054071663, ""all_cluster_clearance_q05"": -0.07869969909539944, ""center_norm_pre_normalization"": 0.8419061338186186}]",1,22009,1,1,1.0,1.0,True
1,top_compact_concatenation,28487,Latvia,-0.7238726906992746,10.109713922794842,False,False,-0.11432937396891266,-0.02066955573190018,0.10679611650485436,0.5888737609984618,0.749288391453526,0.6839127633367372,-0.11432937396891266,False,6.716468698445632,2.0334777865950087,0.887583035258048,0.4721844024961544,0.6531684875488282,0.7556880414485931,0.8643361436509658,False,"[{""absolute_escape_q05"": -0.11028672408583592, ""relative_outward_q05"": -0.02066955573190018, ""escape_rate"": 0.11650485436893204, ""compact_radius_q95"": 0.5665218985088932, ""triggered_pairwise_mean"": 0.7570841040024506, ""triggered_pairwise_q05"": 0.6943912501564341, ""all_cluster_clearance_q05"": -0.11028672408583592, ""center_norm_pre_normalization"": 0.8714599883542434}, {""absolute_escape_q05"": -0.11428942034248127, ""relative_outward_q05"": -0.019620091442480714, ""escape_rate"": 0.11650485436893204, ""compact_radius_q95"": 0.5888737609984618, ""triggered_pairwise_mean"": 0.749288391453526, ""triggered_pairwise_q05"": 0.6839127633367372, ""all_cluster_clearance_q05"": -0.11428942034248127, ""center_norm_pre_normalization"": 0.86701931078271}, {""absolute_escape_q05"": -0.11432937396891266, ""relative_outward_q05"": -0.01685625332430545, ""escape_rate"": 0.10679611650485436, ""compact_radius_q95"": 0.5774165286750145, ""triggered_pairwise_mean"": 0.7516056570046673, ""triggered_pairwise_q05"": 0.6860425969882372, ""all_cluster_clearance_q05"": -0.11432937396891266, ""center_norm_pre_normalization"": 0.8683416684239565}]",1,28487,1,1,1.0,1.0,True
1,v1_attractor_adjusted,30332,lucrarea,-0.9009157549928297,19.611584260291796,False,False,-0.210981292510122,-0.1123722837595564,0.0,0.5775621787231514,0.7424590128760804,0.6869660096651485,-0.210981292510122,False,11.549064625506098,6.61861418797782,1.0,0.44390544680787847,0.6015117406845093,0.7556880414485931,0.7959789062315445,False,"[{""absolute_escape_q05"": -0.2016639133588463, ""relative_outward_q05"": -0.10045420753769148, ""escape_rate"": 0.009708737864077669, ""compact_radius_q95"": 0.5775621787231514, ""triggered_pairwise_mean"": 0.7424590128760804, ""triggered_pairwise_q05"": 0.6869660096651485, ""all_cluster_clearance_q05"": -0.2016639133588463, ""center_norm_pre_normalization"": 0.8631103123619727}, {""absolute_escape_q05"": -0.210981292510122, ""relative_outward_q05"": -0.1123722837595564, ""escape_rate"": 0.0, ""compact_radius_q95"": 0.5587024548398514, ""triggered_pairwise_mean"": 0.7531242540384553, ""triggered_pairwise_q05"": 0.6998362562739098, ""all_cluster_clearance_q05"": -0.210981292510122, ""center_norm_pre_normalization"": 0.869207171189431}, {""absolute_escape_q05"": -0.2004659875037425, ""relative_outward_q05"": -0.10550231090511093, ""escape_rate"": 0.0, ""compact_radius_q95"": 0.5597721339836574, ""triggered_pairwise_mean"": 0.7478155948907488, ""triggered_pairwise_q05"": 0.6920413128690066, ""all_cluster_clearance_q05"": -0.2004659875037425, ""center_norm_pre_normalization"": 0.8661778037322212}]",2,"3,30332",2,2,1.0,1.0,True
1,v2_optimized,28218,NEVER,-0.7019217510834992,7.0909902984420405,False,False,-0.08467960307919226,0.0028258973870743,0.5242718446601942,0.6200680453913813,0.717646011381287,0.6474830931820068,-0.08467960307919226,False,5.233980153959613,0.858705130646285,0.4481349003576903,0.5501701134784531,0.6838579773902893,0.7556880414485931,0.9049474649345894,False,"[{""absolute_escape_q05"": -0.06700094660936051, ""relative_outward_q05"": 0.005269137100308044, ""escape_rate"": 0.5631067961165048, ""compact_radius_q95"": 0.6016105497547728, ""triggered_pairwise_mean"": 0.7328909597173239, ""triggered_pairwise_q05"": 0.6675116893910732, ""all_cluster_clearance_q05"": -0.07343885541084347, ""center_norm_pre_normalization"": 0.8576037849094335}, {""absolute_escape_q05"": -0.05483051575414314, ""relative_outward_q05"": 0.007873944004354622, ""escape_rate"": 0.5631067961165048, ""compact_radius_q95"": 0.5993037968155168, ""triggered_pairwise_mean"": 0.7314543751613538, ""triggered_pairwise_q05"": 0.6665600356715881, ""all_cluster_clearance_q05"": -0.05483051575414314, ""center_norm_pre_normalization"": 0.8567739577520502}, {""absolute_escape_q05"": -0.08467960307919226, ""relative_outward_q05"": 0.0028258973870743, ""escape_rate"": 0.5242718446601942, ""compact_radius_q95"": 0.6200680453913813, ""triggered_pairwise_mean"": 0.717646011381287, ""triggered_pairwise_q05"": 0.6474830931820068, ""all_cluster_clearance_q05"": -0.08467960307919226, ""center_norm_pre_normalization"": 0.8487563329286241}]",1,28218,1,1,1.0,1.0,True
2,random_legal,"19258,9394",Statistics Snow,-0.721184919559984,10.562093046224366,False,False,-0.1170868722346078,-0.027577290124683917,0.10679611650485436,0.5765207572006923,0.7690773642167706,0.705184493878839,-0.1170868722346078,False,6.85434361173039,2.378864506234196,0.887583035258048,0.44130189300173067,0.6563920736312866,0.7556880414485931,0.8686019066452816,False,"[{""absolute_escape_q05"": -0.10582109218489094, ""relative_outward_q05"": -0.02071277466610043, ""escape_rate"": 0.18446601941747573, ""compact_radius_q95"": 0.550198340351152, ""triggered_pairwise_mean"": 0.779795176191357, ""triggered_pairwise_q05"": 0.7217200609277243, ""all_cluster_clearance_q05"": -0.10582109218489094, ""center_norm_pre_normalization"": 0.8842698047326519}, {""absolute_escape_q05"": -0.1170868722346078, ""relative_outward_q05"": -0.027577290124683917, ""escape_rate"": 0.10679611650485436, ""compact_radius_q95"": 0.5477848292758353, ""triggered_pairwise_mean"": 0.7770099220199238, ""triggered_pairwise_q05"": 0.7180624016331337, ""all_cluster_clearance_q05"": -0.1170868722346078, ""center_norm_pre_normalization"": 0.8827088278194117}, {""absolute_escape_q05"": -0.10655994335349007, ""relative_outward_q05"": -0.023865497840016257, ""escape_rate"": 0.1941747572815534, ""compact_radius_q95"": 0.5765207572006923, ""triggered_pairwise_mean"": 0.7690773642167706, ""triggered_pairwise_q05"": 0.705184493878839, ""all_cluster_clearance_q05"": -0.10655994335349007, ""center_norm_pre_normalization"": 0.8782478761593484}]",2,"19258,9394",2,2,1.0,1.0,True
2,frequent_ordinary,"8,5",the.,-0.800063407899553,10.890075359802225,False,False,-0.12923274858753644,-0.017969653111997122,0.0970873786407767,0.6528610062000194,0.6730033303854829,0.6058287897864366,-0.12923274858753644,False,7.461637429376822,1.8984826555998562,0.8978027593254982,0.6321525155000485,0.6365665197372437,0.7556880414485931,0.8423668032605053,False,"[{""absolute_escape_q05"": -0.11552321328005136, ""relative_outward_q05"": -0.013712718388213668, ""escape_rate"": 0.11650485436893204, ""compact_radius_q95"": 0.6528610062000194, ""triggered_pairwise_mean"": 0.6730033303854829, ""triggered_pairwise_q05"": 0.6058287897864366, ""all_cluster_clearance_q05"": -0.11552321328005136, ""center_norm_pre_normalization"": 0.8223004656583318}, {""absolute_escape_q05"": -0.12923274858753644, ""relative_outward_q05"": -0.01785424237398076, ""escape_rate"": 0.10679611650485436, ""compact_radius_q95"": 0.6500478739048904, ""triggered_pairwise_mean"": 0.6743451626816305, ""triggered_pairwise_q05"": 0.6086414132766738, ""all_cluster_clearance_q05"": -0.12923274858753644, ""center_norm_pre_normalization"": 0.8231080490744959}, {""absolute_escape_q05"": -0.12917022193908906, ""relative_outward_q05"": -0.017969653111997122, ""escape_rate"": 0.0970873786407767, ""compact_radius_q95"": 0.64161865499617, ""triggered_pairwise_mean"": 0.6741675043270178, ""triggered_pairwise_q05"": 0.6106090619150497, ""all_cluster_clearance_q05"": -0.12917022193908906, ""center_norm_pre_normalization"": 0.8230011707877478}]",2,"8,5",2,2,1.0,1.0,True
2,natural_phrase,"34,65",it has,-0.8041131803370537,11.197873379232577,False,False,-0.12807206072778882,-0.025397153357778444,0.0970873786407767,0.6506439662514865,0.6822434716179587,0.6115092896286274,-0.12807206072778882,False,7.40360303638944,2.269857667888922,0.8978027593254982,0.626609915628716,0.6397068977355957,0.7556880414485931,0.8465224572157171,False,"[{""absolute_escape_q05"": -0.12807206072778882, ""relative_outward_q05"": -0.025266975045958914, ""escape_rate"": 0.0970873786407767, ""compact_radius_q95"": 0.6399619128002795, ""triggered_pairwise_mean"": 0.6883739598380245, ""triggered_pairwise_q05"": 0.6237025842396743, ""all_cluster_clearance_q05"": -0.12807206072778882, ""center_norm_pre_normalization"": 0.8315043330182054}, {""absolute_escape_q05"": -0.12095116819969774, ""relative_outward_q05"": -0.014539354082607191, ""escape_rate"": 0.10679611650485436, ""compact_radius_q95"": 0.6506439662514865, ""triggered_pairwise_mean"": 0.6822434716179587, ""triggered_pairwise_q05"": 0.6115092896286274, ""all_cluster_clearance_q05"": -0.12095116819969774, ""center_norm_pre_normalization"": 0.8278456902784236}, {""absolute_escape_q05"": -0.12573000655617228, ""relative_outward_q05"": -0.025397153357778444, ""escape_rate"": 0.0970873786407767, ""compact_radius_q95"": 0.6436164786418864, ""triggered_pairwise_mean"": 0.6832087686267844, ""triggered_pairwise_q05"": 0.6208264900919469, ""all_cluster_clearance_q05"": -0.12573000655617228, ""center_norm_pre_normalization"": 0.828422846214767}]",2,"34,65",2,2,1.0,1.0,True
2,best_single_sticky_repeated,"10278,10278",vegan vegan,-0.6851176464911847,9.96238673300959,False,False,-0.1090531480586543,-0.025314199934155825,0.1262135922330097,0.5507502984983745,0.7661232129042115,0.7084475533342846,-0.1090531480586543,False,6.452657402932715,2.265709996707791,0.8671435871231478,0.3768757462459363,0.6646869421005249,0.7556880414485931,0.8795784842993857,False,"[{""absolute_escape_q05"": -0.10173303390821994, ""relative_outward_q05"": -0.02296326168509306, ""escape_rate"": 0.1262135922330097, ""compact_radius_q95"": 0.5336039901646966, ""triggered_pairwise_mean"": 0.7780604378514234, ""triggered_pairwise_q05"": 0.7241187599288849, ""all_cluster_clearance_q05"": -0.10173303390821994, ""center_norm_pre_normalization"": 0.8832979063942996}, {""absolute_escape_q05"": -0.1090531480586543, ""relative_outward_q05"": -0.019780254613192716, ""escape_rate"": 0.13592233009708737, ""compact_radius_q95"": 0.5506837535522169, ""triggered_pairwise_mean"": 0.7705684697258225, ""triggered_pairwise_q05"": 0.7125010477216439, ""all_cluster_clearance_q05"": -0.1090531480586543, ""center_norm_pre_normalization"": 0.8790881416012178}, {""absolute_escape_q05"": -0.09924421741081492, ""relative_outward_q05"": -0.025314199934155825, ""escape_rate"": 0.14563106796116504, ""compact_radius_q95"": 0.5507502984983745, ""triggered_pairwise_mean"": 0.7661232129042115, ""triggered_pairwise_q05"": 0.7084475533342846, ""all_cluster_clearance_q05"": -0.09924421741081492, ""center_norm_pre_normalization"": 0.8765807788329582}]",2,"10278,10278",2,2,1.0,1.0,True
2,top_escape_concatenation,"22009,28218",Nobody NEVER,-0.7197088250258045,8.415123730756159,False,False,-0.09629449867635899,-0.007766192657326354,0.3106796116504854,0.6156481336921191,0.7219148538288999,0.6542137321237945,-0.09663358975354576,False,5.814724933817949,1.3883096328663178,0.6729688298415943,0.5391203342302977,0.6807393908500672,0.7556880414485931,0.9008206475586733,False,"[{""absolute_escape_q05"": -0.06868337130987803, ""relative_outward_q05"": 0.002188602701277831, ""escape_rate"": 0.5922330097087378, ""compact_radius_q95"": 0.598170816274445, ""triggered_pairwise_mean"": 0.7443677412726265, ""triggered_pairwise_q05"": 0.6721920815534705, ""all_cluster_clearance_q05"": -0.08554599423392167, ""center_norm_pre_normalization"": 0.8642046102825328}, {""absolute_escape_q05"": -0.07752496710317774, ""relative_outward_q05"": 0.0008347437799077861, ""escape_rate"": 0.33980582524271846, ""compact_radius_q95"": 0.5889082113520773, ""triggered_pairwise_mean"": 0.7426068371258079, ""triggered_pairwise_q05"": 0.6736783433339301, ""all_cluster_clearance_q05"": -0.07752496710317774, ""center_norm_pre_normalization"": 0.8631951114102573}, {""absolute_escape_q05"": -0.09629449867635899, ""relative_outward_q05"": -0.007766192657326354, ""escape_rate"": 0.3106796116504854, ""compact_radius_q95"": 0.6156481336921191, ""triggered_pairwise_mean"": 0.7219148538288999, ""triggered_pairwise_q05"": 0.6542137321237945, ""all_cluster_clearance_q05"": -0.09663358975354576, ""center_norm_pre_normalization"": 0.8512430381510592}]",2,"22009,28218",2,2,1.0,1.0,True
2,top_compact_concatenation,"28487,22893",Latvia cigarettes,-0.7064031584197854,11.11880133686558,False,False,-0.12055353770080332,-0.03682393871236552,0.11650485436893204,0.5490256820066166,0.7919252256849977,0.7279304836995395,-0.12055353770080332,False,7.027676885040165,2.841196935618276,0.8773633111905978,0.37256420501654147,0.6537357330322265,0.7556880414485931,0.8650867781089506,False,"[{""absolute_escape_q05"": -0.11135611450674793, ""relative_outward_q05"": -0.035496144765102024, ""escape_rate"": 0.1650485436893204, ""compact_radius_q95"": 0.5348701417010061, ""triggered_pairwise_mean"": 0.8065472607340133, ""triggered_pairwise_q05"": 0.7433972225704018, ""all_cluster_clearance_q05"": -0.11135611450674793, ""center_norm_pre_normalization"": 0.8991248206407897}, {""absolute_escape_q05"": -0.12055353770080332, ""relative_outward_q05"": -0.03682393871236552, ""escape_rate"": 0.11650485436893204, ""compact_radius_q95"": 0.5490256820066166, ""triggered_pairwise_mean"": 0.7919252256849977, ""triggered_pairwise_q05"": 0.7279304836995395, ""all_cluster_clearance_q05"": -0.12055353770080332, ""center_norm_pre_normalization"": 0.8910361213759752}, {""absolute_escape_q05"": -0.10943160047487296, ""relative_outward_q05"": -0.03518919378908664, ""escape_rate"": 0.13592233009708737, ""compact_radius_q95"": 0.5424624617971575, ""triggered_pairwise_mean"": 0.7947419759099955, ""triggered_pairwise_q05"": 0.7297838916718941, ""all_cluster_clearance_q05"": -0.10943160047487296, ""center_norm_pre_normalization"": 0.8926000071774439}]",2,"28487,22893",2,2,1.0,1.0,True
2,v1_attractor_adjusted,"30332,16145",lucrarea earthquake,-0.8273780223704308,18.716701583967932,False,False,-0.20235297557619147,-0.10603137238258448,0.0,0.5189936744116548,0.800186081764304,0.7464252564281066,-0.20235297557619147,False,11.117648778809572,6.301568619129223,1.0,0.2974841860291369,0.5915589570999146,0.7556880414485931,0.7828084138607562,False,"[{""absolute_escape_q05"": -0.19683038303734088, ""relative_outward_q05"": -0.1027041485392558, ""escape_rate"": 0.0, ""compact_radius_q95"": 0.5189936744116548, ""triggered_pairwise_mean"": 0.800186081764304, ""triggered_pairwise_q05"": 0.7464252564281066, ""all_cluster_clearance_q05"": -0.19683038303734088, ""center_norm_pre_normalization"": 0.8956148855452807}, {""absolute_escape_q05"": -0.20235297557619147, ""relative_outward_q05"": -0.10603137238258448, ""escape_rate"": 0.0, ""compact_radius_q95"": 0.49190642987243915, ""triggered_pairwise_mean"": 0.8284698720006507, ""triggered_pairwise_q05"": 0.7788865484570547, ""all_cluster_clearance_q05"": -0.20235297557619147, ""center_norm_pre_normalization"": 0.9111175629458167}, {""absolute_escape_q05"": -0.19958666430967187, ""relative_outward_q05"": -0.10597008213636606, ""escape_rate"": 0.009708737864077669, ""compact_radius_q95"": 0.5172863872472646, ""triggered_pairwise_mean"": 0.8028025263153591, ""triggered_pairwise_q05"": 0.7495657708980143, ""all_cluster_clearance_q05"": -0.19958666430967187, ""center_norm_pre_normalization"": 0.8970602350578588}]",3,"3,30332,16145",3,3,1.0,1.0,True
2,v2_optimized,"29764,28218",firefighters NEVER,-0.5912810936639888,4.948620077571913,False,False,-0.05065555711661339,0.005284212781221744,0.6504854368932039,0.5459097493285971,0.7971645873748909,0.7293134922180596,-0.05541076965008169,False,3.5327778558306697,0.7357893609389128,0.3152784874808379,0.3647743733214928,0.7035699248313904,0.7556880414485931,0.9310322331986404,False,"[{""absolute_escape_q05"": -0.043279289362231986, ""relative_outward_q05"": 0.01578257085270081, ""escape_rate"": 0.8058252427184466, ""compact_radius_q95"": 0.5401106566605519, ""triggered_pairwise_mean"": 0.8261428174855154, ""triggered_pairwise_q05"": 0.7534147727946561, ""all_cluster_clearance_q05"": -0.05541076965008169, ""center_norm_pre_normalization"": 0.9098520493627809}, {""absolute_escape_q05"": -0.049164298004212514, ""relative_outward_q05"": 0.019668102281827242, ""escape_rate"": 0.6504854368932039, ""compact_radius_q95"": 0.539504522998506, ""triggered_pairwise_mean"": 0.7975082553319509, ""triggered_pairwise_q05"": 0.7327673944824281, ""all_cluster_clearance_q05"": -0.05117865668579038, ""center_norm_pre_normalization"": 0.8941332088061901}, {""absolute_escape_q05"": -0.05065555711661339, ""relative_outward_q05"": 0.005284212781221744, ""escape_rate"": 0.7475728155339806, ""compact_radius_q95"": 0.5459097493285971, ""triggered_pairwise_mean"": 0.7971645873748909, ""triggered_pairwise_q05"": 0.7293134922180596, ""all_cluster_clearance_q05"": -0.05159907358788418, ""center_norm_pre_normalization"": 0.893942874941519}]",2,"29764,28218",2,2,1.0,1.0,True
4,random_legal,"23431,25520,11511,29005",photographicBecome Mexican Nickel,-0.7078711315720435,10.936295527956142,False,False,-0.11876225371259597,-0.035126037570990074,0.13592233009708737,0.5539828402884575,0.7935418766233274,0.7251176670655806,-0.11876225371259597,False,6.938112685629798,2.756301878549504,0.8569238630556976,0.3849571007211436,0.6499010324478149,0.7556880414485931,0.8600123288996435,False,"[{""absolute_escape_q05"": -0.10880828761809799, ""relative_outward_q05"": -0.035126037570990074, ""escape_rate"": 0.1553398058252427, ""compact_radius_q95"": 0.5001580143384063, ""triggered_pairwise_mean"": 0.8168409130424598, ""triggered_pairwise_q05"": 0.7628360528703779, ""all_cluster_clearance_q05"": -0.10880828761809799, ""center_norm_pre_normalization"": 0.9047757495584283}, {""absolute_escape_q05"": -0.11876225371259597, ""relative_outward_q05"": -0.026508301092845507, ""escape_rate"": 0.13592233009708737, ""compact_radius_q95"": 0.5444340030912237, ""triggered_pairwise_mean"": 0.7937433512042302, ""triggered_pairwise_q05"": 0.7268724132212934, ""all_cluster_clearance_q05"": -0.11876225371259597, ""center_norm_pre_normalization"": 0.8920458751675564}, {""absolute_escape_q05"": -0.11009812209390285, ""relative_outward_q05"": -0.03487543938550375, ""escape_rate"": 0.1553398058252427, ""compact_radius_q95"": 0.5539828402884575, ""triggered_pairwise_mean"": 0.7935418766233274, ""triggered_pairwise_q05"": 0.7251176670655806, ""all_cluster_clearance_q05"": -0.11009812209390285, ""center_norm_pre_normalization"": 0.8919340361322059}]",4,"23431,25520,11511,29005",4,4,1.0,1.0,True
4,frequent_ordinary,"8,5,6,10","the.,:",-0.7908125044708447,10.550862361160156,False,False,-0.12413195703592396,-0.01663116011618121,0.10679611650485436,0.6500493873187395,0.675460576362326,0.6111578556107066,-0.12413195703592396,False,7.206597851796198,1.8315580058090606,0.887583035258048,0.6251234682968487,0.6384761929512024,0.7556880414485931,0.8448938688076828,False,"[{""absolute_escape_q05"": -0.1169002332371299, ""relative_outward_q05"": -0.013843506262885318, ""escape_rate"": 0.10679611650485436, ""compact_radius_q95"": 0.6447339153098581, ""triggered_pairwise_mean"": 0.6792390477636234, ""triggered_pairwise_q05"": 0.6158052398286689, ""all_cluster_clearance_q05"": -0.1169002332371299, ""center_norm_pre_normalization"": 0.8260467493778024}, {""absolute_escape_q05"": -0.12413195703592396, ""relative_outward_q05"": -0.01563738510149183, ""escape_rate"": 0.11650485436893204, ""compact_radius_q95"": 0.6500493873187395, ""triggered_pairwise_mean"": 0.675460576362326, ""triggered_pairwise_q05"": 0.6111578556107066, ""all_cluster_clearance_q05"": -0.12413195703592396, ""center_norm_pre_normalization"": 0.8237787597446583}, {""absolute_escape_q05"": -0.1238803194100071, ""relative_outward_q05"": -0.01663116011618121, ""escape_rate"": 0.10679611650485436, ""compact_radius_q95"": 0.6378083921683398, ""triggered_pairwise_mean"": 0.6777616760155779, ""triggered_pairwise_q05"": 0.6156176443225686, ""all_cluster_clearance_q05"": -0.1238803194100071, ""center_norm_pre_normalization"": 0.8251607139356171}]",4,"8,5,6,10",4,4,1.0,1.0,True
4,natural_phrase,"34,65,8,1504",it has the effect,-0.7821795958217794,10.84125721596859,False,False,-0.11708138489760958,-0.03003451967267764,0.0970873786407767,0.6350636912514922,0.6988732683708596,0.6311411544989741,-0.11708138489760958,False,6.8540692448804785,2.501725983633882,0.8978027593254982,0.5876592281287304,0.6438269257545471,0.7556880414485931,0.8519744794695742,False,"[{""absolute_escape_q05"": -0.10423942147561092, ""relative_outward_q05"": -0.02033323795649904, ""escape_rate"": 0.13592233009708737, ""compact_radius_q95"": 0.5952589221914163, ""triggered_pairwise_mean"": 0.7259410496258556, ""triggered_pairwise_q05"": 0.6626609298991454, ""all_cluster_clearance_q05"": -0.10423942147561092, ""center_norm_pre_normalization"": 0.8535817574184892}, {""absolute_escape_q05"": -0.11708138489760958, ""relative_outward_q05"": -0.025805119187694556, ""escape_rate"": 0.0970873786407767, ""compact_radius_q95"": 0.6171176542649874, ""triggered_pairwise_mean"": 0.7135613345694994, ""triggered_pairwise_q05"": 0.6473728878919444, ""all_cluster_clearance_q05"": -0.11708138489760958, ""center_norm_pre_normalization"": 0.8463700685692568}, {""absolute_escape_q05"": -0.11597776282828777, ""relative_outward_q05"": -0.03003451967267764, ""escape_rate"": 0.0970873786407767, ""compact_radius_q95"": 0.6350636912514922, ""triggered_pairwise_mean"": 0.6988732683708596, ""triggered_pairwise_q05"": 0.6311411544989741, ""all_cluster_clearance_q05"": -0.11597776282828777, ""center_norm_pre_normalization"": 0.8377331492266477}]",4,"34,65,8,1504",4,4,1.0,1.0,True
4,best_single_sticky_repeated,"10278,10278,10278,10278",vegan vegan vegan vegan,-0.6830218063604832,10.237616748216167,False,False,-0.10648724603674116,-0.03335442126972012,0.10679611650485436,0.5431801390540218,0.7822587323357717,0.7248831445014415,-0.10648724603674116,False,6.324362301837058,2.667721063486006,0.887583035258048,0.35795034763505457,0.6621811151504516,0.7556880414485931,0.8762625300793483,False,"[{""absolute_escape_q05"": -0.10648724603674116, ""relative_outward_q05"": -0.03335442126972012, ""escape_rate"": 0.11650485436893204, ""compact_radius_q95"": 0.5230881132345643, ""triggered_pairwise_mean"": 0.7946288139027988, ""triggered_pairwise_q05"": 0.7422677933571387, ""all_cluster_clearance_q05"": -0.10648724603674116, ""center_norm_pre_normalization"": 0.8925372313473943}, {""absolute_escape_q05"": -0.10458928324904172, ""relative_outward_q05"": -0.023575559752744092, ""escape_rate"": 0.1262135922330097, ""compact_radius_q95"": 0.5372030876434448, ""triggered_pairwise_mean"": 0.7894115380368303, ""triggered_pairwise_q05"": 0.7338893019328081, ""all_cluster_clearance_q05"": -0.10458928324904172, ""center_norm_pre_normalization"": 0.8896381774464398}, {""absolute_escape_q05"": -0.10119501099943153, ""relative_outward_q05"": -0.030407295705070635, ""escape_rate"": 0.10679611650485436, ""compact_radius_q95"": 0.5431801390540218, ""triggered_pairwise_mean"": 0.7822587323357717, ""triggered_pairwise_q05"": 0.7248831445014415, ""all_cluster_clearance_q05"": -0.10119501099943153, ""center_norm_pre_normalization"": 0.885648195226024}]",4,"10278,10278,10278,10278",4,4,1.0,1.0,True
4,top_escape_concatenation,"22009,28218,470,12638",Nobody NEVER never nobody,-0.711112323741988,8.68821572856276,False,False,-0.09705761764620002,-0.011053305484151465,0.21359223300970873,0.6030014006116364,0.7322177532717394,0.6689407143298697,-0.09705761764620002,False,5.852880882310001,1.5526652742075733,0.775166070516096,0.507503501529091,0.6773415684700013,0.7556880414485931,0.8963243181294652,False,"[{""absolute_escape_q05"": -0.07589784037196262, ""relative_outward_q05"": 0.0022164740181468304, ""escape_rate"": 0.3592233009708738, ""compact_radius_q95"": 0.5824949455368652, ""triggered_pairwise_mean"": 0.7444716803501599, ""triggered_pairwise_q05"": 0.6828676404146075, ""all_cluster_clearance_q05"": -0.07758435187179782, ""center_norm_pre_normalization"": 0.8642641599778693}, {""absolute_escape_q05"": -0.09705761764620002, ""relative_outward_q05"": -0.01094291604783516, ""escape_rate"": 0.21359223300970873, ""compact_radius_q95"": 0.5670395376196989, ""triggered_pairwise_mean"": 0.763341059451619, ""triggered_pairwise_q05"": 0.704317990053022, ""all_cluster_clearance_q05"": -0.09705761764620002, ""center_norm_pre_normalization"": 0.8750078397454034}, {""absolute_escape_q05"": -0.09038137497805038, ""relative_outward_q05"": -0.011053305484151465, ""escape_rate"": 0.2524271844660194, ""compact_radius_q95"": 0.6030014006116364, ""triggered_pairwise_mean"": 0.7322177532717394, ""triggered_pairwise_q05"": 0.6689407143298697, ""all_cluster_clearance_q05"": -0.09180578295193435, ""center_norm_pre_normalization"": 0.8572150147062976}]",4,"22009,28218,470,12638",4,4,1.0,1.0,True
4,top_compact_concatenation,"28487,22893,30450,23737",Latvia cigarettes Kazakhstan socialist,-0.6593344853852405,11.47754344366459,False,False,-0.11470690600692328,-0.05270033439330602,0.11650485436893204,0.4919272449850113,0.8389600704136707,0.7781661667380766,-0.11470690600692328,False,6.735345300346164,3.635016719665301,0.8773633111905978,0.22981811246252815,0.6677871584892273,0.7556880414485931,0.8836809925020556,False,"[{""absolute_escape_q05"": -0.11392096565378808, ""relative_outward_q05"": -0.049263102472813014, ""escape_rate"": 0.1553398058252427, ""compact_radius_q95"": 0.4639660272094923, ""triggered_pairwise_mean"": 0.8544772882941931, ""triggered_pairwise_q05"": 0.797396143262774, ""all_cluster_clearance_q05"": -0.11392096565378808, ""center_norm_pre_normalization"": 0.9251433027705543}, {""absolute_escape_q05"": -0.11470690600692328, ""relative_outward_q05"": -0.048114602985874784, ""escape_rate"": 0.11650485436893204, ""compact_radius_q95"": 0.48569906804537405, ""triggered_pairwise_mean"": 0.8389600704136707, ""triggered_pairwise_q05"": 0.7810845913878968, ""all_cluster_clearance_q05"": -0.11470690600692328, ""center_norm_pre_normalization"": 0.9168007227784274}, {""absolute_escape_q05"": -0.11232938128796402, ""relative_outward_q05"": -0.05270033439330602, ""escape_rate"": 0.17475728155339806, ""compact_radius_q95"": 0.4919272449850113, ""triggered_pairwise_mean"": 0.8426558004698242, ""triggered_pairwise_q05"": 0.7781661667380766, ""all_cluster_clearance_q05"": -0.11232938128796402, ""center_norm_pre_normalization"": 0.918794544251575}]",4,"28487,22893,30450,23737",4,4,1.0,1.0,True
4,v1_attractor_adjusted,"30332,16145,12743,13525",lucrarea earthquake Smartphoneără,-0.7712587991913507,19.09181807175521,False,False,-0.19807848040498466,-0.12115670009558029,0.0,0.4520236186907857,0.8656402704717397,0.8132408957768508,-0.19807848040498466,False,10.903924020249232,7.057835004779014,1.0,0.13005904672696425,0.6158060908317566,0.7556880414485931,0.8148945822290716,False,"[{""absolute_escape_q05"": -0.19305973369409526, ""relative_outward_q05"": -0.11494523511758353, ""escape_rate"": 0.009708737864077669, ""compact_radius_q95"": 0.4421795523966486, ""triggered_pairwise_mean"": 0.8665444831110741, ""triggered_pairwise_q05"": 0.8189711269281943, ""all_cluster_clearance_q05"": -0.19305973369409526, ""center_norm_pre_normalization"": 0.931579394470791}, {""absolute_escape_q05"": -0.19807848040498466, ""relative_outward_q05"": -0.11312561375151471, ""escape_rate"": 0.0, ""compact_radius_q95"": 0.41672424881190223, ""triggered_pairwise_mean"": 0.8809737675784594, ""triggered_pairwise_q05"": 0.8371532709220575, ""all_cluster_clearance_q05"": -0.19807848040498466, ""center_norm_pre_normalization"": 0.9392174202709522}, {""absolute_escape_q05"": -0.18983859119059524, ""relative_outward_q05"": -0.12115670009558029, ""escape_rate"": 0.0, ""compact_radius_q95"": 0.4520236186907857, ""triggered_pairwise_mean"": 0.8656402704717397, ""triggered_pairwise_q05"": 0.8132408957768508, ""all_cluster_clearance_q05"": -0.18983859119059524, ""center_norm_pre_normalization"": 0.9310986705656975}]",5,"3,30332,16145,12743,13525",5,5,1.0,1.0,True
4,v2_optimized,"1826,28624,28218,16844",California reliabl NEVER incentives,-0.46434316123380254,1.8582403203774052,False,False,-0.011162807683424831,0.042945466614254434,0.8932038834951457,0.49612582016463214,0.8325981146728196,0.7729798361713118,-0.03181296981997098,False,1.5581403841712416,0.0,0.05978538579458345,0.24031455041158029,0.7299285888671875,0.7556880414485931,0.9659125840710316,False,"[{""absolute_escape_q05"": 0.01964202906463269, ""relative_outward_q05"": 0.06466525725187193, ""escape_rate"": 0.9805825242718447, ""compact_radius_q95"": 0.46930880288373844, ""triggered_pairwise_mean"": 0.8589101569498602, ""triggered_pairwise_q05"": 0.7985410327483423, ""all_cluster_clearance_q05"": -0.008794433047567612, ""center_norm_pre_normalization"": 0.9275127825376251}, {""absolute_escape_q05"": -0.011162807683424831, ""relative_outward_q05"": 0.048356641358524056, ""escape_rate"": 0.8932038834951457, ""compact_radius_q95"": 0.4841167636077465, ""triggered_pairwise_mean"": 0.8342257657344316, ""triggered_pairwise_q05"": 0.7736354664537191, ""all_cluster_clearance_q05"": -0.03181296981997098, ""center_norm_pre_normalization"": 0.9142402445418524}, {""absolute_escape_q05"": 0.006833833938233082, ""relative_outward_q05"": 0.042945466614254434, ""escape_rate"": 0.9514563106796117, ""compact_radius_q95"": 0.49612582016463214, ""triggered_pairwise_mean"": 0.8325981146728196, ""triggered_pairwise_q05"": 0.7729798361713118, ""all_cluster_clearance_q05"": -0.020194806532184206, ""center_norm_pre_normalization"": 0.9133582956400873}]",4,"1826,28624,28218,16844",4,4,1.0,1.0,True
6,random_legal,"17331,3842,10508,19685,19943,29697",exercice regularly ThailandNeither cerut BlackBerry,-0.6313732174164401,8.919636069421916,False,False,-0.09505775651592085,-0.02255227303143956,0.23300970873786409,0.5137631878690797,0.8287227757181735,0.764415637332206,-0.09505775651592085,False,5.7528878257960425,2.127613651571978,0.7547266223811957,0.2844079696726992,0.6782903671264648,0.7556880414485931,0.8975798608989985,False,"[{""absolute_escape_q05"": -0.07821739104516583, ""relative_outward_q05"": -0.022415716160725827, ""escape_rate"": 0.3883495145631068, ""compact_radius_q95"": 0.4161277184021225, ""triggered_pairwise_mean"": 0.8970055187683998, ""triggered_pairwise_q05"": 0.843810760180574, ""all_cluster_clearance_q05"": -0.08813490087187616, ""center_norm_pre_normalization"": 0.9476315030582635}, {""absolute_escape_q05"": -0.09505775651592085, ""relative_outward_q05"": -0.019316721608898534, ""escape_rate"": 0.23300970873786409, ""compact_radius_q95"": 0.49816636652451957, ""triggered_pairwise_mean"": 0.8287227757181735, ""triggered_pairwise_q05"": 0.764415637332206, ""all_cluster_clearance_q05"": -0.09505775651592085, ""center_norm_pre_normalization"": 0.9112549927679787}, {""absolute_escape_q05"": -0.08644609370549595, ""relative_outward_q05"": -0.02255227303143956, ""escape_rate"": 0.3592233009708738, ""compact_radius_q95"": 0.5137631878690797, ""triggered_pairwise_mean"": 0.8436957377351494, ""triggered_pairwise_q05"": 0.767339525119848, ""all_cluster_clearance_q05"": -0.09001480649431383, ""center_norm_pre_normalization"": 0.9193548037798136}]",7,"3,17331,3842,10508,19685,19943,29697",7,7,1.0,1.0,True
6,frequent_ordinary,"8,5,6,10,11,8","the.,: and the",-0.7941429822693507,11.315394768873754,False,False,-0.12904697708706409,-0.02763627086961653,0.10679611650485436,0.63745973431267,0.6870999702277722,0.6238333010058883,-0.12904697708706409,False,7.452348854353204,2.3818135434808263,0.887583035258048,0.5936493357816749,0.6388584733009338,0.7556880414485931,0.8453997393902033,False,"[{""absolute_escape_q05"": -0.11581636833324249, ""relative_outward_q05"": -0.02763627086961653, ""escape_rate"": 0.10679611650485436, ""compact_radius_q95"": 0.6245117802282246, ""triggered_pairwise_mean"": 0.6943445503907392, ""triggered_pairwise_q05"": 0.6329788489653151, ""all_cluster_clearance_q05"": -0.11581636833324249, ""center_norm_pre_normalization"": 0.8350521418256286}, {""absolute_escape_q05"": -0.12416055393535848, ""relative_outward_q05"": -0.0213792580938119, ""escape_rate"": 0.11650485436893204, ""compact_radius_q95"": 0.63745973431267, ""triggered_pairwise_mean"": 0.6884448564254319, ""triggered_pairwise_q05"": 0.6242112421133312, ""all_cluster_clearance_q05"": -0.12416055393535848, ""center_norm_pre_normalization"": 0.8315465494660644}, {""absolute_escape_q05"": -0.12904697708706409, ""relative_outward_q05"": -0.026440628411020503, ""escape_rate"": 0.11650485436893204, ""compact_radius_q95"": 0.6314902542993791, ""triggered_pairwise_mean"": 0.6870999702277722, ""triggered_pairwise_q05"": 0.6238333010058883, ""all_cluster_clearance_q05"": -0.12904697708706409, ""center_norm_pre_normalization"": 0.8307453491243371}]",6,"8,5,6,10,11,8",6,6,1.0,1.0,True
6,natural_phrase,"34,65,8,1504,13,15189",it has the effect of augment,-0.7549700133948456,10.702396039272674,False,False,-0.1155904823002929,-0.03003411236202419,0.0970873786407767,0.6093454187325286,0.7216627025574951,0.6537791692983925,-0.1155904823002929,False,6.779524115014644,2.5017056181012096,0.8978027593254982,0.5233635468313214,0.6446072340011597,0.7556880414485931,0.8530070593223885,False,"[{""absolute_escape_q05"": -0.10201898434201911, ""relative_outward_q05"": -0.03003411236202419, ""escape_rate"": 0.1262135922330097, ""compact_radius_q95"": 0.5851886107852955, ""triggered_pairwise_mean"": 0.7430164482622725, ""triggered_pairwise_q05"": 0.6821867536804223, ""all_cluster_clearance_q05"": -0.10201898434201911, ""center_norm_pre_normalization"": 0.8634300403676061}, {""absolute_escape_q05"": -0.11478998653955987, ""relative_outward_q05"": -0.029942748530034268, ""escape_rate"": 0.0970873786407767, ""compact_radius_q95"": 0.6010962214949519, ""triggered_pairwise_mean"": 0.7306688478363078, ""triggered_pairwise_q05"": 0.6629793702374007, ""all_cluster_clearance_q05"": -0.11478998653955987, ""center_norm_pre_normalization"": 0.8563198665784636}, {""absolute_escape_q05"": -0.1155904823002929, ""relative_outward_q05"": -0.029710848293199175, ""escape_rate"": 0.0970873786407767, ""compact_radius_q95"": 0.6093454187325286, ""triggered_pairwise_mean"": 0.7216627025574951, ""triggered_pairwise_q05"": 0.6537791692983925, ""all_cluster_clearance_q05"": -0.1155904823002929, ""center_norm_pre_normalization"": 0.8510963558148338}]",6,"34,65,8,1504,13,15189",6,6,1.0,1.0,True
6,best_single_sticky_repeated,"10278,10278,10278,10278,10278,10278",vegan vegan vegan vegan vegan vegan,-0.6905270112438908,10.466673352420054,False,False,-0.10687096052310258,-0.03718278821342014,0.0970873786407767,0.546473262507368,0.790277687784482,0.7328761630330354,-0.10687096052310258,False,6.343548026155128,2.859139410671007,0.8978027593254982,0.3661831562684201,0.660877239704132,0.7556880414485931,0.8745371151266117,False,"[{""absolute_escape_q05"": -0.10687096052310258, ""relative_outward_q05"": -0.03718278821342014, ""escape_rate"": 0.11650485436893204, ""compact_radius_q95"": 0.5184100694423743, ""triggered_pairwise_mean"": 0.8007529842771908, ""triggered_pairwise_q05"": 0.7482997698998116, ""all_cluster_clearance_q05"": -0.10687096052310258, ""center_norm_pre_normalization"": 0.8959282458760199}, {""absolute_escape_q05"": -0.10679781535899975, ""relative_outward_q05"": -0.02875779026914891, ""escape_rate"": 0.0970873786407767, ""compact_radius_q95"": 0.5372076444161323, ""triggered_pairwise_mean"": 0.790894776084973, ""triggered_pairwise_q05"": 0.7340963063844179, ""all_cluster_clearance_q05"": -0.10679781535899975, ""center_norm_pre_normalization"": 0.8904633200792894}, {""absolute_escape_q05"": -0.10566228128877171, ""relative_outward_q05"": -0.03170318105258724, ""escape_rate"": 0.0970873786407767, ""compact_radius_q95"": 0.546473262507368, ""triggered_pairwise_mean"": 0.790277687784482, ""triggered_pairwise_q05"": 0.7328761630330354, ""all_cluster_clearance_q05"": -0.10566228128877171, ""center_norm_pre_normalization"": 0.8901201195142588}]",6,"10278,10278,10278,10278,10278,10278",6,6,1.0,1.0,True
6,top_escape_concatenation,"22009,28218,470,12638,14575,29713",Nobody NEVER never nobodycheapest Arduino,-0.6804624128622839,7.925197581364382,False,False,-0.0860373665825489,-0.01149590735232856,0.3883495145631068,0.5829291389274065,0.7928000501059261,0.7118027734123537,-0.08795286550135298,False,5.301868329127445,1.574795367616428,0.5912110373019928,0.4573228473185162,0.6835890531539917,0.7556880414485931,0.9045915981991808,False,"[{""absolute_escape_q05"": -0.07962741252185995, ""relative_outward_q05"": -0.0039797680233038864, ""escape_rate"": 0.44660194174757284, ""compact_radius_q95"": 0.5180769598006489, ""triggered_pairwise_mean"": 0.8220062909408757, ""triggered_pairwise_q05"": 0.7559960913129676, ""all_cluster_clearance_q05"": -0.07962741252185995, ""center_norm_pre_normalization"": 0.9075981411013185}, {""absolute_escape_q05"": -0.08520963444227267, ""relative_outward_q05"": -0.003931390473448259, ""escape_rate"": 0.39805825242718446, ""compact_radius_q95"": 0.4947567377616597, ""triggered_pairwise_mean"": 0.8301594621783152, ""triggered_pairwise_q05"": 0.7711166607370032, ""all_cluster_clearance_q05"": -0.08795286550135298, ""center_norm_pre_normalization"": 0.9120353062783408}, {""absolute_escape_q05"": -0.0860373665825489, ""relative_outward_q05"": -0.01149590735232856, ""escape_rate"": 0.3883495145631068, ""compact_radius_q95"": 0.5829291389274065, ""triggered_pairwise_mean"": 0.7928000501059261, ""triggered_pairwise_q05"": 0.7118027734123537, ""all_cluster_clearance_q05"": -0.0860373665825489, ""center_norm_pre_normalization"": 0.8915221256344324}]",6,"22009,28218,470,12638,14575,29713",6,6,1.0,1.0,True
6,top_compact_concatenation,"28487,22893,30450,23737,30332,29184",Latvia cigarettes Kazakhstan socialistlucrarea Minecraft,-0.7146165929928947,17.30777472393471,False,False,-0.1710549484228284,-0.11403289767374794,0.019417475728155338,0.4295287468963184,0.875091547264917,0.8276875667052966,-0.1719728691130979,False,9.552747421141419,6.701644883687396,0.9795605518650996,0.07382186724079601,0.6498302340507507,0.7556880414485931,0.8599186415668011,False,"[{""absolute_escape_q05"": -0.14142969738934205, ""relative_outward_q05"": -0.0913806205290884, ""escape_rate"": 0.05825242718446602, ""compact_radius_q95"": 0.4295287468963184, ""triggered_pairwise_mean"": 0.875426152735328, ""triggered_pairwise_q05"": 0.8325678523110397, ""all_cluster_clearance_q05"": -0.14340495816984983, ""center_norm_pre_normalization"": 0.9362882078426303}, {""absolute_escape_q05"": -0.1710549484228284, ""relative_outward_q05"": -0.11403289767374794, ""escape_rate"": 0.019417475728155338, ""compact_radius_q95"": 0.39900794810120604, ""triggered_pairwise_mean"": 0.8912919816566834, ""triggered_pairwise_q05"": 0.8494849603512338, ""all_cluster_clearance_q05"": -0.1719728691130979, ""center_norm_pre_normalization"": 0.9446414133533604}, {""absolute_escape_q05"": -0.16488279677469708, ""relative_outward_q05"": -0.09981811350744829, ""escape_rate"": 0.04854368932038835, ""compact_radius_q95"": 0.42930392790035526, ""triggered_pairwise_mean"": 0.875091547264917, ""triggered_pairwise_q05"": 0.8276875667052966, ""all_cluster_clearance_q05"": -0.1673158143588571, ""center_norm_pre_normalization"": 0.9361112386905646}]",6,"28487,22893,30450,23737,30332,29184",6,6,1.0,1.0,True
6,v1_attractor_adjusted,"30332,16145,12743,13525,30332,30332",lucrarea earthquake Smartphoneărălucrarealucrarea,-0.8443778696081535,26.515111100759206,False,False,-0.27457454110636526,-0.1957276809088189,0.0,0.3740756475929694,0.9080909687687448,0.8681052584353298,-0.27457454110636526,False,14.728727055318263,10.786384045440943,1.0,0.0,0.5850605130195617,0.7556880414485931,0.7742090398811232,False,"[{""absolute_escape_q05"": -0.26565286502143026, ""relative_outward_q05"": -0.18895263777204205, ""escape_rate"": 0.0, ""compact_radius_q95"": 0.3732111532764622, ""triggered_pairwise_mean"": 0.9082943165453281, ""triggered_pairwise_q05"": 0.8691479939577452, ""all_cluster_clearance_q05"": -0.26565286502143026, ""center_norm_pre_normalization"": 0.9535117531874323}, {""absolute_escape_q05"": -0.27457454110636526, ""relative_outward_q05"": -0.19344618545441064, ""escape_rate"": 0.0, ""compact_radius_q95"": 0.36554804758721743, ""triggered_pairwise_mean"": 0.9115311946080191, ""triggered_pairwise_q05"": 0.8747970717525224, ""all_cluster_clearance_q05"": -0.27457454110636526, ""center_norm_pre_normalization"": 0.9551911408180026}, {""absolute_escape_q05"": -0.266334527050996, ""relative_outward_q05"": -0.1957276809088189, ""escape_rate"": 0.0, ""compact_radius_q95"": 0.3740756475929694, ""triggered_pairwise_mean"": 0.9080909687687448, ""triggered_pairwise_q05"": 0.8681052584353298, ""all_cluster_clearance_q05"": -0.266334527050996, ""center_norm_pre_normalization"": 0.953406151641379}]",7,"3,30332,16145,12743,13525,30332,30332",7,7,1.0,1.0,True
6,v2_optimized,"1826,28624,28218,16844,4337,12170",California reliabl NEVER incentives innovation Juni,-0.4279702824518093,1.565293626415224,False,False,-0.006678764687298143,0.05142437436476238,0.9029126213592233,0.4727158921292735,0.8546365537123866,0.797284156222831,-0.027869123710119348,False,1.333938234364907,0.0,0.049565661727133274,0.1817897303231837,0.7297725915908814,0.7556880414485931,0.9657061532851123,False,"[{""absolute_escape_q05"": 0.02255867587228511, ""relative_outward_q05"": 0.07041947918903574, ""escape_rate"": 0.9805825242718447, ""compact_radius_q95"": 0.42013762197949256, ""triggered_pairwise_mean"": 0.8844966305377053, ""triggered_pairwise_q05"": 0.8354655485099789, ""all_cluster_clearance_q05"": -0.009432572423364934, ""center_norm_pre_normalization"": 0.9410728042562951}, {""absolute_escape_q05"": -0.006678764687298143, ""relative_outward_q05"": 0.05142437436476238, ""escape_rate"": 0.9029126213592233, ""compact_radius_q95"": 0.4645810925845132, ""triggered_pairwise_mean"": 0.8546365537123866, ""triggered_pairwise_q05"": 0.797284156222831, ""all_cluster_clearance_q05"": -0.027869123710119348, ""center_norm_pre_normalization"": 0.9252285392362135}, {""absolute_escape_q05"": 0.004940969991937777, ""relative_outward_q05"": 0.061896436325941245, ""escape_rate"": 0.9611650485436893, ""compact_radius_q95"": 0.4727158921292735, ""triggered_pairwise_mean"": 0.8626448160363114, ""triggered_pairwise_q05"": 0.8017141863262478, ""all_cluster_clearance_q05"": -0.016465083034469807, ""center_norm_pre_normalization"": 0.9295043636171649}]",6,"1826,28624,28218,16844,4337,12170",6,6,1.0,1.0,True
8,random_legal,"4516,25726,6413,13333,21353,4337,2122,6359",theoryslept transactions microwave quantum innovation12nach,-0.6897038672994342,10.70934380650864,False,False,-0.10842228263491178,-0.04078364113213151,0.0970873786407767,0.5404979435323909,0.8079201313681436,0.7453686548942602,-0.10842228263491178,False,6.421114131745589,3.0391820566065757,0.8978027593254982,0.35124485883097717,0.6692153334617614,0.7556880414485931,0.8855708926912876,False,"[{""absolute_escape_q05"": -0.10385223998984848, ""relative_outward_q05"": -0.04078364113213151, ""escape_rate"": 0.0970873786407767, ""compact_radius_q95"": 0.48513362926004366, ""triggered_pairwise_mean"": 0.8356048846609498, ""triggered_pairwise_q05"": 0.781028664714771, ""all_cluster_clearance_q05"": -0.10385223998984848, ""center_norm_pre_normalization"": 0.9149868600952719}, {""absolute_escape_q05"": -0.10730041828526166, ""relative_outward_q05"": -0.030282505652544842, ""escape_rate"": 0.11650485436893204, ""compact_radius_q95"": 0.5263436687722801, ""triggered_pairwise_mean"": 0.8079201313681436, ""triggered_pairwise_q05"": 0.7462167808699218, ""all_cluster_clearance_q05"": -0.10730041828526166, ""center_norm_pre_normalization"": 0.8998805392064448}, {""absolute_escape_q05"": -0.10842228263491178, ""relative_outward_q05"": -0.037482420110637814, ""escape_rate"": 0.14563106796116504, ""compact_radius_q95"": 0.5404979435323909, ""triggered_pairwise_mean"": 0.8151520966427488, ""triggered_pairwise_q05"": 0.7453686548942602, ""all_cluster_clearance_q05"": -0.10842228263491178, ""center_norm_pre_normalization"": 0.9038510590199377}]",8,"4516,25726,6413,13333,21353,4337,2122,6359",8,8,1.0,1.0,True
8,frequent_ordinary,"8,5,6,10,11,8,5,6","the.,: and the.,",-0.7961346792817378,11.423820912627109,False,False,-0.12498171210552393,-0.0336642132649448,0.0970873786407767,0.637488753911269,0.6880350138772274,0.6237405891531419,-0.12498171210552393,False,7.249085605276196,2.68321066324724,0.8978027593254982,0.5937218847781724,0.6454864740371704,0.7556880414485931,0.8541705553522123,False,"[{""absolute_escape_q05"": -0.12112460928607922, ""relative_outward_q05"": -0.024009107801258082, ""escape_rate"": 0.10679611650485436, ""compact_radius_q95"": 0.6210036083992331, ""triggered_pairwise_mean"": 0.6982812272525298, ""triggered_pairwise_q05"": 0.6358992907958642, ""all_cluster_clearance_q05"": -0.12112460928607922, ""center_norm_pre_normalization"": 0.8373831477740676}, {""absolute_escape_q05"": -0.12053038195706339, ""relative_outward_q05"": -0.02171563614208909, ""escape_rate"": 0.10679611650485436, ""compact_radius_q95"": 0.637488753911269, ""triggered_pairwise_mean"": 0.6880350138772274, ""triggered_pairwise_q05"": 0.6237405891531419, ""all_cluster_clearance_q05"": -0.12053038195706339, ""center_norm_pre_normalization"": 0.8313024724015098}, {""absolute_escape_q05"": -0.12498171210552393, ""relative_outward_q05"": -0.0336642132649448, ""escape_rate"": 0.0970873786407767, ""compact_radius_q95"": 0.6271948269419051, ""triggered_pairwise_mean"": 0.6899748182096602, ""triggered_pairwise_q05"": 0.6276964274520255, ""all_cluster_clearance_q05"": -0.12498171210552393, ""center_norm_pre_normalization"": 0.8324570691408463}]",8,"8,5,6,10,11,8,5,6",8,8,1.0,1.0,True
8,natural_phrase,"34,65,8,1504,13,15189,53,8",it has the effect of augmenting the,-0.738552103288887,10.485465500428848,False,False,-0.1051331127450112,-0.03721892790795792,0.11650485436893204,0.5962000626359178,0.7300420474075908,0.6658595486925043,-0.1051331127450112,False,6.25665563725056,2.860946395397896,0.8773633111905978,0.49050015658979457,0.6558432459831238,0.7556880414485931,0.867875644460279,False,"[{""absolute_escape_q05"": -0.09207441453229645, ""relative_outward_q05"": -0.028379352975737945, ""escape_rate"": 0.13592233009708737, ""compact_radius_q95"": 0.5704647905703379, ""triggered_pairwise_mean"": 0.7527101291958201, ""triggered_pairwise_q05"": 0.697697448633553, ""all_cluster_clearance_q05"": -0.09207441453229645, ""center_norm_pre_normalization"": 0.8689712320117101}, {""absolute_escape_q05"": -0.1001338605439305, ""relative_outward_q05"": -0.02961153431277812, ""escape_rate"": 0.1262135922330097, ""compact_radius_q95"": 0.5935054518503391, ""triggered_pairwise_mean"": 0.7389791043751847, ""triggered_pairwise_q05"": 0.6726829114011934, ""all_cluster_clearance_q05"": -0.1001338605439305, ""center_norm_pre_normalization"": 0.8611116584413592}, {""absolute_escape_q05"": -0.1051331127450112, ""relative_outward_q05"": -0.03721892790795792, ""escape_rate"": 0.11650485436893204, ""compact_radius_q95"": 0.5962000626359178, ""triggered_pairwise_mean"": 0.7300420474075908, ""triggered_pairwise_q05"": 0.6658595486925043, ""all_cluster_clearance_q05"": -0.1051331127450112, ""center_norm_pre_normalization"": 0.8559573580756045}]",8,"34,65,8,1504,13,15189,53,8",8,8,1.0,1.0,True
8,best_single_sticky_repeated,"10278,10278,10278,10278,10278,10278,10278,10278",vegan vegan vegan vegan vegan vegan vegan vegan,-0.686487257465378,10.754490800558727,False,False,-0.11138592022219647,-0.038939761831904264,0.0970873786407767,0.5361615754112772,0.7900763620954458,0.7331729033782595,-0.11138592022219647,False,6.569296011109824,2.946988091595213,0.8978027593254982,0.3404039385281929,0.6591301321983337,0.7556880414485931,0.8722251723539707,False,"[{""absolute_escape_q05"": -0.10972402594133554, ""relative_outward_q05"": -0.038939761831904264, ""escape_rate"": 0.10679611650485436, ""compact_radius_q95"": 0.5167753975860032, ""triggered_pairwise_mean"": 0.8045101576149695, ""triggered_pairwise_q05"": 0.7518753484440981, ""all_cluster_clearance_q05"": -0.10972402594133554, ""center_norm_pre_normalization"": 0.8980022927761252}, {""absolute_escape_q05"": -0.11138592022219647, ""relative_outward_q05"": -0.03226230032813169, ""escape_rate"": 0.0970873786407767, ""compact_radius_q95"": 0.5361615754112772, ""triggered_pairwise_mean"": 0.7900763620954458, ""triggered_pairwise_q05"": 0.7331729033782595, ""all_cluster_clearance_q05"": -0.11138592022219647, ""center_norm_pre_normalization"": 0.8900081213217338}, {""absolute_escape_q05"": -0.10994246497165669, ""relative_outward_q05"": -0.034414869861931575, ""escape_rate"": 0.10679611650485436, ""compact_radius_q95"": 0.5287734239262782, ""triggered_pairwise_mean"": 0.791867711102007, ""triggered_pairwise_q05"": 0.7373764481937175, ""all_cluster_clearance_q05"": -0.10994246497165669, ""center_norm_pre_normalization"": 0.8910041601088259}]",8,"10278,10278,10278,10278,10278,10278,10278,10278",8,8,1.0,1.0,True
8,top_escape_concatenation,"22009,28218,470,12638,14575,29713,13938,1327",Nobody NEVER never nobodycheapest Arduino inexpensive nothing,-0.6353100691789801,7.789582979605937,False,False,-0.09087916233491006,-0.006175506493647697,0.3883495145631068,0.5382554003504224,0.8256605717009317,0.7461660090458356,-0.09113022077874493,False,5.543958116745503,1.3087753246823848,0.5912110373019928,0.34563850087605597,0.6849279880523682,0.7556880414485931,0.9063634072327206,False,"[{""absolute_escape_q05"": -0.0727488786208854, ""relative_outward_q05"": 0.0018576689075131881, ""escape_rate"": 0.44660194174757284, ""compact_radius_q95"": 0.4813487934256359, ""triggered_pairwise_mean"": 0.8562239276685554, ""triggered_pairwise_q05"": 0.7971781497334604, ""all_cluster_clearance_q05"": -0.0727488786208854, ""center_norm_pre_normalization"": 0.9260776492107148}, {""absolute_escape_q05"": -0.08602746937797719, ""relative_outward_q05"": -0.005143034349433573, ""escape_rate"": 0.3883495145631068, ""compact_radius_q95"": 0.484536558608325, ""triggered_pairwise_mean"": 0.8365221586241974, ""triggered_pairwise_q05"": 0.778199199270072, ""all_cluster_clearance_q05"": -0.08616271500250189, ""center_norm_pre_normalization"": 0.9154831088757305}, {""absolute_escape_q05"": -0.09087916233491006, ""relative_outward_q05"": -0.006175506493647697, ""escape_rate"": 0.39805825242718446, ""compact_radius_q95"": 0.5382554003504224, ""triggered_pairwise_mean"": 0.8256605717009317, ""triggered_pairwise_q05"": 0.7461660090458356, ""all_cluster_clearance_q05"": -0.09113022077874493, ""center_norm_pre_normalization"": 0.9095895711346914}]",8,"22009,28218,470,12638,14575,29713,13938,1327",8,8,1.0,1.0,True
8,top_compact_concatenation,"28487,22893,30450,23737,30332,29184,10278,26398",Latvia cigarettes Kazakhstan socialistlucrarea Minecraft vegan LGBT,-0.6588879124753917,16.78523387854847,False,False,-0.16187622842089833,-0.11444163259411812,0.02912621359223301,0.3825700514603752,0.9029542875259657,0.8615860756088435,-0.16669816250742864,False,9.093811421044915,6.722081629705906,0.9693408277976495,0.0,0.6612486004829407,0.7556880414485931,0.8750285358696167,False,"[{""absolute_escape_q05"": -0.13874418212105966, ""relative_outward_q05"": -0.0956127538373651, ""escape_rate"": 0.07766990291262135, ""compact_radius_q95"": 0.3825700514603752, ""triggered_pairwise_mean"": 0.9029542875259657, ""triggered_pairwise_q05"": 0.8646823730085202, ""all_cluster_clearance_q05"": -0.13993083252439922, ""center_norm_pre_normalization"": 0.9507347050995691}, {""absolute_escape_q05"": -0.16187622842089833, ""relative_outward_q05"": -0.11444163259411812, ""escape_rate"": 0.02912621359223301, ""compact_radius_q95"": 0.36363467035262587, ""triggered_pairwise_mean"": 0.9142640797037459, ""triggered_pairwise_q05"": 0.8775999717545737, ""all_cluster_clearance_q05"": -0.16669816250742864, ""center_norm_pre_normalization"": 0.9566067466440559}, {""absolute_escape_q05"": -0.1547185965765447, ""relative_outward_q05"": -0.10263265891311149, ""escape_rate"": 0.05825242718446602, ""compact_radius_q95"": 0.3778712332979681, ""triggered_pairwise_mean"": 0.903181393611802, ""triggered_pairwise_q05"": 0.8615860756088435, ""all_cluster_clearance_q05"": -0.15943224057615887, ""center_norm_pre_normalization"": 0.9508529752707343}]",8,"28487,22893,30450,23737,30332,29184,10278,26398",8,8,1.0,1.0,True
8,v1_attractor_adjusted,"30332,16145,12743,13525,30332,30332,16145,12743",lucrarea earthquake Smartphoneărălucrarealucrarea earthquake Smartphone,-0.7956527828568172,25.230710779575055,False,False,-0.2585520693654228,-0.1860621462260783,0.0,0.3510385672653161,0.9129753515988241,0.877746166976272,-0.2585520693654228,False,13.92760346827114,10.303107311303915,1.0,0.0,0.5910168647766113,0.7556880414485931,0.782091064513446,False,"[{""absolute_escape_q05"": -0.2585520693654228, ""relative_outward_q05"": -0.1860621462260783, ""escape_rate"": 0.0, ""compact_radius_q95"": 0.3510385672653161, ""triggered_pairwise_mean"": 0.9129753515988241, ""triggered_pairwise_q05"": 0.877746166976272, ""all_cluster_clearance_q05"": -0.2585520693654228, ""center_norm_pre_normalization"": 0.9559394601931588}, {""absolute_escape_q05"": -0.25216861417929126, ""relative_outward_q05"": -0.18110108374454653, ""escape_rate"": 0.0, ""compact_radius_q95"": 0.3442226964505648, ""triggered_pairwise_mean"": 0.9208377697761684, ""triggered_pairwise_q05"": 0.8887827032273886, ""all_cluster_clearance_q05"": -0.25216861417929126, ""center_norm_pre_normalization"": 0.9600032997756747}, {""absolute_escape_q05"": -0.25200563244851143, ""relative_outward_q05"": -0.18246605219715067, ""escape_rate"": 0.0, ""compact_radius_q95"": 0.3483136889253957, ""triggered_pairwise_mean"": 0.9148076386326075, ""triggered_pairwise_q05"": 0.8790833922268784, ""all_cluster_clearance_q05"": -0.25200563244851143, ""center_norm_pre_normalization"": 0.9568880547932481}]",9,"3,30332,16145,12743,13525,30332,30332,16145,12743",9,9,1.0,1.0,True
8,v2_optimized,"24598,6549,9745,28218,16844,26870,10312,15644",izari correctly Minnesota NEVER incentives recruited workforceidad,-0.43719326907330186,1.014710006672612,False,False,0.004111466073912574,0.046808589000081925,0.9514563106796117,0.48811332414729636,0.8491349356465032,0.7872725330459673,-0.02221900962346238,False,0.7944266963043712,0.0,0.0,0.22028331036824084,0.7325417876243592,0.7556880414485931,0.9693706231213287,False,"[{""absolute_escape_q05"": 0.012599374401000688, ""relative_outward_q05"": 0.06595920049254629, ""escape_rate"": 0.970873786407767, ""compact_radius_q95"": 0.41644097839542027, ""triggered_pairwise_mean"": 0.8858561270555079, ""triggered_pairwise_q05"": 0.8392586567397942, ""all_cluster_clearance_q05"": -0.018095062056190974, ""center_norm_pre_normalization"": 0.941787832030392}, {""absolute_escape_q05"": 0.004176155662206183, ""relative_outward_q05"": 0.06757303790498824, ""escape_rate"": 0.9611650485436893, ""compact_radius_q95"": 0.4638098261259171, ""triggered_pairwise_mean"": 0.8491349356465032, ""triggered_pairwise_q05"": 0.7946922890146932, ""all_cluster_clearance_q05"": -0.012438615676517238, ""center_norm_pre_normalization"": 0.922279591781395}, {""absolute_escape_q05"": 0.004111466073912574, ""relative_outward_q05"": 0.046808589000081925, ""escape_rate"": 0.9514563106796117, ""compact_radius_q95"": 0.48811332414729636, ""triggered_pairwise_mean"": 0.8537917511044009, ""triggered_pairwise_q05"": 0.7872725330459673, ""all_cluster_clearance_q05"": -0.02221900962346238, ""center_norm_pre_normalization"": 0.9247763238517023}]",9,"3,24598,6549,9745,28218,16844,26870,10312,15644",9,9,1.0,1.0,True
10,random_legal,"2703,23997,11718,31329,12413,29061,6940,18158,17031,30743",Be christmas motorcycle Kyoto confusion Pokemon workplace imperative Cake teoretic,-0.6691501857672721,13.485608295221882,False,False,-0.13270403206985104,-0.07452527325659217,0.02912621359223301,0.4619208804408289,0.8621836656740275,0.80299997761169,-0.13270403206985104,False,7.635201603492551,4.726263662829608,0.9693408277976495,0.1548022011020722,0.6638361215591431,0.7556880414485931,0.8784525957121442,False,"[{""absolute_escape_q05"": -0.12586654532219022, ""relative_outward_q05"": -0.07452527325659217, ""escape_rate"": 0.02912621359223301, ""compact_radius_q95"": 0.4017131455351988, ""triggered_pairwise_mean"": 0.9012338703116294, ""triggered_pairwise_q05"": 0.8524126580203326, ""all_cluster_clearance_q05"": -0.12586654532219022, ""center_norm_pre_normalization"": 0.9498382837445246}, {""absolute_escape_q05"": -0.1305794804430584, ""relative_outward_q05"": -0.06470395069326194, ""escape_rate"": 0.02912621359223301, ""compact_radius_q95"": 0.4619208804408289, ""triggered_pairwise_mean"": 0.8621836656740275, ""triggered_pairwise_q05"": 0.80299997761169, ""all_cluster_clearance_q05"": -0.1305794804430584, ""center_norm_pre_normalization"": 0.9292586770603414}, {""absolute_escape_q05"": -0.13270403206985104, ""relative_outward_q05"": -0.07452105586039379, ""escape_rate"": 0.038834951456310676, ""compact_radius_q95"": 0.44507541680511314, ""triggered_pairwise_mean"": 0.8798852143897737, ""triggered_pairwise_q05"": 0.8178863764214456, ""all_cluster_clearance_q05"": -0.13270403206985104, ""center_norm_pre_normalization"": 0.9386433709872324}]",10,"493,23997,11718,31329,12413,29061,6940,18158,17031,30743",10,10,1.0,0.0,False
10,frequent_ordinary,"8,5,6,10,11,8,5,6,10,11","the.,: and the.,: and",-0.7835047833523043,11.174203894305515,False,False,-0.11946700870522725,-0.03480370499301921,0.10679611650485436,0.6292340696540578,0.694906869397447,0.6313771601151171,-0.11946700870522725,False,6.973350435261362,2.7401852496509607,0.887583035258048,0.5730851741351445,0.6443136215209961,0.7556880414485931,0.8526185226987301,False,"[{""absolute_escape_q05"": -0.11929823392394803, ""relative_outward_q05"": -0.03480370499301921, ""escape_rate"": 0.10679611650485436, ""compact_radius_q95"": 0.609320398036352, ""triggered_pairwise_mean"": 0.708677666046756, ""triggered_pairwise_q05"": 0.6472110324427754, ""all_cluster_clearance_q05"": -0.11929823392394803, ""center_norm_pre_normalization"": 0.8435081734882774}, {""absolute_escape_q05"": -0.11938601830421768, ""relative_outward_q05"": -0.02423523087221949, ""escape_rate"": 0.10679611650485436, ""compact_radius_q95"": 0.6282637850645353, ""triggered_pairwise_mean"": 0.6960299253762033, ""triggered_pairwise_q05"": 0.6313771601151171, ""all_cluster_clearance_q05"": -0.11938601830421768, ""center_norm_pre_normalization"": 0.8360508906231522}, {""absolute_escape_q05"": -0.11946700870522725, ""relative_outward_q05"": -0.0283703877694614, ""escape_rate"": 0.11650485436893204, ""compact_radius_q95"": 0.6292340696540578, ""triggered_pairwise_mean"": 0.694906869397447, ""triggered_pairwise_q05"": 0.6317427826150227, ""all_cluster_clearance_q05"": -0.11946700870522725, ""center_norm_pre_normalization"": 0.8353855033567162}]",10,"8,5,6,10,11,8,5,6,10,11",10,10,1.0,1.0,True
10,natural_phrase,"34,65,8,1504,13,15189,53,8,815,4392",it has the effect of augmenting the potency,-0.7112813436194461,9.873323520154061,False,False,-0.10066847255089827,-0.03066197582909643,0.13592233009708737,0.5799508952394513,0.7587533104765595,0.693716001159203,-0.10066847255089827,False,6.033423627544914,2.5330987914548215,0.8569238630556976,0.44987723809862823,0.6608941793441773,0.7556880414485931,0.8745595313077819,False,"[{""absolute_escape_q05"": -0.08279632080868111, ""relative_outward_q05"": -0.030051984418761418, ""escape_rate"": 0.17475728155339806, ""compact_radius_q95"": 0.5477121869976992, ""triggered_pairwise_mean"": 0.7831237741069159, ""triggered_pairwise_q05"": 0.7221891342872567, ""all_cluster_clearance_q05"": -0.08386305736202976, ""center_norm_pre_normalization"": 0.8861316882963722}, {""absolute_escape_q05"": -0.10066847255089827, ""relative_outward_q05"": -0.03066197582909643, ""escape_rate"": 0.13592233009708737, ""compact_radius_q95"": 0.5646642552243103, ""triggered_pairwise_mean"": 0.7702459151416179, ""triggered_pairwise_q05"": 0.7053111001803908, ""all_cluster_clearance_q05"": -0.10066847255089827, ""center_norm_pre_normalization"": 0.8789064442953883}, {""absolute_escape_q05"": -0.09422475722231868, ""relative_outward_q05"": -0.029884100526940183, ""escape_rate"": 0.13592233009708737, ""compact_radius_q95"": 0.5799508952394513, ""triggered_pairwise_mean"": 0.7587533104765595, ""triggered_pairwise_q05"": 0.693716001159203, ""all_cluster_clearance_q05"": -0.09454919675672085, ""center_norm_pre_normalization"": 0.8724078815592442}]",10,"34,65,8,1504,13,15189,53,8,815,4392",10,10,1.0,1.0,True
10,best_single_sticky_repeated,"10278,10278,10278,10278,10278,10278,10278,10278,10278,10278",vegan vegan vegan vegan vegan vegan vegan vegan vegan vegan,-0.6926849496483817,11.021744191477767,False,False,-0.11237873121960086,-0.04324714368632153,0.0970873786407767,0.5370590747424593,0.7901907784408996,0.7338889856544858,-0.11237873121960086,False,6.6189365609800435,3.1623571843160767,0.8978027593254982,0.34264768685614816,0.6586010575294494,0.7556880414485931,0.8715250492345548,False,"[{""absolute_escape_q05"": -0.11237873121960086, ""relative_outward_q05"": -0.041495140390063634, ""escape_rate"": 0.10679611650485436, ""compact_radius_q95"": 0.5142713613527686, ""triggered_pairwise_mean"": 0.8069296769630349, ""triggered_pairwise_q05"": 0.7543306028599636, ""all_cluster_clearance_q05"": -0.11237873121960086, ""center_norm_pre_normalization"": 0.89933539156318}, {""absolute_escape_q05"": -0.11121544994981562, ""relative_outward_q05"": -0.03344064330538108, ""escape_rate"": 0.0970873786407767, ""compact_radius_q95"": 0.5360536160069254, ""triggered_pairwise_mean"": 0.7901907784408996, ""triggered_pairwise_q05"": 0.7338889856544858, ""all_cluster_clearance_q05"": -0.11121544994981562, ""center_norm_pre_normalization"": 0.8900717733111119}, {""absolute_escape_q05"": -0.10811543845793853, ""relative_outward_q05"": -0.04324714368632153, ""escape_rate"": 0.10679611650485436, ""compact_radius_q95"": 0.5370590747424593, ""triggered_pairwise_mean"": 0.7952404818410148, ""triggered_pairwise_q05"": 0.7418344083133896, ""all_cluster_clearance_q05"": -0.10811543845793853, ""center_norm_pre_normalization"": 0.8928764969738475}]",10,"10278,10278,10278,10278,10278,10278,10278,10278,10278,10278",10,10,1.0,1.0,True
10,top_escape_concatenation,"22009,28218,470,12638,14575,29713,13938,1327,2349,13293",Nobody NEVER never nobodycheapest Arduino inexpensive nothing 100% farming,-0.6147579110372341,7.225831244877381,False,False,-0.08161761672813463,-0.005510895403488613,0.42718446601941745,0.5276293989056109,0.8406795437980175,0.7654842153150633,-0.08218434418574741,False,5.080880836406731,1.2755447701744307,0.5503321410321921,0.3190734972640272,0.6945730328559876,0.7556880414485931,0.919126669683097,False,"[{""absolute_escape_q05"": -0.07235462618405562, ""relative_outward_q05"": 0.001007301896922975, ""escape_rate"": 0.5048543689320388, ""compact_radius_q95"": 0.4617871051400072, ""triggered_pairwise_mean"": 0.8735089693196022, ""triggered_pairwise_q05"": 0.8189465797921798, ""all_cluster_clearance_q05"": -0.07235462618405562, ""center_norm_pre_normalization"": 0.935273777056065}, {""absolute_escape_q05"": -0.08161761672813463, ""relative_outward_q05"": -0.005226836050952554, ""escape_rate"": 0.4368932038834951, ""compact_radius_q95"": 0.48157094377676485, ""triggered_pairwise_mean"": 0.8473082800496532, ""triggered_pairwise_q05"": 0.7874542639237951, ""all_cluster_clearance_q05"": -0.08218434418574741, ""center_norm_pre_normalization"": 0.9212983905410623}, {""absolute_escape_q05"": -0.0789010872564047, ""relative_outward_q05"": -0.005510895403488613, ""escape_rate"": 0.42718446601941745, ""compact_radius_q95"": 0.5276293989056109, ""triggered_pairwise_mean"": 0.8406795437980175, ""triggered_pairwise_q05"": 0.7654842153150633, ""all_cluster_clearance_q05"": -0.0789010872564047, ""center_norm_pre_normalization"": 0.9177289059452988}]",10,"22009,28218,470,12638,14575,29713,13938,1327,2349,13293",10,10,1.0,1.0,True
10,top_compact_concatenation,"28487,22893,30450,23737,30332,29184,10278,26398,4534,13864",Latvia cigarettes Kazakhstan socialistlucrarea Minecraft vegan LGBT Obama smartphones,-0.6286695352416494,16.696029423939947,False,False,-0.15981198178609832,-0.11533497358079466,0.05825242718446602,0.3535225798747563,0.9185694591212583,0.8824179706490294,-0.1634535023667955,False,8.990599089304915,6.766748679039733,0.9386816555952989,0.0,0.6628188848495483,0.7556880414485931,0.8771064890466943,False,"[{""absolute_escape_q05"": -0.14313932520440834, ""relative_outward_q05"": -0.10203366483779511, ""escape_rate"": 0.08737864077669903, ""compact_radius_q95"": 0.3535225798747563, ""triggered_pairwise_mean"": 0.9187791479144943, ""triggered_pairwise_q05"": 0.8842668818624758, ""all_cluster_clearance_q05"": -0.14432004823325942, ""center_norm_pre_normalization"": 0.9589409264123534}, {""absolute_escape_q05"": -0.15981198178609832, ""relative_outward_q05"": -0.11533497358079466, ""escape_rate"": 0.05825242718446602, ""compact_radius_q95"": 0.32635448353282276, ""triggered_pairwise_mean"": 0.9294588682434134, ""triggered_pairwise_q05"": 0.8983813582002321, ""all_cluster_clearance_q05"": -0.15981198178609832, ""center_norm_pre_normalization"": 0.9644395958415214}, {""absolute_escape_q05"": -0.15841105877969408, ""relative_outward_q05"": -0.10431559970193927, ""escape_rate"": 0.08737864077669903, ""compact_radius_q95"": 0.351857409882827, ""triggered_pairwise_mean"": 0.9185694591212583, ""triggered_pairwise_q05"": 0.8824179706490294, ""all_cluster_clearance_q05"": -0.1634535023667955, ""center_norm_pre_normalization"": 0.9588326482935281}]",10,"28487,22893,30450,23737,30332,29184,10278,26398,4534,13864",10,10,1.0,1.0,True
10,v1_attractor_adjusted,"30332,16145,12743,13525,30332,30332,16145,12743,13525,30332",lucrarea earthquake Smartphoneărălucrarealucrarea earthquake Smartphoneărălucrarea,-0.8088354212180394,26.98169229792989,False,False,-0.2750827897875005,-0.20455105617109726,0.0,0.32920157525944166,0.9283277985054247,0.8973122094481918,-0.2750827897875005,False,14.754139489375026,11.227552808554861,1.0,0.0,0.5917443037033081,0.7556880414485931,0.7830536825341075,False,"[{""absolute_escape_q05"": -0.26786904492637226, ""relative_outward_q05"": -0.20341206335211182, ""escape_rate"": 0.0, ""compact_radius_q95"": 0.32369010392973463, ""triggered_pairwise_mean"": 0.9283277985054247, ""triggered_pairwise_q05"": 0.8973122094481918, ""all_cluster_clearance_q05"": -0.26786904492637226, ""center_norm_pre_normalization"": 0.9638587270209362}, {""absolute_escape_q05"": -0.2750827897875005, ""relative_outward_q05"": -0.20455105617109726, ""escape_rate"": 0.0, ""compact_radius_q95"": 0.32487774986862467, ""triggered_pairwise_mean"": 0.9314545773800416, ""triggered_pairwise_q05"": 0.902567506535314, ""all_cluster_clearance_q05"": -0.2750827897875005, ""center_norm_pre_normalization"": 0.9654636541013852}, {""absolute_escape_q05"": -0.26727130822796735, ""relative_outward_q05"": -0.20287411005335945, ""escape_rate"": 0.0, ""compact_radius_q95"": 0.32920157525944166, ""triggered_pairwise_mean"": 0.9293701389156717, ""triggered_pairwise_q05"": 0.8998704940622805, ""all_cluster_clearance_q05"": -0.26727130822796735, ""center_norm_pre_normalization"": 0.9643940409646494}]",11,"3,30332,16145,12743,13525,30332,30332,16145,12743,13525,30332",11,11,1.0,1.0,True
10,v2_optimized,"31751,470,25178,16844,28408,16935,23313,16844,31575,28218",Trinidad never strategically incentives Taliban guaranteessupervised incentivesAudible NEVER,-0.41018161400087033,0.9868123283115842,False,False,0.0038299594115866935,0.057312546143910535,0.9514563106796117,0.47132411955636755,0.8630295462567421,0.8086117229052654,-0.004552376094916154,False,0.8085020294206654,0.0,0.0,0.17831029889091882,0.7364401578903198,0.7556880414485931,0.9745293262529645,False,"[{""absolute_escape_q05"": 0.009908147593315866, ""relative_outward_q05"": 0.05763144453740282, ""escape_rate"": 0.970873786407767, ""compact_radius_q95"": 0.405389765327592, ""triggered_pairwise_mean"": 0.8999683350565693, ""triggered_pairwise_q05"": 0.8538709255350533, ""all_cluster_clearance_q05"": 0.009647343679723442, ""center_norm_pre_normalization"": 0.9491783376841293}, {""absolute_escape_q05"": 0.0038299594115866935, ""relative_outward_q05"": 0.057312546143910535, ""escape_rate"": 0.9514563106796117, ""compact_radius_q95"": 0.4525745350167177, ""triggered_pairwise_mean"": 0.8630295462567421, ""triggered_pairwise_q05"": 0.8086117229052654, ""all_cluster_clearance_q05"": -0.004552376094916154, ""center_norm_pre_normalization"": 0.9297092862667338}, {""absolute_escape_q05"": 0.008639250449308569, ""relative_outward_q05"": 0.06019605761761642, ""escape_rate"": 0.9805825242718447, ""compact_radius_q95"": 0.47132411955636755, ""triggered_pairwise_mean"": 0.8712789807977738, ""triggered_pairwise_q05"": 0.8089836854007225, ""all_cluster_clearance_q05"": 0.0014694251646572903, ""center_norm_pre_normalization"": 0.9340924471717694}]",10,"31751,470,25178,16844,28408,16935,23313,16844,31575,28218",10,10,1.0,1.0,True
12,random_legal,"28373,10026,25824,22640,13938,27399,233,4405,17248,14597,10312,6552",microscope diveDNA Hitler inexpensiveäger... expand niciodată prochain workforce Premier,-0.6660836085407162,11.176921884820779,False,False,-0.10501317599118834,-0.05484936413530829,0.07766990291262135,0.5062210684142195,0.8424665597746684,0.7771761270057905,-0.1075245486296988,False,6.2506587995594165,3.7424682067654147,0.9182422074603986,0.2655526710355488,0.6678850173950195,0.7556880414485931,0.8838104889350077,False,"[{""absolute_escape_q05"": -0.10501317599118834, ""relative_outward_q05"": -0.054557264735913526, ""escape_rate"": 0.08737864077669903, ""compact_radius_q95"": 0.44311830628210414, ""triggered_pairwise_mean"": 0.8654394916666343, ""triggered_pairwise_q05"": 0.8119344854526358, ""all_cluster_clearance_q05"": -0.10627089505091467, ""center_norm_pre_normalization"": 0.9309918930628902}, {""absolute_escape_q05"": -0.10440533885495124, ""relative_outward_q05"": -0.05107756844198231, ""escape_rate"": 0.07766990291262135, ""compact_radius_q95"": 0.5062210684142195, ""triggered_pairwise_mean"": 0.8424665597746684, ""triggered_pairwise_q05"": 0.7771761270057905, ""all_cluster_clearance_q05"": -0.10542660864393491, ""center_norm_pre_normalization"": 0.9186925552482356}, {""absolute_escape_q05"": -0.10243648935708162, ""relative_outward_q05"": -0.05484936413530829, ""escape_rate"": 0.11650485436893204, ""compact_radius_q95"": 0.4918193580969068, ""triggered_pairwise_mean"": 0.8533601055799376, ""triggered_pairwise_q05"": 0.7864163245795002, ""all_cluster_clearance_q05"": -0.1075245486296988, ""center_norm_pre_normalization"": 0.9245451823901408}]",12,"28373,10026,25824,22640,13938,27399,233,4405,17248,14597,10312,6552",12,12,1.0,1.0,True
12,frequent_ordinary,"8,5,6,10,11,8,5,6,10,11,8,5","the.,: and the.,: and the.",-0.7837539394214394,11.21231473026036,False,False,-0.12152703126790432,-0.03331775025591175,0.0970873786407767,0.6289091578976234,0.6975229917108863,0.6331630252454884,-0.12152703126790432,False,7.076351563395216,2.6658875127955874,0.8978027593254982,0.5722728947440583,0.6441237926483154,0.7556880414485931,0.8523673226502062,False,"[{""absolute_escape_q05"": -0.12152703126790432, ""relative_outward_q05"": -0.03060909142345547, ""escape_rate"": 0.10679611650485436, ""compact_radius_q95"": 0.6084382335421913, ""triggered_pairwise_mean"": 0.7106727124843509, ""triggered_pairwise_q05"": 0.6497971520537844, ""all_cluster_clearance_q05"": -0.12152703126790432, ""center_norm_pre_normalization"": 0.8446784688782261}, {""absolute_escape_q05"": -0.11811904093821295, ""relative_outward_q05"": -0.024915403198332253, ""escape_rate"": 0.0970873786407767, ""compact_radius_q95"": 0.623866428293322, ""triggered_pairwise_mean"": 0.7014511907540071, ""triggered_pairwise_q05"": 0.637344064712828, ""all_cluster_clearance_q05"": -0.11811904093821295, ""center_norm_pre_normalization"": 0.8392554577754131}, {""absolute_escape_q05"": -0.11939985621562246, ""relative_outward_q05"": -0.03331775025591175, ""escape_rate"": 0.10679611650485436, ""compact_radius_q95"": 0.6289091578976234, ""triggered_pairwise_mean"": 0.6975229917108863, ""triggered_pairwise_q05"": 0.6331630252454884, ""all_cluster_clearance_q05"": -0.11939985621562246, ""center_norm_pre_normalization"": 0.8369346821502264}]",12,"8,5,6,10,11,8,5,6,10,11,8,5",12,12,1.0,1.0,True
12,natural_phrase,"34,65,8,1504,13,15189,53,8,815,4392,13,8",it has the effect of augmenting the potency of the,-0.7035121681908535,9.784967891539953,False,False,-0.09487762932171195,-0.03500160453106957,0.13592233009708737,0.5736329343380719,0.7588255990266946,0.6969705669477544,-0.09487762932171195,False,5.743881466085598,2.7500802265534787,0.8569238630556976,0.4340823358451798,0.6600309371948242,0.7556880414485931,0.8734172052393445,False,"[{""absolute_escape_q05"": -0.08010204468819826, ""relative_outward_q05"": -0.029840414713691244, ""escape_rate"": 0.20388349514563106, ""compact_radius_q95"": 0.5438738100337686, ""triggered_pairwise_mean"": 0.7858576856149021, ""triggered_pairwise_q05"": 0.7289512303736485, ""all_cluster_clearance_q05"": -0.08149698847314461, ""center_norm_pre_normalization"": 0.8876580071350777}, {""absolute_escape_q05"": -0.09487762932171195, ""relative_outward_q05"": -0.03306231327889767, ""escape_rate"": 0.13592233009708737, ""compact_radius_q95"": 0.5667868875871921, ""triggered_pairwise_mean"": 0.7626255255147567, ""triggered_pairwise_q05"": 0.6991540169393432, ""all_cluster_clearance_q05"": -0.09487762932171195, ""center_norm_pre_normalization"": 0.8746028427151002}, {""absolute_escape_q05"": -0.08494612805478599, ""relative_outward_q05"": -0.03500160453106957, ""escape_rate"": 0.17475728155339806, ""compact_radius_q95"": 0.5736329343380719, ""triggered_pairwise_mean"": 0.7588255990266946, ""triggered_pairwise_q05"": 0.6969705669477544, ""all_cluster_clearance_q05"": -0.08603669388289698, ""center_norm_pre_normalization"": 0.8724489088128959}]",12,"34,65,8,1504,13,15189,53,8,815,4392,13,8",12,12,1.0,1.0,True
12,best_single_sticky_repeated,"10278,10278,10278,10278,10278,10278,10278,10278,10278,10278,10278,10278",vegan vegan vegan vegan vegan vegan vegan vegan vegan vegan vegan vegan,-0.6977208505515262,11.385457547358197,False,False,-0.11518814948255646,-0.04761464920347373,0.08737864077669903,0.534918051865496,0.7891964528221588,0.7328256467822016,-0.11518814948255646,False,6.759407474127822,3.380732460173687,0.9080224833929484,0.33729512966374,0.6577399969100952,0.7556880414485931,0.8703856099790339,False,"[{""absolute_escape_q05"": -0.11518814948255646, ""relative_outward_q05"": -0.04329725922157013, ""escape_rate"": 0.08737864077669903, ""compact_radius_q95"": 0.5111594071027536, ""triggered_pairwise_mean"": 0.8086080493444965, ""triggered_pairwise_q05"": 0.7563203665320299, ""all_cluster_clearance_q05"": -0.11518814948255646, ""center_norm_pre_normalization"": 0.9002589761089845}, {""absolute_escape_q05"": -0.11210573467015597, ""relative_outward_q05"": -0.03593985628682252, ""escape_rate"": 0.0970873786407767, ""compact_radius_q95"": 0.534918051865496, ""triggered_pairwise_mean"": 0.7891964528221588, ""triggered_pairwise_q05"": 0.7328256467822016, ""all_cluster_clearance_q05"": -0.11210573467015597, ""center_norm_pre_normalization"": 0.8895184594960197}, {""absolute_escape_q05"": -0.11511168140801586, ""relative_outward_q05"": -0.04761464920347373, ""escape_rate"": 0.08737864077669903, ""compact_radius_q95"": 0.5311999718276136, ""triggered_pairwise_mean"": 0.7947776089100285, ""triggered_pairwise_q05"": 0.7407669430994961, ""all_cluster_clearance_q05"": -0.11511168140801586, ""center_norm_pre_normalization"": 0.8926197733568929}]",12,"10278,10278,10278,10278,10278,10278,10278,10278,10278,10278,10278,10278",12,12,1.0,1.0,True
12,top_escape_concatenation,"22009,28218,470,12638,14575,29713,13938,1327,2349,13293,16715,4259",Nobody NEVER never nobodycheapest Arduino inexpensive nothing 100% farming nowhere constantly,-0.5882738130409662,6.701080935540008,False,False,-0.07775615488212916,-0.0010097947243993153,0.4854368932038835,0.5095078634344377,0.8450993775598804,0.7697303800709231,-0.07775615488212916,False,4.887807744106458,1.0504897362199659,0.489013796627491,0.2737696585860941,0.6972697734832763,0.7556880414485931,0.9226952594706492,False,"[{""absolute_escape_q05"": -0.05899848580525349, ""relative_outward_q05"": 0.010409519721029083, ""escape_rate"": 0.6407766990291263, ""compact_radius_q95"": 0.4504116650292172, ""triggered_pairwise_mean"": 0.8909137442043215, ""triggered_pairwise_q05"": 0.8319995090432912, ""all_cluster_clearance_q05"": -0.05899848580525349, ""center_norm_pre_normalization"": 0.9444431346557305}, {""absolute_escape_q05"": -0.07775615488212916, ""relative_outward_q05"": -0.0010097947243993153, ""escape_rate"": 0.4854368932038835, ""compact_radius_q95"": 0.49137027512176956, ""triggered_pairwise_mean"": 0.8450993775598804, ""triggered_pairwise_q05"": 0.7821502882056136, ""all_cluster_clearance_q05"": -0.07775615488212916, ""center_norm_pre_normalization"": 0.9201104648843877}, {""absolute_escape_q05"": -0.06720934525323807, ""relative_outward_q05"": 0.0032696805981390926, ""escape_rate"": 0.49514563106796117, ""compact_radius_q95"": 0.5095078634344377, ""triggered_pairwise_mean"": 0.8514538857266566, ""triggered_pairwise_q05"": 0.7697303800709231, ""all_cluster_clearance_q05"": -0.06741713531255626, ""center_norm_pre_normalization"": 0.9235237308737361}]",12,"22009,28218,470,12638,14575,29713,13938,1327,2349,13293,16715,4259",12,12,1.0,1.0,True
12,top_compact_concatenation,"28487,22893,30450,23737,30332,29184,10278,26398,4534,13864,23138,13179",Latvia cigarettes Kazakhstan socialistlucrarea Minecraft vegan LGBT Obama smartphones Depression $20,-0.6233318585222527,17.349552911319062,False,False,-0.16369037330448755,-0.12473144629133676,0.06796116504854369,0.33491003892642845,0.9325140620352014,0.8982376063256927,-0.16382413216242778,False,9.184518665224376,7.236572314566837,0.9284619315278487,0.0,0.6633356809616089,0.7556880414485931,0.877790363984122,False,"[{""absolute_escape_q05"": -0.1481893472444473, ""relative_outward_q05"": -0.11359045464427076, ""escape_rate"": 0.08737864077669903, ""compact_radius_q95"": 0.3280523263396538, ""triggered_pairwise_mean"": 0.9325140620352014, ""triggered_pairwise_q05"": 0.9021901424055463, ""all_cluster_clearance_q05"": -0.14875079827096213, ""center_norm_pre_normalization"": 0.9660068663181891}, {""absolute_escape_q05"": -0.16369037330448755, ""relative_outward_q05"": -0.12473144629133676, ""escape_rate"": 0.06796116504854369, ""compact_radius_q95"": 0.29339651158256724, ""triggered_pairwise_mean"": 0.9421976494025782, ""triggered_pairwise_q05"": 0.9163921713163865, ""all_cluster_clearance_q05"": -0.16369037330448755, ""center_norm_pre_normalization"": 0.9709576909976351}, {""absolute_escape_q05"": -0.15949393399472178, ""relative_outward_q05"": -0.1130032155850174, ""escape_rate"": 0.07766990291262135, ""compact_radius_q95"": 0.33491003892642845, ""triggered_pairwise_mean"": 0.9330897263647737, ""triggered_pairwise_q05"": 0.8982376063256927, ""all_cluster_clearance_q05"": -0.16382413216242778, ""center_norm_pre_normalization"": 0.9663018892359929}]",12,"28487,22893,30450,23737,30332,29184,10278,26398,4534,13864,23138,13179",12,12,1.0,1.0,True
12,v1_attractor_adjusted,"30332,16145,12743,13525,30332,30332,16145,12743,13525,30332,30332,16145",lucrarea earthquake Smartphoneărălucrarealucrarea earthquake Smartphoneărălucrarealucrarea earthquake,-0.8030002421709036,27.91179651447048,False,False,-0.2826565662192197,-0.21557936407018993,0.0,0.304764311881494,0.9380909245128032,0.9099895066680198,-0.2826565662192197,False,15.132828310960985,11.778968203509496,1.0,0.0,0.5901450872421264,0.7556880414485931,0.7809374435922869,False,"[{""absolute_escape_q05"": -0.28108407803179847, ""relative_outward_q05"": -0.21557936407018993, ""escape_rate"": 0.0, ""compact_radius_q95"": 0.3031088534021648, ""triggered_pairwise_mean"": 0.9380909245128032, ""triggered_pairwise_q05"": 0.9099895066680198, ""all_cluster_clearance_q05"": -0.28108407803179847, ""center_norm_pre_normalization"": 0.9688611789136256}, {""absolute_escape_q05"": -0.2826565662192197, ""relative_outward_q05"": -0.21366532577196215, ""escape_rate"": 0.0, ""compact_radius_q95"": 0.2993626212635438, ""triggered_pairwise_mean"": 0.9428217981720546, ""triggered_pairwise_q05"": 0.9170487992891161, ""all_cluster_clearance_q05"": -0.2826565662192197, ""center_norm_pre_normalization"": 0.9712759272122996}, {""absolute_escape_q05"": -0.27832049583546775, ""relative_outward_q05"": -0.21035891522640365, ""escape_rate"": 0.0, ""compact_radius_q95"": 0.304764311881494, ""triggered_pairwise_mean"": 0.9398390594739552, ""triggered_pairwise_q05"": 0.9125155138673986, ""all_cluster_clearance_q05"": -0.27832049583546775, ""center_norm_pre_normalization"": 0.9697541681556597}]",13,"3,30332,16145,12743,13525,30332,30332,16145,12743,13525,30332,30332,16145",13,13,1.0,1.0,True
12,v2_optimized,"31751,470,25178,16844,28408,28464,16935,23313,8219,16844,31575,28218",Trinidad never strategically incentives Taliban Precision guaranteessupervised hätte incentivesAudible NEVER,-0.4180638241400834,1.232775788156065,False,False,-0.0010884952167950599,0.04680248619332333,0.9320388349514563,0.4637778151166117,0.855162107639783,0.7968600716102477,-0.00470245326976757,False,1.054424760839753,0.0,0.018906489524782754,0.1594445377915292,0.7338720560073853,0.7556880414485931,0.9711309637778727,False,"[{""absolute_escape_q05"": 0.01797717844083402, ""relative_outward_q05"": 0.05744647956601643, ""escape_rate"": 0.9902912621359223, ""compact_radius_q95"": 0.41112908504574774, ""triggered_pairwise_mean"": 0.8979499114116308, ""triggered_pairwise_q05"": 0.8518577838229419, ""all_cluster_clearance_q05"": 0.01350064890442713, ""center_norm_pre_normalization"": 0.9481248279520607}, {""absolute_escape_q05"": -0.0010884952167950599, ""relative_outward_q05"": 0.04680248619332333, ""escape_rate"": 0.9320388349514563, ""compact_radius_q95"": 0.4637778151166117, ""triggered_pairwise_mean"": 0.855162107639783, ""triggered_pairwise_q05"": 0.7968600716102477, ""all_cluster_clearance_q05"": -0.00470245326976757, ""center_norm_pre_normalization"": 0.925509752106304}, {""absolute_escape_q05"": 0.004636331559002417, ""relative_outward_q05"": 0.050945052321018355, ""escape_rate"": 0.9611650485436893, ""compact_radius_q95"": 0.4599367382621799, ""triggered_pairwise_mean"": 0.8732081849848986, ""triggered_pairwise_q05"": 0.812249260680336, ""all_cluster_clearance_q05"": -0.002388386966892241, ""center_norm_pre_normalization"": 0.9351145245282431}]",12,"31751,470,25178,16844,28408,28464,16935,23313,8219,16844,31575,28218",12,12,1.0,1.0,True
14,random_legal,"16538,16300,16085,5074,6549,23087,22640,11574,30027,5355,15306,29763,25097,16096",simplicityTrebuie journalists turning correctly census Hitler Neurorandomized Library turkey Helsinki lotion immigrants,-0.6559616169675745,12.512623346546471,False,False,-0.11644618563482087,-0.07249942583469571,0.0970873786407767,0.46701600549805794,0.8599971139651877,0.8071522254645505,-0.11904044502621812,False,6.822309281741043,4.624971291734785,0.8978027593254982,0.1675400137451448,0.6747375011444092,0.7556880414485931,0.8928783626785886,False,"[{""absolute_escape_q05"": -0.10774336959727743, ""relative_outward_q05"": -0.07249942583469571, ""escape_rate"": 0.18446601941747573, ""compact_radius_q95"": 0.37953902082667973, ""triggered_pairwise_mean"": 0.9137421957234545, ""triggered_pairwise_q05"": 0.8681851596811565, ""all_cluster_clearance_q05"": -0.11124722742495344, ""center_norm_pre_normalization"": 0.9563365781325369}, {""absolute_escape_q05"": -0.11644618563482087, ""relative_outward_q05"": -0.06734124782119334, ""escape_rate"": 0.0970873786407767, ""compact_radius_q95"": 0.4619996295724462, ""triggered_pairwise_mean"": 0.8599971139651877, ""triggered_pairwise_q05"": 0.8071522254645505, ""all_cluster_clearance_q05"": -0.11904044502621812, ""center_norm_pre_normalization"": 0.9280928648544989}, {""absolute_escape_q05"": -0.10428306648676272, ""relative_outward_q05"": -0.06505850324111308, ""escape_rate"": 0.18446601941747573, ""compact_radius_q95"": 0.46701600549805794, ""triggered_pairwise_mean"": 0.8795937971003613, ""triggered_pairwise_q05"": 0.811643866184033, ""all_cluster_clearance_q05"": -0.11466244312919002, ""center_norm_pre_normalization"": 0.9384896322313949}]",14,"16538,16300,16085,5074,6549,23087,22640,11574,30027,5355,15306,29763,25097,16096",14,14,1.0,1.0,True
14,frequent_ordinary,"8,5,6,10,11,8,5,6,10,11,8,5,6,10","the.,: and the.,: and the.,:",-0.7733980119447362,10.83680587305934,False,False,-0.12128836623618161,-0.026196014476913165,0.0970873786407767,0.6259136312316415,0.6983687440057638,0.6362202464121054,-0.12128836623618161,False,7.06441831180908,2.3098007238456586,0.8978027593254982,0.5647840780791036,0.647057294845581,0.7556880414485931,0.8562492184013185,False,"[{""absolute_escape_q05"": -0.12128836623618161, ""relative_outward_q05"": -0.026196014476913165, ""escape_rate"": 0.0970873786407767, ""compact_radius_q95"": 0.607526639345123, ""triggered_pairwise_mean"": 0.7102571741556898, ""triggered_pairwise_q05"": 0.6506555275148471, ""all_cluster_clearance_q05"": -0.12128836623618161, ""center_norm_pre_normalization"": 0.8444348475748642}, {""absolute_escape_q05"": -0.12097518247604735, ""relative_outward_q05"": -0.024670325089791202, ""escape_rate"": 0.0970873786407767, ""compact_radius_q95"": 0.6259136312316415, ""triggered_pairwise_mean"": 0.6994625141271593, ""triggered_pairwise_q05"": 0.6362202464121054, ""all_cluster_clearance_q05"": -0.12097518247604735, ""center_norm_pre_normalization"": 0.8380813530518196}, {""absolute_escape_q05"": -0.11781334063145267, ""relative_outward_q05"": -0.025494253288311317, ""escape_rate"": 0.11650485436893204, ""compact_radius_q95"": 0.6239036345129478, ""triggered_pairwise_mean"": 0.6983687440057638, ""triggered_pairwise_q05"": 0.6369578821986399, ""all_cluster_clearance_q05"": -0.11781334063145267, ""center_norm_pre_normalization"": 0.8374348949526589}]",14,"8,5,6,10,11,8,5,6,10,11,8,5,6,10",14,14,1.0,1.0,True
14,natural_phrase,"34,65,8,1504,13,15189,53,8,815,4392,13,8,600,1440",it has the effect of augmenting the potency of the big countries,-0.6957080002512936,10.102608884098837,False,False,-0.09129005732286623,-0.045471948916027606,0.1262135922330097,0.5589459940123997,0.7896929616092173,0.7250876621339689,-0.09471648496229823,False,5.564502866143312,3.27359744580138,0.8671435871231478,0.3973649850309993,0.6716245293617249,0.7556880414485931,0.8887589752965718,False,"[{""absolute_escape_q05"": -0.08341967739223519, ""relative_outward_q05"": -0.03843665957910096, ""escape_rate"": 0.1553398058252427, ""compact_radius_q95"": 0.5215650496171592, ""triggered_pairwise_mean"": 0.8142445017032625, ""triggered_pairwise_q05"": 0.7545621774669321, ""all_cluster_clearance_q05"": -0.08712039510025718, ""center_norm_pre_normalization"": 0.9033537256066352}, {""absolute_escape_q05"": -0.08972984673658214, ""relative_outward_q05"": -0.045471948916027606, ""escape_rate"": 0.14563106796116504, ""compact_radius_q95"": 0.5472888296665418, ""triggered_pairwise_mean"": 0.7947658570095717, ""triggered_pairwise_q05"": 0.7343404066607204, ""all_cluster_clearance_q05"": -0.09471648496229823, ""center_norm_pre_normalization"": 0.8926132544214231}, {""absolute_escape_q05"": -0.09129005732286623, ""relative_outward_q05"": -0.044591108014488574, ""escape_rate"": 0.1262135922330097, ""compact_radius_q95"": 0.5589459940123997, ""triggered_pairwise_mean"": 0.7896929616092173, ""triggered_pairwise_q05"": 0.7250876621339689, ""all_cluster_clearance_q05"": -0.09129005732286623, ""center_norm_pre_normalization"": 0.8897947954308586}]",14,"34,65,8,1504,13,15189,53,8,815,4392,13,8,600,1440",14,14,1.0,1.0,True
14,best_single_sticky_repeated,"10278,10278,10278,10278,10278,10278,10278,10278,10278,10278,10278,10278,10278,10278",vegan vegan vegan vegan vegan vegan vegan vegan vegan vegan vegan vegan vegan vegan,-0.6970186268317119,11.605285772431797,False,False,-0.12076438172087825,-0.046273034570167404,0.06796116504854369,0.5299812105406663,0.7907014425940997,0.7343546702282074,-0.12076438172087825,False,7.038219086043912,3.31365172850837,0.9284619315278487,0.3249530263516656,0.6571471214294433,0.7556880414485931,0.8696010594130155,False,"[{""absolute_escape_q05"": -0.11742337153406786, ""relative_outward_q05"": -0.046273034570167404, ""escape_rate"": 0.06796116504854369, ""compact_radius_q95"": 0.5075839321774347, ""triggered_pairwise_mean"": 0.8105937361480403, ""triggered_pairwise_q05"": 0.7588344101177703, ""all_cluster_clearance_q05"": -0.11742337153406786, ""center_norm_pre_normalization"": 0.9013504492444341}, {""absolute_escape_q05"": -0.11289194588332854, ""relative_outward_q05"": -0.03891400887781684, ""escape_rate"": 0.08737864077669903, ""compact_radius_q95"": 0.5299812105406663, ""triggered_pairwise_mean"": 0.7907014425940997, ""triggered_pairwise_q05"": 0.7343546702282074, ""all_cluster_clearance_q05"": -0.11289194588332854, ""center_norm_pre_normalization"": 0.8903558097053544}, {""absolute_escape_q05"": -0.12076438172087825, ""relative_outward_q05"": -0.043791695813374255, ""escape_rate"": 0.0970873786407767, ""compact_radius_q95"": 0.5226317539741845, ""triggered_pairwise_mean"": 0.798098867440536, ""triggered_pairwise_q05"": 0.7453808356088489, ""all_cluster_clearance_q05"": -0.12076438172087825, ""center_norm_pre_normalization"": 0.8944602132314199}]",14,"10278,10278,10278,10278,10278,10278,10278,10278,10278,10278,10278,10278,10278,10278",14,14,1.0,1.0,True
14,top_escape_concatenation,"22009,28218,470,12638,14575,29713,13938,1327,2349,13293,16715,4259,9428,25637",Nobody NEVER never nobodycheapest Arduino inexpensive nothing 100% farming nowhere constantly Nothingstealing,-0.5480248618411011,5.88012786978869,False,False,-0.06766108273800125,0.0023387730306739358,0.5631067961165048,0.4827025521337738,0.8634414590170876,0.7994156088302222,-0.06812683336976537,False,4.383054136900062,0.8830613484663032,0.40725600408788964,0.2067563803344344,0.7038767218589783,0.7556880414485931,0.9314382168992688,False,"[{""absolute_escape_q05"": -0.04136908366682825, ""relative_outward_q05"": 0.007972460634313474, ""escape_rate"": 0.7281553398058253, ""compact_radius_q95"": 0.4134484556609711, ""triggered_pairwise_mean"": 0.9109197268551581, ""triggered_pairwise_q05"": 0.8509837001069551, ""all_cluster_clearance_q05"": -0.049784271246408975, ""center_norm_pre_normalization"": 0.9548741196317638}, {""absolute_escape_q05"": -0.06766108273800125, ""relative_outward_q05"": 0.0034118520561691205, ""escape_rate"": 0.5631067961165048, ""compact_radius_q95"": 0.45281020551353784, ""triggered_pairwise_mean"": 0.8634414590170876, ""triggered_pairwise_q05"": 0.8050087016135233, ""all_cluster_clearance_q05"": -0.06812683336976537, ""center_norm_pre_normalization"": 0.9299286373974893}, {""absolute_escape_q05"": -0.055549992884992266, ""relative_outward_q05"": 0.0023387730306739358, ""escape_rate"": 0.5825242718446602, ""compact_radius_q95"": 0.4827025521337738, ""triggered_pairwise_mean"": 0.8747496373579096, ""triggered_pairwise_q05"": 0.7994156088302222, ""all_cluster_clearance_q05"": -0.05595150136640359, ""center_norm_pre_normalization"": 0.9359303717932851}]",14,"22009,28218,470,12638,14575,29713,13938,1327,2349,13293,16715,4259,9428,25637",14,14,1.0,1.0,True
14,top_compact_concatenation,"28487,22893,30450,23737,30332,29184,10278,26398,4534,13864,23138,13179,26371,16793",Latvia cigarettes Kazakhstan socialistlucrarea Minecraft vegan LGBT Obama smartphones Depression $20 Vegan Photoshop,-0.6136680516988031,18.37412993995247,False,False,-0.1763033855225554,-0.13240558016458812,0.05825242718446602,0.30495908601165966,0.9420431864365435,0.9136631400350134,-0.1763033855225554,False,9.815169276127769,7.620279008229405,0.9386816555952989,0.0,0.6607448101043701,0.7556880414485931,0.8743618713851493,False,"[{""absolute_escape_q05"": -0.15677445523638736, ""relative_outward_q05"": -0.11742266508985565, ""escape_rate"": 0.06796116504854369, ""compact_radius_q95"": 0.3016489671071214, ""triggered_pairwise_mean"": 0.9420431864365435, ""triggered_pairwise_q05"": 0.9136631400350134, ""all_cluster_clearance_q05"": -0.16054741200431916, ""center_norm_pre_normalization"": 0.9708789184997885}, {""absolute_escape_q05"": -0.1763033855225554, ""relative_outward_q05"": -0.13240558016458812, ""escape_rate"": 0.05825242718446602, ""compact_radius_q95"": 0.2831602206595745, ""triggered_pairwise_mean"": 0.9486386046143549, ""triggered_pairwise_q05"": 0.9247080697768969, ""all_cluster_clearance_q05"": -0.1763033855225554, ""center_norm_pre_normalization"": 0.9742367573909217}, {""absolute_escape_q05"": -0.17455506341277727, ""relative_outward_q05"": -0.13034809258357363, ""escape_rate"": 0.05825242718446602, ""compact_radius_q95"": 0.30495908601165966, ""triggered_pairwise_mean"": 0.9425215243177877, ""triggered_pairwise_q05"": 0.9155771957117586, ""all_cluster_clearance_q05"": -0.17455506341277727, ""center_norm_pre_normalization"": 0.9711228389515002}]",14,"28487,22893,30450,23737,30332,29184,10278,26398,4534,13864,23138,13179,26371,16793",14,14,1.0,1.0,True
14,v1_attractor_adjusted,"30332,16145,12743,13525,30332,30332,16145,12743,13525,30332,30332,16145,12743,13525",lucrarea earthquake Smartphoneărălucrarealucrarea earthquake Smartphoneărălucrarealucrarea earthquake Smartphoneără,-0.786472029248958,27.25492358857445,False,False,-0.27392523541908564,-0.21117323635240334,0.0,0.301373557477469,0.9399211930578336,0.9128265519687535,-0.27392523541908564,False,14.696261770954283,11.558661817620166,1.0,0.0,0.5963073968887329,0.7556880414485931,0.7890920117587935,False,"[{""absolute_escape_q05"": -0.27392523541908564, ""relative_outward_q05"": -0.21117323635240334, ""escape_rate"": 0.0, ""compact_radius_q95"": 0.29369130509973024, ""triggered_pairwise_mean"": 0.9399211930578336, ""triggered_pairwise_q05"": 0.9128265519687535, ""all_cluster_clearance_q05"": -0.27392523541908564, ""center_norm_pre_normalization"": 0.969796103797745}, {""absolute_escape_q05"": -0.2714940781791675, ""relative_outward_q05"": -0.20681800766982833, ""escape_rate"": 0.0, ""compact_radius_q95"": 0.2907346100481327, ""triggered_pairwise_mean"": 0.9455967251982824, ""triggered_pairwise_q05"": 0.9211973714684853, ""all_cluster_clearance_q05"": -0.2714940781791675, ""center_norm_pre_normalization"": 0.9726895253713175}, {""absolute_escape_q05"": -0.2696425345528982, ""relative_outward_q05"": -0.20709867623974684, ""escape_rate"": 0.0, ""compact_radius_q95"": 0.301373557477469, ""triggered_pairwise_mean"": 0.9423798300033964, ""triggered_pairwise_q05"": 0.915966835124394, ""all_cluster_clearance_q05"": -0.2699990164202215, ""center_norm_pre_normalization"": 0.9710505906751242}]",15,"3,30332,16145,12743,13525,30332,30332,16145,12743,13525,30332,30332,16145,12743,13525",15,15,1.0,1.0,True
14,v2_optimized,"25798,470,16844,10505,3624,16935,21991,8217,25021,14779,23713,28218,3070,28218",creditors never incentives rushstar guarantees entrepreneurial Linux 1946 Pure racist NEVER 2018. NEVER,-0.3782644591130867,1.1987066384622274,False,False,-0.0026100501739922837,0.039976757529057626,0.9223300970873787,0.41563116646815207,0.898530520415356,0.8512649942899562,-0.025659124683982647,False,1.1305025086996143,0.0,0.029126213592232927,0.03907791617038012,0.7352797627449036,0.7556880414485931,0.97299377840548,False,"[{""absolute_escape_q05"": 0.025764933180787212, ""relative_outward_q05"": 0.07255883400849215, ""escape_rate"": 0.9902912621359223, ""compact_radius_q95"": 0.3219725005492811, ""triggered_pairwise_mean"": 0.9354300885854898, ""triggered_pairwise_q05"": 0.9042832802083963, ""all_cluster_clearance_q05"": 0.01072545319450543, ""center_norm_pre_normalization"": 0.9675003780044255}, {""absolute_escape_q05"": -0.0026100501739922837, ""relative_outward_q05"": 0.039976757529057626, ""escape_rate"": 0.9223300970873787, ""compact_radius_q95"": 0.40651132016866526, ""triggered_pairwise_mean"": 0.898530520415356, ""triggered_pairwise_q05"": 0.8512649942899562, ""all_cluster_clearance_q05"": -0.025659124683982647, ""center_norm_pre_normalization"": 0.9484279949088519}, {""absolute_escape_q05"": 0.006747554600153417, ""relative_outward_q05"": 0.0512611012546839, ""escape_rate"": 0.9805825242718447, ""compact_radius_q95"": 0.41563116646815207, ""triggered_pairwise_mean"": 0.9100146654813243, ""triggered_pairwise_q05"": 0.8557782223038993, ""all_cluster_clearance_q05"": -0.0030960537506197414, ""center_norm_pre_normalization"": 0.9544046887612633}]",14,"25798,470,16844,10505,3624,16935,21991,8217,25021,14779,23713,28218,3070,28218",14,14,1.0,1.0,True
16,random_legal,"31245,12901,8396,4990,29763,12726,27380,13878,20930,4337,13864,4151,24061,14442,17688,29466",gradini Py cru Farm Helsinki culoriRAFpala Kun innovation smartphones Canadian Viagra clause asthma malaria,-0.7062006728023007,13.115847398718781,False,False,-0.12550255737275828,-0.07263773865077286,0.05825242718446602,0.5080603767787696,0.8351773413094252,0.7736229274954892,-0.13416800858025577,False,7.275127868637914,4.631886932538643,0.9386816555952989,0.2701509419469239,0.6663278460502624,0.7556880414485931,0.8817498881852961,False,"[{""absolute_escape_q05"": -0.1213379716186596, ""relative_outward_q05"": -0.0701796198798687, ""escape_rate"": 0.06796116504854369, ""compact_radius_q95"": 0.43866151959758076, ""triggered_pairwise_mean"": 0.8844252990493102, ""triggered_pairwise_q05"": 0.8278919698246249, ""all_cluster_clearance_q05"": -0.12134343659894525, ""center_norm_pre_normalization"": 0.941035272437289}, {""absolute_escape_q05"": -0.12215142773794709, ""relative_outward_q05"": -0.07263773865077286, ""escape_rate"": 0.05825242718446602, ""compact_radius_q95"": 0.49359706122926933, ""triggered_pairwise_mean"": 0.8351773413094252, ""triggered_pairwise_q05"": 0.7736229274954892, ""all_cluster_clearance_q05"": -0.13416800858025577, ""center_norm_pre_normalization"": 0.9147554656258909}, {""absolute_escape_q05"": -0.12550255737275828, ""relative_outward_q05"": -0.07243341701170351, ""escape_rate"": 0.0970873786407767, ""compact_radius_q95"": 0.5080603767787696, ""triggered_pairwise_mean"": 0.8600621951368321, ""triggered_pairwise_q05"": 0.7854782071924329, ""all_cluster_clearance_q05"": -0.12550255737275828, ""center_norm_pre_normalization"": 0.9281275856176208}]",16,"31245,12901,8396,4990,29763,12726,27380,13878,20930,4337,13864,4151,24061,14442,17688,29466",16,16,1.0,1.0,True
16,frequent_ordinary,"8,5,6,10,11,8,5,6,10,11,8,5,6,10,11,8","the.,: and the.,: and the.,: and the",-0.7794999370187099,11.47029834677625,False,False,-0.12781493085605375,-0.03225467539171632,0.07766990291262135,0.6194303307709399,0.7044067839448402,0.641317275798747,-0.12781493085605375,False,7.390746542802686,2.6127337695858164,0.9182422074603986,0.5485758269273496,0.6451873898506164,0.7556880414485931,0.8537747780338618,False,"[{""absolute_escape_q05"": -0.12151259261098152, ""relative_outward_q05"": -0.031203838050565813, ""escape_rate"": 0.08737864077669903, ""compact_radius_q95"": 0.6016798972339484, ""triggered_pairwise_mean"": 0.7174717778341899, ""triggered_pairwise_q05"": 0.6581211747620863, ""all_cluster_clearance_q05"": -0.12151259261098152, ""center_norm_pre_normalization"": 0.8486546828905036}, {""absolute_escape_q05"": -0.12533639396587434, ""relative_outward_q05"": -0.028429614858352083, ""escape_rate"": 0.08737864077669903, ""compact_radius_q95"": 0.6194303307709399, ""triggered_pairwise_mean"": 0.7044067839448402, ""triggered_pairwise_q05"": 0.641317275798747, ""all_cluster_clearance_q05"": -0.12533639396587434, ""center_norm_pre_normalization"": 0.8409973968363976}, {""absolute_escape_q05"": -0.12781493085605375, ""relative_outward_q05"": -0.03225467539171632, ""escape_rate"": 0.07766990291262135, ""compact_radius_q95"": 0.611779387580559, ""triggered_pairwise_mean"": 0.7067086029108047, ""triggered_pairwise_q05"": 0.6471750719854191, ""all_cluster_clearance_q05"": -0.12781493085605375, ""center_norm_pre_normalization"": 0.8423515256431565}]",16,"8,5,6,10,11,8,5,6,10,11,8,5,6,10,11,8",16,16,1.0,1.0,True
16,natural_phrase,"34,65,8,1504,13,15189,53,8,815,4392,13,8,600,1440,12,8",it has the effect of augmenting the potency of the big countries to the,-0.6867078448233629,10.46073873710237,False,False,-0.09588085842021878,-0.0491095681479552,0.13592233009708737,0.5417174182551889,0.7928283672110936,0.733881283128678,-0.09891935725196149,False,5.794042921010939,3.45547840739776,0.8569238630556976,0.3542935456379723,0.6684112906455993,0.7556880414485931,0.8845069049449409,False,"[{""absolute_escape_q05"": -0.08579035531846085, ""relative_outward_q05"": -0.0491095681479552, ""escape_rate"": 0.1941747572815534, ""compact_radius_q95"": 0.5030847695637484, ""triggered_pairwise_mean"": 0.8271176263417265, ""triggered_pairwise_q05"": 0.7751782635903266, ""all_cluster_clearance_q05"": -0.08944577191316566, ""center_norm_pre_normalization"": 0.9103823902342202}, {""absolute_escape_q05"": -0.09588085842021878, ""relative_outward_q05"": -0.04850093304226394, ""escape_rate"": 0.13592233009708737, ""compact_radius_q95"": 0.5417174182551889, ""triggered_pairwise_mean"": 0.7928283672110936, ""triggered_pairwise_q05"": 0.733881283128678, ""all_cluster_clearance_q05"": -0.09891935725196149, ""center_norm_pre_normalization"": 0.8915378526937269}, {""absolute_escape_q05"": -0.09086642764439021, ""relative_outward_q05"": -0.048580371242339694, ""escape_rate"": 0.1553398058252427, ""compact_radius_q95"": 0.541180086058526, ""triggered_pairwise_mean"": 0.8003713720391502, ""triggered_pairwise_q05"": 0.7427408179079121, ""all_cluster_clearance_q05"": -0.09465162039816918, ""center_norm_pre_normalization"": 0.8957173184153355}]",16,"34,65,8,1504,13,15189,53,8,815,4392,13,8,600,1440,12,8",16,16,1.0,1.0,True
16,best_single_sticky_repeated,"10278,10278,10278,10278,10278,10278,10278,10278,10278,10278,10278,10278,10278,10278,10278,10278",vegan vegan vegan vegan vegan vegan vegan vegan vegan vegan vegan vegan vegan vegan vegan vegan,-0.7009455557349438,11.900901589344663,False,False,-0.1194760993712202,-0.053362975247979894,0.05825242718446602,0.5281064811157437,0.7918975712149708,0.7357631197199135,-0.1207244269231947,False,6.9738049685610095,3.668148762398995,0.9386816555952989,0.3202662027893591,0.6559888601303101,0.7556880414485931,0.8680683352787114,False,"[{""absolute_escape_q05"": -0.11779065815803119, ""relative_outward_q05"": -0.04849038770455015, ""escape_rate"": 0.05825242718446602, ""compact_radius_q95"": 0.5034718570653453, ""triggered_pairwise_mean"": 0.8127236536192047, ""triggered_pairwise_q05"": 0.7612459473885276, ""all_cluster_clearance_q05"": -0.11779065815803119, ""center_norm_pre_normalization"": 0.9025197344341983}, {""absolute_escape_q05"": -0.11254388112209701, ""relative_outward_q05"": -0.0414426112975753, ""escape_rate"": 0.08737864077669903, ""compact_radius_q95"": 0.5281064811157437, ""triggered_pairwise_mean"": 0.7918975712149708, ""triggered_pairwise_q05"": 0.7357631197199135, ""all_cluster_clearance_q05"": -0.11254388112209701, ""center_norm_pre_normalization"": 0.8910207537904575}, {""absolute_escape_q05"": -0.1194760993712202, ""relative_outward_q05"": -0.053362975247979894, ""escape_rate"": 0.05825242718446602, ""compact_radius_q95"": 0.5139753451179787, ""triggered_pairwise_mean"": 0.7988546602329226, ""triggered_pairwise_q05"": 0.7460219547147451, ""all_cluster_clearance_q05"": -0.1207244269231947, ""center_norm_pre_normalization"": 0.8948784990732702}]",16,"10278,10278,10278,10278,10278,10278,10278,10278,10278,10278,10278,10278,10278,10278,10278,10278",16,16,1.0,1.0,True
16,top_escape_concatenation,"22009,28218,470,12638,14575,29713,13938,1327,2349,13293,16715,4259,9428,25637,21762,28516",Nobody NEVER never nobodycheapest Arduino inexpensive nothing 100% farming nowhere constantly Nothingstealing Pokémon Ethereum,-0.5262070456563185,6.744185982388786,False,False,-0.06832304415056824,-0.015477660436595968,0.5242718446601942,0.4424063410691543,0.8799404047583831,0.818772980808261,-0.0705315768395914,False,4.416152207528412,1.7738830218297985,0.4481349003576903,0.10601585267288563,0.7006052136421204,0.7556880414485931,0.9271090386703971,False,"[{""absolute_escape_q05"": -0.06399379917991749, ""relative_outward_q05"": -0.0012366488742954198, ""escape_rate"": 0.6213592233009708, ""compact_radius_q95"": 0.41073768609146805, ""triggered_pairwise_mean"": 0.9145702533887089, ""triggered_pairwise_q05"": 0.8604962705382976, ""all_cluster_clearance_q05"": -0.06399379917991749, ""center_norm_pre_normalization"": 0.9567652109768282}, {""absolute_escape_q05"": -0.06832304415056824, ""relative_outward_q05"": -0.0035626700483351145, ""escape_rate"": 0.5242718446601942, ""compact_radius_q95"": 0.4385734493063302, ""triggered_pairwise_mean"": 0.8799404047583831, ""triggered_pairwise_q05"": 0.8268120415314414, ""all_cluster_clearance_q05"": -0.0705315768395914, ""center_norm_pre_normalization"": 0.9386724840529703}, {""absolute_escape_q05"": -0.0678162983343993, ""relative_outward_q05"": -0.015477660436595968, ""escape_rate"": 0.5339805825242718, ""compact_radius_q95"": 0.4424063410691543, ""triggered_pairwise_mean"": 0.8865066400596128, ""triggered_pairwise_q05"": 0.818772980808261, ""all_cluster_clearance_q05"": -0.0686022521355845, ""center_norm_pre_normalization"": 0.9421297775566735}]",16,"22009,28218,470,12638,14575,29713,13938,1327,2349,13293,16715,4259,9428,25637,21762,28516",16,16,1.0,1.0,True
16,top_compact_concatenation,"28487,22893,30450,23737,30332,29184,10278,26398,4534,13864,23138,13179,26371,16793,29768,29061",Latvia cigarettes Kazakhstan socialistlucrarea Minecraft vegan LGBT Obama smartphones Depression $20 Vegan Photoshop Disneyland Pokemon,-0.5678297346782593,17.64982993597652,False,False,-0.16733315989339673,-0.1268898057142277,0.05825242718446602,0.2736067690706349,0.9534072305512846,0.9276320037162894,-0.16733315989339673,False,9.366657994669836,7.344490285711385,0.9386816555952989,0.0,0.6672556638717652,0.7556880414485931,0.882977667071044,False,"[{""absolute_escape_q05"": -0.15736829201680622, ""relative_outward_q05"": -0.12145661929244175, ""escape_rate"": 0.06796116504854369, ""compact_radius_q95"": 0.27311124193038866, ""triggered_pairwise_mean"": 0.9537362618720204, ""triggered_pairwise_q05"": 0.9298157454376086, ""all_cluster_clearance_q05"": -0.1578053963303059, ""center_norm_pre_normalization"": 0.9768241524552748}, {""absolute_escape_q05"": -0.16733315989339673, ""relative_outward_q05"": -0.1268898057142277, ""escape_rate"": 0.05825242718446602, ""compact_radius_q95"": 0.26849577188637486, ""triggered_pairwise_mean"": 0.95448595639209, ""triggered_pairwise_q05"": 0.9328432439433405, ""all_cluster_clearance_q05"": -0.16733315989339673, ""center_norm_pre_normalization"": 0.9772040937090631}, {""absolute_escape_q05"": -0.16638646996737225, ""relative_outward_q05"": -0.1243248409888027, ""escape_rate"": 0.06796116504854369, ""compact_radius_q95"": 0.2736067690706349, ""triggered_pairwise_mean"": 0.9534072305512846, ""triggered_pairwise_q05"": 0.9276320037162894, ""all_cluster_clearance_q05"": -0.16638646996737225, ""center_norm_pre_normalization"": 0.9766573544602483}]",16,"28487,22893,30450,23737,30332,29184,10278,26398,4534,13864,23138,13179,26371,16793,29768,29061",16,16,1.0,1.0,True
16,v1_attractor_adjusted,"30332,16145,12743,13525,30332,30332,16145,12743,13525,30332,30332,16145,12743,13525,30332,30332",lucrarea earthquake Smartphoneărălucrarealucrarea earthquake Smartphoneărălucrarealucrarea earthquake Smartphoneărălucrarealucrarea,-0.799241279278512,29.283255644029662,False,False,-0.29447669291381595,-0.23118841996677725,0.0,0.2735761663979189,0.9537376372313763,0.9305144661671001,-0.29447669291381595,False,15.723834645690799,12.559420998338863,1.0,0.0,0.5909979343414307,0.7556880414485931,0.7820660139183031,False,"[{""absolute_escape_q05"": -0.28815636128165006, ""relative_outward_q05"": -0.22915073006226905, ""escape_rate"": 0.0, ""compact_radius_q95"": 0.26751913276329203, ""triggered_pairwise_mean"": 0.9537376372313763, ""triggered_pairwise_q05"": 0.9305144661671001, ""all_cluster_clearance_q05"": -0.28815636128165006, ""center_norm_pre_normalization"": 0.9768248496307775}, {""absolute_escape_q05"": -0.29447669291381595, ""relative_outward_q05"": -0.23118841996677725, ""escape_rate"": 0.0, ""compact_radius_q95"": 0.2659605926712796, ""triggered_pairwise_mean"": 0.9564559638999651, ""triggered_pairwise_q05"": 0.9346677709188392, ""all_cluster_clearance_q05"": -0.29447669291381595, ""center_norm_pre_normalization"": 0.9782017798321501}, {""absolute_escape_q05"": -0.2920499870297367, ""relative_outward_q05"": -0.2295400119256141, ""escape_rate"": 0.0, ""compact_radius_q95"": 0.2735761663979189, ""triggered_pairwise_mean"": 0.9553004143082477, ""triggered_pairwise_q05"": 0.9319310308025932, ""all_cluster_clearance_q05"": -0.2920499870297367, ""center_norm_pre_normalization"": 0.9776166893217295}]",17,"3,30332,16145,12743,13525,30332,30332,16145,12743,13525,30332,30332,16145,12743,13525,30332,30332",17,17,1.0,1.0,True
16,v2_optimized,"16844,7004,29635,28218,16844,16844,28466,3949,18325,16844,5066,11225,7598,18194,23648,15741",incentives scientists Libraries NEVER incentives incentives Moral efficiency pediatric incentives Should technicians neither Northwest Lars modular,-0.3624950034958256,0.8732588996744608,False,False,0.003114876587274918,0.045991211532182254,0.970873786407767,0.41160109161528274,0.897553887740789,0.8469565711730607,-0.009041762826030319,False,0.844256170636254,0.0,0.0,0.029002729038206804,0.7336431860923767,0.7556880414485931,0.9708281008206002,False,"[{""absolute_escape_q05"": 0.016909473751929194, ""relative_outward_q05"": 0.046014881506719243, ""escape_rate"": 0.9805825242718447, ""compact_radius_q95"": 0.33061814869335554, ""triggered_pairwise_mean"": 0.9346621039587548, ""triggered_pairwise_q05"": 0.9015148078067794, ""all_cluster_clearance_q05"": 0.006976026266410009, ""center_norm_pre_normalization"": 0.9671072602869871}, {""absolute_escape_q05"": 0.003114876587274918, ""relative_outward_q05"": 0.04656682147299468, ""escape_rate"": 0.970873786407767, ""compact_radius_q95"": 0.41160109161528274, ""triggered_pairwise_mean"": 0.897553887740789, ""triggered_pairwise_q05"": 0.8469565711730607, ""all_cluster_clearance_q05"": -0.009041762826030319, ""center_norm_pre_normalization"": 0.9479179873420327}, {""absolute_escape_q05"": 0.013753260322526396, ""relative_outward_q05"": 0.045991211532182254, ""escape_rate"": 0.970873786407767, ""compact_radius_q95"": 0.39411899794077976, ""triggered_pairwise_mean"": 0.9157424312831279, ""triggered_pairwise_q05"": 0.8599796173928473, ""all_cluster_clearance_q05"": 0.005227597978525224, ""center_norm_pre_normalization"": 0.9573716448402034}]",16,"16844,7004,29635,28218,16844,16844,28466,3949,18325,16844,5066,11225,7598,18194,23648,15741",16,16,1.0,1.0,True
18,random_legal,"23838,2014,23961,27480,2014,1732,25891,10074,28218,15662,28083,7004,4669,20688,31344,18527,5355,31927",290ische Gemeinschaft telescopeische® Turnier Cela NEVER faibleeaucoup scientiststent alphabet Strawberry spreadsheet Library Magnolia,-0.6654703557912605,10.699386815349419,False,False,-0.10620155954391708,-0.04579140801577495,0.17475728155339806,0.5134773882315684,0.8348630108511529,0.7661834766835297,-0.10646226950606931,False,6.310077977195854,3.2895704007887474,0.8160449667858968,0.28369347057892097,0.679526972770691,0.7556880414485931,0.8992162578993476,False,"[{""absolute_escape_q05"": -0.09373277794228192, ""relative_outward_q05"": -0.04579140801577495, ""escape_rate"": 0.30097087378640774, ""compact_radius_q95"": 0.4210746794499977, ""triggered_pairwise_mean"": 0.8904375930504446, ""triggered_pairwise_q05"": 0.838211692036764, ""all_cluster_clearance_q05"": -0.09762882924523411, ""center_norm_pre_normalization"": 0.9441934685802528}, {""absolute_escape_q05"": -0.10620155954391708, ""relative_outward_q05"": -0.03391295932523018, ""escape_rate"": 0.17475728155339806, ""compact_radius_q95"": 0.5134773882315684, ""triggered_pairwise_mean"": 0.8348630108511529, ""triggered_pairwise_q05"": 0.7661834766835297, ""all_cluster_clearance_q05"": -0.10646226950606931, ""center_norm_pre_normalization"": 0.9145853065855709}, {""absolute_escape_q05"": -0.10457567680084758, ""relative_outward_q05"": -0.033639533418458524, ""escape_rate"": 0.27184466019417475, ""compact_radius_q95"": 0.5001759351394878, ""triggered_pairwise_mean"": 0.857899186024378, ""triggered_pairwise_q05"": 0.7825145411794202, ""all_cluster_clearance_q05"": -0.10457567680084758, ""center_norm_pre_normalization"": 0.9269729262680388}]",19,"3,23838,2014,23961,27480,2014,1732,25891,10074,28218,15662,28083,7004,4669,20688,31344,18527,5355,31927",19,19,1.0,1.0,True
18,frequent_ordinary,"8,5,6,10,11,8,5,6,10,11,8,5,6,10,11,8,5,6","the.,: and the.,: and the.,: and the.,",-0.7805304639203063,11.400150484493139,False,False,-0.12481604830847604,-0.03372252258061817,0.07766990291262135,0.6219918930312122,0.7022500367375856,0.6395773900419907,-0.12481604830847604,False,7.2408024154238015,2.6861261290309084,0.9182422074603986,0.5549797325780303,0.6455065727233886,0.7556880414485931,0.8541971518908841,False,"[{""absolute_escape_q05"": -0.12479477086070923, ""relative_outward_q05"": -0.028323996049372656, ""escape_rate"": 0.08737864077669903, ""compact_radius_q95"": 0.604568976081093, ""triggered_pairwise_mean"": 0.7117174864434985, ""triggered_pairwise_q05"": 0.6501426831701307, ""all_cluster_clearance_q05"": -0.12479477086070923, ""center_norm_pre_normalization"": 0.845290687402542}, {""absolute_escape_q05"": -0.12481604830847604, ""relative_outward_q05"": -0.028398606252209125, ""escape_rate"": 0.08737864077669903, ""compact_radius_q95"": 0.6219918930312122, ""triggered_pairwise_mean"": 0.7022500367375856, ""triggered_pairwise_q05"": 0.6395773900419907, ""all_cluster_clearance_q05"": -0.12481604830847604, ""center_norm_pre_normalization"": 0.8397266302620978}, {""absolute_escape_q05"": -0.11805410040449629, ""relative_outward_q05"": -0.03372252258061817, ""escape_rate"": 0.07766990291262135, ""compact_radius_q95"": 0.621188696890816, ""triggered_pairwise_mean"": 0.703680042672094, ""triggered_pairwise_q05"": 0.6416616950739258, ""all_cluster_clearance_q05"": -0.11805410040449629, ""center_norm_pre_normalization"": 0.8405694117429463}]",18,"8,5,6,10,11,8,5,6,10,11,8,5,6,10,11,8,5,6",18,18,1.0,1.0,True
18,natural_phrase,"34,65,8,1504,13,15189,53,8,815,4392,13,8,600,1440,12,8,20,1788",it has the effect of augmenting the potency of the big countries to the detri,-0.6779103531684652,10.105036757153755,False,False,-0.08963225463291166,-0.04833273507607559,0.13592233009708737,0.539945363459478,0.7991187030893211,0.738451379733002,-0.09322366962655122,False,5.481612731645583,3.41663675380378,0.8569238630556976,0.34986340864869486,0.6696190237998962,0.7556880414485931,0.8861050950552168,False,"[{""absolute_escape_q05"": -0.08756110272012228, ""relative_outward_q05"": -0.041304685937323414, ""escape_rate"": 0.2621359223300971, ""compact_radius_q95"": 0.49925048433041097, ""triggered_pairwise_mean"": 0.8314714456884942, ""triggered_pairwise_q05"": 0.7772102198802462, ""all_cluster_clearance_q05"": -0.08939756242067638, ""center_norm_pre_normalization"": 0.9127473065854137}, {""absolute_escape_q05"": -0.08963225463291166, ""relative_outward_q05"": -0.04414391310652286, ""escape_rate"": 0.13592233009708737, ""compact_radius_q95"": 0.539945363459478, ""triggered_pairwise_mean"": 0.7991187030893211, ""triggered_pairwise_q05"": 0.738451379733002, ""all_cluster_clearance_q05"": -0.09322366962655122, ""center_norm_pre_normalization"": 0.895024584817269}, {""absolute_escape_q05"": -0.0886962528992291, ""relative_outward_q05"": -0.04833273507607559, ""escape_rate"": 0.1553398058252427, ""compact_radius_q95"": 0.5361307197546552, ""triggered_pairwise_mean"": 0.8059439560389775, ""triggered_pairwise_q05"": 0.746040018601363, ""all_cluster_clearance_q05"": -0.0929453886459301, ""center_norm_pre_normalization"": 0.8987925210081955}]",18,"34,65,8,1504,13,15189,53,8,815,4392,13,8,600,1440,12,8,20,1788",18,18,1.0,1.0,True
18,best_single_sticky_repeated,"10278,10278,10278,10278,10278,10278,10278,10278,10278,10278,10278,10278,10278,10278,10278,10278,10278,10278",vegan vegan vegan vegan vegan vegan vegan vegan vegan vegan vegan vegan vegan vegan vegan vegan vegan vegan,-0.6993214620873102,11.806649953918077,False,False,-0.11810616400281022,-0.052618992187443536,0.04854368932038835,0.5285963058970564,0.7934763891148823,0.7376702546584624,-0.11810616400281022,False,6.905308200140511,3.630949609372177,0.9489013796627491,0.321490764742641,0.6552860617637635,0.7556880414485931,0.867138324046564,False,"[{""absolute_escape_q05"": -0.11810616400281022, ""relative_outward_q05"": -0.050328165793414315, ""escape_rate"": 0.05825242718446602, ""compact_radius_q95"": 0.5011064715966247, ""triggered_pairwise_mean"": 0.8152434864393346, ""triggered_pairwise_q05"": 0.7644094008077061, ""all_cluster_clearance_q05"": -0.11810616400281022, ""center_norm_pre_normalization"": 0.9039011225673388}, {""absolute_escape_q05"": -0.112343731979757, ""relative_outward_q05"": -0.04148648408126253, ""escape_rate"": 0.08737864077669903, ""compact_radius_q95"": 0.5285963058970564, ""triggered_pairwise_mean"": 0.7934763891148823, ""triggered_pairwise_q05"": 0.7376702546584624, ""all_cluster_clearance_q05"": -0.112343731979757, ""center_norm_pre_normalization"": 0.8918976808996791}, {""absolute_escape_q05"": -0.11767604483632388, ""relative_outward_q05"": -0.052618992187443536, ""escape_rate"": 0.04854368932038835, ""compact_radius_q95"": 0.5180062887635284, ""triggered_pairwise_mean"": 0.8035580691259208, ""triggered_pairwise_q05"": 0.7532241943437988, ""all_cluster_clearance_q05"": -0.11767604483632388, ""center_norm_pre_normalization"": 0.8974771711864193}]",18,"10278,10278,10278,10278,10278,10278,10278,10278,10278,10278,10278,10278,10278,10278,10278,10278,10278,10278",18,18,1.0,1.0,True
18,top_escape_concatenation,"22009,28218,470,12638,14575,29713,13938,1327,2349,13293,16715,4259,9428,25637,21762,28516,9603,17541",Nobody NEVER never nobodycheapest Arduino inexpensive nothing 100% farming nowhere constantly Nothingstealing Pokémon Ethereum gardens autism,-0.5377078626937025,7.496140174491408,False,False,-0.07918135498820776,-0.01876889758152298,0.47572815533980584,0.43975761012397174,0.8780285754542474,0.8214894287042446,-0.0806908868522191,False,4.959067749410388,1.9384448790761488,0.4992335206949412,0.0993940253099293,0.6988595247268676,0.7556880414485931,0.9247989731148983,False,"[{""absolute_escape_q05"": -0.07158242824130652, ""relative_outward_q05"": -0.010654755598093988, ""escape_rate"": 0.5533980582524272, ""compact_radius_q95"": 0.4017107165957448, ""triggered_pairwise_mean"": 0.9179837017194207, ""triggered_pairwise_q05"": 0.863432957756963, ""all_cluster_clearance_q05"": -0.07158242824130652, ""center_norm_pre_normalization"": 0.95853011272225}, {""absolute_escape_q05"": -0.07688948614060648, ""relative_outward_q05"": -0.01876889758152298, ""escape_rate"": 0.47572815533980584, ""compact_radius_q95"": 0.43975761012397174, ""triggered_pairwise_mean"": 0.8780285754542474, ""triggered_pairwise_q05"": 0.8252213278780738, ""all_cluster_clearance_q05"": -0.07735505721798872, ""center_norm_pre_normalization"": 0.9376634602133241}, {""absolute_escape_q05"": -0.07918135498820776, ""relative_outward_q05"": -0.014877309834334317, ""escape_rate"": 0.49514563106796117, ""compact_radius_q95"": 0.43579255178245957, ""triggered_pairwise_mean"": 0.8885388591374405, ""triggered_pairwise_q05"": 0.8214894287042446, ""all_cluster_clearance_q05"": -0.0806908868522191, ""center_norm_pre_normalization"": 0.9431972257021249}]",18,"22009,28218,470,12638,14575,29713,13938,1327,2349,13293,16715,4259,9428,25637,21762,28516,9603,17541",18,18,1.0,1.0,True
18,top_compact_concatenation,"28487,22893,30450,23737,30332,29184,10278,26398,4534,13864,23138,13179,26371,16793,29768,29061,12743,20910",Latvia cigarettes Kazakhstan socialistlucrarea Minecraft vegan LGBT Obama smartphones Depression $20 Vegan Photoshop Disneyland Pokemon Smartphone Iceland,-0.5739543906946922,17.965740008754683,False,False,-0.17123850751864692,-0.1293026595445408,0.05825242718446602,0.2734132236315046,0.95290076804328,0.9285541747894406,-0.17123850751864692,False,9.561925375932345,7.4651329772270385,0.9386816555952989,0.0,0.6639750123023986,0.7556880414485931,0.878636389467818,False,"[{""absolute_escape_q05"": -0.16127350323387452, ""relative_outward_q05"": -0.1166990459674399, ""escape_rate"": 0.05825242718446602, ""compact_radius_q95"": 0.2734132236315046, ""triggered_pairwise_mean"": 0.95290076804328, ""triggered_pairwise_q05"": 0.9285541747894406, ""all_cluster_clearance_q05"": -0.16317951031287217, ""center_norm_pre_normalization"": 0.9764005543791286}, {""absolute_escape_q05"": -0.17123850751864692, ""relative_outward_q05"": -0.1293026595445408, ""escape_rate"": 0.05825242718446602, ""compact_radius_q95"": 0.26374651670006927, ""triggered_pairwise_mean"": 0.9546741526037215, ""triggered_pairwise_q05"": 0.9329122184334406, ""all_cluster_clearance_q05"": -0.17123850751864692, ""center_norm_pre_normalization"": 0.977299447368674}, {""absolute_escape_q05"": -0.1698236066597631, ""relative_outward_q05"": -0.12584032275802712, ""escape_rate"": 0.05825242718446602, ""compact_radius_q95"": 0.27287487043627223, ""triggered_pairwise_mean"": 0.9533209454924453, ""triggered_pairwise_q05"": 0.9295072645214529, ""all_cluster_clearance_q05"": -0.1698236066597631, ""center_norm_pre_normalization"": 0.9766136086990972}]",18,"28487,22893,30450,23737,30332,29184,10278,26398,4534,13864,23138,13179,26371,16793,29768,29061,12743,20910",18,18,1.0,1.0,True
18,v1_attractor_adjusted,"30332,16145,12743,13525,30332,30332,16145,12743,13525,30332,30332,16145,12743,13525,30332,30332,16145,12743",lucrarea earthquake Smartphoneărălucrarealucrarea earthquake Smartphoneărălucrarealucrarea earthquake Smartphoneărălucrarealucrarea earthquake Smartphone,-0.7655690865122321,28.279001148530945,False,False,-0.28296963508015366,-0.22261038789046528,0.0,0.2599890635416132,0.9560458170589464,0.9342337429791513,-0.283194706116853,False,15.148481754007683,12.130519394523263,1.0,0.0,0.5990652680397034,0.7556880414485931,0.7927414954077393,False,"[{""absolute_escape_q05"": -0.28289954061514333, ""relative_outward_q05"": -0.22261038789046528, ""escape_rate"": 0.0, ""compact_radius_q95"": 0.2599890635416132, ""triggered_pairwise_mean"": 0.9560458170589464, ""triggered_pairwise_q05"": 0.9342337429791513, ""all_cluster_clearance_q05"": -0.28289954061514333, ""center_norm_pre_normalization"": 0.9779941498380782}, {""absolute_escape_q05"": -0.27845741434634647, ""relative_outward_q05"": -0.21918480365725412, ""escape_rate"": 0.0, ""compact_radius_q95"": 0.2518023326980622, ""triggered_pairwise_mean"": 0.9605925857772422, ""triggered_pairwise_q05"": 0.9409868558768795, ""all_cluster_clearance_q05"": -0.27845741434634647, ""center_norm_pre_normalization"": 0.9802934164693483}, {""absolute_escape_q05"": -0.28296963508015366, ""relative_outward_q05"": -0.21931325323141024, ""escape_rate"": 0.0, ""compact_radius_q95"": 0.25892862716415793, ""triggered_pairwise_mean"": 0.9582331659751029, ""triggered_pairwise_q05"": 0.9357070923557903, ""all_cluster_clearance_q05"": -0.283194706116853, ""center_norm_pre_normalization"": 0.9791009496808332}]",19,"3,30332,16145,12743,13525,30332,30332,16145,12743,13525,30332,30332,16145,12743,13525,30332,30332,16145,12743",19,19,1.0,1.0,True
18,v2_optimized,"30356,470,14597,25178,16844,4700,16844,28086,11015,470,29788,23313,26994,5,16537,28218,26063,9702","Sultan never prochain strategically incentives consistent incentives Communitiesachi never $50,000supervised subsidies. farms NEVER remix Cape",-0.36870723187553917,0.6246018945032827,False,False,0.009439231783304702,0.060478929808563286,0.970873786407767,0.43862539346740714,0.8783314935517531,0.8247162962295358,-0.009959929826103017,False,0.5280384108347649,0.0,0.0,0.0965634836685178,0.7376213192939758,0.7556880414485931,0.9760923540354233,False,"[{""absolute_escape_q05"": 0.03133471997851315, ""relative_outward_q05"": 0.06958368158438683, ""escape_rate"": 0.9902912621359223, ""compact_radius_q95"": 0.3709933989637053, ""triggered_pairwise_mean"": 0.9274031801503658, ""triggered_pairwise_q05"": 0.8854675190655344, ""all_cluster_clearance_q05"": 0.027992490100244228, ""center_norm_pre_normalization"": 0.9633836224708666}, {""absolute_escape_q05"": 0.009439231783304702, ""relative_outward_q05"": 0.060478929808563286, ""escape_rate"": 0.970873786407767, ""compact_radius_q95"": 0.43862539346740714, ""triggered_pairwise_mean"": 0.8783314935517531, ""triggered_pairwise_q05"": 0.8247162962295358, ""all_cluster_clearance_q05"": -0.009959929826103017, ""center_norm_pre_normalization"": 0.9378234064706429}, {""absolute_escape_q05"": 0.020096997526693205, ""relative_outward_q05"": 0.06787114414491757, ""escape_rate"": 0.9902912621359223, ""compact_radius_q95"": 0.41884057106480505, ""triggered_pairwise_mean"": 0.9011429757365544, ""triggered_pairwise_q05"": 0.8428155488711226, ""all_cluster_clearance_q05"": 0.013314598536403155, ""center_norm_pre_normalization"": 0.9497908996547885}]",18,"30356,470,14597,25178,16844,4700,16844,28086,11015,470,29788,23313,26994,5,16537,28218,26063,9702",18,18,1.0,1.0,True
20,random_legal,"28180,6011,23332,7457,28928,16756,9281,26268,9394,30205,20503,17688,17331,16851,3669,13074,30588,27347,5066,24598",Richtlinie maintaining kilogram Iraq Lisbon cables electro immensely Snow außergewöhnlich proced asthmaexercice financially Technology presidential Childhood biodiversity Shouldizari,-0.7103817076683041,13.182004577044795,False,False,-0.11635465986006548,-0.0829583643984342,0.05825242718446602,0.5110686834098044,0.8341698744241313,0.7723082697779302,-0.11862142225231972,False,6.817732993003274,5.14791821992171,0.9386816555952989,0.2776717085245109,0.6644752144813537,0.7556880414485931,0.8792983056971607,False,"[{""absolute_escape_q05"": -0.11635465986006548, ""relative_outward_q05"": -0.0829583643984342, ""escape_rate"": 0.0970873786407767, ""compact_radius_q95"": 0.41491743919605617, ""triggered_pairwise_mean"": 0.8990081145377332, ""triggered_pairwise_q05"": 0.8459713570132287, ""all_cluster_clearance_q05"": -0.11707546967959119, ""center_norm_pre_normalization"": 0.948677299607849}, {""absolute_escape_q05"": -0.1148140544298574, ""relative_outward_q05"": -0.0763405046950544, ""escape_rate"": 0.05825242718446602, ""compact_radius_q95"": 0.5083977589986152, ""triggered_pairwise_mean"": 0.8341698744241313, ""triggered_pairwise_q05"": 0.7723082697779302, ""all_cluster_clearance_q05"": -0.11858748637295197, ""center_norm_pre_normalization"": 0.9142099737111772}, {""absolute_escape_q05"": -0.11558917534977074, ""relative_outward_q05"": -0.07945941396801318, ""escape_rate"": 0.10679611650485436, ""compact_radius_q95"": 0.5110686834098044, ""triggered_pairwise_mean"": 0.8613572082808337, ""triggered_pairwise_q05"": 0.7900875941344727, ""all_cluster_clearance_q05"": -0.11862142225231972, ""center_norm_pre_normalization"": 0.9288182035998844}]",21,"3,28180,6011,23332,7457,28928,16756,9281,26268,9394,30205,20503,17688,17331,16851,3669,13074,30588,27347,5066,24598",21,21,1.0,1.0,True
20,frequent_ordinary,"8,5,6,10,11,8,5,6,10,11,8,5,6,10,11,8,5,6,10,11","the.,: and the.,: and the.,: and the.,: and",-0.791437865328301,12.128884641906719,False,False,-0.13254114985328033,-0.04054996692689058,0.06796116504854369,0.6183467485481301,0.7065856011662126,0.6445113127873662,-0.13254114985328033,False,7.627057492664016,3.0274983463445286,0.9284619315278487,0.5458668713703252,0.6424922943115234,0.7556880414485931,0.8502083651871974,False,"[{""absolute_escape_q05"": -0.13254114985328033, ""relative_outward_q05"": -0.04023612651657906, ""escape_rate"": 0.08737864077669903, ""compact_radius_q95"": 0.5974576359338373, ""triggered_pairwise_mean"": 0.7224019066930463, ""triggered_pairwise_q05"": 0.6634284830361671, ""all_cluster_clearance_q05"": -0.13254114985328033, ""center_norm_pre_normalization"": 0.8515262969048011}, {""absolute_escape_q05"": -0.12615594414668305, ""relative_outward_q05"": -0.03080337435519751, ""escape_rate"": 0.08737864077669903, ""compact_radius_q95"": 0.6183467485481301, ""triggered_pairwise_mean"": 0.7065856011662126, ""triggered_pairwise_q05"": 0.6445113127873662, ""all_cluster_clearance_q05"": -0.12615594414668305, ""center_norm_pre_normalization"": 0.8422792204224373}, {""absolute_escape_q05"": -0.13016078408625315, ""relative_outward_q05"": -0.04054996692689058, ""escape_rate"": 0.06796116504854369, ""compact_radius_q95"": 0.6161059929593947, ""triggered_pairwise_mean"": 0.7103737643506007, ""triggered_pairwise_q05"": 0.6478785713876458, ""all_cluster_clearance_q05"": -0.13016078408625315, ""center_norm_pre_normalization"": 0.844503209018918}]",20,"8,5,6,10,11,8,5,6,10,11,8,5,6,10,11,8,5,6,10,11",20,20,1.0,1.0,True
20,natural_phrase,"34,65,8,1504,13,15189,53,8,815,4392,13,8,600,1440,12,8,20,1788,297,13",it has the effect of augmenting the potency of the big countries to the detriment of,-0.6485904036551216,9.29459724223276,False,False,-0.08522006672738329,-0.03937771455080114,0.23300970873786409,0.5239926223769371,0.8114352214789808,0.7531274803877992,-0.08526683348635976,False,5.261003336369164,2.968885727540057,0.7547266223811957,0.3099815559423427,0.6733901262283325,0.7556880414485931,0.8910953849917987,False,"[{""absolute_escape_q05"": -0.061932670799106956, ""relative_outward_q05"": -0.023856991143429693, ""escape_rate"": 0.46601941747572817, ""compact_radius_q95"": 0.45505367917617884, ""triggered_pairwise_mean"": 0.8612885911096511, ""triggered_pairwise_q05"": 0.81221522806802, ""all_cluster_clearance_q05"": -0.06476891546411041, ""center_norm_pre_normalization"": 0.928781623595305}, {""absolute_escape_q05"": -0.08110856918344955, ""relative_outward_q05"": -0.034120856643701965, ""escape_rate"": 0.24271844660194175, ""compact_radius_q95"": 0.5239926223769371, ""triggered_pairwise_mean"": 0.8114352214789808, ""triggered_pairwise_q05"": 0.7531274803877992, ""all_cluster_clearance_q05"": -0.08324575535063379, ""center_norm_pre_normalization"": 0.9018125902620442}, {""absolute_escape_q05"": -0.08522006672738329, ""relative_outward_q05"": -0.03937771455080114, ""escape_rate"": 0.23300970873786409, ""compact_radius_q95"": 0.5176133957492789, ""triggered_pairwise_mean"": 0.8224696183571341, ""triggered_pairwise_q05"": 0.7629474841985722, ""all_cluster_clearance_q05"": -0.08526683348635976, ""center_norm_pre_normalization"": 0.9078508769745487}]",20,"34,65,8,1504,13,15189,53,8,815,4392,13,8,600,1440,12,8,20,1788,297,13",20,20,1.0,1.0,True
20,best_single_sticky_repeated,"10278,10278,10278,10278,10278,10278,10278,10278,10278,10278,10278,10278,10278,10278,10278,10278,10278,10278,10278,10278",vegan vegan vegan vegan vegan vegan vegan vegan vegan vegan vegan vegan vegan vegan vegan vegan vegan vegan vegan vegan,-0.7037391408628539,12.114211422760896,False,False,-0.12163049505658474,-0.05533713001585766,0.04854368932038835,0.5267715157904116,0.7953100403985721,0.7400729232279405,-0.12163049505658474,False,7.081524752829236,3.7668565007928834,0.9489013796627491,0.3169287894760289,0.6557681083679199,0.7556880414485931,0.8677762150514717,False,"[{""absolute_escape_q05"": -0.11835857558199547, ""relative_outward_q05"": -0.05174440280311935, ""escape_rate"": 0.04854368932038835, ""compact_radius_q95"": 0.49803046864820744, ""triggered_pairwise_mean"": 0.8175808329401765, ""triggered_pairwise_q05"": 0.7669914123699829, ""all_cluster_clearance_q05"": -0.11835857558199547, ""center_norm_pre_normalization"": 0.9051805859895756}, {""absolute_escape_q05"": -0.11429129191432498, ""relative_outward_q05"": -0.04356060035299223, ""escape_rate"": 0.08737864077669903, ""compact_radius_q95"": 0.5267715157904116, ""triggered_pairwise_mean"": 0.7953100403985721, ""triggered_pairwise_q05"": 0.7400729232279405, ""all_cluster_clearance_q05"": -0.11429129191432498, ""center_norm_pre_normalization"": 0.8929150698653486}, {""absolute_escape_q05"": -0.12163049505658474, ""relative_outward_q05"": -0.05533713001585766, ""escape_rate"": 0.06796116504854369, ""compact_radius_q95"": 0.514584744754127, ""triggered_pairwise_mean"": 0.8046465387780843, ""triggered_pairwise_q05"": 0.752722486186109, ""all_cluster_clearance_q05"": -0.12163049505658474, ""center_norm_pre_normalization"": 0.8980774881891816}]",20,"10278,10278,10278,10278,10278,10278,10278,10278,10278,10278,10278,10278,10278,10278,10278,10278,10278,10278,10278,10278",20,20,1.0,1.0,True
20,top_escape_concatenation,"22009,28218,470,12638,14575,29713,13938,1327,2349,13293,16715,4259,9428,25637,21762,28516,9603,17541,1349,8182",Nobody NEVER never nobodycheapest Arduino inexpensive nothing 100% farming nowhere constantly Nothingstealing Pokémon Ethereum gardens autism clean consistently,-0.5473045524536049,7.453668512385042,False,False,-0.07911163399941241,-0.016363628952563124,0.42718446601941745,0.4518292895016293,0.8800213309943509,0.8213346724044898,-0.07924521807632907,False,4.955581699970621,1.818181447628156,0.5503321410321921,0.12957322375407324,0.698734712600708,0.7556880414485931,0.924633809556242,False,"[{""absolute_escape_q05"": -0.0610711010344542, ""relative_outward_q05"": -0.006462042372965492, ""escape_rate"": 0.5533980582524272, ""compact_radius_q95"": 0.396927828389092, ""triggered_pairwise_mean"": 0.9183680601904588, ""triggered_pairwise_q05"": 0.8637780000303755, ""all_cluster_clearance_q05"": -0.0610711010344542, ""center_norm_pre_normalization"": 0.9587286393027289}, {""absolute_escape_q05"": -0.07911163399941241, ""relative_outward_q05"": -0.015580313097577524, ""escape_rate"": 0.4368932038834951, ""compact_radius_q95"": 0.43764922934913403, ""triggered_pairwise_mean"": 0.8800213309943509, ""triggered_pairwise_q05"": 0.8269385981590688, ""all_cluster_clearance_q05"": -0.07924521807632907, ""center_norm_pre_normalization"": 0.9387151713294617}, {""absolute_escape_q05"": -0.07448218441725278, ""relative_outward_q05"": -0.016363628952563124, ""escape_rate"": 0.42718446601941745, ""compact_radius_q95"": 0.4518292895016293, ""triggered_pairwise_mean"": 0.8863848828429142, ""triggered_pairwise_q05"": 0.8213346724044898, ""all_cluster_clearance_q05"": -0.07569955607063085, ""center_norm_pre_normalization"": 0.9420657847210986}]",20,"22009,28218,470,12638,14575,29713,13938,1327,2349,13293,16715,4259,9428,25637,21762,28516,9603,17541,1349,8182",20,20,1.0,1.0,True
20,top_compact_concatenation,"28487,22893,30450,23737,30332,29184,10278,26398,4534,13864,23138,13179,26371,16793,29768,29061,12743,20910,7030,31926",Latvia cigarettes Kazakhstan socialistlucrarea Minecraft vegan LGBT Obama smartphones Depression $20 Vegan Photoshop Disneyland Pokemon Smartphone Iceland Toronto schizophrenia,-0.569205334603228,17.475494622597257,False,False,-0.16686643489525113,-0.12386982444478803,0.05825242718446602,0.27846907526318876,0.9540440894663818,0.9265754876283876,-0.16686643489525113,False,9.343321744762555,7.193491222239401,0.9386816555952989,0.0,0.6645081520080567,0.7556880414485931,0.8793418918397174,False,"[{""absolute_escape_q05"": -0.15635715189459828, ""relative_outward_q05"": -0.11744954036285357, ""escape_rate"": 0.05825242718446602, ""compact_radius_q95"": 0.27003160729127573, ""triggered_pairwise_mean"": 0.9540440894663818, ""triggered_pairwise_q05"": 0.9284161523258244, ""all_cluster_clearance_q05"": -0.15635715189459828, ""center_norm_pre_normalization"": 0.9769801758080955}, {""absolute_escape_q05"": -0.16686643489525113, ""relative_outward_q05"": -0.12386982444478803, ""escape_rate"": 0.05825242718446602, ""compact_radius_q95"": 0.258929326853704, ""triggered_pairwise_mean"": 0.9564925921378732, ""triggered_pairwise_q05"": 0.9357291123263453, ""all_cluster_clearance_q05"": -0.16686643489525113, ""center_norm_pre_normalization"": 0.9782203200545758}, {""absolute_escape_q05"": -0.16236180852469717, ""relative_outward_q05"": -0.11691060600699042, ""escape_rate"": 0.05825242718446602, ""compact_radius_q95"": 0.27846907526318876, ""triggered_pairwise_mean"": 0.9542093109579357, ""triggered_pairwise_q05"": 0.9265754876283876, ""all_cluster_clearance_q05"": -0.16411002342977554, ""center_norm_pre_normalization"": 0.9770639084303392}]",20,"28487,22893,30450,23737,30332,29184,10278,26398,4534,13864,23138,13179,26371,16793,29768,29061,12743,20910,7030,31926",20,20,1.0,1.0,True
20,v1_attractor_adjusted,"30332,16145,12743,13525,30332,30332,16145,12743,13525,30332,30332,16145,12743,13525,30332,30332,16145,12743,13525,30332",lucrarea earthquake Smartphoneărălucrarealucrarea earthquake Smartphoneărălucrarealucrarea earthquake Smartphoneărălucrarealucrarea earthquake Smartphoneărălucrarea,-0.7666916007775723,28.839537695433705,False,False,-0.2879772686145629,-0.22881348529411122,0.0,0.24990084686889813,0.9615762426028521,0.94194103241019,-0.2879772686145629,False,15.398863430728147,12.44067426470556,1.0,0.0,0.5964038610458374,0.7556880414485931,0.7892196625244714,False,"[{""absolute_escape_q05"": -0.2832026902002909, ""relative_outward_q05"": -0.22664151850966352, ""escape_rate"": 0.0, ""compact_radius_q95"": 0.24286713684837874, ""triggered_pairwise_mean"": 0.9615762426028521, ""triggered_pairwise_q05"": 0.94194103241019, ""all_cluster_clearance_q05"": -0.2832026902002909, ""center_norm_pre_normalization"": 0.9807901351267868}, {""absolute_escape_q05"": -0.2879772686145629, ""relative_outward_q05"": -0.22881348529411122, ""escape_rate"": 0.0, ""compact_radius_q95"": 0.24257206487636518, ""triggered_pairwise_mean"": 0.9641065853597719, ""triggered_pairwise_q05"": 0.9456043546102159, ""all_cluster_clearance_q05"": -0.2879772686145629, ""center_norm_pre_normalization"": 0.982066731664805}, {""absolute_escape_q05"": -0.2874895046614265, ""relative_outward_q05"": -0.22752802824233986, ""escape_rate"": 0.0, ""compact_radius_q95"": 0.24990084686889813, ""triggered_pairwise_mean"": 0.9632865788406579, ""triggered_pairwise_q05"": 0.9425434626364494, ""all_cluster_clearance_q05"": -0.2874895046614265, ""center_norm_pre_normalization"": 0.9816532077313186}]",21,"3,30332,16145,12743,13525,30332,30332,16145,12743,13525,30332,30332,16145,12743,13525,30332,30332,16145,12743,13525,30332",21,21,1.0,1.0,True
20,v2_optimized,"30356,470,14597,25178,16844,14106,4700,29009,16844,28086,11015,470,29788,23313,26994,5,16537,28218,26063,9702","Sultan never prochain strategically incentives pharmaceutical consistent groundbreaking incentives Communitiesachi never $50,000supervised subsidies. farms NEVER remix Cape",-0.3927750640847202,1.109556816444717,False,False,-1.54668314403136e-05,0.047279086512867566,0.941747572815534,0.44003868376614746,0.879343650764954,0.8251742728514196,-0.016623101708855923,False,1.0007733415720157,0.0,0.008686765457332579,0.1000967094153686,0.7342036604881287,0.7556880414485931,0.9715697751160908,False,"[{""absolute_escape_q05"": 0.019272272980096643, ""relative_outward_q05"": 0.05467287987812773, ""escape_rate"": 0.9902912621359223, ""compact_radius_q95"": 0.3559801054493394, ""triggered_pairwise_mean"": 0.9319512500927175, ""triggered_pairwise_q05"": 0.8916099902960197, ""all_cluster_clearance_q05"": 0.019099570130115696, ""center_norm_pre_normalization"": 0.9657183429872191}, {""absolute_escape_q05"": -1.54668314403136e-05, ""relative_outward_q05"": 0.047279086512867566, ""escape_rate"": 0.941747572815534, ""compact_radius_q95"": 0.43930897669607477, ""triggered_pairwise_mean"": 0.879343650764954, ""triggered_pairwise_q05"": 0.8251742728514196, ""all_cluster_clearance_q05"": -0.016623101708855923, ""center_norm_pre_normalization"": 0.938357646200376}, {""absolute_escape_q05"": 0.005457633168244027, ""relative_outward_q05"": 0.047940106033677016, ""escape_rate"": 0.9514563106796117, ""compact_radius_q95"": 0.44003868376614746, ""triggered_pairwise_mean"": 0.901865586294731, ""triggered_pairwise_q05"": 0.8349136434281279, ""all_cluster_clearance_q05"": -0.0030633610343186327, ""center_norm_pre_normalization"": 0.9501675368529974}]",20,"30356,470,14597,25178,16844,14106,4700,29009,16844,28086,11015,470,29788,23313,26994,5,16537,28218,26063,9702",20,20,1.0,1.0,True
22,random_legal,"13190,4405,13744,26213,30382,31514,28666,2122,30181,14751,4017,30749,22998,8268,9895,23124,2004,262,3973,22017,1551,16531",Sleep expand sunset irrelevant Saskatchewan crowdfunding Borough12 capacitor legislative Training spaghetti Ubuntu Innovation marketplace Danish garden E emotional Hyundai completely Swedish,-0.7083214449821384,14.111284540924645,False,False,-0.1324698406117364,-0.08543964681008993,0.009708737864077669,0.4904119575603121,0.8619260716058816,0.7955433785158672,-0.1324698406117364,False,7.623492030586819,5.271982340504497,0.9897802759325498,0.22602989390078015,0.6677333116531372,0.7556880414485931,0.8836097371253172,False,"[{""absolute_escape_q05"": -0.13103494678276925, ""relative_outward_q05"": -0.08543964681008993, ""escape_rate"": 0.04854368932038835, ""compact_radius_q95"": 0.42426062825670086, ""triggered_pairwise_mean"": 0.9072157312016345, ""triggered_pairwise_q05"": 0.8490271563132734, ""all_cluster_clearance_q05"": -0.13103494678276925, ""center_norm_pre_normalization"": 0.9529514939804153}, {""absolute_escape_q05"": -0.13133727968672415, ""relative_outward_q05"": -0.0786572047501801, ""escape_rate"": 0.009708737864077669, ""compact_radius_q95"": 0.4904119575603121, ""triggered_pairwise_mean"": 0.8619260716058816, ""triggered_pairwise_q05"": 0.7955433785158672, ""all_cluster_clearance_q05"": -0.13133727968672415, ""center_norm_pre_normalization"": 0.9291214106041854}, {""absolute_escape_q05"": -0.1324698406117364, ""relative_outward_q05"": -0.08135619163234356, ""escape_rate"": 0.04854368932038835, ""compact_radius_q95"": 0.4758918830887866, ""triggered_pairwise_mean"": 0.8831653469068029, ""triggered_pairwise_q05"": 0.8058251220716238, ""all_cluster_clearance_q05"": -0.1324698406117364, ""center_norm_pre_normalization"": 0.9403720882786527}]",22,"13190,4405,13744,26213,30382,31514,28666,2122,30181,14751,4017,30749,22998,8268,9895,23124,2004,262,3973,22017,1551,16531",22,22,1.0,1.0,True
22,frequent_ordinary,"8,5,6,10,11,8,5,6,10,11,8,5,6,10,11,8,5,6,10,11,8,5","the.,: and the.,: and the.,: and the.,: and the.",-0.7849975260518481,11.854265059175507,False,False,-0.12711713451740828,-0.04074663467386519,0.07766990291262135,0.6171337568605747,0.7098289680670615,0.6478145557626636,-0.12711713451740828,False,7.355856725870413,3.0373317336932595,0.9182422074603986,0.5428343921514367,0.6451964259147644,0.7556880414485931,0.8537867354338106,False,"[{""absolute_escape_q05"": -0.12687987298881204, ""relative_outward_q05"": -0.0339253644213941, ""escape_rate"": 0.08737864077669903, ""compact_radius_q95"": 0.5976240661578919, ""triggered_pairwise_mean"": 0.7207448637083376, ""triggered_pairwise_q05"": 0.6606044711378389, ""all_cluster_clearance_q05"": -0.12687987298881204, ""center_norm_pre_normalization"": 0.8505622135662454}, {""absolute_escape_q05"": -0.12711713451740828, ""relative_outward_q05"": -0.03350304640374335, ""escape_rate"": 0.07766990291262135, ""compact_radius_q95"": 0.6171337568605747, ""triggered_pairwise_mean"": 0.7098289680670615, ""triggered_pairwise_q05"": 0.6478145557626636, ""all_cluster_clearance_q05"": -0.12711713451740828, ""center_norm_pre_normalization"": 0.8441837258715679}, {""absolute_escape_q05"": -0.12401682999862317, ""relative_outward_q05"": -0.04074663467386519, ""escape_rate"": 0.08737864077669903, ""compact_radius_q95"": 0.6113971985266043, ""triggered_pairwise_mean"": 0.7123044570832272, ""triggered_pairwise_q05"": 0.6529813020865368, ""all_cluster_clearance_q05"": -0.12401682999862317, ""center_norm_pre_normalization"": 0.8456344471442531}]",22,"8,5,6,10,11,8,5,6,10,11,8,5,6,10,11,8,5,6,10,11,8,5",22,22,1.0,1.0,True
22,natural_phrase,"34,65,8,1504,13,15189,53,8,815,4392,13,8,600,1440,12,8,20,1788,297,13,9388,3",it has the effect of augmenting the potency of the big countries to the detriment of babies ,-0.6268148515085156,9.435660433246047,False,False,-0.09002509556863329,-0.03911882296249228,0.2524271844660194,0.49767093297739,0.8301752311158135,0.7718916971358141,-0.09002509556863329,False,5.501254778431664,2.955941148124614,0.7342871742462953,0.24417733244347498,0.6745590448379517,0.7556880414485931,0.8926422119170714,False,"[{""absolute_escape_q05"": -0.07052239641512086, ""relative_outward_q05"": -0.02901551137213164, ""escape_rate"": 0.44660194174757284, ""compact_radius_q95"": 0.473860811463845, ""triggered_pairwise_mean"": 0.8616150393471408, ""triggered_pairwise_q05"": 0.8056142828535848, ""all_cluster_clearance_q05"": -0.07100183436260477, ""center_norm_pre_normalization"": 0.9289556411187867}, {""absolute_escape_q05"": -0.08486376574407505, ""relative_outward_q05"": -0.03911882296249228, ""escape_rate"": 0.2621359223300971, ""compact_radius_q95"": 0.49767093297739, ""triggered_pairwise_mean"": 0.8301752311158135, ""triggered_pairwise_q05"": 0.7718916971358141, ""all_cluster_clearance_q05"": -0.08486376574407505, ""center_norm_pre_normalization"": 0.9120438672992431}, {""absolute_escape_q05"": -0.09002509556863329, ""relative_outward_q05"": -0.03307214340035761, ""escape_rate"": 0.2524271844660194, ""compact_radius_q95"": 0.49567283856413574, ""triggered_pairwise_mean"": 0.8355699796988235, ""triggered_pairwise_q05"": 0.778389066059771, ""all_cluster_clearance_q05"": -0.09002509556863329, ""center_norm_pre_normalization"": 0.9149679710851447}]",21,"34,65,8,1504,13,15189,53,8,815,4392,13,8,600,1440,12,8,20,1788,297,13,9388",21,21,1.0,0.0,False
22,best_single_sticky_repeated,"10278,10278,10278,10278,10278,10278,10278,10278,10278,10278,10278,10278,10278,10278,10278,10278,10278,10278,10278,10278,10278,10278",vegan vegan vegan vegan vegan vegan vegan vegan vegan vegan vegan vegan vegan vegan vegan vegan vegan vegan vegan vegan vegan vegan,-0.7014636145670865,12.011659993415122,False,False,-0.12139789458713171,-0.053530517567282145,0.04854368932038835,0.5265352024126727,0.7958575056026075,0.7403164541814744,-0.12139789458713171,False,7.069894729356585,3.676525878364107,0.9489013796627491,0.3163380060316817,0.6542951345443726,0.7556880414485931,0.865827032660384,False,"[{""absolute_escape_q05"": -0.1198214778792458, ""relative_outward_q05"": -0.053530517567282145, ""escape_rate"": 0.04854368932038835, ""compact_radius_q95"": 0.49594884776592807, ""triggered_pairwise_mean"": 0.8199022865045918, ""triggered_pairwise_q05"": 0.7691663565623221, ""all_cluster_clearance_q05"": -0.1198214778792458, ""center_norm_pre_normalization"": 0.9064495619967057}, {""absolute_escape_q05"": -0.11610208983152501, ""relative_outward_q05"": -0.04552948590741769, ""escape_rate"": 0.08737864077669903, ""compact_radius_q95"": 0.5265352024126727, ""triggered_pairwise_mean"": 0.7958575056026075, ""triggered_pairwise_q05"": 0.7403164541814744, ""all_cluster_clearance_q05"": -0.11610208983152501, ""center_norm_pre_normalization"": 0.8932186026380146}, {""absolute_escape_q05"": -0.12139789458713171, ""relative_outward_q05"": -0.053261446990752456, ""escape_rate"": 0.04854368932038835, ""compact_radius_q95"": 0.513120713975985, ""triggered_pairwise_mean"": 0.8078933465509999, ""triggered_pairwise_q05"": 0.7565661658947813, ""all_cluster_clearance_q05"": -0.12139789458713171, ""center_norm_pre_normalization"": 0.8998658011656179}]",22,"10278,10278,10278,10278,10278,10278,10278,10278,10278,10278,10278,10278,10278,10278,10278,10278,10278,10278,10278,10278,10278,10278",22,22,1.0,1.0,True
22,top_escape_concatenation,"22009,28218,470,12638,14575,29713,13938,1327,2349,13293,16715,4259,9428,25637,21762,28516,9603,17541,1349,8182,29061,31344",Nobody NEVER never nobodycheapest Arduino inexpensive nothing 100% farming nowhere constantly Nothingstealing Pokémon Ethereum gardens autism clean consistently Pokemon Strawberry,-0.5650146671986994,8.86426601411066,False,False,-0.09357432670707574,-0.029374701938756232,0.36893203883495146,0.4420656385528674,0.8885705986370365,0.8281318739246012,-0.09357432670707574,False,5.678716335353787,2.4687350969378117,0.6116504854368932,0.10516409638216845,0.6989948749542236,0.7556880414485931,0.9249780817151834,False,"[{""absolute_escape_q05"": -0.05792033329154374, ""relative_outward_q05"": -0.01398493784535204, ""escape_rate"": 0.5048543689320388, ""compact_radius_q95"": 0.37083391941124166, ""triggered_pairwise_mean"": 0.9341001174588573, ""triggered_pairwise_q05"": 0.8820372354269332, ""all_cluster_clearance_q05"": -0.05794356568130521, ""center_norm_pre_normalization"": 0.9668194881376951}, {""absolute_escape_q05"": -0.09357432670707574, ""relative_outward_q05"": -0.029374701938756232, ""escape_rate"": 0.36893203883495146, ""compact_radius_q95"": 0.42199626684060854, ""triggered_pairwise_mean"": 0.8885705986370365, ""triggered_pairwise_q05"": 0.8358453155560803, ""all_cluster_clearance_q05"": -0.09357432670707574, ""center_norm_pre_normalization"": 0.9432138876829799}, {""absolute_escape_q05"": -0.0819805611887283, ""relative_outward_q05"": -0.026999175962975443, ""escape_rate"": 0.4077669902912621, ""compact_radius_q95"": 0.4420656385528674, ""triggered_pairwise_mean"": 0.8976981333617206, ""triggered_pairwise_q05"": 0.8281318739246012, ""all_cluster_clearance_q05"": -0.0819805611887283, ""center_norm_pre_normalization"": 0.947993331124384}]",22,"22009,28218,470,12638,14575,29713,13938,1327,2349,13293,16715,4259,9428,25637,21762,28516,9603,17541,1349,8182,29061,31344",22,22,1.0,1.0,True
22,top_compact_concatenation,"28487,22893,30450,23737,30332,29184,10278,26398,4534,13864,23138,13179,26371,16793,29768,29061,12743,20910,7030,31926,30664,28684",Latvia cigarettes Kazakhstan socialistlucrarea Minecraft vegan LGBT Obama smartphones Depression $20 Vegan Photoshop Disneyland Pokemon Smartphone Iceland Toronto schizophrenia LGBTQ cybersecurity,-0.5624472554530391,17.285528631539844,False,False,-0.1637537218092735,-0.12318321770961743,0.05825242718446602,0.2755103159341481,0.9551464471793264,0.9286096868605873,-0.1637537218092735,False,9.187686090463675,7.159160885480871,0.9386816555952989,0.0,0.6637736201286316,0.7556880414485931,0.8783698877333443,False,"[{""absolute_escape_q05"": -0.15649025925739357, ""relative_outward_q05"": -0.12318321770961743, ""escape_rate"": 0.06796116504854369, ""compact_radius_q95"": 0.27532298033697616, ""triggered_pairwise_mean"": 0.9557993678527005, ""triggered_pairwise_q05"": 0.9286096868605873, ""all_cluster_clearance_q05"": -0.15649025925739357, ""center_norm_pre_normalization"": 0.9778693678669271}, {""absolute_escape_q05"": -0.1637537218092735, ""relative_outward_q05"": -0.12049915546529169, ""escape_rate"": 0.05825242718446602, ""compact_radius_q95"": 0.25585734834521373, ""triggered_pairwise_mean"": 0.9581461041334927, ""triggered_pairwise_q05"": 0.9381175656064858, ""all_cluster_clearance_q05"": -0.1637537218092735, ""center_norm_pre_normalization"": 0.9790569202729277}, {""absolute_escape_q05"": -0.1596387282002554, ""relative_outward_q05"": -0.11529197868372094, ""escape_rate"": 0.06796116504854369, ""compact_radius_q95"": 0.2755103159341481, ""triggered_pairwise_mean"": 0.9551464471793264, ""triggered_pairwise_q05"": 0.9301432279932801, ""all_cluster_clearance_q05"": -0.16120628096976158, ""center_norm_pre_normalization"": 0.9775387046805906}]",22,"28487,22893,30450,23737,30332,29184,10278,26398,4534,13864,23138,13179,26371,16793,29768,29061,12743,20910,7030,31926,30664,28684",22,22,1.0,1.0,True
22,v1_attractor_adjusted,"30332,16145,12743,13525,30332,30332,16145,12743,13525,30332,30332,16145,12743,13525,30332,30332,16145,12743,13525,30332,30332,16145",lucrarea earthquake Smartphoneărălucrarealucrarea earthquake Smartphoneărălucrarealucrarea earthquake Smartphoneărălucrarealucrarea earthquake Smartphoneărălucrarealucrarea earthquake,-0.7566645745875862,28.999015130485088,False,False,-0.28892512742588,-0.23105517518382176,0.0,0.2366842719778845,0.9656440074762502,0.9472636035239523,-0.28892512742588,False,15.446256371294,12.552758759191088,1.0,0.0,0.5973913311958313,0.7556880414485931,0.7905263791798005,False,"[{""absolute_escape_q05"": -0.2860375395087293, ""relative_outward_q05"": -0.2289912867973765, ""escape_rate"": 0.0, ""compact_radius_q95"": 0.2318526274511516, ""triggered_pairwise_mean"": 0.9656440074762502, ""triggered_pairwise_q05"": 0.9472636035239523, ""all_cluster_clearance_q05"": -0.2860375395087293, ""center_norm_pre_normalization"": 0.9828415748745072}, {""absolute_escape_q05"": -0.2880839091988635, ""relative_outward_q05"": -0.2298387923521642, ""escape_rate"": 0.0, ""compact_radius_q95"": 0.22904119197416528, ""triggered_pairwise_mean"": 0.9683276822119988, ""triggered_pairwise_q05"": 0.9514650400451264, ""all_cluster_clearance_q05"": -0.2880839091988635, ""center_norm_pre_normalization"": 0.9841926543530856}, {""absolute_escape_q05"": -0.28892512742588, ""relative_outward_q05"": -0.23105517518382176, ""escape_rate"": 0.0, ""compact_radius_q95"": 0.2366842719778845, ""triggered_pairwise_mean"": 0.9665830504345306, ""triggered_pairwise_q05"": 0.9483135988438015, ""all_cluster_clearance_q05"": -0.28892512742588, ""center_norm_pre_normalization"": 0.983314541373584}]",23,"3,30332,16145,12743,13525,30332,30332,16145,12743,13525,30332,30332,16145,12743,13525,30332,30332,16145,12743,13525,30332,30332,16145",23,23,1.0,1.0,True
22,v2_optimized,"15741,14442,29623,470,26047,16935,16844,8217,16844,11015,29713,25659,470,11225,23579,4730,29477,28218,29657,16844,25015,28218",modular clause Baltic never Estonia guarantees incentives Linux incentivesachi Arduino $60 never techniciansstandardized campusutilizatorii NEVER Timisoara incentivesdrepturile NEVER,-0.37475218336513844,1.2105822222695084,False,False,-0.0028988246476215783,0.038664662173981644,0.912621359223301,0.4105180208914985,0.8997012075482137,0.8501087726329547,-0.013969839116588632,False,1.144941232381079,0.0,0.039345937659683104,0.026295052228746257,0.728212034702301,0.7556880414485931,0.9636410724541534,False,"[{""absolute_escape_q05"": 0.018782511217417166, ""relative_outward_q05"": 0.048588267935551266, ""escape_rate"": 0.970873786407767, ""compact_radius_q95"": 0.32511430332534236, ""triggered_pairwise_mean"": 0.9409035182897093, ""triggered_pairwise_q05"": 0.9034760664755233, ""all_cluster_clearance_q05"": 0.012034885248559113, ""center_norm_pre_normalization"": 0.9702975167895073}, {""absolute_escape_q05"": -0.0028988246476215783, ""relative_outward_q05"": 0.038664662173981644, ""escape_rate"": 0.912621359223301, ""compact_radius_q95"": 0.4105180208914985, ""triggered_pairwise_mean"": 0.8997012075482137, ""triggered_pairwise_q05"": 0.8501087726329547, ""all_cluster_clearance_q05"": -0.013969839116588632, ""center_norm_pre_normalization"": 0.9490389785173631}, {""absolute_escape_q05"": 0.009008183569779605, ""relative_outward_q05"": 0.044674667470473564, ""escape_rate"": 0.9611650485436893, ""compact_radius_q95"": 0.40292354258632096, ""triggered_pairwise_mean"": 0.919592992993774, ""triggered_pairwise_q05"": 0.8542613544487898, ""all_cluster_clearance_q05"": -0.0032789663483140936, ""center_norm_pre_normalization"": 0.9593610602851932}]",22,"15741,14442,29623,470,26047,16935,16844,8217,16844,11015,29713,25659,470,11225,23579,4730,29477,28218,29657,16844,25015,28218",22,22,1.0,1.0,True
24,random_legal,"25097,26246,13293,29763,27296,10391,7054,26267,7615,30791,16833,22978,27481,10566,10929,23677,26485,373,3613,24053,25021,5529,13074,27037",lotion distrus farming Helsinkisince fastest KoreaInde VegasIslamévénement psihologKET attorneys Footballeffect Edmonton always measureanbieter 1946some presidential Blockchain,-0.6503657450816092,13.23409829178825,False,False,-0.12160720598904512,-0.08239156709777234,0.07766990291262135,0.44636697199479175,0.872094442258687,0.8152431936016463,-0.12160720598904512,False,7.080360299452256,5.119578354888617,0.9182422074603986,0.11591742998697932,0.6684304594993591,0.7556880414485931,0.8845322710387632,False,"[{""absolute_escape_q05"": -0.12160720598904512, ""relative_outward_q05"": -0.08239156709777234, ""escape_rate"": 0.08737864077669903, ""compact_radius_q95"": 0.39430984169718053, ""triggered_pairwise_mean"": 0.9092055648607436, ""triggered_pairwise_q05"": 0.8612934975298744, ""all_cluster_clearance_q05"": -0.12160720598904512, ""center_norm_pre_normalization"": 0.9539848346399721}, {""absolute_escape_q05"": -0.11560028723336654, ""relative_outward_q05"": -0.07172528489478704, ""escape_rate"": 0.07766990291262135, ""compact_radius_q95"": 0.44636697199479175, ""triggered_pairwise_mean"": 0.872094442258687, ""triggered_pairwise_q05"": 0.8152431936016463, ""all_cluster_clearance_q05"": -0.11560028723336654, ""center_norm_pre_normalization"": 0.9345246087393649}, {""absolute_escape_q05"": -0.12018367220459478, ""relative_outward_q05"": -0.08142098034380939, ""escape_rate"": 0.07766990291262135, ""compact_radius_q95"": 0.4321968458070664, ""triggered_pairwise_mean"": 0.8990187770578417, ""triggered_pairwise_q05"": 0.8377609597221565, ""all_cluster_clearance_q05"": -0.12018367220459478, ""center_norm_pre_normalization"": 0.9486828647044376}]",24,"25097,26246,13293,29763,27296,10391,7054,26267,7615,30791,16833,22978,27481,10566,10929,23677,26485,373,3613,24053,25021,5529,13074,27037",24,24,1.0,1.0,True
24,frequent_ordinary,"8,5,6,10,11,8,5,6,10,11,8,5,6,10,11,8,5,6,10,11,8,5,6,10","the.,: and the.,: and the.,: and the.,: and the.,:",-0.7801497140603194,11.675255480793506,False,False,-0.12784335760218496,-0.036506936885863685,0.07766990291262135,0.6157994195722708,0.7085493475291126,0.6473614256234695,-0.12784335760218496,False,7.392167880109247,2.825346844293184,0.9182422074603986,0.539498548930677,0.6426776051521301,0.7556880414485931,0.8504535865357468,False,"[{""absolute_escape_q05"": -0.12259150929887322, ""relative_outward_q05"": -0.03330961663364157, ""escape_rate"": 0.07766990291262135, ""compact_radius_q95"": 0.5968335556833285, ""triggered_pairwise_mean"": 0.7187761067028514, ""triggered_pairwise_q05"": 0.6590939783996717, ""all_cluster_clearance_q05"": -0.12259150929887322, ""center_norm_pre_normalization"": 0.8494153496444886}, {""absolute_escape_q05"": -0.1251588798893149, ""relative_outward_q05"": -0.0334168423923457, ""escape_rate"": 0.08737864077669903, ""compact_radius_q95"": 0.6157994195722708, ""triggered_pairwise_mean"": 0.7085493475291126, ""triggered_pairwise_q05"": 0.6473614256234695, ""all_cluster_clearance_q05"": -0.1251588798893149, ""center_norm_pre_normalization"": 0.8434328461662753}, {""absolute_escape_q05"": -0.12784335760218496, ""relative_outward_q05"": -0.036506936885863685, ""escape_rate"": 0.07766990291262135, ""compact_radius_q95"": 0.6098756937995656, ""triggered_pairwise_mean"": 0.709902877153862, ""triggered_pairwise_q05"": 0.648889621915085, ""all_cluster_clearance_q05"": -0.12784335760218496, ""center_norm_pre_normalization"": 0.844227075190452}]",24,"8,5,6,10,11,8,5,6,10,11,8,5,6,10,11,8,5,6,10,11,8,5,6,10",24,24,1.0,1.0,True
24,natural_phrase,"34,65,8,1504,13,15189,53,8,815,4392,13,8,600,1440,12,8,20,1788,297,13,9388,3,5,34",it has the effect of augmenting the potency of the big countries to the detriment of babies . it,-0.6326136051542613,9.628925876130333,False,False,-0.09130642592222243,-0.04160104121458566,0.2524271844660194,0.4997061380174532,0.828070889202488,0.7708351288024364,-0.09130642592222243,False,5.565321296111121,3.080052060729283,0.7342871742462953,0.249265345043633,0.6735796332359314,0.7556880414485931,0.8913461591171054,False,"[{""absolute_escape_q05"": -0.07439164902838073, ""relative_outward_q05"": -0.03405859305936203, ""escape_rate"": 0.39805825242718446, ""compact_radius_q95"": 0.44184423177610804, ""triggered_pairwise_mean"": 0.8675755995096678, ""triggered_pairwise_q05"": 0.8231167874973428, ""all_cluster_clearance_q05"": -0.07621977835298387, ""center_norm_pre_normalization"": 0.9321272841882094}, {""absolute_escape_q05"": -0.08689692729208655, ""relative_outward_q05"": -0.04160104121458566, ""escape_rate"": 0.2524271844660194, ""compact_radius_q95"": 0.4997061380174532, ""triggered_pairwise_mean"": 0.828070889202488, ""triggered_pairwise_q05"": 0.7708351288024364, ""all_cluster_clearance_q05"": -0.08689692729208655, ""center_norm_pre_normalization"": 0.910900710416606}, {""absolute_escape_q05"": -0.09130642592222243, ""relative_outward_q05"": -0.040774059076880684, ""escape_rate"": 0.2524271844660194, ""compact_radius_q95"": 0.4899870190815773, ""triggered_pairwise_mean"": 0.837850844815608, ""triggered_pairwise_q05"": 0.7799254619119375, ""all_cluster_clearance_q05"": -0.09130642592222243, ""center_norm_pre_normalization"": 0.9162014565172525}]",24,"34,65,8,1504,13,15189,53,8,815,4392,13,8,600,1440,12,8,20,1788,297,13,9388,3,5,34",24,24,1.0,1.0,True
24,best_single_sticky_repeated,"10278,10278,10278,10278,10278,10278,10278,10278,10278,10278,10278,10278,10278,10278,10278,10278,10278,10278,10278,10278,10278,10278,10278,10278",vegan vegan vegan vegan vegan vegan vegan vegan vegan vegan vegan vegan vegan vegan vegan vegan vegan vegan vegan vegan vegan vegan vegan vegan,-0.7032141854670485,12.16642518484351,False,False,-0.12185088298674675,-0.0562436084135299,0.04854368932038835,0.5251196940667718,0.7965216361999623,0.741033109541023,-0.12185088298674675,False,7.092544149337337,3.8121804206764947,0.9489013796627491,0.31279923516692953,0.6549085021018982,0.7556880414485931,0.8666387003378951,False,"[{""absolute_escape_q05"": -0.12092166313041426, ""relative_outward_q05"": -0.056050171670455326, ""escape_rate"": 0.04854368932038835, ""compact_radius_q95"": 0.49360480893335984, ""triggered_pairwise_mean"": 0.821755368247337, ""triggered_pairwise_q05"": 0.7712506307263584, ""all_cluster_clearance_q05"": -0.12092166313041426, ""center_norm_pre_normalization"": 0.9074612383020572}, {""absolute_escape_q05"": -0.1162134768091937, ""relative_outward_q05"": -0.047938070691218894, ""escape_rate"": 0.07766990291262135, ""compact_radius_q95"": 0.5251196940667718, ""triggered_pairwise_mean"": 0.7965216361999623, ""triggered_pairwise_q05"": 0.741033109541023, ""all_cluster_clearance_q05"": -0.1162134768091937, ""center_norm_pre_normalization"": 0.8935866800282872}, {""absolute_escape_q05"": -0.12185088298674675, ""relative_outward_q05"": -0.0562436084135299, ""escape_rate"": 0.04854368932038835, ""compact_radius_q95"": 0.5136827623377402, ""triggered_pairwise_mean"": 0.8078511861698936, ""triggered_pairwise_q05"": 0.7557761308291032, ""all_cluster_clearance_q05"": -0.12185088298674675, ""center_norm_pre_normalization"": 0.899842602409909}]",24,"10278,10278,10278,10278,10278,10278,10278,10278,10278,10278,10278,10278,10278,10278,10278,10278,10278,10278,10278,10278,10278,10278,10278,10278",24,24,1.0,1.0,True
24,top_escape_concatenation,"22009,28218,470,12638,14575,29713,13938,1327,2349,13293,16715,4259,9428,25637,21762,28516,9603,17541,1349,8182,29061,31344,28684,25661",Nobody NEVER never nobodycheapest Arduino inexpensive nothing 100% farming nowhere constantly Nothingstealing Pokémon Ethereum gardens autism clean consistently Pokemon Strawberry cybersecurity strawberries,-0.5878681477629566,9.070490485590705,False,False,-0.09543472045611223,-0.030653061243812386,0.36893203883495146,0.4617803660630319,0.8904715514949405,0.8254395492718888,-0.09543749124922064,False,5.771736022805611,2.532653062190619,0.6116504854368932,0.15445091515757972,0.6965140223503112,0.7556880414485931,0.9216951759818112,False,"[{""absolute_escape_q05"": -0.07123503960331942, ""relative_outward_q05"": -0.01901178246499897, ""escape_rate"": 0.49514563106796117, ""compact_radius_q95"": 0.36722835731372616, ""triggered_pairwise_mean"": 0.9330618399531551, ""triggered_pairwise_q05"": 0.8837077674416463, ""all_cluster_clearance_q05"": -0.07123503960331942, ""center_norm_pre_normalization"": 0.9662875997621065}, {""absolute_escape_q05"": -0.09543472045611223, ""relative_outward_q05"": -0.030653061243812386, ""escape_rate"": 0.36893203883495146, ""compact_radius_q95"": 0.41880285549363466, ""triggered_pairwise_mean"": 0.8904715514949405, ""triggered_pairwise_q05"": 0.8375800502296282, ""all_cluster_clearance_q05"": -0.09543749124922064, ""center_norm_pre_normalization"": 0.9442112766374673}, {""absolute_escape_q05"": -0.09160170642454198, ""relative_outward_q05"": -0.027884289587267096, ""escape_rate"": 0.4077669902912621, ""compact_radius_q95"": 0.4617803660630319, ""triggered_pairwise_mean"": 0.8969591410067593, ""triggered_pairwise_q05"": 0.8254395492718888, ""all_cluster_clearance_q05"": -0.09240198243082762, ""center_norm_pre_normalization"": 0.9476072700002652}]",24,"22009,28218,470,12638,14575,29713,13938,1327,2349,13293,16715,4259,9428,25637,21762,28516,9603,17541,1349,8182,29061,31344,28684,25661",24,24,1.0,1.0,True
24,top_compact_concatenation,"28487,22893,30450,23737,30332,29184,10278,26398,4534,13864,23138,13179,26371,16793,29768,29061,12743,20910,7030,31926,30664,28684,13753,12729",Latvia cigarettes Kazakhstan socialistlucrarea Minecraft vegan LGBT Obama smartphones Depression $20 Vegan Photoshop Disneyland Pokemon Smartphone Iceland Toronto schizophrenia LGBTQ cybersecurity Birthday Philippines,-0.5677468357316127,17.892100246431735,False,False,-0.17065257499797915,-0.12841579681874957,0.05825242718446602,0.26867846391488387,0.9576575937732419,0.9338464636618682,-0.17065257499797915,False,9.532628749898956,7.420789840937478,0.9386816555952989,0.0,0.6569528818130493,0.7556880414485931,0.8693440226389233,False,"[{""absolute_escape_q05"": -0.15948413115939394, ""relative_outward_q05"": -0.11997476769938491, ""escape_rate"": 0.06796116504854369, ""compact_radius_q95"": 0.264467785850924, ""triggered_pairwise_mean"": 0.9585422399223332, ""triggered_pairwise_q05"": 0.9338464636618682, ""all_cluster_clearance_q05"": -0.16097362739052662, ""center_norm_pre_normalization"": 0.9792572404060902}, {""absolute_escape_q05"": -0.17065257499797915, ""relative_outward_q05"": -0.12841579681874957, ""escape_rate"": 0.05825242718446602, ""compact_radius_q95"": 0.2534601099307017, ""triggered_pairwise_mean"": 0.9585820007121806, ""triggered_pairwise_q05"": 0.9384549419565821, ""all_cluster_clearance_q05"": -0.17065257499797915, ""center_norm_pre_normalization"": 0.9792773446078942}, {""absolute_escape_q05"": -0.1659355086259747, ""relative_outward_q05"": -0.12354590676435348, ""escape_rate"": 0.05825242718446602, ""compact_radius_q95"": 0.26867846391488387, ""triggered_pairwise_mean"": 0.9576575937732419, ""triggered_pairwise_q05"": 0.9344074025458649, ""all_cluster_clearance_q05"": -0.1659355086259747, ""center_norm_pre_normalization"": 0.9788098311036687}]",24,"28487,22893,30450,23737,30332,29184,10278,26398,4534,13864,23138,13179,26371,16793,29768,29061,12743,20910,7030,31926,30664,28684,13753,12729",24,24,1.0,1.0,True
24,v1_attractor_adjusted,"30332,16145,12743,13525,30332,30332,16145,12743,13525,30332,30332,16145,12743,13525,30332,30332,16145,12743,13525,30332,30332,16145,12743,13525",lucrarea earthquake Smartphoneărălucrarealucrarea earthquake Smartphoneărălucrarealucrarea earthquake Smartphoneărălucrarealucrarea earthquake Smartphoneărălucrarealucrarea earthquake Smartphoneără,-0.7413623737184866,28.335706951545692,False,False,-0.28171419611823967,-0.22499994291267417,0.0,0.23464823468757282,0.9660504898147777,0.9480518585183288,-0.28171419611823967,False,15.085709805911984,12.249997145633708,1.0,0.0,0.5990901112556457,0.7556880414485931,0.7927743703701308,False,"[{""absolute_escape_q05"": -0.28171419611823967, ""relative_outward_q05"": -0.22499994291267417, ""escape_rate"": 0.0, ""compact_radius_q95"": 0.22876474656168957, ""triggered_pairwise_mean"": 0.9660504898147777, ""triggered_pairwise_q05"": 0.9480518585183288, ""all_cluster_clearance_q05"": -0.28171419611823967, ""center_norm_pre_normalization"": 0.9830463352458618}, {""absolute_escape_q05"": -0.27941822553533385, ""relative_outward_q05"": -0.2236877668685086, ""escape_rate"": 0.0, ""compact_radius_q95"": 0.22392656856598164, ""triggered_pairwise_mean"": 0.9694081178727182, ""triggered_pairwise_q05"": 0.9535365587264192, ""all_cluster_clearance_q05"": -0.27941822553533385, ""center_norm_pre_normalization"": 0.9847360696725205}, {""absolute_escape_q05"": -0.28090469835649756, ""relative_outward_q05"": -0.22479507016036163, ""escape_rate"": 0.0, ""compact_radius_q95"": 0.23464823468757282, ""triggered_pairwise_mean"": 0.9673883225875367, ""triggered_pairwise_q05"": 0.9497356212281879, ""all_cluster_clearance_q05"": -0.28090469835649756, ""center_norm_pre_normalization"": 0.9837199505525163}]",25,"3,30332,16145,12743,13525,30332,30332,16145,12743,13525,30332,30332,16145,12743,13525,30332,30332,16145,12743,13525,30332,30332,16145,12743,13525",25,25,1.0,1.0,True
24,v2_optimized,"15741,14442,29623,8217,470,26047,16935,16844,8217,16844,11015,29713,25659,470,11225,2703,23579,4730,29477,28218,29657,16844,25015,28218",modular clause Baltic Linux never Estonia guarantees incentives Linux incentivesachi Arduino $60 never techniciansBestandardized campusutilizatorii NEVER Timisoara incentivesdrepturile NEVER,-0.3596920224256849,1.1813071689723125,False,False,-0.0030436191076015913,0.03827534033562056,0.9223300970873787,0.39492374365370386,0.9039835309914879,0.8568296189030978,-0.01116224296743403,False,1.1521809553800795,0.0,0.029126213592232927,0.0,0.7276363611221314,0.7556880414485931,0.9628792851178524,False,"[{""absolute_escape_q05"": 0.018697037972337575, ""relative_outward_q05"": 0.04868935842726434, ""escape_rate"": 0.9902912621359223, ""compact_radius_q95"": 0.3143264074880418, ""triggered_pairwise_mean"": 0.9455030508638662, ""triggered_pairwise_q05"": 0.9097451628807399, ""all_cluster_clearance_q05"": 0.012430930820804143, ""center_norm_pre_normalization"": 0.9726418394490369}, {""absolute_escape_q05"": -0.0030436191076015913, ""relative_outward_q05"": 0.03827534033562056, ""escape_rate"": 0.9223300970873787, ""compact_radius_q95"": 0.39437421525249106, ""triggered_pairwise_mean"": 0.9039835309914879, ""triggered_pairwise_q05"": 0.8568296189030978, ""all_cluster_clearance_q05"": -0.01116224296743403, ""center_norm_pre_normalization"": 0.9512705872655612}, {""absolute_escape_q05"": 0.006741639945309409, ""relative_outward_q05"": 0.04622697614126954, ""escape_rate"": 0.9611650485436893, ""compact_radius_q95"": 0.39492374365370386, ""triggered_pairwise_mean"": 0.919561659379798, ""triggered_pairwise_q05"": 0.8580414250314597, ""all_cluster_clearance_q05"": -0.0028145654217297746, ""center_norm_pre_normalization"": 0.9593448882746054}]",24,"15741,14442,29623,8217,470,26047,16935,16844,8217,16844,11015,29713,25659,470,11225,2703,23579,4730,29477,28218,29657,16844,25015,28218",24,24,1.0,1.0,True
26,random_legal,"31051,9751,10993,23940,17563,25559,10155,18507,11636,29634,8569,1975,20723,30272,20729,3613,21762,23406,27508,1821,28210,25178,30647,3842,27425,27855",quickest ignore beispielsweise Chennai Buffalo Morocco Malaysiainspired Chairman excavationEP coffee Walmartmairie individuell measure Pokémon CuisineTek Bei compoziti strategically Johannesburg regularly Slovenia Mozart,-0.6745176926738348,12.280047344047535,False,False,-0.114096738740286,-0.06833044401413718,0.06796116504854369,0.49209050991941156,0.8564321708923766,0.7919366693980838,-0.114096738740286,False,6.704836937014299,4.416522200706859,0.9284619315278487,0.23022627479852883,0.6752994060516357,0.7556880414485931,0.8936219299661553,False,"[{""absolute_escape_q05"": -0.10097616745812407, ""relative_outward_q05"": -0.06833044401413718, ""escape_rate"": 0.10679611650485436, ""compact_radius_q95"": 0.35670706049674644, ""triggered_pairwise_mean"": 0.929171992583414, ""triggered_pairwise_q05"": 0.8865770765094049, ""all_cluster_clearance_q05"": -0.10097616745812407, ""center_norm_pre_normalization"": 0.9642923019408507}, {""absolute_escape_q05"": -0.114096738740286, ""relative_outward_q05"": -0.060242717531087696, ""escape_rate"": 0.06796116504854369, ""compact_radius_q95"": 0.4816989538384773, ""triggered_pairwise_mean"": 0.8564321708923766, ""triggered_pairwise_q05"": 0.7919366693980838, ""all_cluster_clearance_q05"": -0.114096738740286, ""center_norm_pre_normalization"": 0.92618898382037}, {""absolute_escape_q05"": -0.10935592345094076, ""relative_outward_q05"": -0.05963804796173968, ""escape_rate"": 0.10679611650485436, ""compact_radius_q95"": 0.49209050991941156, ""triggered_pairwise_mean"": 0.881214304565792, ""triggered_pairwise_q05"": 0.7970602086052978, ""all_cluster_clearance_q05"": -0.10935592345094076, ""center_norm_pre_normalization"": 0.9393442203835004}]",27,"3,31051,9751,10993,23940,17563,25559,10155,18507,11636,29634,8569,1975,20723,30272,20729,3613,21762,23406,27508,1821,28210,25178,30647,3842,27425,27855",27,27,1.0,1.0,True
26,frequent_ordinary,"8,5,6,10,11,8,5,6,10,11,8,5,6,10,11,8,5,6,10,11,8,5,6,10,11,8","the.,: and the.,: and the.,: and the.,: and the.,: and the",-0.7791371761391237,11.822969373557175,False,False,-0.12790749474080207,-0.039390705294598295,0.06796116504854369,0.6118389761037234,0.7117405625854677,0.6508303663576533,-0.12790749474080207,False,7.395374737040103,2.9695352647299145,0.9284619315278487,0.5295974402593084,0.6411380529403686,0.7556880414485931,0.8484163011384415,False,"[{""absolute_escape_q05"": -0.1219907727765827, ""relative_outward_q05"": -0.03609047221349674, ""escape_rate"": 0.08737864077669903, ""compact_radius_q95"": 0.590888815743327, ""triggered_pairwise_mean"": 0.7274021397527175, ""triggered_pairwise_q05"": 0.6695180407027217, ""all_cluster_clearance_q05"": -0.1219907727765827, ""center_norm_pre_normalization"": 0.8544288860551633}, {""absolute_escape_q05"": -0.1274413684972328, ""relative_outward_q05"": -0.03622319427894725, ""escape_rate"": 0.06796116504854369, ""compact_radius_q95"": 0.6118389761037234, ""triggered_pairwise_mean"": 0.7117405625854677, ""triggered_pairwise_q05"": 0.6508303663576533, ""all_cluster_clearance_q05"": -0.1274413684972328, ""center_norm_pre_normalization"": 0.8453042045687847}, {""absolute_escape_q05"": -0.12790749474080207, ""relative_outward_q05"": -0.039390705294598295, ""escape_rate"": 0.0970873786407767, ""compact_radius_q95"": 0.6041020663944359, ""triggered_pairwise_mean"": 0.7157749227899481, ""triggered_pairwise_q05"": 0.6559989028386942, ""all_cluster_clearance_q05"": -0.12790749474080207, ""center_norm_pre_normalization"": 0.8476640784564831}]",26,"8,5,6,10,11,8,5,6,10,11,8,5,6,10,11,8,5,6,10,11,8,5,6,10,11,8",26,26,1.0,1.0,True
26,natural_phrase,"34,65,8,1504,13,15189,53,8,815,4392,13,8,600,1440,12,8,20,1788,297,13,9388,3,5,34,65,8",it has the effect of augmenting the potency of the big countries to the detriment of babies . it has the,-0.6295365161551463,9.594291862142542,False,False,-0.08637835309567786,-0.0453164727002386,0.22330097087378642,0.49784169035922976,0.8293449641631034,0.7718871602180255,-0.08637835309567786,False,5.318917654783893,3.2658236350119303,0.7649463464486459,0.24460422589807435,0.6785694718360901,0.7556880414485931,0.8979491994280167,False,"[{""absolute_escape_q05"": -0.07300735132246863, ""relative_outward_q05"": -0.040207580104710434, ""escape_rate"": 0.39805825242718446, ""compact_radius_q95"": 0.4415294078868938, ""triggered_pairwise_mean"": 0.8714482948595578, ""triggered_pairwise_q05"": 0.8283956612061874, ""all_cluster_clearance_q05"": -0.07405323280988758, ""center_norm_pre_normalization"": 0.9341821932133807}, {""absolute_escape_q05"": -0.08631507793240104, ""relative_outward_q05"": -0.0453164727002386, ""escape_rate"": 0.2621359223300971, ""compact_radius_q95"": 0.49784169035922976, ""triggered_pairwise_mean"": 0.8293449641631034, ""triggered_pairwise_q05"": 0.7718871602180255, ""all_cluster_clearance_q05"": -0.08637209773303188, ""center_norm_pre_normalization"": 0.9115930066347732}, {""absolute_escape_q05"": -0.08637835309567786, ""relative_outward_q05"": -0.0447310181598938, ""escape_rate"": 0.22330097087378642, ""compact_radius_q95"": 0.49018097794591126, ""triggered_pairwise_mean"": 0.8413813747417168, ""triggered_pairwise_q05"": 0.784204090842668, ""all_cluster_clearance_q05"": -0.08637835309567786, ""center_norm_pre_normalization"": 0.9181074892875493}]",26,"34,65,8,1504,13,15189,53,8,815,4392,13,8,600,1440,12,8,20,1788,297,13,9388,3,5,34,65,8",26,26,1.0,1.0,True
26,best_single_sticky_repeated,"10278,10278,10278,10278,10278,10278,10278,10278,10278,10278,10278,10278,10278,10278,10278,10278,10278,10278,10278,10278,10278,10278,10278,10278,10278,10278",vegan vegan vegan vegan vegan vegan vegan vegan vegan vegan vegan vegan vegan vegan vegan vegan vegan vegan vegan vegan vegan vegan vegan vegan vegan vegan,-0.7104392141161888,12.568756147820688,False,False,-0.1279446779148928,-0.058239674356001234,0.04854368932038835,0.5242548618452948,0.7980290481123663,0.7426922243057917,-0.1279446779148928,False,7.397233895744639,3.911983717800062,0.9489013796627491,0.31063715461323693,0.6546302199363708,0.7556880414485931,0.8662704502793208,False,"[{""absolute_escape_q05"": -0.12210876498731323, ""relative_outward_q05"": -0.05747807597731734, ""escape_rate"": 0.04854368932038835, ""compact_radius_q95"": 0.49250490639958355, ""triggered_pairwise_mean"": 0.8234224700796746, ""triggered_pairwise_q05"": 0.7730138344539866, ""all_cluster_clearance_q05"": -0.12210876498731323, ""center_norm_pre_normalization"": 0.9083704174611189}, {""absolute_escape_q05"": -0.11657022064202999, ""relative_outward_q05"": -0.04949214807996306, ""escape_rate"": 0.07766990291262135, ""compact_radius_q95"": 0.5242548618452948, ""triggered_pairwise_mean"": 0.7980290481123663, ""triggered_pairwise_q05"": 0.7426922243057917, ""all_cluster_clearance_q05"": -0.11657022064202999, ""center_norm_pre_normalization"": 0.8944215625407255}, {""absolute_escape_q05"": -0.1279446779148928, ""relative_outward_q05"": -0.058239674356001234, ""escape_rate"": 0.06796116504854369, ""compact_radius_q95"": 0.506430978393045, ""triggered_pairwise_mean"": 0.8094631768024503, ""triggered_pairwise_q05"": 0.7546408239836735, ""all_cluster_clearance_q05"": -0.1279446779148928, ""center_norm_pre_normalization"": 0.9007291763712509}]",26,"10278,10278,10278,10278,10278,10278,10278,10278,10278,10278,10278,10278,10278,10278,10278,10278,10278,10278,10278,10278,10278,10278,10278,10278,10278,10278",26,26,1.0,1.0,True
26,top_escape_concatenation,"22009,28218,470,12638,14575,29713,13938,1327,2349,13293,16715,4259,9428,25637,21762,28516,9603,17541,1349,8182,29061,31344,28684,25661,17385,17335",Nobody NEVER never nobodycheapest Arduino inexpensive nothing 100% farming nowhere constantly Nothingstealing Pokémon Ethereum gardens autism clean consistently Pokemon Strawberry cybersecurity strawberries museums gardening,-0.5796023832863896,9.195252534725963,False,False,-0.09841352074141671,-0.029875262307073713,0.3300970873786408,0.4513136002378992,0.8829005376671638,0.8210357431280904,-0.09841352074141671,False,5.920676037070836,2.4937631153536857,0.6525293817066938,0.1282840005947479,0.6955873012542725,0.7556880414485931,0.9204688483899885,False,"[{""absolute_escape_q05"": -0.07243690730647208, ""relative_outward_q05"": -0.020410269274965517, ""escape_rate"": 0.49514563106796117, ""compact_radius_q95"": 0.3608498268796097, ""triggered_pairwise_mean"": 0.9334852570866561, ""triggered_pairwise_q05"": 0.8851712236519479, ""all_cluster_clearance_q05"": -0.07243690730647208, ""center_norm_pre_normalization"": 0.9665045430365529}, {""absolute_escape_q05"": -0.09841352074141671, ""relative_outward_q05"": -0.029875262307073713, ""escape_rate"": 0.3300970873786408, ""compact_radius_q95"": 0.4394509240681437, ""triggered_pairwise_mean"": 0.8829005376671638, ""triggered_pairwise_q05"": 0.8253124088975882, ""all_cluster_clearance_q05"": -0.09841352074141671, ""center_norm_pre_normalization"": 0.9402326447044832}, {""absolute_escape_q05"": -0.07432102732635203, ""relative_outward_q05"": -0.02761015766591105, ""escape_rate"": 0.39805825242718446, ""compact_radius_q95"": 0.4513136002378992, ""triggered_pairwise_mean"": 0.9009831739703547, ""triggered_pairwise_q05"": 0.8210357431280904, ""all_cluster_clearance_q05"": -0.09123955884377753, ""center_norm_pre_normalization"": 0.9497075881449117}]",26,"22009,28218,470,12638,14575,29713,13938,1327,2349,13293,16715,4259,9428,25637,21762,28516,9603,17541,1349,8182,29061,31344,28684,25661,17385,17335",26,26,1.0,1.0,True
26,top_compact_concatenation,"28487,22893,30450,23737,30332,29184,10278,26398,4534,13864,23138,13179,26371,16793,29768,29061,12743,20910,7030,31926,30664,28684,13753,12729,28788,22640",Latvia cigarettes Kazakhstan socialistlucrarea Minecraft vegan LGBT Obama smartphones Depression $20 Vegan Photoshop Disneyland Pokemon Smartphone Iceland Toronto schizophrenia LGBTQ cybersecurity Birthday Philippines Buddhism Hitler,-0.5626725429341267,17.153481823691283,False,False,-0.16153814223229682,-0.12275786112962285,0.05825242718446602,0.27837653957220704,0.9580624208593836,0.9309144803961079,-0.16153814223229682,False,9.07690711161484,7.1378930564811425,0.9386816555952989,0.0,0.663150954246521,0.7556880414485931,0.8775459156073372,False,"[{""absolute_escape_q05"": -0.15308929482616335, ""relative_outward_q05"": -0.12000674578335076, ""escape_rate"": 0.06796116504854369, ""compact_radius_q95"": 0.27837653957220704, ""triggered_pairwise_mean"": 0.9581442311811458, ""triggered_pairwise_q05"": 0.9309144803961079, ""all_cluster_clearance_q05"": -0.15458750729379633, ""center_norm_pre_normalization"": 0.9790559730337638}, {""absolute_escape_q05"": -0.16153814223229682, ""relative_outward_q05"": -0.12275786112962285, ""escape_rate"": 0.05825242718446602, ""compact_radius_q95"": 0.25199387470783574, ""triggered_pairwise_mean"": 0.959925225951361, ""triggered_pairwise_q05"": 0.9405331017288964, ""all_cluster_clearance_q05"": -0.16153814223229682, ""center_norm_pre_normalization"": 0.9799562754922383}, {""absolute_escape_q05"": -0.15872424924615675, ""relative_outward_q05"": -0.11966456741238557, ""escape_rate"": 0.05825242718446602, ""compact_radius_q95"": 0.27174088395068, ""triggered_pairwise_mean"": 0.9580624208593836, ""triggered_pairwise_q05"": 0.9325561716381806, ""all_cluster_clearance_q05"": -0.15872424924615675, ""center_norm_pre_normalization"": 0.979014597586207}]",26,"28487,22893,30450,23737,30332,29184,10278,26398,4534,13864,23138,13179,26371,16793,29768,29061,12743,20910,7030,31926,30664,28684,13753,12729,28788,22640",26,26,1.0,1.0,True
26,v1_attractor_adjusted,"30332,16145,12743,13525,30332,30332,16145,12743,13525,30332,30332,16145,12743,13525,30332,30332,16145,12743,13525,30332,30332,16145,12743,13525,30332,30332",lucrarea earthquake Smartphoneărălucrarealucrarea earthquake Smartphoneărălucrarealucrarea earthquake Smartphoneărălucrarealucrarea earthquake Smartphoneărălucrarealucrarea earthquake Smartphoneărălucrarealucrarea,-0.7518505049039625,29.512124965342522,False,False,-0.29012416537544017,-0.24011833393141027,0.0,0.22160800559711213,0.9723409668748816,0.9569137844036246,-0.29012416537544017,False,15.506208268772008,13.005916696570512,1.0,0.0,0.598362135887146,0.7556880414485931,0.7918110424774408,False,"[{""absolute_escape_q05"": -0.28619603739224875, ""relative_outward_q05"": -0.23191938592025493, ""escape_rate"": 0.0, ""compact_radius_q95"": 0.2115842886927783, ""triggered_pairwise_mean"": 0.9723409668748816, ""triggered_pairwise_q05"": 0.9569137844036246, ""all_cluster_clearance_q05"": -0.28619603739224875, ""center_norm_pre_normalization"": 0.9862096641269475}, {""absolute_escape_q05"": -0.29012416537544017, ""relative_outward_q05"": -0.23617549990628042, ""escape_rate"": 0.0, ""compact_radius_q95"": 0.20925746351550534, ""triggered_pairwise_mean"": 0.9741802404315194, ""triggered_pairwise_q05"": 0.9596562328488263, ""all_cluster_clearance_q05"": -0.29012416537544017, ""center_norm_pre_normalization"": 0.9871326750663247}, {""absolute_escape_q05"": -0.2849432343780895, ""relative_outward_q05"": -0.24011833393141027, ""escape_rate"": 0.0, ""compact_radius_q95"": 0.22160800559711213, ""triggered_pairwise_mean"": 0.9734871419458644, ""triggered_pairwise_q05"": 0.9574421450690569, ""all_cluster_clearance_q05"": -0.2849432343780895, ""center_norm_pre_normalization"": 0.9867849556675371}]",27,"3,30332,16145,12743,13525,30332,30332,16145,12743,13525,30332,30332,16145,12743,13525,30332,30332,16145,12743,13525,30332,30332,16145,12743,13525,30332,30332",27,27,1.0,1.0,True
26,v2_optimized,"15741,14442,29623,8217,14442,470,26047,16935,16844,8217,16844,11015,29713,25659,470,11225,2703,14728,23579,4730,29477,28218,29657,16844,25015,28218",modular clause Baltic Linux clause never Estonia guarantees incentives Linux incentivesachi Arduino $60 never techniciansBe perfektstandardized campusutilizatorii NEVER Timisoara incentivesdrepturile NEVER,-0.3603800530046667,1.263659728566462,False,False,-0.004486275818135575,0.036510793944145595,0.912621359223301,0.3924045711306767,0.9077278181347566,0.8609836711858229,-0.009336796285172899,False,1.2243137909067787,0.0,0.039345937659683104,0.0,0.7264563202857971,0.7556880414485931,0.9613177401791867,False,"[{""absolute_escape_q05"": 0.012641273907220769, ""relative_outward_q05"": 0.04450693350991203, ""escape_rate"": 0.9805825242718447, ""compact_radius_q95"": 0.3081666343045556, ""triggered_pairwise_mean"": 0.9469945597493932, ""triggered_pairwise_q05"": 0.9110195573749447, ""all_cluster_clearance_q05"": 0.0048211485724661204, ""center_norm_pre_normalization"": 0.973400830136479}, {""absolute_escape_q05"": -0.004486275818135575, ""relative_outward_q05"": 0.036510793944145595, ""escape_rate"": 0.912621359223301, ""compact_radius_q95"": 0.3924045711306767, ""triggered_pairwise_mean"": 0.9077278181347566, ""triggered_pairwise_q05"": 0.8609836711858229, ""all_cluster_clearance_q05"": -0.009336796285172899, ""center_norm_pre_normalization"": 0.9532175328827319}, {""absolute_escape_q05"": 0.0017989181518518402, ""relative_outward_q05"": 0.04329061983862081, ""escape_rate"": 0.9514563106796117, ""compact_radius_q95"": 0.38468113617247074, ""triggered_pairwise_mean"": 0.9222655363751221, ""triggered_pairwise_q05"": 0.8711369131015617, ""all_cluster_clearance_q05"": -0.003059229515776429, ""center_norm_pre_normalization"": 0.9607394237555005}]",26,"15741,14442,29623,8217,14442,470,26047,16935,16844,8217,16844,11015,29713,25659,470,11225,2703,14728,23579,4730,29477,28218,29657,16844,25015,28218",26,26,1.0,1.0,True
28,random_legal,"27963,6837,3357,21775,15687,12638,29184,26982,28747,8773,5430,19144,19684,14044,11448,11894,12256,18907,29768,16085,27864,20220,22093,23087,5626,6502,4971,1821",conţinpreismatanniversaire forgot nobody Minecraft conveyor Telephone courtslag questionnaire (30 profiterextérieur Netflix libraries decay Disneyland journalists Punjab graduat Uganda census smartphone Catholic favor Bei,-0.6603341697873102,13.124252087263562,False,False,-0.12562095275011892,-0.07468000638809348,0.038834951456310676,0.46003321064909775,0.8702517171680066,0.8083305004893032,-0.12863396658015946,False,7.281047637505945,4.734000319404674,0.9591211037301993,0.1500830266227443,0.6729394793510437,0.7556880414485931,0.8904990451629655,False,"[{""absolute_escape_q05"": -0.11201638892051934, ""relative_outward_q05"": -0.06739028347381851, ""escape_rate"": 0.08737864077669903, ""compact_radius_q95"": 0.3906337243223484, ""triggered_pairwise_mean"": 0.9233100596297129, ""triggered_pairwise_q05"": 0.8711629602571767, ""all_cluster_clearance_q05"": -0.11201638892051934, ""center_norm_pre_normalization"": 0.9612775991465459}, {""absolute_escape_q05"": -0.12562095275011892, ""relative_outward_q05"": -0.07468000638809348, ""escape_rate"": 0.038834951456310676, ""compact_radius_q95"": 0.46003321064909775, ""triggered_pairwise_mean"": 0.8702517171680066, ""triggered_pairwise_q05"": 0.8083305004893032, ""all_cluster_clearance_q05"": -0.12863396658015946, ""center_norm_pre_normalization"": 0.9335477543741888}, {""absolute_escape_q05"": -0.11729361335831945, ""relative_outward_q05"": -0.06898091679421463, ""escape_rate"": 0.07766990291262135, ""compact_radius_q95"": 0.4481656652990413, ""triggered_pairwise_mean"": 0.8988127895240309, ""triggered_pairwise_q05"": 0.8252842586897012, ""all_cluster_clearance_q05"": -0.11749989649402295, ""center_norm_pre_normalization"": 0.9485753475980832}]",28,"27963,6837,3357,21775,15687,12638,29184,26982,28747,8773,5430,19144,19684,14044,11448,11894,12256,18907,29768,16085,27864,20220,22093,23087,5626,6502,4971,1821",28,28,1.0,1.0,True
28,frequent_ordinary,"8,5,6,10,11,8,5,6,10,11,8,5,6,10,11,8,5,6,10,11,8,5,6,10,11,8,5,6","the.,: and the.,: and the.,: and the.,: and the.,: and the.,",-0.7835147880022615,11.975354568526587,False,False,-0.12802851142715665,-0.042247397351645136,0.06796116504854369,0.6132388792234597,0.7099876695344834,0.6488679410789502,-0.12802851142715665,False,7.401425571357832,3.112369867582257,0.9284619315278487,0.5330971980586491,0.6415063142776489,0.7556880414485931,0.8489036203986144,False,"[{""absolute_escape_q05"": -0.12490390280031133, ""relative_outward_q05"": -0.03641992952045968, ""escape_rate"": 0.06796116504854369, ""compact_radius_q95"": 0.601664182895881, ""triggered_pairwise_mean"": 0.7199554139516341, ""triggered_pairwise_q05"": 0.6599845060338649, ""all_cluster_clearance_q05"": -0.12490390280031133, ""center_norm_pre_normalization"": 0.8501025196699472}, {""absolute_escape_q05"": -0.12588889888848345, ""relative_outward_q05"": -0.03487590133015872, ""escape_rate"": 0.07766990291262135, ""compact_radius_q95"": 0.6132388792234597, ""triggered_pairwise_mean"": 0.7099876695344834, ""triggered_pairwise_q05"": 0.6488679410789502, ""all_cluster_clearance_q05"": -0.12588889888848345, ""center_norm_pre_normalization"": 0.8442768051823313}, {""absolute_escape_q05"": -0.12802851142715665, ""relative_outward_q05"": -0.042247397351645136, ""escape_rate"": 0.06796116504854369, ""compact_radius_q95"": 0.6008048964010457, ""triggered_pairwise_mean"": 0.7162491152342236, ""triggered_pairwise_q05"": 0.657927668610161, ""all_cluster_clearance_q05"": -0.12802851142715665, ""center_norm_pre_normalization"": 0.8479410230698571}]",28,"8,5,6,10,11,8,5,6,10,11,8,5,6,10,11,8,5,6,10,11,8,5,6,10,11,8,5,6",28,28,1.0,1.0,True
28,natural_phrase,"34,65,8,1504,13,15189,53,8,815,4392,13,8,600,1440,12,8,20,1788,297,13,9388,3,5,34,65,8,1504,13",it has the effect of augmenting the potency of the big countries to the detriment of babies . it has the effect of,-0.6214520532772956,9.570463673971163,False,False,-0.08564731724221261,-0.046616816790032184,0.2524271844660194,0.4891879192450508,0.8368407872585979,0.7810953827416711,-0.08630929990348145,False,5.28236586211063,3.3308408395016094,0.7342871742462953,0.2229697981126269,0.6766452550888061,0.7556880414485931,0.8954028884613969,False,"[{""absolute_escape_q05"": -0.0684368015655036, ""relative_outward_q05"": -0.037097979650320856, ""escape_rate"": 0.44660194174757284, ""compact_radius_q95"": 0.4094289155122533, ""triggered_pairwise_mean"": 0.8877750033702769, ""triggered_pairwise_q05"": 0.8470636826984301, ""all_cluster_clearance_q05"": -0.06946645597567905, ""center_norm_pre_normalization"": 0.9427961428307321}, {""absolute_escape_q05"": -0.08564731724221261, ""relative_outward_q05"": -0.046616816790032184, ""escape_rate"": 0.2524271844660194, ""compact_radius_q95"": 0.4891879192450508, ""triggered_pairwise_mean"": 0.8368407872585979, ""triggered_pairwise_q05"": 0.7810953827416711, ""all_cluster_clearance_q05"": -0.08630929990348145, ""center_norm_pre_normalization"": 0.9156554252285474}, {""absolute_escape_q05"": -0.08427905868505532, ""relative_outward_q05"": -0.04337104525088236, ""escape_rate"": 0.32038834951456313, ""compact_radius_q95"": 0.4863189362159335, ""triggered_pairwise_mean"": 0.8496236256253445, ""triggered_pairwise_q05"": 0.789691131441958, ""all_cluster_clearance_q05"": -0.08427905868505532, ""center_norm_pre_normalization"": 0.9225419182083094}]",28,"34,65,8,1504,13,15189,53,8,815,4392,13,8,600,1440,12,8,20,1788,297,13,9388,3,5,34,65,8,1504,13",28,28,1.0,1.0,True
28,best_single_sticky_repeated,"10278,10278,10278,10278,10278,10278,10278,10278,10278,10278,10278,10278,10278,10278,10278,10278,10278,10278,10278,10278,10278,10278,10278,10278,10278,10278,10278,10278",vegan vegan vegan vegan vegan vegan vegan vegan vegan vegan vegan vegan vegan vegan vegan vegan vegan vegan vegan vegan vegan vegan vegan vegan vegan vegan vegan vegan,-0.7095369925885393,12.70082390701488,False,False,-0.12337374553225966,-0.0652081617887063,0.02912621359223301,0.5209550852675733,0.799766453506454,0.744464811880095,-0.12337374553225966,False,7.1686872766129826,4.260408089435315,0.9693408277976495,0.30238771316893315,0.6543625116348266,0.7556880414485931,0.865916192587177,False,"[{""absolute_escape_q05"": -0.12337374553225966, ""relative_outward_q05"": -0.05868085921103135, ""escape_rate"": 0.02912621359223301, ""compact_radius_q95"": 0.48945899926147174, ""triggered_pairwise_mean"": 0.824930487340434, ""triggered_pairwise_q05"": 0.7747235136143271, ""all_cluster_clearance_q05"": -0.12337374553225966, ""center_norm_pre_normalization"": 0.9091920543824954}, {""absolute_escape_q05"": -0.11623173955742941, ""relative_outward_q05"": -0.05053853842523233, ""escape_rate"": 0.07766990291262135, ""compact_radius_q95"": 0.5209550852675733, ""triggered_pairwise_mean"": 0.799766453506454, ""triggered_pairwise_q05"": 0.744464811880095, ""all_cluster_clearance_q05"": -0.11623173955742941, ""center_norm_pre_normalization"": 0.8953828617286257}, {""absolute_escape_q05"": -0.12283709001555963, ""relative_outward_q05"": -0.0652081617887063, ""escape_rate"": 0.05825242718446602, ""compact_radius_q95"": 0.49776948776625785, ""triggered_pairwise_mean"": 0.8127684047488557, ""triggered_pairwise_q05"": 0.764150386429835, ""all_cluster_clearance_q05"": -0.1228873488092703, ""center_norm_pre_normalization"": 0.9025442856655969}]",28,"10278,10278,10278,10278,10278,10278,10278,10278,10278,10278,10278,10278,10278,10278,10278,10278,10278,10278,10278,10278,10278,10278,10278,10278,10278,10278,10278,10278",28,28,1.0,1.0,True
28,top_escape_concatenation,"22009,28218,470,12638,14575,29713,13938,1327,2349,13293,16715,4259,9428,25637,21762,28516,9603,17541,1349,8182,29061,31344,28684,25661,17385,17335,5839,16844",Nobody NEVER never nobodycheapest Arduino inexpensive nothing 100% farming nowhere constantly Nothingstealing Pokémon Ethereum gardens autism clean consistently Pokemon Strawberry cybersecurity strawberries museums gardening none incentives,-0.5485135947388883,6.864538584835223,False,False,-0.0713611227555685,-0.012508379417602276,0.46601941747572817,0.46464409256571754,0.8859833925915611,0.8276456787072799,-0.07647329953265086,False,4.568056137778425,1.6254189708801137,0.5094532447623914,0.1616102314142938,0.7000911355018615,0.7556880414485931,0.9264287604179142,False,"[{""absolute_escape_q05"": -0.04906865226595643, ""relative_outward_q05"": -0.008556304131381517, ""escape_rate"": 0.5922330097087378, ""compact_radius_q95"": 0.35307842205179935, ""triggered_pairwise_mean"": 0.9389812238651182, ""triggered_pairwise_q05"": 0.8901844983271497, ""all_cluster_clearance_q05"": -0.05485516030150467, ""center_norm_pre_normalization"": 0.9693160679343701}, {""absolute_escape_q05"": -0.0713611227555685, ""relative_outward_q05"": -0.012508379417602276, ""escape_rate"": 0.46601941747572817, ""compact_radius_q95"": 0.434328234349137, ""triggered_pairwise_mean"": 0.8859833925915611, ""triggered_pairwise_q05"": 0.8276456787072799, ""all_cluster_clearance_q05"": -0.0713611227555685, ""center_norm_pre_normalization"": 0.9418547395710015}, {""absolute_escape_q05"": -0.06696548911596732, ""relative_outward_q05"": -0.012320924218308858, ""escape_rate"": 0.49514563106796117, ""compact_radius_q95"": 0.46464409256571754, ""triggered_pairwise_mean"": 0.904065461879558, ""triggered_pairwise_q05"": 0.829782907610108, ""all_cluster_clearance_q05"": -0.07647329953265086, ""center_norm_pre_normalization"": 0.9513132321582961}]",28,"22009,28218,470,12638,14575,29713,13938,1327,2349,13293,16715,4259,9428,25637,21762,28516,9603,17541,1349,8182,29061,31344,28684,25661,17385,17335,5839,16844",28,28,1.0,1.0,True
28,top_compact_concatenation,"28487,22893,30450,23737,30332,29184,10278,26398,4534,13864,23138,13179,26371,16793,29768,29061,12743,20910,7030,31926,30664,28684,13753,12729,28788,22640,18116,8817",Latvia cigarettes Kazakhstan socialistlucrarea Minecraft vegan LGBT Obama smartphones Depression $20 Vegan Photoshop Disneyland Pokemon Smartphone Iceland Toronto schizophrenia LGBTQ cybersecurity Birthday Philippines Buddhism Hitler Youtube Halloween,-0.548859350349039,17.20830074378073,False,False,-0.1627985241707575,-0.12259385759295113,0.05825242718446602,0.26346696858533036,0.9613641500781721,0.9346611516708179,-0.1627985241707575,False,9.139926208537874,7.129692879647556,0.9386816555952989,0.0,0.6649752855300903,0.7556880414485931,0.8799600484022299,False,"[{""absolute_escape_q05"": -0.15504355833160016, ""relative_outward_q05"": -0.12027243926578533, ""escape_rate"": 0.05825242718446602, ""compact_radius_q95"": 0.260195182699533, ""triggered_pairwise_mean"": 0.9621625737494056, ""triggered_pairwise_q05"": 0.9377381559372117, ""all_cluster_clearance_q05"": -0.15576513136712486, ""center_norm_pre_normalization"": 0.9810860960547199}, {""absolute_escape_q05"": -0.1627985241707575, ""relative_outward_q05"": -0.12259385759295113, ""escape_rate"": 0.05825242718446602, ""compact_radius_q95"": 0.2449306603699682, ""triggered_pairwise_mean"": 0.9621607421270122, ""triggered_pairwise_q05"": 0.9432453890167933, ""all_cluster_clearance_q05"": -0.1627985241707575, ""center_norm_pre_normalization"": 0.9810851716532002}, {""absolute_escape_q05"": -0.15970801659311562, ""relative_outward_q05"": -0.11807124319153785, ""escape_rate"": 0.05825242718446602, ""compact_radius_q95"": 0.26346696858533036, ""triggered_pairwise_mean"": 0.9613641500781721, ""triggered_pairwise_q05"": 0.9346611516708179, ""all_cluster_clearance_q05"": -0.15970801659311562, ""center_norm_pre_normalization"": 0.9806830557568762}]",28,"28487,22893,30450,23737,30332,29184,10278,26398,4534,13864,23138,13179,26371,16793,29768,29061,12743,20910,7030,31926,30664,28684,13753,12729,28788,22640,18116,8817",28,28,1.0,1.0,True
28,v1_attractor_adjusted,"30332,16145,12743,13525,30332,30332,16145,12743,13525,30332,30332,16145,12743,13525,30332,30332,16145,12743,13525,30332,30332,16145,12743,13525,30332,30332,16145,12743",lucrarea earthquake Smartphoneărălucrarealucrarea earthquake Smartphoneărălucrarealucrarea earthquake Smartphoneărălucrarealucrarea earthquake Smartphoneărălucrarealucrarea earthquake Smartphoneărălucrarealucrarea earthquake Smartphone,-0.7182160872163698,28.486335275063624,False,False,-0.28180249405393726,-0.22792421144733527,0.0,0.20848938171509723,0.9731532724431022,0.9584866623956816,-0.28180249405393726,False,15.090124702696864,12.396210572366762,1.0,0.0,0.6030074238777161,0.7556880414485931,0.7979581398718437,False,"[{""absolute_escape_q05"": -0.28180249405393726, ""relative_outward_q05"": -0.22792421144733527, ""escape_rate"": 0.0, ""compact_radius_q95"": 0.20848938171509723, ""triggered_pairwise_mean"": 0.9731532724431022, ""triggered_pairwise_q05"": 0.9584866623956816, ""all_cluster_clearance_q05"": -0.28180249405393726, ""center_norm_pre_normalization"": 0.9866174135471715}, {""absolute_escape_q05"": -0.2795819146328374, ""relative_outward_q05"": -0.22678314435145477, ""escape_rate"": 0.0, ""compact_radius_q95"": 0.2010124866074046, ""triggered_pairwise_mean"": 0.9759205220633663, ""triggered_pairwise_q05"": 0.9625631179873118, ""all_cluster_clearance_q05"": -0.2795819146328374, ""center_norm_pre_normalization"": 0.9880052144835516}, {""absolute_escape_q05"": -0.28041523679238184, ""relative_outward_q05"": -0.22596655507247138, ""escape_rate"": 0.0, ""compact_radius_q95"": 0.2067085915326793, ""triggered_pairwise_mean"": 0.9741457267874819, ""triggered_pairwise_q05"": 0.9599889134528271, ""all_cluster_clearance_q05"": -0.28041523679238184, ""center_norm_pre_normalization"": 0.9871153628613543}]",29,"3,30332,16145,12743,13525,30332,30332,16145,12743,13525,30332,30332,16145,12743,13525,30332,30332,16145,12743,13525,30332,30332,16145,12743,13525,30332,30332,16145,12743",29,29,1.0,1.0,True
28,v2_optimized,"9777,15741,14442,29623,8217,14442,470,26047,16935,16844,8217,16844,11015,29713,25659,470,11225,2703,14728,23579,4730,29477,28218,20577,29657,16844,25015,28218",Massachusetts modular clause Baltic Linux clause never Estonia guarantees incentives Linux incentivesachi Arduino $60 never techniciansBe perfektstandardized campusutilizatorii NEVERälfte Timisoara incentivesdrepturile NEVER,-0.39616926770475247,1.9588263359928362,False,False,-0.016513566038588997,0.025162019879477318,0.8349514563106796,0.4048177215456408,0.9048938684883989,0.8579014661624101,-0.021363200881403553,False,1.8256783019294498,0.0,0.12110373019928462,0.01204430386410188,0.71954425573349,0.7556880414485931,0.9521710233156285,False,"[{""absolute_escape_q05"": 0.0017152280342899349, ""relative_outward_q05"": 0.03634288387448095, ""escape_rate"": 0.9514563106796117, ""compact_radius_q95"": 0.3230412383995216, ""triggered_pairwise_mean"": 0.9467906994579312, ""triggered_pairwise_q05"": 0.9081208795401218, ""all_cluster_clearance_q05"": -5.283335906641728e-05, ""center_norm_pre_normalization"": 0.9732971258055171}, {""absolute_escape_q05"": -0.016513566038588997, ""relative_outward_q05"": 0.02669643955027709, ""escape_rate"": 0.8349514563106796, ""compact_radius_q95"": 0.3880953183671091, ""triggered_pairwise_mean"": 0.9048938684883989, ""triggered_pairwise_q05"": 0.8579014661624101, ""all_cluster_clearance_q05"": -0.021363200881403553, ""center_norm_pre_normalization"": 0.9517443088793813}, {""absolute_escape_q05"": -0.006382104328826987, ""relative_outward_q05"": 0.025162019879477318, ""escape_rate"": 0.8932038834951457, ""compact_radius_q95"": 0.4048177215456408, ""triggered_pairwise_mean"": 0.9207846645621609, ""triggered_pairwise_q05"": 0.863387217994452, ""all_cluster_clearance_q05"": -0.006794364031115185, ""center_norm_pre_normalization"": 0.9599759090512541}]",28,"9777,15741,14442,29623,8217,14442,470,26047,16935,16844,8217,16844,11015,29713,25659,470,11225,2703,14728,23579,4730,29477,28218,20577,29657,16844,25015,28218",28,28,1.0,1.0,True
30,random_legal,"22006,27598,9927,8229,4971,4526,6027,12557,23815,19219,18862,29373,23138,30775,28466,15202,10412,19856,10151,1732,19705,31926,28949,7609,30705,11072,7190,5308,31334,8554",harbor 1936 slight ALL favor degrees Officer BucureștiKM Bücher Southeast Kolkata Depression Phuket Moral controversial meditation CBSnächst® Gutschein schizophrenia archaeological personsTraditionally maximize Britain ItalyVaccin Gro,-0.7010559972186826,13.293385321994128,False,False,-0.116128915738555,-0.08645009734538237,0.07766990291262135,0.4984769841347453,0.8399579546393453,0.7776020628311943,-0.11816778246900717,False,6.806445786927749,5.322504867269118,0.9182422074603986,0.24619246033686315,0.6735442042350769,0.7556880414485931,0.8912992760133492,False,"[{""absolute_escape_q05"": -0.116128915738555, ""relative_outward_q05"": -0.08645009734538237, ""escape_rate"": 0.13592233009708737, ""compact_radius_q95"": 0.38877315565361215, ""triggered_pairwise_mean"": 0.9191327550100877, ""triggered_pairwise_q05"": 0.8691651049955677, ""all_cluster_clearance_q05"": -0.11657586384656028, ""center_norm_pre_normalization"": 0.959123492764464}, {""absolute_escape_q05"": -0.11233950035827522, ""relative_outward_q05"": -0.0744567245310515, ""escape_rate"": 0.07766990291262135, ""compact_radius_q95"": 0.4984769841347453, ""triggered_pairwise_mean"": 0.8399579546393453, ""triggered_pairwise_q05"": 0.7776020628311943, ""all_cluster_clearance_q05"": -0.11649847291259884, ""center_norm_pre_normalization"": 0.9173395016335316}, {""absolute_escape_q05"": -0.11125630524352073, ""relative_outward_q05"": -0.0791087120955693, ""escape_rate"": 0.1262135922330097, ""compact_radius_q95"": 0.48181506472783514, ""triggered_pairwise_mean"": 0.8829728618991964, ""triggered_pairwise_q05"": 0.8098656287772891, ""all_cluster_clearance_q05"": -0.11816778246900717, ""center_norm_pre_normalization"": 0.9402707312521336}]",30,"22006,27598,9927,8229,4971,4526,6027,12557,23815,19219,18862,29373,23138,30775,28466,15202,10412,19856,10151,1732,19705,31926,28949,7609,30705,11072,7190,5308,31334,8554",30,30,1.0,1.0,True
30,frequent_ordinary,"8,5,6,10,11,8,5,6,10,11,8,5,6,10,11,8,5,6,10,11,8,5,6,10,11,8,5,6,10,11","the.,: and the.,: and the.,: and the.,: and the.,: and the.,: and",-0.7836597935797716,12.245889267327634,False,False,-0.1328941612567273,-0.043069582992753895,0.06796116504854369,0.6076960493302904,0.71376070954962,0.6536024639427049,-0.1328941612567273,False,7.644708062836364,3.1534791496376946,0.9284619315278487,0.519240123325726,0.6369396567344665,0.7556880414485931,0.8428605744686716,False,"[{""absolute_escape_q05"": -0.1328941612567273, ""relative_outward_q05"": -0.043069582992753895, ""escape_rate"": 0.06796116504854369, ""compact_radius_q95"": 0.5885924966282047, ""triggered_pairwise_mean"": 0.7311376183319626, ""triggered_pairwise_q05"": 0.6735716241394774, ""all_cluster_clearance_q05"": -0.1328941612567273, ""center_norm_pre_normalization"": 0.8565908784734817}, {""absolute_escape_q05"": -0.12624284082574136, ""relative_outward_q05"": -0.0376197277744205, ""escape_rate"": 0.06796116504854369, ""compact_radius_q95"": 0.6076960493302904, ""triggered_pairwise_mean"": 0.71376070954962, ""triggered_pairwise_q05"": 0.6536024639427049, ""all_cluster_clearance_q05"": -0.12624284082574136, ""center_norm_pre_normalization"": 0.8464866993675787}, {""absolute_escape_q05"": -0.12824396104321617, ""relative_outward_q05"": -0.03968938460690915, ""escape_rate"": 0.08737864077669903, ""compact_radius_q95"": 0.6025440542451038, ""triggered_pairwise_mean"": 0.7199265006488171, ""triggered_pairwise_q05"": 0.6602822825167646, ""all_cluster_clearance_q05"": -0.12824396104321617, ""center_norm_pre_normalization"": 0.8500856787967722}]",30,"8,5,6,10,11,8,5,6,10,11,8,5,6,10,11,8,5,6,10,11,8,5,6,10,11,8,5,6,10,11",30,30,1.0,1.0,True
30,natural_phrase,"34,65,8,1504,13,15189,53,8,815,4392,13,8,600,1440,12,8,20,1788,297,13,9388,3,5,34,65,8,1504,13,15189,53",it has the effect of augmenting the potency of the big countries to the detriment of babies . it has the effect of augmenting,-0.6205936303714796,10.248172202781245,False,False,-0.09365662696707416,-0.051844474764904794,0.20388349514563106,0.4750925286395007,0.8448833138466978,0.7891670756093219,-0.09529945830497348,False,5.682831348353708,3.5922237382452398,0.7853857945835462,0.18773132159875167,0.6778639197349549,0.7556880414485931,0.8970155441861225,False,"[{""absolute_escape_q05"": -0.07267425163159767, ""relative_outward_q05"": -0.04141590258871679, ""escape_rate"": 0.4368932038834951, ""compact_radius_q95"": 0.4101305066572982, ""triggered_pairwise_mean"": 0.891269969318722, ""triggered_pairwise_q05"": 0.8481906653134726, ""all_cluster_clearance_q05"": -0.07790861263756367, ""center_norm_pre_normalization"": 0.9446298752154426}, {""absolute_escape_q05"": -0.08824033633533279, ""relative_outward_q05"": -0.051844474764904794, ""escape_rate"": 0.20388349514563106, ""compact_radius_q95"": 0.4750925286395007, ""triggered_pairwise_mean"": 0.8448833138466978, ""triggered_pairwise_q05"": 0.7891670756093219, ""all_cluster_clearance_q05"": -0.09082060232661565, ""center_norm_pre_normalization"": 0.9199941856505123}, {""absolute_escape_q05"": -0.09365662696707416, ""relative_outward_q05"": -0.04360834848817173, ""escape_rate"": 0.22330097087378642, ""compact_radius_q95"": 0.47268030320387583, ""triggered_pairwise_mean"": 0.8597552158641201, ""triggered_pairwise_q05"": 0.7976304945491175, ""all_cluster_clearance_q05"": -0.09529945830497348, ""center_norm_pre_normalization"": 0.9279638011048754}]",30,"34,65,8,1504,13,15189,53,8,815,4392,13,8,600,1440,12,8,20,1788,297,13,9388,3,5,34,65,8,1504,13,15189,53",30,30,1.0,1.0,True
30,best_single_sticky_repeated,"10278,10278,10278,10278,10278,10278,10278,10278,10278,10278,10278,10278,10278,10278,10278,10278,10278,10278,10278,10278,10278,10278,10278,10278,10278,10278,10278,10278,10278,10278",vegan vegan vegan vegan vegan vegan vegan vegan vegan vegan vegan vegan vegan vegan vegan vegan vegan vegan vegan vegan vegan vegan vegan vegan vegan vegan vegan vegan vegan vegan,-0.71088232113334,12.927486722725266,False,False,-0.12982559686931763,-0.06345735243793012,0.02912621359223301,0.5175993718260923,0.8020981945044219,0.7470293085761917,-0.1302438382689523,False,7.491279843465881,4.172867621896506,0.9693408277976495,0.29399842956523065,0.6524746060371399,0.7556880414485931,0.8634179320694273,False,"[{""absolute_escape_q05"": -0.12607747502479422, ""relative_outward_q05"": -0.06007157491167331, ""escape_rate"": 0.02912621359223301, ""compact_radius_q95"": 0.4877460058137344, ""triggered_pairwise_mean"": 0.8264427138464298, ""triggered_pairwise_q05"": 0.7765251945802824, ""all_cluster_clearance_q05"": -0.12607747502479422, ""center_norm_pre_normalization"": 0.9100152397283696}, {""absolute_escape_q05"": -0.11630551597240218, ""relative_outward_q05"": -0.052496190394926034, ""escape_rate"": 0.07766990291262135, ""compact_radius_q95"": 0.5175993718260923, ""triggered_pairwise_mean"": 0.8020981945044219, ""triggered_pairwise_q05"": 0.7470293085761917, ""all_cluster_clearance_q05"": -0.11630551597240218, ""center_norm_pre_normalization"": 0.8966713845245886}, {""absolute_escape_q05"": -0.12982559686931763, ""relative_outward_q05"": -0.06345735243793012, ""escape_rate"": 0.038834951456310676, ""compact_radius_q95"": 0.48741034458114013, ""triggered_pairwise_mean"": 0.8166093865616937, ""triggered_pairwise_q05"": 0.7649162873698616, ""all_cluster_clearance_q05"": -0.1302438382689523, ""center_norm_pre_normalization"": 0.9046490360082435}]",30,"10278,10278,10278,10278,10278,10278,10278,10278,10278,10278,10278,10278,10278,10278,10278,10278,10278,10278,10278,10278,10278,10278,10278,10278,10278,10278,10278,10278,10278,10278",30,30,1.0,1.0,True
30,top_escape_concatenation,"22009,28218,470,12638,14575,29713,13938,1327,2349,13293,16715,4259,9428,25637,21762,28516,9603,17541,1349,8182,29061,31344,28684,25661,17385,17335,5839,16844,373,27777",Nobody NEVER never nobodycheapest Arduino inexpensive nothing 100% farming nowhere constantly Nothingstealing Pokémon Ethereum gardens autism clean consistently Pokemon Strawberry cybersecurity strawberries museums gardening none incentives always Autism,-0.592599905856041,8.593321986302174,False,False,-0.0869963215148839,-0.028796767668804055,0.36893203883495146,0.4768068166723531,0.888110716047394,0.8248860878240458,-0.0869963215148839,False,5.3498160757441955,2.439838383440203,0.6116504854368932,0.19201704168088266,0.6969014644622803,0.7556880414485931,0.9222078771107404,False,"[{""absolute_escape_q05"": -0.05912363661080736, ""relative_outward_q05"": -0.01642011143386187, ""escape_rate"": 0.5242718446601942, ""compact_radius_q95"": 0.3582188263805495, ""triggered_pairwise_mean"": 0.9372718544354468, ""triggered_pairwise_q05"": 0.8888765615490536, ""all_cluster_clearance_q05"": -0.06462459359577656, ""center_norm_pre_normalization"": 0.9684424949869964}, {""absolute_escape_q05"": -0.0869963215148839, ""relative_outward_q05"": -0.022844548259487073, ""escape_rate"": 0.36893203883495146, ""compact_radius_q95"": 0.4434610480180109, ""triggered_pairwise_mean"": 0.888110716047394, ""triggered_pairwise_q05"": 0.829520259180797, ""all_cluster_clearance_q05"": -0.0869963215148839, ""center_norm_pre_normalization"": 0.9429724388115146}, {""absolute_escape_q05"": -0.07137444129024081, ""relative_outward_q05"": -0.028796767668804055, ""escape_rate"": 0.42718446601941745, ""compact_radius_q95"": 0.4768068166723531, ""triggered_pairwise_mean"": 0.9009197844157874, ""triggered_pairwise_q05"": 0.8248860878240458, ""all_cluster_clearance_q05"": -0.07766304024203732, ""center_norm_pre_normalization"": 0.9496745383104399}]",30,"22009,28218,470,12638,14575,29713,13938,1327,2349,13293,16715,4259,9428,25637,21762,28516,9603,17541,1349,8182,29061,31344,28684,25661,17385,17335,5839,16844,373,27777",30,30,1.0,1.0,True
30,top_compact_concatenation,"28487,22893,30450,23737,30332,29184,10278,26398,4534,13864,23138,13179,26371,16793,29768,29061,12743,20910,7030,31926,30664,28684,13753,12729,28788,22640,18116,8817,6205,31330",Latvia cigarettes Kazakhstan socialistlucrarea Minecraft vegan LGBT Obama smartphones Depression $20 Vegan Photoshop Disneyland Pokemon Smartphone Iceland Toronto schizophrenia LGBTQ cybersecurity Birthday Philippines Buddhism Hitler Youtube Halloween vegetables homosexual,-0.5464495306764163,17.181048109045737,False,False,-0.16120847367426,-0.12363885539474875,0.05825242718446602,0.2616022016074076,0.9648869307292203,0.9414228179294598,-0.16120847367426,False,9.060423683713,7.181942769737437,0.9386816555952989,0.0,0.6667707920074463,0.7556880414485931,0.8823360374067853,False,"[{""absolute_escape_q05"": -0.15320077937787385, ""relative_outward_q05"": -0.11970018157521144, ""escape_rate"": 0.05825242718446602, ""compact_radius_q95"": 0.24839222788796664, ""triggered_pairwise_mean"": 0.967199949700123, ""triggered_pairwise_q05"": 0.9457240802396545, ""all_cluster_clearance_q05"": -0.15320077937787385, ""center_norm_pre_normalization"": 0.9836251303785296}, {""absolute_escape_q05"": -0.16120847367426, ""relative_outward_q05"": -0.12161371401705706, ""escape_rate"": 0.05825242718446602, ""compact_radius_q95"": 0.2341604114794128, ""triggered_pairwise_mean"": 0.9649295101206334, ""triggered_pairwise_q05"": 0.9469024580319567, ""all_cluster_clearance_q05"": -0.16120847367426, ""center_norm_pre_normalization"": 0.9824815523573708}, {""absolute_escape_q05"": -0.1606868784214298, ""relative_outward_q05"": -0.12363885539474875, ""escape_rate"": 0.07766990291262135, ""compact_radius_q95"": 0.2616022016074076, ""triggered_pairwise_mean"": 0.9648869307292203, ""triggered_pairwise_q05"": 0.9414228179294598, ""all_cluster_clearance_q05"": -0.16070308358232502, ""center_norm_pre_normalization"": 0.9824600932215841}]",30,"28487,22893,30450,23737,30332,29184,10278,26398,4534,13864,23138,13179,26371,16793,29768,29061,12743,20910,7030,31926,30664,28684,13753,12729,28788,22640,18116,8817,6205,31330",30,30,1.0,1.0,True
30,v1_attractor_adjusted,"30332,16145,12743,13525,30332,30332,16145,12743,13525,30332,30332,16145,12743,13525,30332,30332,16145,12743,13525,30332,30332,16145,12743,13525,30332,30332,16145,12743,13525,30332",lucrarea earthquake Smartphoneărălucrarealucrarea earthquake Smartphoneărălucrarealucrarea earthquake Smartphoneărălucrarealucrarea earthquake Smartphoneărălucrarealucrarea earthquake Smartphoneărălucrarealucrarea earthquake Smartphoneărălucrarea,-0.7142845398623194,28.8379238608613,False,False,-0.28460640531044396,-0.23215207190678203,0.0,0.19752606264509348,0.9758562467084818,0.9624582271257395,-0.28460640531044396,False,15.230320265522199,12.6076035953391,1.0,0.0,0.602881109714508,0.7556880414485931,0.7977909886715072,False,"[{""absolute_escape_q05"": -0.2830651331628165, ""relative_outward_q05"": -0.22826911267878278, ""escape_rate"": 0.0, ""compact_radius_q95"": 0.19752606264509348, ""triggered_pairwise_mean"": 0.9758562467084818, ""triggered_pairwise_q05"": 0.9624582271257395, ""all_cluster_clearance_q05"": -0.2830651331628165, ""center_norm_pre_normalization"": 0.987973001927474}, {""absolute_escape_q05"": -0.28460640531044396, ""relative_outward_q05"": -0.23215207190678203, ""escape_rate"": 0.0, ""compact_radius_q95"": 0.19516664800336384, ""triggered_pairwise_mean"": 0.9775326932180377, ""triggered_pairwise_q05"": 0.965018057108066, ""all_cluster_clearance_q05"": -0.28460640531044396, ""center_norm_pre_normalization"": 0.9888128351396959}, {""absolute_escape_q05"": -0.28099803897348063, ""relative_outward_q05"": -0.22968779299868222, ""escape_rate"": 0.0, ""compact_radius_q95"": 0.1945091261795972, ""triggered_pairwise_mean"": 0.9767943105185489, ""triggered_pairwise_q05"": 0.963342128468645, ""all_cluster_clearance_q05"": -0.2835991308336987, ""center_norm_pre_normalization"": 0.9884430225649958}]",31,"3,30332,16145,12743,13525,30332,30332,16145,12743,13525,30332,30332,16145,12743,13525,30332,30332,16145,12743,13525,30332,30332,16145,12743,13525,30332,30332,16145,12743,13525,30332",31,31,1.0,1.0,True
30,v2_optimized,"9777,15741,14442,29623,8217,14442,470,26047,16935,16844,8217,16844,11015,29713,25659,470,11225,2703,14728,23579,4730,29477,28218,20577,29657,5,16844,25015,28218,4468",Massachusetts modular clause Baltic Linux clause never Estonia guarantees incentives Linux incentivesachi Arduino $60 never techniciansBe perfektstandardized campusutilizatorii NEVERälfte Timisoara. incentivesdrepturile NEVER conducted,-0.37058348696286003,1.6824214982313774,False,False,-0.012043933286037867,0.037772741753902425,0.8737864077669902,0.3963122954307246,0.9056000837540865,0.8541934663339117,-0.016365478633889353,False,1.6021966643018934,0.0,0.08022483392948392,0.0,0.7175875663757324,0.7556880414485931,0.949581741428877,False,"[{""absolute_escape_q05"": 0.00627030327410391, ""relative_outward_q05"": 0.03797232235146638, ""escape_rate"": 0.970873786407767, ""compact_radius_q95"": 0.34198446489202317, ""triggered_pairwise_mean"": 0.9480228222353048, ""triggered_pairwise_q05"": 0.9062346741522718, ""all_cluster_clearance_q05"": 0.0026234599860853985, ""center_norm_pre_normalization"": 0.9739237421317275}, {""absolute_escape_q05"": -0.012043933286037867, ""relative_outward_q05"": 0.037772741753902425, ""escape_rate"": 0.8737864077669902, ""compact_radius_q95"": 0.39316045548450607, ""triggered_pairwise_mean"": 0.9056000837540865, ""triggered_pairwise_q05"": 0.8541934663339117, ""all_cluster_clearance_q05"": -0.016365478633889353, ""center_norm_pre_normalization"": 0.9521116469210534}, {""absolute_escape_q05"": 0.00046559716344331075, ""relative_outward_q05"": 0.04063118979914602, ""escape_rate"": 0.9514563106796117, ""compact_radius_q95"": 0.3963122954307246, ""triggered_pairwise_mean"": 0.9244984529800132, ""triggered_pairwise_q05"": 0.869085114757253, ""all_cluster_clearance_q05"": -0.000503106773777828, ""center_norm_pre_normalization"": 0.9618895353279104}]",30,"9777,15741,14442,29623,8217,14442,470,26047,16935,16844,8217,16844,11015,29713,25659,470,11225,2703,14728,23579,4730,29477,28218,20577,29657,5,16844,25015,28218,4468",30,30,1.0,1.0,True
