rank,pool_sequence,component_token_ids,trigger,objective,constraint_violation,feasible,low_gain_mean,low_positive_gain,low_gain_q10,low_coverage,high_gain_q05,high_gain_mean,global_drop_rate,range_ratio,spearman,violation_low_gain,violation_low_coverage,violation_high_tail,violation_drop_rate,violation_range,violation_rank
1,"0,13,100,26,82","30332,28688,14338,15157,16771",lucrarea piston surroundings sporting posture,0.14029673039913176,0.0,True,0.09029673039913177,0.09029673039913177,0.06039024591445923,1.0,-0.01962292194366455,-0.004495369891325633,0.020833333333333332,0.7370379498677869,0.976470588235294,0.0,0.0,0.0,0.0,0.0,0.0
2,"0,129,100,26,82","30332,17,14338,15157,16771",lucrareat surroundings sporting posture,0.13985007802645366,0.0,True,0.08985007802645366,0.08985007802645366,0.05487797856330872,1.0,-0.019601312279701234,-0.005012092490990956,0.020833333333333332,0.7348951075562342,0.9676470588235294,0.0,0.0,0.0,0.0,0.0,0.0
3,"0,129,77,26,90","30332,17,6177,15157,23060",lucrareat tie sporting răspunde,0.1357944389184316,0.0,True,0.0857944389184316,0.0857944389184316,0.05703354477882385,1.0,-0.01972353458404541,-0.0035352781414985657,0.020833333333333332,0.7226301700866129,0.9588235294117649,0.0,0.0,0.0,0.0,0.0,0.0
4,"0,129,114,26,82","30332,17,21415,15157,16771",lucrareatRAL sporting posture,0.1355366090933482,0.0,True,0.08553660909334819,0.08553660909334819,0.05695081353187561,1.0,-0.018307724595069883,-0.0019106616576512654,0.020833333333333332,0.7588869755464649,0.9794117647058824,0.0,0.0,0.0,0.0,0.0,0.0
5,"0,129,105,26,82","30332,17,10924,15157,16771",lucrareatissent sporting posture,0.13548503617445629,0.0,True,0.08548503617445628,0.08548503617445628,0.05593028664588928,1.0,-0.017806541919708253,-0.0027213245630264282,0.020833333333333332,0.7523806421549054,0.9794117647058824,0.0,0.0,0.0,0.0,0.0,0.0
6,"0,41,100,26,169","30332,3852,14338,15157,680",lucrarea rep surroundings sporting sie,0.13525356153647106,0.0,True,0.08525356153647105,0.08525356153647105,0.05777214765548706,1.0,-0.01805943250656128,-0.001055978238582611,0.0,0.7551944107793436,0.976470588235294,0.0,0.0,0.0,0.0,0.0,0.0
7,"0,129,41,26,180","30332,17,3852,15157,31797",lucrareat rep sportingscrisă,0.1352230762441953,0.0,True,0.0852230762441953,0.0852230762441953,0.05654457211494446,1.0,-0.019532203674316406,-0.00040810803572336834,0.020833333333333332,0.7572872346543167,0.9794117647058824,0.0,0.0,0.0,0.0,0.0,0.0
8,"0,41,100,26,158","30332,3852,14338,15157,17319",lucrarea rep surroundings sportingenţă,0.13478816350301107,0.0,True,0.08478816350301106,0.08478816350301106,0.059130299091339114,1.0,-0.018702769279479982,-0.0015519460042317708,0.020833333333333332,0.7634692200975622,0.9735294117647059,0.0,0.0,0.0,0.0,0.0,0.0
9,"0,165,100,26,169","30332,13114,14338,15157,680",lucrarea-> surroundings sporting sie,0.1346246232589086,0.0,True,0.08462462325890859,0.08462462325890859,0.05398561954498291,1.0,-0.0197998970746994,-0.0019072368741035461,0.041666666666666664,0.7518348391224142,0.976470588235294,0.0,0.0,0.0,0.0,0.0,0.0
10,"0,13,134,26,90","30332,28688,28448,15157,23060",lucrarea piston senzati sporting răspunde,0.1346120739976565,0.0,True,0.08461207399765651,0.08461207399765651,0.055217128992080686,1.0,-0.01869661211967468,-0.002346860865751902,0.020833333333333332,0.7579158614251564,0.9529411764705882,0.0,0.0,0.0,0.0,0.0,0.0
11,"0,13,100,26,159","30332,28688,14338,15157,3077",lucrarea piston surroundings sportingige,0.1343045189976692,0.0,True,0.08430451899766922,0.08430451899766922,0.05334707498550415,1.0,-0.018093013763427732,0.00020671884218851724,0.020833333333333332,0.7836144541857751,0.9705882352941176,0.0,0.0,0.0,0.0,0.0,0.0
12,"0,136,46,26,82","30332,2824,18927,15157,16771",lucrarea.... rar sporting posture,0.13409111946821212,0.0,True,0.08409111946821213,0.08409111946821213,0.0542631208896637,1.0,-0.01864027976989746,-0.00413660208384196,0.020833333333333332,0.768670211234496,0.976470588235294,0.0,0.0,0.0,0.0,0.0,0.0
13,"0,187,114,26,82","30332,20719,21415,15157,16771",lucrarea apărutRAL sporting posture,0.1340156078338623,0.0,True,0.0840156078338623,0.0840156078338623,0.05846937894821167,1.0,-0.01927102208137512,-0.0028075873851776123,0.020833333333333332,0.7638479862523401,0.9794117647058824,0.0,0.0,0.0,0.0,0.0,0.0
14,"0,13,35,26,158","30332,28688,14797,15157,17319",lucrarea pistongraphic sportingenţă,0.1337869793176651,0.0,True,0.0837869793176651,0.0837869793176651,0.061036378145217896,1.0,-0.019432872533798218,0.00016179184118906656,0.020833333333333332,0.7842560486994319,0.976470588235294,0.0,0.0,0.0,0.0,0.0,0.0
15,"0,129,100,26,141","30332,17,14338,15157,25205",lucrareat surroundings sportingizeze,0.13378296593825023,0.0,True,0.08378296593825023,0.08378296593825023,0.05755763649940491,1.0,-0.01855376362800598,8.307397365570068e-06,0.020833333333333332,0.7848779600320273,0.976470588235294,0.0,0.0,0.0,0.0,0.0,0.0
16,"0,133,157,26,82","30332,121,27499,15157,16771","lucrarea""izant sporting posture",0.13368410915136336,0.0,True,0.08368410915136337,0.08368410915136337,0.06017414331436157,1.0,-0.01964752972126007,-0.003789919118086497,0.020833333333333332,0.7685998149163469,0.9794117647058824,0.0,0.0,0.0,0.0,0.0,0.0
17,"0,13,100,26,169","30332,28688,14338,15157,680",lucrarea piston surroundings sporting sie,0.13360085139671962,0.0,True,0.08360085139671962,0.08360085139671962,0.05282484889030457,1.0,-0.019800209999084474,-0.0004907722274462382,0.020833333333333332,0.7545118289357119,0.9794117647058824,0.0,0.0,0.0,0.0,0.0,0.0
18,"0,13,100,26,141","30332,28688,14338,15157,25205",lucrarea piston surroundings sportingizeze,0.13355645090341567,0.0,True,0.08355645090341568,0.08355645090341568,0.05491412281990051,1.0,-0.019208645820617674,-0.00018105655908584595,0.020833333333333332,0.7965140391639727,0.9735294117647059,0.0,0.0,0.0,0.0,0.0,0.0
19,"0,129,41,26,158","30332,17,3852,15157,17319",lucrareat rep sportingenţă,0.13348740637302398,0.0,True,0.08348740637302399,0.08348740637302399,0.06024491786956787,1.0,-0.019383978843688966,-0.0002468427022298177,0.020833333333333332,0.7633314378301322,0.9823529411764707,0.0,0.0,0.0,0.0,0.0,0.0
20,"0,169,100,26,158","30332,680,14338,15157,17319",lucrarea sie surroundings sportingenţă,0.13345958838860195,0.0,True,0.08345958838860194,0.08345958838860194,0.05365074276924133,1.0,-0.019894346594810486,-0.001448504626750946,0.041666666666666664,0.7904050744630178,0.961764705882353,0.0,0.0,0.0,0.0,0.0,0.0
21,"0,129,112,26,169","30332,17,21711,15157,680",lucrareat bilden sporting sie,0.1333939736088117,0.0,True,0.08339397360881169,0.08339397360881169,0.05706749558448791,1.0,-0.019666096568107604,-0.0013260145982106526,0.0,0.7651400520083675,0.9735294117647059,0.0,0.0,0.0,0.0,0.0,0.0
22,"0,35,105,26,82","30332,14797,10924,15157,16771",lucrareagraphicissent sporting posture,0.13338312804698943,0.0,True,0.08338312804698944,0.08338312804698944,0.054121726751327516,1.0,-0.019387143850326537,-0.0038032655914624534,0.020833333333333332,0.7615304653574856,0.9823529411764707,0.0,0.0,0.0,0.0,0.0,0.0
23,"0,129,46,26,158","30332,17,18927,15157,17319",lucrareat rar sportingenţă,0.13296290785074233,0.0,True,0.08296290785074234,0.08296290785074234,0.05791805386543274,1.0,-0.019836181402206422,-0.00038110464811325073,0.041666666666666664,0.7660537375543439,0.9705882352941176,0.0,0.0,0.0,0.0,0.0,0.0
24,"0,189,100,26,169","30332,10646,14338,15157,680",lucrareatial surroundings sporting sie,0.13280943582455318,0.0,True,0.08280943582455318,0.08280943582455318,0.05217857956886292,1.0,-0.018496590852737426,-0.0015821283062299092,0.0,0.7508508344472341,0.976470588235294,0.0,0.0,0.0,0.0,0.0,0.0
25,"0,129,100,26,169","30332,17,14338,15157,680",lucrareat surroundings sporting sie,0.1327077825864156,0.0,True,0.0827077825864156,0.0827077825864156,0.05323900580406189,1.0,-0.016564375162124632,-0.0008965109785397848,0.0,0.756948606751115,0.976470588235294,0.0,0.0,0.0,0.0,0.0,0.0
26,"0,41,134,26,169","30332,3852,28448,15157,680",lucrarea rep senzati sporting sie,0.13255410691102346,0.0,True,0.08255410691102345,0.08255410691102345,0.05823509693145752,1.0,-0.01769486665725708,-0.0001640071471532186,0.0,0.7434315102102064,0.976470588235294,0.0,0.0,0.0,0.0,0.0,0.0
27,"0,35,100,26,169","30332,14797,14338,15157,680",lucrareagraphic surroundings sporting sie,0.1325139010945956,0.0,True,0.0825139010945956,0.0825139010945956,0.051386475563049316,1.0,-0.01914145052433014,-0.002927561601003011,0.020833333333333332,0.762250792595388,0.9647058823529412,0.0,0.0,0.0,0.0,0.0,0.0
28,"0,35,100,26,90","30332,14797,14338,15157,23060",lucrareagraphic surroundings sporting răspunde,0.13251351118087767,0.0,True,0.08251351118087769,0.08251351118087769,0.05783247947692871,1.0,-0.019931644201278687,-0.002730595568815867,0.041666666666666664,0.7661821799593878,0.976470588235294,0.0,0.0,0.0,0.0,0.0,0.0
29,"0,13,134,26,158","30332,28688,28448,15157,17319",lucrarea piston senzati sportingenţă,0.13247447262207668,0.0,True,0.08247447262207667,0.08247447262207667,0.057461321353912354,1.0,-0.01983928382396698,-0.0025453741351763406,0.020833333333333332,0.7535036641206407,0.976470588235294,0.0,0.0,0.0,0.0,0.0,0.0
30,"0,133,41,26,159","30332,121,3852,15157,3077","lucrarea"" rep sportingige",0.13239747583866118,0.0,True,0.0823974758386612,0.0823974758386612,0.05035245418548584,1.0,-0.01893777847290039,-0.0010374908645947774,0.020833333333333332,0.7309487455368386,0.976470588235294,0.0,0.0,0.0,0.0,0.0,0.0
31,"0,13,100,26,226","30332,28688,14338,15157,20736",lucrarea piston surroundings sportingesel,0.13236884822448095,0.0,True,0.08236884822448094,0.08236884822448094,0.055540531873703,1.0,-0.0195304274559021,-0.0022432630260785422,0.020833333333333332,0.7650780692852605,0.9823529411764707,0.0,0.0,0.0,0.0,0.0,0.0
32,"0,129,100,26,158","30332,17,14338,15157,17319",lucrareat surroundings sportingenţă,0.13234649399916332,0.0,True,0.08234649399916331,0.08234649399916331,0.055213040113449095,1.0,-0.017762443423271178,0.00010398775339126587,0.020833333333333332,0.7859526617179805,0.9735294117647059,0.0,0.0,0.0,0.0,0.0,0.0
33,"0,169,105,26,159","30332,680,10924,15157,3077",lucrarea sieissent sportingige,0.13225920299688976,0.0,True,0.08225920299688975,0.08225920299688975,0.06044367551803589,1.0,-0.018349575996398925,0.0013018498818079631,0.020833333333333332,0.7877517044669937,0.9794117647058824,0.0,0.0,0.0,0.0,0.0,0.0
34,"0,133,35,26,169","30332,121,14797,15157,680","lucrarea""graphic sporting sie",0.1322199210524559,0.0,True,0.0822199210524559,0.0822199210524559,0.05619313716888428,1.0,-0.019208306074142457,-0.0005652010440826416,0.020833333333333332,0.7603889180448689,0.976470588235294,0.0,0.0,0.0,0.0,0.0,0.0
35,"0,125,134,26,158","30332,19020,28448,15157,17319",lucrarea humaine senzati sportingenţă,0.13214159806569417,0.0,True,0.08214159806569417,0.08214159806569417,0.056756538152694706,1.0,-0.01717536151409149,0.0027239546179771423,0.020833333333333332,0.7819365980809438,0.9852941176470588,0.0,0.0,0.0,0.0,0.0,0.0
36,"0,35,134,26,59","30332,14797,28448,15157,31675",lucrareagraphic senzati sporting temporaire,0.1320951561133067,0.0,True,0.08209515611330669,0.08209515611330669,0.05910613536834717,1.0,-0.018849730491638184,8.542339007059734e-05,0.020833333333333332,0.78469409596423,0.9852941176470588,0.0,0.0,0.0,0.0,0.0,0.0
37,"0,133,134,26,59","30332,121,28448,15157,31675","lucrarea"" senzati sporting temporaire",0.13194424708684285,0.0,True,0.08194424708684285,0.08194424708684285,0.06128156781196594,1.0,-0.019745415449142455,-0.0007141903042793274,0.020833333333333332,0.7830505889400746,0.9823529411764707,0.0,0.0,0.0,0.0,0.0,0.0
38,"0,41,134,26,158","30332,3852,28448,15157,17319",lucrarea rep senzati sportingenţă,0.13190980553627013,0.0,True,0.08190980553627014,0.08190980553627014,0.05764738321304321,1.0,-0.019337621331214905,0.0006739174326260885,0.020833333333333332,0.7904046113293457,0.9823529411764707,0.0,0.0,0.0,0.0,0.0,0.0
39,"0,129,134,26,159","30332,17,28448,15157,3077",lucrareat senzati sportingige,0.1319021090865135,0.0,True,0.08190210908651352,0.08190210908651352,0.05504267811775208,1.0,-0.016866028308868408,0.0033825859427452087,0.020833333333333332,0.7958130863513503,0.976470588235294,0.0,0.0,0.0,0.0,0.0,0.0
40,"0,35,100,26,158","30332,14797,14338,15157,17319",lucrareagraphic surroundings sportingenţă,0.13175772925217946,0.0,True,0.08175772925217946,0.08175772925217946,0.05197848677635193,1.0,-0.017792627215385437,-0.0012370894352595012,0.020833333333333332,0.7741002219722501,0.9735294117647059,0.0,0.0,0.0,0.0,0.0,0.0
41,"0,129,35,26,169","30332,17,14797,15157,680",lucrareatgraphic sporting sie,0.13173606793085735,0.0,True,0.08173606793085735,0.08173606793085735,0.055433034896850586,1.0,-0.018126440048217774,0.0009071851770083109,0.020833333333333332,0.7296242604237688,0.976470588235294,0.0,0.0,0.0,0.0,0.0,0.0
42,"0,228,100,26,90","30332,4408,14338,15157,23060",lucrarea accord surroundings sporting răspunde,0.1317241296172142,0.0,True,0.0817241296172142,0.0817241296172142,0.054781144857406615,1.0,-0.019895482063293456,-0.0033097664515177407,0.041666666666666664,0.7516440280495365,0.9823529411764707,0.0,0.0,0.0,0.0,0.0,0.0
43,"0,129,46,26,169","30332,17,18927,15157,680",lucrareat rar sporting sie,0.13156390736500423,0.0,True,0.08156390736500423,0.08156390736500423,0.05697855353355408,1.0,-0.01955953538417816,0.001055474082628886,0.041666666666666664,0.7640143284295454,0.9735294117647059,0.0,0.0,0.0,0.0,0.0,0.0
44,"0,13,134,26,169","30332,28688,28448,15157,680",lucrarea piston senzati sporting sie,0.1313708355029424,0.0,True,0.0813708355029424,0.0813708355029424,0.05646302103996277,1.0,-0.019834932684898377,-0.00014443695545196533,0.041666666666666664,0.7598565458888666,0.9705882352941176,0.0,0.0,0.0,0.0,0.0,0.0
45,"0,41,46,26,158","30332,3852,18927,15157,17319",lucrarea rep rar sportingenţă,0.13133622507254283,0.0,True,0.08133622507254283,0.08133622507254283,0.05946040153503418,1.0,-0.019928589463233948,-0.002895921468734741,0.020833333333333332,0.7672700809549939,0.9705882352941176,0.0,0.0,0.0,0.0,0.0,0.0
46,"0,169,100,26,90","30332,680,14338,15157,23060",lucrarea sie surroundings sporting răspunde,0.1312844807902972,0.0,True,0.0812844807902972,0.0812844807902972,0.052754145860672,1.0,-0.01890740394592285,-0.002894448737303416,0.020833333333333332,0.7692717446855218,0.976470588235294,0.0,0.0,0.0,0.0,0.0,0.0
47,"0,129,100,26,210","30332,17,14338,15157,12182",lucrareat surroundings sporting estim,0.13123379200696944,0.0,True,0.08123379200696945,0.08123379200696945,0.05414223670959473,1.0,-0.01811985969543457,-0.002156585454940796,0.0,0.7567424350781148,0.9823529411764707,0.0,0.0,0.0,0.0,0.0,0.0
48,"0,133,100,26,169","30332,121,14338,15157,680","lucrarea"" surroundings sporting sie",0.13115585645039876,0.0,True,0.08115585645039876,0.08115585645039876,0.04969255924224854,1.0,-0.018481844663619997,-0.0008416871229807535,0.0,0.7302730335093421,0.976470588235294,0.0,0.0,0.0,0.0,0.0,0.0
49,"0,129,35,26,90","30332,17,14797,15157,23060",lucrareatgraphic sporting răspunde,0.1311476508776347,0.0,True,0.08114765087763469,0.08114765087763469,0.05532816648483276,1.0,-0.0196382999420166,-0.00018389026323954263,0.020833333333333332,0.7746504247746256,0.976470588235294,0.0,0.0,0.0,0.0,0.0,0.0
50,"0,35,134,26,90","30332,14797,28448,15157,23060",lucrareagraphic senzati sporting răspunde,0.13084914336601894,0.0,True,0.08084914336601894,0.08084914336601894,0.054578131437301634,1.0,-0.019858476519584656,0.00025241076946258545,0.041666666666666664,0.7792613064244437,0.9705882352941176,0.0,0.0,0.0,0.0,0.0,0.0
51,"0,41,114,26,158","30332,3852,21415,15157,17319",lucrarea repRAL sportingenţă,0.13084570864836376,0.0,True,0.08084570864836375,0.08084570864836375,0.05866193771362305,1.0,-0.018458911776542665,0.000839004913965861,0.0,0.7889367091558362,0.9823529411764707,0.0,0.0,0.0,0.0,0.0,0.0
52,"0,13,114,26,158","30332,28688,21415,15157,17319",lucrarea pistonRAL sportingenţă,0.1306873341401418,0.0,True,0.0806873341401418,0.0806873341401418,0.056496983766555785,1.0,-0.01952278017997742,0.00041283170382181805,0.020833333333333332,0.7872142378405991,0.961764705882353,0.0,0.0,0.0,0.0,0.0,0.0
53,"0,189,134,26,158","30332,10646,28448,15157,17319",lucrareatial senzati sportingenţă,0.13068443338076274,0.0,True,0.08068443338076274,0.08068443338076274,0.0550875723361969,1.0,-0.018880173563957214,0.00041761497656504315,0.020833333333333332,0.8030926985973148,0.976470588235294,0.0,0.0,0.0,0.0,0.0,0.0
54,"0,35,134,26,180","30332,14797,28448,15157,31797",lucrareagraphic senzati sportingscrisă,0.13058502773443859,0.0,True,0.08058502773443858,0.08058502773443858,0.05691168904304505,1.0,-0.01970960795879364,6.107240915298462e-05,0.020833333333333332,0.796782656693752,0.9794117647058824,0.0,0.0,0.0,0.0,0.0,0.0
55,"0,32,100,26,169","30332,22608,14338,15157,680",lucrareaoccupant surroundings sporting sie,0.1305765837430954,0.0,True,0.0805765837430954,0.0805765837430954,0.05164880156517029,1.0,-0.017000871896743774,-0.0013836150368054707,0.020833333333333332,0.7522362988271217,0.976470588235294,0.0,0.0,0.0,0.0,0.0,0.0
56,"0,149,185,26,82","30332,18457,15058,15157,16771",lucrarea varstatient sporting posture,0.13051317930221557,0.0,True,0.08051317930221558,0.08051317930221558,0.0556451678276062,1.0,-0.017903432250022888,-0.0035627931356430054,0.020833333333333332,0.774928613733627,0.9794117647058824,0.0,0.0,0.0,0.0,0.0,0.0
57,"0,31,100,26,169","30332,8221,14338,15157,680",lucrareaimage surroundings sporting sie,0.13050292233626049,0.0,True,0.08050292233626048,0.08050292233626048,0.051245582103729245,1.0,-0.018723124265670778,-0.001488139231999715,0.020833333333333332,0.7577681217837778,0.976470588235294,0.0,0.0,0.0,0.0,0.0,0.0
58,"0,41,134,26,180","30332,3852,28448,15157,31797",lucrarea rep senzati sportingscrisă,0.13048820743958156,0.0,True,0.08048820743958156,0.08048820743958156,0.05886877179145813,1.0,-0.017930197715759277,-0.0009342730045318604,0.020833333333333332,0.7813923388273595,0.9823529411764707,0.0,0.0,0.0,0.0,0.0,0.0
59,"0,13,8,215,169","30332,28688,17682,6520,680",lucrarea pistonSportrib sie,0.13044773588577907,0.0,True,0.08044773588577907,0.08044773588577907,0.05802541971206665,1.0,-0.019992733001708986,6.65585199991862e-06,0.041666666666666664,0.757335168989372,0.9823529411764707,0.0,0.0,0.0,0.0,0.0,0.0
60,"0,41,114,26,169","30332,3852,21415,15157,680",lucrarea repRAL sporting sie,0.13043195803960164,0.0,True,0.08043195803960164,0.08043195803960164,0.05787680149078369,1.0,-0.01950532793998718,0.001593276858329773,0.041666666666666664,0.750366087870506,0.9823529411764707,0.0,0.0,0.0,0.0,0.0,0.0
61,"0,169,157,26,158","30332,680,27499,15157,17319",lucrarea sieizant sportingenţă,0.1302737350265185,0.0,True,0.08027373502651851,0.08027373502651851,0.055729687213897705,1.0,-0.01962108612060547,0.00018765032291412354,0.020833333333333332,0.788753076654875,0.9794117647058824,0.0,0.0,0.0,0.0,0.0,0.0
62,"0,129,35,26,158","30332,17,14797,15157,17319",lucrareatgraphic sportingenţă,0.13019949495792388,0.0,True,0.08019949495792389,0.08019949495792389,0.05360833406448364,1.0,-0.018969103693962097,0.002402767539024353,0.020833333333333332,0.7995388423649674,0.9735294117647059,0.0,0.0,0.0,0.0,0.0,0.0
63,"0,165,134,26,158","30332,13114,28448,15157,17319",lucrarea-> senzati sportingenţă,0.1301442041993141,0.0,True,0.08014420419931412,0.08014420419931412,0.052332335710525514,1.0,-0.017519438266754152,0.0002143755555152893,0.020833333333333332,0.7910896632192282,0.9735294117647059,0.0,0.0,0.0,0.0,0.0,0.0
64,"0,35,41,26,158","30332,14797,3852,15157,17319",lucrareagraphic rep sportingenţă,0.13013323942820232,0.0,True,0.08013323942820232,0.08013323942820232,0.05543031692504883,1.0,-0.018280258774757384,-0.0017303824424743652,0.0,0.774414303790834,0.9588235294117649,0.0,0.0,0.0,0.0,0.0,0.0
65,"0,165,134,26,169","30332,13114,28448,15157,680",lucrarea-> senzati sporting sie,0.13009364207585652,0.0,True,0.08009364207585652,0.08009364207585652,0.05339239835739136,1.0,-0.017623403668403623,0.0015335107843081157,0.020833333333333332,0.7831002214319275,0.9705882352941176,0.0,0.0,0.0,0.0,0.0,0.0
66,"0,133,41,26,158","30332,121,3852,15157,17319","lucrarea"" rep sportingenţă",0.13007791141668956,0.0,True,0.08007791141668956,0.08007791141668956,0.05763043761253357,1.0,-0.018201708793640137,-0.001752917965253194,0.020833333333333332,0.7658634668040836,0.9794117647058824,0.0,0.0,0.0,0.0,0.0,0.0
67,"0,228,35,26,158","30332,4408,14797,15157,17319",lucrarea accordgraphic sportingenţă,0.12995333274205526,0.0,True,0.07995333274205525,0.07995333274205525,0.05247644186019897,1.0,-0.019647204875946046,-0.00012226402759552002,0.0,0.7684262941672251,0.9794117647058824,0.0,0.0,0.0,0.0,0.0,0.0
68,"0,129,105,26,45","30332,17,10924,15157,25231",lucrareatissent sportingffentlichkeit,0.12994426290194194,0.0,True,0.07994426290194194,0.07994426290194194,0.05690706372261047,1.0,-0.019441962242126465,0.0005986442168553671,0.020833333333333332,0.7712446169394382,0.9852941176470588,0.0,0.0,0.0,0.0,0.0,0.0
69,"0,13,157,26,158","30332,28688,27499,15157,17319",lucrarea pistonizant sportingenţă,0.12992368439833324,0.0,True,0.07992368439833324,0.07992368439833324,0.05644367933273316,1.0,-0.01913341283798218,-0.0009286627173423767,0.020833333333333332,0.7791207453549815,0.9823529411764707,0.0,0.0,0.0,0.0,0.0,0.0
70,"0,202,151,26,158","30332,5457,1110,15157,17319",lucrareanch sein sportingenţă,0.12976862043142318,0.0,True,0.07976862043142319,0.07976862043142319,0.056515860557556155,1.0,-0.019929367303848266,-0.002724995215733846,0.041666666666666664,0.7507152134702737,0.9735294117647059,0.0,0.0,0.0,0.0,0.0,0.0
71,"0,169,157,26,90","30332,680,27499,15157,23060",lucrarea sieizant sporting răspunde,0.1297377775112788,0.0,True,0.07973777751127879,0.07973777751127879,0.05400387644767761,1.0,-0.01929771900177002,-0.0006963536143302917,0.020833333333333332,0.7689331939712655,0.9794117647058824,0.0,0.0,0.0,0.0,0.0,0.0
72,"0,133,35,26,158","30332,121,14797,15157,17319","lucrarea""graphic sportingenţă",0.12961867749691008,0.0,True,0.0796186774969101,0.0796186774969101,0.052625137567520144,1.0,-0.019408684968948365,-0.0013321290413538616,0.020833333333333332,0.7942190574411572,0.9735294117647059,0.0,0.0,0.0,0.0,0.0,0.0
73,"0,35,46,26,158","30332,14797,18927,15157,17319",lucrareagraphic rar sportingenţă,0.12954434057076772,0.0,True,0.07954434057076772,0.07954434057076772,0.05998649001121521,1.0,-0.018097731471061706,-0.0006208146611849467,0.020833333333333332,0.7902481493371438,0.9794117647058824,0.0,0.0,0.0,0.0,0.0,0.0
74,"0,35,35,26,158","30332,14797,14797,15157,17319",lucrareagraphicgraphic sportingenţă,0.12944937795400618,0.0,True,0.0794493779540062,0.0794493779540062,0.05307629704475403,1.0,-0.017646315693855285,0.0006791278719902039,0.020833333333333332,0.7958587822069909,0.9735294117647059,0.0,0.0,0.0,0.0,0.0,0.0
75,"0,35,46,26,169","30332,14797,18927,15157,680",lucrareagraphic rar sporting sie,0.1293879230817159,0.0,True,0.0793879230817159,0.0793879230817159,0.0556702196598053,1.0,-0.019485849142074584,0.0007414172093073527,0.020833333333333332,0.7661092364060426,0.9852941176470588,0.0,0.0,0.0,0.0,0.0,0.0
76,"0,13,157,26,169","30332,28688,27499,15157,680",lucrarea pistonizant sporting sie,0.12937002927064895,0.0,True,0.07937002927064896,0.07937002927064896,0.05748893022537231,1.0,-0.019832134246826172,0.001288356880346934,0.041666666666666664,0.7636645081292696,0.9823529411764707,0.0,0.0,0.0,0.0,0.0,0.0
77,"0,129,105,26,158","30332,17,10924,15157,17319",lucrareatissent sportingenţă,0.12934199770291646,0.0,True,0.07934199770291646,0.07934199770291646,0.05875794887542725,1.0,-0.017951315641403197,0.0010791594783465068,0.020833333333333332,0.7930917900834281,0.9911764705882352,0.0,0.0,0.0,0.0,0.0,0.0
78,"0,13,35,215,82","30332,28688,14797,6520,16771",lucrarea pistongraphicrib posture,0.1293138270576795,0.0,True,0.07931382705767949,0.07931382705767949,0.060179001092910765,1.0,-0.019411754608154298,-0.0031359891096750894,0.020833333333333332,0.7467839804841646,0.9852941176470588,0.0,0.0,0.0,0.0,0.0,0.0
79,"0,219,35,26,169","30332,25895,14797,15157,680",lucrareafloodedgraphic sporting sie,0.12924786706765493,0.0,True,0.07924786706765492,0.07924786706765492,0.05325700044631958,1.0,-0.01978725492954254,-0.0004448990027109782,0.020833333333333332,0.7607912268279751,0.9735294117647059,0.0,0.0,0.0,0.0,0.0,0.0
80,"0,133,134,26,169","30332,121,28448,15157,680","lucrarea"" senzati sporting sie",0.1292424778143565,0.0,True,0.07924247781435649,0.07924247781435649,0.054862141609191895,1.0,-0.013664543628692627,0.0027547230323155722,0.0,0.7831132663636897,0.9735294117647059,0.0,0.0,0.0,0.0,0.0,0.0
81,"0,129,134,26,158","30332,17,28448,15157,17319",lucrareat senzati sportingenţă,0.1291784053047498,0.0,True,0.0791784053047498,0.0791784053047498,0.05559898018836975,1.0,-0.018912360072135925,0.0009375164906183878,0.020833333333333332,0.7987125347051147,0.976470588235294,0.0,0.0,0.0,0.0,0.0,0.0
82,"0,13,105,26,159","30332,28688,10924,15157,3077",lucrarea pistonissent sportingige,0.1291419818997383,0.0,True,0.07914198189973831,0.07914198189973831,0.05529396533966065,1.0,-0.01931641399860382,-2.6367604732513428e-05,0.041666666666666664,0.7855684151480835,0.9823529411764707,0.0,0.0,0.0,0.0,0.0,0.0
83,"0,129,134,26,169","30332,17,28448,15157,680",lucrareat senzati sporting sie,0.1291195606191953,0.0,True,0.0791195606191953,0.0791195606191953,0.05547468662261963,1.0,-0.012997892498970032,0.003794794281323751,0.0,0.7789973202313847,0.9794117647058824,0.0,0.0,0.0,0.0,0.0,0.0
84,"0,136,74,26,169","30332,2824,9633,15157,680",lucrarea.... bitte sporting sie,0.1290408750375112,0.0,True,0.07904087503751119,0.07904087503751119,0.050481009483337405,1.0,-0.019816237688064575,-0.005252239604791005,0.041666666666666664,0.7447212602978737,0.9852941176470588,0.0,0.0,0.0,0.0,0.0,0.0
85,"0,41,100,26,185","30332,3852,14338,15157,15058",lucrarea rep surroundings sportingtient,0.12902264843384426,0.0,True,0.07902264843384425,0.07902264843384425,0.05740070343017578,1.0,-0.018107059597969054,0.0007773637771606445,0.020833333333333332,0.7860032976661228,0.9676470588235294,0.0,0.0,0.0,0.0,0.0,0.0
86,"0,129,157,26,90","30332,17,27499,15157,23060",lucrareatizant sporting răspunde,0.12887511203686397,0.0,True,0.07887511203686397,0.07887511203686397,0.05279145836830139,1.0,-0.018412137031555177,0.0003714437286059062,0.020833333333333332,0.773315287587099,0.9794117647058824,0.0,0.0,0.0,0.0,0.0,0.0
87,"0,189,185,26,31","30332,10646,15058,15157,8221",lucrareatialtient sportingimage,0.1288263976573944,0.0,True,0.07882639765739441,0.07882639765739441,0.0580773651599884,1.0,-0.017662763595581055,0.0002518792947133382,0.020833333333333332,0.7911937911064905,0.9794117647058824,0.0,0.0,0.0,0.0,0.0,0.0
88,"0,129,54,26,169","30332,17,7818,15157,680",lucrareatroc sporting sie,0.12874105374018352,0.0,True,0.07874105374018352,0.07874105374018352,0.05621105432510376,1.0,-0.018751680850982666,0.0022908026973406472,0.020833333333333332,0.765837376940559,0.9588235294117649,0.0,0.0,0.0,0.0,0.0,0.0
89,"0,189,134,26,169","30332,10646,28448,15157,680",lucrareatial senzati sporting sie,0.12874047507842382,0.0,True,0.07874047507842381,0.07874047507842381,0.05053863525390625,1.0,-0.017599138617515563,0.0034328649441401162,0.020833333333333332,0.7830500486174572,0.9823529411764707,0.0,0.0,0.0,0.0,0.0,0.0
90,"0,41,157,26,169","30332,3852,27499,15157,680",lucrarea repizant sporting sie,0.1287362481156985,0.0,True,0.0787362481156985,0.0787362481156985,0.054382574558258054,1.0,-0.018505144119262695,0.0014769782622655232,0.020833333333333332,0.7688724462712838,0.9911764705882352,0.0,0.0,0.0,0.0,0.0,0.0
91,"0,105,100,26,169","30332,10924,14338,15157,680",lucrareaissent surroundings sporting sie,0.12872942338387172,0.0,True,0.07872942338387172,0.07872942338387172,0.05184077620506287,1.0,-0.019459795951843262,-0.004031320412953694,0.020833333333333332,0.7625591624320168,0.976470588235294,0.0,0.0,0.0,0.0,0.0,0.0
92,"0,169,185,26,90","30332,680,15058,15157,23060",lucrarea sietient sporting răspunde,0.12866647591193517,0.0,True,0.07866647591193517,0.07866647591193517,0.05457392930984497,1.0,-0.017314258217811584,0.0011692419648170471,0.020833333333333332,0.7807031959233739,0.9911764705882352,0.0,0.0,0.0,0.0,0.0,0.0
93,"0,189,105,26,210","30332,10646,10924,15157,12182",lucrareatialissent sporting estim,0.12864076147476833,0.0,True,0.07864076147476833,0.07864076147476833,0.05490952730178833,1.0,-0.01829102337360382,-0.001151469846566518,0.0,0.7785285517663416,0.9823529411764707,0.0,0.0,0.0,0.0,0.0,0.0
94,"0,31,134,26,90","30332,8221,28448,15157,23060",lucrareaimage senzati sporting răspunde,0.1286314308643341,0.0,True,0.0786314308643341,0.0786314308643341,0.054626232385635375,1.0,-0.019337230920791627,-0.0018502647678057353,0.020833333333333332,0.7741181298075688,0.976470588235294,0.0,0.0,0.0,0.0,0.0,0.0
95,"0,149,100,26,169","30332,18457,14338,15157,680",lucrarea varsta surroundings sporting sie,0.12861416041851043,0.0,True,0.07861416041851044,0.07861416041851044,0.04902673363685608,1.0,-0.01773574948310852,-0.0018236239751180012,0.020833333333333332,0.7361537504989301,0.9794117647058824,0.0,0.0,0.0,0.0,0.0,0.0
96,"0,133,134,26,158","30332,121,28448,15157,17319","lucrarea"" senzati sportingenţă",0.12853565116723378,0.0,True,0.07853565116723378,0.07853565116723378,0.051910674571990965,1.0,-0.0195620059967041,0.0004398350914319356,0.020833333333333332,0.7804876843879878,0.9558823529411766,0.0,0.0,0.0,0.0,0.0,0.0
97,"0,31,35,26,169","30332,8221,14797,15157,680",lucrareaimagegraphic sporting sie,0.12853212455908458,0.0,True,0.07853212455908458,0.07853212455908458,0.05538363456726074,1.0,-0.019112062454223634,-0.00017295529445012411,0.020833333333333332,0.7698223334326241,0.976470588235294,0.0,0.0,0.0,0.0,0.0,0.0
98,"0,35,114,26,169","30332,14797,21415,15157,680",lucrareagraphicRAL sporting sie,0.12849981884161632,0.0,True,0.07849981884161632,0.07849981884161632,0.05356763601303101,1.0,-0.018026506900787352,0.003000490367412567,0.020833333333333332,0.767117015276387,0.9735294117647059,0.0,0.0,0.0,0.0,0.0,0.0
99,"0,129,114,26,169","30332,17,21415,15157,680",lucrareatRAL sporting sie,0.12826963812112807,0.0,True,0.07826963812112808,0.07826963812112808,0.05390194058418274,1.0,-0.017602542042732237,0.0011830876270929973,0.020833333333333332,0.7622844469755558,0.9705882352941176,0.0,0.0,0.0,0.0,0.0,0.0
100,"0,35,134,26,169","30332,14797,28448,15157,680",lucrareagraphic senzati sporting sie,0.12823562870423,0.0,True,0.07823562870423,0.07823562870423,0.05234520435333252,1.0,-0.017928501963615416,0.0028653467694918313,0.0,0.7794864665779971,0.976470588235294,0.0,0.0,0.0,0.0,0.0,0.0
101,"0,13,185,26,169","30332,28688,15058,15157,680",lucrarea pistontient sporting sie,0.12822403063376744,0.0,True,0.07822403063376744,0.07822403063376744,0.05755212903022766,1.0,-0.018742239475250243,0.0022295465071996055,0.020833333333333332,0.7768178903597414,0.9911764705882352,0.0,0.0,0.0,0.0,0.0,0.0
102,"0,133,18,26,169","30332,121,12487,15157,680","lucrarea"" adjacent sporting sie",0.12821086545785268,0.0,True,0.07821086545785268,0.07821086545785268,0.05600146651268005,1.0,-0.017761588096618652,0.0004287709792455037,0.020833333333333332,0.7925404294468725,0.9823529411764707,0.0,0.0,0.0,0.0,0.0,0.0
103,"0,136,151,26,169","30332,2824,1110,15157,680",lucrarea.... sein sporting sie,0.12817646116018294,0.0,True,0.07817646116018295,0.07817646116018295,0.0493857204914093,1.0,-0.019220125675201417,-0.003258767227331797,0.020833333333333332,0.7513533344813903,0.988235294117647,0.0,0.0,0.0,0.0,0.0,0.0
104,"0,133,105,26,158","30332,121,10924,15157,17319","lucrarea""issent sportingenţă",0.12812395443518956,0.0,True,0.07812395443518956,0.07812395443518956,0.05506874322891236,1.0,-0.019353103637695313,-0.0018354430794715881,0.020833333333333332,0.7870052101766214,0.9852941176470588,0.0,0.0,0.0,0.0,0.0,0.0
105,"0,35,157,26,169","30332,14797,27499,15157,680",lucrareagraphicizant sporting sie,0.12806018988291423,0.0,True,0.07806018988291423,0.07806018988291423,0.0550690770149231,1.0,-0.0198143869638443,0.0012211228410402934,0.041666666666666664,0.7733778106328235,0.9794117647058824,0.0,0.0,0.0,0.0,0.0,0.0
106,"0,189,105,26,180","30332,10646,10924,15157,31797",lucrareatialissent sportingscrisă,0.12796515276034673,0.0,True,0.07796515276034673,0.07796515276034673,0.057109326124191284,1.0,-0.019433799386024474,0.0010334899028142293,0.0,0.7972235599495276,0.9852941176470588,0.0,0.0,0.0,0.0,0.0,0.0
107,"0,129,105,26,159","30332,17,10924,15157,3077",lucrareatissent sportingige,0.1279349555571874,0.0,True,0.0779349555571874,0.0779349555571874,0.0526347279548645,1.0,-0.01968224048614502,0.0022145907084147134,0.041666666666666664,0.8034351087588381,0.9794117647058824,0.0,0.0,0.0,0.0,0.0,0.0
108,"0,169,188,26,158","30332,680,29904,15157,17319",lucrarea sieweilige sportingenţă,0.12788047194480895,0.0,True,0.07788047194480896,0.07788047194480896,0.052918851375579834,1.0,-0.01729510724544525,-0.002352014183998108,0.020833333333333332,0.7879932286769591,0.9823529411764707,0.0,0.0,0.0,0.0,0.0,0.0
109,"0,129,157,26,158","30332,17,27499,15157,17319",lucrareatizant sportingenţă,0.1278702547152837,0.0,True,0.07787025471528371,0.07787025471528371,0.05445165634155273,1.0,-0.017058420181274413,0.0007082000374794006,0.0,0.7946868224499107,0.976470588235294,0.0,0.0,0.0,0.0,0.0,0.0
110,"0,129,114,26,158","30332,17,21415,15157,17319",lucrareatRAL sportingenţă,0.12778645306825637,0.0,True,0.07778645306825638,0.07778645306825638,0.05391055941581726,1.0,-0.016750463843345643,0.0014390721917152405,0.0,0.7793371831577117,0.9823529411764707,0.0,0.0,0.0,0.0,0.0,0.0
111,"0,247,157,26,184","30332,12327,27499,15157,20351",lucrarearegardedizant sportingüchte,0.12772679875294368,0.0,True,0.07772679875294368,0.07772679875294368,0.050013291835784915,1.0,-0.019059360027313232,-0.0004895801345507304,0.020833333333333332,0.7788806877349777,0.9852941176470588,0.0,0.0,0.0,0.0,0.0,0.0
112,"0,133,157,26,90","30332,121,27499,15157,23060","lucrarea""izant sporting răspunde",0.12769308239221572,0.0,True,0.07769308239221573,0.07769308239221573,0.05193846225738526,1.0,-0.01739540696144104,-0.0002369756499926249,0.020833333333333332,0.761373617420557,0.9794117647058824,0.0,0.0,0.0,0.0,0.0,0.0
113,"0,41,157,26,90","30332,3852,27499,15157,23060",lucrarea repizant sporting răspunde,0.12764102270205815,0.0,True,0.07764102270205815,0.07764102270205815,0.05360115170478821,1.0,-0.01760660409927368,-0.002056067188580831,0.020833333333333332,0.7731340479434433,0.9794117647058824,0.0,0.0,0.0,0.0,0.0,0.0
114,"0,109,134,26,158","30332,12922,28448,15157,17319",lucrareakett senzati sportingenţă,0.12756784309943517,0.0,True,0.07756784309943517,0.07756784309943517,0.05316703319549561,1.0,-0.017133787274360657,-0.0004076734185218811,0.020833333333333332,0.7807306751879145,0.9823529411764707,0.0,0.0,0.0,0.0,0.0,0.0
115,"0,133,105,26,169","30332,121,10924,15157,680","lucrarea""issent sporting sie",0.1275351623694102,0.0,True,0.0775351623694102,0.0775351623694102,0.05504752397537231,1.0,-0.016556280851364135,0.001072836418946584,0.020833333333333332,0.7699091709961303,0.9823529411764707,0.0,0.0,0.0,0.0,0.0,0.0
116,"0,247,35,26,169","30332,12327,14797,15157,680",lucrarearegardedgraphic sporting sie,0.12753357787926992,0.0,True,0.07753357787926991,0.07753357787926991,0.05217558741569519,1.0,-0.018853527307510377,0.0002056807279586792,0.020833333333333332,0.7697310189102882,0.9823529411764707,0.0,0.0,0.0,0.0,0.0,0.0
117,"0,190,100,26,169","30332,11733,14338,15157,680",lucrareausion surroundings sporting sie,0.1274695724248886,0.0,True,0.07746957242488861,0.07746957242488861,0.050650995969772336,1.0,-0.015619006752967833,0.00034721195697784424,0.0,0.7787179734382033,0.976470588235294,0.0,0.0,0.0,0.0,0.0,0.0
118,"0,35,157,26,210","30332,14797,27499,15157,12182",lucrareagraphicizant sporting estim,0.12738749931255977,0.0,True,0.07738749931255977,0.07738749931255977,0.04840876460075379,1.0,-0.019945597648620604,-0.00018885980049769083,0.020833333333333332,0.775453652939822,0.9823529411764707,0.0,0.0,0.0,0.0,0.0,0.0
119,"0,133,134,26,159","30332,121,28448,15157,3077","lucrarea"" senzati sportingige",0.12729256898164748,0.0,True,0.07729256898164749,0.07729256898164749,0.05155261754989624,1.0,-0.017462098598480223,0.00045456985632578534,0.020833333333333332,0.7849862561223376,0.9647058823529412,0.0,0.0,0.0,0.0,0.0,0.0
120,"0,133,105,26,184","30332,121,10924,15157,20351","lucrarea""issent sportingüchte",0.12727182159821193,0.0,True,0.07727182159821193,0.07727182159821193,0.05650654435157776,1.0,-0.018958988785743713,-0.0007918874422709147,0.0,0.7931806345595132,0.9852941176470588,0.0,0.0,0.0,0.0,0.0,0.0
121,"0,35,114,26,158","30332,14797,21415,15157,17319",lucrareagraphicRAL sportingenţă,0.12724878440300624,0.0,True,0.07724878440300624,0.07724878440300624,0.05486122965812683,1.0,-0.01592961549758911,0.0019772152105967202,0.0,0.8051131192415599,0.9794117647058824,0.0,0.0,0.0,0.0,0.0,0.0
122,"0,13,105,26,141","30332,28688,10924,15157,25205",lucrarea pistonissent sportingizeze,0.12723977913459142,0.0,True,0.07723977913459142,0.07723977913459142,0.0548567533493042,1.0,-0.019169217348098753,-0.00038520246744155884,0.041666666666666664,0.7944923834966021,0.976470588235294,0.0,0.0,0.0,0.0,0.0,0.0
123,"0,133,134,26,180","30332,121,28448,15157,31797","lucrarea"" senzati sportingscrisă",0.12722837974627813,0.0,True,0.07722837974627812,0.07722837974627812,0.05424371361732483,1.0,-0.01963607668876648,-0.0009855851531028748,0.0,0.7922569916395882,0.9794117647058824,0.0,0.0,0.0,0.0,0.0,0.0
124,"0,13,105,26,90","30332,28688,10924,15157,23060",lucrarea pistonissent sporting răspunde,0.12715208083391188,0.0,True,0.0771520808339119,0.0771520808339119,0.053458571434020996,1.0,-0.019647374749183655,-0.0019310042262077332,0.041666666666666664,0.7598728327563331,0.9852941176470588,0.0,0.0,0.0,0.0,0.0,0.0
125,"0,133,157,26,158","30332,121,27499,15157,17319","lucrarea""izant sportingenţă",0.12710257917642592,0.0,True,0.07710257917642593,0.07710257917642593,0.05373067855834961,1.0,-0.018520253896713256,0.0008730043967564901,0.020833333333333332,0.785315235407372,0.9852941176470588,0.0,0.0,0.0,0.0,0.0,0.0
126,"0,35,157,26,90","30332,14797,27499,15157,23060",lucrareagraphicizant sporting răspunde,0.1270983671148618,0.0,True,0.0770983671148618,0.0770983671148618,0.056307101249694826,1.0,-0.018669301271438597,-6.783505280812581e-05,0.020833333333333332,0.7763150815698039,0.9794117647058824,0.0,0.0,0.0,0.0,0.0,0.0
127,"0,129,157,26,169","30332,17,27499,15157,680",lucrareatizant sporting sie,0.12708618293205898,0.0,True,0.07708618293205897,0.07708618293205897,0.05485420823097229,1.0,-0.01862601041793823,0.001448678473631541,0.020833333333333332,0.7713642598047135,0.9794117647058824,0.0,0.0,0.0,0.0,0.0,0.0
128,"0,189,157,26,158","30332,10646,27499,15157,17319",lucrareatializant sportingenţă,0.1270504449804624,0.0,True,0.07705044498046239,0.07705044498046239,0.05503129959106445,1.0,-0.01769823133945465,0.0020632868011792502,0.020833333333333332,0.7907445514446181,0.9823529411764707,0.0,0.0,0.0,0.0,0.0,0.0
129,"0,136,157,26,158","30332,2824,27499,15157,17319",lucrarea....izant sportingenţă,0.12702312370141347,0.0,True,0.07702312370141347,0.07702312370141347,0.052629345655441286,1.0,-0.01981125771999359,-0.0009778067469596863,0.041666666666666664,0.7974775115796926,0.988235294117647,0.0,0.0,0.0,0.0,0.0,0.0
130,"0,136,134,26,169","30332,2824,28448,15157,680",lucrarea.... senzati sporting sie,0.12701248675584792,0.0,True,0.07701248675584793,0.07701248675584793,0.05214210152626038,1.0,-0.014164191484451293,0.0016685451070467632,0.0,0.7860166513536664,0.976470588235294,0.0,0.0,0.0,0.0,0.0,0.0
131,"0,41,185,26,169","30332,3852,15058,15157,680",lucrarea reptient sporting sie,0.1270043209195137,0.0,True,0.0770043209195137,0.0770043209195137,0.0524886965751648,1.0,-0.01632484793663025,0.0009562124808629354,0.020833333333333332,0.7665504484175996,0.9794117647058824,0.0,0.0,0.0,0.0,0.0,0.0
132,"0,109,35,26,169","30332,12922,14797,15157,680",lucrareakettgraphic sporting sie,0.1269788697361946,0.0,True,0.07697886973619461,0.07697886973619461,0.05451827645301819,1.0,-0.014421862363815308,0.001803452769915263,0.0,0.777030314337314,0.9735294117647059,0.0,0.0,0.0,0.0,0.0,0.0
133,"0,129,157,26,184","30332,17,27499,15157,20351",lucrareatizant sportingüchte,0.1269676094253858,0.0,True,0.07696760942538579,0.07696760942538579,0.052645671367645266,1.0,-0.019357985258102416,-0.0007585460940996805,0.0,0.7861145269363561,0.9823529411764707,0.0,0.0,0.0,0.0,0.0,0.0
134,"0,133,74,26,169","30332,121,9633,15157,680","lucrarea"" bitte sporting sie",0.12690312713384627,0.0,True,0.07690312713384628,0.07690312713384628,0.050348156690597536,1.0,-0.019915848970413208,-0.005746593077977498,0.041666666666666664,0.759054861502577,0.9911764705882352,0.0,0.0,0.0,0.0,0.0,0.0
135,"0,13,100,90,82","30332,28688,14338,23060,16771",lucrarea piston surroundings răspunde posture,0.12690075288216274,0.0,True,0.07690075288216273,0.07690075288216273,0.05667966604232788,1.0,-0.017800506949424744,-0.007076834638913472,0.020833333333333332,0.7430483442855441,0.9852941176470588,0.0,0.0,0.0,0.0,0.0,0.0
136,"0,136,105,26,169","30332,2824,10924,15157,680",lucrarea....issent sporting sie,0.12674117634693782,0.0,True,0.07674117634693782,0.07674117634693782,0.053066545724868776,1.0,-0.01644265055656433,-0.0006901919841766357,0.020833333333333332,0.7793225944470427,0.9794117647058824,0.0,0.0,0.0,0.0,0.0,0.0
137,"0,169,105,26,169","30332,680,10924,15157,680",lucrarea sieissent sporting sie,0.12670909911394118,0.0,True,0.07670909911394119,0.07670909911394119,0.05624154806137085,1.0,-0.018303853273391724,-0.0003500257929166158,0.020833333333333332,0.7884239429919501,0.9823529411764707,0.0,0.0,0.0,0.0,0.0,0.0
138,"0,129,157,26,180","30332,17,27499,15157,31797",lucrareatizant sportingscrisă,0.12670825223128002,0.0,True,0.07670825223128001,0.07670825223128001,0.05479813814163208,1.0,-0.01838259696960449,0.0017759253581364949,0.020833333333333332,0.7948159595554627,0.988235294117647,0.0,0.0,0.0,0.0,0.0,0.0
139,"0,247,134,26,169","30332,12327,28448,15157,680",lucrarearegarded senzati sporting sie,0.1266857887307803,0.0,True,0.07668578873078029,0.07668578873078029,0.054105162620544434,1.0,-0.016816675662994385,0.0011969829599062602,0.020833333333333332,0.7718926953245034,0.988235294117647,0.0,0.0,0.0,0.0,0.0,0.0
140,"0,129,188,26,169","30332,17,29904,15157,680",lucrareatweilige sporting sie,0.12668071736892064,0.0,True,0.07668071736892064,0.07668071736892064,0.04963407516479492,1.0,-0.016087961196899415,-0.0011120438575744629,0.0,0.7717972125991193,0.9823529411764707,0.0,0.0,0.0,0.0,0.0,0.0
141,"0,41,157,26,158","30332,3852,27499,15157,17319",lucrarea repizant sportingenţă,0.12654561599095662,0.0,True,0.07654561599095662,0.07654561599095662,0.05488236546516419,1.0,-0.017280769348144532,-0.001094651718934377,0.0,0.7839297710274844,0.9794117647058824,0.0,0.0,0.0,0.0,0.0,0.0
142,"0,129,185,26,169","30332,17,15058,15157,680",lucrareattient sporting sie,0.1265070244669914,0.0,True,0.07650702446699142,0.07650702446699142,0.0515002965927124,1.0,-0.019695642590522765,0.003258983294169108,0.041666666666666664,0.7848676167133518,0.9735294117647059,0.0,0.0,0.0,0.0,0.0,0.0
143,"0,247,134,26,158","30332,12327,28448,15157,17319",lucrarearegarded senzati sportingenţă,0.12642471541961034,0.0,True,0.07642471541961034,0.07642471541961034,0.05199382901191711,1.0,-0.019368076324462892,-0.0003526856501897176,0.020833333333333332,0.7896965571337522,0.9852941176470588,0.0,0.0,0.0,0.0,0.0,0.0
144,"0,247,35,26,158","30332,12327,14797,15157,17319",lucrarearegardedgraphic sportingenţă,0.1264198824763298,0.0,True,0.0764198824763298,0.0764198824763298,0.05049397945404053,1.0,-0.019636863470077516,-2.319862445195516e-05,0.041666666666666664,0.7901609258289108,0.9794117647058824,0.0,0.0,0.0,0.0,0.0,0.0
145,"0,169,105,26,90","30332,680,10924,15157,23060",lucrarea sieissent sporting răspunde,0.1264041095972061,0.0,True,0.07640410959720612,0.07640410959720612,0.05622760653495789,1.0,-0.019733956456184386,-0.00036419183015823364,0.041666666666666664,0.7776755367314017,0.9794117647058824,0.0,0.0,0.0,0.0,0.0,0.0
146,"0,129,8,39,169","30332,17,17682,2951,680",lucrareatSportches sie,0.12640177259842555,0.0,True,0.07640177259842555,0.07640177259842555,0.05371778011322022,1.0,-0.01938842236995697,-0.0010000988841056824,0.020833333333333332,0.7593690976990516,0.9852941176470588,0.0,0.0,0.0,0.0,0.0,0.0
147,"0,35,74,26,169","30332,14797,9633,15157,680",lucrareagraphic bitte sporting sie,0.12635201265414556,0.0,True,0.07635201265414555,0.07635201265414555,0.05152506828308105,1.0,-0.018448591232299805,-0.00470049927632014,0.020833333333333332,0.7526614555380482,0.988235294117647,0.0,0.0,0.0,0.0,0.0,0.0
148,"0,35,105,26,158","30332,14797,10924,15157,17319",lucrareagraphicissent sportingenţă,0.12631669690211614,0.0,True,0.07631669690211614,0.07631669690211614,0.05378897786140442,1.0,-0.01789509356021881,0.0015101581811904907,0.0,0.7978421521574734,0.976470588235294,0.0,0.0,0.0,0.0,0.0,0.0
149,"0,247,35,26,180","30332,12327,14797,15157,31797",lucrarearegardedgraphic sportingscrisă,0.1262187068661054,0.0,True,0.07621870686610539,0.07621870686610539,0.05325070023536682,1.0,-0.017736363410949706,0.0001714626948038737,0.020833333333333332,0.7933927497813045,0.9823529411764707,0.0,0.0,0.0,0.0,0.0,0.0
150,"0,133,157,26,169","30332,121,27499,15157,680","lucrarea""izant sporting sie",0.12620970408121746,0.0,True,0.07620970408121745,0.07620970408121745,0.049619704484939575,1.0,-0.018158924579620362,0.0009482676784197489,0.0,0.7721478047888485,0.976470588235294,0.0,0.0,0.0,0.0,0.0,0.0
151,"0,129,105,26,90","30332,17,10924,15157,23060",lucrareatissent sporting răspunde,0.12612997045119603,0.0,True,0.07612997045119603,0.07612997045119603,0.05423263907432556,1.0,-0.01663532555103302,0.00014318774143854776,0.0,0.7695967101453985,0.9794117647058824,0.0,0.0,0.0,0.0,0.0,0.0
152,"0,133,134,26,153","30332,121,28448,15157,23158","lucrarea"" senzati sporting pierdere",0.1261088604728381,0.0,True,0.07610886047283809,0.07610886047283809,0.051750820875167844,1.0,-0.019846796989440918,-0.00010784218708674113,0.041666666666666664,0.7776875782068745,0.9794117647058824,0.0,0.0,0.0,0.0,0.0,0.0
153,"0,129,105,26,169","30332,17,10924,15157,680",lucrareatissent sporting sie,0.12607635855674743,0.0,True,0.07607635855674744,0.07607635855674744,0.054083168506622314,1.0,-0.01627090573310852,0.0016593063871065776,0.020833333333333332,0.770415221721772,0.9852941176470588,0.0,0.0,0.0,0.0,0.0,0.0
154,"0,41,185,26,158","30332,3852,15058,15157,17319",lucrarea reptient sportingenţă,0.12600605736176174,0.0,True,0.07600605736176173,0.07600605736176173,0.05584093928337097,1.0,-0.015118363499641418,0.0011137152711550395,0.0,0.7964934297155672,0.9823529411764707,0.0,0.0,0.0,0.0,0.0,0.0
155,"0,208,157,26,158","30332,2165,27499,15157,17319",lucrareavalizant sportingenţă,0.12600494970877965,0.0,True,0.07600494970877965,0.07600494970877965,0.0540016770362854,1.0,-0.017042458057403564,0.00023253758748372397,0.0,0.7903414707720585,0.9794117647058824,0.0,0.0,0.0,0.0,0.0,0.0
156,"0,247,157,26,180","30332,12327,27499,15157,31797",lucrarearegardedizant sportingscrisă,0.12600377748409908,0.0,True,0.07600377748409907,0.07600377748409907,0.05268620252609253,1.0,-0.018602785468101502,-0.00085668017466863,0.020833333333333332,0.7878779083926228,0.9794117647058824,0.0,0.0,0.0,0.0,0.0,0.0
157,"0,35,157,26,158","30332,14797,27499,15157,17319",lucrareagraphicizant sportingenţă,0.1259248211979866,0.0,True,0.0759248211979866,0.0759248211979866,0.053364109992980954,1.0,-0.01837093532085419,0.0017437835534413655,0.020833333333333332,0.7946462210646625,0.9794117647058824,0.0,0.0,0.0,0.0,0.0,0.0
158,"0,219,185,26,31","30332,25895,15058,15157,8221",lucrareafloodedtient sportingimage,0.12587333768606185,0.0,True,0.07587333768606186,0.07587333768606186,0.05503073334693909,1.0,-0.01840585470199585,-0.0024098679423332214,0.020833333333333332,0.7680359496706464,0.976470588235294,0.0,0.0,0.0,0.0,0.0,0.0
159,"0,13,134,147,82","30332,28688,28448,18956,16771",lucrarea piston senzatirius posture,0.12586553444465,0.0,True,0.07586553444465001,0.07586553444465001,0.05617043375968933,1.0,-0.01943334937095642,-0.003906880815823873,0.020833333333333332,0.7394541182347846,0.9823529411764707,0.0,0.0,0.0,0.0,0.0,0.0
160,"0,129,188,26,158","30332,17,29904,15157,17319",lucrareatweilige sportingenţă,0.12584708432356517,0.0,True,0.07584708432356517,0.07584708432356517,0.05079900622367859,1.0,-0.017424464225769043,-0.001298569142818451,0.0,0.7913277911155987,0.9852941176470588,0.0,0.0,0.0,0.0,0.0,0.0
161,"0,31,157,26,158","30332,8221,27499,15157,17319",lucrareaimageizant sportingenţă,0.12554991046587627,0.0,True,0.07554991046587627,0.07554991046587627,0.053434866666793826,1.0,-0.01841807961463928,-0.0010010749101638794,0.020833333333333332,0.7864141744221617,0.9852941176470588,0.0,0.0,0.0,0.0,0.0,0.0
162,"0,169,185,26,158","30332,680,15058,15157,17319",lucrarea sietient sportingenţă,0.12552739729483922,0.0,True,0.07552739729483922,0.07552739729483922,0.055258268117904664,1.0,-0.01841983199119568,-0.0005319540699323019,0.0,0.7648035082066901,0.976470588235294,0.0,0.0,0.0,0.0,0.0,0.0
163,"0,109,157,26,158","30332,12922,27499,15157,17319",lucrareakettizant sportingenţă,0.1255130425095558,0.0,True,0.07551304250955582,0.07551304250955582,0.05354750156402588,1.0,-0.018727019429206848,-0.0013910482327143352,0.020833333333333332,0.7880363001084582,0.9735294117647059,0.0,0.0,0.0,0.0,0.0,0.0
164,"0,105,35,26,158","30332,10924,14797,15157,17319",lucrareaissentgraphic sportingenţă,0.12541138678789138,0.0,True,0.07541138678789139,0.07541138678789139,0.052333134412765506,1.0,-0.01753620505332947,0.001432165503501892,0.0,0.8026115027120722,0.9794117647058824,0.0,0.0,0.0,0.0,0.0,0.0
165,"0,247,105,26,210","30332,12327,10924,15157,12182",lucrarearegardedissent sporting estim,0.12541084786256154,0.0,True,0.07541084786256154,0.07541084786256154,0.05077121257781983,1.0,-0.017979544401168824,-0.0012895489732424419,0.020833333333333332,0.7758026241616991,0.9852941176470588,0.0,0.0,0.0,0.0,0.0,0.0
166,"0,13,77,215,169","30332,28688,6177,6520,680",lucrarea piston tierib sie,0.1253430351614952,0.0,True,0.07534303516149521,0.07534303516149521,0.05454052090644837,1.0,-0.01884879469871521,-0.0001793925960858663,0.0,0.7684945291949047,0.9852941176470588,0.0,0.0,0.0,0.0,0.0,0.0
167,"0,129,185,26,158","30332,17,15058,15157,17319",lucrareattient sportingenţă,0.12525270680586498,0.0,True,0.07525270680586497,0.07525270680586497,0.05316211581230164,1.0,-0.01663261353969574,0.0026459371050198874,0.0,0.8097345757768893,0.9852941176470588,0.0,0.0,0.0,0.0,0.0,0.0
168,"0,133,8,215,169","30332,121,17682,6520,680","lucrarea""Sportrib sie",0.12523636023203533,0.0,True,0.07523636023203532,0.07523636023203532,0.05507397055625916,1.0,-0.017390191555023193,-8.136779069900513e-05,0.020833333333333332,0.7732359373512907,0.9911764705882352,0.0,0.0,0.0,0.0,0.0,0.0
169,"0,189,185,26,215","30332,10646,15058,15157,6520",lucrareatialtient sportingrib,0.1251101051767667,0.0,True,0.07511010517676671,0.07511010517676671,0.05435889959335327,1.0,-0.01734697222709656,0.0005845402677853903,0.020833333333333332,0.7936136645428643,0.976470588235294,0.0,0.0,0.0,0.0,0.0,0.0
170,"0,129,41,165,169","30332,17,3852,13114,680",lucrareat rep-> sie,0.12508227229118346,0.0,True,0.07508227229118347,0.07508227229118347,0.05060427188873291,1.0,-0.01838124096393585,-0.003734886646270752,0.020833333333333332,0.7570245606733285,0.976470588235294,0.0,0.0,0.0,0.0,0.0,0.0
171,"0,13,151,215,169","30332,28688,1110,6520,680",lucrarea piston seinrib sie,0.12508165886004766,0.0,True,0.07508165886004765,0.07508165886004765,0.05043771266937256,1.0,-0.019943273067474364,-0.002951463063557943,0.020833333333333332,0.7598786219272335,0.988235294117647,0.0,0.0,0.0,0.0,0.0,0.0
172,"0,109,134,26,169","30332,12922,28448,15157,680",lucrareakett senzati sporting sie,0.12503524174292882,0.0,True,0.07503524174292882,0.07503524174292882,0.054206347465515135,1.0,-0.01387576162815094,0.001896873116493225,0.0,0.7800061797469638,0.9794117647058824,0.0,0.0,0.0,0.0,0.0,0.0
173,"0,189,185,26,158","30332,10646,15058,15157,17319",lucrareatialtient sportingenţă,0.12497695585091909,0.0,True,0.07497695585091908,0.07497695585091908,0.05305925011634827,1.0,-0.016482865810394286,0.0025404244661331177,0.0,0.8112053339413764,0.976470588235294,0.0,0.0,0.0,0.0,0.0,0.0
174,"0,31,105,26,180","30332,8221,10924,15157,31797",lucrareaimageissent sportingscrisă,0.12483782122532527,0.0,True,0.07483782122532527,0.07483782122532527,0.05491238236427307,1.0,-0.019434720277786255,1.1146068572998047e-05,0.020833333333333332,0.8051114982737079,0.988235294117647,0.0,0.0,0.0,0.0,0.0,0.0
175,"0,129,200,26,169","30332,17,3404,15157,680",lucrareatware sporting sie,0.12483622928460439,0.0,True,0.07483622928460439,0.07483622928460439,0.05001241564750671,1.0,-0.014140522480010987,0.0013053839405377705,0.0,0.7729184592191118,0.9823529411764707,0.0,0.0,0.0,0.0,0.0,0.0
176,"0,202,105,26,210","30332,5457,10924,15157,12182",lucrareanchissent sporting estim,0.12475924243529637,0.0,True,0.07475924243529637,0.07475924243529637,0.0545412540435791,1.0,-0.018011540174484253,-9.192526340484619e-05,0.020833333333333332,0.7766709997967615,0.9823529411764707,0.0,0.0,0.0,0.0,0.0,0.0
177,"0,189,185,26,171","30332,10646,15058,15157,7184",lucrareatialtient sportingн,0.1246228074034055,0.0,True,0.0746228074034055,0.0746228074034055,0.05706925988197327,1.0,-0.017834079265594483,0.0022032161553700766,0.0,0.8155084632661282,0.9911764705882352,0.0,0.0,0.0,0.0,0.0,0.0
178,"0,35,185,26,171","30332,14797,15058,15157,7184",lucrareagraphictient sportingн,0.12462267329295476,0.0,True,0.07462267329295476,0.07462267329295476,0.05591826438903809,1.0,-0.017902368307113645,0.002028110126654307,0.020833333333333332,0.8027449623985631,0.9823529411764707,0.0,0.0,0.0,0.0,0.0,0.0
179,"0,169,10,14,54","30332,680,15854,6661,7818",lucrarea sie realmsportroc,0.12457090665896733,0.0,True,0.07457090665896733,0.07457090665896733,0.05291649103164673,1.0,-0.018216866254806518,-0.0007544830441474915,0.020833333333333332,0.7735385952059645,0.9823529411764707,0.0,0.0,0.0,0.0,0.0,0.0
180,"0,241,157,26,169","30332,31980,27499,15157,680",lucrarearéglageizant sporting sie,0.12456555465857189,0.0,True,0.07456555465857188,0.07456555465857188,0.053171902894973755,1.0,-0.018570441007614135,0.0007280980547269186,0.020833333333333332,0.7679277307692812,0.9823529411764707,0.0,0.0,0.0,0.0,0.0,0.0
181,"0,31,8,215,90","30332,8221,17682,6520,23060",lucrareaimageSportrib răspunde,0.12455859581629436,0.0,True,0.07455859581629436,0.07455859581629436,0.0529767632484436,1.0,-0.01976851224899292,-0.0040010809898376465,0.020833333333333332,0.7635195472899231,0.9705882352941176,0.0,0.0,0.0,0.0,0.0,0.0
182,"0,175,105,26,158","30332,21379,10924,15157,17319",lucrareaçantissent sportingenţă,0.1245283563931783,0.0,True,0.0745283563931783,0.0745283563931783,0.05436990261077881,1.0,-0.018578669428825377,-0.00028032809495925903,0.0,0.7785520172057246,0.9911764705882352,0.0,0.0,0.0,0.0,0.0,0.0
183,"0,129,35,215,122","30332,17,14797,6520,12759",lucrareatgraphicrib beneath,0.12452679673830669,0.0,True,0.07452679673830669,0.07452679673830669,0.0627395510673523,1.0,-0.018190374970436095,0.0007512842615445455,0.020833333333333332,0.797421318027486,0.9676470588235294,0.0,0.0,0.0,0.0,0.0,0.0
184,"0,31,100,215,82","30332,8221,14338,6520,16771",lucrareaimage surroundingsrib posture,0.12449073592821758,0.0,True,0.07449073592821757,0.07449073592821757,0.05360820293426514,1.0,-0.018217259645462038,-0.00455966591835022,0.020833333333333332,0.7616348248115837,0.9852941176470588,0.0,0.0,0.0,0.0,0.0,0.0
185,"0,219,185,26,158","30332,25895,15058,15157,17319",lucrareafloodedtient sportingenţă,0.12445713629325231,0.0,True,0.0744571362932523,0.0744571362932523,0.04831824898719788,1.0,-0.016312083601951598,-7.274001836776733e-05,0.0,0.7827840555118194,0.9852941176470588,0.0,0.0,0.0,0.0,0.0,0.0
186,"0,247,188,26,158","30332,12327,29904,15157,17319",lucrarearegardedweilige sportingenţă,0.12444470127423604,0.0,True,0.07444470127423604,0.07444470127423604,0.049048542976379395,1.0,-0.019939178228378297,-0.004211711386839549,0.020833333333333332,0.777493833954074,0.9588235294117649,0.0,0.0,0.0,0.0,0.0,0.0
187,"0,129,35,215,82","30332,17,14797,6520,16771",lucrareatgraphicrib posture,0.12431727647781372,0.0,True,0.07431727647781372,0.07431727647781372,0.05476071834564209,1.0,-0.013913595676422119,0.0010227784514427185,0.020833333333333332,0.7658595301678713,0.9852941176470588,0.0,0.0,0.0,0.0,0.0,0.0
188,"0,247,185,26,169","30332,12327,15058,15157,680",lucrarearegardedtient sporting sie,0.12421905547380448,0.0,True,0.07421905547380447,0.07421905547380447,0.04891619086265564,1.0,-0.013775819540023803,0.0034588873386383057,0.0,0.7829118804053006,0.9823529411764707,0.0,0.0,0.0,0.0,0.0,0.0
189,"0,13,186,134,82","30332,28688,10443,28448,16771",lucrarea pistonû senzati posture,0.12415658980607987,0.0,True,0.07415658980607986,0.07415658980607986,0.0563711941242218,1.0,-0.01945836842060089,-0.004897075394789378,0.020833333333333332,0.7392928705279717,0.9794117647058824,0.0,0.0,0.0,0.0,0.0,0.0
190,"0,13,100,148,158","30332,28688,14338,5615,17319",lucrarea piston surroundingsitzenţă,0.12400622715552648,0.0,True,0.07400622715552647,0.07400622715552647,0.05358436703681946,1.0,-0.018802505731582642,-0.0033227900664011636,0.020833333333333332,0.7604262774944128,0.9823529411764707,0.0,0.0,0.0,0.0,0.0,0.0
191,"0,133,105,26,90","30332,121,10924,15157,23060","lucrarea""issent sporting răspunde",0.1239707996447881,0.0,True,0.0739707996447881,0.0739707996447881,0.05405647754669189,1.0,-0.019396910071372987,-0.0027102728684743247,0.020833333333333332,0.7658722663438522,0.9794117647058824,0.0,0.0,0.0,0.0,0.0,0.0
192,"0,31,157,26,169","30332,8221,27499,15157,680",lucrareaimageizant sporting sie,0.12393961399793625,0.0,True,0.07393961399793625,0.07393961399793625,0.049238157272338864,1.0,-0.01907919645309448,0.0007582679390907288,0.020833333333333332,0.7718248462415506,0.976470588235294,0.0,0.0,0.0,0.0,0.0,0.0
193,"0,133,188,26,169","30332,121,29904,15157,680","lucrarea""weilige sporting sie",0.12386473566293717,0.0,True,0.07386473566293716,0.07386473566293716,0.04772462248802185,1.0,-0.01714656949043274,-0.00347414364417394,0.0,0.7689905453576523,0.9852941176470588,0.0,0.0,0.0,0.0,0.0,0.0
194,"0,31,8,215,169","30332,8221,17682,6520,680",lucrareaimageSportrib sie,0.12384999841451645,0.0,True,0.07384999841451645,0.07384999841451645,0.054557633399963376,1.0,-0.018377885222434998,-0.0007618193825085958,0.020833333333333332,0.7760531794782691,0.9823529411764707,0.0,0.0,0.0,0.0,0.0,0.0
195,"0,35,105,26,169","30332,14797,10924,15157,680",lucrareagraphicissent sporting sie,0.12381318012873332,0.0,True,0.07381318012873332,0.07381318012873332,0.05157899856567383,1.0,-0.014311417937278748,0.002831779420375824,0.0,0.7741526332661353,0.9911764705882352,0.0,0.0,0.0,0.0,0.0,0.0
196,"0,129,131,26,169","30332,17,30173,15157,680",lucrareat machiaj sporting sie,0.12376193751891454,0.0,True,0.07376193751891454,0.07376193751891454,0.051866191625595096,1.0,-0.014576554298400879,0.0004916265606880188,0.0,0.7668776523568911,0.9852941176470588,0.0,0.0,0.0,0.0,0.0,0.0
197,"0,31,105,26,169","30332,8221,10924,15157,680",lucrareaimageissent sporting sie,0.12370944072802861,0.0,True,0.07370944072802861,0.07370944072802861,0.052596545219421385,1.0,-0.016137489676475523,0.0010663246115048726,0.0,0.7733119684624494,0.9823529411764707,0.0,0.0,0.0,0.0,0.0,0.0
198,"0,133,185,26,169","30332,121,15058,15157,680","lucrarea""tient sporting sie",0.1237003857890765,0.0,True,0.07370038578907649,0.07370038578907649,0.05371612310409546,1.0,-0.01734723448753357,0.0020301764210065207,0.020833333333333332,0.784623236512409,0.9911764705882352,0.0,0.0,0.0,0.0,0.0,0.0
199,"0,133,185,26,171","30332,121,15058,15157,7184","lucrarea""tient sportingн",0.12316821813583374,0.0,True,0.07316821813583374,0.07316821813583374,0.05300555825233459,1.0,-0.01881730556488037,-0.00010318060715993245,0.0,0.8257610077418196,0.9911764705882352,0.0,0.0,0.0,0.0,0.0,0.0
200,"0,247,8,39,54","30332,12327,17682,2951,7818",lucrarearegardedSportchesroc,0.12314885904391606,0.0,True,0.07314885904391606,0.07314885904391606,0.0522114098072052,1.0,-0.01863914728164673,-0.00222871204217275,0.020833333333333332,0.7459098156782018,0.9823529411764707,0.0,0.0,0.0,0.0,0.0,0.0
201,"0,247,105,26,169","30332,12327,10924,15157,680",lucrarearegardedissent sporting sie,0.12313571373621623,0.0,True,0.07313571373621623,0.07313571373621623,0.05008812546730042,1.0,-0.01307208240032196,0.002253832916418711,0.0,0.7735852945178945,0.9823529411764707,0.0,0.0,0.0,0.0,0.0,0.0
202,"0,129,8,147,169","30332,17,17682,18956,680",lucrareatSportrius sie,0.12308746377627056,0.0,True,0.07308746377627055,0.07308746377627055,0.052478963136672975,1.0,-0.016779780387878418,0.0023845285177230835,0.0,0.7699338714586387,0.9941176470588234,0.0,0.0,0.0,0.0,0.0,0.0
203,"0,133,185,26,180","30332,121,15058,15157,31797","lucrarea""tient sportingscrisă",0.12308218628168106,0.0,True,0.07308218628168106,0.07308218628168106,0.051251888275146484,1.0,-0.01771586239337921,0.002059526741504669,0.0,0.811816361632679,0.9911764705882352,0.0,0.0,0.0,0.0,0.0,0.0
204,"0,133,185,26,158","30332,121,15058,15157,17319","lucrarea""tient sportingenţă",0.12299180328845978,0.0,True,0.07299180328845978,0.07299180328845978,0.04992970824241638,1.0,-0.01770658791065216,2.1037956078847248e-05,0.020833333333333332,0.7979429609200861,0.9852941176470588,0.0,0.0,0.0,0.0,0.0,0.0
205,"0,169,41,147,82","30332,680,3852,18956,16771",lucrarea sie reprius posture,0.12290693620840709,0.0,True,0.07290693620840709,0.07290693620840709,0.05743877291679383,1.0,-0.017604821920394895,-0.0037532995144526162,0.020833333333333332,0.7617675897975665,0.9794117647058824,0.0,0.0,0.0,0.0,0.0,0.0
206,"0,129,100,166,169","30332,17,14338,31468,680",lucrareat surroundings ingrijire sie,0.12288900017738343,0.0,True,0.07288900017738342,0.07288900017738342,0.04319552183151245,1.0,-0.01977687478065491,-0.0013465782006581624,0.020833333333333332,0.8128668259897958,0.976470588235294,0.0,0.0,0.0,0.0,0.0,0.0
207,"0,169,8,165,180","30332,680,17682,13114,31797",lucrarea sieSport->scrisă,0.12269080231587093,0.0,True,0.07269080231587093,0.07269080231587093,0.05260205864906311,1.0,-0.019039839506149292,-0.00018487870693206787,0.020833333333333332,0.7868637228398153,0.9941176470588234,0.0,0.0,0.0,0.0,0.0,0.0
208,"0,13,100,39,169","30332,28688,14338,2951,680",lucrarea piston surroundingsches sie,0.12268999268611272,0.0,True,0.07268999268611272,0.07268999268611272,0.049391263723373414,1.0,-0.01991196870803833,-0.0015158380071322124,0.041666666666666664,0.7494229161474102,0.9852941176470588,0.0,0.0,0.0,0.0,0.0,0.0
209,"0,136,188,26,169","30332,2824,29904,15157,680",lucrarea....weilige sporting sie,0.12262263198693593,0.0,True,0.07262263198693593,0.07262263198693593,0.04450703263282776,1.0,-0.019449889659881592,-0.005495866139729817,0.020833333333333332,0.7709283738303848,0.988235294117647,0.0,0.0,0.0,0.0,0.0,0.0
210,"0,31,8,39,158","30332,8221,17682,2951,17319",lucrareaimageSportchesenţă,0.12256986697514852,0.0,True,0.07256986697514851,0.07256986697514851,0.055507755279541014,1.0,-0.018011251091957094,-0.0021009047826131186,0.020833333333333332,0.7624176750952106,0.9852941176470588,0.0,0.0,0.0,0.0,0.0,0.0
211,"0,169,8,147,90","30332,680,17682,18956,23060",lucrarea sieSportrius răspunde,0.1222348044315974,0.0,True,0.0722348044315974,0.0722348044315974,0.05218338966369629,1.0,-0.018546894192695618,-0.0005856528878211975,0.020833333333333332,0.7740065145926087,0.9911764705882352,0.0,0.0,0.0,0.0,0.0,0.0
212,"0,190,185,26,90","30332,11733,15058,15157,23060",lucrareausiontient sporting răspunde,0.12222822805245717,0.0,True,0.07222822805245717,0.07222822805245717,0.05005166530609131,1.0,-0.018399518728256226,9.657442569732666e-05,0.0,0.7798332765094047,0.9852941176470588,0.0,0.0,0.0,0.0,0.0,0.0
213,"0,129,8,215,159","30332,17,17682,6520,3077",lucrareatSportribige,0.12219007362922032,0.0,True,0.07219007362922032,0.07219007362922032,0.05083280801773071,1.0,-0.01746886968612671,0.004051511486371358,0.020833333333333332,0.7991823066264471,0.988235294117647,0.0,0.0,0.0,0.0,0.0,0.0
214,"0,129,8,238,54","30332,17,17682,12740,7818",lucrareatSportvoluroc,0.1218838448325793,0.0,True,0.0718838448325793,0.0718838448325793,0.050431519746780396,1.0,-0.019933706521987914,-0.001215207080046336,0.041666666666666664,0.7600959088083624,0.9852941176470588,0.0,0.0,0.0,0.0,0.0,0.0
215,"0,129,134,206,82","30332,17,28448,17140,16771",lucrareat senzatiliga posture,0.12171025375525157,0.0,True,0.07171025375525157,0.07171025375525157,0.05345621109008789,1.0,-0.018505364656448364,-0.0028031369050343833,0.020833333333333332,0.7525572504618407,0.976470588235294,0.0,0.0,0.0,0.0,0.0,0.0
216,"0,247,105,26,153","30332,12327,10924,15157,23158",lucrarearegardedissent sporting pierdere,0.12168735315402349,0.0,True,0.07168735315402348,0.07168735315402348,0.05060091018676758,1.0,-0.01759021282196045,-0.0005255341529846191,0.0,0.7917778798558697,0.988235294117647,0.0,0.0,0.0,0.0,0.0,0.0
217,"0,133,8,215,159","30332,121,17682,6520,3077","lucrarea""Sportribige",0.12153600205977758,0.0,True,0.07153600205977757,0.07153600205977757,0.04915384650230408,1.0,-0.017899468541145325,0.0023541897535324097,0.020833333333333332,0.8103715389538259,0.9794117647058824,0.0,0.0,0.0,0.0,0.0,0.0
218,"0,247,100,147,82","30332,12327,14338,18956,16771",lucrarearegarded surroundingsrius posture,0.12151367018620174,0.0,True,0.07151367018620174,0.07151367018620174,0.0489885151386261,1.0,-0.018144917488098145,-0.0057660142580668134,0.020833333333333332,0.7400808152819909,0.9794117647058824,0.0,0.0,0.0,0.0,0.0,0.0
219,"0,129,157,39,82","30332,17,27499,2951,16771",lucrareatizantches posture,0.12134679208199184,0.0,True,0.07134679208199184,0.07134679208199184,0.051804691553115845,1.0,-0.015459409356117249,-0.0006026451786359152,0.020833333333333332,0.7667390210110625,0.976470588235294,0.0,0.0,0.0,0.0,0.0,0.0
220,"0,247,8,215,54","30332,12327,17682,6520,7818",lucrarearegardedSportribroc,0.12132801413536072,0.0,True,0.07132801413536072,0.07132801413536072,0.05049324035644531,1.0,-0.017544206976890565,0.0009816735982894897,0.0,0.763934746626901,0.988235294117647,0.0,0.0,0.0,0.0,0.0,0.0
221,"0,136,10,215,82","30332,2824,15854,6520,16771",lucrarea.... realmrib posture,0.12124118010203044,0.0,True,0.07124118010203044,0.07124118010203044,0.05445586442947388,1.0,-0.01853954195976257,-0.005201593041419983,0.020833333333333332,0.7526574417128906,0.9911764705882352,0.0,0.0,0.0,0.0,0.0,0.0
222,"0,129,100,215,169","30332,17,14338,6520,680",lucrareat surroundingsrib sie,0.12113565504550934,0.0,True,0.07113565504550934,0.07113565504550934,0.048700940608978276,1.0,-0.014935776591300964,-0.0005383168657620748,0.020833333333333332,0.7852949347147479,0.9823529411764707,0.0,0.0,0.0,0.0,0.0,0.0
223,"0,35,100,134,169","30332,14797,14338,28448,680",lucrareagraphic surroundings senzati sie,0.12109568268060684,0.0,True,0.07109568268060684,0.07109568268060684,0.04973885416984558,1.0,-0.019366461038589477,-0.0014096423983573914,0.020833333333333332,0.7982393664701873,0.9794117647058824,0.0,0.0,0.0,0.0,0.0,0.0
224,"0,247,185,26,158","30332,12327,15058,15157,17319",lucrarearegardedtient sportingenţă,0.121044626335303,0.0,True,0.071044626335303,0.071044626335303,0.0490975558757782,1.0,-0.016569295525550844,0.0005585824449857076,0.020833333333333332,0.7970993629364774,0.9852941176470588,0.0,0.0,0.0,0.0,0.0,0.0
225,"0,169,8,133,180","30332,680,17682,121,31797","lucrarea sieSport""scrisă",0.12100227475166321,0.0,True,0.07100227475166321,0.07100227475166321,0.05334221124649048,1.0,-0.019211405515670778,0.0019796788692474365,0.020833333333333332,0.7965968629023213,0.9970588235294118,0.0,0.0,0.0,0.0,0.0,0.0
226,"0,133,8,215,158","30332,121,17682,6520,17319","lucrarea""Sportribenţă",0.12094268749157588,0.0,True,0.07094268749157588,0.07094268749157588,0.05427122116088867,1.0,-0.015498748421669005,0.0028406307101249695,0.0,0.7997702548230934,0.988235294117647,0.0,0.0,0.0,0.0,0.0,0.0
227,"0,169,8,215,210","30332,680,17682,6520,12182",lucrarea sieSportrib estim,0.12062593350807826,0.0,True,0.07062593350807826,0.07062593350807826,0.05079940557479858,1.0,-0.01761091947555542,-0.0008317604660987854,0.020833333333333332,0.7932394525358614,0.9794117647058824,0.0,0.0,0.0,0.0,0.0,0.0
228,"0,247,8,215,90","30332,12327,17682,6520,23060",lucrarearegardedSportrib răspunde,0.12046101987361908,0.0,True,0.07046101987361908,0.07046101987361908,0.04720922708511353,1.0,-0.01645985245704651,-0.000417629877726237,0.0,0.7692859474514642,0.9852941176470588,0.0,0.0,0.0,0.0,0.0,0.0
229,"0,13,35,215,180","30332,28688,14797,6520,31797",lucrarea pistongraphicribscrisă,0.12044997066259384,0.0,True,0.07044997066259384,0.07044997066259384,0.05250509381294251,1.0,-0.017300528287887574,0.0009164909521738688,0.020833333333333332,0.7760064801663391,0.9941176470588234,0.0,0.0,0.0,0.0,0.0,0.0
230,"0,169,8,147,159","30332,680,17682,18956,3077",lucrarea sieSportriusige,0.1204276164372762,0.0,True,0.0704276164372762,0.0704276164372762,0.05078724026679993,1.0,-0.017189142107963563,0.0024676000078519187,0.020833333333333332,0.8078674523780872,0.988235294117647,0.0,0.0,0.0,0.0,0.0,0.0
231,"0,186,105,26,210","30332,10443,10924,15157,12182",lucrareaûissent sporting estim,0.12035642862319947,0.0,True,0.07035642862319946,0.07035642862319946,0.048663371801376344,1.0,-0.016705334186553955,-0.0016003971298535664,0.0,0.7860968506678735,0.9941176470588234,0.0,0.0,0.0,0.0,0.0,0.0
232,"0,247,8,215,169","30332,12327,17682,6520,680",lucrarearegardedSportrib sie,0.12030158986647924,0.0,True,0.07030158986647923,0.07030158986647923,0.05085707306861877,1.0,-0.016350531578063966,0.0018423696358998616,0.020833333333333332,0.7743778706086341,0.9911764705882352,0.0,0.0,0.0,0.0,0.0,0.0
233,"0,189,8,238,159","30332,10646,17682,12740,3077",lucrareatialSportvoluige,0.12014412184556325,0.0,True,0.07014412184556325,0.07014412184556325,0.046973985433578495,1.0,-0.01933950185775757,-0.0014295304814974468,0.020833333333333332,0.7726468313204643,0.9941176470588234,0.0,0.0,0.0,0.0,0.0,0.0
234,"0,247,40,147,36","30332,12327,18132,18956,24143",lucrarearegarded VorstandriusKT,0.12009033858776093,0.0,True,0.07009033858776093,0.07009033858776093,0.04412027001380921,1.0,-0.019153833389282227,-0.0005010316769282023,0.020833333333333332,0.7816431257107654,0.9588235294117649,0.0,0.0,0.0,0.0,0.0,0.0
235,"0,189,100,147,169","30332,10646,14338,18956,680",lucrareatial surroundingsrius sie,0.11997786462306977,0.0,True,0.06997786462306976,0.06997786462306976,0.04842224717140198,1.0,-0.018233269453048706,0.0001413548986117045,0.020833333333333332,0.8099626691103657,0.9823529411764707,0.0,0.0,0.0,0.0,0.0,0.0
236,"0,129,41,215,54","30332,17,3852,6520,7818",lucrareat repribroc,0.11980363776286443,0.0,True,0.06980363776286443,0.06980363776286443,0.04908073544502258,1.0,-0.014782190322875977,-0.0005367075403531393,0.020833333333333332,0.7795552419282941,0.9852941176470588,0.0,0.0,0.0,0.0,0.0,0.0
237,"118,169,0,215,210","2280,680,30332,6520,12182", km sielucrarearib estim,0.1197460596760114,0.0,True,0.0697460596760114,0.0697460596760114,0.044983011484146115,1.0,-0.017730629444122313,-0.001156732439994812,0.0,0.7809760588451469,0.976470588235294,0.0,0.0,0.0,0.0,0.0,0.0
238,"0,129,8,200,153","30332,17,17682,3404,23158",lucrareatSportware pierdere,0.1193398763736089,0.0,True,0.0693398763736089,0.0693398763736089,0.050352740287780764,1.0,-0.017088890075683594,0.0009301081299781799,0.0,0.8016249508016959,0.9823529411764707,0.0,0.0,0.0,0.0,0.0,0.0
239,"0,41,100,39,169","30332,3852,14338,2951,680",lucrarea rep surroundingsches sie,0.11931844353675843,0.0,True,0.06931844353675842,0.06931844353675842,0.0468069851398468,1.0,-0.01661105453968048,0.0006761600573857626,0.0,0.8020027135001845,0.9823529411764707,0.0,0.0,0.0,0.0,0.0,0.0
240,"0,247,186,26,169","30332,12327,10443,15157,680",lucrarearegardedû sporting sie,0.1192497839530309,0.0,True,0.0692497839530309,0.0692497839530309,0.04527240991592407,1.0,-0.01652676463127136,-0.0007496029138565063,0.020833333333333332,0.769692038492892,0.9823529411764707,0.0,0.0,0.0,0.0,0.0,0.0
241,"0,247,8,215,158","30332,12327,17682,6520,17319",lucrarearegardedSportribenţă,0.11910095115502675,0.0,True,0.06910095115502675,0.06910095115502675,0.048663383722305296,1.0,-0.015612345933914185,0.002091397841771444,0.0,0.7866499094612266,0.976470588235294,0.0,0.0,0.0,0.0,0.0,0.0
242,"0,61,100,215,169","30332,18837,14338,6520,680",lucrarea manger surroundingsrib sie,0.1190541962782542,0.0,True,0.0690541962782542,0.0690541962782542,0.04719616174697876,1.0,-0.01714445948600769,-0.002168769637743632,0.020833333333333332,0.8099883730291636,0.9823529411764707,0.0,0.0,0.0,0.0,0.0,0.0
243,"0,133,8,147,184","30332,121,17682,18956,20351","lucrarea""Sportriusüchte",0.1189767599105835,0.0,True,0.0689767599105835,0.0689767599105835,0.0482866644859314,1.0,-0.0189971923828125,0.00024225314458211264,0.020833333333333332,0.7969466060136517,0.988235294117647,0.0,0.0,0.0,0.0,0.0,0.0
244,"0,189,100,14,178","30332,10646,14338,6661,30831",lucrareatial surroundingssportTotusi,0.11883393476406734,0.0,True,0.06883393476406734,0.06883393476406734,0.048629409074783324,1.0,-0.016261327266693115,0.0013840024669965108,0.020833333333333332,0.8106599940425572,0.9794117647058824,0.0,0.0,0.0,0.0,0.0,0.0
245,"0,129,100,39,169","30332,17,14338,2951,680",lucrareat surroundingsches sie,0.1188253939151764,0.0,True,0.06882539391517639,0.06882539391517639,0.04860561490058899,1.0,-0.017767888307571412,-0.00023859739303588867,0.0,0.8065804039035067,0.9823529411764707,0.0,0.0,0.0,0.0,0.0,0.0
246,"0,202,100,215,90","30332,5457,14338,6520,23060",lucrareanch surroundingsrib răspunde,0.11867178281148275,0.0,True,0.06867178281148274,0.06867178281148274,0.051655107736587526,1.0,-0.019913044571876527,-0.0021625359853108725,0.041666666666666664,0.7988128803340552,0.9794117647058824,0.0,0.0,0.0,0.0,0.0,0.0
247,"0,31,100,215,90","30332,8221,14338,6520,23060",lucrareaimage surroundingsrib răspunde,0.11861584633588791,0.0,True,0.06861584633588791,0.06861584633588791,0.047282570600509645,1.0,-0.018686404824256896,-0.002052935461203257,0.020833333333333332,0.7921652139835802,0.976470588235294,0.0,0.0,0.0,0.0,0.0,0.0
248,"0,133,41,14,158","30332,121,3852,6661,17319","lucrarea"" repsportenţă",0.11852204849322637,0.0,True,0.06852204849322636,0.06852204849322636,0.04913272857666016,1.0,-0.01774309277534485,-0.0015474086006482441,0.020833333333333332,0.7929618038994775,0.9823529411764707,0.0,0.0,0.0,0.0,0.0,0.0
249,"0,129,105,43,31","30332,17,10924,25627,8221",lucrareatissent Exteriorimage,0.1185159017642339,0.0,True,0.0685159017642339,0.0685159017642339,0.053327429294586184,1.0,-0.018368756771087645,-0.003987227876981099,0.020833333333333332,0.7820249022344116,0.9794117647058824,0.0,0.0,0.0,0.0,0.0,0.0
250,"0,41,74,190,54","30332,3852,9633,11733,7818",lucrarea rep bitteusionroc,0.1185145581761996,0.0,True,0.0685145581761996,0.0685145581761996,0.049331873655319214,1.0,-0.01760571599006653,-0.0007501939932505289,0.020833333333333332,0.7884744245622016,0.976470588235294,0.0,0.0,0.0,0.0,0.0,0.0
251,"0,122,77,190,31","30332,12759,6177,11733,8221",lucrarea beneath tieusionimage,0.1183676227927208,0.0,True,0.0683676227927208,0.0683676227927208,0.05624846816062927,1.0,-0.018047103285789488,0.0008691723148028055,0.0,0.8115499053933691,0.9735294117647059,0.0,0.0,0.0,0.0,0.0,0.0
252,"0,37,8,147,158","30332,30396,17682,18956,17319",lucrareaelectriqueSportriusenţă,0.11822167088588079,0.0,True,0.06822167088588078,0.06822167088588078,0.051511675119400024,1.0,-0.019147157669067383,0.0002966150641441345,0.020833333333333332,0.8008762952208541,0.9852941176470588,0.0,0.0,0.0,0.0,0.0,0.0
253,"0,129,35,215,169","30332,17,14797,6520,680",lucrareatgraphicrib sie,0.11818357358376186,0.0,True,0.06818357358376186,0.06818357358376186,0.05206243991851807,1.0,-0.012863856554031373,0.004906006157398224,0.0,0.8169183965416883,0.988235294117647,0.0,0.0,0.0,0.0,0.0,0.0
254,"0,31,100,14,180","30332,8221,14338,6661,31797",lucrareaimage surroundingssportscrisă,0.11814834972222646,0.0,True,0.06814834972222646,0.06814834972222646,0.04689779877662659,1.0,-0.017628517746925355,-0.0007524217168490092,0.0,0.7739889927020168,0.9735294117647059,0.0,0.0,0.0,0.0,0.0,0.0
255,"0,129,41,39,169","30332,17,3852,2951,680",lucrareat repches sie,0.11812720000743866,0.0,True,0.06812720000743866,0.06812720000743866,0.04909228086471558,1.0,-0.016415989398956297,0.0009396125872929891,0.020833333333333332,0.7948342533355081,0.988235294117647,0.0,0.0,0.0,0.0,0.0,0.0
256,"0,186,8,215,169","30332,10443,17682,6520,680",lucrareaûSportrib sie,0.11806514908870061,0.0,True,0.06806514908870061,0.06806514908870061,0.046855002641677856,1.0,-0.016834431886672975,0.001310497522354126,0.020833333333333332,0.7872962896894944,0.9911764705882352,0.0,0.0,0.0,0.0,0.0,0.0
257,"0,189,100,238,54","30332,10646,14338,12740,7818",lucrareatial surroundingsvoluroc,0.11791779398918152,0.0,True,0.06791779398918152,0.06791779398918152,0.04535900950431824,1.0,-0.01924143135547638,-0.0013341555992762248,0.0,0.7951252556594356,0.9735294117647059,0.0,0.0,0.0,0.0,0.0,0.0
258,"0,41,46,143,158","30332,3852,18927,9031,17319",lucrarea rep rarighenţă,0.1177332952618599,0.0,True,0.0677332952618599,0.0677332952618599,0.048678416013717654,1.0,-0.018333873152732848,-0.005021428068478902,0.0,0.7527763898776578,0.9735294117647059,0.0,0.0,0.0,0.0,0.0,0.0
259,"0,169,185,14,90","30332,680,15058,6661,23060",lucrarea sietientsport răspunde,0.11770234555006027,0.0,True,0.06770234555006027,0.06770234555006027,0.04919854998588562,1.0,-0.01837022602558136,0.0013589536150296528,0.020833333333333332,0.7894720916807066,0.9852941176470588,0.0,0.0,0.0,0.0,0.0,0.0
260,"0,129,77,215,169","30332,17,6177,6520,680",lucrareat tierib sie,0.11757781406243642,0.0,True,0.06757781406243642,0.06757781406243642,0.04697139263153076,1.0,-0.014923840761184692,0.003406338393688202,0.020833333333333332,0.8068809776566563,0.988235294117647,0.0,0.0,0.0,0.0,0.0,0.0
261,"0,169,105,165,215","30332,680,10924,13114,6520",lucrarea sieissent->rib,0.11753222892681758,0.0,True,0.06753222892681758,0.06753222892681758,0.05060288906097412,1.0,-0.016709351539611818,-0.0020027259985605874,0.020833333333333332,0.7672368125195529,0.9823529411764707,0.0,0.0,0.0,0.0,0.0,0.0
262,"0,247,41,215,169","30332,12327,3852,6520,680",lucrarearegarded reprib sie,0.11746805210908254,0.0,True,0.06746805210908254,0.06746805210908254,0.04353943467140198,1.0,-0.013853728771209717,0.000106029212474823,0.0,0.7608026507918852,0.9852941176470588,0.0,0.0,0.0,0.0,0.0,0.0
263,"0,247,8,200,180","30332,12327,17682,3404,31797",lucrarearegardedSportwarescrisă,0.11742838025093079,0.0,True,0.06742838025093079,0.06742838025093079,0.04957367181777954,1.0,-0.017348551750183107,-0.0010862573981285095,0.0,0.7816685208737819,0.9735294117647059,0.0,0.0,0.0,0.0,0.0,0.0
264,"0,202,74,14,158","30332,5457,9633,6661,17319",lucrareanch bittesportenţă,0.11742254147926967,0.0,True,0.06742254147926967,0.06742254147926967,0.046670120954513554,1.0,-0.018226277828216553,0.0006928443908691406,0.020833333333333332,0.8081312841932555,0.988235294117647,0.0,0.0,0.0,0.0,0.0,0.0
265,"0,129,35,165,169","30332,17,14797,13114,680",lucrareatgraphic-> sie,0.11737990925709407,0.0,True,0.06737990925709407,0.06737990925709407,0.053580909967422485,1.0,-0.015232783555984498,0.002477755149205526,0.020833333333333332,0.8121911139622993,0.988235294117647,0.0,0.0,0.0,0.0,0.0,0.0
266,"0,219,188,147,82","30332,25895,29904,18956,16771",lucrareafloodedweiligerius posture,0.11735987216234207,0.0,True,0.06735987216234207,0.06735987216234207,0.05083870887756348,1.0,-0.017846459150314332,-0.003603219985961914,0.020833333333333332,0.7616000125972359,0.9735294117647059,0.0,0.0,0.0,0.0,0.0,0.0
267,"0,129,100,154,158","30332,17,14338,12307,17319",lucrareat surroundingsoaraenţă,0.11730905423561733,0.0,True,0.06730905423561732,0.06730905423561732,0.046227377653121945,1.0,-0.017259132862091065,0.0005960042277971903,0.0,0.8058815351924085,0.9823529411764707,0.0,0.0,0.0,0.0,0.0,0.0
268,"0,129,134,215,90","30332,17,28448,6520,23060",lucrareat senzatirib răspunde,0.1172002707918485,0.0,True,0.0672002707918485,0.0672002707918485,0.04796240925788879,1.0,-0.016026094555854797,0.0006778066356976827,0.020833333333333332,0.7878206341951813,0.976470588235294,0.0,0.0,0.0,0.0,0.0,0.0
269,"0,169,96,39,31","30332,680,11564,2951,8221",lucrarea sietatachesimage,0.11716299553712209,0.0,True,0.06716299553712209,0.06716299553712209,0.04706144332885742,1.0,-0.01855400502681732,4.559755325317383e-06,0.020833333333333332,0.8027380153934827,0.9823529411764707,0.0,0.0,0.0,0.0,0.0,0.0
270,"0,13,134,247,169","30332,28688,28448,12327,680",lucrarea piston senzatiregarded sie,0.11710775444904964,0.0,True,0.06710775444904964,0.06710775444904964,0.043002617359161374,1.0,-0.019862067699432374,-0.0020893489321072898,0.041666666666666664,0.7803072938227308,0.9735294117647059,0.0,0.0,0.0,0.0,0.0,0.0
271,"0,169,100,39,169","30332,680,14338,2951,680",lucrarea sie surroundingsches sie,0.11703810393810272,0.0,True,0.06703810393810272,0.06703810393810272,0.045989567041397096,1.0,-0.017747840285301207,-0.0017394771178563435,0.020833333333333332,0.8057839683655001,0.9852941176470588,0.0,0.0,0.0,0.0,0.0,0.0
272,"0,12,105,215,169","30332,12337,10924,6520,680",lucrarea mobilityissentrib sie,0.11696677953004837,0.0,True,0.06696677953004837,0.06696677953004837,0.052551406621932986,1.0,-0.015092587471008301,0.0009035840630531311,0.020833333333333332,0.8066832195786982,0.9823529411764707,0.0,0.0,0.0,0.0,0.0,0.0
273,"0,129,35,171,169","30332,17,14797,7184,680",lucrareatgraphicн sie,0.11689667453368505,0.0,True,0.06689667453368504,0.06689667453368504,0.05158103108406067,1.0,-0.014902660250663757,0.002021623154481252,0.0,0.8076457657270739,0.988235294117647,0.0,0.0,0.0,0.0,0.0,0.0
274,"0,202,8,147,180","30332,5457,17682,18956,31797",lucrareanchSportriusscrisă,0.11683575610319774,0.0,True,0.06683575610319774,0.06683575610319774,0.049126064777374266,1.0,-0.016833722591400146,0.0021108041206995645,0.0,0.7917101079618621,0.9852941176470588,0.0,0.0,0.0,0.0,0.0,0.0
275,"0,35,41,178,169","30332,14797,3852,30831,680",lucrareagraphic repTotusi sie,0.1167753169933955,0.0,True,0.06677531699339549,0.06677531699339549,0.053576552867889406,1.0,-0.019543129205703735,-0.0019468565781911213,0.020833333333333332,0.7966444884815954,0.988235294117647,0.0,0.0,0.0,0.0,0.0,0.0
276,"0,200,8,134,184","30332,3404,17682,28448,20351",lucrareawareSport senzatiüchte,0.11675594796737035,0.0,True,0.06675594796737035,0.06675594796737035,0.04589641094207764,1.0,-0.01917390525341034,-0.0009715656439463297,0.020833333333333332,0.7993680232289324,0.988235294117647,0.0,0.0,0.0,0.0,0.0,0.0
277,"0,35,105,230,158","30332,14797,10924,25638,17319",lucrareagraphicissent Numeroenţă,0.11671147048473358,0.0,True,0.06671147048473358,0.06671147048473358,0.04232051968574524,1.0,-0.01694967746734619,-0.0030612672368685403,0.020833333333333332,0.7589103637969026,0.961764705882353,0.0,0.0,0.0,0.0,0.0,0.0
278,"0,129,77,1,158","30332,17,6177,22665,17319",lucrareat tiepicturedenţă,0.11666304419438045,0.0,True,0.06666304419438045,0.06666304419438045,0.04064818620681763,1.0,-0.018581321835517882,0.0014807383219401042,0.020833333333333332,0.8198243287668611,0.9794117647058824,0.0,0.0,0.0,0.0,0.0,0.0
279,"0,129,35,147,74","30332,17,14797,18956,9633",lucrareatgraphicrius bitte,0.1165928324063619,0.0,True,0.0665928324063619,0.0665928324063619,0.04745373725891113,1.0,-0.014123421907424927,-0.0019064173102378845,0.020833333333333332,0.7763778361823644,0.9852941176470588,0.0,0.0,0.0,0.0,0.0,0.0
280,"0,41,77,156,158","30332,3852,6177,6872,17319",lucrarea rep tieeştienţă,0.11658573200305303,0.0,True,0.06658573200305302,0.06658573200305302,0.042434900999069214,1.0,-0.017664796113967894,-0.002880185842514038,0.0,0.8058865524738555,0.976470588235294,0.0,0.0,0.0,0.0,0.0,0.0
281,"0,133,41,165,158","30332,121,3852,13114,17319","lucrarea"" rep->enţă",0.11655191630125046,0.0,True,0.06655191630125046,0.06655191630125046,0.04399425387382507,1.0,-0.017660096287727356,-0.0033827399214108786,0.020833333333333332,0.7905983555821463,0.9705882352941176,0.0,0.0,0.0,0.0,0.0,0.0
282,"0,133,157,133,82","30332,121,27499,121,16771","lucrarea""izant"" posture",0.11646558394034703,0.0,True,0.06646558394034703,0.06646558394034703,0.04685845971107483,1.0,-0.018809586763381958,-0.00334916760524114,0.020833333333333332,0.7742256540084258,0.9735294117647059,0.0,0.0,0.0,0.0,0.0,0.0
283,"0,133,100,215,90","30332,121,14338,6520,23060","lucrarea"" surroundingsrib răspunde",0.11646258383989334,0.0,True,0.06646258383989334,0.06646258383989334,0.047379815578460695,1.0,-0.01799261271953583,-0.002442921201388041,0.020833333333333332,0.8011543298019648,0.9823529411764707,0.0,0.0,0.0,0.0,0.0,0.0
284,"0,136,157,14,31","30332,2824,27499,6661,8221",lucrarea....izantsportimage,0.11639528026183446,0.0,True,0.06639528026183446,0.06639528026183446,0.051539677381515506,1.0,-0.0195206880569458,0.0006096884608268738,0.041666666666666664,0.8004038216864349,0.9823529411764707,0.0,0.0,0.0,0.0,0.0,0.0
285,"0,247,41,215,45","30332,12327,3852,6520,25231",lucrarearegarded repribffentlichkeit,0.11634737054506938,0.0,True,0.06634737054506938,0.06634737054506938,0.044245123863220215,1.0,-0.017946651577949523,-0.0003263975183169047,0.020833333333333332,0.752737486649207,0.9794117647058824,0.0,0.0,0.0,0.0,0.0,0.0
286,"0,202,134,215,169","30332,5457,28448,6520,680",lucrareanch senzatirib sie,0.11632009893655777,0.0,True,0.06632009893655777,0.06632009893655777,0.04935566782951355,1.0,-0.012767332792282104,0.0038525909185409546,0.0,0.7794535840872828,0.988235294117647,0.0,0.0,0.0,0.0,0.0,0.0
287,"0,169,41,147,54","30332,680,3852,18956,7818",lucrarea sie repriusroc,0.11630738576253255,0.0,True,0.06630738576253255,0.06630738576253255,0.045087897777557374,1.0,-0.017915910482406615,0.0004528363545735677,0.020833333333333332,0.8056173946214589,0.9852941176470588,0.0,0.0,0.0,0.0,0.0,0.0
288,"0,129,8,190,180","30332,17,17682,11733,31797",lucrareatSportusionscrisă,0.11630142778158188,0.0,True,0.06630142778158188,0.06630142778158188,0.04634416103363037,1.0,-0.01525329053401947,0.0029901241262753806,0.020833333333333332,0.7854892192901658,0.9941176470588234,0.0,0.0,0.0,0.0,0.0,0.0
289,"0,129,41,39,162","30332,17,3852,2951,5290",lucrareat repchesizat,0.11626905252536138,0.0,True,0.06626905252536137,0.06626905252536137,0.046097809076309205,1.0,-0.017541971802711488,-0.004197207589944203,0.020833333333333332,0.7886978865589577,0.976470588235294,0.0,0.0,0.0,0.0,0.0,0.0
290,"0,41,134,215,159","30332,3852,28448,6520,3077",lucrarea rep senzatiribige,0.11624424457550049,0.0,True,0.06624424457550049,0.06624424457550049,0.04672098755836487,1.0,-0.013207337260246277,0.0010669703284899394,0.020833333333333332,0.7778802418144404,0.9823529411764707,0.0,0.0,0.0,0.0,0.0,0.0
291,"0,247,8,147,152","30332,12327,17682,18956,19355",lucrarearegardedSportrius persoană,0.11623165309429169,0.0,True,0.06623165309429169,0.06623165309429169,0.04683383703231812,1.0,-0.01922239065170288,-0.0002919683853785197,0.0,0.7911570491685092,0.988235294117647,0.0,0.0,0.0,0.0,0.0,0.0
292,"0,247,8,200,153","30332,12327,17682,3404,23158",lucrarearegardedSportware pierdere,0.11622587392727535,0.0,True,0.06622587392727534,0.06622587392727534,0.04761995673179627,1.0,-0.018428155779838563,-0.002441359062989553,0.020833333333333332,0.794319480259043,0.976470588235294,0.0,0.0,0.0,0.0,0.0,0.0
293,"0,247,41,39,65","30332,12327,3852,2951,22276",lucrarearegarded repchesrij,0.11620897352695465,0.0,True,0.06620897352695465,0.06620897352695465,0.04485915899276734,1.0,-0.019668522477149963,-0.005122450490792592,0.020833333333333332,0.7560356159056467,0.9794117647058824,0.0,0.0,0.0,0.0,0.0,0.0
294,"0,169,41,215,54","30332,680,3852,6520,7818",lucrarea sie repribroc,0.11617178271214168,0.0,True,0.06617178271214168,0.06617178271214168,0.04552618861198425,1.0,-0.014884129166603088,0.000927428404490153,0.0,0.8239649753616746,0.9794117647058824,0.0,0.0,0.0,0.0,0.0,0.0
295,"0,169,46,215,90","30332,680,18927,6520,23060",lucrarea sie rarrib răspunde,0.11614040583372116,0.0,True,0.06614040583372116,0.06614040583372116,0.04632781744003296,1.0,-0.01862488090991974,-0.0034083897868792215,0.0,0.7764097924057347,0.9823529411764707,0.0,0.0,0.0,0.0,0.0,0.0
296,"0,136,41,118,158","30332,2824,3852,2280,17319",lucrarea.... rep kmenţă,0.11607981522878011,0.0,True,0.0660798152287801,0.0660798152287801,0.04387351870536804,1.0,-0.018771591782569885,-0.0013366068402926128,0.020833333333333332,0.8097585815388898,0.9823529411764707,0.0,0.0,0.0,0.0,0.0,0.0
297,"0,136,186,14,169","30332,2824,10443,6661,680",lucrarea....ûsport sie,0.1160542498032252,0.0,True,0.0660542498032252,0.0660542498032252,0.04994184374809265,1.0,-0.018749552965164184,-1.7163654168446858e-05,0.020833333333333332,0.8088963038305091,0.988235294117647,0.0,0.0,0.0,0.0,0.0,0.0
298,"0,41,105,215,169","30332,3852,10924,6520,680",lucrarea repissentrib sie,0.11596923371156057,0.0,True,0.06596923371156056,0.06596923371156056,0.050869494676589966,1.0,-0.013388442993164062,0.0006048654516537985,0.0,0.7929198131132131,0.9852941176470588,0.0,0.0,0.0,0.0,0.0,0.0
299,"0,13,100,193,159","30332,28688,14338,26831,3077",lucrarea piston surroundingsVoraussetzungenige,0.11592907259861629,0.0,True,0.06592907259861629,0.06592907259861629,0.047333186864852904,1.0,-0.019674694538116454,-0.005492883423964183,0.041666666666666664,0.7738524454577123,0.988235294117647,0.0,0.0,0.0,0.0,0.0,0.0
300,"0,122,35,226,131","30332,12759,14797,20736,30173",lucrarea beneathgraphicesel machiaj,0.1158806711435318,0.0,True,0.0658806711435318,0.0658806711435318,0.04574967622756958,1.0,-0.01584034562110901,0.00021316607793172201,0.020833333333333332,0.8087889340075427,0.976470588235294,0.0,0.0,0.0,0.0,0.0,0.0
301,"0,129,100,165,158","30332,17,14338,13114,17319",lucrareat surroundings->enţă,0.11576541562875112,0.0,True,0.06576541562875111,0.06576541562875111,0.04182270765304565,1.0,-0.018471956253051758,-0.0015289634466171265,0.0,0.8227127391014419,0.9823529411764707,0.0,0.0,0.0,0.0,0.0,0.0
302,"0,129,100,215,158","30332,17,14338,6520,17319",lucrareat surroundingsribenţă,0.11576419125000637,0.0,True,0.06576419125000636,0.06576419125000636,0.04599903821945191,1.0,-0.015312755107879638,0.001646411915620168,0.020833333333333332,0.8160380566200983,0.9823529411764707,0.0,0.0,0.0,0.0,0.0,0.0
303,"0,189,94,215,169","30332,10646,18852,6520,680",lucrareatialkaprib sie,0.11571715573469799,0.0,True,0.06571715573469798,0.06571715573469798,0.04870956540107727,1.0,-0.015997791290283205,0.001787299911181132,0.020833333333333332,0.8212158910734304,0.988235294117647,0.0,0.0,0.0,0.0,0.0,0.0
304,"0,133,35,54,158","30332,121,14797,7818,17319","lucrarea""graphicrocenţă",0.1156888410449028,0.0,True,0.0656888410449028,0.0656888410449028,0.046486747264862065,1.0,-0.017022350430488588,0.0009347101052602133,0.0,0.7709565477954335,0.976470588235294,0.0,0.0,0.0,0.0,0.0,0.0
305,"0,129,134,215,169","30332,17,28448,6520,680",lucrareat senzatirib sie,0.11567462782065074,0.0,True,0.06567462782065074,0.06567462782065074,0.047566157579421994,1.0,-0.013097646832466125,0.0036492571234703064,0.020833333333333332,0.8193110994693028,0.9823529411764707,0.0,0.0,0.0,0.0,0.0,0.0
306,"0,133,41,39,169","30332,121,3852,2951,680","lucrarea"" repches sie",0.11566113481918971,0.0,True,0.06566113481918971,0.06566113481918971,0.04631056785583496,1.0,-0.015286964178085326,0.0008769705891609192,0.0,0.8071088394232967,0.988235294117647,0.0,0.0,0.0,0.0,0.0,0.0
307,"0,31,185,230,65","30332,8221,15058,25638,22276",lucrareaimagetient Numerorij,0.11562816103299459,0.0,True,0.06562816103299458,0.06562816103299458,0.04359018802642822,1.0,-0.016259777545928954,-0.002350829541683197,0.020833333333333332,0.7814708399847691,0.976470588235294,0.0,0.0,0.0,0.0,0.0,0.0
308,"0,53,157,147,169","30332,1735,27499,18956,680",lucrarea movingizantrius sie,0.11560704360405605,0.0,True,0.06560704360405605,0.06560704360405605,0.047055357694625856,1.0,-0.018966078758239746,-0.0012903213500976562,0.020833333333333332,0.8147728526170488,0.9794117647058824,0.0,0.0,0.0,0.0,0.0,0.0
309,"0,41,105,190,31","30332,3852,10924,11733,8221",lucrarea repissentusionimage,0.11556076556444168,0.0,True,0.06556076556444168,0.06556076556444168,0.051328730583190915,1.0,-0.016559243202209473,-0.0018888115882873535,0.0,0.7894768002063723,0.9852941176470588,0.0,0.0,0.0,0.0,0.0,0.0
310,"0,169,35,133,169","30332,680,14797,121,680","lucrarea siegraphic"" sie",0.11550365438063939,0.0,True,0.06550365438063939,0.06550365438063939,0.045686197280883786,1.0,-0.01943655014038086,-0.0014448439081509907,0.020833333333333332,0.8151630427357368,0.9823529411764707,0.0,0.0,0.0,0.0,0.0,0.0
311,"0,189,100,147,158","30332,10646,14338,18956,17319",lucrareatial surroundingsriusenţă,0.11545618176460266,0.0,True,0.06545618176460266,0.06545618176460266,0.04441338777542114,1.0,-0.015389615297317505,0.0031291271249453225,0.0,0.8327325589069366,0.976470588235294,0.0,0.0,0.0,0.0,0.0,0.0
312,"118,247,0,43,131","2280,12327,30332,25627,30173", kmregardedlucrarea Exterior machiaj,0.11544173508882523,0.0,True,0.06544173508882523,0.06544173508882523,0.03984001278877258,1.0,-0.018890762329101564,-0.0031407500306765237,0.020833333333333332,0.8096126944321993,0.9647058823529412,0.0,0.0,0.0,0.0,0.0,0.0
313,"0,129,57,190,169","30332,17,23976,11733,680",lucrareat déplacementusion sie,0.1153865858912468,0.0,True,0.0653865858912468,0.0653865858912468,0.04867170453071594,1.0,-0.016682082414627077,-0.0007160430153210958,0.020833333333333332,0.7865568195931478,0.9823529411764707,0.0,0.0,0.0,0.0,0.0,0.0
314,"0,136,41,215,169","30332,2824,3852,6520,680",lucrarea.... reprib sie,0.11532627095778783,0.0,True,0.06532627095778783,0.06532627095778783,0.04320451617240906,1.0,-0.016455113887786865,-0.002040314177672068,0.020833333333333332,0.8198029474290022,0.9705882352941176,0.0,0.0,0.0,0.0,0.0,0.0
315,"0,129,74,39,210","30332,17,9633,2951,12182",lucrareat bitteches estim,0.11531995286544164,0.0,True,0.06531995286544164,0.06531995286544164,0.03932409882545471,1.0,-0.014961600303649902,2.1321078141530354e-05,0.0,0.8239355663735005,0.9852941176470588,0.0,0.0,0.0,0.0,0.0,0.0
316,"0,247,8,215,153","30332,12327,17682,6520,23158",lucrarearegardedSportrib pierdere,0.11527536610762279,0.0,True,0.06527536610762279,0.06527536610762279,0.04722445607185364,1.0,-0.01647791862487793,6.353110074996948e-05,0.020833333333333332,0.7888618358788575,0.9823529411764707,0.0,0.0,0.0,0.0,0.0,0.0
317,"0,149,41,213,65","30332,18457,3852,73,22276",lucrarea varsta rep unrij,0.11526293853918712,0.0,True,0.06526293853918712,0.06526293853918712,0.04936738014221192,1.0,-0.019959351420402525,-0.0075426846742630005,0.041666666666666664,0.7800642258338587,0.988235294117647,0.0,0.0,0.0,0.0,0.0,0.0
318,"0,35,41,190,169","30332,14797,3852,11733,680",lucrareagraphic repusion sie,0.11524594376484554,0.0,True,0.06524594376484553,0.06524594376484553,0.05007624626159668,1.0,-0.015392255783081055,0.0005818257729212443,0.020833333333333332,0.814335345674868,0.9794117647058824,0.0,0.0,0.0,0.0,0.0,0.0
319,"0,41,185,215,54","30332,3852,15058,6520,7818",lucrarea reptientribroc,0.11507585942745209,0.0,True,0.06507585942745209,0.06507585942745209,0.042572444677352904,1.0,-0.013165146112442017,0.0030554855863253274,0.020833333333333332,0.7993627743806494,0.9794117647058824,0.0,0.0,0.0,0.0,0.0,0.0
320,"0,169,35,215,138","30332,680,14797,6520,9518",lucrarea siegraphicrib oferit,0.1150251309076945,0.0,True,0.0650251309076945,0.0650251309076945,0.048012173175811766,1.0,-0.015879800915718077,0.001152127981185913,0.0,0.807437818708331,0.9852941176470588,0.0,0.0,0.0,0.0,0.0,0.0
321,"0,41,77,147,158","30332,3852,6177,18956,17319",lucrarea rep tieriusenţă,0.11498910983403524,0.0,True,0.06498910983403523,0.06498910983403523,0.041883647441864014,1.0,-0.019511079788208006,-0.0013173669576644897,0.041666666666666664,0.8038457539480409,0.976470588235294,0.0,0.0,0.0,0.0,0.0,0.0
322,"0,169,100,39,31","30332,680,14338,2951,8221",lucrarea sie surroundingschesimage,0.1149801070491473,0.0,True,0.06498010704914729,0.06498010704914729,0.04415451288223267,1.0,-0.016334056854248047,0.0003858134150505066,0.020833333333333332,0.8009439127369711,0.976470588235294,0.0,0.0,0.0,0.0,0.0,0.0
323,"0,129,157,14,169","30332,17,27499,6661,680",lucrareatizantsport sie,0.11488625705242157,0.0,True,0.06488625705242157,0.06488625705242157,0.049308353662490846,1.0,-0.01531459391117096,0.0008162980278333029,0.020833333333333332,0.8047072597669681,0.9794117647058824,0.0,0.0,0.0,0.0,0.0,0.0
324,"0,133,134,35,169","30332,121,28448,14797,680","lucrarea"" senzatigraphic sie",0.11482064972321193,0.0,True,0.06482064972321193,0.06482064972321193,0.04850444197654724,1.0,-0.01574385166168213,0.0021910866101582846,0.0,0.8139862200751002,0.9823529411764707,0.0,0.0,0.0,0.0,0.0,0.0
325,"0,129,41,215,158","30332,17,3852,6520,17319",lucrareat repribenţă,0.11479614973068238,0.0,True,0.06479614973068237,0.06479614973068237,0.040038669109344484,1.0,-0.014292070269584655,0.002243049442768097,0.0,0.8280383131961526,0.9794117647058824,0.0,0.0,0.0,0.0,0.0,0.0
326,"0,129,105,39,90","30332,17,10924,2951,23060",lucrareatissentches răspunde,0.11476921339829763,0.0,True,0.06476921339829762,0.06476921339829762,0.04014897346496582,1.0,-0.015442076325416564,-0.0005874708294868469,0.0,0.7629075933312766,0.976470588235294,0.0,0.0,0.0,0.0,0.0,0.0
327,"0,31,77,215,180","30332,8221,6177,6520,31797",lucrareaimage tieribscrisă,0.11473673631747563,0.0,True,0.06473673631747563,0.06473673631747563,0.04622282385826111,1.0,-0.01578724980354309,0.0022361104687054953,0.0,0.809811919100119,0.9794117647058824,0.0,0.0,0.0,0.0,0.0,0.0
328,"0,129,100,190,169","30332,17,14338,11733,680",lucrareat surroundingsusion sie,0.11468980014324189,0.0,True,0.06468980014324188,0.06468980014324188,0.0457273542881012,1.0,-0.014495116472244263,0.0032679537932078042,0.0,0.8244875445216188,0.9852941176470588,0.0,0.0,0.0,0.0,0.0,0.0
329,"0,133,185,147,82","30332,121,15058,18956,16771","lucrarea""tientrius posture",0.11449410319328308,0.0,True,0.06449410319328308,0.06449410319328308,0.04584240317344666,1.0,-0.0186232328414917,-0.0027311096588770547,0.020833333333333332,0.7807607016876514,0.9823529411764707,0.0,0.0,0.0,0.0,0.0,0.0
330,"0,41,157,215,45","30332,3852,27499,6520,25231",lucrarea repizantribffentlichkeit,0.11448542575041454,0.0,True,0.06448542575041454,0.06448542575041454,0.04376223683357239,1.0,-0.016600805521011352,0.001770240565141042,0.020833333333333332,0.7854210614514316,0.9676470588235294,0.0,0.0,0.0,0.0,0.0,0.0
331,"0,129,46,165,158","30332,17,18927,13114,17319",lucrareat rar->enţă,0.11447979807853699,0.0,True,0.06447979807853699,0.06447979807853699,0.04548709988594055,1.0,-0.015074235200881959,-0.0015109082063039143,0.0,0.7610541323757993,0.988235294117647,0.0,0.0,0.0,0.0,0.0,0.0
332,"0,129,151,215,169","30332,17,1110,6520,680",lucrareat seinrib sie,0.11447648753722509,0.0,True,0.06447648753722508,0.06447648753722508,0.04876401424407959,1.0,-0.01892997920513153,0.0013660614689191182,0.020833333333333332,0.8207720546377318,0.988235294117647,0.0,0.0,0.0,0.0,0.0,0.0
333,"0,37,188,215,82","30332,30396,29904,6520,16771",lucrareaelectriqueweiligerib posture,0.11444131831328075,0.0,True,0.06444131831328075,0.06444131831328075,0.03921138644218445,1.0,-0.01864493191242218,-0.0047149658203125,0.020833333333333332,0.7657498446765447,0.976470588235294,0.0,0.0,0.0,0.0,0.0,0.0
334,"0,129,100,39,159","30332,17,14338,2951,3077",lucrareat surroundingschesige,0.11436625371376674,0.0,True,0.06436625371376674,0.06436625371376674,0.04383963346481323,1.0,-0.019255480170249938,0.0011703868707021077,0.020833333333333332,0.8275014640813207,0.9823529411764707,0.0,0.0,0.0,0.0,0.0,0.0
335,"0,129,157,230,158","30332,17,27499,25638,17319",lucrareatizant Numeroenţă,0.11423876682917278,0.0,True,0.06423876682917277,0.06423876682917277,0.03985404372215271,1.0,-0.019159731268882752,-0.0018862585226694744,0.020833333333333332,0.806209665399044,0.961764705882353,0.0,0.0,0.0,0.0,0.0,0.0
336,"0,37,8,215,153","30332,30396,17682,6520,23158",lucrareaelectriqueSportrib pierdere,0.11410986681779225,0.0,True,0.06410986681779225,0.06410986681779225,0.048295730352401735,1.0,-0.018855690956115723,0.0005724206566810608,0.020833333333333332,0.8016316662399404,0.9852941176470588,0.0,0.0,0.0,0.0,0.0,0.0
337,"0,129,10,215,158","30332,17,15854,6520,17319",lucrareat realmribenţă,0.11405891726414363,0.0,True,0.06405891726414363,0.06405891726414363,0.045199024677276614,1.0,-0.01321250796318054,0.0019511605302492778,0.0,0.8198059577978704,0.9852941176470588,0.0,0.0,0.0,0.0,0.0,0.0
338,"0,41,157,200,31","30332,3852,27499,3404,8221",lucrarea repizantwareimage,0.11399905929962795,0.0,True,0.06399905929962794,0.06399905929962794,0.04573558568954468,1.0,-0.019256281852722167,-0.00034783780574798584,0.020833333333333332,0.8129203179289156,0.9794117647058824,0.0,0.0,0.0,0.0,0.0,0.0
339,"0,13,105,39,158","30332,28688,10924,2951,17319",lucrarea pistonissentchesenţă,0.11390342364708583,0.0,True,0.06390342364708583,0.06390342364708583,0.043490254878997804,1.0,-0.01846274137496948,-0.0021461298068364463,0.020833333333333332,0.7784157787172016,0.9735294117647059,0.0,0.0,0.0,0.0,0.0,0.0
340,"0,169,151,147,169","30332,680,1110,18956,680",lucrarea sie seinrius sie,0.11386810292800267,0.0,True,0.06386810292800267,0.06386810292800267,0.045754873752593996,1.0,-0.019847825169563293,-0.0015805711348851521,0.041666666666666664,0.7976399171206856,0.9852941176470588,0.0,0.0,0.0,0.0,0.0,0.0
341,"0,219,185,14,180","30332,25895,15058,6661,31797",lucrareafloodedtientsportscrisă,0.1138640895485878,0.0,True,0.0638640895485878,0.0638640895485878,0.04283696413040161,1.0,-0.017028337717056273,0.00029513736565907794,0.020833333333333332,0.8170127986218377,0.976470588235294,0.0,0.0,0.0,0.0,0.0,0.0
342,"0,31,100,39,180","30332,8221,14338,2951,31797",lucrareaimage surroundingschesscrisă,0.11381463756163915,0.0,True,0.06381463756163915,0.06381463756163915,0.04050465822219849,1.0,-0.018788716197013854,-0.001942962408065796,0.020833333333333332,0.7994325531872357,0.976470588235294,0.0,0.0,0.0,0.0,0.0,0.0
343,"0,247,41,147,215","30332,12327,3852,18956,6520",lucrarearegarded repriusrib,0.1137147178252538,0.0,True,0.0637147178252538,0.0637147178252538,0.04172713756561279,1.0,-0.013064810633659362,-0.00019274155298868814,0.0,0.8033842412438598,0.976470588235294,0.0,0.0,0.0,0.0,0.0,0.0
344,"0,133,134,39,169","30332,121,28448,2951,680","lucrarea"" senzatiches sie",0.1136850247780482,0.0,True,0.0636850247780482,0.0636850247780482,0.04500727653503418,1.0,-0.01535487174987793,0.0014197975397109985,0.0,0.8289357890636078,0.9823529411764707,0.0,0.0,0.0,0.0,0.0,0.0
345,"0,129,35,139,169","30332,17,14797,31,680",lucrareatgraphic' sie,0.1136437435944875,0.0,True,0.0636437435944875,0.0636437435944875,0.05048105716705322,1.0,-0.01383797824382782,0.004129139085610707,0.0,0.8216464510105307,0.988235294117647,0.0,0.0,0.0,0.0,0.0,0.0
346,"0,189,185,14,180","30332,10646,15058,6661,31797",lucrareatialtientsportscrisă,0.11363104780515035,0.0,True,0.06363104780515035,0.06363104780515035,0.048203325271606444,1.0,-0.014788776636123657,0.0039362832903862,0.020833333333333332,0.8039205500360742,0.9941176470588234,0.0,0.0,0.0,0.0,0.0,0.0
347,"0,31,151,39,180","30332,8221,1110,2951,31797",lucrareaimage seinchesscrisă,0.11355913976828258,0.0,True,0.06355913976828258,0.06355913976828258,0.04716116189956665,1.0,-0.017649531364440918,-0.0018614381551742554,0.0,0.8028712435131375,0.976470588235294,0.0,0.0,0.0,0.0,0.0,0.0
348,"0,35,185,230,158","30332,14797,15058,25638,17319",lucrareagraphictient Numeroenţă,0.11351282199223836,0.0,True,0.06351282199223836,0.06351282199223836,0.044463104009628295,1.0,-0.017871835827827455,-0.001191521684328715,0.020833333333333332,0.7997309656499159,0.9735294117647059,0.0,0.0,0.0,0.0,0.0,0.0
349,"0,169,8,190,162","30332,680,17682,11733,5290",lucrarea sieSportusionizat,0.11342394401629766,0.0,True,0.06342394401629765,0.06342394401629765,0.050431829690933225,1.0,-0.019984221458435057,-0.0009652798374493917,0.041666666666666664,0.7877287793502281,0.976470588235294,0.0,0.0,0.0,0.0,0.0,0.0
350,"0,31,10,215,158","30332,8221,15854,6520,17319",lucrareaimage realmribenţă,0.11338753302892049,0.0,True,0.06338753302892049,0.06338753302892049,0.04629016518592834,1.0,-0.0179634153842926,0.0005278810858726501,0.020833333333333332,0.8124465321824256,0.9794117647058824,0.0,0.0,0.0,0.0,0.0,0.0
351,"0,169,105,215,54","30332,680,10924,6520,7818",lucrarea sieissentribroc,0.11337769329547882,0.0,True,0.06337769329547882,0.06337769329547882,0.046506500244140624,1.0,-0.014845988154411316,0.0034687196214993796,0.0,0.8119948224743024,0.988235294117647,0.0,0.0,0.0,0.0,0.0,0.0
352,"0,247,35,215,45","30332,12327,14797,6520,25231",lucrarearegardedgraphicribffentlichkeit,0.11335605680942536,0.0,True,0.06335605680942535,0.06335605680942535,0.04635422229766846,1.0,-0.016402032971382142,0.0018937264879544575,0.0,0.7938876852988174,0.9794117647058824,0.0,0.0,0.0,0.0,0.0,0.0
353,"0,219,185,39,169","30332,25895,15058,2951,680",lucrareafloodedtientches sie,0.11334987034400304,0.0,True,0.06334987034400304,0.06334987034400304,0.03913136720657349,1.0,-0.01759428679943085,-0.00082407146692276,0.0,0.8031031962938808,0.9794117647058824,0.0,0.0,0.0,0.0,0.0,0.0
354,"0,129,41,190,169","30332,17,3852,11733,680",lucrareat repusion sie,0.11328262637058895,0.0,True,0.06328262637058894,0.06328262637058894,0.042799878120422366,1.0,-0.014028793573379517,0.002178716162840525,0.020833333333333332,0.8226805513112356,0.9852941176470588,0.0,0.0,0.0,0.0,0.0,0.0
355,"0,129,187,215,54","30332,17,20719,6520,7818",lucrareat apărutribroc,0.11325935820738475,0.0,True,0.06325935820738475,0.06325935820738475,0.04552493691444397,1.0,-0.015585136413574218,0.0043802087505658465,0.020833333333333332,0.8233068624137153,0.976470588235294,0.0,0.0,0.0,0.0,0.0,0.0
356,"0,13,157,190,158","30332,28688,27499,11733,17319",lucrarea pistonizantusionenţă,0.1131530632575353,0.0,True,0.0631530632575353,0.0631530632575353,0.04160747528076172,1.0,-0.01592109203338623,0.0012702296177546184,0.020833333333333332,0.8068419200503149,0.9794117647058824,0.0,0.0,0.0,0.0,0.0,0.0
357,"0,219,79,190,169","30332,25895,5206,11733,680",lucrareafloodedrickusion sie,0.11303621828556061,0.0,True,0.06303621828556061,0.06303621828556061,0.03927341103553772,1.0,-0.015264692902565002,0.0010335370898246765,0.0,0.8160893872687487,0.9705882352941176,0.0,0.0,0.0,0.0,0.0,0.0
358,"0,189,41,200,158","30332,10646,3852,3404,17319",lucrareatial repwareenţă,0.1130022535721461,0.0,True,0.0630022535721461,0.0630022535721461,0.03876394033432007,1.0,-0.013971108198165893,-0.00023667017618815103,0.0,0.8190785291769968,0.9794117647058824,0.0,0.0,0.0,0.0,0.0,0.0
359,"0,136,35,215,153","30332,2824,14797,6520,23158",lucrarea....graphicrib pierdere,0.11293336302042008,0.0,True,0.06293336302042007,0.06293336302042007,0.04690253734588623,1.0,-0.016236001253128053,-0.00031356265147527057,0.0,0.8125891001644665,0.9823529411764707,0.0,0.0,0.0,0.0,0.0,0.0
360,"0,133,35,215,158","30332,121,14797,6520,17319","lucrarea""graphicribenţă",0.11292011092106502,0.0,True,0.06292011092106502,0.06292011092106502,0.04497370719909668,1.0,-0.013519525527954102,0.002537031968434652,0.0,0.8131523478986042,0.9794117647058824,0.0,0.0,0.0,0.0,0.0,0.0
361,"0,136,41,200,169","30332,2824,3852,3404,680",lucrarea.... repware sie,0.11292003889878591,0.0,True,0.0629200388987859,0.0629200388987859,0.04240552186965942,1.0,-0.019266292452812195,-0.003764219582080841,0.020833333333333332,0.8009318712614981,0.9794117647058824,0.0,0.0,0.0,0.0,0.0,0.0
362,"0,200,8,147,159","30332,3404,17682,18956,3077",lucrareawareSportriusige,0.11287246445814769,0.0,True,0.06287246445814769,0.06287246445814769,0.043838560581207275,1.0,-0.01599243879318237,0.0015564709901809692,0.020833333333333332,0.8325460704149978,0.9852941176470588,0.0,0.0,0.0,0.0,0.0,0.0
363,"0,169,105,147,90","30332,680,10924,18956,23060",lucrarea sieissentrius răspunde,0.11287127236525218,0.0,True,0.06287127236525218,0.06287127236525218,0.04383935928344727,1.0,-0.017283046245574953,-0.004157982766628265,0.020833333333333332,0.7721733543297556,0.961764705882353,0.0,0.0,0.0,0.0,0.0,0.0
364,"0,31,105,215,169","30332,8221,10924,6520,680",lucrareaimageissentrib sie,0.11282180299361547,0.0,True,0.06282180299361546,0.06282180299361546,0.04686833024024963,1.0,-0.013323694467544556,0.003191868464152018,0.020833333333333332,0.8087254846944741,0.988235294117647,0.0,0.0,0.0,0.0,0.0,0.0
365,"0,129,35,215,158","30332,17,14797,6520,17319",lucrareatgraphicribenţă,0.11278392672538758,0.0,True,0.06278392672538757,0.06278392672538757,0.044241303205490114,1.0,-0.012871086597442627,0.004497013986110687,0.0,0.8351292756597088,0.9794117647058824,0.0,0.0,0.0,0.0,0.0,0.0
366,"0,149,100,147,169","30332,18457,14338,18956,680",lucrarea varsta surroundingsrius sie,0.11275109698375066,0.0,True,0.06275109698375066,0.06275109698375066,0.03788954019546509,1.0,-0.01890975534915924,-0.001995821793874105,0.020833333333333332,0.7880140696922006,0.9823529411764707,0.0,0.0,0.0,0.0,0.0,0.0
367,"0,133,100,147,180","30332,121,14338,18956,31797","lucrarea"" surroundingsriusscrisă",0.1127333049972852,0.0,True,0.0627333049972852,0.0627333049972852,0.042131590843200686,1.0,-0.01729663610458374,-3.503262996673584e-05,0.0,0.8341299875733517,0.9794117647058824,0.0,0.0,0.0,0.0,0.0,0.0
368,"0,133,134,215,169","30332,121,28448,6520,680","lucrarea"" senzatirib sie",0.11270750612020493,0.0,True,0.06270750612020493,0.06270750612020493,0.04583263397216797,1.0,-0.013187721371650696,0.0032463123401006064,0.0,0.8147263076830094,0.9852941176470588,0.0,0.0,0.0,0.0,0.0,0.0
369,"0,129,134,39,159","30332,17,28448,2951,3077",lucrareat senzatichesige,0.1126808653275172,0.0,True,0.0626808653275172,0.0626808653275172,0.04138263463973999,1.0,-0.013287538290023803,0.003764572242895762,0.0,0.789123892348283,0.9852941176470588,0.0,0.0,0.0,0.0,0.0,0.0
370,"0,189,134,147,215","30332,10646,28448,18956,6520",lucrareatial senzatiriusrib,0.11264735509951909,0.0,True,0.06264735509951909,0.06264735509951909,0.04638201594352722,1.0,-0.012746351957321166,0.003457866609096527,0.0,0.8237955456266558,0.9823529411764707,0.0,0.0,0.0,0.0,0.0,0.0
371,"0,133,10,39,180","30332,121,15854,2951,31797","lucrarea"" realmchesscrisă",0.11260502586762111,0.0,True,0.06260502586762111,0.06260502586762111,0.04459263682365418,1.0,-0.01690122187137604,-0.0032284831007321677,0.020833333333333332,0.8029956720930238,0.9823529411764707,0.0,0.0,0.0,0.0,0.0,0.0
372,"0,169,105,215,159","30332,680,10924,6520,3077",lucrarea sieissentribige,0.11249604374170304,0.0,True,0.06249604374170303,0.06249604374170303,0.045503145456314086,1.0,-0.013942357897758485,0.0025384053587913513,0.0,0.8186712031124436,0.9852941176470588,0.0,0.0,0.0,0.0,0.0,0.0
373,"0,41,35,147,180","30332,3852,14797,18956,31797",lucrarea repgraphicriusscrisă,0.1124471331636111,0.0,True,0.06244713316361109,0.06244713316361109,0.046571725606918336,1.0,-0.012743067741394042,0.0025154277682304382,0.0,0.8013297030857748,0.9823529411764707,0.0,0.0,0.0,0.0,0.0,0.0
374,"0,133,151,215,169","30332,121,1110,6520,680","lucrarea"" seinrib sie",0.11239212056001027,0.0,True,0.06239212056001028,0.06239212056001028,0.04564566612243652,1.0,-0.015101850032806396,0.0011469622453053792,0.020833333333333332,0.8284039572302229,0.988235294117647,0.0,0.0,0.0,0.0,0.0,0.0
375,"0,31,105,215,54","30332,8221,10924,6520,7818",lucrareaimageissentribroc,0.11234947095314662,0.0,True,0.062349470953146614,0.062349470953146614,0.046056509017944336,1.0,-0.013810786604881286,0.0009257122874259949,0.020833333333333332,0.7857467216118164,0.9852941176470588,0.0,0.0,0.0,0.0,0.0,0.0
376,"0,133,35,200,158","30332,121,14797,3404,17319","lucrarea""graphicwareenţă",0.11215798358122508,0.0,True,0.062157983581225075,0.062157983581225075,0.04629756212234497,1.0,-0.01590266227722168,-0.0018508012096087139,0.0,0.803114620257791,0.976470588235294,0.0,0.0,0.0,0.0,0.0,0.0
377,"0,133,105,215,90","30332,121,10924,6520,23060","lucrarea""issentrib răspunde",0.11215475747982662,0.0,True,0.06215475747982661,0.06215475747982661,0.04386227130889893,1.0,-0.01571953296661377,-0.001916535198688507,0.020833333333333332,0.8092073752802248,0.976470588235294,0.0,0.0,0.0,0.0,0.0,0.0
378,"0,169,188,215,54","30332,680,29904,6520,7818",lucrarea sieweiligeribroc,0.1120980312426885,0.0,True,0.0620980312426885,0.0620980312426885,0.045059144496917725,1.0,-0.018097829818725587,-0.0006012320518493652,0.020833333333333332,0.775587807326821,0.9647058823529412,0.0,0.0,0.0,0.0,0.0,0.0
379,"0,129,35,39,180","30332,17,14797,2951,31797",lucrareatgraphicchesscrisă,0.1120322972536087,0.0,True,0.062032297253608704,0.062032297253608704,0.04510766267776489,1.0,-0.013954082131385803,0.003822686771551768,0.0,0.8309601463440652,0.9794117647058824,0.0,0.0,0.0,0.0,0.0,0.0
380,"0,219,105,215,158","30332,25895,10924,6520,17319",lucrareafloodedissentribenţă,0.11201600780089696,0.0,True,0.062016007800896965,0.062016007800896965,0.03804246187210083,1.0,-0.018118923902511595,-0.000844515860080719,0.0,0.8119517510428034,0.9705882352941176,0.0,0.0,0.0,0.0,0.0,0.0
381,"0,129,157,147,90","30332,17,27499,18956,23060",lucrareatizantrius răspunde,0.11198011587063472,0.0,True,0.06198011587063471,0.06198011587063471,0.04236658811569214,1.0,-0.015975838899612425,0.0009295592705408732,0.0,0.7832818470203099,0.9794117647058824,0.0,0.0,0.0,0.0,0.0,0.0
382,"0,31,151,206,159","30332,8221,1110,17140,3077",lucrareaimage seinligaige,0.11186459461847942,0.0,True,0.06186459461847941,0.06186459461847941,0.04267824292182922,1.0,-0.016740474104881286,-0.0005049655834833781,0.020833333333333332,0.8163299080224247,0.9794117647058824,0.0,0.0,0.0,0.0,0.0,0.0
383,"0,247,185,165,31","30332,12327,15058,13114,8221",lucrarearegardedtient->image,0.11179810067017873,0.0,True,0.061798100670178734,0.061798100670178734,0.04389961361885071,1.0,-0.019390597939491272,-0.0024928549925486245,0.041666666666666664,0.811196148456881,0.9794117647058824,0.0,0.0,0.0,0.0,0.0,0.0
384,"0,136,157,14,158","30332,2824,27499,6661,17319",lucrarea....izantsportenţă,0.11172307829062145,0.0,True,0.06172307829062144,0.06172307829062144,0.04501575231552124,1.0,-0.016096359491348265,0.00246555358171463,0.020833333333333332,0.8055009165029425,0.9852941176470588,0.0,0.0,0.0,0.0,0.0,0.0
385,"0,136,185,46,31","30332,2824,15058,18927,8221",lucrarea....tient rarimage,0.11172050287326177,0.0,True,0.06172050287326177,0.06172050287326177,0.0473425030708313,1.0,-0.015381434559822082,-0.00021895766258239746,0.020833333333333332,0.8162296395824294,0.988235294117647,0.0,0.0,0.0,0.0,0.0,0.0
386,"0,129,157,215,169","30332,17,27499,6520,680",lucrareatizantrib sie,0.11156278153260549,0.0,True,0.06156278153260549,0.06156278153260549,0.04459400773048401,1.0,-0.01412142515182495,0.003877835969130198,0.020833333333333332,0.813724009227784,0.9852941176470588,0.0,0.0,0.0,0.0,0.0,0.0
387,"0,189,157,147,169","30332,10646,27499,18956,680",lucrareatializantrius sie,0.11153751909732819,0.0,True,0.061537519097328186,0.061537519097328186,0.043667376041412354,1.0,-0.016906613111495973,0.0004695927103360494,0.0,0.8058596135319323,0.9852941176470588,0.0,0.0,0.0,0.0,0.0,0.0
388,"0,169,187,215,171","30332,680,20719,6520,7184",lucrarea sie apărutribн,0.11151354809602101,0.0,True,0.06151354809602102,0.06151354809602102,0.04763887524604797,1.0,-0.01694689691066742,0.0030298754572868347,0.020833333333333332,0.8201915165798381,0.9823529411764707,0.0,0.0,0.0,0.0,0.0,0.0
389,"0,129,185,112,169","30332,17,15058,21711,680",lucrareattient bilden sie,0.11151070197423299,0.0,True,0.061510701974232994,0.061510701974232994,0.04331022500991821,1.0,-0.012554442882537842,0.001405740777651469,0.0,0.8241252968011434,0.9852941176470588,0.0,0.0,0.0,0.0,0.0,0.0
390,"0,227,185,215,158","30332,15782,15058,6520,17319",lucrarea Demotientribenţă,0.11145495176315308,0.0,True,0.061454951763153076,0.061454951763153076,0.04076651930809021,1.0,-0.015520301461219787,0.0012381051977475483,0.0,0.8386435339630973,0.9705882352941176,0.0,0.0,0.0,0.0,0.0,0.0
391,"0,169,105,215,180","30332,680,10924,6520,31797",lucrarea sieissentribscrisă,0.11143805384635926,0.0,True,0.06143805384635925,0.06143805384635925,0.04706299304962158,1.0,-0.01342673897743225,0.0026047006249427795,0.0,0.8203306882482841,0.9823529411764707,0.0,0.0,0.0,0.0,0.0,0.0
392,"0,219,35,215,158","30332,25895,14797,6520,17319",lucrareafloodedgraphicribenţă,0.11132423381010692,0.0,True,0.06132423381010691,0.06132423381010691,0.04125300049781799,1.0,-0.018199726939201355,0.0005262767275174459,0.020833333333333332,0.8290489480574745,0.976470588235294,0.0,0.0,0.0,0.0,0.0,0.0
393,"0,247,186,39,78","30332,12327,10443,2951,20961",lucrarearegardedûchesKING,0.11126913676659267,0.0,True,0.06126913676659266,0.06126913676659266,0.043577718734741214,1.0,-0.01817980706691742,-0.0019292732079823811,0.020833333333333332,0.7990107927899042,0.9823529411764707,0.0,0.0,0.0,0.0,0.0,0.0
394,"0,129,157,215,54","30332,17,27499,6520,7818",lucrareatizantribroc,0.11125848988691966,0.0,True,0.061258489886919655,0.061258489886919655,0.04070897698402405,1.0,-0.013310346007347106,0.004079545537630717,0.020833333333333332,0.8275543385088778,0.9558823529411766,0.0,0.0,0.0,0.0,0.0,0.0
395,"0,219,238,215,159","30332,25895,12740,6520,3077",lucrareafloodedvoluribige,0.11117875625689824,0.0,True,0.06117875625689825,0.06117875625689825,0.030747443437576294,1.0,-0.017554453015327452,-0.0036010965704917908,0.020833333333333332,0.8161770739106536,0.961764705882353,0.0,0.0,0.0,0.0,0.0,0.0
396,"0,129,188,39,31","30332,17,29904,2951,8221",lucrareatweiligechesimage,0.11117286781469982,0.0,True,0.061172867814699806,0.061172867814699806,0.04433589577674866,1.0,-0.01714043915271759,0.0002346883217493693,0.020833333333333332,0.8189290141898754,0.988235294117647,0.0,0.0,0.0,0.0,0.0,0.0
397,"0,136,105,215,169","30332,2824,10924,6520,680",lucrarea....issentrib sie,0.11111843387285869,0.0,True,0.06111843387285868,0.06111843387285868,0.04360970258712769,1.0,-0.013901245594024657,0.0025243560473124185,0.0,0.8249289109110666,0.9852941176470588,0.0,0.0,0.0,0.0,0.0,0.0
398,"0,129,134,215,210","30332,17,28448,6520,12182",lucrareat senzatirib estim,0.11111254046360652,0.0,True,0.061112540463606514,0.061112540463606514,0.036657470464706424,1.0,-0.01398547887802124,7.870544989903767e-05,0.020833333333333332,0.8280039641154768,0.9705882352941176,0.0,0.0,0.0,0.0,0.0,0.0
399,"0,13,105,182,158","30332,28688,10924,1575,17319",lucrarea pistonissenttionenţă,0.11110301117102306,0.0,True,0.06110301117102305,0.06110301117102305,0.03688915967941284,1.0,-0.01952073276042938,-0.0027464007337888083,0.041666666666666664,0.7645854494361077,0.976470588235294,0.0,0.0,0.0,0.0,0.0,0.0
400,"0,202,74,147,152","30332,5457,9633,18956,19355",lucrareanch bitterius persoană,0.1109760656952858,0.0,True,0.0609760656952858,0.0609760656952858,0.04254550337791443,1.0,-0.018000364303588867,0.0015413438280423482,0.020833333333333332,0.8230307575562381,0.9823529411764707,0.0,0.0,0.0,0.0,0.0,0.0
401,"0,169,157,147,158","30332,680,27499,18956,17319",lucrarea sieizantriusenţă,0.1108716905117035,0.0,True,0.06087169051170349,0.06087169051170349,0.04468942880630493,1.0,-0.014352369308471679,0.002792219320933024,0.0,0.8080804938672225,0.9794117647058824,0.0,0.0,0.0,0.0,0.0,0.0
402,"0,129,105,215,54","30332,17,10924,6520,7818",lucrareatissentribroc,0.11084523598353069,0.0,True,0.06084523598353068,0.06084523598353068,0.04537736177444458,1.0,-0.016273462772369383,0.0016336515545845032,0.020833333333333332,0.8017855809969462,0.9794117647058824,0.0,0.0,0.0,0.0,0.0,0.0
403,"0,169,100,238,169","30332,680,14338,12740,680",lucrarea sie surroundingsvolu sie,0.11084081033865611,0.0,True,0.060840810338656105,0.060840810338656105,0.03814558386802673,1.0,-0.019713303446769713,-0.005189813673496246,0.041666666666666664,0.8206509451824952,0.976470588235294,0.0,0.0,0.0,0.0,0.0,0.0
404,"0,133,134,247,169","30332,121,28448,12327,680","lucrarea"" senzatiregarded sie",0.11080782661835353,0.0,True,0.060807826618353523,0.060807826618353523,0.03826842904090882,1.0,-0.013217306137084961,0.0005400652686754862,0.0,0.8088770837831197,0.9852941176470588,0.0,0.0,0.0,0.0,0.0,0.0
405,"0,136,187,200,169","30332,2824,20719,3404,680",lucrarea.... apărutware sie,0.11080487867196401,0.0,True,0.06080487867196401,0.06080487867196401,0.03793911933898926,1.0,-0.01718919575214386,-0.00043454021215438843,0.0,0.8291000471392889,0.988235294117647,0.0,0.0,0.0,0.0,0.0,0.0
406,"0,247,151,215,169","30332,12327,1110,6520,680",lucrarearegarded seinrib sie,0.11077157457669576,0.0,True,0.06077157457669576,0.06077157457669576,0.04341054558753967,1.0,-0.01905394494533539,0.00019330034653345743,0.020833333333333332,0.8329188158320393,0.9823529411764707,0.0,0.0,0.0,0.0,0.0,0.0
407,"0,35,186,215,54","30332,14797,10443,6520,7818",lucrareagraphicûribroc,0.11062618643045426,0.0,True,0.060626186430454254,0.060626186430454254,0.04440270066261291,1.0,-0.014901161193847656,0.003984183073043823,0.0,0.8407404488521734,0.9852941176470588,0.0,0.0,0.0,0.0,0.0,0.0
408,"0,247,157,215,169","30332,12327,27499,6520,680",lucrarearegardedizantrib sie,0.1105634277065595,0.0,True,0.0605634277065595,0.0605634277065595,0.04140859842300415,1.0,-0.012643426656723022,0.0037335107723871865,0.0,0.8400726100971013,0.988235294117647,0.0,0.0,0.0,0.0,0.0,0.0
409,"0,136,105,215,180","30332,2824,10924,6520,31797",lucrarea....issentribscrisă,0.11055345386266709,0.0,True,0.060553453862667084,0.060553453862667084,0.043604063987731936,1.0,-0.01870521903038025,-0.00020807733138402304,0.020833333333333332,0.8063374131035799,0.9852941176470588,0.0,0.0,0.0,0.0,0.0,0.0
410,"0,136,185,215,169","30332,2824,15058,6520,680",lucrarea....tientrib sie,0.11055126587549846,0.0,True,0.06055126587549845,0.06055126587549845,0.03849093914031983,1.0,-0.01506211757659912,0.002826633552710215,0.0,0.7988967847176386,0.9823529411764707,0.0,0.0,0.0,0.0,0.0,0.0
411,"0,129,185,215,169","30332,17,15058,6520,680",lucrareattientrib sie,0.11049978733062744,0.0,True,0.06049978733062744,0.06049978733062744,0.045832133293151854,1.0,-0.01271207332611084,0.00423565258582433,0.0,0.8106927993443263,0.988235294117647,0.0,0.0,0.0,0.0,0.0,0.0
412,"0,186,41,215,90","30332,10443,3852,6520,23060",lucrareaû reprib răspunde,0.11039749830961228,0.0,True,0.060397498309612274,0.060397498309612274,0.03222391605377197,1.0,-0.01938174068927765,-0.005482301115989685,0.0,0.7847498263827647,0.9647058823529412,0.0,0.0,0.0,0.0,0.0,0.0
413,"0,247,74,215,190","30332,12327,9633,6520,11733",lucrarearegarded bitteribusion,0.11033861637115479,0.0,True,0.060338616371154785,0.060338616371154785,0.0384290337562561,1.0,-0.01775035560131073,-1.3795991738637289e-05,0.020833333333333332,0.7938808926716275,0.9852941176470588,0.0,0.0,0.0,0.0,0.0,0.0
414,"0,31,41,147,153","30332,8221,3852,18956,23158",lucrareaimage reprius pierdere,0.11027246018250783,0.0,True,0.060272460182507835,0.060272460182507835,0.040420991182327275,1.0,-0.019132876396179197,-0.003186891476313273,0.020833333333333332,0.8033471905500971,0.9735294117647059,0.0,0.0,0.0,0.0,0.0,0.0
415,"0,31,188,147,169","30332,8221,29904,18956,680",lucrareaimageweiligerius sie,0.11019385407368343,0.0,True,0.06019385407368342,0.06019385407368342,0.0423318088054657,1.0,-0.017980575561523438,-0.0014019558827082317,0.0,0.8235442184206324,0.9852941176470588,0.0,0.0,0.0,0.0,0.0,0.0
416,"0,169,157,215,180","30332,680,27499,6520,31797",lucrarea sieizantribscrisă,0.11011373052994411,0.0,True,0.0601137305299441,0.0601137305299441,0.04543489813804626,1.0,-0.014446499943733215,0.0031520649790763855,0.0,0.8300705437490347,0.988235294117647,0.0,0.0,0.0,0.0,0.0,0.0
417,"0,247,77,129,180","30332,12327,6177,17,31797",lucrarearegarded tietscrisă,0.11009486317634583,0.0,True,0.060094863176345825,0.060094863176345825,0.03908560872077942,1.0,-0.014594507217407226,0.0013294418652852376,0.020833333333333332,0.7731117403382404,0.9852941176470588,0.0,0.0,0.0,0.0,0.0,0.0
418,"0,169,186,39,169","30332,680,10443,2951,680",lucrarea sieûches sie,0.11008067727088929,0.0,True,0.06008067727088928,0.06008067727088928,0.04075272679328919,1.0,-0.01940549910068512,-0.0012209365765253704,0.020833333333333332,0.8293965298783356,0.9823529411764707,0.0,0.0,0.0,0.0,0.0,0.0
419,"0,31,157,215,31","30332,8221,27499,6520,8221",lucrareaimageizantribimage,0.11000136335690816,0.0,True,0.060001363356908165,0.060001363356908165,0.04226182103157043,1.0,-0.01914353370666504,-0.001367288331190745,0.020833333333333332,0.8135427695841283,0.961764705882353,0.0,0.0,0.0,0.0,0.0,0.0
420,"0,133,157,166,158","30332,121,27499,31468,17319","lucrarea""izant ingrijireenţă",0.11000038981437683,0.0,True,0.06000038981437683,0.06000038981437683,0.027345758676528935,1.0,-0.017090314626693727,-0.0010889843106269836,0.0,0.8382619890062872,0.9794117647058824,0.0,0.0,0.0,0.0,0.0,0.0
421,"118,247,0,215,184","2280,12327,30332,6520,20351", kmregardedlucrarearibüchte,0.10998314420382183,0.0,True,0.059983144203821816,0.059983144203821816,0.04051924347877502,1.0,-0.015369689464569092,-0.00034870455662409466,0.0,0.8267698672573988,0.9735294117647059,0.0,0.0,0.0,0.0,0.0,0.0
422,"0,136,206,200,169","30332,2824,17140,3404,680",lucrarea....ligaware sie,0.10996644248565038,0.0,True,0.05996644248565038,0.05996644248565038,0.03811067342758179,1.0,-0.0171016126871109,0.00012021760145823161,0.0,0.8413949339197018,0.9823529411764707,0.0,0.0,0.0,0.0,0.0,0.0
423,"0,41,185,165,169","30332,3852,15058,13114,680",lucrarea reptient-> sie,0.1099575862288475,0.0,True,0.059957586228847504,0.059957586228847504,0.03772818446159363,1.0,-0.019028958678245545,0.00016583005587259927,0.020833333333333332,0.845225512521089,0.9823529411764707,0.0,0.0,0.0,0.0,0.0,0.0
424,"0,31,157,215,215","30332,8221,27499,6520,6520",lucrareaimageizantribrib,0.10993637690941493,0.0,True,0.059936376909414925,0.059936376909414925,0.04381281137466431,1.0,-0.01578279137611389,0.002357088029384613,0.020833333333333332,0.8256775664919084,0.9823529411764707,0.0,0.0,0.0,0.0,0.0,0.0
425,"0,126,74,147,180","30332,7253,9633,18956,31797",lucrarearai bitteriusscrisă,0.10993115653594335,0.0,True,0.05993115653594335,0.05993115653594335,0.042382067441940306,1.0,-0.015410727262496949,0.0019221653540929158,0.0,0.8339511407870015,0.9852941176470588,0.0,0.0,0.0,0.0,0.0,0.0
426,"0,169,105,166,153","30332,680,10924,31468,23158",lucrarea sieissent ingrijire pierdere,0.10989003429810207,0.0,True,0.05989003429810206,0.05989003429810206,0.03325730562210083,1.0,-0.015554261207580567,0.0023472060759862265,0.0,0.8440395815649024,0.976470588235294,0.0,0.0,0.0,0.0,0.0,0.0
427,"0,247,35,190,45","30332,12327,14797,11733,25231",lucrarearegardedgraphicusionffentlichkeit,0.10983179559310277,0.0,True,0.059831795593102775,0.059831795593102775,0.04366948008537293,1.0,-0.01858866512775421,-0.0020484179258346558,0.020833333333333332,0.8034713875631473,0.976470588235294,0.0,0.0,0.0,0.0,0.0,0.0
428,"0,35,186,147,57","30332,14797,10443,18956,23976",lucrareagraphicûrius déplacement,0.10979441354672115,0.0,True,0.05979441354672114,0.05979441354672114,0.044247502088546754,1.0,-0.018873095512390137,-0.00145940234263738,0.020833333333333332,0.818589305641439,0.9823529411764707,0.0,0.0,0.0,0.0,0.0,0.0
429,"0,247,157,215,31","30332,12327,27499,6520,8221",lucrarearegardedizantribimage,0.10964122464259465,0.0,True,0.05964122464259466,0.05964122464259466,0.04071410894393921,1.0,-0.014573416113853455,0.0004937176903088888,0.0,0.7902116389659986,0.9852941176470588,0.0,0.0,0.0,0.0,0.0,0.0
430,"0,133,157,215,169","30332,121,27499,6520,680","lucrarea""izantrib sie",0.10955241620540619,0.0,True,0.05955241620540619,0.05955241620540619,0.04315150976181031,1.0,-0.012639263272285461,0.0025621578097343445,0.0,0.8114144387942994,0.9794117647058824,0.0,0.0,0.0,0.0,0.0,0.0
431,"0,31,105,215,171","30332,8221,10924,6520,7184",lucrareaimageissentribн,0.10940831452608109,0.0,True,0.059408314526081085,0.059408314526081085,0.045568978786468504,1.0,-0.017220497131347656,0.0008574525515238444,0.020833333333333332,0.8156159874669853,0.988235294117647,0.0,0.0,0.0,0.0,0.0,0.0
432,"0,136,100,208,158","30332,2824,14338,2165,17319",lucrarea.... surroundingsvalenţă,0.10929534683624903,0.0,True,0.06137868016958237,0.06137868016958237,0.04143469333648682,0.9583333333333334,-0.019724297523498534,-0.004040936628977458,0.020833333333333332,0.8050399441213787,0.976470588235294,0.0,0.0,0.0,0.0,0.0,0.0
433,"0,133,185,215,169","30332,121,15058,6520,680","lucrarea""tientrib sie",0.10927446981271108,0.0,True,0.05927446981271108,0.05927446981271108,0.0423927903175354,1.0,-0.013268670439720154,0.004062821467717488,0.0,0.8564063312534257,0.9852941176470588,0.0,0.0,0.0,0.0,0.0,0.0
434,"0,23,105,215,169","30332,31052,10924,6520,680",lucrarea pasageriissentrib sie,0.10926203479369481,0.0,True,0.059262034793694816,0.059262034793694816,0.04490510821342468,1.0,-0.016625979542732237,0.0009765202800432841,0.020833333333333332,0.8208124244561441,0.9735294117647059,0.0,0.0,0.0,0.0,0.0,0.0
435,"0,136,186,190,31","30332,2824,10443,11733,8221",lucrarea....ûusionimage,0.10923689405123393,0.0,True,0.059236894051233925,0.059236894051233925,0.043805652856826784,1.0,-0.01922876834869385,-0.0017491305867830913,0.020833333333333332,0.785154219267395,0.9794117647058824,0.0,0.0,0.0,0.0,0.0,0.0
436,"0,129,188,215,159","30332,17,29904,6520,3077",lucrareatweiligeribige,0.10920223395029705,0.0,True,0.059202233950297035,0.059202233950297035,0.04122740030288696,1.0,-0.013532677292823791,0.004345369835694631,0.0,0.8256925411473041,0.988235294117647,0.0,0.0,0.0,0.0,0.0,0.0
437,"0,200,100,14,180","30332,3404,14338,6661,31797",lucrareaware surroundingssportscrisă,0.10918389558792115,0.0,True,0.05918389558792114,0.05918389558792114,0.042362749576568604,1.0,-0.015548399090766907,-0.00017943233251571655,0.0,0.8200166836186455,0.976470588235294,0.0,0.0,0.0,0.0,0.0,0.0
438,"0,169,105,39,158","30332,680,10924,2951,17319",lucrarea sieissentchesenţă,0.1091661607225736,0.0,True,0.0591661607225736,0.0591661607225736,0.04099605083465576,1.0,-0.015002119541168212,0.0014447569847106934,0.0,0.8273710919526434,0.9823529411764707,0.0,0.0,0.0,0.0,0.0,0.0
439,"0,129,157,133,169","30332,17,27499,121,680","lucrareatizant"" sie",0.1090589667359988,0.0,True,0.05905896673599879,0.05905896673599879,0.03959739804267883,1.0,-0.013636049628257752,0.0019199227293332417,0.020833333333333332,0.8391985996690292,0.9823529411764707,0.0,0.0,0.0,0.0,0.0,0.0
440,"0,247,94,215,171","30332,12327,18852,6520,7184",lucrarearegardedkapribн,0.10901938180128734,0.0,True,0.05901938180128733,0.05901938180128733,0.04240519404411316,1.0,-0.017822593450546265,0.0008087083697319031,0.020833333333333332,0.8187333402134414,0.9823529411764707,0.0,0.0,0.0,0.0,0.0,0.0
441,"0,136,105,215,158","30332,2824,10924,6520,17319",lucrarea....issentribenţă,0.10901482949654262,0.0,True,0.05901482949654261,0.05901482949654261,0.03971853256225586,1.0,-0.018038490414619444,-0.00046965231498082477,0.020833333333333332,0.7865927896416758,0.9794117647058824,0.0,0.0,0.0,0.0,0.0,0.0
442,"0,169,105,190,180","30332,680,10924,11733,31797",lucrarea sieissentusionscrisă,0.10901041875282924,0.0,True,0.05901041875282923,0.05901041875282923,0.04315425753593445,1.0,-0.01458815038204193,0.001886094609896342,0.0,0.8011093286468323,0.9852941176470588,0.0,0.0,0.0,0.0,0.0,0.0
443,"0,136,74,215,158","30332,2824,9633,6520,17319",lucrarea.... bitteribenţă,0.10897977699836095,0.0,True,0.058979776998360954,0.058979776998360954,0.02586544156074524,1.0,-0.01957535445690155,-0.0031446292996406555,0.041666666666666664,0.8319735600074194,0.9705882352941176,0.0,0.0,0.0,0.0,0.0,0.0
444,"0,136,185,39,90","30332,2824,15058,2951,23060",lucrarea....tientches răspunde,0.10897495398918788,0.0,True,0.058974953989187874,0.058974953989187874,0.037819045782089236,1.0,-0.015634959936141966,0.00014623006184895834,0.020833333333333332,0.806232204571083,0.976470588235294,0.0,0.0,0.0,0.0,0.0,0.0
445,"0,129,151,147,171","30332,17,1110,18956,7184",lucrareat seinriusн,0.10888139456510544,0.0,True,0.05888139456510544,0.05888139456510544,0.042289137840270996,1.0,-0.01712301969528198,0.002855385343233744,0.020833333333333332,0.8421387265969872,0.9852941176470588,0.0,0.0,0.0,0.0,0.0,0.0
446,"0,129,187,148,180","30332,17,20719,5615,31797",lucrareat apărutitzscrisă,0.10885516852140427,0.0,True,0.058855168521404266,0.058855168521404266,0.03798354864120483,1.0,-0.01265837848186493,0.003733250002066294,0.0,0.8209546064934583,0.988235294117647,0.0,0.0,0.0,0.0,0.0,0.0
447,"0,247,185,215,169","30332,12327,15058,6520,680",lucrarearegardedtientrib sie,0.10876648177703221,0.0,True,0.05876648177703222,0.05876648177703222,0.043945080041885375,1.0,-0.012369722127914429,0.004013071457544963,0.0,0.8357645406798478,0.9852941176470588,0.0,0.0,0.0,0.0,0.0,0.0
448,"0,129,134,187,158","30332,17,28448,20719,17319",lucrareat senzati apărutenţă,0.10864591151475907,0.0,True,0.058645911514759064,0.058645911514759064,0.03793800473213196,1.0,-0.015701910853385924,0.0009097283085187277,0.0,0.8110029445266979,0.9794117647058824,0.0,0.0,0.0,0.0,0.0,0.0
449,"0,133,105,39,31","30332,121,10924,2951,8221","lucrarea""issentchesimage",0.10863791207472484,0.0,True,0.05863791207472483,0.05863791207472483,0.041551679372787476,1.0,-0.016466692090034485,5.290160576502482e-05,0.0,0.8191798782622267,0.9823529411764707,0.0,0.0,0.0,0.0,0.0,0.0
450,"0,35,185,215,159","30332,14797,15058,6520,3077",lucrareagraphictientribige,0.10863573650519054,0.0,True,0.05863573650519053,0.05863573650519053,0.04267086982727051,1.0,-0.011738446354866027,0.006457085410753886,0.0,0.8459636704053647,0.9852941176470588,0.0,0.0,0.0,0.0,0.0,0.0
451,"0,169,157,215,153","30332,680,27499,6520,23158",lucrarea sieizantrib pierdere,0.10848934998114904,0.0,True,0.05848934998114904,0.05848934998114904,0.04311025142669678,1.0,-0.014631444215774536,0.0008341198166211446,0.020833333333333332,0.8107684445107584,0.9470588235294116,0.0,0.0,0.0,0.0,0.0,0.0
452,"0,129,185,215,180","30332,17,15058,6520,31797",lucrareattientribscrisă,0.10845791349808376,0.0,True,0.05845791349808375,0.05845791349808375,0.04203488826751709,1.0,-0.012010514736175537,0.004643658796946208,0.0,0.8396704556918858,0.9823529411764707,0.0,0.0,0.0,0.0,0.0,0.0
453,"0,200,186,14,169","30332,3404,10443,6661,680",lucrareawareûsport sie,0.10844882875680924,0.0,True,0.058448828756809235,0.058448828756809235,0.040111035108566284,1.0,-0.01433035135269165,0.0014476229747136433,0.0,0.8241151078603587,0.988235294117647,0.0,0.0,0.0,0.0,0.0,0.0
454,"0,133,134,215,158","30332,121,28448,6520,17319","lucrarea"" senzatiribenţă",0.10841746429602306,0.0,True,0.05841746429602305,0.05841746429602305,0.03876718282699585,1.0,-0.012875616550445557,0.0026265506943066916,0.0,0.8138482834297797,0.976470588235294,0.0,0.0,0.0,0.0,0.0,0.0
455,"0,136,151,215,180","30332,2824,1110,6520,31797",lucrarea.... seinribscrisă,0.10840995411078136,0.0,True,0.05840995411078135,0.05840995411078135,0.03957660794258118,1.0,-0.01367180049419403,0.0023417522509892783,0.0,0.820941561561696,0.976470588235294,0.0,0.0,0.0,0.0,0.0,0.0
456,"0,31,185,133,169","30332,8221,15058,121,680","lucrareaimagetient"" sie",0.10827234437068303,0.0,True,0.05827234437068304,0.05827234437068304,0.03733252286911011,1.0,-0.016757792234420775,-0.000531613826751709,0.020833333333333332,0.7955245540736736,0.9852941176470588,0.0,0.0,0.0,0.0,0.0,0.0
457,"0,31,105,165,180","30332,8221,10924,13114,31797",lucrareaimageissent->scrisă,0.10826761821905773,0.0,True,0.05826761821905772,0.05826761821905772,0.039348441362380984,1.0,-0.014516180753707886,0.00029288729031880695,0.0,0.8398829568584038,0.976470588235294,0.0,0.0,0.0,0.0,0.0,0.0
458,"0,202,75,39,180","30332,5457,904,2951,31797",lucrareanchmenchesscrisă,0.10825895071029663,0.0,True,0.05825895071029663,0.05825895071029663,0.04237788915634155,1.0,-0.015361195802688599,0.004080901543299357,0.0,0.8355084277592134,0.9852941176470588,0.0,0.0,0.0,0.0,0.0,0.0
459,"0,169,105,200,90","30332,680,10924,3404,23060",lucrarea sieissentware răspunde,0.10821098635594051,0.0,True,0.0582109863559405,0.0582109863559405,0.04093218445777893,1.0,-0.017169418931007385,-0.0012540469566980998,0.020833333333333332,0.8196733471897782,0.976470588235294,0.0,0.0,0.0,0.0,0.0,0.0
460,"0,57,105,147,171","30332,23976,10924,18956,7184",lucrarea déplacementissentriusн,0.10814245839913686,0.0,True,0.058142458399136863,0.058142458399136863,0.047372519969940186,1.0,-0.019728025794029234,-0.0020080755154291787,0.041666666666666664,0.817486198423601,0.988235294117647,0.0,0.0,0.0,0.0,0.0,0.0
461,"0,129,134,147,158","30332,17,28448,18956,17319",lucrareat senzatiriusenţă,0.1081232284506162,0.0,True,0.0581232284506162,0.0581232284506162,0.03978056311607361,1.0,-0.01206870675086975,0.004835357268651326,0.0,0.8303593847824927,0.9823529411764707,0.0,0.0,0.0,0.0,0.0,0.0
462,"0,129,134,247,158","30332,17,28448,12327,17319",lucrareat senzatiregardedenţă,0.107991457482179,0.0,True,0.05799145748217901,0.05799145748217901,0.0347678542137146,1.0,-0.01285153329372406,0.0014405896266301472,0.0,0.8069121619905733,0.9794117647058824,0.0,0.0,0.0,0.0,0.0,0.0
463,"0,129,185,39,31","30332,17,15058,2951,8221",lucrareattientchesimage,0.10798355986674626,0.0,True,0.05798355986674627,0.05798355986674627,0.041120558977127075,1.0,-0.014491838216781617,0.0018251116077105205,0.0,0.8314448929207934,0.9794117647058824,0.0,0.0,0.0,0.0,0.0,0.0
464,"0,247,188,77,180","30332,12327,29904,6177,31797",lucrarearegardedweilige tiescrisă,0.10796173463265102,0.0,True,0.05796173463265101,0.05796173463265101,0.03846001625061035,1.0,-0.015350520610809326,-0.002641392250855764,0.0,0.8233944718666749,0.9852941176470588,0.0,0.0,0.0,0.0,0.0,0.0
465,"0,31,157,190,169","30332,8221,27499,11733,680",lucrareaimageizantusion sie,0.10790546039740245,0.0,True,0.05790546039740244,0.05790546039740244,0.036719679832458496,1.0,-0.014745754003524781,0.0011747802297274272,0.0,0.830409557596963,0.976470588235294,0.0,0.0,0.0,0.0,0.0,0.0
466,"0,247,94,200,54","30332,12327,18852,3404,7818",lucrarearegardedkapwareroc,0.1078307385245959,0.0,True,0.057830738524595894,0.057830738524595894,0.03771657943725586,1.0,-0.01528482437133789,-0.0014110679427782695,0.0,0.8278341484357313,0.9735294117647059,0.0,0.0,0.0,0.0,0.0,0.0
467,"0,247,35,147,159","30332,12327,14797,18956,3077",lucrarearegardedgraphicriusige,0.1077829231818517,0.0,True,0.05778292318185171,0.05778292318185171,0.04122855663299561,1.0,-0.013790163397789,0.0031298200289408364,0.0,0.8458827763906496,0.9794117647058824,0.0,0.0,0.0,0.0,0.0,0.0
468,"0,247,41,190,145","30332,12327,3852,11733,26356",lucrarearegarded repusion sunet,0.10776764204104741,0.0,True,0.057767642041047416,0.057767642041047416,0.03617639541625976,1.0,-0.01979723572731018,-0.0009096836050351461,0.041666666666666664,0.789416129695336,0.9676470588235294,0.0,0.0,0.0,0.0,0.0,0.0
469,"0,37,185,39,54","30332,30396,15058,2951,7818",lucrareaelectriquetientchesroc,0.10774036546548207,0.0,True,0.05774036546548208,0.05774036546548208,0.03861079216003418,1.0,-0.014859449863433839,0.0008766402800877889,0.020833333333333332,0.806880668900875,0.9823529411764707,0.0,0.0,0.0,0.0,0.0,0.0
470,"0,35,105,147,169","30332,14797,10924,18956,680",lucrareagraphicissentrius sie,0.10770071595907212,0.0,True,0.05770071595907211,0.05770071595907211,0.03937968611717224,1.0,-0.018252801895141602,-0.00034024566411972046,0.020833333333333332,0.8419986286611971,0.9823529411764707,0.0,0.0,0.0,0.0,0.0,0.0
471,"0,219,157,147,180","30332,25895,27499,18956,31797",lucrareafloodedizantriusscrisă,0.10767232726017634,0.0,True,0.059755660593509674,0.059755660593509674,0.034241420030593876,0.9583333333333334,-0.01536007523536682,0.00041094919045766193,0.0,0.8393071273261757,0.976470588235294,0.0,0.0,0.0,0.0,0.0,0.0
472,"0,133,185,147,90","30332,121,15058,18956,23060","lucrarea""tientrius răspunde",0.1076511745651563,0.0,True,0.0576511745651563,0.0576511745651563,0.03926218748092651,1.0,-0.018464675545692442,0.0001293147603670756,0.020833333333333332,0.8019086973647617,0.976470588235294,0.0,0.0,0.0,0.0,0.0,0.0
473,"0,247,100,39,158","30332,12327,14338,2951,17319",lucrarearegarded surroundingschesenţă,0.10762742012739182,0.0,True,0.05971075346072515,0.05971075346072515,0.03417038321495056,0.9583333333333334,-0.018451681733131407,-0.0017877866824467976,0.020833333333333332,0.8414153118012712,0.9823529411764707,0.0,0.0,0.0,0.0,0.0,0.0
474,"0,129,134,165,158","30332,17,28448,13114,17319",lucrareat senzati->enţă,0.10761624624331792,0.0,True,0.057616246243317924,0.057616246243317924,0.039969027042388916,1.0,-0.011712652444839478,0.0037415623664855957,0.0,0.8568148151521591,0.988235294117647,0.0,0.0,0.0,0.0,0.0,0.0
475,"0,247,79,215,180","30332,12327,5206,6520,31797",lucrarearegardedrickribscrisă,0.10758826434612274,0.0,True,0.05758826434612274,0.05758826434612274,0.04429265856742859,1.0,-0.014694342017173767,-0.00023481249809265137,0.0,0.814192314559155,0.9823529411764707,0.0,0.0,0.0,0.0,0.0,0.0
476,"0,37,35,147,172","30332,30396,14797,18956,13910",lucrareaelectriquegraphicriuslebt,0.10758589754501979,0.0,True,0.05758589754501978,0.05758589754501978,0.041402405500411986,1.0,-0.016356027126312254,-0.0008192881941795349,0.020833333333333332,0.8396381907127342,0.9794117647058824,0.0,0.0,0.0,0.0,0.0,0.0
477,"0,41,186,147,171","30332,3852,10443,18956,7184",lucrarea repûriusн,0.10758522699276607,0.0,True,0.05758522699276606,0.05758522699276606,0.034878975152969366,1.0,-0.019020915031433105,-0.0009092564384142557,0.020833333333333332,0.8278620136449987,0.9794117647058824,0.0,0.0,0.0,0.0,0.0,0.0
478,"0,31,185,215,159","30332,8221,15058,6520,3077",lucrareaimagetientribige,0.10755286663770676,0.0,True,0.05755286663770676,0.05755286663770676,0.038714009523391726,1.0,-0.013009420037269593,0.0041667794187863665,0.0,0.8455450747547919,0.9823529411764707,0.0,0.0,0.0,0.0,0.0,0.0
479,"0,31,188,147,180","30332,8221,29904,18956,31797",lucrareaimageweiligeriusscrisă,0.10751217405001323,0.0,True,0.05751217405001322,0.05751217405001322,0.03988512754440308,1.0,-0.016174697875976564,-0.0007794524232546488,0.0,0.8359013966799337,0.9852941176470588,0.0,0.0,0.0,0.0,0.0,0.0
480,"0,129,157,215,158","30332,17,27499,6520,17319",lucrareatizantribenţă,0.10742284903923671,0.0,True,0.0574228490392367,0.0574228490392367,0.03827398419380188,1.0,-0.016464745998382567,0.0038186311721801758,0.0,0.838184491305167,0.9735294117647059,0.0,0.0,0.0,0.0,0.0,0.0
481,"0,169,185,200,169","30332,680,15058,3404,680",lucrarea sietientware sie,0.10734713623921077,0.0,True,0.05734713623921076,0.05734713623921076,0.036225080490112305,1.0,-0.019554916024208068,-0.0003786434729894002,0.041666666666666664,0.85166044613821,0.9852941176470588,0.0,0.0,0.0,0.0,0.0,0.0
482,"0,247,185,215,191","30332,12327,15058,6520,20041",lucrarearegardedtientribieni,0.10720071494579315,0.0,True,0.05720071494579315,0.05720071494579315,0.03797292709350586,1.0,-0.013493317365646362,0.003082511325677236,0.0,0.8437809985980171,0.976470588235294,0.0,0.0,0.0,0.0,0.0,0.0
483,"0,190,41,215,161","30332,11733,3852,6520,7890",lucrareausion repribintérieur,0.10714376519123714,0.0,True,0.05714376519123713,0.05714376519123713,0.040471166372299194,1.0,-0.013353708386421203,-0.00036229193210601807,0.0,0.8234915755599113,0.9823529411764707,0.0,0.0,0.0,0.0,0.0,0.0
484,"0,57,185,215,153","30332,23976,15058,6520,23158",lucrarea déplacementtientrib pierdere,0.10703278382619222,0.0,True,0.05703278382619222,0.05703278382619222,0.04302186369895935,1.0,-0.017324739694595335,-0.0002915014823277791,0.020833333333333332,0.793433196788662,0.9558823529411766,0.0,0.0,0.0,0.0,0.0,0.0
485,"0,169,187,36,153","30332,680,20719,24143,23158",lucrarea sie apărutKT pierdere,0.10699529747168224,0.0,True,0.05699529747168223,0.05699529747168223,0.038534462451934814,1.0,-0.015530896186828614,0.0011429463823636372,0.0,0.8464626197480352,0.9852941176470588,0.0,0.0,0.0,0.0,0.0,0.0
486,"0,133,186,134,169","30332,121,10443,28448,680","lucrarea""û senzati sie",0.10690847585598628,0.0,True,0.056908475855986275,0.056908475855986275,0.04023861289024353,1.0,-0.016931477189064025,0.00046588728825251263,0.020833333333333332,0.8191554093665543,0.988235294117647,0.0,0.0,0.0,0.0,0.0,0.0
487,"0,133,105,39,171","30332,121,10924,2951,7184","lucrarea""issentchesн",0.10687240759531658,0.0,True,0.05687240759531657,0.05687240759531657,0.03855661153793335,1.0,-0.019919615983963013,-0.003553830087184906,0.020833333333333332,0.7857934981126917,0.9794117647058824,0.0,0.0,0.0,0.0,0.0,0.0
488,"0,136,77,147,180","30332,2824,6177,18956,31797",lucrarea.... tieriusscrisă,0.10680279185374578,0.0,True,0.05680279185374578,0.05680279185374578,0.03099990487098694,1.0,-0.01685640513896942,0.0012792795896530151,0.020833333333333332,0.8393975155811675,0.9852941176470588,0.0,0.0,0.0,0.0,0.0,0.0
489,"0,247,157,147,169","30332,12327,27499,18956,680",lucrarearegardedizantrius sie,0.10678001046180725,0.0,True,0.05678001046180725,0.05678001046180725,0.036768394708633426,1.0,-0.017737090587615967,-0.0018029759327570598,0.0,0.8308050737528795,0.9794117647058824,0.0,0.0,0.0,0.0,0.0,0.0
490,"0,190,64,147,159","30332,11733,30828,18956,3077",lucrareausionDOWNriusige,0.10677557488282521,0.0,True,0.05677557488282522,0.05677557488282522,0.04094682931900025,1.0,-0.014587301015853881,0.002003828684488932,0.0,0.8236680294889559,0.9852941176470588,0.0,0.0,0.0,0.0,0.0,0.0
491,"0,133,157,215,31","30332,121,27499,6520,8221","lucrarea""izantribimage",0.10668280273675919,0.0,True,0.056682802736759186,0.056682802736759186,0.04036664962768555,1.0,-0.018209236860275268,0.002213535209496816,0.020833333333333332,0.8461425171917148,0.9735294117647059,0.0,0.0,0.0,0.0,0.0,0.0
492,"0,133,134,39,158","30332,121,28448,2951,17319","lucrarea"" senzatichesenţă",0.10665858586629232,0.0,True,0.05665858586629232,0.05665858586629232,0.03330446481704712,1.0,-0.012877401709556579,0.0014404406150182087,0.0,0.8505990209508552,0.9823529411764707,0.0,0.0,0.0,0.0,0.0,0.0
493,"0,76,157,200,184","30332,26292,27499,3404,20351",lucrarea menschlicheizantwareüchte,0.10665317426125209,0.0,True,0.05665317426125208,0.05665317426125208,0.03600573539733887,1.0,-0.015846496820449828,0.0022429972887039185,0.020833333333333332,0.8245551620377357,0.9823529411764707,0.0,0.0,0.0,0.0,0.0,0.0
494,"0,247,151,215,184","30332,12327,1110,6520,20351",lucrarearegarded seinribüchte,0.10665285140275955,0.0,True,0.05665285140275955,0.05665285140275955,0.03341876268386841,1.0,-0.014343661069869996,-0.00019304951032002768,0.0,0.8456048189984843,0.976470588235294,0.0,0.0,0.0,0.0,0.0,0.0
495,"0,129,151,190,158","30332,17,1110,11733,17319",lucrareat seinusionenţă,0.10656180779139202,0.0,True,0.056561807791392006,0.056561807791392006,0.0387931764125824,1.0,-0.015894645452499388,0.0022216265400250754,0.0,0.8418379984659469,0.9794117647058824,0.0,0.0,0.0,0.0,0.0,0.0
496,"0,247,105,39,31","30332,12327,10924,2951,8221",lucrarearegardedissentchesimage,0.10632456640402477,0.0,True,0.05632456640402476,0.05632456640402476,0.038369596004486084,1.0,-0.018301478028297423,-0.0011289964119593303,0.0,0.8232647944385056,0.976470588235294,0.0,0.0,0.0,0.0,0.0,0.0
497,"0,189,185,134,158","30332,10646,15058,28448,17319",lucrareatialtient senzatienţă,0.1062941109140714,0.0,True,0.0562941109140714,0.0562941109140714,0.03553366661071777,1.0,-0.013397431373596192,0.0012680913011233013,0.020833333333333332,0.8451645332542713,0.9823529411764707,0.0,0.0,0.0,0.0,0.0,0.0
498,"0,247,136,165,169","30332,12327,2824,13114,680",lucrarearegarded....-> sie,0.1060832644502322,0.0,True,0.056083264450232186,0.056083264450232186,0.031539762020111085,1.0,-0.01340000331401825,0.0004935835798581442,0.0,0.8565967563815767,0.9852941176470588,0.0,0.0,0.0,0.0,0.0,0.0
499,"0,43,185,200,158","30332,25627,15058,3404,17319",lucrarea Exteriortientwareenţă,0.1060626784960429,0.0,True,0.056062678496042885,0.056062678496042885,0.030949956178665163,1.0,-0.012752071022987366,0.003010697662830353,0.0,0.8620747786433317,0.9852941176470588,0.0,0.0,0.0,0.0,0.0,0.0
500,"0,247,100,190,158","30332,12327,14338,11733,17319",lucrarearegarded surroundingsusionenţă,0.10553543368975321,0.0,True,0.05761876702308655,0.05761876702308655,0.030920660495758062,0.9583333333333334,-0.016991007328033447,-0.0006822024782498678,0.0,0.8488327835036109,0.9823529411764707,0.0,0.0,0.0,0.0,0.0,0.0
501,"0,136,188,200,169","30332,2824,29904,3404,680",lucrarea....weiligeware sie,0.10542559176683426,0.0,True,0.05542559176683426,0.05542559176683426,0.02942914366722107,1.0,-0.015412938594818116,-0.0004897937178611755,0.0,0.8513286108621982,0.9823529411764707,0.0,0.0,0.0,0.0,0.0,0.0
502,"0,133,185,147,169","30332,121,15058,18956,680","lucrarea""tientrius sie",0.10500973016023636,0.0,True,0.05500973016023636,0.05500973016023636,0.03727364540100098,1.0,-0.01747564673423767,1.841535170873006e-05,0.020833333333333332,0.8433298292125114,0.9823529411764707,0.0,0.0,0.0,0.0,0.0,0.0
503,"0,35,185,238,180","30332,14797,15058,12740,31797",lucrareagraphictientvoluscrisă,0.10480712403853734,0.0,True,0.054807124038537346,0.054807124038537346,0.03845930695533752,1.0,-0.013364416360855101,0.0028674229979515076,0.0,0.8311088894417332,0.9852941176470588,0.0,0.0,0.0,0.0,0.0,0.0
504,"0,247,187,200,159","30332,12327,20719,3404,3077",lucrarearegarded apărutwareige,0.10443904797236125,0.0,True,0.054439047972361244,0.054439047972361244,0.031205976009368898,1.0,-0.013788893818855286,0.002475820481777191,0.0,0.8464058086842658,0.976470588235294,0.0,0.0,0.0,0.0,0.0,0.0
505,"0,247,105,147,210","30332,12327,10924,18956,12182",lucrarearegardedissentrius estim,0.10440957645575205,0.0,True,0.05649290978908539,0.05649290978908539,0.0271759033203125,0.9583333333333334,-0.01456986665725708,-0.002362502117951711,0.0,0.8140189481879239,0.961764705882353,0.0,0.0,0.0,0.0,0.0,0.0
506,"0,136,157,238,169","30332,2824,27499,12740,680",lucrarea....izantvolu sie,0.10428920487562815,0.0,True,0.05637253820896149,0.05637253820896149,0.0376240074634552,0.9583333333333334,-0.017268449068069458,-0.002217752238114675,0.020833333333333332,0.81548607847198,0.9647058823529412,0.0,0.0,0.0,0.0,0.0,0.0
507,"0,129,105,147,158","30332,17,10924,18956,17319",lucrareatissentriusenţă,0.10417463233073553,0.0,True,0.056257965664068856,0.056257965664068856,0.03597024083137512,0.9583333333333334,-0.012611213326454162,0.0042465875546137495,0.0,0.8284318224394902,0.9823529411764707,0.0,0.0,0.0,0.0,0.0,0.0
508,"0,129,105,147,171","30332,17,10924,18956,7184",lucrareatissentriusн,0.10407409618298213,0.0,True,0.054074096182982125,0.054074096182982125,0.03787346482276917,1.0,-0.01587187945842743,0.0026698956886927285,0.020833333333333332,0.8556844602366165,0.9852941176470588,0.0,0.0,0.0,0.0,0.0,0.0
509,"0,200,35,147,169","30332,3404,14797,18956,680",lucrareawaregraphicrius sie,0.10397363801797231,0.0,True,0.05605697135130564,0.05605697135130564,0.037505215406417845,0.9583333333333334,-0.015686565637588502,0.00074787437915802,0.020833333333333332,0.8225098865530913,0.9852941176470588,0.0,0.0,0.0,0.0,0.0,0.0
510,"0,31,185,190,180","30332,8221,15058,11733,31797",lucrareaimagetientusionscrisă,0.1039322520295779,0.0,True,0.05393225202957789,0.05393225202957789,0.03723873496055603,1.0,-0.015372389554977417,0.0002992476026217143,0.0,0.8567742909558562,0.9823529411764707,0.0,0.0,0.0,0.0,0.0,0.0
511,"0,247,151,200,54","30332,12327,1110,3404,7818",lucrarearegarded seinwareroc,0.10378492971261342,0.0,True,0.055868263045946755,0.055868263045946755,0.03226832747459412,0.9583333333333334,-0.014726015925407409,0.00026331841945648193,0.020833333333333332,0.8372743564506763,0.9735294117647059,0.0,0.0,0.0,0.0,0.0,0.0
512,"0,129,188,200,54","30332,17,29904,3404,7818",lucrareatweiligewareroc,0.10368502934773763,0.0,True,0.05368502934773763,0.05368502934773763,0.03917572498321533,1.0,-0.01629328727722168,-0.00036762406428654987,0.020833333333333332,0.8327411268798692,0.9558823529411766,0.0,0.0,0.0,0.0,0.0,0.0
513,"0,231,188,147,159","30332,21815,29904,18956,3077",lucrarea stainedweiligeriusige,0.10361730853716533,0.0,True,0.05361730853716532,0.05361730853716532,0.02982901930809021,1.0,-0.01453944444656372,0.0003774786988894145,0.0,0.8552370731094324,0.9823529411764707,0.0,0.0,0.0,0.0,0.0,0.0
514,"0,129,185,147,54","30332,17,15058,18956,7818",lucrareattientriusroc,0.10337092081705729,0.0,True,0.055454254150390625,0.055454254150390625,0.04025354385375977,0.9583333333333334,-0.012569746375083924,0.0031184380253156028,0.020833333333333332,0.8464081243526259,0.9705882352941176,0.0,0.0,0.0,0.0,0.0,0.0
515,"0,247,151,147,171","30332,12327,1110,18956,7184",lucrarearegarded seinriusн,0.10333545555671056,0.0,True,0.05333545555671056,0.05333545555671056,0.033916527032852174,1.0,-0.017049711942672727,-9.867548942565918e-05,0.020833333333333332,0.8494773883861358,0.9794117647058824,0.0,0.0,0.0,0.0,0.0,0.0
516,"0,133,188,190,169","30332,121,29904,11733,680","lucrarea""weiligeusion sie",0.10327512870232264,0.0,True,0.055358462035655975,0.055358462035655975,0.03746286630630493,0.9583333333333334,-0.014262053370475768,0.0011452709635098775,0.020833333333333332,0.8104635481766698,0.9852941176470588,0.0,0.0,0.0,0.0,0.0,0.0
517,"0,129,188,147,184","30332,17,29904,18956,20351",lucrareatweiligeriusüchte,0.10318926076094309,0.0,True,0.05527259409427643,0.05527259409427643,0.035278874635696414,0.9583333333333334,-0.018922585248947143,-0.0005253106355667114,0.020833333333333332,0.8196460223031282,0.9852941176470588,0.0,0.0,0.0,0.0,0.0,0.0
518,"0,247,105,131,158","30332,12327,10924,30173,17319",lucrarearegardedissent machiajenţă,0.10317497501770656,0.0,True,0.05317497501770655,0.05317497501770655,0.029793977737426758,1.0,-0.014799937605857849,-0.0023885716994603476,0.0,0.8240653981795605,0.9794117647058824,0.0,0.0,0.0,0.0,0.0,0.0
519,"0,31,105,200,158","30332,8221,10924,3404,17319",lucrareaimageissentwareenţă,0.10314893821875254,0.0,True,0.055232271552085876,0.055232271552085876,0.03640624284744263,0.9583333333333334,-0.014284944534301758,-0.0003021309773127238,0.0,0.8263605342802667,0.9823529411764707,0.0,0.0,0.0,0.0,0.0,0.0
520,"0,136,188,147,158","30332,2824,29904,18956,17319",lucrarea....weiligeriusenţă,0.1031275396545728,0.0,True,0.05312753965457281,0.05312753965457281,0.025083106756210328,1.0,-0.01677752137184143,0.0011824717124303181,0.020833333333333332,0.8627543501180952,0.9705882352941176,0.0,0.0,0.0,0.0,0.0,0.0
521,"0,129,185,190,169","30332,17,15058,11733,680",lucrareattientusion sie,0.10311030695835749,0.0,True,0.055193640291690826,0.055193640291690826,0.04004025459289551,0.9583333333333334,-0.012370938062667846,0.004341696699460347,0.020833333333333332,0.8106887855191686,0.9852941176470588,0.0,0.0,0.0,0.0,0.0,0.0
522,"0,247,79,200,138","30332,12327,5206,3404,9518",lucrarearegardedrickware oferit,0.10310017665227254,0.0,True,0.05518350998560587,0.05518350998560587,0.030718207359313965,0.9583333333333334,-0.015370893478393554,-0.0013168379664421082,0.0,0.8284681784327449,0.976470588235294,0.0,0.0,0.0,0.0,0.0,0.0
523,"0,129,114,196,158","30332,17,21415,20202,17319","lucrareatRAL,000.enţă",0.10305954863627752,0.0,True,0.05514288196961085,0.05514288196961085,0.03379464149475098,0.9583333333333334,-0.014575222134590149,-0.004537247121334076,0.020833333333333332,0.7625769930783901,0.976470588235294,0.0,0.0,0.0,0.0,0.0,0.0
524,"0,35,185,147,158","30332,14797,15058,18956,17319",lucrareagraphictientriusenţă,0.10294399758179983,0.0,True,0.055027330915133156,0.055027330915133156,0.034630376100540164,0.9583333333333334,-0.01303010880947113,0.003290407359600067,0.020833333333333332,0.8410144696081264,0.9794117647058824,0.0,0.0,0.0,0.0,0.0,0.0
525,"0,202,157,165,158","30332,5457,27499,13114,17319",lucrareanchizant->enţă,0.10279576828082403,0.0,True,0.054879101614157356,0.054879101614157356,0.02932664155960083,0.9583333333333334,-0.014009436964988709,0.0004445090889930725,0.020833333333333332,0.8527650199460094,0.9823529411764707,0.0,0.0,0.0,0.0,0.0,0.0
526,"0,136,185,215,158","30332,2824,15058,6520,17319",lucrarea....tientribenţă,0.1027820274233818,0.0,True,0.05694869409004847,0.05694869409004847,0.03491947650909424,0.9166666666666666,-0.015371879935264588,0.0021300986409187317,0.0,0.8235253071290244,0.976470588235294,0.0,0.0,0.0,0.0,0.0,0.0
527,"0,129,157,147,158","30332,17,27499,18956,17319",lucrareatizantriusenţă,0.10273345410823823,0.0,True,0.054816787441571556,0.054816787441571556,0.03616415858268738,0.9583333333333334,-0.011196646094322204,0.005284823477268219,0.0,0.8495480934600662,0.9852941176470588,0.0,0.0,0.0,0.0,0.0,0.0
528,"0,133,185,238,169","30332,121,15058,12740,680","lucrarea""tientvolu sie",0.1027183269460996,0.0,True,0.05480166027943293,0.05480166027943293,0.038093531131744386,0.9583333333333334,-0.014411774277687073,-0.0005532751480738322,0.0,0.8496158653540739,0.9852941176470588,0.0,0.0,0.0,0.0,0.0,0.0
529,"0,186,35,147,180","30332,10443,14797,18956,31797",lucrareaûgraphicriusscrisă,0.10251884261767069,0.0,True,0.05460217595100403,0.05460217595100403,0.03283495903015137,0.9583333333333334,-0.013284674286842347,0.0025448749462763467,0.0,0.8569486607833767,0.9852941176470588,0.0,0.0,0.0,0.0,0.0,0.0
530,"0,189,77,200,153","30332,10646,6177,3404,23158",lucrareatial tieware pierdere,0.10197192331155142,0.0,True,0.05613858997821808,0.05613858997821808,0.03100302815437317,0.9166666666666666,-0.01880527138710022,-0.0003646711508433024,0.020833333333333332,0.8454819341975047,0.9529411764705882,0.0,0.0,0.0,0.0,0.0,0.0
531,"0,186,157,215,180","30332,10443,27499,6520,31797",lucrareaûizantribscrisă,0.10190625836451848,0.0,True,0.053989591697851815,0.053989591697851815,0.040009301900863645,0.9583333333333334,-0.013651102781295776,0.0022594531377156577,0.0,0.8247367104371727,0.9823529411764707,0.0,0.0,0.0,0.0,0.0,0.0
532,"0,247,157,200,169","30332,12327,27499,3404,680",lucrarearegardedizantware sie,0.10184905032316843,0.0,True,0.05393238365650177,0.05393238365650177,0.03452762365341187,0.9583333333333334,-0.013110867142677307,0.0017225916186968486,0.020833333333333332,0.8552534371658442,0.9823529411764707,0.0,0.0,0.0,0.0,0.0,0.0
533,"0,41,185,141,180","30332,3852,15058,25205,31797",lucrarea reptientizezescrisă,0.10184311469395955,0.0,True,0.053926448027292885,0.053926448027292885,0.0301802396774292,0.9583333333333334,-0.012494894862174987,0.0009012669324874878,0.0,0.8250061770453507,0.9823529411764707,0.0,0.0,0.0,0.0,0.0,0.0
534,"0,247,105,190,169","30332,12327,10924,11733,680",lucrarearegardedissentusion sie,0.10151698539654413,0.0,True,0.05360031872987747,0.05360031872987747,0.034118044376373294,0.9583333333333334,-0.013706421852111817,0.0006041973829269409,0.0,0.8445535827519141,0.9823529411764707,0.0,0.0,0.0,0.0,0.0,0.0
535,"0,136,77,200,153","30332,2824,6177,3404,23158",lucrarea.... tieware pierdere,0.10139936556418737,0.0,True,0.0534826988975207,0.0534826988975207,0.02965771555900574,0.9583333333333334,-0.019459831714630126,-0.0011362060904502869,0.020833333333333332,0.8547553369015725,0.9735294117647059,0.0,0.0,0.0,0.0,0.0,0.0
536,"0,133,226,147,153","30332,121,20736,18956,23158","lucrarea""eselrius pierdere",0.10134015580018362,0.0,True,0.05338645229736964,0.053423489133516945,0.03845099806785583,0.9583333333333334,-0.01394534707069397,0.0018900558352470398,0.020833333333333332,0.8555689855743895,0.9794117647058824,0.0,0.0,0.0,0.0,0.0,0.0
537,"0,35,79,147,153","30332,14797,5206,18956,23158",lucrareagraphicrickrius pierdere,0.10120844195286433,0.0,True,0.05329177528619766,0.05329177528619766,0.039908838272094724,0.9583333333333334,-0.01323578953742981,0.0013399521509806316,0.020833333333333332,0.8341985313568127,0.9823529411764707,0.0,0.0,0.0,0.0,0.0,0.0
538,"0,31,105,39,153","30332,8221,10924,2951,23158",lucrareaimageissentches pierdere,0.10097683320442835,0.0,True,0.05306016653776169,0.05306016653776169,0.033666813373565675,0.9583333333333334,-0.01542964279651642,-0.0008340949813524882,0.0,0.7986711614304131,0.9823529411764707,0.0,0.0,0.0,0.0,0.0,0.0
539,"0,247,157,147,131","30332,12327,27499,18956,30173",lucrarearegardedizantrius machiaj,0.10084725320339202,0.0,True,0.05501391987005869,0.05501391987005869,0.03498992323875427,0.9166666666666666,-0.015268686413764953,-0.0012742603818575542,0.0,0.8326891787196562,0.9676470588235294,0.0,0.0,0.0,0.0,0.0,0.0
540,"0,247,94,147,158","30332,12327,18852,18956,17319",lucrarearegardedkapriusenţă,0.10054490814606348,0.0,True,0.05262824147939682,0.05262824147939682,0.031613278388977054,0.9583333333333334,-0.013234961032867431,0.0004205728570620219,0.0,0.8545314889600897,0.976470588235294,0.0,0.0,0.0,0.0,0.0,0.0
541,"0,31,185,165,153","30332,8221,15058,13114,23158",lucrareaimagetient-> pierdere,0.10037261595328649,0.0,True,0.05245594928661982,0.05245594928661982,0.03219330310821533,0.9583333333333334,-0.013626891374588012,9.633849064509074e-05,0.0,0.8033210234976271,0.976470588235294,0.0,0.0,0.0,0.0,0.0,0.0
542,"0,247,226,200,158","30332,12327,20736,3404,17319",lucrarearegardedeselwareenţă,0.10021501382191976,0.0,True,0.05229834715525309,0.05229834715525309,0.030142760276794436,0.9583333333333334,-0.012775251269340515,0.0019778236746788025,0.0,0.8727326422709976,0.9794117647058824,0.0,0.0,0.0,0.0,0.0,0.0
543,"0,219,157,193,158","30332,25895,27499,26831,17319",lucrareafloodedizantVoraussetzungenenţă,0.09987083474795025,0.0,True,0.054037501414616905,0.054037501414616905,0.022342443466186523,0.9166666666666666,-0.01691853106021881,-0.004754227896531423,0.0,0.8178301523640311,0.9705882352941176,0.0,0.0,0.0,0.0,0.0,0.0
544,"0,169,157,193,54","30332,680,27499,26831,7818",lucrarea sieizantVoraussetzungenroc,0.09986402243375778,0.0,True,0.054030689100424446,0.054030689100424446,0.028646582365036012,0.9166666666666666,-0.014925497770309448,-0.0017524311939875286,0.0,0.8426316552019213,0.9794117647058824,0.0,0.0,0.0,0.0,0.0,0.0
545,"0,247,185,190,169","30332,12327,15058,11733,680",lucrarearegardedtientusion sie,0.0995747779806455,0.0,True,0.05165811131397883,0.05165811131397883,0.030150502920150757,0.9583333333333334,-0.012753486633300781,0.002001233398914337,0.0,0.846102919262756,0.9852941176470588,0.0,0.0,0.0,0.0,0.0,0.0
546,"0,247,185,147,232","30332,12327,15058,18956,7578",lucrarearegardedtientriusetic,0.0993728573123614,0.0,True,0.05145619064569473,0.05145619064569473,0.031467771530151366,0.9583333333333334,-0.013944163918495178,-0.0005044390757878622,0.0,0.8540507562085191,0.9735294117647059,0.0,0.0,0.0,0.0,0.0,0.0
547,"0,200,185,147,90","30332,3404,15058,18956,23060",lucrareawaretientrius răspunde,0.09937283744414648,0.0,True,0.051456170777479805,0.051456170777479805,0.033522188663482666,0.9583333333333334,-0.017301118373870848,-0.0009011377890904745,0.020833333333333332,0.8251480503268837,0.976470588235294,0.0,0.0,0.0,0.0,0.0,0.0
548,"0,190,157,104,159","30332,11733,27499,15091,3077",lucrareausionizantspielerige,0.09929676751295727,0.0,True,0.053463434179623924,0.053463434179623924,0.03845399022102356,0.9166666666666666,-0.019502887129783632,-0.0007806941866874695,0.020833333333333332,0.8438612751011696,0.9823529411764707,0.0,0.0,0.0,0.0,0.0,0.0
549,"0,188,100,200,153","30332,29904,14338,3404,23158",lucrareaweilige surroundingsware pierdere,0.09924216667811075,0.0,True,0.05132550001144409,0.05132550001144409,0.03323453664779663,0.9583333333333334,-0.016018950939178468,-0.0035252049565315247,0.0,0.8449123569698491,0.9647058823529412,0.0,0.0,0.0,0.0,0.0,0.0
550,"0,136,187,39,153","30332,2824,20719,2951,23158",lucrarea.... apărutches pierdere,0.09922602425018948,0.0,True,0.05339269091685613,0.05339269091685613,0.026426213979721072,0.9166666666666666,-0.01463947892189026,-0.0009430324037869772,0.020833333333333332,0.8402171078027758,0.9588235294117649,0.0,0.0,0.0,0.0,0.0,0.0
551,"231,247,0,133,159","21815,12327,30332,121,3077"," stainedregardedlucrarea""ige",0.0991311306754748,0.0,True,0.051214464008808136,0.051214464008808136,0.02776084542274475,0.9583333333333334,-0.019901078939437867,-0.004999319712320964,0.041666666666666664,0.8536640395923714,0.9676470588235294,0.0,0.0,0.0,0.0,0.0,0.0
552,"0,136,77,190,184","30332,2824,6177,11733,20351",lucrarea.... tieusionüchte,0.09910668581724166,0.0,True,0.05327335248390833,0.05327335248390833,0.028033244609832766,0.9166666666666666,-0.016627934575080872,-0.00048794349034627277,0.0,0.832627427563385,0.9823529411764707,0.0,0.0,0.0,0.0,0.0,0.0
553,"0,133,185,190,169","30332,121,15058,11733,680","lucrarea""tientusion sie",0.09896461268266042,0.0,True,0.05089622984329859,0.05104794601599375,0.027672773599624636,0.9583333333333334,-0.012531721591949463,0.0021978591879208884,0.020833333333333332,0.8700537227340664,0.9852941176470588,0.0,0.0,0.0,0.0,0.0,0.0
554,"0,247,157,190,162","30332,12327,27499,11733,5290",lucrarearegardedizantusionizat,0.09888608356316884,0.0,True,0.050969416896502175,0.050969416896502175,0.03404214382171631,0.9583333333333334,-0.018077084422111513,-0.003576219081878662,0.0,0.8081257265891911,0.9794117647058824,0.0,0.0,0.0,0.0,0.0,0.0
555,"0,136,134,190,158","30332,2824,28448,11733,17319",lucrarea.... senzatiusionenţă,0.09885558634996414,0.0,True,0.053022253016630806,0.053022253016630806,0.02439218163490296,0.9166666666666666,-0.014459618926048278,0.0010120943188667297,0.0,0.8467726105525162,0.9794117647058824,0.0,0.0,0.0,0.0,0.0,0.0
556,"0,128,185,147,153","30332,96,15058,18956,23158","lucrarea ""tientrius pierdere",0.09841162612040838,0.0,True,0.05257829278707504,0.05257829278707504,0.03355298042297363,0.9166666666666666,-0.015125948190689086,0.0013939589262008667,0.020833333333333332,0.8384589751947921,0.9735294117647059,0.0,0.0,0.0,0.0,0.0,0.0
557,"0,37,157,147,200","30332,30396,27499,18956,3404",lucrareaelectriqueizantriusware,0.09753297418355941,0.0,True,0.05169964085022608,0.05169964085022608,0.03265469074249268,0.9166666666666666,-0.014228850603103638,0.0005270987749099731,0.020833333333333332,0.8640400863806049,0.9823529411764707,0.0,0.0,0.0,0.0,0.0,0.0
558,"0,247,186,147,171","30332,12327,10443,18956,7184",lucrarearegardedûriusн,0.09753062675396601,0.0,True,0.04961396008729935,0.04961396008729935,0.028460800647735596,0.9583333333333334,-0.014712297916412353,0.0003381843368212382,0.020833333333333332,0.843742249747457,0.9794117647058824,0.0,0.0,0.0,0.0,0.0,0.0
559,"0,149,187,247,131","30332,18457,20719,12327,30173",lucrarea varsta apărutregarded machiaj,0.09687486737966539,0.0,True,0.053124867379665375,0.053124867379665375,0.020857888460159305,0.875,-0.01956525444984436,-0.003233775496482849,0.041666666666666664,0.8418945007739349,0.976470588235294,0.0,0.0,0.0,0.0,0.0,0.0
560,"0,39,105,26,158","30332,2951,10924,15157,17319",lucrareachesissent sportingenţă,0.09682045082251231,0.0,True,0.053070450822512306,0.053070450822512306,0.019488710165023806,0.875,-0.017024150490760802,-0.0066332196195920306,0.0,0.8003286396536748,0.9558823529411766,0.0,0.0,0.0,0.0,0.0,0.0
561,"0,247,100,147,153","30332,12327,14338,18956,23158",lucrarearegarded surroundingsrius pierdere,0.09680610050757726,0.0,True,0.05097276717424393,0.05097276717424393,0.02612597346305847,0.9166666666666666,-0.016263633966445923,-0.0022251481811205545,0.0,0.8617937336933529,0.976470588235294,0.0,0.0,0.0,0.0,0.0,0.0
562,"0,247,136,190,159","30332,12327,2824,11733,3077",lucrarearegarded....usionige,0.0961560572187106,0.0,True,0.05032272388537725,0.05032272388537725,0.02837955951690674,0.9166666666666666,-0.01434868574142456,0.0018300165732701619,0.020833333333333332,0.8396127955497177,0.9852941176470588,0.0,0.0,0.0,0.0,0.0,0.0
563,"0,186,77,190,180","30332,10443,6177,11733,31797",lucrareaû tieusionscrisă,0.0957401732603709,0.0,True,0.049684830009937286,0.04990683992703756,0.025808399915695196,0.9166666666666666,-0.01537192463874817,-0.0005789001782735189,0.020833333333333332,0.8689326304919646,0.9794117647058824,0.0,0.0,0.0,0.0,0.0,0.0
564,"0,247,186,190,158","30332,12327,10443,11733,17319",lucrarearegardedûusionenţă,0.09512152423461279,0.0,True,0.04928819090127945,0.04928819090127945,0.023719984292984008,0.9166666666666666,-0.013313660025596618,-0.0007625147700309753,0.0,0.8487345219761945,0.976470588235294,0.0,0.0,0.0,0.0,0.0,0.0
565,"0,186,105,200,54","30332,10443,10924,3404,7818",lucrareaûissentwareroc,0.09510672440131505,0.0,True,0.047190057734648384,0.047190057734648384,0.03002057075500488,0.9583333333333334,-0.018457457423210144,-0.0013723745942115784,0.020833333333333332,0.8523805418092765,0.9676470588235294,0.0,0.0,0.0,0.0,0.0,0.0
566,"0,190,157,190,54","30332,11733,27499,11733,7818",lucrareausionizantusionroc,0.09474805394808453,0.0,True,0.04891472061475118,0.04891472061475118,0.02679089903831482,0.9166666666666666,-0.016000768542289732,-0.0002809266249338786,0.020833333333333332,0.8565117713527587,0.961764705882353,0.0,0.0,0.0,0.0,0.0,0.0
567,"0,247,153,190,169","30332,12327,23158,11733,680",lucrarearegarded pierdereusion sie,0.09474238405625027,0.0,True,0.04890905072291692,0.04890905072291692,0.027862226963043215,0.9166666666666666,-0.014704138040542603,-0.0007357473174730936,0.020833333333333332,0.8365398264468316,0.9294117647058824,0.0,0.0,0.0,0.0,0.0,0.0
568,"0,41,185,193,45","30332,3852,15058,26831,25231",lucrarea reptientVoraussetzungenffentlichkeit,0.09457102616628012,0.0,True,0.05082102616628011,0.05082102616628011,0.01726835370063782,0.875,-0.01869578957557678,-0.0025048678119977317,0.020833333333333332,0.8397721135328972,0.9558823529411766,0.0,0.0,0.0,0.0,0.0,0.0
569,"0,133,157,200,158","30332,121,27499,3404,17319","lucrarea""izantwareenţă",0.09370461056629817,0.0,True,0.04986161241928736,0.049954610566298165,0.02290403246879578,0.875,-0.01241808533668518,0.0029126927256584167,0.0,0.8820237984324932,0.9852941176470588,0.0,0.0,0.0,0.0,0.0,0.0
570,"0,200,77,147,153","30332,3404,6177,18956,23158",lucrareaware tierius pierdere,0.09307900965213775,0.0,True,0.04724567631880442,0.04724567631880442,0.024436259269714357,0.9166666666666666,-0.018368467688560486,-0.0016870424151420593,0.0,0.8207708196146064,0.9676470588235294,0.0,0.0,0.0,0.0,0.0,0.0
571,"0,200,105,147,159","30332,3404,10924,18956,3077",lucrareawareissentriusige,0.08975010762612026,0.0,True,0.04391677429278692,0.04391677429278692,0.02228207588195801,0.9166666666666666,-0.012526771426200867,0.0026625494162241616,0.0,0.8958633903870277,0.961764705882353,0.0,0.0,0.0,0.0,0.0,0.0
572,"0,200,126,147,153","30332,3404,7253,18956,23158",lucrareawarerairius pierdere,0.08869491467873256,0.0,True,0.04464727888504664,0.04494491467873255,0.020284342765808105,0.875,-0.0174553245306015,0.000974769393603007,0.0,0.880503330587208,0.95,0.0,0.0,0.0,0.0,0.0,0.0
573,"0,200,186,210,158","30332,3404,10443,12182,17319",lucrareawareû estimenţă,0.08837121725082397,0.0,True,0.04561850925286611,0.04670455058415731,0.01688910722732544,0.8333333333333334,-0.01809074282646179,-0.004244570930798848,0.020833333333333332,0.8760241332781381,0.961764705882353,0.0,0.0,0.0,0.0,0.0,0.0
574,"0,136,157,186,153","30332,2824,27499,10443,23158",lucrarea....izantû pierdere,0.08828194389740626,0.0,True,0.04445797701676687,0.04453194389740626,0.01790653467178345,0.875,-0.015874385833740234,-0.0006734579801559448,0.0,0.8838394368047543,0.976470588235294,0.0,0.0,0.0,0.0,0.0,0.0
575,"0,200,185,171,158","30332,3404,15058,7184,17319",lucrareawaretientнenţă,0.08756033529837927,0.0,True,0.04350622991720835,0.043810335298379265,0.019435065984725955,0.875,-0.012161251902580262,0.0024952789147694907,0.0,0.8925753728824274,0.976470588235294,0.0,0.0,0.0,0.0,0.0,0.0
576,"176,190,0,133,180","257,11733,30332,121,31797","ationusionlucrarea""scrisă",0.08711601992448172,0.0,True,0.043189793825149536,0.04336601992448171,0.014713811874389653,0.875,-0.01249152421951294,0.0002849474549293518,0.0,0.8881366997696605,0.976470588235294,0.0,0.0,0.0,0.0,0.0,0.0
577,"213,41,100,26,158","73,3852,14338,15157,17319", un rep surroundings sportingenţă,0.08580227692921957,0.0,True,0.044135610262552895,0.044135610262552895,0.013639479875564577,0.8333333333333334,-0.015304657816886901,-0.007091596722602844,0.020833333333333332,0.8355393805262943,0.9558823529411766,0.0,0.0,0.0,0.0,0.0,0.0
578,"118,189,100,26,158","2280,10646,14338,15157,17319", kmtial surroundings sportingenţă,0.08018329093853632,0.0,True,0.042683290938536324,0.042683290938536324,0.011429673433303833,0.75,-0.017133653163909912,-0.007522799074649811,0.020833333333333332,0.8453754134529371,0.976470588235294,0.0,0.0,0.0,0.0,0.0,0.0
579,"0,247,185,238,153","30332,12327,15058,12740,23158",lucrarearegardedtientvolu pierdere,0.07664504299561184,0.0,True,0.04095032811164856,0.04122837632894516,0.01009868383407593,0.7083333333333334,-0.019078370928764344,-0.002970208724339803,0.020833333333333332,0.8842959322274885,0.9705882352941176,0.0,0.0,0.0,0.0,0.0,0.0
580,"36,219,157,26,131","24143,25895,27499,15157,30173",KTfloodedizant sporting machiaj,0.07422057886918387,0.0,True,0.03672057886918386,0.03672057886918386,0.016791117191314698,0.75,-0.01910722255706787,-0.006311414142449697,0.020833333333333332,0.805763899239712,0.9705882352941176,0.0,0.0,0.0,0.0,0.0,0.0
581,"170,31,122,5,169","13602,8221,12759,2426,680",ffenimage beneath movement sie,0.0726003110408783,0.0,True,0.035100311040878296,0.035100311040878296,0.013445156812667848,0.75,-0.01854196786880493,-0.004677678147951762,0.020833333333333332,0.8317501751996087,0.976470588235294,0.0,0.0,0.0,0.0,0.0,0.0
582,"0,169,77,26,158","30332,680,6177,15157,17319",lucrarea sie tie sportingenţă,0.12996990531682967,0.000281423330306986,False,0.07996990531682968,0.07996990531682968,0.05643101930618286,1.0,-0.02000562846660614,-0.0007490366697311401,0.041666666666666664,0.7739520191971995,0.9852941176470588,0.0,0.0,0.000281423330306986,0.0,0.0,0.0
583,"0,35,185,215,82","30332,14797,15058,6520,16771",lucrareagraphictientrib posture,0.11853732466697693,0.00031867623329160516,False,0.06853732466697693,0.06853732466697693,0.051714903116226195,1.0,-0.020006373524665833,-0.0016108329097429912,0.041666666666666664,0.7747508475925116,0.9941176470588234,0.0,0.0,0.00031867623329160516,0.0,0.0,0.0
584,"0,93,41,147,169","30332,19486,3852,18956,680",lucrarea vitesse reprius sie,0.12271262754996617,0.00048601627349858373,False,0.07271262754996617,0.07271262754996617,0.05112497210502625,1.0,-0.020009720325469972,-0.004106712838013967,0.041666666666666664,0.7522916433009297,0.9911764705882352,0.0,0.0,0.00048601627349858373,0.0,0.0,0.0
585,"0,41,46,26,159","30332,3852,18927,15157,3077",lucrarea rep rar sportingige,0.13420941481987636,0.0005593299865722448,False,0.08420941481987636,0.08420941481987636,0.057658332586288455,1.0,-0.020011186599731445,-0.0011614238222440083,0.041666666666666664,0.7804254700980446,0.9529411764705882,0.0,0.0,0.0005593299865722448,0.0,0.0,0.0
586,"0,35,134,26,158","30332,14797,28448,15157,17319",lucrareagraphic senzati sportingenţă,0.12838353763024013,0.000569909811019842,False,0.07838353763024013,0.07838353763024013,0.05472080111503601,1.0,-0.020011398196220397,0.0007510309418042501,0.041666666666666664,0.7944324848750192,0.976470588235294,0.0,0.0,0.000569909811019842,0.0,0.0,0.0
587,"0,41,35,26,169","30332,3852,14797,15157,680",lucrarea repgraphic sporting sie,0.13552900950113933,0.000930666923522859,False,0.08552900950113933,0.08552900950113933,0.05917772650718689,1.0,-0.020018613338470458,-0.002344427009423574,0.041666666666666664,0.7161390429172851,0.976470588235294,0.0,0.0,0.000930666923522859,0.0,0.0,0.0
588,"0,189,100,26,158","30332,10646,14338,15157,17319",lucrareatial surroundings sportingenţă,0.13469102283318837,0.001610606908798197,False,0.08469102283318837,0.08469102283318837,0.053757494688034056,1.0,-0.020032212138175964,-0.0005330120523770651,0.041666666666666664,0.7923946967180727,0.9705882352941176,0.0,0.0,0.001610606908798197,0.0,0.0,0.0
589,"0,129,8,190,169","30332,17,17682,11733,680",lucrareatSportusion sie,0.12100913673639298,0.00203052163124072,False,0.07100913673639297,0.07100913673639297,0.05129707455635071,1.0,-0.020040610432624815,0.0010837018489837646,0.041666666666666664,0.7893678866044992,0.9911764705882352,0.0,0.0,0.00203052163124072,0.0,0.0,0.0
590,"66,140,134,26,169","1041,24800,28448,15157,680", actionaparut senzati sporting sie,0.0842363342642784,0.00207641720771784,False,0.044653000930945076,0.044653000930945076,0.01386532187461853,0.7916666666666666,-0.020041528344154357,-0.008447706699371338,0.041666666666666664,0.7845184911135841,0.9647058823529412,0.0,0.0,0.00207641720771784,0.0,0.0,0.0
591,"0,219,94,147,158","30332,25895,18852,18956,17319",lucrareafloodedkapriusenţă,0.10452940960725149,0.0022383928298948946,False,0.05869607627391815,0.05869607627391815,0.029745352268218995,0.9166666666666666,-0.0200447678565979,-0.0009907186031341553,0.041666666666666664,0.8327461441613162,0.9705882352941176,0.0,0.0,0.0022383928298948946,0.0,0.0,0.0
592,"0,129,35,69,169","30332,17,14797,22208,680",lucrareatgraphic déplac sie,0.1136838972568512,0.002364754676818792,False,0.0636838972568512,0.0636838972568512,0.04961310029029846,1.0,-0.020047295093536376,-0.003983654081821442,0.041666666666666664,0.7893029707014692,0.976470588235294,0.0,0.0,0.002364754676818792,0.0,0.0,0.0
593,"0,129,157,26,159","30332,17,27499,15157,3077",lucrareatizant sportingige,0.1284376487135887,0.0026986896991728834,False,0.07843764871358871,0.07843764871358871,0.05528761744499207,1.0,-0.020053973793983458,0.0011448636651039124,0.041666666666666664,0.8026677734532243,0.976470588235294,0.0,0.0,0.0026986896991728834,0.0,0.0,0.0
594,"0,169,8,147,169","30332,680,17682,18956,680",lucrarea sieSportrius sie,0.12241766899824143,0.00317388772964472,False,0.07241766899824142,0.07241766899824142,0.052830439805984494,1.0,-0.020063477754592895,0.00015070786078770956,0.041666666666666664,0.7940656058178235,0.9911764705882352,0.0,0.0,0.00317388772964472,0.0,0.0,0.0
595,"0,41,114,26,82","30332,3852,21415,15157,16771",lucrarea repRAL sporting posture,0.13708518246809642,0.0032676160335540563,False,0.08708518246809642,0.08708518246809642,0.060101729631423954,1.0,-0.02006535232067108,-0.004458616177241008,0.041666666666666664,0.7487468953641323,0.9794117647058824,0.0,0.0,0.0032676160335540563,0.0,0.0,0.0
596,"0,133,157,238,169","30332,121,27499,12740,680","lucrarea""izantvolu sie",0.10386758148670197,0.0036826133728027136,False,0.0559509148200353,0.0559509148200353,0.03827827572822571,0.9583333333333334,-0.020073652267456055,-0.0033579046527544656,0.041666666666666664,0.7742593083885936,0.9470588235294116,0.0,0.0,0.0036826133728027136,0.0,0.0,0.0
597,"0,219,157,39,169","30332,25895,27499,2951,680",lucrareafloodedizantches sie,0.11670152147610982,0.0038089752197264376,False,0.06670152147610982,0.06670152147610982,0.04059027433395386,1.0,-0.02007617950439453,-0.00036490211884180707,0.041666666666666664,0.826267444412188,0.9705882352941176,0.0,0.0,0.0038089752197264376,0.0,0.0,0.0
598,"0,190,134,26,82","30332,11733,28448,15157,16771",lucrareausion senzati sporting posture,0.13343998591105144,0.004451215267181445,False,0.08343998591105144,0.08343998591105144,0.057540017366409305,1.0,-0.02008902430534363,-0.004162512719631195,0.041666666666666664,0.7658081223302756,0.976470588235294,0.0,0.0,0.004451215267181445,0.0,0.0,0.0
599,"0,31,188,26,158","30332,8221,29904,15157,17319",lucrareaimageweilige sportingenţă,0.12568107048670452,0.005586981773376444,False,0.07568107048670451,0.07568107048670451,0.051638126373291016,1.0,-0.02011173963546753,-0.0043136800328890485,0.041666666666666664,0.7710843726889147,0.9794117647058824,0.0,0.0,0.005586981773376444,0.0,0.0,0.0
600,"0,41,185,26,159","30332,3852,15058,15157,3077",lucrarea reptient sportingige,0.12725808769464492,0.005623489618301371,False,0.07725808769464493,0.07725808769464493,0.056201934814453125,1.0,-0.020112469792366028,0.002690968414147695,0.041666666666666664,0.8168594241874494,0.9852941176470588,0.0,0.0,0.005623489618301371,0.0,0.0,0.0
601,"0,31,151,26,169","30332,8221,1110,15157,680",lucrareaimage sein sporting sie,0.12795581469933193,0.005747616291046018,False,0.07795581469933192,0.07795581469933192,0.05582413077354431,1.0,-0.02011495232582092,-0.0043252284328142805,0.041666666666666664,0.7519391985765124,0.9911764705882352,0.0,0.0,0.005747616291046018,0.0,0.0,0.0
602,"0,41,35,26,158","30332,3852,14797,15157,17319",lucrarea repgraphic sportingenţă,0.13197833597660064,0.005788147449493387,False,0.08197833597660065,0.08197833597660065,0.059454703330993654,1.0,-0.020115762948989868,-0.0009323681394259135,0.041666666666666664,0.7766679894278933,0.9676470588235294,0.0,0.0,0.005788147449493387,0.0,0.0,0.0
603,"0,133,35,14,158","30332,121,14797,6661,17319","lucrarea""graphicsportenţă",0.12147551824649175,0.006951928138732889,False,0.07147551824649175,0.07147551824649175,0.050972217321395875,1.0,-0.020139038562774658,0.00019742300113042197,0.041666666666666664,0.7908799408547426,0.9823529411764707,0.0,0.0,0.006951928138732889,0.0,0.0,0.0
604,"0,35,112,26,159","30332,14797,21711,15157,3077",lucrareagraphic bilden sportingige,0.12926532626152037,0.007114946842193617,False,0.07926532626152039,0.07926532626152039,0.05454028248786926,1.0,-0.020142298936843873,0.0005476797620455424,0.041666666666666664,0.8023290683610772,0.961764705882353,0.0,0.0,0.007114946842193617,0.0,0.0,0.0
605,"0,129,41,215,169","30332,17,3852,6520,680",lucrareat reprib sie,0.12008539885282517,0.007530242204666082,False,0.07008539885282516,0.07008539885282516,0.05032784342765808,1.0,-0.020150604844093322,-0.001060299575328827,0.041666666666666664,0.7923992508658477,0.9852941176470588,0.0,0.0,0.007530242204666082,0.0,0.0,0.0
606,"0,133,157,26,159","30332,121,27499,15157,3077","lucrarea""izant sportingige",0.12568378498156865,0.00785970687866202,False,0.07568378498156865,0.07568378498156865,0.05283292531967163,1.0,-0.02015719413757324,0.0012960533301035564,0.041666666666666664,0.8113570102189673,0.976470588235294,0.0,0.0,0.00785970687866202,0.0,0.0,0.0
607,"0,136,185,26,45","30332,2824,15058,15157,25231",lucrarea....tient sportingffentlichkeit,0.12455619672934215,0.00805804133415227,False,0.07455619672934215,0.07455619672934215,0.048572421073913574,1.0,-0.020161160826683046,-0.0012993042667706807,0.041666666666666664,0.7622979550409901,0.988235294117647,0.0,0.0,0.00805804133415227,0.0,0.0,0.0
608,"0,219,185,147,169","30332,25895,15058,18956,680",lucrareafloodedtientrius sie,0.10933231115341187,0.008284389972686677,False,0.059332311153411865,0.059332311153411865,0.02989262342453003,1.0,-0.020165687799453734,-0.0036374578873316445,0.041666666666666664,0.8341100728254542,0.9705882352941176,0.0,0.0,0.008284389972686677,0.0,0.0,0.0
609,"0,133,157,26,180","30332,121,27499,15157,31797","lucrarea""izant sportingscrisă",0.1254965419570605,0.008460968732833772,False,0.0754965419570605,0.0754965419570605,0.05445111989974975,1.0,-0.020169219374656676,-0.0004395892222722371,0.041666666666666664,0.8015683713047626,0.9735294117647059,0.0,0.0,0.008460968732833772,0.0,0.0,0.0
610,"0,189,185,26,169","30332,10646,15058,15157,680",lucrareatialtient sporting sie,0.1278137519955635,0.00882798433303831,False,0.07781375199556351,0.07781375199556351,0.05519866943359375,1.0,-0.020176559686660767,0.002178661525249481,0.041666666666666664,0.7895684234844896,0.9794117647058824,0.0,0.0,0.00882798433303831,0.0,0.0,0.0
611,"0,129,157,26,31","30332,17,27499,15157,8221",lucrareatizant sportingimage,0.1285387282570203,0.009039133787155061,False,0.07853872825702031,0.07853872825702031,0.06050252318382263,1.0,-0.0201807826757431,0.00046840061744054157,0.041666666666666664,0.8002211926417631,0.9852941176470588,0.0,0.0,0.009039133787155061,0.0,0.0,0.0
612,"0,133,151,26,169","30332,121,1110,15157,680","lucrarea"" sein sporting sie",0.12683154940605162,0.00930571556091303,False,0.07683154940605164,0.07683154940605164,0.050026494264602664,1.0,-0.02018611431121826,-0.0041321491201718645,0.041666666666666664,0.7636671325534111,0.9794117647058824,0.0,0.0,0.00930571556091303,0.0,0.0,0.0
613,"0,129,188,26,82","30332,17,29904,15157,16771",lucrareatweilige sporting posture,0.1342329313357671,0.01004958152771001,False,0.0842329313357671,0.0842329313357671,0.05688753724098206,1.0,-0.0202009916305542,-0.004295316835244496,0.041666666666666664,0.760405359290226,0.976470588235294,0.0,0.0,0.01004958152771001,0.0,0.0,0.0
614,"0,129,35,26,210","30332,17,14797,15157,12182",lucrareatgraphic sporting estim,0.1270459398627281,0.010181456804275561,False,0.07704593986272812,0.07704593986272812,0.05155776739120484,1.0,-0.02020362913608551,-0.0005407805244127909,0.041666666666666664,0.7676310936523439,0.9647058823529412,0.0,0.0,0.010181456804275561,0.0,0.0,0.0
615,"0,76,185,147,31","30332,26292,15058,18956,8221",lucrarea menschlichetientriusimage,0.11309017290671666,0.010300070047378554,False,0.06309017290671666,0.06309017290671666,0.04736775755882263,1.0,-0.02020600140094757,0.001515785853068034,0.041666666666666664,0.7928890147240228,0.9794117647058824,0.0,0.0,0.010300070047378554,0.0,0.0,0.0
616,"0,35,41,26,90","30332,14797,3852,15157,23060",lucrareagraphic rep sporting răspunde,0.13543216685454051,0.010361760854720944,False,0.08543216685454051,0.08543216685454051,0.05612476468086243,1.0,-0.02020723521709442,-0.0031702344616254172,0.041666666666666664,0.7301005162165097,0.9470588235294116,0.0,0.0,0.010361760854720944,0.0,0.0,0.0
617,"0,133,8,147,45","30332,121,17682,18956,25231","lucrarea""Sportriusffentlichkeit",0.12380301753679912,0.010522842407226576,False,0.07380301753679912,0.07380301753679912,0.05228531956672668,1.0,-0.020210456848144532,-0.0012692262729008992,0.041666666666666664,0.75120181258169,0.9823529411764707,0.0,0.0,0.010522842407226576,0.0,0.0,0.0
618,"0,165,105,26,82","30332,13114,10924,15157,16771",lucrarea->issent sporting posture,0.13714780459801357,0.011134684085845926,False,0.08714780459801356,0.08714780459801356,0.058415663242340085,1.0,-0.02022269368171692,-0.005774711569150289,0.041666666666666664,0.7032441664647533,0.9823529411764707,0.0,0.0,0.011134684085845926,0.0,0.0,0.0
619,"0,202,157,213,169","30332,5457,27499,73,680",lucrareanchizant un sie,0.11034633268912633,0.011457890272140517,False,0.060346332689126335,0.060346332689126335,0.046705424785614014,1.0,-0.02022915780544281,-0.006086076299349467,0.041666666666666664,0.8026812815186586,0.9794117647058824,0.0,0.0,0.011457890272140517,0.0,0.0,0.0
620,"0,129,105,238,169","30332,17,10924,12740,680",lucrareatissentvolu sie,0.10662702769041062,0.011924594640731756,False,0.056627027690410614,0.056627027690410614,0.040268927812576294,1.0,-0.020238491892814636,-0.0037628586093584695,0.041666666666666664,0.815268096890343,0.9558823529411766,0.0,0.0,0.011924594640731756,0.0,0.0,0.0
621,"0,13,185,26,158","30332,28688,15058,15157,17319",lucrarea pistontient sportingenţă,0.12806062201658885,0.011929512023925795,False,0.07806062201658885,0.07806062201658885,0.05402368903160095,1.0,-0.020238590240478516,-0.00047753751277923584,0.041666666666666664,0.7909054132067044,0.9735294117647059,0.0,0.0,0.011929512023925795,0.0,0.0,0.0
622,"0,133,100,39,169","30332,121,14338,2951,680","lucrarea"" surroundingsches sie",0.11552975624799729,0.012215316295623689,False,0.06552975624799728,0.06552975624799728,0.04353588819503784,1.0,-0.020244306325912474,-0.0017620126406351726,0.041666666666666664,0.8177910947576896,0.9794117647058824,0.0,0.0,0.012215316295623689,0.0,0.0,0.0
623,"0,35,41,147,82","30332,14797,3852,18956,16771",lucrareagraphic reprius posture,0.12365628331899643,0.012260913848877002,False,0.07365628331899643,0.07365628331899643,0.05586976408958435,1.0,-0.02024521827697754,-0.005648692448933919,0.041666666666666664,0.742732178365436,0.9852941176470588,0.0,0.0,0.012260913848877002,0.0,0.0,0.0
624,"0,41,100,26,90","30332,3852,14338,15157,23060",lucrarea rep surroundings sporting răspunde,0.13342548708120983,0.012443304061889558,False,0.08342548708120982,0.08342548708120982,0.056856513023376465,1.0,-0.02024886608123779,-0.004105304678281148,0.041666666666666664,0.7509438471263675,0.976470588235294,0.0,0.0,0.012443304061889558,0.0,0.0,0.0
625,"0,169,151,215,82","30332,680,1110,6520,16771",lucrarea sie seinrib posture,0.12349792619546254,0.012735813856124857,False,0.07349792619546254,0.07349792619546254,0.05588698387145996,1.0,-0.020254716277122498,-0.0035185093681017556,0.041666666666666664,0.7582922347226289,0.9852941176470588,0.0,0.0,0.012735813856124857,0.0,0.0,0.0
626,"0,169,100,26,169","30332,680,14338,15157,680",lucrarea sie surroundings sporting sie,0.13292791992425917,0.013053208589553812,False,0.08292791992425919,0.08292791992425919,0.05383104681968689,1.0,-0.020261064171791077,-0.0036926244695981345,0.041666666666666664,0.7779660759216572,0.9735294117647059,0.0,0.0,0.013053208589553812,0.0,0.0,0.0
627,"0,41,105,26,158","30332,3852,10924,15157,17319",lucrarea repissent sportingenţă,0.12807286083698272,0.014780551195144563,False,0.07807286083698273,0.07807286083698273,0.0579222559928894,1.0,-0.02029561102390289,-0.0019303634762763977,0.041666666666666664,0.7809348399483359,0.9852941176470588,0.0,0.0,0.014780551195144563,0.0,0.0,0.0
628,"0,129,134,194,169","30332,17,28448,23078,680",lucrareat senzatipolitischen sie,0.11757794072230657,0.015312820672988905,False,0.06757794072230656,0.06757794072230656,0.04177702665328979,1.0,-0.02030625641345978,-0.005791902542114258,0.041666666666666664,0.7779076438900357,0.9676470588235294,0.0,0.0,0.015312820672988905,0.0,0.0,0.0
629,"0,133,100,26,159","30332,121,14338,15157,3077","lucrarea"" surroundings sportingige",0.13127263685067495,0.01618349552154532,False,0.08127263685067494,0.08127263685067494,0.05201793909072876,1.0,-0.020323669910430907,0.00013971080382665,0.041666666666666664,0.7774055298006063,0.9735294117647059,0.0,0.0,0.01618349552154532,0.0,0.0,0.0
630,"0,219,186,215,159","30332,25895,10443,6520,3077",lucrareafloodedûribige,0.11163790573676427,0.01627141237258902,False,0.061637905736764274,0.061637905736764274,0.029773813486099247,1.0,-0.02032542824745178,-0.0020477473735809326,0.041666666666666664,0.8241407345902112,0.9676470588235294,0.0,0.0,0.01627141237258902,0.0,0.0,0.0
631,"0,169,100,26,153","30332,680,14338,15157,23158",lucrarea sie surroundings sporting pierdere,0.13036135137081145,0.01652428507804872,False,0.08036135137081146,0.08036135137081146,0.053839653730392456,1.0,-0.020330485701560975,-0.0024338910977045694,0.041666666666666664,0.7626660691213112,0.9676470588235294,0.0,0.0,0.01652428507804872,0.0,0.0,0.0
632,"0,136,185,26,210","30332,2824,15058,15157,12182",lucrarea....tient sporting estim,0.12022246718406678,0.016667187213897754,False,0.07022246718406677,0.07022246718406677,0.04705551266670227,1.0,-0.020333343744277955,-0.0022702813148498535,0.041666666666666664,0.7971085484209728,0.9911764705882352,0.0,0.0,0.016667187213897754,0.0,0.0,0.0
633,"0,177,151,14,169","30332,25482,1110,6661,680",lucrareaprindere seinsport sie,0.12352180033922196,0.016877591609954813,False,0.07352180033922195,0.07352180033922195,0.04921908974647522,1.0,-0.020337551832199097,-0.003416764239470164,0.041666666666666664,0.7378996872535502,0.9852941176470588,0.0,0.0,0.016877591609954813,0.0,0.0,0.0
634,"0,41,100,45,169","30332,3852,14338,25231,680",lucrarea rep surroundingsffentlichkeit sie,0.12294139762719472,0.01855725049972525,False,0.07294139762719472,0.07294139762719472,0.05185075402259827,1.0,-0.020371145009994505,-0.00401805837949117,0.041666666666666664,0.7666232375930542,0.9852941176470588,0.0,0.0,0.01855725049972525,0.0,0.0,0.0
635,"0,181,105,57,31","30332,27940,10924,23976,8221",lucrarea societatiissent déplacementimage,0.11608044356107712,0.01933106780052183,False,0.06608044356107712,0.06608044356107712,0.048470312356948854,1.0,-0.020386621356010437,-0.0018821035822232564,0.041666666666666664,0.7628339550774232,0.9735294117647059,0.0,0.0,0.01933106780052183,0.0,0.0,0.0
636,"0,129,142,26,158","30332,17,3416,15157,17319",lucrareat € sportingenţă,0.12837485522031783,0.019589602947235087,False,0.07837485522031784,0.07837485522031784,0.0546938955783844,1.0,-0.020391792058944702,-0.000268330176671346,0.041666666666666664,0.7922513568465784,0.9735294117647059,0.0,0.0,0.019589602947235087,0.0,0.0,0.0
637,"0,13,185,26,82","30332,28688,15058,15157,16771",lucrarea pistontient sporting posture,0.13522558957338332,0.019649505615234285,False,0.08522558957338333,0.08522558957338333,0.056036961078643796,1.0,-0.020392990112304686,-0.0034824212392171225,0.041666666666666664,0.7648615542935849,0.976470588235294,0.0,0.0,0.019649505615234285,0.0,0.0,0.0
638,"0,41,35,175,82","30332,3852,14797,21379,16771",lucrarea repgraphicçant posture,0.12512593020995458,0.020749062299728338,False,0.07512593020995458,0.07512593020995458,0.0601651132106781,1.0,-0.020414981245994567,-0.0071099574367205305,0.041666666666666664,0.7439421150836231,0.976470588235294,0.0,0.0,0.020749062299728338,0.0,0.0,0.0
639,"0,136,10,5,184","30332,2824,15854,2426,20351",lucrarea.... realm movementüchte,0.12103921473026276,0.02098375558853144,False,0.07103921473026276,0.07103921473026276,0.05438734889030457,1.0,-0.02041967511177063,-0.005250702301661174,0.041666666666666664,0.7510756858450063,0.9794117647058824,0.0,0.0,0.02098375558853144,0.0,0.0,0.0
640,"0,247,8,39,169","30332,12327,17682,2951,680",lucrarearegardedSportches sie,0.12342784603436788,0.021430939435958772,False,0.07342784603436787,0.07342784603436787,0.05120455026626587,1.0,-0.020428618788719176,-0.0012591381867726643,0.041666666666666664,0.7679629289283557,0.9941176470588234,0.0,0.0,0.021430939435958772,0.0,0.0,0.0
641,"0,35,94,26,169","30332,14797,18852,15157,680",lucrareagraphickap sporting sie,0.1300828312834104,0.02143287658691404,False,0.08008283128341039,0.08008283128341039,0.05524993538856506,1.0,-0.02042865753173828,-0.0008283058802286783,0.041666666666666664,0.7582168983119781,0.9823529411764707,0.0,0.0,0.02143287658691404,0.0,0.0,0.0
642,"0,35,114,26,90","30332,14797,21415,15157,23060",lucrareagraphicRAL sporting răspunde,0.12823686053355535,0.02158859372138975,False,0.07823686053355534,0.07823686053355534,0.05404027104377747,1.0,-0.020431771874427795,-0.00037136177221934,0.041666666666666664,0.7784038916196193,0.9794117647058824,0.0,0.0,0.02158859372138975,0.0,0.0,0.0
643,"0,129,35,26,180","30332,17,14797,15157,31797",lucrareatgraphic sportingscrisă,0.13108454942703246,0.02223470807075495,False,0.08108454942703247,0.08108454942703247,0.05603760480880737,1.0,-0.0204446941614151,0.001394537587960561,0.041666666666666664,0.7977327754219283,0.9735294117647059,0.0,0.0,0.02223470807075495,0.0,0.0,0.0
644,"0,35,105,39,171","30332,14797,10924,2951,7184",lucrareagraphicissentchesн,0.10898750325043996,0.022564172744750886,False,0.058987503250439964,0.058987503250439964,0.04381592869758606,1.0,-0.020451283454895018,-0.00030941516160964966,0.041666666666666664,0.8195599566290754,0.9823529411764707,0.0,0.0,0.022564172744750886,0.0,0.0,0.0
645,"0,247,185,134,45","30332,12327,15058,28448,25231",lucrarearegardedtient senzatiffentlichkeit,0.11108084321022034,0.022647619247436433,False,0.06108084321022034,0.06108084321022034,0.03649997115135193,1.0,-0.02045295238494873,-0.0027884716788927713,0.041666666666666664,0.7952926012929302,0.9647058823529412,0.0,0.0,0.022647619247436433,0.0,0.0,0.0
646,"0,31,10,26,210","30332,8221,15854,15157,12182",lucrareaimage realm sporting estim,0.12969313859939574,0.023534387350082446,False,0.07969313859939575,0.07969313859939575,0.05544201135635376,1.0,-0.02047068774700165,-0.004046897093454997,0.041666666666666664,0.7454433628815189,0.9794117647058824,0.0,0.0,0.023534387350082446,0.0,0.0,0.0
647,"0,31,35,26,158","30332,8221,14797,15157,17319",lucrareaimagegraphic sportingenţă,0.12861977567275365,0.024041324853897074,False,0.07861977567275365,0.07861977567275365,0.05151512622833252,1.0,-0.020480826497077942,-0.002352538208166758,0.041666666666666664,0.7551905513320767,0.9735294117647059,0.0,0.0,0.024041324853897074,0.0,0.0,0.0
648,"0,12,186,215,31","30332,12337,10443,6520,8221",lucrarea mobilityûribimage,0.11391842663288117,0.024082899093627944,False,0.06391842663288116,0.06391842663288116,0.045126885175704956,1.0,-0.02048165798187256,-0.0005423600474993387,0.041666666666666664,0.8116287924955055,0.9705882352941176,0.0,0.0,0.024082899093627944,0.0,0.0,0.0
649,"0,35,8,200,169","30332,14797,17682,3404,680",lucrareagraphicSportware sie,0.12521012425422667,0.025892496109008664,False,0.07521012425422668,0.07521012425422668,0.054267746210098264,1.0,-0.020517849922180174,-0.00021471083164215088,0.041666666666666664,0.7790334446578032,0.9823529411764707,0.0,0.0,0.025892496109008664,0.0,0.0,0.0
650,"0,165,105,26,158","30332,13114,10924,15157,17319",lucrarea->issent sportingenţă,0.13078530927499135,0.02618426084518427,False,0.08078530927499135,0.08078530927499135,0.056401050090789794,1.0,-0.020523685216903686,-0.0013641615708669026,0.041666666666666664,0.7804389009745336,0.9852941176470588,0.0,0.0,0.02618426084518427,0.0,0.0,0.0
651,"0,219,185,215,31","30332,25895,15058,6520,8221",lucrareafloodedtientribimage,0.11154714276393254,0.0263366997241974,False,0.06154714276393255,0.06154714276393255,0.04235796928405762,1.0,-0.02052673399448395,0.0006079822778701782,0.041666666666666664,0.8215723496230053,0.9676470588235294,0.0,0.0,0.0263366997241974,0.0,0.0,0.0
652,"0,129,100,27,82","30332,17,14338,2600,16771",lucrareat surroundings sport posture,0.1368054231007894,0.027336120605468694,False,0.08680542310078938,0.08680542310078938,0.06011940240859986,1.0,-0.020546722412109374,-0.005256036917368571,0.041666666666666664,0.7478203192642844,0.9735294117647059,0.0,0.0,0.027336120605468694,0.0,0.0,0.0
653,"0,78,185,147,169","30332,20961,15058,18956,680",lucrareaKINGtientrius sie,0.1132137010494868,0.028645783662796,False,0.0632137010494868,0.0632137010494868,0.04628903269767761,1.0,-0.02057291567325592,-0.003151570757230123,0.041666666666666664,0.7947285044803938,0.9794117647058824,0.0,0.0,0.028645783662796,0.0,0.0,0.0
654,"0,133,100,26,90","30332,121,14338,15157,23060","lucrarea"" surroundings sporting răspunde",0.1312500814596812,0.02867871522903437,False,0.0812500814596812,0.0812500814596812,0.05472207069396973,1.0,-0.020573574304580688,-0.0035700624187787375,0.041666666666666664,0.7633529735458818,0.976470588235294,0.0,0.0,0.02867871522903437,0.0,0.0,0.0
655,"200,247,0,127,180","3404,12327,30332,23794,31797",wareregardedlucrarea Verantwortlichscrisă,0.1016108865539233,0.028716564178466776,False,0.05994421988725662,0.05994421988725662,0.017588859796524046,0.8333333333333334,-0.020574331283569336,-0.00631601611773173,0.041666666666666664,0.8323896856117413,0.9264705882352942,0.0,0.0,0.028716564178466776,0.0,0.0,0.0
656,"0,41,188,26,90","30332,3852,29904,15157,23060",lucrarea repweilige sporting răspunde,0.1265740821758906,0.028970927000045686,False,0.07657408217589061,0.07657408217589061,0.04978980422019959,1.0,-0.020579418540000914,-0.0034645944833755493,0.041666666666666664,0.7662634599188296,0.9588235294117649,0.0,0.0,0.028970927000045686,0.0,0.0,0.0
657,"0,13,134,39,158","30332,28688,28448,2951,17319",lucrarea piston senzatichesenţă,0.1179896002014478,0.029164344072341898,False,0.0679896002014478,0.0679896002014478,0.04306685924530029,1.0,-0.02058328688144684,-0.002669838567574819,0.041666666666666664,0.7687122020207603,0.976470588235294,0.0,0.0,0.029164344072341898,0.0,0.0,0.0
658,"0,133,100,26,180","30332,121,14338,15157,31797","lucrarea"" surroundings sportingscrisă",0.12844026138385137,0.02933645248413084,False,0.07844026138385136,0.07844026138385136,0.05028974413871765,1.0,-0.020586729049682617,-0.0015901078780492146,0.041666666666666664,0.7847672710844112,0.9735294117647059,0.0,0.0,0.02933645248413084,0.0,0.0,0.0
659,"0,31,153,26,90","30332,8221,23158,15157,23060",lucrareaimage pierdere sporting răspunde,0.1254297176996867,0.029365956783294726,False,0.07542971769968669,0.07542971769968669,0.055077004432678225,1.0,-0.020587319135665895,-0.0024508113662401834,0.041666666666666664,0.773922069886408,0.9852941176470588,0.0,0.0,0.029365956783294726,0.0,0.0,0.0
660,"0,129,114,26,90","30332,17,21415,15157,23060",lucrareatRAL sporting răspunde,0.13178433527549108,0.029842197895050063,False,0.08178433527549107,0.08178433527549107,0.05516440868377685,1.0,-0.020596843957901,-0.00011707593997319539,0.041666666666666664,0.772661342842188,0.9794117647058824,0.0,0.0,0.029842197895050063,0.0,0.0,0.0
661,"0,31,157,26,159","30332,8221,27499,15157,3077",lucrareaimageizant sportingige,0.12743837684392928,0.030111908912658705,False,0.07743837684392929,0.07743837684392929,0.05461823344230652,1.0,-0.020602238178253175,4.9362579981486e-05,0.041666666666666664,0.7866724486332655,0.9823529411764707,0.0,0.0,0.030111908912658705,0.0,0.0,0.0
662,"0,122,77,215,169","30332,12759,6177,6520,680",lucrarea beneath tierib sie,0.12122255116701126,0.03059440851211539,False,0.07122255116701126,0.07122255116701126,0.05285392999649048,1.0,-0.020611888170242308,-0.0001357346773147583,0.041666666666666664,0.7936874571746083,0.9852941176470588,0.0,0.0,0.03059440851211539,0.0,0.0,0.0
663,"0,189,151,77,79","30332,10646,1110,6177,5206",lucrareatial sein tierick,0.11695634871721268,0.030850112438201953,False,0.06695634871721268,0.06695634871721268,0.04822267889976502,1.0,-0.02061700224876404,-0.00142621248960495,0.041666666666666664,0.8035964336545963,0.9852941176470588,0.0,0.0,0.030850112438201953,0.0,0.0,0.0
664,"0,133,100,26,158","30332,121,14338,15157,17319","lucrarea"" surroundings sportingenţă",0.13006444573402404,0.031219512224197297,False,0.08006444573402405,0.08006444573402405,0.048473519086837766,1.0,-0.020624390244483946,-0.00197868545850118,0.041666666666666664,0.784685219235516,0.9735294117647059,0.0,0.0,0.031219512224197297,0.0,0.0,0.0
665,"0,168,105,166,31","30332,15271,10924,31468,8221",lucrareaoarăissent ingrijireimage,0.11607543180386226,0.03126138448715215,False,0.06607543180386226,0.06607543180386226,0.04718278050422668,1.0,-0.020625227689743043,-0.0017721876502037048,0.041666666666666664,0.7881160362889933,0.9794117647058824,0.0,0.0,0.03126138448715215,0.0,0.0,0.0
666,"0,35,105,26,206","30332,14797,10924,15157,17140",lucrareagraphicissent sportingliga,0.12885815948247908,0.03141725063323976,False,0.0788581594824791,0.0788581594824791,0.05403842926025391,1.0,-0.020628345012664796,-0.0009678999582926432,0.041666666666666664,0.7683759669748641,0.9735294117647059,0.0,0.0,0.03141725063323976,0.0,0.0,0.0
667,"0,41,185,26,215","30332,3852,15058,15157,6520",lucrarea reptient sportingrib,0.12725919286410015,0.03142246603965761,False,0.07725919286410014,0.07725919286410014,0.05711592435836792,1.0,-0.020628449320793153,-0.00016195823748906454,0.041666666666666664,0.7897650237282677,0.9382352941176471,0.0,0.0,0.03142246603965761,0.0,0.0,0.0
668,"0,136,105,14,54","30332,2824,10924,6661,7818",lucrarea....issentsportroc,0.11972432881593705,0.03149950504302973,False,0.06972432881593704,0.06972432881593704,0.04939182996749878,1.0,-0.020629990100860595,-0.0010326380530993144,0.041666666666666664,0.7607884480259429,0.9794117647058824,0.0,0.0,0.03149950504302973,0.0,0.0,0.0
669,"0,200,105,166,153","30332,3404,10924,31468,23158",lucrareawareissent ingrijire pierdere,0.09778332859277725,0.03159010410308839,False,0.05194999525944392,0.05194999525944392,0.02314216494560242,0.9166666666666666,-0.02063180208206177,-0.001316872735818227,0.041666666666666664,0.8636362338185919,0.9794117647058824,0.0,0.0,0.03159010410308839,0.0,0.0,0.0
670,"0,129,136,26,158","30332,17,2824,15157,17319",lucrareat.... sportingenţă,0.13024037877718608,0.03198528289794916,False,0.08024037877718608,0.08024037877718608,0.05558353066444397,1.0,-0.020639705657958984,0.0006283571322758993,0.041666666666666664,0.7953414618953298,0.9823529411764707,0.0,0.0,0.03198528289794916,0.0,0.0,0.0
671,"0,247,74,39,161","30332,12327,9633,2951,7890",lucrarearegarded bittechesintérieur,0.10677168319622676,0.03269979357719416,False,0.05677168319622675,0.05677168319622675,0.03272550702095032,1.0,-0.020653995871543884,-0.0014179572463035583,0.041666666666666664,0.8383344694259605,0.9735294117647059,0.0,0.0,0.03269979357719416,0.0,0.0,0.0
672,"0,129,238,215,171","30332,17,12740,6520,7184",lucrareatvoluribн,0.10701471368471782,0.033180952072143534,False,0.05701471368471781,0.05701471368471781,0.0424598753452301,1.0,-0.02066361904144287,6.629278262456258e-05,0.041666666666666664,0.8202856099042062,0.9823529411764707,0.0,0.0,0.033180952072143534,0.0,0.0,0.0
673,"0,133,157,26,59","30332,121,27499,15157,31675","lucrarea""izant sporting temporaire",0.12864464571078618,0.03387251496314997,False,0.07864464571078618,0.07864464571078618,0.05963236689567566,1.0,-0.020677450299263,-0.0021569356322288513,0.041666666666666664,0.7859386905188741,0.988235294117647,0.0,0.0,0.03387251496314997,0.0,0.0,0.0
674,"0,169,134,26,158","30332,680,28448,15157,17319",lucrarea sie senzati sportingenţă,0.1306278536717097,0.03471636772155763,False,0.0806278536717097,0.0806278536717097,0.05590065121650696,1.0,-0.020694327354431153,-0.0007686614990234375,0.041666666666666664,0.7610127591010977,0.9794117647058824,0.0,0.0,0.03471636772155763,0.0,0.0,0.0
675,"0,35,114,26,82","30332,14797,21415,15157,16771",lucrareagraphicRAL sporting posture,0.1373284637928009,0.0349936783313751,False,0.0873284637928009,0.0873284637928009,0.06375283598899842,1.0,-0.020699873566627502,-0.0034698868791262307,0.041666666666666664,0.7592042221118077,0.9794117647058824,0.0,0.0,0.0349936783313751,0.0,0.0,0.0
676,"0,222,8,215,54","30332,10038,17682,6520,7818",lucrareaWCSportribroc,0.12287648071845372,0.035399287939071565,False,0.07287648071845372,0.07287648071845372,0.052239233255386354,1.0,-0.02070798575878143,-0.00013131648302078247,0.041666666666666664,0.7722833485768635,0.988235294117647,0.0,0.0,0.035399287939071565,0.0,0.0,0.0
677,"0,247,151,26,210","30332,12327,1110,15157,12182",lucrarearegarded sein sporting estim,0.1278522416949272,0.036212444305419936,False,0.07785224169492722,0.07785224169492722,0.04998224377632141,1.0,-0.0207242488861084,-0.00655841330687205,0.041666666666666664,0.75329733806975,0.9852941176470588,0.0,0.0,0.036212444305419936,0.0,0.0,0.0
678,"0,76,79,26,180","30332,26292,5206,15157,31797",lucrarea menschlicherick sportingscrisă,0.12728517552216848,0.03635668754577628,False,0.07728517552216847,0.07728517552216847,0.053153759241104125,1.0,-0.020727133750915526,0.00013274947802225748,0.041666666666666664,0.7936422244526397,0.976470588235294,0.0,0.0,0.03635668754577628,0.0,0.0,0.0
679,"0,41,151,26,169","30332,3852,1110,15157,680",lucrarea rep sein sporting sie,0.12990825921297072,0.03663325309753423,False,0.07990825921297073,0.07990825921297073,0.0527040183544159,1.0,-0.020732665061950685,-0.004174865782260895,0.041666666666666664,0.7519754773808216,0.988235294117647,0.0,0.0,0.03663325309753423,0.0,0.0,0.0
680,"0,129,64,77,153","30332,17,30828,6177,23158",lucrareatDOWN tie pierdere,0.11322638193766277,0.037888526916503816,False,0.06322638193766277,0.06322638193766277,0.04805421829223633,1.0,-0.020757770538330077,-0.0008947625756263733,0.041666666666666664,0.8019912895362743,0.9735294117647059,0.0,0.0,0.037888526916503816,0.0,0.0,0.0
681,"0,129,94,26,158","30332,17,18852,15157,17319",lucrareatkap sportingenţă,0.13038157721360524,0.03887498378753653,False,0.08038157721360524,0.08038157721360524,0.05760588049888611,1.0,-0.02077749967575073,-0.0017269700765609741,0.041666666666666664,0.7784468858621731,0.9823529411764707,0.0,0.0,0.03887498378753653,0.0,0.0,0.0
682,"0,169,35,147,152","30332,680,14797,18956,19355",lucrarea siegraphicrius persoană,0.11343016276756923,0.0394941270351409,False,0.06343016276756923,0.06343016276756923,0.04567532539367676,1.0,-0.02078988254070282,0.0005724107225735983,0.041666666666666664,0.8081572196788893,0.9794117647058824,0.0,0.0,0.0394941270351409,0.0,0.0,0.0
683,"0,129,157,26,4","30332,17,27499,15157,1817",lucrareatizant sporting mis,0.13106113721927007,0.03991374373435979,False,0.08106113721927007,0.08106113721927007,0.05477946400642395,1.0,-0.020798274874687196,-0.0015740568439165752,0.041666666666666664,0.7846067952670518,0.9794117647058824,0.0,0.0,0.03991374373435979,0.0,0.0,0.0
684,"0,31,35,238,169","30332,8221,14797,12740,680",lucrareaimagegraphicvolu sie,0.11432894617319107,0.040865331888198866,False,0.06432894617319107,0.06432894617319107,0.04735821485519409,1.0,-0.020817306637763978,-0.0041387081146240234,0.041666666666666664,0.7887154084495497,0.9647058823529412,0.0,0.0,0.040865331888198866,0.0,0.0,0.0
685,"0,136,185,26,82","30332,2824,15058,15157,16771",lucrarea....tient sporting posture,0.13193813264369963,0.04189813137054441,False,0.08193813264369965,0.08193813264369965,0.06649665832519532,1.0,-0.02083796262741089,-0.0029727344711621604,0.041666666666666664,0.7703784797837907,0.9823529411764707,0.0,0.0,0.04189813137054441,0.0,0.0,0.0
686,"0,129,185,26,82","30332,17,15058,15157,16771",lucrareattient sporting posture,0.13492365479469298,0.0434342920780182,False,0.084923654794693,0.084923654794693,0.05747871994972229,1.0,-0.020868685841560364,-0.0024829780062039695,0.041666666666666664,0.7729212380211441,0.9735294117647059,0.0,0.0,0.0434342920780182,0.0,0.0,0.0
687,"0,31,185,26,153","30332,8221,15058,15157,23158",lucrareaimagetient sporting pierdere,0.12092265784740448,0.04456156492233278,False,0.07092265784740448,0.07092265784740448,0.050058937072753905,1.0,-0.020891231298446656,0.0005015159646670023,0.041666666666666664,0.8082794869683061,0.9852941176470588,0.0,0.0,0.04456156492233278,0.0,0.0,0.0
688,"0,35,46,26,159","30332,14797,18927,15157,3077",lucrareagraphic rar sportingige,0.1307648499806722,0.04508191347122187,False,0.0807648499806722,0.0807648499806722,0.05423927903175354,1.0,-0.020901638269424438,0.000915271540482839,0.041666666666666664,0.7921960895617157,0.9676470588235294,0.0,0.0,0.04508191347122187,0.0,0.0,0.0
689,"0,133,157,200,31","30332,121,27499,3404,8221","lucrarea""izantwareimage",0.10991513282060623,0.0463789105415344,False,0.05991513282060623,0.05991513282060623,0.04351046085357666,1.0,-0.02092757821083069,-0.0007278819878896078,0.041666666666666664,0.8338197652020347,0.9794117647058824,0.0,0.0,0.0463789105415344,0.0,0.0,0.0
690,"0,239,134,26,213","30332,23267,28448,15157,73",lucrareatolerant senzati sporting un,0.12879070937633513,0.046624332666397005,False,0.07879070937633514,0.07879070937633514,0.059987276792526245,1.0,-0.02093248665332794,-0.008322646220525106,0.041666666666666664,0.7790747407435595,0.9852941176470588,0.0,0.0,0.046624332666397005,0.0,0.0,0.0
691,"0,129,105,26,171","30332,17,10924,15157,7184",lucrareatissent sportingн,0.12790644963582357,0.04667171835899351,False,0.07790644963582356,0.07790644963582356,0.057381433248519895,1.0,-0.02093343436717987,0.00025838613510131836,0.041666666666666664,0.7869317263006588,0.9794117647058824,0.0,0.0,0.04667171835899351,0.0,0.0,0.0
692,"0,136,105,26,158","30332,2824,10924,15157,17319",lucrarea....issent sportingenţă,0.12857948293288549,0.04719728231430045,False,0.07857948293288548,0.07857948293288548,0.0550329327583313,1.0,-0.02094394564628601,-0.0019127652049064636,0.041666666666666664,0.7850775706446735,0.9852941176470588,0.0,0.0,0.04719728231430045,0.0,0.0,0.0
693,"56,129,157,26,169","12462,17,27499,15157,680", hommestizant sporting sie,0.07439093738794327,0.04761904761904761,False,0.04105760405460993,0.04105760405460993,0.008715492486953736,0.6666666666666666,-0.018244600296020506,-0.004605958859125773,0.020833333333333332,0.7738607046748636,0.9529411764705882,0.0,0.04761904761904761,0.0,0.0,0.0,0.0
694,"14,202,77,247,172","6661,5457,6177,12327,13910",sportnch tieregardedlebt,0.06528832217057545,0.04761904761904761,False,0.031954988837242126,0.031954988837242126,0.012455916404724123,0.6666666666666666,-0.016578257083892822,-0.006787344813346863,0.020833333333333332,0.7886673197366035,0.976470588235294,0.0,0.04761904761904761,0.0,0.0,0.0,0.0
695,"36,123,35,104,31","24143,22250,14797,15091,8221",KT papagraphicspielerimage,0.06459445456663768,0.04761904761904761,False,0.031261121233304344,0.031261121233304344,0.010375124216079713,0.6666666666666666,-0.018805432319641113,-0.006877340376377106,0.020833333333333332,0.8027490534126661,0.9441176470588234,0.0,0.04761904761904761,0.0,0.0,0.0,0.0
696,"0,149,35,26,90","30332,18457,14797,15157,23060",lucrarea varstagraphic sporting răspunde,0.12653159896532695,0.04816645383834833,False,0.07653159896532695,0.07653159896532695,0.050728946924209595,1.0,-0.020963329076766967,0.00016450881958007812,0.041666666666666664,0.7836281938180454,0.9735294117647059,0.0,0.0,0.04816645383834833,0.0,0.0,0.0
697,"0,247,185,39,78","30332,12327,15058,2951,20961",lucrarearegardedtientchesKING,0.11367687632640203,0.04826882481575017,False,0.06367687632640202,0.06367687632640202,0.04745340347290039,1.0,-0.020965376496315004,-0.0010837291677792866,0.041666666666666664,0.7978572811907599,0.9823529411764707,0.0,0.0,0.04826882481575017,0.0,0.0,0.0
698,"0,157,8,147,121","30332,27499,17682,18956,803",lucrareaizantSportrius friends,0.12952626794576644,0.04862362146377565,False,0.07952626794576645,0.07952626794576645,0.05718579888343811,1.0,-0.020972472429275513,-0.0032865827282269797,0.041666666666666664,0.7670066350845524,0.9823529411764707,0.0,0.0,0.04862362146377565,0.0,0.0,0.0
699,"176,247,186,14,78","257,12327,10443,6661,20961",ationregardedûsportKING,0.06747266550858816,0.04902714490890494,False,0.032055998841921486,0.032055998841921486,0.004423975944519043,0.7083333333333334,-0.0209805428981781,-0.008264988660812378,0.041666666666666664,0.8444905965725175,0.9558823529411766,0.0,0.0,0.04902714490890494,0.0,0.0,0.0
700,"0,31,104,200,161","30332,8221,15091,3404,7890",lucrareaimagespielerwareintérieur,0.11012445688247681,0.05001285672187796,False,0.06012445688247681,0.06012445688247681,0.04483184218406677,1.0,-0.02100025713443756,-0.00399290273586909,0.041666666666666664,0.8092524536243028,0.9823529411764707,0.0,0.0,0.05001285672187796,0.0,0.0,0.0
701,"0,129,105,26,59","30332,17,10924,15157,31675",lucrareatissent sporting temporaire,0.1305956448117892,0.051207929849624544,False,0.0805956448117892,0.0805956448117892,0.06238996982574463,1.0,-0.02102415859699249,-0.0004907300074895223,0.041666666666666664,0.7659066926134733,0.9852941176470588,0.0,0.0,0.051207929849624544,0.0,0.0,0.0
702,"0,186,157,26,153","30332,10443,27499,15157,23158",lucrareaûizant sporting pierdere,0.11852902472019196,0.05226859450340269,False,0.06852902472019196,0.06852902472019196,0.047880160808563235,1.0,-0.021045371890068054,-0.0014450351397196453,0.041666666666666664,0.8035975142998311,0.9529411764705882,0.0,0.0,0.05226859450340269,0.0,0.0,0.0
703,"0,136,10,26,180","30332,2824,15854,15157,31797",lucrarea.... realm sportingscrisă,0.1303583040833473,0.052318066358566194,False,0.08035830408334732,0.08035830408334732,0.05603328347206116,1.0,-0.021046361327171324,-0.002997256815433502,0.041666666666666664,0.7803802373760761,0.9823529411764707,0.0,0.0,0.052318066358566194,0.0,0.0,0.0
704,"0,13,105,26,158","30332,28688,10924,15157,17319",lucrarea pistonissent sportingenţă,0.12852801183859508,0.05277657508850099,False,0.07852801183859508,0.07852801183859508,0.055504947900772095,1.0,-0.02105553150177002,-0.0007195894916852316,0.041666666666666664,0.7824430347513123,0.9911764705882352,0.0,0.0,0.05277657508850099,0.0,0.0,0.0
705,"0,31,187,190,102","30332,8221,20719,11733,26182",lucrareaimage apărutusion correspondant,0.11816348681847255,0.054681539535522336,False,0.06816348681847255,0.06816348681847255,0.05051671862602234,1.0,-0.021093630790710447,-0.0014930590987205505,0.041666666666666664,0.7590931472194651,0.9705882352941176,0.0,0.0,0.054681539535522336,0.0,0.0,0.0
706,"0,31,35,213,169","30332,8221,14797,73,680",lucrareaimagegraphic un sie,0.11914734840393067,0.055960953235626235,False,0.06914734840393066,0.06914734840393066,0.055418992042541505,1.0,-0.021119219064712525,-0.002776938180128733,0.041666666666666664,0.7839885118148874,0.988235294117647,0.0,0.0,0.055960953235626235,0.0,0.0,0.0
707,"0,123,105,147,169","30332,22250,10924,18956,680",lucrarea papaissentrius sie,0.11607273717721303,0.05723246932029715,False,0.06607273717721303,0.06607273717721303,0.0425862193107605,1.0,-0.021144649386405943,-0.002104592820008596,0.041666666666666664,0.8063725340737091,0.9852941176470588,0.0,0.0,0.05723246932029715,0.0,0.0,0.0
708,"0,169,48,190,158","30332,680,27062,11733,17319",lucrarea sie pantalonusionenţă,0.1112940142552058,0.057476997375488156,False,0.06129401425520579,0.06129401425520579,0.037199264764785765,1.0,-0.021149539947509764,-0.0029969687263170877,0.041666666666666664,0.8243912899067812,0.976470588235294,0.0,0.0,0.057476997375488156,0.0,0.0,0.0
709,"0,169,134,26,82","30332,680,28448,15157,16771",lucrarea sie senzati sporting posture,0.13627903709808986,0.05747938156127931,False,0.08627903709808986,0.08627903709808986,0.058926844596862794,1.0,-0.021149587631225587,-0.00413381556669871,0.041666666666666664,0.7598854917433687,0.9676470588235294,0.0,0.0,0.05747938156127931,0.0,0.0,0.0
710,"0,133,1,26,169","30332,121,22665,15157,680","lucrarea""pictured sporting sie",0.13621124178171157,0.0575795173645019,False,0.08621124178171158,0.08621124178171158,0.06509870886802674,1.0,-0.02115159034729004,-0.0042028675476710005,0.041666666666666664,0.7395655018829086,0.961764705882353,0.0,0.0,0.0575795173645019,0.0,0.0,0.0
711,"0,122,8,215,180","30332,12759,17682,6520,31797",lucrarea beneathSportribscrisă,0.1249662642677625,0.05900466442108152,False,0.0749662642677625,0.0749662642677625,0.05461148619651794,1.0,-0.02118009328842163,0.0010180870691935222,0.041666666666666664,0.7994717651714679,0.988235294117647,0.0,0.0,0.05900466442108152,0.0,0.0,0.0
712,"0,247,41,215,162","30332,12327,3852,6520,5290",lucrarearegarded repribizat,0.1098904440800349,0.059229373931884814,False,0.05989044408003489,0.05989044408003489,0.0340803861618042,1.0,-0.021184587478637697,-0.007663418849309285,0.041666666666666664,0.8068872299612287,0.976470588235294,0.0,0.0,0.059229373931884814,0.0,0.0,0.0
713,"0,206,134,26,169","30332,17140,28448,15157,680",lucrarealiga senzati sporting sie,0.12822889586289724,0.059456765651702895,False,0.07822889586289723,0.07822889586289723,0.052066612243652347,1.0,-0.02118913531303406,0.0016423637668291728,0.041666666666666664,0.7827762594283402,0.9735294117647059,0.0,0.0,0.059456765651702895,0.0,0.0,0.0
714,"0,35,134,26,159","30332,14797,28448,15157,3077",lucrareagraphic senzati sportingige,0.13103609830141066,0.06101483106613157,False,0.08103609830141068,0.08103609830141068,0.05582498908042908,1.0,-0.021220296621322632,0.0005940943956375122,0.041666666666666664,0.806111712627409,0.9735294117647059,0.0,0.0,0.06101483106613157,0.0,0.0,0.0
715,"0,133,46,26,169","30332,121,18927,15157,680","lucrarea"" rar sporting sie",0.12607782632112502,0.0615506768226623,False,0.07607782632112503,0.07607782632112503,0.053014278411865234,1.0,-0.021231013536453246,-0.0005309432744979858,0.041666666666666664,0.7671784576768768,0.9794117647058824,0.0,0.0,0.0615506768226623,0.0,0.0,0.0
716,"0,130,185,26,82","30332,15799,15058,15157,16771",lucrarea puteretient sporting posture,0.13213718235492705,0.061848402023315444,False,0.08213718235492706,0.08213718235492706,0.05658370852470398,1.0,-0.02123696804046631,-0.0014918968081474304,0.041666666666666664,0.7675931166912372,0.9823529411764707,0.0,0.0,0.061848402023315444,0.0,0.0,0.0
717,"0,41,100,39,82","30332,3852,14338,2951,16771",lucrarea rep surroundingsches posture,0.12527178525924682,0.06238052248954771,False,0.07527178525924683,0.07527178525924683,0.05749777555465698,1.0,-0.021247610449790955,-0.004547288020451863,0.041666666666666664,0.7470213364910816,0.9823529411764707,0.0,0.0,0.06238052248954771,0.0,0.0,0.0
718,"0,13,100,26,158","30332,28688,14338,15157,17319",lucrarea piston surroundings sportingenţă,0.13682739486296971,0.06258377432823183,False,0.08682739486296971,0.08682739486296971,0.06037592887878418,1.0,-0.021251675486564637,-0.0023983741799990335,0.041666666666666664,0.7820523814989522,0.9735294117647059,0.0,0.0,0.06258377432823183,0.0,0.0,0.0
719,"0,189,105,26,82","30332,10646,10924,15157,16771",lucrareatialissent sporting posture,0.13575819929440816,0.06404095888137822,False,0.08575819929440816,0.08575819929440816,0.06002236008644104,1.0,-0.021280819177627565,-0.003132405380407969,0.041666666666666664,0.7647751026748054,0.9735294117647059,0.0,0.0,0.06404095888137822,0.0,0.0,0.0
720,"0,129,35,26,159","30332,17,14797,15157,3077",lucrareatgraphic sportingige,0.13077596873044967,0.06436908245086667,False,0.08077596873044968,0.08077596873044968,0.05386736392974854,1.0,-0.021287381649017334,0.0009257296721140543,0.041666666666666664,0.8026338103172751,0.9647058823529412,0.0,0.0,0.06436908245086667,0.0,0.0,0.0
721,"0,247,100,26,90","30332,12327,14338,15157,23060",lucrarearegarded surroundings sporting răspunde,0.12867832233508428,0.06486171483993525,False,0.07867832233508427,0.07867832233508427,0.0490721344947815,1.0,-0.021297234296798705,-0.0043027400970458984,0.041666666666666664,0.7522873979089361,0.9705882352941176,0.0,0.0,0.06486171483993525,0.0,0.0,0.0
722,"0,189,114,26,159","30332,10646,21415,15157,3077",lucrareatialRAL sportingige,0.128745332856973,0.06488332152366633,False,0.07874533285697301,0.07874533285697301,0.052818530797958375,1.0,-0.021297666430473327,0.001875758171081543,0.041666666666666664,0.797858670591776,0.976470588235294,0.0,0.0,0.06488332152366633,0.0,0.0,0.0
723,"0,13,185,26,31","30332,28688,15058,15157,8221",lucrarea pistontient sportingimage,0.12913180192311605,0.06528475880622861,False,0.07913180192311604,0.07913180192311604,0.06028655171394348,1.0,-0.021305695176124573,-0.0015954275925954182,0.041666666666666664,0.778997165853494,0.9823529411764707,0.0,0.0,0.06528475880622861,0.0,0.0,0.0
724,"0,129,185,26,31","30332,17,15058,15157,8221",lucrareattient sportingimage,0.12680091261863707,0.0689367353916167,False,0.07680091261863708,0.07680091261863708,0.05842670202255249,1.0,-0.021378734707832334,-0.0003711407383282979,0.041666666666666664,0.7870537620232396,0.9852941176470588,0.0,0.0,0.0689367353916167,0.0,0.0,0.0
725,"0,35,151,26,169","30332,14797,1110,15157,680",lucrareagraphic sein sporting sie,0.13104320118824642,0.06930434703826902,False,0.08104320118824641,0.08104320118824641,0.051908242702484134,1.0,-0.02138608694076538,-0.003088034689426422,0.041666666666666664,0.7534986468391938,0.9823529411764707,0.0,0.0,0.06930434703826902,0.0,0.0,0.0
726,"0,219,157,147,78","30332,25895,27499,18956,20961",lucrareafloodedizantriusKING,0.12114709168672562,0.07058539986610403,False,0.07114709168672562,0.07114709168672562,0.051866847276687625,1.0,-0.02141170799732208,-0.00411481906970342,0.041666666666666664,0.7716837448494711,0.9705882352941176,0.0,0.0,0.07058539986610403,0.0,0.0,0.0
727,"0,35,157,150,82","30332,14797,27499,10470,16771",lucrareagraphicizantôt posture,0.11827311217784882,0.07077911496162405,False,0.06827311217784882,0.06827311217784882,0.05179768204689026,1.0,-0.02141558229923248,-0.005541784067948659,0.041666666666666664,0.7726952287891918,0.9852941176470588,0.0,0.0,0.07077911496162405,0.0,0.0,0.0
728,"0,101,185,215,158","30332,10176,15058,6520,17319",lucrarea Machtientribenţă,0.11178905069828034,0.07084125280380232,False,0.061789050698280334,0.061789050698280334,0.03742756247520447,1.0,-0.021416825056076047,0.0037970071037610373,0.041666666666666664,0.8318847927202797,0.9794117647058824,0.0,0.0,0.07084125280380232,0.0,0.0,0.0
729,"0,136,157,26,82","30332,2824,27499,15157,16771",lucrarea....izant sporting posture,0.131988791624705,0.0713896155357361,False,0.081988791624705,0.081988791624705,0.0547073781490326,1.0,-0.021427792310714722,-0.003699737290541331,0.041666666666666664,0.7693155880064743,0.9735294117647059,0.0,0.0,0.0713896155357361,0.0,0.0,0.0
730,"0,136,35,14,210","30332,2824,14797,6661,12182",lucrarea....graphicsport estim,0.12444000989198685,0.07140526175498964,False,0.07444000989198685,0.07444000989198685,0.04712978005409241,1.0,-0.021428105235099793,-0.0041637470324834185,0.041666666666666664,0.7688798564100363,0.9823529411764707,0.0,0.0,0.07140526175498964,0.0,0.0,0.0
731,"0,200,105,247,169","30332,3404,10924,12327,680",lucrareawareissentregarded sie,0.09858193347851435,0.07374355196952814,False,0.05066526681184769,0.05066526681184769,0.024636304378509524,0.9583333333333334,-0.021474871039390563,-0.0033089593052864075,0.041666666666666664,0.8112261749566179,0.9647058823529412,0.0,0.0,0.07374355196952814,0.0,0.0,0.0
732,"0,165,100,26,158","30332,13114,14338,15157,17319",lucrarea-> surroundings sportingenţă,0.13393762509028118,0.07507601380348193,False,0.08393762509028117,0.08393762509028117,0.05564787983894348,1.0,-0.02150152027606964,-0.00345417857170105,0.041666666666666664,0.7713871077325338,0.9735294117647059,0.0,0.0,0.07507601380348193,0.0,0.0,0.0
733,"0,13,8,147,158","30332,28688,17682,18956,17319",lucrarea pistonSportriusenţă,0.12636827727158864,0.07541263103485098,False,0.07636827727158864,0.07636827727158864,0.055506229400634766,1.0,-0.02150825262069702,-0.0001292973756790161,0.041666666666666664,0.7766266161531916,0.988235294117647,0.0,0.0,0.07541263103485098,0.0,0.0,0.0
734,"0,247,105,213,159","30332,12327,10924,73,3077",lucrarearegardedissent unige,0.10565248926480611,0.07600927352905268,False,0.055652489264806114,0.055652489264806114,0.03928594589233399,1.0,-0.021520185470581054,-0.0016500304142634075,0.041666666666666664,0.8424123614082135,0.9823529411764707,0.0,0.0,0.07600927352905268,0.0,0.0,0.0
735,"0,247,8,215,125","30332,12327,17682,6520,19020",lucrarearegardedSportrib humaine,0.12680622984965642,0.07645303010940553,False,0.07680622984965642,0.07680622984965642,0.05470581650733948,1.0,-0.02152906060218811,-0.0017306009928385417,0.041666666666666664,0.7205219084225721,0.988235294117647,0.0,0.0,0.07645303010940553,0.0,0.0,0.0
736,"0,81,77,215,158","30332,1722,6177,6520,17319",lucrarea physical tieribenţă,0.11823872526486714,0.0788048803806304,False,0.06823872526486714,0.06823872526486714,0.04723673462867737,1.0,-0.02157609760761261,-0.0020473102728525796,0.041666666666666664,0.7844427687582066,0.9794117647058824,0.0,0.0,0.0788048803806304,0.0,0.0,0.0
737,"0,190,35,26,169","30332,11733,14797,15157,680",lucrareausiongraphic sporting sie,0.12545362164576848,0.07963696122169489,False,0.07545362164576848,0.07545362164576848,0.05226491689682007,1.0,-0.021592739224433898,-0.0004902457197507223,0.041666666666666664,0.7875245374008614,0.9705882352941176,0.0,0.0,0.07963696122169489,0.0,0.0,0.0
738,"0,133,35,215,82","30332,121,14797,6520,16771","lucrarea""graphicrib posture",0.12227110117673874,0.07998475432395932,False,0.07227110117673874,0.07227110117673874,0.05561134219169617,1.0,-0.021599695086479187,-0.003941856324672699,0.041666666666666664,0.7575625676223404,0.9823529411764707,0.0,0.0,0.07998475432395932,0.0,0.0,0.0
739,"0,136,157,133,82","30332,2824,27499,121,16771","lucrarea....izant"" posture",0.11824314842621486,0.08003869652748098,False,0.06824314842621486,0.06824314842621486,0.049122256040573124,1.0,-0.02160077393054962,-0.00385600080092748,0.041666666666666664,0.7715559971449353,0.9823529411764707,0.0,0.0,0.08003869652748098,0.0,0.0,0.0
740,"0,247,105,77,169","30332,12327,10924,6177,680",lucrarearegardedissent tie sie,0.11249670435984929,0.08029320836067197,False,0.062496704359849296,0.062496704359849296,0.04350816011428833,1.0,-0.02160586416721344,-0.001541165014108022,0.041666666666666664,0.8162954817528035,0.9823529411764707,0.0,0.0,0.08029320836067197,0.0,0.0,0.0
741,"0,190,8,147,78","30332,11733,17682,18956,20961",lucrareausionSportriusKING,0.12652769982814788,0.08038395643234254,False,0.07652769982814789,0.07652769982814789,0.054271119832992556,1.0,-0.02160767912864685,-0.0018422057231267293,0.041666666666666664,0.7724700686356383,0.9676470588235294,0.0,0.0,0.08038395643234254,0.0,0.0,0.0
742,"0,165,46,26,169","30332,13114,18927,15157,680",lucrarea-> rar sporting sie,0.13054544776678084,0.08062997460365293,False,0.08054544776678085,0.08054544776678085,0.055199289321899415,1.0,-0.02161259949207306,-0.0007698163390159607,0.041666666666666664,0.7555590513571244,0.9794117647058824,0.0,0.0,0.08062997460365293,0.0,0.0,0.0
743,"0,35,8,215,31","30332,14797,17682,6520,8221",lucrareagraphicSportribimage,0.12534063110748928,0.08069941401481623,False,0.07534063110748927,0.07534063110748927,0.05800368189811707,1.0,-0.021613988280296325,-0.0008521974086761475,0.041666666666666664,0.7887052966977103,0.9823529411764707,0.0,0.0,0.08069941401481623,0.0,0.0,0.0
744,"170,247,0,26,45","13602,12327,30332,15157,25231",ffenregardedlucrarea sportingffentlichkeit,0.12617365072170894,0.08175426721572873,False,0.07617365072170894,0.07617365072170894,0.052703607082366946,1.0,-0.021635085344314575,-0.0015477438767751057,0.041666666666666664,0.7690529140254861,0.988235294117647,0.0,0.0,0.08175426721572873,0.0,0.0,0.0
745,"0,133,105,165,82","30332,121,10924,13114,16771","lucrarea""issent-> posture",0.12178391267855962,0.08217775821685781,False,0.07178391267855962,0.07178391267855962,0.049371755123138426,1.0,-0.021643555164337157,-0.005291948715845744,0.041666666666666664,0.7577205733934491,0.9735294117647059,0.0,0.0,0.08217775821685781,0.0,0.0,0.0
746,"0,67,35,26,158","30332,25300,14797,15157,17319",lucrarea farthergraphic sportingenţă,0.13247110495964687,0.0829903185367584,False,0.08247110495964687,0.08247110495964687,0.05453565716743469,1.0,-0.02165980637073517,-0.0019647454222043357,0.041666666666666664,0.777095230240344,0.976470588235294,0.0,0.0,0.0829903185367584,0.0,0.0,0.0
747,"0,247,157,26,82","30332,12327,27499,15157,16771",lucrarearegardedizant sporting posture,0.132919605076313,0.08308032155036928,False,0.08291960507631302,0.08291960507631302,0.05683098435401917,1.0,-0.021661606431007386,-0.004028086860974629,0.041666666666666664,0.7688570856711614,0.976470588235294,0.0,0.0,0.08308032155036928,0.0,0.0,0.0
748,"0,189,35,26,159","30332,10646,14797,15157,3077",lucrareatialgraphic sportingige,0.13139079560836156,0.08352109789848318,False,0.08139079560836156,0.08139079560836156,0.05570399761199951,1.0,-0.021670421957969664,0.001982957124710083,0.041666666666666664,0.7938871449761999,0.9735294117647059,0.0,0.0,0.08352109789848318,0.0,0.0,0.0
749,"0,13,100,26,225","30332,28688,14338,15157,28654",lucrarea piston surroundings sporting festgelegt,0.1320711801449458,0.08477577567100515,False,0.08207118014494579,0.08207118014494579,0.05578739047050476,1.0,-0.021695515513420104,-0.002472673853238424,0.041666666666666664,0.7818495289506017,0.9823529411764707,0.0,0.0,0.08477577567100515,0.0,0.0,0.0
750,"0,202,134,26,169","30332,5457,28448,15157,680",lucrareanch senzati sporting sie,0.1277087186773618,0.08536556363105771,False,0.0777087186773618,0.0777087186773618,0.05532270669937134,1.0,-0.021707311272621155,0.0010936632752418518,0.041666666666666664,0.7731134384950379,0.976470588235294,0.0,0.0,0.08536556363105771,0.0,0.0,0.0
751,"0,247,107,46,169","30332,12327,798,18927,680",lucrarearegarded moment rar sie,0.11944045176108678,0.08728706836700437,False,0.06944045176108678,0.06944045176108678,0.05173932313919068,1.0,-0.021745741367340088,-0.0051400115092595415,0.041666666666666664,0.7631260380465855,0.9823529411764707,0.0,0.0,0.08728706836700437,0.0,0.0,0.0
752,"0,136,41,215,180","30332,2824,3852,6520,31797",lucrarea.... repribscrisă,0.11250582138697307,0.08835071325302112,False,0.06250582138697307,0.06250582138697307,0.0404014527797699,1.0,-0.021767014265060423,-0.0024028147260348,0.041666666666666664,0.7972437062642611,0.9823529411764707,0.0,0.0,0.08835071325302112,0.0,0.0,0.0
753,"0,129,41,26,210","30332,17,3852,15157,12182",lucrareat rep sporting estim,0.13478976041078566,0.08904361724853503,False,0.08478976041078568,0.08478976041078568,0.05187081098556519,1.0,-0.0217808723449707,-0.0027081966400146484,0.041666666666666664,0.7210322045402074,0.976470588235294,0.0,0.0,0.08904361724853503,0.0,0.0,0.0
754,"0,129,100,26,159","30332,17,14338,15157,3077",lucrareat surroundings sportingige,0.13477862924337386,0.08907714486122119,False,0.08477862924337387,0.08477862924337387,0.052332711219787595,1.0,-0.021781542897224424,-0.002458763619263967,0.041666666666666664,0.7591747359346883,0.9647058823529412,0.0,0.0,0.08907714486122119,0.0,0.0,0.0
755,"0,219,157,26,158","30332,25895,27499,15157,17319",lucrareafloodedizant sportingenţă,0.12618556420008342,0.09236791729927053,False,0.07618556420008342,0.07618556420008342,0.05130366683006286,1.0,-0.02184735834598541,-0.0012791380286216736,0.041666666666666664,0.7669685809345003,0.9705882352941176,0.0,0.0,0.09236791729927053,0.0,0.0,0.0
756,"0,129,41,26,153","30332,17,3852,15157,23158",lucrareat rep sporting pierdere,0.1301016663511594,0.09259903430938725,False,0.08010166635115941,0.08010166635115941,0.056802332401275635,1.0,-0.021851980686187746,-0.0008947998285293579,0.041666666666666664,0.7617481381833412,0.9823529411764707,0.0,0.0,0.09259903430938725,0.0,0.0,0.0
757,"0,136,100,26,158","30332,2824,14338,15157,17319",lucrarea.... surroundings sportingenţă,0.1318569709857305,0.09313055872917173,False,0.08185697098573048,0.08185697098573048,0.05355195999145508,1.0,-0.021862611174583435,-0.0027219255765279136,0.041666666666666664,0.7840615325571779,0.9705882352941176,0.0,0.0,0.09313055872917173,0.0,0.0,0.0
758,"0,129,46,26,82","30332,17,18927,15157,16771",lucrareat rar sporting posture,0.13811460187037786,0.09616041183471667,False,0.08811460187037785,0.08811460187037785,0.05882957577705383,1.0,-0.021923208236694334,-0.001792694131533305,0.041666666666666664,0.7639464021576472,0.976470588235294,0.0,0.0,0.09616041183471667,0.0,0.0,0.0
759,"0,169,134,26,31","30332,680,28448,15157,8221",lucrarea sie senzati sportingimage,0.13149783064921697,0.09631404280662538,False,0.08149783064921697,0.08149783064921697,0.06019721031188965,1.0,-0.021926280856132508,-0.002337294320265452,0.041666666666666664,0.7786092142142208,0.9852941176470588,0.0,0.0,0.09631404280662538,0.0,0.0,0.0
760,"0,129,41,14,171","30332,17,3852,6661,7184",lucrareat repsportн,0.1235210378964742,0.09686657786369314,False,0.0735210378964742,0.0735210378964742,0.052324384450912476,1.0,-0.021937331557273863,0.00010180721680323283,0.041666666666666664,0.8015160371998228,0.9794117647058824,0.0,0.0,0.09686657786369314,0.0,0.0,0.0
761,"147,129,35,26,158","18956,17,14797,15157,17319",riustgraphic sportingenţă,0.07255587180455525,0.09861254975909282,False,0.039222538471221924,0.039222538471221924,0.01295405626296997,0.6666666666666666,-0.021019870042800905,-0.006994396448135376,0.041666666666666664,0.8665743538339711,0.9411764705882352,0.0,0.04761904761904761,0.050993502140045215,0.0,0.0,0.0
762,"0,133,134,26,82","30332,121,28448,15157,16771","lucrarea"" senzati sporting posture",0.1358044922351837,0.10034734010696406,False,0.08580449223518372,0.08580449223518372,0.06461066603660584,1.0,-0.02200694680213928,-0.0035223563512166343,0.041666666666666664,0.7549991227476363,0.9705882352941176,0.0,0.0,0.10034734010696406,0.0,0.0,0.0
763,"36,189,41,77,31","24143,10646,3852,6177,8221",KTtial rep tieimage,0.06415398369232814,0.10064432308787377,False,0.0308206503589948,0.0308206503589948,0.01337742805480957,0.6666666666666666,-0.021060505509376524,-0.008886553347110748,0.041666666666666664,0.815890162600829,0.9588235294117649,0.0,0.04761904761904761,0.05302527546882617,0.0,0.0,0.0
764,"0,169,157,26,125","30332,680,27499,15157,19020",lucrarea sieizant sporting humaine,0.13305944750706356,0.10266387462615957,False,0.08305944750706355,0.08305944750706355,0.06093806028366089,1.0,-0.022053277492523192,-0.0021065945426623025,0.041666666666666664,0.7578082600353541,0.9705882352941176,0.0,0.0,0.10266387462615957,0.0,0.0,0.0
765,"0,247,37,147,169","30332,12327,30396,18956,680",lucrarearegardedelectriquerius sie,0.1029217799504598,0.10293626785278318,False,0.05500511328379313,0.05500511328379313,0.03594605922698975,0.9583333333333334,-0.022058725357055664,-0.004664381345113118,0.041666666666666664,0.7889340847316947,0.9441176470588234,0.0,0.0,0.10293626785278318,0.0,0.0,0.0
766,"36,57,105,121,31","24143,23976,10924,803,8221",KT déplacementissent friendsimage,0.08539105157057444,0.1041276156902313,False,0.04164105157057444,0.04164105157057444,0.017384862899780276,0.875,-0.022082552313804626,-0.009775077303250631,0.041666666666666664,0.7873265477560671,0.976470588235294,0.0,0.0,0.1041276156902313,0.0,0.0,0.0
767,"0,136,105,215,102","30332,2824,10924,6520,26182",lucrarea....issentrib correspondant,0.11492479642232259,0.1042936146259308,False,0.06492479642232259,0.06492479642232259,0.04324043393135071,1.0,-0.022085872292518616,-0.0045301467180252075,0.041666666666666664,0.7721482679225206,0.9441176470588234,0.0,0.0,0.1042936146259308,0.0,0.0,0.0
768,"77,31,153,133,102","6177,8221,23158,121,26182"," tieimage pierdere"" correspondant",0.06593596686919531,0.10714285714285708,False,0.03445656845966975,0.034685966869195305,0.008826518058776855,0.625,-0.019497796893119812,-0.00885569304227829,0.041666666666666664,0.8230284418878779,0.9323529411764706,0.0,0.10714285714285708,0.0,0.0,0.0,0.0
769,"76,247,8,77,30","26292,12327,17682,6177,22706", menschlicheregardedSport tiemog,0.06385299066702524,0.10714285714285708,False,0.032602990667025246,0.032602990667025246,0.00914442539215088,0.625,-0.019781246781349182,-0.007369364301363627,0.020833333333333332,0.8139153606232791,0.9705882352941176,0.0,0.10714285714285708,0.0,0.0,0.0,0.0
770,"14,129,157,46,152","6661,17,27499,18927,19355",sporttizant rar persoană,0.06363267948230109,0.10714285714285708,False,0.03238267948230108,0.03238267948230108,0.007166564464569092,0.625,-0.019512921571731567,-0.006967601676781972,0.020833333333333332,0.8308293110817159,0.9676470588235294,0.0,0.10714285714285708,0.0,0.0,0.0,0.0
771,"0,101,157,200,31","30332,10176,27499,3404,8221",lucrarea Machizantwareimage,0.11214848160743714,0.10819026827812196,False,0.062148481607437134,0.062148481607437134,0.048484128713607785,1.0,-0.02216380536556244,-0.002569243311882019,0.041666666666666664,0.7981154782129185,0.9794117647058824,0.0,0.0,0.10819026827812196,0.0,0.0,0.0
772,"0,165,100,26,141","30332,13114,14338,15157,25205",lucrarea-> surroundings sportingizeze,0.13259185155232747,0.10946655273437501,False,0.08259185155232747,0.08259185155232747,0.05518056750297547,1.0,-0.0221893310546875,-0.002924176553885142,0.041666666666666664,0.7787980183745197,0.976470588235294,0.0,0.0,0.10946655273437501,0.0,0.0,0.0
773,"0,133,41,133,169","30332,121,3852,121,680","lucrarea"" rep"" sie",0.12213263461987178,0.10958218574523923,False,0.07213263461987178,0.07213263461987178,0.0476762056350708,1.0,-0.022191643714904785,-0.004530412455399831,0.041666666666666664,0.759254626493114,0.9264705882352942,0.0,0.0,0.10958218574523923,0.0,0.0,0.0
774,"0,13,134,26,159","30332,28688,28448,15157,3077",lucrarea piston senzati sportingige,0.13430010577042897,0.11104458570480348,False,0.08430010577042897,0.08430010577042897,0.058009660243988036,1.0,-0.02222089171409607,-0.0003229503830273946,0.041666666666666664,0.7666591304526368,0.9705882352941176,0.0,0.0,0.11104458570480348,0.0,0.0,0.0
775,"0,31,41,26,215","30332,8221,3852,15157,6520",lucrareaimage rep sportingrib,0.1342337856690089,0.11106425523757929,False,0.0842337856690089,0.0842337856690089,0.06063126921653748,1.0,-0.022221285104751586,-0.0033093715707461038,0.041666666666666664,0.7293819643243501,0.961764705882353,0.0,0.0,0.11106425523757929,0.0,0.0,0.0
776,"0,31,105,200,8","30332,8221,10924,3404,17682",lucrareaimageissentwareSport,0.12262753446896871,0.11137166619300844,False,0.0726275344689687,0.0726275344689687,0.05409324765205383,1.0,-0.02222743332386017,-0.0022042890389760337,0.041666666666666664,0.7802873790748334,0.9735294117647059,0.0,0.0,0.11137166619300844,0.0,0.0,0.0
777,"0,133,134,26,102","30332,121,28448,15157,26182","lucrarea"" senzati sporting correspondant",0.13359834055105846,0.11204832792282102,False,0.08359834055105846,0.08359834055105846,0.05158488750457764,1.0,-0.02224096655845642,-0.0034740716218948364,0.041666666666666664,0.7312175174445087,0.961764705882353,0.0,0.0,0.11204832792282102,0.0,0.0,0.0
778,"0,41,105,26,159","30332,3852,10924,15157,3077",lucrarea repissent sportingige,0.13062071601549785,0.11224964261054987,False,0.08062071601549785,0.08062071601549785,0.05643242597579956,1.0,-0.022244992852210998,-0.0008513952294985453,0.041666666666666664,0.7767518166225313,0.9705882352941176,0.0,0.0,0.11224964261054987,0.0,0.0,0.0
779,"0,13,157,26,90","30332,28688,27499,15157,23060",lucrarea pistonizant sporting răspunde,0.12933033009370168,0.11247450113296506,False,0.07933033009370168,0.07933033009370168,0.05669070482254028,1.0,-0.022249490022659302,-0.0005834723512331644,0.041666666666666664,0.7656506568817842,0.9794117647058824,0.0,0.0,0.11247450113296506,0.0,0.0,0.0
780,"0,136,35,215,82","30332,2824,14797,6520,16771",lucrarea....graphicrib posture,0.12428102195262909,0.11446753144264218,False,0.07428102195262909,0.07428102195262909,0.05703164339065552,1.0,-0.022289350628852844,-0.0020098288853963218,0.041666666666666664,0.7494555670712886,0.9823529411764707,0.0,0.0,0.11446753144264218,0.0,0.0,0.0
781,"0,31,105,26,31","30332,8221,10924,15157,8221",lucrareaimageissent sportingimage,0.1302082841595014,0.11530601978301992,False,0.08020828415950139,0.08020828415950139,0.059941673278808595,1.0,-0.0223061203956604,-0.0005952467521031698,0.041666666666666664,0.7967280069204521,0.9823529411764707,0.0,0.0,0.11530601978301992,0.0,0.0,0.0
782,"0,129,185,26,180","30332,17,15058,15157,31797",lucrareattient sportingscrisă,0.12466675837834676,0.1166195571422576,False,0.07466675837834676,0.07466675837834676,0.05366026759147644,1.0,-0.022332391142845152,0.002105471988519033,0.041666666666666664,0.7987059736447609,0.9794117647058824,0.0,0.0,0.1166195571422576,0.0,0.0,0.0
783,"0,186,122,147,184","30332,10443,12759,18956,20351",lucrareaû beneathriusüchte,0.10564498702685038,0.12046092748641962,False,0.057728320360183716,0.057728320360183716,0.03674163818359375,0.9583333333333334,-0.022409218549728393,-0.005734818677107493,0.041666666666666664,0.8412014212337372,0.9735294117647059,0.0,0.0,0.12046092748641962,0.0,0.0,0.0
784,"36,136,157,26,125","24143,2824,27499,15157,19020",KT....izant sporting humaine,0.08975530366102855,0.12131223082542421,False,0.04600530366102854,0.04600530366102854,0.020502847433090214,0.875,-0.022426244616508485,-0.009356843928496042,0.041666666666666664,0.8135535760364758,0.976470588235294,0.0,0.0,0.12131223082542421,0.0,0.0,0.0
785,"0,133,35,26,159","30332,121,14797,15157,3077","lucrarea""graphic sportingige",0.13077124257882436,0.12546429038047777,False,0.08077124257882436,0.08077124257882436,0.05210239291191101,1.0,-0.022509285807609556,0.00020164251327514648,0.041666666666666664,0.7897974430853101,0.9558823529411766,0.0,0.0,0.12546429038047777,0.0,0.0,0.0
786,"0,13,188,26,169","30332,28688,29904,15157,680",lucrarea pistonweilige sporting sie,0.13016808331012725,0.12576112151145932,False,0.08016808331012726,0.08016808331012726,0.05246084928512573,1.0,-0.022515222430229187,-0.006486448148886363,0.041666666666666664,0.7466021233289462,0.961764705882353,0.0,0.0,0.12576112151145932,0.0,0.0,0.0
787,"0,165,105,26,169","30332,13114,10924,15157,680",lucrarea->issent sporting sie,0.12919417570034664,0.13038077950477592,False,0.07919417570034663,0.07919417570034663,0.05375246405601502,1.0,-0.02260761559009552,-0.0022947092851003013,0.041666666666666664,0.7525573276507861,0.9794117647058824,0.0,0.0,0.13038077950477592,0.0,0.0,0.0
788,"0,106,153,15,180","30332,14385,23158,18661,31797",lucrarea Freunde pierderefreienscrisă,0.09479022969802221,0.13284826278686518,False,0.05093504240115484,0.05104022969802221,0.023382616043090824,0.875,-0.022656965255737304,-0.009005767603715261,0.041666666666666664,0.8451971841781496,0.9794117647058824,0.0,0.0,0.13284826278686518,0.0,0.0,0.0
789,"0,136,35,14,153","30332,2824,14797,6661,23158",lucrarea....graphicsport pierdere,0.11905701756477356,0.1329507827758789,False,0.06905701756477356,0.06905701756477356,0.047809374332427976,1.0,-0.02265901565551758,-0.0008473445971806844,0.041666666666666664,0.7714227690252804,0.9823529411764707,0.0,0.0,0.1329507827758789,0.0,0.0,0.0
790,"0,169,105,147,171","30332,680,10924,18956,7184",lucrarea sieissentriusн,0.10843606342871984,0.13341242074966422,False,0.05843606342871984,0.05843606342871984,0.0445820689201355,1.0,-0.022668248414993285,0.0021508634090423584,0.041666666666666664,0.8370272746366465,0.988235294117647,0.0,0.0,0.13341242074966422,0.0,0.0,0.0
791,"0,13,100,143,90","30332,28688,14338,9031,23060",lucrarea piston surroundingsigh răspunde,0.12262464612722397,0.1350458860397339,False,0.07262464612722397,0.07262464612722397,0.055166542530059814,1.0,-0.02270091772079468,-0.004546955227851868,0.041666666666666664,0.759955038983119,0.988235294117647,0.0,0.0,0.1350458860397339,0.0,0.0,0.0
792,"33,129,100,26,169","25803,17,14338,15157,680", Saucet surroundings sporting sie,0.07422275493542355,0.13526582717895505,False,0.038806088268756866,0.038806088268756866,0.008039826154708864,0.7083333333333334,-0.0227053165435791,-0.00999291737874349,0.041666666666666664,0.818561980754789,0.961764705882353,0.0,0.0,0.13526582717895505,0.0,0.0,0.0
793,"0,57,8,190,241","30332,23976,17682,11733,31980",lucrarea déplacementSportusionréglage,0.11914079934358597,0.13567844033241272,False,0.06914079934358597,0.06914079934358597,0.05164777040481568,1.0,-0.022713568806648255,-0.0035281156500180564,0.041666666666666664,0.7855065868028671,0.9911764705882352,0.0,0.0,0.13567844033241272,0.0,0.0,0.0
794,"0,202,105,26,45","30332,5457,10924,15157,25231",lucrareanchissent sportingffentlichkeit,0.13034840474526088,0.13736182451248163,False,0.08034840474526088,0.08034840474526088,0.05674403309822083,1.0,-0.022747236490249633,-0.0001480927069981893,0.041666666666666664,0.7708566653001651,0.9735294117647059,0.0,0.0,0.13736182451248163,0.0,0.0,0.0
795,"0,57,100,215,169","30332,23976,14338,6520,680",lucrarea déplacement surroundingsrib sie,0.11975973894198735,0.13749995827674852,False,0.06975973894198735,0.06975973894198735,0.049032604694366454,1.0,-0.02274999916553497,-0.005067773163318634,0.041666666666666664,0.769093438221789,0.9794117647058824,0.0,0.0,0.13749995827674852,0.0,0.0,0.0
796,"0,200,188,26,169","30332,3404,29904,15157,680",lucrareawareweilige sporting sie,0.12071506728728612,0.13835901021957384,False,0.07071506728728612,0.07071506728728612,0.048924988508224486,1.0,-0.022767180204391477,-0.005280300974845886,0.041666666666666664,0.7770758558150639,0.9911764705882352,0.0,0.0,0.13835901021957384,0.0,0.0,0.0
797,"0,169,100,26,159","30332,680,14338,15157,3077",lucrarea sie surroundings sportingige,0.1345849613348643,0.13956615328788757,False,0.0845849613348643,0.0845849613348643,0.05711670517921448,1.0,-0.022791323065757752,-0.0016118610898653667,0.041666666666666664,0.8034295511547737,0.9676470588235294,0.0,0.0,0.13956615328788757,0.0,0.0,0.0
798,"0,129,35,47,210","30332,17,14797,27265,12182",lucrareatgraphic klicken estim,0.11871108710765839,0.13969504833221436,False,0.06871108710765839,0.06871108710765839,0.051751500368118285,1.0,-0.022793900966644288,-0.007474762698014577,0.041666666666666664,0.7792269573437678,0.976470588235294,0.0,0.0,0.13969504833221436,0.0,0.0,0.0
799,"71,190,174,46,31","25688,11733,6031,18927,8221", correspondentusiontting rarimage,0.06130939970413844,0.14084862811224785,False,0.030018215378125507,0.03005939970413844,0.0066682159900665295,0.625,-0.020674115419387816,-0.010052062571048737,0.041666666666666664,0.8128496128549852,0.9705882352941176,0.0,0.10714285714285708,0.03370577096939078,0.0,0.0,0.0
800,"0,35,185,26,31","30332,14797,15058,15157,8221",lucrareagraphictient sportingimage,0.12871430118878682,0.14368021488189683,False,0.07871430118878682,0.07871430118878682,0.058614480495452884,1.0,-0.022873604297637937,-0.0023118952910105386,0.041666666666666664,0.7660149115148385,0.9794117647058824,0.0,0.0,0.14368021488189683,0.0,0.0,0.0
801,"0,169,105,39,82","30332,680,10924,2951,16771",lucrarea sieissentches posture,0.12167155295610428,0.14417865872383104,False,0.07167155295610428,0.07167155295610428,0.05405080318450928,1.0,-0.02288357317447662,-0.004281682272752126,0.041666666666666664,0.7438509549391779,0.9852941176470588,0.0,0.0,0.14417865872383104,0.0,0.0,0.0
802,"0,13,10,26,31","30332,28688,15854,15157,8221",lucrarea piston realm sportingimage,0.13704449981451033,0.1475078761577606,False,0.08704449981451035,0.08704449981451035,0.0644491195678711,1.0,-0.022950157523155212,-0.004839301109313965,0.041666666666666664,0.7455857764856691,0.9794117647058824,0.0,0.0,0.1475078761577606,0.0,0.0,0.0
803,"14,133,186,190,171","6661,121,10443,11733,7184","sport""ûusionн",0.06318891743818919,0.14753951250560693,False,0.029855584104855854,0.029855584104855854,0.0078013002872467044,0.6666666666666666,-0.021902132034301757,-0.008649446070194244,0.041666666666666664,0.8865540176344321,0.9794117647058824,0.004813863171471491,0.04761904761904761,0.09510660171508784,0.0,0.0,0.0
804,"36,228,0,133,169","24143,4408,30332,121,680","KT accordlucrarea"" sie",0.11628899027903875,0.14781394600868225,False,0.06628899027903874,0.06628899027903874,0.043776911497116086,1.0,-0.022956278920173646,-0.005309462547302246,0.041666666666666664,0.7901327518638621,0.9852941176470588,0.0,0.0,0.14781394600868225,0.0,0.0,0.0
805,"0,35,108,200,169","30332,14797,30122,3404,680",lucrareagraphic Angehörigeware sie,0.10952632923920949,0.15022882819175717,False,0.059526329239209495,0.059526329239209495,0.04075143933296203,1.0,-0.023004576563835144,-0.0029750019311904907,0.041666666666666664,0.8098370826962994,0.976470588235294,0.0,0.0,0.15022882819175717,0.0,0.0,0.0
806,"0,129,35,26,82","30332,17,14797,15157,16771",lucrareatgraphic sporting posture,0.1364992116888364,0.15474432706832872,False,0.08649921168883641,0.08649921168883641,0.05557865500450135,1.0,-0.023094886541366575,-0.0036107624570528665,0.041666666666666664,0.7577964501267173,0.976470588235294,0.0,0.0,0.15474432706832872,0.0,0.0,0.0
807,"0,101,100,215,65","30332,10176,14338,6520,22276",lucrarea Mach surroundingsribrij,0.11878326584895452,0.156313270330429,False,0.06878326584895451,0.06878326584895451,0.05044582486152649,1.0,-0.02312626540660858,-0.0040529097119967146,0.041666666666666664,0.7723170029570313,0.9794117647058824,0.0,0.0,0.156313270330429,0.0,0.0,0.0
808,"0,13,105,77,31","30332,28688,10924,6177,8221",lucrarea pistonissent tieimage,0.11676010539134343,0.15776449441909784,False,0.06676010539134343,0.06676010539134343,0.04709821939468384,1.0,-0.023155289888381957,-0.0004733776052792867,0.041666666666666664,0.7867670050913056,0.976470588235294,0.0,0.0,0.15776449441909784,0.0,0.0,0.0
809,"0,129,46,26,69","30332,17,18927,15157,22208",lucrareat rar sporting déplac,0.13310082803169887,0.15841642022132868,False,0.08310082803169887,0.08310082803169887,0.06393812894821167,1.0,-0.023168328404426574,-0.003910767535368602,0.041666666666666664,0.7593517301863503,0.9647058823529412,0.0,0.0,0.15841642022132868,0.0,0.0,0.0
810,"0,149,157,26,169","30332,18457,27499,15157,680",lucrarea varstaizant sporting sie,0.12537587732076644,0.1589613556861876,False,0.07537587732076645,0.07537587732076645,0.052434909343719485,1.0,-0.023179227113723753,-0.004166141152381897,0.041666666666666664,0.7214906296865751,0.9647058823529412,0.0,0.0,0.1589613556861876,0.0,0.0,0.0
811,"0,35,134,26,49","30332,14797,28448,15157,26851",lucrareagraphic senzati sporting représentant,0.1292671889066696,0.16153240203857414,False,0.07926718890666962,0.07926718890666962,0.05300397276878357,1.0,-0.023230648040771483,-0.004116430878639221,0.041666666666666664,0.7414826437182903,0.9735294117647059,0.0,0.0,0.16153240203857414,0.0,0.0,0.0
812,"0,133,105,190,153","30332,121,10924,11733,23158","lucrarea""issentusion pierdere",0.10119419594605764,0.16509452462196342,False,0.05119419594605764,0.05119419594605764,0.024862468242645264,1.0,-0.02330189049243927,-0.001814405123392741,0.041666666666666664,0.8327486913965124,0.9705882352941176,0.0,0.0,0.16509452462196342,0.0,0.0,0.0
813,"14,189,77,147,159","6661,10646,6177,18956,3077",sporttial tieriusige,0.05998784601688385,0.16666666666666657,False,0.030821179350217182,0.030821179350217182,0.009692561626434327,0.5833333333333334,-0.016039204597473145,-0.0062697455286979675,0.0,0.8589035480130291,0.9647058823529412,0.0,0.16666666666666657,0.0,0.0,0.0,0.0
814,"0,182,185,230,169","30332,1575,15058,25638,680",lucrareationtient Numero sie,0.11466779361168544,0.1693780124187468,False,0.06466779361168544,0.06466779361168544,0.043664324283599856,1.0,-0.023387560248374937,-0.00036298980315526325,0.041666666666666664,0.7844331973289846,0.9558823529411766,0.0,0.0,0.1693780124187468,0.0,0.0,0.0
815,"0,41,105,26,82","30332,3852,10924,15157,16771",lucrarea repissent sporting posture,0.13802045385042827,0.16974025964736938,False,0.08802045385042827,0.08802045385042827,0.06268514394760132,1.0,-0.02339480519294739,-0.005330654482046763,0.041666666666666664,0.7384489637885816,0.9794117647058824,0.0,0.0,0.16974025964736938,0.0,0.0,0.0
816,"0,35,100,26,159","30332,14797,14338,15157,3077",lucrareagraphic surroundings sportingige,0.13442362397909163,0.17136120796203605,False,0.08442362397909164,0.08442362397909164,0.056895393133163455,1.0,-0.02342722415924072,-0.0023878862460454306,0.041666666666666664,0.8001164472429383,0.9647058823529412,0.0,0.0,0.17136120796203605,0.0,0.0,0.0
817,"0,129,77,26,169","30332,17,6177,15157,680",lucrareat tie sporting sie,0.1330278421441714,0.1718718707561493,False,0.0830278421441714,0.0830278421441714,0.05971006155014038,1.0,-0.023437437415122987,-0.002914192775885264,0.041666666666666664,0.7245422946405476,0.961764705882353,0.0,0.0,0.1718718707561493,0.0,0.0,0.0
818,"0,129,77,46,82","30332,17,6177,18927,16771",lucrareat tie rar posture,0.12446811348199845,0.17273539304733276,False,0.07446811348199844,0.07446811348199844,0.05332349538803101,1.0,-0.023454707860946656,-0.0016768723726272583,0.041666666666666664,0.7428808442741588,0.9911764705882352,0.0,0.0,0.17273539304733276,0.0,0.0,0.0
819,"0,41,105,26,169","30332,3852,10924,15157,680",lucrarea repissent sporting sie,0.12917797068754833,0.17296069860458368,False,0.07917797068754832,0.07917797068754832,0.05576311945915222,1.0,-0.023459213972091674,-0.0029839600125948587,0.041666666666666664,0.7489574668070168,0.9911764705882352,0.0,0.0,0.17296069860458368,0.0,0.0,0.0
820,"0,129,185,200,82","30332,17,15058,3404,16771",lucrareattientware posture,0.10889773120482762,0.17316067218780504,False,0.05889773120482763,0.05889773120482763,0.04160621166229248,1.0,-0.0234632134437561,-0.003068941334883372,0.041666666666666664,0.8187374312275443,0.9588235294117649,0.0,0.0,0.17316067218780504,0.0,0.0,0.0
821,"0,247,185,26,102","30332,12327,15058,15157,26182",lucrarearegardedtient sporting correspondant,0.12635133216778438,0.1752553284168243,False,0.07635133216778438,0.07635133216778438,0.05067031979560852,1.0,-0.023505106568336487,-0.0005320683121681213,0.041666666666666664,0.7399529903885097,0.9794117647058824,0.0,0.0,0.1752553284168243,0.0,0.0,0.0
822,"8,57,188,215,152","17682,23976,29904,6520,19355",Sport déplacementweiligerib persoană,0.06734497050444285,0.17591172740572975,False,0.03401163717110952,0.03401163717110952,0.008968788385391236,0.6666666666666666,-0.022565853595733643,-0.007433392107486725,0.041666666666666664,0.8768973718167569,0.9529411764705882,0.0,0.04761904761904761,0.12829267978668213,0.0,0.0,0.0
823,"0,169,105,26,210","30332,680,10924,15157,12182",lucrarea sieissent sporting estim,0.12762261976798375,0.17722824215888974,False,0.07762261976798375,0.07762261976798375,0.05785015821456909,1.0,-0.023544564843177795,-0.003393458823362986,0.041666666666666664,0.7923977842758863,0.9676470588235294,0.0,0.0,0.17722824215888974,0.0,0.0,0.0
824,"0,57,186,147,169","30332,23976,10443,18956,680",lucrarea déplacementûrius sie,0.11164377679427465,0.18288978934288025,False,0.06164377679427465,0.06164377679427465,0.0467856228351593,1.0,-0.023657795786857606,-0.005503937602043152,0.041666666666666664,0.7927345596443998,0.9794117647058824,0.0,0.0,0.18288978934288025,0.0,0.0,0.0
825,"0,41,35,133,164","30332,3852,14797,121,6303","lucrarea repgraphic""itati",0.11987310200929642,0.1857348680496215,False,0.06987310200929642,0.06987310200929642,0.053057914972305296,1.0,-0.02371469736099243,-0.002940883239110311,0.041666666666666664,0.7878248023982296,0.9735294117647059,0.0,0.0,0.1857348680496215,0.0,0.0,0.0
826,"0,133,157,26,210","30332,121,27499,15157,12182","lucrarea""izant sporting estim",0.12591283818085988,0.18793934583663935,False,0.07591283818085988,0.07591283818085988,0.04980912804603577,1.0,-0.023758786916732787,-0.0028085857629776,0.041666666666666664,0.7677248010319854,0.976470588235294,0.0,0.0,0.18793934583663935,0.0,0.0,0.0
827,"0,41,157,165,169","30332,3852,27499,13114,680",lucrarea repizant-> sie,0.11249065945545833,0.1904387176036833,False,0.06249065945545832,0.06249065945545832,0.043570077419281004,1.0,-0.023808774352073667,-0.00180520365635554,0.041666666666666664,0.8007344991282667,0.95,0.0,0.0,0.1904387176036833,0.0,0.0,0.0
828,"174,133,35,26,171","6031,121,14797,15157,7184","tting""graphic sportingн",0.07450041075547537,0.19091495871543882,False,0.0390750120083491,0.03908374408880869,0.013993144035339355,0.7083333333333334,-0.023818299174308777,-0.011192391316095987,0.041666666666666664,0.8452704364872762,0.9647058823529412,0.0,0.0,0.19091495871543882,0.0,0.0,0.0
829,"0,129,122,77,152","30332,17,12759,6177,19355",lucrareat beneath tie persoană,0.12167733957370122,0.19139939546585077,False,0.07167733957370122,0.07167733957370122,0.05327410101890564,1.0,-0.023827987909317016,0.0010829642415046692,0.041666666666666664,0.7837917571932185,0.9794117647058824,0.0,0.0,0.19139939546585077,0.0,0.0,0.0
830,"0,169,105,215,78","30332,680,10924,6520,20961",lucrarea sieissentribKING,0.11922409931818645,0.19275242090225214,False,0.06922409931818645,0.06922409931818645,0.050056880712509154,1.0,-0.023855048418045043,-0.0006656274199485779,0.041666666666666664,0.78650263295352,0.9794117647058824,0.0,0.0,0.19275242090225214,0.0,0.0,0.0
831,"0,13,134,215,169","30332,28688,28448,6520,680",lucrarea piston senzatirib sie,0.12292429109414418,0.19433254003524777,False,0.07292429109414418,0.07292429109414418,0.05102702379226685,1.0,-0.023886650800704956,-6.258984406789143e-05,0.041666666666666664,0.778292893916222,0.9852941176470588,0.0,0.0,0.19433254003524777,0.0,0.0,0.0
832,"0,219,8,147,169","30332,25895,17682,18956,680",lucrareafloodedSportrius sie,0.12535235087076824,0.19631201028823853,False,0.07535235087076823,0.07535235087076823,0.04770589470863342,1.0,-0.02392624020576477,-0.0021396453181902566,0.041666666666666664,0.7590333257868275,0.9735294117647059,0.0,0.0,0.19631201028823853,0.0,0.0,0.0
833,"0,13,105,26,169","30332,28688,10924,15157,680",lucrarea pistonissent sporting sie,0.12756348450978597,0.19849801063537598,False,0.07756348450978597,0.07756348450978597,0.05290529727935791,1.0,-0.02396996021270752,-0.0009252329667409261,0.041666666666666664,0.7610937303047581,0.9705882352941176,0.0,0.0,0.19849801063537598,0.0,0.0,0.0
834,"0,129,157,26,27","30332,17,27499,15157,2600",lucrareatizant sporting sport,0.13200859278440474,0.19863092899322504,False,0.08200859278440475,0.08200859278440475,0.055819010734558104,1.0,-0.0239726185798645,-0.003134372333685557,0.041666666666666664,0.7880474925055323,0.976470588235294,0.0,0.0,0.19863092899322504,0.0,0.0,0.0
835,"176,136,105,190,169","257,2824,10924,11733,680",ation....issentusion sie,0.058458589017391205,0.20018988989648356,False,0.027208589017391205,0.027208589017391205,0.009192723035812379,0.625,-0.017105484008789064,-0.008209432164827982,0.0,0.8591801160041784,0.9794117647058824,0.09304703275362647,0.10714285714285708,0.0,0.0,0.0,0.0
836,"0,41,46,26,169","30332,3852,18927,15157,680",lucrarea rep rar sporting sie,0.13306595931450527,0.2025976181030273,False,0.08306595931450526,0.08306595931450526,0.061371833086013794,1.0,-0.024051952362060546,-0.0040151750048001604,0.041666666666666664,0.7406703072575439,0.9794117647058824,0.0,0.0,0.2025976181030273,0.0,0.0,0.0
837,"0,217,104,200,158","30332,15296,15091,3404,17319",lucrareaITYspielerwareenţă,0.1081510066986084,0.20458558201789848,False,0.0581510066986084,0.0581510066986084,0.042809689044952394,1.0,-0.02409171164035797,-0.002833766241868337,0.041666666666666664,0.8090152519952764,0.9852941176470588,0.0,0.0,0.20458558201789848,0.0,0.0,0.0
838,"0,169,185,26,180","30332,680,15058,15157,31797",lucrarea sietient sportingscrisă,0.12680467267831166,0.20527878403663635,False,0.07680467267831166,0.07680467267831166,0.057255101203918454,1.0,-0.024105575680732728,0.00022626916567484537,0.041666666666666664,0.8080584950178009,0.9647058823529412,0.0,0.0,0.20527878403663635,0.0,0.0,0.0
839,"0,173,185,26,153","30332,19845,15058,15157,23158",lucrareaAicitient sporting pierdere,0.12049138844013214,0.20790734887123108,False,0.07049138844013214,0.07049138844013214,0.04985852837562561,1.0,-0.024158146977424622,-0.0013129934668540955,0.041666666666666664,0.8086782450599268,0.9647058823529412,0.0,0.0,0.20790734887123108,0.0,0.0,0.0
840,"0,57,41,147,82","30332,23976,3852,18956,16771",lucrarea déplacement reprius posture,0.12242945581674576,0.21129393577575678,False,0.07242945581674576,0.07242945581674576,0.054490262269973756,1.0,-0.024225878715515136,-0.004453780750433604,0.041666666666666664,0.7614007107403709,0.976470588235294,0.0,0.0,0.21129393577575678,0.0,0.0,0.0
841,"0,132,100,134,169","30332,6889,14338,28448,680",lucrarea ihm surroundings senzati sie,0.12117306689421337,0.21738120913505546,False,0.07117306689421336,0.07117306689421336,0.05070408582687378,1.0,-0.02434762418270111,-0.002934617300828298,0.041666666666666664,0.7616020195098147,0.9676470588235294,0.0,0.0,0.21738120913505546,0.0,0.0,0.0
842,"0,129,105,215,169","30332,17,10924,6520,680",lucrareatissentrib sie,0.11225550174713135,0.21779888868331906,False,0.06225550174713135,0.06225550174713135,0.04769318699836731,1.0,-0.024355977773666382,0.0018419697880744934,0.041666666666666664,0.8319988779814905,0.9852941176470588,0.0,0.0,0.21779888868331906,0.0,0.0,0.0
843,"14,200,185,125,153","6661,3404,15058,19020,23158",sportwaretient humaine pierdere,0.05777112444241842,0.21908319989840178,False,0.028427504003047943,0.02860445777575175,0.006670111417770386,0.5833333333333334,-0.016082185506820678,-0.005737776557604472,0.020833333333333332,0.8267408442139514,0.9558823529411766,0.052416533231735195,0.16666666666666657,0.0,0.0,0.0,0.0
844,"0,41,100,151,169","30332,3852,14338,1110,680",lucrarea rep surroundings sein sie,0.12329439371824265,0.2191864848136901,False,0.07329439371824265,0.07329439371824265,0.050925827026367186,1.0,-0.024383729696273802,-0.0067214394609133405,0.041666666666666664,0.7890229292077797,0.9823529411764707,0.0,0.0,0.2191864848136901,0.0,0.0,0.0
845,"0,129,186,39,90","30332,17,10443,2951,23060",lucrareatûches răspunde,0.11087864190340042,0.22094213962554932,False,0.06087864190340042,0.06087864190340042,0.04225143790245056,1.0,-0.024418842792510987,-0.002976698180039724,0.041666666666666664,0.7741955503197436,0.9470588235294116,0.0,0.0,0.22094213962554932,0.0,0.0,0.0
846,"0,247,35,147,169","30332,12327,14797,18956,680",lucrarearegardedgraphicrius sie,0.10865585058927536,0.22495114803314195,False,0.05865585058927536,0.05865585058927536,0.03972381353378296,1.0,-0.02449902296066284,-0.00239820530017217,0.041666666666666664,0.828289871969012,0.9794117647058824,0.0,0.0,0.22495114803314195,0.0,0.0,0.0
847,"0,31,187,14,169","30332,8221,20719,6661,680",lucrareaimage apărutsport sie,0.12341171801090241,0.22597783803939805,False,0.0734117180109024,0.0734117180109024,0.05288453102111817,1.0,-0.024519556760787962,-0.0037414804100990295,0.041666666666666664,0.7605050102186586,0.9911764705882352,0.0,0.0,0.22597783803939805,0.0,0.0,0.0
848,"170,200,185,26,158","13602,3404,15058,15157,17319",ffenwaretient sportingenţă,0.05795448869466782,0.2261904761904762,False,0.030840722223122913,0.030871155361334484,0.006356549263000489,0.5416666666666666,-0.019864553213119505,-0.009372813006242117,0.041666666666666664,0.8768127727326654,0.9705882352941176,0.0,0.2261904761904762,0.0,0.0,0.0,0.0
849,"0,119,35,26,159","30332,23662,14797,15157,3077",lucrarea artistiquegraphic sportingige,0.12776838541030883,0.2266294658184051,False,0.07776838541030884,0.07776838541030884,0.05621756315231323,1.0,-0.024532589316368102,-6.019324064254761e-05,0.041666666666666664,0.8073648751549858,0.9735294117647059,0.0,0.0,0.2266294658184051,0.0,0.0,0.0
850,"0,129,100,133,169","30332,17,14338,121,680","lucrareat surroundings"" sie",0.12240618765354157,0.23592615127563474,False,0.07240618765354156,0.07240618765354156,0.04955612421035767,1.0,-0.024718523025512695,-0.002988216777642568,0.041666666666666664,0.8063899015864103,0.9794117647058824,0.0,0.0,0.23592615127563474,0.0,0.0,0.0
851,"0,56,8,215,31","30332,12462,17682,6520,8221",lucrarea hommesSportribimage,0.12192016144593557,0.236872225999832,False,0.07192016144593556,0.07192016144593556,0.054574763774871825,1.0,-0.02473744451999664,-0.003142955402533213,0.041666666666666664,0.7640014378756738,0.9794117647058824,0.0,0.0,0.236872225999832,0.0,0.0,0.0
852,"0,129,105,215,82","30332,17,10924,6520,16771",lucrareatissentrib posture,0.12096631079912186,0.24860778450965879,False,0.07096631079912186,0.07096631079912186,0.05316413044929504,1.0,-0.024972155690193176,-0.0025975555181503296,0.041666666666666664,0.7607958581646954,0.9735294117647059,0.0,0.0,0.24860778450965879,0.0,0.0,0.0
853,"0,129,35,26,59","30332,17,14797,15157,31675",lucrareatgraphic sporting temporaire,0.1364621674021085,0.25016593933105463,False,0.0864621674021085,0.0864621674021085,0.06419138908386231,1.0,-0.020003318786621094,0.0006304159760475159,0.0625,0.7534928576682933,0.976470588235294,0.0,0.0,0.00016593933105466668,0.24999999999999994,0.0,0.0
854,"174,48,185,215,169","6031,27062,15058,6520,680",tting pantalontientrib sie,0.05658472875754039,0.2527312636375426,False,0.027418062090873718,0.027418062090873718,0.010321515798568725,0.5833333333333334,-0.01949453353881836,-0.006672486662864685,0.0,0.8655867212783601,0.976470588235294,0.08606459697087603,0.16666666666666657,0.0,0.0,0.0,0.0
855,"0,149,205,215,54","30332,18457,24903,6520,7818",lucrarea varsta dispusribroc,0.09767927378416061,0.25388517975807184,False,0.05184594045082728,0.05184594045082728,0.02945733070373535,0.9166666666666666,-0.025077703595161437,-0.002865634858608246,0.041666666666666664,0.8129849250761643,0.95,0.0,0.0,0.25388517975807184,0.0,0.0,0.0
856,"0,129,74,200,169","30332,17,9633,3404,680",lucrareat bitteware sie,0.11470795720815659,0.25645637512207026,False,0.06470795720815659,0.06470795720815659,0.04185593128204346,1.0,-0.025129127502441406,-0.0017433762550354004,0.041666666666666664,0.8146401648200112,0.9705882352941176,0.0,0.0,0.25645637512207026,0.0,0.0,0.0
857,"0,136,41,26,169","30332,2824,3852,15157,680",lucrarea.... rep sporting sie,0.13336877077817916,0.2586762011051177,False,0.08336877077817917,0.08336877077817917,0.05208149552345276,1.0,-0.025173524022102354,-0.004829429090023041,0.041666666666666664,0.7185949635911323,0.9794117647058824,0.0,0.0,0.2586762011051177,0.0,0.0,0.0
858,"0,13,105,26,82","30332,28688,10924,15157,16771",lucrarea pistonissent sporting posture,0.13612873405218123,0.2589366137981414,False,0.08612873405218124,0.08612873405218124,0.05663226246833801,1.0,-0.02017873227596283,-0.0032449190815289817,0.0625,0.7501014841658843,0.9794117647058824,0.0,0.0,0.008936613798141493,0.24999999999999994,0.0,0.0
859,"0,31,157,26,82","30332,8221,27499,15157,16771",lucrareaimageizant sporting posture,0.1321445460120837,0.2607547044754028,False,0.0821445460120837,0.0821445460120837,0.05452836155891419,1.0,-0.020215094089508057,-0.0034588873386383057,0.0625,0.7681057284772327,0.9794117647058824,0.0,0.0,0.010754704475402811,0.24999999999999994,0.0,0.0
860,"0,26,179,162,31","30332,15157,3997,5290,8221",lucrarea sportingchtizatimage,0.1270609751343727,0.2635647654533386,False,0.07706097513437271,0.07706097513437271,0.05459195375442505,1.0,-0.020271295309066774,-0.0011586993932724,0.0625,0.7616633847213591,0.9823529411764707,0.0,0.0,0.013564765453338672,0.24999999999999994,0.0,0.0
861,"0,13,100,147,169","30332,28688,14338,18956,680",lucrarea piston surroundingsrius sie,0.1183773582180341,0.2637726366519928,False,0.0683773582180341,0.0683773582180341,0.04568890333175659,1.0,-0.020275452733039857,-0.0017680178085962932,0.0625,0.8080969351125797,0.9852941176470588,0.0,0.0,0.013772636651992846,0.24999999999999994,0.0,0.0
862,"0,41,77,5,158","30332,3852,6177,2426,17319",lucrarea rep tie movementenţă,0.1234026978413264,0.2652873396873474,False,0.0734026978413264,0.0734026978413264,0.055155408382415776,1.0,-0.02030574679374695,-0.0013035709659258525,0.0625,0.7740138475424159,0.9676470588235294,0.0,0.0,0.01528733968734746,0.24999999999999994,0.0,0.0
863,"0,35,35,26,169","30332,14797,14797,15157,680",lucrareagraphicgraphic sporting sie,0.13164418985446294,0.2662293910980224,False,0.08164418985446294,0.08164418985446294,0.05193992853164673,1.0,-0.02032458782196045,-0.0022247383991877237,0.0625,0.7650150059169186,0.9647058823529412,0.0,0.0,0.01622939109802244,0.24999999999999994,0.0,0.0
864,"0,133,105,26,159","30332,121,10924,15157,3077","lucrarea""issent sportingige",0.12825143883625667,0.2681353986263274,False,0.07825143883625667,0.07825143883625667,0.052915000915527345,1.0,-0.02036270797252655,-0.0005165363351504008,0.0625,0.813561835253627,0.9676470588235294,0.0,0.0,0.01813539862632746,0.24999999999999994,0.0,0.0
865,"0,2,157,147,169","30332,26170,27499,18956,680",lucrareaathletizantrius sie,0.12098741581042607,0.2687985002994536,False,0.07098741581042607,0.07098741581042607,0.05288776159286499,1.0,-0.020375970005989074,-0.0028438493609428406,0.0625,0.7685173771227249,0.9852941176470588,0.0,0.0,0.01879850029945368,0.24999999999999994,0.0,0.0
866,"0,136,134,26,82","30332,2824,28448,15157,16771",lucrarea.... senzati sporting posture,0.13309477816025417,0.26973181962966913,False,0.08309477816025417,0.08309477816025417,0.05042166709899902,1.0,-0.025394636392593383,-0.004799184699853261,0.041666666666666664,0.7548604914018076,0.9705882352941176,0.0,0.0,0.26973181962966913,0.0,0.0,0.0
867,"0,133,10,26,153","30332,121,15854,15157,23158","lucrarea"" realm sporting pierdere",0.12755476981401442,0.27006331086158747,False,0.07755476981401443,0.07755476981401443,0.054096394777297975,1.0,-0.02040126621723175,-0.0027414734164873758,0.0625,0.7626333410084875,0.9823529411764707,0.0,0.0,0.02006331086158754,0.24999999999999994,0.0,0.0
868,"0,129,151,26,133","30332,17,1110,15157,121","lucrareat sein sporting""",0.12871763904889424,0.2718119621276855,False,0.07871763904889424,0.07871763904889424,0.05284087657928467,1.0,-0.02043623924255371,-0.0039248839020729065,0.0625,0.7882988197115557,0.988235294117647,0.0,0.0,0.02181196212768556,0.24999999999999994,0.0,0.0
869,"0,136,157,26,210","30332,2824,27499,15157,12182",lucrarea....izant sporting estim,0.12461431125799816,0.2723013162612915,False,0.07461431125799815,0.07461431125799815,0.0505412757396698,1.0,-0.02044602632522583,-0.0020960147182146707,0.0625,0.7934283338851057,0.9705882352941176,0.0,0.0,0.022301316261291552,0.24999999999999994,0.0,0.0
870,"118,136,100,147,153","2280,2824,14338,18956,23158", km.... surroundingsrius pierdere,0.06416396001974742,0.27421304867381124,False,0.03083062668641408,0.03083062668641408,0.010443341732025147,0.6666666666666666,-0.024531880021095274,-0.009177342057228088,0.041666666666666664,0.837979245899511,0.9705882352941176,0.0,0.04761904761904761,0.22659400105476366,0.0,0.0,0.0
871,"0,13,100,147,171","30332,28688,14338,18956,7184",lucrarea piston surroundingsriusн,0.11664920101563137,0.2745961546897888,False,0.06664920101563136,0.06664920101563136,0.05016834735870361,1.0,-0.025491923093795776,-0.0012764061490694683,0.041666666666666664,0.7971895196246332,0.9823529411764707,0.0,0.0,0.2745961546897888,0.0,0.0,0.0
872,"0,41,157,213,169","30332,3852,27499,73,680",lucrarea repizant un sie,0.11040062010288239,0.27573812007904036,False,0.060400620102882385,0.060400620102882385,0.04168609380722046,1.0,-0.02051476240158081,-0.005184205869833629,0.0625,0.825880882173931,0.9794117647058824,0.0,0.0,0.025738120079040437,0.24999999999999994,0.0,0.0
873,"0,129,157,26,82","30332,17,27499,15157,16771",lucrareatizant sporting posture,0.13580177028973897,0.27626314759254444,False,0.08580177028973897,0.08580177028973897,0.06365922689437867,1.0,-0.02552526295185089,-0.0040889134009679156,0.041666666666666664,0.7680229047388841,0.9794117647058824,0.0,0.0,0.27626314759254444,0.0,0.0,0.0
874,"0,219,8,200,171","30332,25895,17682,3404,7184",lucrareafloodedSportwareн,0.12442774623632431,0.2788619101047515,False,0.07442774623632431,0.07442774623632431,0.05073686242103577,1.0,-0.02557723820209503,-0.003546824057896932,0.041666666666666664,0.7739422162011415,0.9647058823529412,0.0,0.0,0.2788619101047515,0.0,0.0,0.0
875,"36,35,151,215,31","24143,14797,1110,6520,8221",KTgraphic seinribimage,0.056360815465450284,0.28003630988181577,False,0.023027482132116955,0.023027482132116955,0.0058325111865997325,0.6666666666666666,-0.01639063358306885,-0.00578387329975764,0.020833333333333332,0.9130082901699184,0.988235294117647,0.23241726226276815,0.04761904761904761,0.0,0.0,0.0,0.0
876,"0,165,112,26,169","30332,13114,21711,15157,680",lucrarea-> bilden sporting sie,0.1335374469558398,0.2837273776531218,False,0.0835374469558398,0.0835374469558398,0.059898489713668825,1.0,-0.020674547553062438,-0.004467303554217021,0.0625,0.7544581826187013,0.976470588235294,0.0,0.0,0.03372737765312186,0.24999999999999994,0.0,0.0
877,"0,189,105,26,90","30332,10646,10924,15157,23060",lucrareatialissent sporting răspunde,0.13234895765781401,0.28502646088600153,False,0.08234895765781403,0.08234895765781403,0.060874706506729125,1.0,-0.020700529217720032,-0.0017367104689280193,0.0625,0.7286968352455222,0.9735294117647059,0.0,0.0,0.035026460886001566,0.24999999999999994,0.0,0.0
878,"231,202,185,26,153","21815,5457,15058,15157,23158", stainednchtient sporting pierdere,0.05545384089152018,0.28571428571428564,False,0.030453840891520183,0.030453840891520183,0.007820934057235718,0.5,-0.014030772447586059,-0.006237519284089406,0.0,0.8560606019672529,0.9588235294117649,0.0,0.28571428571428564,0.0,0.0,0.0,0.0
879,"0,133,105,250,158","30332,121,10924,24976,17319","lucrarea""issent situatiaenţă",0.10842762440443039,0.2872354090213775,False,0.05842762440443039,0.05842762440443039,0.0345637321472168,1.0,-0.020744708180427552,-0.005421953896681468,0.0625,0.7987530589014176,0.9588235294117649,0.0,0.0,0.03723540902137758,0.24999999999999994,0.0,0.0
880,"0,133,100,200,31","30332,121,14338,3404,8221","lucrarea"" surroundingswareimage",0.11403440237045288,0.2877854108810424,False,0.06403440237045288,0.06403440237045288,0.04784780740737915,1.0,-0.02075570821762085,-0.0031890769799550376,0.0625,0.7917452289319914,0.976470588235294,0.0,0.0,0.03778541088104246,0.24999999999999994,0.0,0.0
881,"0,31,35,26,172","30332,8221,14797,15157,13910",lucrareaimagegraphic sportinglebt,0.13188444127639135,0.28786617517471297,False,0.08188444127639134,0.08188444127639134,0.06185982823371887,1.0,-0.02075732350349426,-0.0012772083282470703,0.0625,0.7777058719869199,0.9735294117647059,0.0,0.0,0.037866175174713045,0.24999999999999994,0.0,0.0
882,"0,165,134,26,82","30332,13114,28448,15157,16771",lucrarea-> senzati sporting posture,0.13520530660947164,0.2878764569759368,False,0.08520530660947163,0.08520530660947163,0.05666040182113648,1.0,-0.020757529139518737,-0.0037606780727704367,0.0625,0.7518769842865692,0.9705882352941176,0.0,0.0,0.037876456975936834,0.24999999999999994,0.0,0.0
883,"0,219,157,26,169","30332,25895,27499,15157,680",lucrareafloodedizant sporting sie,0.13058229585488637,0.28816330432891835,False,0.08058229585488637,0.08058229585488637,0.053441470861434935,1.0,-0.02076326608657837,0.00014050056536992392,0.0625,0.7410218257146172,0.9647058823529412,0.0,0.0,0.0381633043289184,0.24999999999999994,0.0,0.0
884,"0,31,35,26,87","30332,8221,14797,15157,330",lucrareaimagegraphic sporting pas,0.13241093655427297,0.28883743286132807,False,0.08241093655427296,0.08241093655427296,0.05958702564239502,1.0,-0.020776748657226562,-0.0020144606630007424,0.0625,0.7646185634936581,0.9647058823529412,0.0,0.0,0.038837432861328104,0.24999999999999994,0.0,0.0
885,"0,149,100,26,90","30332,18457,14338,15157,23060",lucrarea varsta surroundings sporting răspunde,0.1255149945616722,0.2900058329105376,False,0.07551499456167221,0.07551499456167221,0.04833628535270691,1.0,-0.020800116658210754,-0.004996885855992635,0.0625,0.7659768573647864,0.9823529411764707,0.0,0.0,0.040005832910537664,0.24999999999999994,0.0,0.0
886,"0,247,79,79,152","30332,12327,5206,5206,19355",lucrarearegardedrickrick persoană,0.10745219439268112,0.2913199663162231,False,0.05745219439268112,0.05745219439268112,0.03848738074302673,1.0,-0.020826399326324463,-0.005185340841611226,0.0625,0.7952251381547041,0.9823529411764707,0.0,0.0,0.041319966316223124,0.24999999999999994,0.0,0.0
887,"0,202,105,26,162","30332,5457,10924,15157,5290",lucrareanchissent sportingizat,0.12653586318095525,0.2918760776519774,False,0.07653586318095525,0.07653586318095525,0.051145368814468385,1.0,-0.02083752155303955,-0.001386125882466634,0.0625,0.7689595925905713,0.9852941176470588,0.0,0.0,0.04187607765197745,0.24999999999999994,0.0,0.0
888,"161,189,157,26,169","7890,10646,27499,15157,680",intérieurtializant sporting sie,0.06148286014795303,0.2924645230883644,False,0.0343995268146197,0.0343995268146197,0.006735074520111084,0.5416666666666666,-0.021325480937957764,-0.006563584009806315,0.041666666666666664,0.837377249314813,0.9676470588235294,0.0,0.2261904761904762,0.0662740468978882,0.0,0.0,0.0
889,"0,219,167,134,90","30332,25895,24594,28448,23060",lucrareafloodedidia senzati răspunde,0.11492193788290024,0.292705625295639,False,0.06492193788290024,0.06492193788290024,0.03914197087287903,1.0,-0.02085411250591278,-0.0037568931778271994,0.0625,0.7852131144326887,0.961764705882353,0.0,0.0,0.04270562529563905,0.24999999999999994,0.0,0.0
890,"0,190,0,200,169","30332,11733,30332,3404,680",lucrareausionlucrareaware sie,0.12100119441747666,0.29425847530364985,False,0.07100119441747665,0.07100119441747665,0.049444520473480226,1.0,-0.020885169506072998,0.0027248387535413108,0.0625,0.8036524728289123,0.9823529411764707,0.0,0.0,0.04425847530364988,0.24999999999999994,0.0,0.0
891,"206,136,185,46,171","17140,2824,15058,18927,7184",liga....tient rarн,0.0556036854783694,0.2953533411972105,False,0.024353685478369396,0.024353685478369396,0.012043774127960205,0.625,-0.019053974747657777,-0.01030409832795461,0.020833333333333332,0.89949582496573,0.9911764705882352,0.18821048405435342,0.10714285714285708,0.0,0.0,0.0,0.0
892,"0,133,90,165,54","30332,121,23060,13114,7818","lucrarea"" răspunde->roc",0.11697965164979299,0.2968047857284546,False,0.06697965164979298,0.06697965164979298,0.05138320922851562,1.0,-0.020936095714569093,-0.007215340932210286,0.0625,0.7679954254743434,0.9794117647058824,0.0,0.0,0.04680478572845464,0.24999999999999994,0.0,0.0
893,"0,31,134,26,82","30332,8221,28448,15157,16771",lucrareaimage senzati sporting posture,0.13608420193195342,0.2974324226379394,False,0.08608420193195343,0.08608420193195343,0.05986979603767396,1.0,-0.02094864845275879,-0.00466436892747879,0.0625,0.7535429532938183,0.9676470588235294,0.0,0.0,0.04743242263793943,0.24999999999999994,0.0,0.0
894,"0,247,94,26,210","30332,12327,18852,15157,12182",lucrarearegardedkap sporting estim,0.12632571210463842,0.29746520519256586,False,0.07632571210463841,0.07632571210463841,0.054605668783187865,1.0,-0.02094930410385132,-0.0038513019680976868,0.0625,0.740305435112927,0.9823529411764707,0.0,0.0,0.0474652051925659,0.24999999999999994,0.0,0.0
895,"0,31,100,26,90","30332,8221,14338,15157,23060",lucrareaimage surroundings sporting răspunde,0.13375173062086104,0.29958757758140564,False,0.08375173062086105,0.08375173062086105,0.05885854959487915,1.0,-0.020991751551628114,-0.004606182376543681,0.0625,0.7452345667843773,0.9441176470588234,0.0,0.0,0.04958757758140569,0.24999999999999994,0.0,0.0
896,"0,133,41,26,169","30332,121,3852,15157,680","lucrarea"" rep sporting sie",0.13386291811863582,0.30013287067413313,False,0.08386291811863582,0.08386291811863582,0.051246207952499394,1.0,-0.026002657413482663,-0.004533986250559489,0.041666666666666664,0.7040950202092238,0.9264705882352942,0.0,0.0,0.30013287067413313,0.0,0.0,0.0
897,"0,247,35,26,90","30332,12327,14797,15157,23060",lucrarearegardedgraphic sporting răspunde,0.1285935694972674,0.3003111779689788,False,0.07859356949726741,0.07859356949726741,0.052252888679504395,1.0,-0.02100622355937958,-0.001812465488910675,0.0625,0.7677231028751879,0.9647058823529412,0.0,0.0,0.050311177968978896,0.24999999999999994,0.0,0.0
898,"0,165,134,1,82","30332,13114,28448,22665,16771",lucrarea-> senzatipictured posture,0.1303475206096967,0.3007105886936187,False,0.0803475206096967,0.0803475206096967,0.0634590744972229,1.0,-0.026014211773872375,-0.006201818585395813,0.041666666666666664,0.7516155453287064,0.9705882352941176,0.0,0.0,0.3007105886936187,0.0,0.0,0.0
899,"0,200,185,6,31","30332,3404,15058,21014,8221",lucrareawaretient sportivimage,0.12739718506733577,0.30139434337615967,False,0.07739718506733577,0.07739718506733577,0.05851725935935974,1.0,-0.021027886867523195,-8.159130811691284e-05,0.0625,0.8124448340256282,0.9676470588235294,0.0,0.0,0.05139434337615972,0.24999999999999994,0.0,0.0
900,"0,98,100,26,169","30332,9850,14338,15157,680",lucrarea depict surroundings sporting sie,0.1310826023419698,0.30258166790008534,False,0.0810826023419698,0.0810826023419698,0.051823985576629636,1.0,-0.02105163335800171,-0.004316963255405426,0.0625,0.7485468216178139,0.976470588235294,0.0,0.0,0.052581667900085394,0.24999999999999994,0.0,0.0
901,"0,35,151,26,90","30332,14797,1110,15157,23060",lucrareagraphic sein sporting răspunde,0.1310426523288091,0.30423480272293085,False,0.0810426523288091,0.0810426523288091,0.05357491970062256,1.0,-0.021084696054458618,-0.0033039525151252747,0.0625,0.7652336821990636,0.976470588235294,0.0,0.0,0.05423480272293089,0.24999999999999994,0.0,0.0
902,"0,133,98,26,180","30332,121,9850,15157,31797","lucrarea"" depict sportingscrisă",0.12936608542998632,0.30643033981323237,False,0.07936608542998631,0.07936608542998631,0.05680187344551087,1.0,-0.02112860679626465,-0.0026309962073961892,0.0625,0.8033436398586115,0.976470588235294,0.0,0.0,0.056430339813232436,0.24999999999999994,0.0,0.0
903,"0,35,105,26,159","30332,14797,10924,15157,3077",lucrareagraphicissent sportingige,0.12848799973726271,0.30967268347740173,False,0.07848799973726273,0.07848799973726273,0.054333043098449704,1.0,-0.021193453669548036,0.000792024036248525,0.0625,0.8047549625351875,0.9852941176470588,0.0,0.0,0.05967268347740178,0.24999999999999994,0.0,0.0
904,"0,35,134,215,169","30332,14797,28448,6520,680",lucrareagraphic senzatirib sie,0.11582759072383245,0.31166264414787276,False,0.06582759072383244,0.06582759072383244,0.049357485771179196,1.0,-0.026233252882957456,0.0002368489901224772,0.041666666666666664,0.7813968929751345,0.9676470588235294,0.0,0.0,0.31166264414787276,0.0,0.0,0.0
905,"118,129,185,26,54","2280,17,15058,15157,7818", kmttient sportingroc,0.07479979445536933,0.3123416900634765,False,0.037299794455369316,0.037299794455369316,0.010167258977890014,0.75,-0.02624683380126953,-0.01141876478989919,0.041666666666666664,0.840550872802421,0.961764705882353,0.0,0.0,0.3123416900634765,0.0,0.0,0.0
906,"174,190,100,215,169","6031,11733,14338,6520,680",ttingusion surroundingsrib sie,0.05648228873809179,0.31329595900717233,False,0.029398955404758453,0.029398955404758453,0.007238233089447022,0.5416666666666666,-0.021341413259506226,-0.008025641242663065,0.041666666666666664,0.8511144887278281,0.9852941176470588,0.020034819841384853,0.2261904761904762,0.06707066297531125,0.0,0.0,0.0
907,"0,35,157,26,82","30332,14797,27499,15157,16771",lucrareagraphicizant sporting posture,0.13504321177800496,0.31374844908714283,False,0.08504321177800496,0.08504321177800496,0.056663841009140015,1.0,-0.02127496898174286,-0.0025424882769584656,0.0625,0.7673305970881397,0.9735294117647059,0.0,0.0,0.06374844908714292,0.24999999999999994,0.0,0.0
908,"0,169,13,147,90","30332,680,28688,18956,23060",lucrarea sie pistonrius răspunde,0.11953322142362595,0.31433331966400135,False,0.06953322142362595,0.06953322142362595,0.04723234176635742,1.0,-0.02128666639328003,-0.003271341323852539,0.0625,0.7681518874665454,0.9823529411764707,0.0,0.0,0.06433331966400144,0.24999999999999994,0.0,0.0
909,"0,247,105,26,54","30332,12327,10924,15157,7818",lucrarearegardedissent sportingroc,0.12871752232313155,0.31612712144851685,False,0.07871752232313156,0.07871752232313156,0.05743004679679871,1.0,-0.02132254242897034,-0.0010846803585688274,0.0625,0.7676680671571613,0.976470588235294,0.0,0.0,0.06612712144851689,0.24999999999999994,0.0,0.0
910,"0,129,157,26,54","30332,17,27499,15157,7818",lucrareatizant sportingroc,0.1313537339369456,0.3172837495803832,False,0.0813537339369456,0.0813537339369456,0.05743367075920105,1.0,-0.021345674991607666,-0.0008056287964185079,0.0625,0.7623895011301619,0.9794117647058824,0.0,0.0,0.06728374958038327,0.24999999999999994,0.0,0.0
911,"0,133,35,26,90","30332,121,14797,15157,23060","lucrarea""graphic sporting răspunde",0.13070080478986104,0.3196500539779662,False,0.08070080478986104,0.08070080478986104,0.052974700927734375,1.0,-0.021393001079559326,-0.0022319679458936057,0.0625,0.7679672515092948,0.9529411764705882,0.0,0.0,0.06965005397796628,0.24999999999999994,0.0,0.0
912,"0,129,157,26,162","30332,17,27499,15157,5290",lucrareatizant sportingizat,0.1257059281071027,0.3205119371414184,False,0.07570592810710271,0.07570592810710271,0.05380282998085022,1.0,-0.02141023874282837,0.00016061216592788696,0.0625,0.8104828454130044,0.9794117647058824,0.0,0.0,0.07051193714141847,0.24999999999999994,0.0,0.0
913,"0,247,0,165,180","30332,12327,30332,13114,31797",lucrarearegardedlucrarea->scrisă,0.1334375818570455,0.3230390250682831,False,0.08343758185704549,0.08343758185704549,0.0573563814163208,1.0,-0.021460780501365663,0.003190666437149048,0.0625,0.7401649512324103,0.9823529411764707,0.0,0.0,0.07303902506828312,0.24999999999999994,0.0,0.0
914,"0,136,8,39,169","30332,2824,17682,2951,680",lucrarea....Sportches sie,0.12463789482911428,0.3246988654136656,False,0.07463789482911427,0.07463789482911427,0.050533443689346313,1.0,-0.021493977308273314,-0.0010368451476097107,0.0625,0.7756178338265578,0.9911764705882352,0.0,0.0,0.07469886541366567,0.24999999999999994,0.0,0.0
915,"0,41,100,26,159","30332,3852,14338,15157,3077",lucrarea rep surroundings sportingige,0.13349273353815078,0.3260843753814696,False,0.08349273353815079,0.08349273353815079,0.0548159122467041,1.0,-0.021521687507629395,-0.0005283777912457784,0.0625,0.8016755867498383,0.9647058823529412,0.0,0.0,0.0760843753814697,0.24999999999999994,0.0,0.0
916,"0,136,35,26,169","30332,2824,14797,15157,680",lucrarea....graphic sporting sie,0.132739161948363,0.3264503479003905,False,0.08273916194836299,0.08273916194836299,0.054748034477233885,1.0,-0.021529006958007812,-0.0019167810678482056,0.0625,0.7589676379943441,0.9676470588235294,0.0,0.0,0.07645034790039057,0.24999999999999994,0.0,0.0
917,"0,35,185,77,169","30332,14797,15058,6177,680",lucrareagraphictient tie sie,0.1145895078778267,0.3275008797645568,False,0.06458950787782669,0.06458950787782669,0.046090489625930785,1.0,-0.021550017595291137,0.001827759047349294,0.0625,0.8129100517991855,0.9852941176470588,0.0,0.0,0.07750087976455683,0.24999999999999994,0.0,0.0
918,"189,129,100,26,169","10646,17,14338,15157,680",tialt surroundings sporting sie,0.07629445393880208,0.32766962335223226,False,0.04293618102868398,0.04296112060546875,0.011946725845336915,0.6666666666666666,-0.025601011514663694,-0.010935135185718536,0.041666666666666664,0.8158783526921922,0.9705882352941176,0.0,0.04761904761904761,0.28005057573318465,0.0,0.0,0.0
919,"0,12,79,147,31","30332,12337,5206,18956,8221",lucrarea mobilityrickriusimage,0.1213053544362386,0.32925251126289357,False,0.0713053544362386,0.0713053544362386,0.05694218277931214,1.0,-0.021585050225257873,-0.0035647526383399963,0.0625,0.7829230728023747,0.976470588235294,0.0,0.0,0.07925251126289362,0.24999999999999994,0.0,0.0
920,"0,169,74,147,54","30332,680,9633,18956,7818",lucrarea sie bitteriusroc,0.11524001061916352,0.32938498258590687,False,0.06524001061916351,0.06524001061916351,0.04386435747146607,1.0,-0.02158769965171814,-0.003966627021630605,0.0625,0.8123714273386109,0.9852941176470588,0.0,0.0,0.07938498258590695,0.24999999999999994,0.0,0.0
921,"0,35,35,26,90","30332,14797,14797,15157,23060",lucrareagraphicgraphic sporting răspunde,0.1324244444568952,0.3294878005981444,False,0.08242444445689519,0.08242444445689519,0.05525462627410889,1.0,-0.02158975601196289,-0.0015427395701408386,0.0625,0.7722117944245344,0.9676470588235294,0.0,0.0,0.0794878005981445,0.24999999999999994,0.0,0.0
922,"0,129,100,26,152","30332,17,14338,15157,19355",lucrareat surroundings sporting persoană,0.13232261737187703,0.33046308159828175,False,0.08232261737187703,0.08232261737187703,0.052249425649642946,1.0,-0.021609261631965637,-0.00039273252089818317,0.0625,0.7804585069666496,0.9735294117647059,0.0,0.0,0.08046308159828183,0.24999999999999994,0.0,0.0
923,"0,169,41,147,184","30332,680,3852,18956,20351",lucrarea sie repriusüchte,0.11463319311539333,0.33055442571640015,False,0.06463319311539333,0.06463319311539333,0.044222742319107056,1.0,-0.021611088514328004,-0.006111323833465576,0.0625,0.7748217070443326,0.976470588235294,0.0,0.0,0.08055442571640019,0.24999999999999994,0.0,0.0
924,"0,247,77,26,184","30332,12327,6177,15157,20351",lucrarearegarded tie sportingüchte,0.12632493476072948,0.33204007148742676,False,0.07632493476072948,0.07632493476072948,0.05180251598358154,1.0,-0.021640801429748537,-0.002722171445687612,0.0625,0.7669344634206605,0.976470588235294,0.0,0.0,0.0820400714874268,0.24999999999999994,0.0,0.0
925,"0,41,185,26,90","30332,3852,15058,15157,23060",lucrarea reptient sporting răspunde,0.12698304454485576,0.3326274752616881,False,0.07698304454485576,0.07698304454485576,0.05551537275314331,1.0,-0.021652549505233765,-0.002151474356651306,0.0625,0.7598015873597853,0.9705882352941176,0.0,0.0,0.0826274752616882,0.24999999999999994,0.0,0.0
926,"0,136,151,5,180","30332,2824,1110,2426,31797",lucrarea.... sein movementscrisă,0.11533555686473847,0.3330801725387573,False,0.06533555686473846,0.06533555686473846,0.04713141918182373,1.0,-0.021661603450775148,-0.005510268112023671,0.0625,0.7928686368424535,0.9794117647058824,0.0,0.0,0.08308017253875737,0.24999999999999994,0.0,0.0
927,"0,129,74,26,171","30332,17,9633,15157,7184",lucrareat bitte sportingн,0.1319537416100502,0.3347361385822295,False,0.0819537416100502,0.0819537416100502,0.05862833857536316,1.0,-0.02169472277164459,-0.003921031951904297,0.0625,0.783218320518296,0.9823529411764707,0.0,0.0,0.08473613858222956,0.24999999999999994,0.0,0.0
928,"0,13,35,26,159","30332,28688,14797,15157,3077",lucrarea pistongraphic sportingige,0.1356627846757571,0.33479872345924366,False,0.0856627846757571,0.0856627846757571,0.05841745138168335,1.0,-0.021695974469184875,-0.000616118311882019,0.0625,0.7828548377746952,0.9676470588235294,0.0,0.0,0.08479872345924372,0.24999999999999994,0.0,0.0
929,"0,129,134,26,90","30332,17,28448,15157,23060",lucrareat senzati sporting răspunde,0.1303146908680598,0.3348513841629028,False,0.0803146908680598,0.0803146908680598,0.0559162974357605,1.0,-0.026697027683258056,-0.002051291366418203,0.041666666666666664,0.7744155388139594,0.9735294117647059,0.0,0.0,0.3348513841629028,0.0,0.0,0.0
930,"0,129,8,165,210","30332,17,17682,13114,12182",lucrareatSport-> estim,0.12434428483247757,0.3351547122001647,False,0.07434428483247757,0.07434428483247757,0.04991310238838196,1.0,-0.021703094244003296,-0.004409857094287872,0.0625,0.7380485075401635,0.988235294117647,0.0,0.0,0.08515471220016477,0.24999999999999994,0.0,0.0
931,"0,133,10,215,82","30332,121,15854,6520,16771","lucrarea"" realmrib posture",0.12037695248921712,0.33739575743675226,False,0.07037695248921712,0.07037695248921712,0.055480068922042845,1.0,-0.026747915148735046,-0.0038045098384221396,0.041666666666666664,0.7504215095332593,0.988235294117647,0.0,0.0,0.33739575743675226,0.0,0.0,0.0
932,"0,219,134,26,169","30332,25895,28448,15157,680",lucrareaflooded senzati sporting sie,0.1320007820924123,0.3379717767238616,False,0.08200078209241231,0.08200078209241231,0.05201352834701538,1.0,-0.021759435534477234,-0.0005179320772488912,0.0625,0.747642784690005,0.9705882352941176,0.0,0.0,0.08797177672386167,0.24999999999999994,0.0,0.0
933,"0,247,157,93,31","30332,12327,27499,19486,8221",lucrarearegardedizant vitesseimage,0.11402529031038285,0.3384140431880951,False,0.06402529031038284,0.06402529031038284,0.04716394543647766,1.0,-0.021768280863761903,-0.003353652854760488,0.0625,0.7860200476672613,0.9794117647058824,0.0,0.0,0.08841404318809513,0.24999999999999994,0.0,0.0
934,"0,13,35,26,169","30332,28688,14797,15157,680",lucrarea pistongraphic sporting sie,0.13553573489189147,0.3399186134338378,False,0.08553573489189148,0.08553573489189148,0.06072761416435242,1.0,-0.021798372268676758,-0.0010786155859629314,0.0625,0.751562362145368,0.9735294117647059,0.0,0.0,0.08991861343383786,0.24999999999999994,0.0,0.0
935,"18,247,57,39,171","12487,12327,23976,2951,7184", adjacentregarded déplacementchesн,0.0542354757587115,0.34096033185247376,False,0.022985475758711498,0.022985475758711498,0.006514817476272583,0.625,-0.017954951524734496,-0.008006649712721506,0.020833333333333332,0.9030470567739359,0.9970588235294118,0.2338174747096167,0.10714285714285708,0.0,0.0,0.0,0.0
936,"0,136,100,26,90","30332,2824,14338,15157,23060",lucrarea.... surroundings sporting răspunde,0.12953459521134694,0.3417529463768004,False,0.07953459521134694,0.07953459521134694,0.05558474659919739,1.0,-0.02183505892753601,-0.0034320751825968423,0.0625,0.7599835988928944,0.9823529411764707,0.0,0.0,0.09175294637680051,0.24999999999999994,0.0,0.0
937,"0,189,100,26,82","30332,10646,14338,15157,16771",lucrareatial surroundings sporting posture,0.13976001540819805,0.3424810171127318,False,0.08976001540819804,0.08976001540819804,0.05789337158203125,1.0,-0.021849620342254638,-0.005336736639340718,0.0625,0.7572427738218015,0.9735294117647059,0.0,0.0,0.09248101711273188,0.24999999999999994,0.0,0.0
938,"0,13,8,14,158","30332,28688,17682,6661,17319",lucrarea pistonSportsportenţă,0.13107704917589824,0.34414815902709955,False,0.08107704917589824,0.08107704917589824,0.05762141346931458,1.0,-0.021882963180541993,-0.004326276481151581,0.0625,0.7632561786084269,0.9676470588235294,0.0,0.0,0.09414815902709962,0.24999999999999994,0.0,0.0
939,"0,165,100,26,90","30332,13114,14338,15157,23060",lucrarea-> surroundings sporting răspunde,0.1340361366669337,0.3441725969314575,False,0.0840361366669337,0.0840361366669337,0.05415070652961731,1.0,-0.021883451938629152,-0.0041375185052553816,0.0625,0.7534809705707112,0.9735294117647059,0.0,0.0,0.09417259693145756,0.24999999999999994,0.0,0.0
940,"0,129,41,26,162","30332,17,3852,15157,5290",lucrareat rep sportingizat,0.1331907813747724,0.3444288969039917,False,0.08319078137477239,0.08319078137477239,0.06011846661567688,1.0,-0.021888577938079835,-0.003033223251501719,0.0625,0.7616449365634231,0.9794117647058824,0.0,0.0,0.09442889690399174,0.24999999999999994,0.0,0.0
941,"0,200,0,147,162","30332,3404,30332,18956,5290",lucrareawarelucrareariusizat,0.12373763372500737,0.34551042318344105,False,0.07373763372500737,0.07373763372500737,0.0539586067199707,1.0,-0.021910208463668823,0.0012637600302696228,0.0625,0.7973455956721085,0.9735294117647059,0.0,0.0,0.0955104231834411,0.24999999999999994,0.0,0.0
942,"0,129,105,238,162","30332,17,10924,12740,5290",lucrareatissentvoluizat,0.09829442848761877,0.3462578654289244,False,0.05246109515428543,0.05246109515428543,0.028998136520385742,0.9166666666666666,-0.02192515730857849,-0.003447833160559336,0.0625,0.7779128155493734,0.9705882352941176,0.0,0.0,0.09625786542892446,0.24999999999999994,0.0,0.0
943,"0,129,105,26,210","30332,17,10924,15157,12182",lucrareatissent sporting estim,0.12822678486506145,0.34627446532249445,False,0.07822678486506145,0.07822678486506145,0.055360239744186406,1.0,-0.02692548930644989,-0.001883956293265025,0.041666666666666664,0.7714043980562897,0.9735294117647059,0.0,0.0,0.34627446532249445,0.0,0.0,0.0
944,"118,247,107,77,172","2280,12327,798,6177,13910", kmregarded moment tielebt,0.05620125035444895,0.3466604370919484,False,0.02911791702111562,0.02911791702111562,0.008890223503112794,0.5416666666666666,-0.02182134389877319,-0.011623968680699667,0.041666666666666664,0.8214385039917877,0.961764705882353,0.02940276596281264,0.2261904761904762,0.09106719493865954,0.0,0.0,0.0
945,"8,247,48,26,153","17682,12327,27062,15157,23158",Sportregarded pantalon sporting pierdere,0.0951647569735845,0.34678110480308527,False,0.047248090306917824,0.047248090306917824,0.023879194259643556,0.9583333333333334,-0.026935622096061707,-0.011119196812311808,0.041666666666666664,0.8030101064258022,0.9529411764705882,0.0,0.0,0.34678110480308527,0.0,0.0,0.0
946,"0,169,35,26,210","30332,680,14797,15157,12182",lucrarea siegraphic sporting estim,0.1277677521109581,0.34696716070175154,False,0.0777677521109581,0.0777677521109581,0.05431165099143982,1.0,-0.021939343214035033,-0.002378051479657491,0.0625,0.7789669849758665,0.9852941176470588,0.0,0.0,0.09696716070175161,0.24999999999999994,0.0,0.0
947,"0,129,37,26,158","30332,17,30396,15157,17319",lucrareatelectrique sportingenţă,0.12745389391978582,0.34888270497322066,False,0.07745389391978581,0.07745389391978581,0.05940381288528442,1.0,-0.021977654099464415,-0.0019743492205937705,0.0625,0.7857381536388837,0.9794117647058824,0.0,0.0,0.09888270497322073,0.24999999999999994,0.0,0.0
948,"0,133,151,147,82","30332,121,1110,18956,16771","lucrarea"" seinrius posture",0.11868332872788112,0.34954810142517073,False,0.06868332872788112,0.06868332872788112,0.04882435202598572,1.0,-0.026990962028503415,-0.004879159231980641,0.041666666666666664,0.7580967923130308,0.9852941176470588,0.0,0.0,0.34954810142517073,0.0,0.0,0.0
949,"0,247,41,111,82","30332,12327,3852,6156,16771",lucrarearegarded rep Pas posture,0.12518802831570308,0.35070243477821345,False,0.07518802831570308,0.07518802831570308,0.048744797706604004,1.0,-0.02201404869556427,-0.009840180476506552,0.0625,0.7396106574159318,0.9705882352941176,0.0,0.0,0.10070243477821351,0.24999999999999994,0.0,0.0
950,"118,239,105,26,162","2280,23267,10924,15157,5290", kmtolerantissent sportingizat,0.07789104729890822,0.3537135124206542,False,0.0383077139655749,0.0383077139655749,0.017095261812210084,0.7916666666666666,-0.022074270248413085,-0.009283830722173056,0.0625,0.8644748145207535,0.976470588235294,0.0,0.0,0.10371351242065424,0.24999999999999994,0.0,0.0
951,"0,187,100,26,169","30332,20719,14338,15157,680",lucrarea apărut surroundings sporting sie,0.1339293251434962,0.35403582453727717,False,0.0839293251434962,0.0839293251434962,0.054123330116271975,1.0,-0.022080716490745545,-0.005095005035400391,0.0625,0.7391432011629595,0.976470588235294,0.0,0.0,0.10403582453727724,0.24999999999999994,0.0,0.0
952,"0,129,203,26,82","30332,17,7889,15157,16771",lucrareat assembly sporting posture,0.14142126391331356,0.3543193402513332,False,0.09142126391331355,0.09142126391331355,0.06881445050239562,1.0,-0.02193116843700409,-0.007164895534515381,0.0625,0.6945673571192098,0.9735294117647059,0.0,0.0,0.09655842185020448,0.24999999999999994,0.007760918401128787,0.0
953,"118,35,153,77,57","2280,14797,23158,6177,23976", kmgraphic pierdere tie déplacement,0.06177799353996913,0.3562845053180815,False,0.028444660206635792,0.028444660206635792,0.012483799457550048,0.6666666666666666,-0.02013641595840454,-0.00880302240451177,0.0625,0.8398661296683199,0.9794117647058824,0.0518446597788069,0.04761904761904761,0.00682079792022703,0.24999999999999994,0.0,0.0
954,"0,133,41,26,82","30332,121,3852,15157,16771","lucrarea"" rep sporting posture",0.13500267565250396,0.3567153513431548,False,0.08500267565250397,0.08500267565250397,0.05725163221359253,1.0,-0.022134307026863097,-0.005729600787162781,0.0625,0.7264197613580252,0.9705882352941176,0.0,0.0,0.10671535134315485,0.24999999999999994,0.0,0.0
955,"8,247,24,147,184","17682,12327,29668,18956,20351",Sportregarded Crisisriusüchte,0.06458432376384736,0.3574733667903475,False,0.029161867996056873,0.029167657097180683,0.00542566180229187,0.7083333333333334,-0.021590712666511535,-0.0081691841284434,0.0625,0.8246177622724055,0.9588235294117649,0.02793773346477085,0.0,0.07953563332557673,0.24999999999999994,0.0,0.0
956,"0,41,100,26,82","30332,3852,14338,15157,16771",lucrarea rep surroundings sporting posture,0.13830084403355916,0.3596835136413573,False,0.08830084403355916,0.08830084403355916,0.05994246602058411,1.0,-0.02219367027282715,-0.007513587673505147,0.0625,0.743383807441987,0.9676470588235294,0.0,0.0,0.1096835136413574,0.24999999999999994,0.0,0.0
957,"118,31,48,215,80","2280,8221,27062,6520,8787", kmimage pantalonrib Abs,0.06483068019151687,0.36032322332972555,False,0.03149734685818354,0.03149734685818354,0.013809490203857421,0.6666666666666666,-0.02125408351421356,-0.009871135155359903,0.0625,0.814669728186076,0.988235294117647,0.0,0.04761904761904761,0.062704175710678,0.24999999999999994,0.0,0.0
958,"50,31,7,190,171","21100,8221,6298,11733,7184", Coupeimage Imageusionн,0.06946729222933451,0.36041441559791554,False,0.03196729222933451,0.03196729222933451,0.016034215688705444,0.75,-0.022208288311958313,-0.0070184022188186646,0.0625,0.8079119903995478,0.9823529411764707,0.0,0.0,0.11041441559791562,0.24999999999999994,0.0,0.0
959,"0,219,157,26,90","30332,25895,27499,15157,23060",lucrareafloodedizant sporting răspunde,0.1278225486477216,0.3623470962047576,False,0.0778225486477216,0.0778225486477216,0.05026322603225708,1.0,-0.022246941924095154,-0.001802988350391388,0.0625,0.7521807227864777,0.9823529411764707,0.0,0.0,0.11234709620475766,0.24999999999999994,0.0,0.0
960,"0,217,185,26,82","30332,15296,15058,15157,16771",lucrareaITYtient sporting posture,0.13167726546525954,0.36255839467048645,False,0.08167726546525955,0.08167726546525955,0.05191999673843384,1.0,-0.02225116789340973,-0.005949253837267558,0.0625,0.7586616610150207,0.9647058823529412,0.0,0.0,0.11255839467048649,0.24999999999999994,0.0,0.0
961,"0,169,238,147,210","30332,680,12740,18956,12182",lucrarea sievolurius estim,0.1045694962143898,0.3635722696781157,False,0.058736162881056465,0.058736162881056465,0.02712107300758362,0.9166666666666666,-0.022271445393562316,-0.007567962010701497,0.0625,0.8348788747210295,0.9588235294117649,0.0,0.0,0.11357226967811575,0.24999999999999994,0.0,0.0
962,"83,157,226,190,31","7383,27499,20736,11733,8221", Frontizanteselusionimage,0.05825223525365193,0.36468770579686227,False,0.027002235253651936,0.027002235253651936,0.013110584020614624,0.625,-0.023152387142181395,-0.010671161115169525,0.041666666666666664,0.8594849351493217,0.976470588235294,0.09992549154493545,0.10714285714285708,0.15761935710906974,0.0,0.0,0.0
963,"0,129,74,26,82","30332,17,9633,15157,16771",lucrareat bitte sporting posture,0.13677820861339568,0.36540144681930525,False,0.08677820861339569,0.08677820861339569,0.05808703303337097,1.0,-0.027308028936386106,-0.006323228279749553,0.041666666666666664,0.7454983985995455,0.9852941176470588,0.0,0.0,0.36540144681930525,0.0,0.0,0.0
964,"16,13,100,26,158","20538,28688,14338,15157,17319", trage piston surroundings sportingenţă,0.08927777161200842,0.3686152696609496,False,0.047611104945341744,0.047611104945341744,0.019099831581115723,0.8333333333333334,-0.022372305393218994,-0.010203033685684204,0.0625,0.755734810585661,0.9735294117647059,0.0,0.0,0.11861526966094968,0.24999999999999994,0.0,0.0
965,"0,129,100,26,26","30332,17,14338,15157,15157",lucrareat surroundings sporting sporting,0.13984522273143132,0.36871153116226185,False,0.08984522273143132,0.08984522273143132,0.06185019016265869,1.0,-0.02237423062324524,-0.004463605582714081,0.0625,0.7622339654053041,0.961764705882353,0.0,0.0,0.11871153116226191,0.24999999999999994,0.0,0.0
966,"0,247,41,147,82","30332,12327,3852,18956,16771",lucrarearegarded reprius posture,0.12009481390317281,0.3719108700752257,False,0.0700948139031728,0.0700948139031728,0.045963150262832646,1.0,-0.027438217401504515,-0.005618664125601451,0.041666666666666664,0.751920904796467,0.9735294117647059,0.0,0.0,0.3719108700752257,0.0,0.0,0.0
967,"0,136,41,26,180","30332,2824,3852,15157,31797",lucrarea.... rep sportingscrisă,0.1328021491567294,0.37405240535736084,False,0.08280214915672938,0.08280214915672938,0.05437003374099732,1.0,-0.022481048107147218,-0.002218201756477356,0.0625,0.7866211179846152,0.976470588235294,0.0,0.0,0.12405240535736088,0.24999999999999994,0.0,0.0
968,"199,189,35,62,171","11171,10646,14797,23226,7184",matestialgraphic imobilн,0.05368713835875194,0.37446027994155867,False,0.024520471692085266,0.024520471692085266,0.00948278307914734,0.5833333333333334,-0.020502853393554687,-0.008621613184611002,0.041666666666666664,0.893775429415611,0.9852941176470588,0.18265094359715778,0.16666666666666657,0.02514266967773432,0.0,0.0,0.0
969,"0,8,77,166,210","30332,17682,6177,31468,12182",lucrareaSport tie ingrijire estim,0.12536753515402477,0.3757864534854888,False,0.07536753515402476,0.07536753515402476,0.052240395545959474,1.0,-0.022515729069709778,-0.0015933563311894734,0.0625,0.7809154655230558,0.9852941176470588,0.0,0.0,0.12578645348548886,0.24999999999999994,0.0,0.0
970,"0,129,157,26,59","30332,17,27499,15157,31675",lucrareatizant sporting temporaire,0.13065396050612132,0.37608283758163447,False,0.08065396050612132,0.08065396050612132,0.059959876537323,1.0,-0.02252165675163269,-0.0005931283036867777,0.0625,0.7834238746797334,0.9941176470588234,0.0,0.0,0.12608283758163452,0.24999999999999994,0.0,0.0
971,"0,169,35,26,169","30332,680,14797,15157,680",lucrarea siegraphic sporting sie,0.13202328532934188,0.3770049214363097,False,0.08202328532934189,0.08202328532934189,0.058493304252624514,1.0,-0.022540098428726195,-0.0007485002279281616,0.0625,0.778657997627675,0.976470588235294,0.0,0.0,0.12700492143630973,0.24999999999999994,0.0,0.0
972,"0,219,35,26,90","30332,25895,14797,15157,23060",lucrareafloodedgraphic sporting răspunde,0.13038532982269924,0.3776300251483916,False,0.08038532982269923,0.08038532982269923,0.05209971666336059,1.0,-0.022552600502967833,-0.0017805372675259907,0.0625,0.7628194435556995,0.9588235294117649,0.0,0.0,0.12763002514839164,0.24999999999999994,0.0,0.0
973,"170,200,27,8,153","13602,3404,2600,17682,23158",ffenware sportSport pierdere,0.0624466930826505,0.37798550677677917,False,0.02904241035381953,0.02911335974931717,0.006121969223022461,0.6666666666666666,-0.025968936085700986,-0.008675535519917807,0.041666666666666664,0.8480230714670061,0.9794117647058824,0.031919654872682286,0.04761904761904761,0.29844680428504927,0.0,0.0,0.0
974,"0,129,77,26,158","30332,17,6177,15157,17319",lucrareat tie sportingenţă,0.1348295713464419,0.3800647258758544,False,0.08482957134644191,0.08482957134644191,0.05880984663963318,1.0,-0.02260129451751709,-0.0012617160876592,0.0625,0.7475743180954894,0.9852941176470588,0.0,0.0,0.13006472587585444,0.24999999999999994,0.0,0.0
975,"0,109,185,26,82","30332,12922,15058,15157,16771",lucrareaketttient sporting posture,0.1306017145514488,0.3803645968437194,False,0.08060171455144882,0.08060171455144882,0.056775337457656866,1.0,-0.02760729193687439,-0.0030485565463701883,0.041666666666666664,0.7772723788698968,0.9794117647058824,0.0,0.0,0.3803645968437194,0.0,0.0,0.0
976,"0,29,185,215,169","30332,28935,15058,6520,680",lucrarea Squadtientrib sie,0.1214214990536372,0.3806774616241455,False,0.07142149905363719,0.07142149905363719,0.045958638191223145,1.0,-0.02261354923248291,0.0008063366015752157,0.0625,0.8003708620067752,0.9735294117647059,0.0,0.0,0.13067746162414556,0.24999999999999994,0.0,0.0
977,"17,37,77,200,184","25272,30396,6177,3404,20351", graficelectrique tiewareüchte,0.05246914277474085,0.38115729746364413,False,0.025350995361804962,0.02538580944140752,0.007489478588104248,0.5416666666666666,-0.019392701983451843,-0.008791295190652212,0.020833333333333332,0.8532165752762418,0.9676470588235294,0.1549668212731679,0.2261904761904762,0.0,0.0,0.0,0.0
978,"0,186,0,147,169","30332,10443,30332,18956,680",lucrareaûlucrarearius sie,0.1253086358308792,0.38180816173553456,False,0.07530863583087921,0.07530863583087921,0.052087205648422244,1.0,-0.022636163234710693,0.00012246519327163696,0.0625,0.7627465000023542,0.976470588235294,0.0,0.0,0.1318081617355346,0.24999999999999994,0.0,0.0
979,"155,133,157,26,158","31308,121,27499,15157,17319"," mănânc""izant sportingenţă",0.06922753105560939,0.3838294176828293,False,0.035894197722276054,0.035894197722276054,0.011030638217926027,0.6666666666666666,-0.026724207401275634,-0.008966314295927683,0.041666666666666664,0.844594338515053,0.9705882352941176,0.0,0.04761904761904761,0.3362103700637817,0.0,0.0,0.0
980,"0,86,105,26,82","30332,16233,10924,15157,16771",lucrarea Crewissent sporting posture,0.13779832472403844,0.38395750522613514,False,0.08779832472403844,0.08779832472403844,0.058863776922225955,1.0,-0.022679150104522705,-0.005934012432893117,0.0625,0.705309125130459,0.9705882352941176,0.0,0.0,0.13395750522613523,0.24999999999999994,0.0,0.0
981,"0,133,35,26,59","30332,121,14797,15157,31675","lucrarea""graphic sporting temporaire",0.13300207058588664,0.38550052046775807,False,0.08300207058588664,0.08300207058588664,0.06274523138999939,1.0,-0.022710010409355164,-0.0014343286554018657,0.0625,0.7821027086913132,0.9794117647058824,0.0,0.0,0.13550052046775815,0.24999999999999994,0.0,0.0
982,"0,149,35,26,54","30332,18457,14797,15157,7818",lucrarea varstagraphic sportingroc,0.12855832328399022,0.3861779272556304,False,0.07855832328399022,0.07855832328399022,0.056738507747650144,1.0,-0.02272355854511261,-0.0018165409564971924,0.0625,0.7823472432701467,0.9676470588235294,0.0,0.0,0.13617792725563044,0.24999999999999994,0.0,0.0
983,"0,122,185,147,90","30332,12759,15058,18956,23060",lucrarea beneathtientrius răspunde,0.11541043023268382,0.3864315450191498,False,0.06541043023268382,0.06541043023268382,0.046891629695892334,1.0,-0.022728630900382997,-0.0020778278509775796,0.0625,0.7974565161865604,0.9794117647058824,0.0,0.0,0.13643154501914984,0.24999999999999994,0.0,0.0
984,"0,202,105,26,82","30332,5457,10924,15157,16771",lucrareanchissent sporting posture,0.13429346730311711,0.38812482357025135,False,0.08429346730311711,0.08429346730311711,0.05783111453056335,1.0,-0.027762496471405027,-0.003307590881983439,0.041666666666666664,0.7584130354220842,0.9852941176470588,0.0,0.0,0.38812482357025135,0.0,0.0,0.0
985,"0,47,105,26,82","30332,27265,10924,15157,16771",lucrarea klickenissent sporting posture,0.13188147594531377,0.3885151743888854,False,0.08188147594531377,0.08188147594531377,0.05519479513168335,1.0,-0.02277030348777771,-0.004125279684861501,0.0625,0.7633857016587056,0.9735294117647059,0.0,0.0,0.13851517438888544,0.24999999999999994,0.0,0.0
986,"0,136,100,39,169","30332,2824,14338,2951,680",lucrarea.... surroundingsches sie,0.11522965927918752,0.3894880712032317,False,0.06522965927918752,0.06522965927918752,0.04198474287986755,1.0,-0.022789761424064636,-0.0034107640385627747,0.0625,0.7932863062256821,0.9794117647058824,0.0,0.0,0.13948807120323178,0.24999999999999994,0.0,0.0
987,"69,247,105,215,82","22208,12327,10924,6520,16771", déplacregardedissentrib posture,0.05264024237791698,0.39021301931805064,False,0.023293609420458477,0.023473575711250305,0.005741798877716065,0.5833333333333334,-0.01744067668914795,-0.010057503978411356,0.020833333333333332,0.8448077659489149,0.9823529411764707,0.22354635265138406,0.16666666666666657,0.0,0.0,0.0,0.0
988,"0,31,185,215,162","30332,8221,15058,6520,5290",lucrareaimagetientribizat,0.10673141032457352,0.39027559757232655,False,0.05673141032457352,0.05673141032457352,0.03918408751487732,1.0,-0.022805511951446533,-0.0022983352343241372,0.0625,0.8116720954938406,0.9647058823529412,0.0,0.0,0.14027559757232663,0.24999999999999994,0.0,0.0
989,"0,123,185,147,169","30332,22250,15058,18956,680",lucrarea papatientrius sie,0.11744120766719182,0.3914349079132079,False,0.06744120766719182,0.06744120766719182,0.046173906326293944,1.0,-0.02282869815826416,-0.004551974435647328,0.0625,0.8002057548526953,0.976470588235294,0.0,0.0,0.14143490791320798,0.24999999999999994,0.0,0.0
990,"0,131,0,200,190","30332,30173,30332,3404,11733",lucrarea machiajlucrareawareusion,0.11972579161326091,0.3935800790786742,False,0.06972579161326091,0.06972579161326091,0.048011744022369386,1.0,-0.022871601581573486,0.001928485929965973,0.0625,0.7981759171571188,0.976470588235294,0.0,0.0,0.14358007907867426,0.24999999999999994,0.0,0.0
991,"0,169,94,39,45","30332,680,18852,2951,25231",lucrarea siekapchesffentlichkeit,0.11694244345029195,0.39420950412750233,False,0.06694244345029195,0.06694244345029195,0.04611976146697998,1.0,-0.02288419008255005,-0.0034424041708310447,0.0625,0.7537480443215837,0.9676470588235294,0.0,0.0,0.1442095041275024,0.24999999999999994,0.0,0.0
992,"0,35,122,86,171","30332,14797,12759,16233,7184",lucrareagraphic beneath Crewн,0.1281603455543518,0.39478415250778187,False,0.0781603455543518,0.0781603455543518,0.05991151332855225,1.0,-0.027895683050155638,-0.006267830729484558,0.041666666666666664,0.7343330176562766,0.9794117647058824,0.0,0.0,0.39478415250778187,0.0,0.0,0.0
993,"178,136,241,134,0","30831,2824,31980,28448,30332",Totusi....réglage senzatilucrarea,0.11285594900449117,0.3994557559490203,False,0.06285594900449117,0.06285594900449117,0.03478407859802246,1.0,-0.022989115118980406,-0.0034586365024248758,0.0625,0.8091650757381791,0.9529411764705882,0.0,0.0,0.1494557559490203,0.24999999999999994,0.0,0.0
994,"0,129,105,26,162","30332,17,10924,15157,5290",lucrareatissent sportingizat,0.12659502327442168,0.4009439349174499,False,0.07659502327442169,0.07659502327442169,0.05293296575546265,1.0,-0.023018878698349,-0.0011449332038561504,0.0625,0.8103888292775817,0.9823529411764707,0.0,0.0,0.15094393491744995,0.24999999999999994,0.0,0.0
995,"0,41,46,26,82","30332,3852,18927,15157,16771",lucrarea rep rar sporting posture,0.1372752567132314,0.4018704891204833,False,0.0872752567132314,0.0872752567132314,0.059416848421096805,1.0,-0.023037409782409667,-0.007046155631542206,0.0625,0.7266404445527491,0.9647058823529412,0.0,0.0,0.15187048912048332,0.24999999999999994,0.0,0.0
996,"170,13,157,26,158","13602,28688,27499,15157,17319",ffen pistonizant sportingenţă,0.07216078688700994,0.40189537405967707,False,0.03674412022034327,0.03674412022034327,0.011156052350997925,0.7083333333333334,-0.023037907481193543,-0.007997803390026093,0.0625,0.8577080456276206,0.9676470588235294,0.0,0.0,0.15189537405967712,0.24999999999999994,0.0,0.0
997,"0,133,151,26,158","30332,121,1110,15157,17319","lucrarea"" sein sportingenţă",0.12648036628961562,0.40226581692695607,False,0.07648036628961563,0.07648036628961563,0.04999991059303284,1.0,-0.023045316338539124,-0.007248687247435252,0.0625,0.764449982837038,0.9852941176470588,0.0,0.0,0.15226581692695615,0.24999999999999994,0.0,0.0
998,"0,247,8,190,82","30332,12327,17682,11733,16771",lucrarearegardedSportusion posture,0.12323325922091802,0.402657926082611,False,0.07323325922091801,0.07323325922091801,0.053046154975891116,1.0,-0.02805315852165222,-0.003893837332725525,0.041666666666666664,0.7546613439228332,0.9647058823529412,0.0,0.0,0.402657926082611,0.0,0.0,0.0
999,"0,129,217,26,158","30332,17,15296,15157,17319",lucrareatITY sportingenţă,0.13261792361736296,0.4027538299560546,False,0.08261792361736298,0.08261792361736298,0.0572037398815155,1.0,-0.023055076599121094,-0.0007701317469278971,0.0625,0.7732935974934588,0.976470588235294,0.0,0.0,0.15275382995605466,0.24999999999999994,0.0,0.0
1000,"0,12,186,14,45","30332,12337,10443,6661,25231",lucrarea mobilityûsportffentlichkeit,0.120811927318573,0.403067648410797,False,0.070811927318573,0.070811927318573,0.05203526020050049,1.0,-0.02306135296821594,-0.004269175231456757,0.0625,0.7620957200042021,0.9705882352941176,0.0,0.0,0.15306764841079706,0.24999999999999994,0.0,0.0
1001,"0,129,10,26,82","30332,17,15854,15157,16771",lucrareat realm sporting posture,0.13677117774883907,0.403086483478546,False,0.08677117774883907,0.08677117774883907,0.057722508907318115,1.0,-0.02806172966957092,-0.0041414350271224976,0.041666666666666664,0.7558766066782486,0.9794117647058824,0.0,0.0,0.403086483478546,0.0,0.0,0.0
1002,"0,169,8,26,158","30332,680,17682,15157,17319",lucrarea sieSport sportingenţă,0.13409097294012706,0.40338549017906183,False,0.08409097294012706,0.08409097294012706,0.05695350170135498,1.0,-0.02306770980358124,-0.0013082002600034077,0.0625,0.7870204163988532,0.9676470588235294,0.0,0.0,0.1533854901790619,0.24999999999999994,0.0,0.0
1003,"0,41,134,26,159","30332,3852,28448,15157,3077",lucrarea rep senzati sportingige,0.13144560207923253,0.404501587152481,False,0.08144560207923253,0.08144560207923253,0.0568847119808197,1.0,-0.023090031743049622,-0.00027588258186976117,0.0625,0.7978072627541803,0.9647058823529412,0.0,0.0,0.15450158715248108,0.24999999999999994,0.0,0.0
1004,"0,136,105,200,54","30332,2824,10924,3404,7818",lucrarea....issentwareroc,0.11136403977870941,0.4047151207923888,False,0.06136403977870941,0.06136403977870941,0.04023563861846924,1.0,-0.023094302415847777,-0.003458656370639801,0.0625,0.7324364852693003,0.9470588235294116,0.0,0.0,0.15471512079238883,0.24999999999999994,0.0,0.0
1005,"0,57,151,238,158","30332,23976,1110,12740,17319",lucrarea déplacement seinvoluenţă,0.10782680213451386,0.404748797416687,False,0.057826802134513855,0.057826802134513855,0.031607961654663085,1.0,-0.02309497594833374,-0.007800469795862834,0.0625,0.783231751394785,0.9705882352941176,0.0,0.0,0.15474879741668707,0.24999999999999994,0.0,0.0
1006,"0,133,105,26,82","30332,121,10924,15157,16771","lucrarea""issent sporting posture",0.13504079778989156,0.4049474298954009,False,0.08504079778989156,0.08504079778989156,0.056039160490036016,1.0,-0.02309894859790802,-0.004313426713148753,0.0625,0.7541718888204394,0.9794117647058824,0.0,0.0,0.15494742989540095,0.24999999999999994,0.0,0.0
1007,"0,133,100,147,31","30332,121,14338,18956,8221","lucrarea"" surroundingsriusimage",0.11662674248218537,0.40673720836639393,False,0.06662674248218536,0.06662674248218536,0.04502782821655273,1.0,-0.02313474416732788,-0.0037307615081469216,0.0625,0.807093633201065,0.9647058823529412,0.0,0.0,0.15673720836639396,0.24999999999999994,0.0,0.0
1008,"0,13,105,200,31","30332,28688,10924,3404,8221",lucrarea pistonissentwareimage,0.11392942368984223,0.40719586610794056,False,0.06392942368984222,0.06392942368984222,0.04985628128051758,1.0,-0.023143917322158813,-0.003930218517780304,0.0625,0.7921227600636438,0.9676470588235294,0.0,0.0,0.15719586610794065,0.24999999999999994,0.0,0.0
1009,"0,247,100,77,78","30332,12327,14338,6177,20961",lucrarearegarded surroundings tieKING,0.126384740571181,0.4076905846595763,False,0.07638474057118098,0.07638474057118098,0.055118215084075925,1.0,-0.02315381169319153,-0.004317266245683034,0.0625,0.7608382348956865,0.9647058823529412,0.0,0.0,0.1576905846595764,0.24999999999999994,0.0,0.0
1010,"104,122,157,133,153","15091,12759,27499,121,23158","spieler beneathizant"" pierdere",0.07045177718003592,0.4078106880187987,False,0.03295177718003591,0.03295177718003591,0.015144014358520507,0.75,-0.023156213760375976,-0.011314692596594492,0.0625,0.8155561660343477,0.9852941176470588,0.0,0.0,0.15781068801879877,0.24999999999999994,0.0,0.0
1011,"0,41,134,26,82","30332,3852,28448,15157,16771",lucrarea rep senzati sporting posture,0.13778621753056844,0.40871667861938465,False,0.08778621753056844,0.08778621753056844,0.05859864354133606,1.0,-0.023174333572387695,-0.00388214240471522,0.0625,0.7467249309409804,0.9676470588235294,0.0,0.0,0.1587166786193847,0.24999999999999994,0.0,0.0
1012,"0,13,35,14,169","30332,28688,14797,6661,680",lucrarea pistongraphicsport sie,0.1292693148056666,0.4088159203529357,False,0.07926931480566661,0.07926931480566661,0.054135143756866455,1.0,-0.023176318407058714,-0.0017561291654904683,0.0625,0.7595089640680056,0.9794117647058824,0.0,0.0,0.1588159203529357,0.24999999999999994,0.0,0.0
1013,"0,136,41,26,54","30332,2824,3852,15157,7818",lucrarea.... rep sportingroc,0.13198406795660655,0.4090205132961272,False,0.08198406795660655,0.08198406795660655,0.05685086250305176,1.0,-0.023180410265922546,-0.002648321290810903,0.0625,0.7537662609126836,0.9735294117647059,0.0,0.0,0.1590205132961273,0.24999999999999994,0.0,0.0
1014,"0,129,88,26,158","30332,17,11461,15157,17319",lucrareat physique sportingenţă,0.12992871354023616,0.40945830941200256,False,0.07992871354023616,0.07992871354023616,0.06405794024467468,1.0,-0.023189166188240053,-0.0032026891907056174,0.0625,0.7755438096279779,0.9823529411764707,0.0,0.0,0.15945830941200262,0.24999999999999994,0.0,0.0
1015,"0,219,74,26,169","30332,25895,9633,15157,680",lucrareaflooded bitte sporting sie,0.13160532265901564,0.4102480709552765,False,0.08160532265901566,0.08160532265901566,0.04901282787322998,1.0,-0.02320496141910553,-0.006785196562608083,0.0625,0.7444060206451097,0.9558823529411766,0.0,0.0,0.16024807095527654,0.24999999999999994,0.0,0.0
1016,"0,233,74,26,169","30332,8216,9633,15157,680",lucrarea termen bitte sporting sie,0.1232760454217593,0.410890758037567,False,0.07327604542175929,0.07327604542175929,0.04628295302391052,1.0,-0.023217815160751342,-0.00814120223124822,0.0625,0.7527667412594905,0.9823529411764707,0.0,0.0,0.16089075803756708,0.24999999999999994,0.0,0.0
1017,"0,169,35,26,90","30332,680,14797,15157,23060",lucrarea siegraphic sporting răspunde,0.13107006798187892,0.41096824407577504,False,0.08107006798187892,0.08107006798187892,0.055955934524536136,1.0,-0.023219364881515502,-0.000799293319384257,0.0625,0.7744583014896772,0.9794117647058824,0.0,0.0,0.1609682440757751,0.24999999999999994,0.0,0.0
1018,"0,169,41,26,54","30332,680,3852,15157,7818",lucrarea sie rep sportingroc,0.13433593809604644,0.41136223077774037,False,0.08433593809604645,0.08433593809604645,0.06006670594215393,1.0,-0.02322724461555481,-0.0018179242809613545,0.0625,0.7571273763485198,0.9735294117647059,0.0,0.0,0.16136223077774045,0.24999999999999994,0.0,0.0
1019,"0,11,100,190,158","30332,9161,14338,11733,17319",lucrarea bro surroundingsusionenţă,0.11722916911045711,0.4118970334529876,False,0.06722916911045711,0.06722916911045711,0.0453499436378479,1.0,-0.023237940669059754,-0.0034538557132085166,0.0625,0.8109442809282403,0.976470588235294,0.0,0.0,0.16189703345298767,0.24999999999999994,0.0,0.0
1020,"0,115,100,26,169","30332,29508,14338,15157,680",lucrarea pantofi surroundings sporting sie,0.13413163075844448,0.4132964015007018,False,0.08413163075844447,0.08413163075844447,0.05849732756614685,1.0,-0.023265928030014038,-0.0021889383594195047,0.0625,0.747514342284961,0.9647058823529412,0.0,0.0,0.16329640150070188,0.24999999999999994,0.0,0.0
1021,"0,133,100,26,82","30332,121,14338,15157,16771","lucrarea"" surroundings sporting posture",0.13561235417922338,0.41391196846961964,False,0.08561235417922337,0.08561235417922337,0.06055547595024109,1.0,-0.023278239369392394,-0.00527491420507431,0.0625,0.7444077188019071,0.976470588235294,0.0,0.0,0.1639119684696197,0.24999999999999994,0.0,0.0
1022,"149,136,94,38,161","18457,2824,18852,25012,7890", varsta....kap captionintérieur,0.05598485618829727,0.41463221822466156,False,0.03091391921043396,0.03098485618829727,0.009174835681915284,0.5,-0.02257835865020752,-0.012368435660998026,0.041666666666666664,0.8508669437801264,0.961764705882353,0.0,0.28571428571428564,0.12891793251037595,0.0,0.0,0.0
1023,"0,13,8,39,158","30332,28688,17682,2951,17319",lucrarea pistonSportchesenţă,0.1290146936972936,0.41474270820617665,False,0.0790146936972936,0.0790146936972936,0.05525109767913818,1.0,-0.023294854164123534,-0.0022564480702082315,0.0625,0.7373588243135606,0.9823529411764707,0.0,0.0,0.1647427082061767,0.24999999999999994,0.0,0.0
1024,"0,129,100,26,59","30332,17,14338,15157,31675",lucrareat surroundings sporting temporaire,0.13712750673294066,0.41503581404685974,False,0.08712750673294067,0.08712750673294067,0.060370814800262455,1.0,-0.023300716280937196,-0.004151163001855214,0.0625,0.7663205797383804,0.961764705882353,0.0,0.0,0.1650358140468598,0.24999999999999994,0.0,0.0
1025,"221,169,0,26,210","23481,680,30332,15157,12182", Ensemble sielucrarea sporting estim,0.12489808897177379,0.4186359345912931,False,0.07489808897177379,0.07489808897177379,0.04713169932365418,1.0,-0.023372718691825865,-0.00689139465490977,0.0625,0.7700666364446216,0.9735294117647059,0.0,0.0,0.1686359345912932,0.24999999999999994,0.0,0.0
1026,"0,133,100,26,57","30332,121,14338,15157,23976","lucrarea"" surroundings sporting déplacement",0.13458437770605086,0.42003157734870905,False,0.08458437770605087,0.08458437770605087,0.053821867704391485,1.0,-0.023400631546974183,-0.004681852956612905,0.0625,0.7803298329947698,0.9735294117647059,0.0,0.0,0.1700315773487091,0.24999999999999994,0.0,0.0
1027,"0,169,0,26,131","30332,680,30332,15157,30173",lucrarea sielucrarea sporting machiaj,0.14194053709506987,0.4201934039592742,False,0.09194053709506989,0.09194053709506989,0.07012283205986022,1.0,-0.023403868079185486,0.004080243408679962,0.0625,0.7417431564088091,0.9852941176470588,0.0,0.0,0.17019340395927426,0.24999999999999994,0.0,0.0
1028,"0,247,3,38,159","30332,12327,22526,25012,3077",lucrarearegarded martial captionige,0.11680791328350704,0.42160737514495844,False,0.06680791328350703,0.06680791328350703,0.051674526929855344,1.0,-0.02343214750289917,-0.0026026442646980286,0.0625,0.7918635595851958,0.976470588235294,0.0,0.0,0.1716073751449585,0.24999999999999994,0.0,0.0
1029,"0,219,94,190,210","30332,25895,18852,11733,12182",lucrareafloodedkapusion estim,0.11250504950682322,0.42196589708328236,False,0.06458838284015656,0.06458838284015656,0.028740364313125613,0.9583333333333334,-0.02343931794166565,-0.004260348776976268,0.0625,0.8237998682075948,0.9382352941176471,0.0,0.0,0.17196589708328244,0.24999999999999994,0.0,0.0
1030,"0,13,114,26,82","30332,28688,21415,15157,16771",lucrarea pistonRAL sporting posture,0.13687076965967815,0.423415184020996,False,0.08687076965967815,0.08687076965967815,0.0632185697555542,1.0,-0.02346830368041992,-0.0036809047063191733,0.0625,0.7556330755557045,0.9794117647058824,0.0,0.0,0.17341518402099604,0.24999999999999994,0.0,0.0
1031,"0,41,100,26,45","30332,3852,14338,15157,25231",lucrarea rep surroundings sportingffentlichkeit,0.1354547421137492,0.425096035003662,False,0.08545474211374919,0.08545474211374919,0.058732807636260986,1.0,-0.02350192070007324,-0.003307869036992391,0.0625,0.7289449205158414,0.9794117647058824,0.0,0.0,0.17509603500366205,0.24999999999999994,0.0,0.0
1032,"0,157,74,215,125","30332,27499,9633,6520,19020",lucrareaizant bitterib humaine,0.11918373455603917,0.4257808029651641,False,0.06918373455603917,0.06918373455603917,0.049044132232666016,1.0,-0.02851561605930328,-0.0020706976453463235,0.041666666666666664,0.7705093150461401,0.976470588235294,0.0,0.0,0.4257808029651641,0.0,0.0,0.0
1033,"0,247,8,26,131","30332,12327,17682,15157,30173",lucrarearegardedSport sporting machiaj,0.12772592703501384,0.4305887520313262,False,0.07772592703501384,0.07772592703501384,0.0527015745639801,1.0,-0.023611775040626524,-0.0028108234206835427,0.0625,0.7682366409285274,0.9823529411764707,0.0,0.0,0.1805887520313262,0.24999999999999994,0.0,0.0
1034,"0,31,0,147,180","30332,8221,30332,18956,31797",lucrareaimagelucrareariusscrisă,0.13272319038709005,0.43094414472579945,False,0.08272319038709004,0.08272319038709004,0.06508191227912903,1.0,-0.02361888289451599,0.0009044855833053589,0.0625,0.7603478535259486,0.976470588235294,0.0,0.0,0.18094414472579948,0.24999999999999994,0.0,0.0
1035,"0,31,100,190,90","30332,8221,14338,11733,23060",lucrareaimage surroundingsusion răspunde,0.11674345831076305,0.4310939013957976,False,0.06674345831076305,0.06674345831076305,0.052061283588409425,1.0,-0.023621878027915953,-0.0031275302171707153,0.0625,0.7740361551476188,0.95,0.0,0.0,0.18109390139579765,0.24999999999999994,0.0,0.0
1036,"0,13,35,14,158","30332,28688,14797,6661,17319",lucrarea pistongraphicsportenţă,0.12679763436317443,0.4320909380912781,False,0.07679763436317444,0.07679763436317444,0.055661064386367795,1.0,-0.023641818761825563,-0.0017865747213363647,0.0625,0.7716887621309182,0.9676470588235294,0.0,0.0,0.18209093809127813,0.24999999999999994,0.0,0.0
1037,"0,219,8,238,159","30332,25895,17682,12740,3077",lucrareafloodedSportvoluige,0.12218232254187267,0.43390992283821095,False,0.07218232254187266,0.07218232254187266,0.043649494647979736,1.0,-0.02367819845676422,-0.005090186993281047,0.0625,0.7583840123786368,0.9588235294117649,0.0,0.0,0.18390992283821103,0.24999999999999994,0.0,0.0
1038,"0,13,157,26,54","30332,28688,27499,15157,7818",lucrarea pistonizant sportingroc,0.134470530351003,0.4348643422126769,False,0.084470530351003,0.084470530351003,0.060841208696365355,1.0,-0.02369728684425354,-0.001601216693719228,0.0625,0.7636073111207734,0.9794117647058824,0.0,0.0,0.18486434221267697,0.24999999999999994,0.0,0.0
1039,"0,129,35,26,233","30332,17,14797,15157,8216",lucrareatgraphic sporting termen,0.12925354192654293,0.43572846055030817,False,0.07925354192654292,0.07925354192654292,0.04962106943130493,1.0,-0.023714569211006165,-0.00014594693978627524,0.0625,0.7713160939028221,0.9823529411764707,0.0,0.0,0.18572846055030823,0.24999999999999994,0.0,0.0
1040,"0,57,157,38,144","30332,23976,27499,25012,9175",lucrarea déplacementizant caption|,0.12030751059452693,0.43607744574546803,False,0.07030751059452693,0.07030751059452693,0.05428940653800964,1.0,-0.023721548914909362,-0.003046835462252299,0.0625,0.795255396221277,0.9705882352941176,0.0,0.0,0.18607744574546808,0.24999999999999994,0.0,0.0
1041,"0,129,100,26,31","30332,17,14338,15157,8221",lucrareat surroundings sportingimage,0.13655874679485958,0.4365437030792235,False,0.08655874679485957,0.08655874679485957,0.05953560471534729,1.0,-0.023730874061584473,-0.003688941399256388,0.0625,0.745167103646151,0.9647058823529412,0.0,0.0,0.1865437030792236,0.24999999999999994,0.0,0.0
1042,"0,123,186,26,142","30332,22250,10443,15157,3416",lucrarea papaû sporting €,0.11943139682213466,0.4366244673728942,False,0.06943139682213466,0.06943139682213466,0.05068045258522034,1.0,-0.023732489347457884,-0.004025623202323914,0.0625,0.7809983664503498,0.976470588235294,0.0,0.0,0.1866244673728942,0.24999999999999994,0.0,0.0
1043,"0,13,35,26,90","30332,28688,14797,15157,23060",lucrarea pistongraphic sporting răspunde,0.13590462307135265,0.43662849068641657,False,0.08590462307135265,0.08590462307135265,0.06312704086303711,1.0,-0.023732569813728333,-0.0032304227352142334,0.0625,0.7586816529518635,0.9676470588235294,0.0,0.0,0.18662849068641663,0.24999999999999994,0.0,0.0
1044,"0,169,77,46,82","30332,680,6177,18927,16771",lucrarea sie tie rar posture,0.12244216899077098,0.43875026702880837,False,0.07244216899077098,0.07244216899077098,0.05731801986694336,1.0,-0.02377500534057617,-0.004967163006464641,0.0625,0.7257657394241689,0.988235294117647,0.0,0.0,0.18875026702880845,0.24999999999999994,0.0,0.0
1045,"118,169,105,147,153","2280,680,10924,18956,23158", km sieissentrius pierdere,0.050879272073507315,0.43910240819529883,False,0.02361264203985532,0.023795938740173977,0.005325376987457276,0.5416666666666666,-0.014705207943916321,-0.005765097836653392,0.0,0.8674072225541776,0.9705882352941176,0.21291193200482264,0.2261904761904762,0.0,0.0,0.0,0.0
1046,"0,31,41,26,158","30332,8221,3852,15157,17319",lucrareaimage rep sportingenţă,0.13262390146652858,0.444089353084564,False,0.08262390146652858,0.08262390146652858,0.06146264672279358,1.0,-0.023881787061691282,-0.00290612131357193,0.0625,0.7624757983710508,0.9735294117647059,0.0,0.0,0.19408935308456407,0.24999999999999994,0.0,0.0
1047,"0,136,100,26,82","30332,2824,14338,15157,16771",lucrarea.... surroundings sporting posture,0.13517701178789138,0.4449668824672698,False,0.08517701178789139,0.08517701178789139,0.05943479537963867,1.0,-0.023899337649345397,-0.007310812671979268,0.0625,0.7478346764081174,0.9705882352941176,0.0,0.0,0.19496688246726981,0.24999999999999994,0.0,0.0
1048,"0,189,134,86,54","30332,10646,28448,16233,7818",lucrareatial senzati Crewroc,0.1266688734292984,0.44572073221206654,False,0.0766688734292984,0.0766688734292984,0.048882925510406496,1.0,-0.023914414644241332,-0.005126665035883586,0.0625,0.7389696804138377,0.9588235294117649,0.0,0.0,0.1957207322120666,0.24999999999999994,0.0,0.0
1049,"0,189,134,26,82","30332,10646,28448,15157,16771",lucrareatial senzati sporting posture,0.13779113243023555,0.447039633989334,False,0.08779113243023555,0.08779113243023555,0.06074050068855286,1.0,-0.02394079267978668,-0.002506829798221588,0.0625,0.7580507105126635,0.976470588235294,0.0,0.0,0.19703963398933402,0.24999999999999994,0.0,0.0
1050,"71,122,100,215,169","25688,12759,14338,6520,680", correspondent beneath surroundingsrib sie,0.07088291496038437,0.4503682553768157,False,0.03338291496038437,0.03338291496038437,0.011850494146347045,0.75,-0.024007365107536316,-0.010738469660282135,0.0625,0.7959995748432891,0.976470588235294,0.0,0.0,0.20036825537681577,0.24999999999999994,0.0,0.0
1051,"0,136,100,8,169","30332,2824,14338,17682,680",lucrarea.... surroundingsSport sie,0.12672169556220372,0.4517637491226195,False,0.07672169556220372,0.07672169556220372,0.055352813005447386,1.0,-0.024035274982452393,-0.0037272870540618896,0.0625,0.7651936211364327,0.976470588235294,0.0,0.0,0.2017637491226196,0.24999999999999994,0.0,0.0
1052,"0,133,134,26,31","30332,121,28448,15157,8221","lucrarea"" senzati sportingimage",0.1319998284180959,0.4526867270469665,False,0.0819998284180959,0.0819998284180959,0.05760470628738403,1.0,-0.024053734540939332,-0.002504164973894755,0.0625,0.7656022594130568,0.9705882352941176,0.0,0.0,0.20268672704696655,0.24999999999999994,0.0,0.0
1053,"0,133,105,26,31","30332,121,10924,15157,8221","lucrarea""issent sportingimage",0.13099971959988277,0.45307177305221535,False,0.08099971959988277,0.08099971959988277,0.06411067247390748,1.0,-0.02406143546104431,-0.0030264928936958313,0.0625,0.767841819473119,0.9823529411764707,0.0,0.0,0.20307177305221544,0.24999999999999994,0.0,0.0
1054,"0,13,157,215,48","30332,28688,27499,6520,27062",lucrarea pistonizantrib pantalon,0.12425455749034882,0.45329767465591425,False,0.07425455749034882,0.07425455749034882,0.054780983924865724,1.0,-0.024065953493118287,-0.002385050058364868,0.0625,0.7569978532982412,0.9647058823529412,0.0,0.0,0.2032976746559143,0.24999999999999994,0.0,0.0
1055,"0,200,96,26,171","30332,3404,11564,15157,7184",lucrareawaretata sportingн,0.12244080305099488,0.4560718238353728,False,0.07244080305099487,0.07244080305099487,0.054306161403656,1.0,-0.024121436476707458,-0.004294502238432567,0.0625,0.8013402007823408,0.9823529411764707,0.0,0.0,0.20607182383537287,0.24999999999999994,0.0,0.0
1056,"0,200,238,10,169","30332,3404,12740,15854,680",lucrareawarevolu realm sie,0.11342521061499913,0.457074075937271,False,0.06342521061499913,0.06342521061499913,0.04104287028312683,1.0,-0.02414148151874542,-0.007885960241158804,0.0625,0.7572704846531781,0.9823529411764707,0.0,0.0,0.20707407593727103,0.24999999999999994,0.0,0.0
1057,"0,169,182,26,90","30332,680,1575,15157,23060",lucrarea sietion sporting răspunde,0.1328839937845866,0.45737820863723755,False,0.0828839937845866,0.0828839937845866,0.0582211971282959,1.0,-0.024147564172744752,0.0007884949445724487,0.0625,0.7670818171173125,0.9794117647058824,0.0,0.0,0.2073782086372376,0.24999999999999994,0.0,0.0
1058,"0,41,100,26,180","30332,3852,14338,15157,31797",lucrarea rep surroundings sportingscrisă,0.13459550887346267,0.45902663469314564,False,0.08459550887346268,0.08459550887346268,0.05965906381607056,1.0,-0.029180532693862914,-0.003916194041570027,0.041666666666666664,0.7915419132499688,0.9588235294117649,0.0,0.0,0.45902663469314564,0.0,0.0,0.0
1059,"0,169,100,26,82","30332,680,14338,15157,16771",lucrarea sie surroundings sporting posture,0.13539822200934093,0.4596452713012694,False,0.08539822200934093,0.08539822200934093,0.052425998449325564,1.0,-0.02419290542602539,-0.00455163170893987,0.0625,0.7589025677134233,0.9735294117647059,0.0,0.0,0.20964527130126945,0.24999999999999994,0.0,0.0
1060,"118,247,104,190,172","2280,12327,15091,11733,13910", kmregardedspielerusionlebt,0.0499013751745224,0.4597984689568715,False,0.024777474502722423,0.0249013751745224,0.008587509393692017,0.5,-0.01715620160102844,-0.009144331018129984,0.020833333333333332,0.8346710820801773,0.9735294117647059,0.17408418324258584,0.28571428571428564,0.0,0.0,0.0,0.0
1061,"0,129,8,26,158","30332,17,17682,15157,17319",lucrareatSport sportingenţă,0.13082646131515502,0.4602159857749938,False,0.08082646131515503,0.08082646131515503,0.05530163049697876,1.0,-0.024204319715499877,-0.0018302351236343384,0.0625,0.777661951477022,0.976470588235294,0.0,0.0,0.2102159857749938,0.24999999999999994,0.0,0.0
1062,"0,189,74,26,169","30332,10646,9633,15157,680",lucrareatial bitte sporting sie,0.12915015767018,0.4620722830295562,False,0.07915015767018001,0.07915015767018001,0.05374950170516968,1.0,-0.029241445660591125,-0.004566448430220286,0.041666666666666664,0.7440413028783834,0.988235294117647,0.0,0.0,0.4620722830295562,0.0,0.0,0.0
1063,"0,13,100,26,59","30332,28688,14338,15157,31675",lucrarea piston surroundings sporting temporaire,0.13516304443279903,0.46281906962394703,False,0.08516304443279903,0.08516304443279903,0.06119904518127441,1.0,-0.024256381392478942,-0.0032290841142336526,0.0625,0.7745341782229453,0.9735294117647059,0.0,0.0,0.2128190696239471,0.24999999999999994,0.0,0.0
1064,"0,35,105,26,35","30332,14797,10924,15157,14797",lucrareagraphicissent sportinggraphic,0.13042828738689421,0.4658124148845672,False,0.08042828738689423,0.08042828738689423,0.05657447576522827,1.0,-0.024316248297691346,-0.0017780736088752747,0.0625,0.793888997510888,0.9676470588235294,0.0,0.0,0.21581241488456726,0.24999999999999994,0.0,0.0
1065,"200,169,57,77,45","3404,680,23976,6177,25231",ware sie déplacement tieffentlichkeit,0.055564975241820025,0.46712934308581866,False,0.02602941294511159,0.02639830857515335,0.0018930315971374529,0.5833333333333334,-0.02336219549179077,-0.009604198237260183,0.041666666666666664,0.8071749131605068,0.9558823529411766,0.1323529018296136,0.16666666666666657,0.1681097745895385,0.0,0.0,0.0
1066,"0,219,35,165,45","30332,25895,14797,13114,25231",lucrareafloodedgraphic->ffentlichkeit,0.12038519283135732,0.4692997336387633,False,0.07038519283135732,0.07038519283135732,0.04489119052886963,1.0,-0.024385994672775267,-0.005069606006145477,0.0625,0.7533607101938732,0.9647058823529412,0.0,0.0,0.21929973363876334,0.24999999999999994,0.0,0.0
1067,"0,225,100,26,82","30332,28654,14338,15157,16771",lucrarea festgelegt surroundings sporting posture,0.1340509111682574,0.4720482528209685,False,0.0840509111682574,0.0840509111682574,0.04689783453941345,1.0,-0.02444096505641937,-0.007384235660235087,0.0625,0.7575612554102696,0.9676470588235294,0.0,0.0,0.22204825282096854,0.24999999999999994,0.0,0.0
1068,"66,247,100,190,169","1041,12327,14338,11733,680", actionregarded surroundingsusion sie,0.058035918076833094,0.4721382922596399,False,0.028869251410166424,0.028869251410166424,0.011839759349822999,0.5833333333333334,-0.020355600118637084,-0.010868278642495474,0.0625,0.8323669920618116,0.9676470588235294,0.037691619661119176,0.16666666666666657,0.017780005931854193,0.24999999999999994,0.0,0.0
1069,"50,247,0,26,23","21100,12327,30332,15157,31052", Couperegardedlucrarea sporting pasageri,0.12261234273513158,0.4729862809181212,False,0.07261234273513158,0.07261234273513158,0.04613708853721619,1.0,-0.024459725618362425,-0.0017609894275665283,0.0625,0.7633256486592319,0.9558823529411766,0.0,0.0,0.22298628091812125,0.24999999999999994,0.0,0.0
1070,"0,35,0,132,180","30332,14797,30332,6889,31797",lucrareagraphiclucrarea ihmscrisă,0.13886087189118068,0.48265981674194325,False,0.08886087189118068,0.08886087189118068,0.06715533137321472,1.0,-0.024653196334838867,0.0015320802728335063,0.0625,0.7280483709157303,0.976470588235294,0.0,0.0,0.23265981674194333,0.24999999999999994,0.0,0.0
1071,"0,13,112,26,182","30332,28688,21711,15157,1575",lucrarea piston bilden sportingtion,0.13690157532691954,0.4830083549022674,False,0.08690157532691956,0.08690157532691956,0.05675322413444519,1.0,-0.02466016709804535,-0.0035854975382486978,0.0625,0.7720182045496246,0.9470588235294116,0.0,0.0,0.23300835490226746,0.24999999999999994,0.0,0.0
1072,"0,247,77,26,190","30332,12327,6177,15157,11733",lucrarearegarded tie sportingusion,0.1290868823726972,0.48412892222404474,False,0.07908688237269719,0.07908688237269719,0.052371257543563844,1.0,-0.024682578444480897,-0.0001475165287653605,0.0625,0.7728377195822874,0.9794117647058824,0.0,0.0,0.2341289222240448,0.24999999999999994,0.0,0.0
1073,"0,13,46,26,189","30332,28688,18927,15157,10646",lucrarea piston rar sportingtial,0.13769518385330837,0.4854569137096404,False,0.08769518385330836,0.08769518385330836,0.06061384081840515,1.0,-0.02470913827419281,-0.005761444568634033,0.0625,0.7526057251195136,0.9441176470588234,0.0,0.0,0.23545691370964045,0.24999999999999994,0.0,0.0
1074,"231,57,185,190,163","21815,23976,15058,11733,13147", stained déplacementtientusionnehm,0.049286175270875296,0.4860957449390775,False,0.02220284193754196,0.02220284193754196,0.0067784607410430915,0.5416666666666666,-0.017945468425750732,-0.00919677565495173,0.0,0.849030078447897,0.976470588235294,0.25990526874860126,0.2261904761904762,0.0,0.0,0.0,0.0
1075,"0,247,226,97,78","30332,12327,20736,31302,20961",lucrarearegardedesel reacțiKING,0.1213336964448293,0.4866002798080444,False,0.0713336964448293,0.0713336964448293,0.04710052609443665,1.0,-0.02473200559616089,-0.0077129776279131574,0.0625,0.7383075536407208,0.9823529411764707,0.0,0.0,0.23660027980804443,0.24999999999999994,0.0,0.0
1076,"0,200,45,190,45","30332,3404,25231,11733,25231",lucrareawareffentlichkeitusionffentlichkeit,0.09923658122618993,0.4887283146381377,False,0.05131991455952326,0.05131991455952326,0.028401452302932742,0.9583333333333334,-0.024774566292762756,-0.006110496819019318,0.0625,0.8333953031916163,0.9676470588235294,0.0,0.0,0.2387283146381378,0.24999999999999994,0.0,0.0
1077,"163,247,100,62,76","13147,12327,14338,23226,26292",nehmregarded surroundings imobil menschliche,0.08408189018567404,0.4898394942283629,False,0.040331890185674034,0.040331890185674034,0.020862442255020142,0.875,-0.02479678988456726,-0.009879961609840393,0.0625,0.8124059307971774,0.9794117647058824,0.0,0.0,0.23983949422836295,0.24999999999999994,0.0,0.0
1078,"0,136,8,26,210","30332,2824,17682,15157,12182",lucrarea....Sport sporting estim,0.13053211122751235,0.4907821416854856,False,0.08053211122751236,0.08053211122751236,0.04970336556434631,1.0,-0.024815642833709715,-0.004327242573102315,0.0625,0.7676326374312507,0.9794117647058824,0.0,0.0,0.2407821416854857,0.24999999999999994,0.0,0.0
1079,"0,136,0,200,169","30332,2824,30332,3404,680",lucrarea....lucrareaware sie,0.13374897390604018,0.49102577567100525,False,0.08374897390604019,0.08374897390604019,0.0592305600643158,1.0,-0.024820515513420106,0.0014973680178324382,0.0625,0.7283513375261854,0.9852941176470588,0.0,0.0,0.2410257756710053,0.24999999999999994,0.0,0.0
1080,"50,123,10,39,131","21100,22250,15854,2951,30173", Coupe papa realmches machiaj,0.06540957043568293,0.49152094409579317,False,0.0320762371023496,0.0320762371023496,0.013583731651306153,0.6666666666666666,-0.023878037929534912,-0.012303585807482401,0.0625,0.8019670522074379,0.9411764705882352,0.0,0.04761904761904761,0.19390189647674558,0.24999999999999994,0.0,0.0
1081,"174,120,100,147,161","6031,11930,14338,18956,7890",tting scroll surroundingsriusintérieur,0.0653087283174197,0.49233963754441984,False,0.02780872831741969,0.02780872831741969,0.010365915298461915,0.75,-0.023385944962501525,-0.012257307767868042,0.0625,0.8542758391731273,0.9794117647058824,0.07304238941934367,0.0,0.16929724812507624,0.24999999999999994,0.0,0.0
1082,"0,247,194,26,158","30332,12327,23078,15157,17319",lucrarearegardedpolitischen sportingenţă,0.12373668005069097,0.49287903308868397,False,0.07373668005069096,0.07373668005069096,0.044339853525161746,1.0,-0.02485758066177368,-0.004679481188456218,0.0625,0.7417152911995417,0.9911764705882352,0.0,0.0,0.24287903308868405,0.24999999999999994,0.0,0.0
1083,"0,187,100,26,158","30332,20719,14338,15157,17319",lucrarea apărut surroundings sportingenţă,0.13493692924578984,0.49349862337112427,False,0.08493692924578984,0.08493692924578984,0.05240164995193482,1.0,-0.024869972467422487,-0.003907494246959686,0.0625,0.759519307386681,0.961764705882353,0.0,0.0,0.24349862337112432,0.24999999999999994,0.0,0.0
1084,"0,165,100,26,127","30332,13114,14338,15157,23794",lucrarea-> surroundings sporting Verantwortlich,0.13438511192798613,0.4936195807719117,False,0.08438511192798615,0.08438511192798615,0.05237000584602356,1.0,-0.024823588132858277,-0.007456399500370026,0.0625,0.6982918781097014,0.9411764705882352,0.0,0.0,0.24117940664291382,0.24999999999999994,0.002440174128997949,0.0
1085,"0,129,151,26,82","30332,17,1110,15157,16771",lucrareat sein sporting posture,0.13729766060908635,0.4951873719692229,False,0.08729766060908635,0.08729766060908635,0.056315720081329346,1.0,-0.02490374743938446,-0.007182943324247996,0.0625,0.7484747271428674,0.976470588235294,0.0,0.0,0.24518737196922297,0.24999999999999994,0.0,0.0
1086,"0,247,104,77,188","30332,12327,15091,6177,29904",lucrarearegardedspieler tieweilige,0.11347151845693589,0.4958397448062896,False,0.06347151845693588,0.06347151845693588,0.04184671640396118,1.0,-0.024916794896125794,-0.005821009476979573,0.0625,0.7622751071131697,0.988235294117647,0.0,0.0,0.24583974480628967,0.24999999999999994,0.0,0.0
1087,"0,247,157,166,57","30332,12327,27499,31468,23976",lucrarearegardedizant ingrijire déplacement,0.11873391071955364,0.49630942940711964,False,0.06873391071955363,0.06873391071955363,0.0479452908039093,1.0,-0.024926188588142394,-0.0054228877027829485,0.0625,0.7807395519166286,0.9735294117647059,0.0,0.0,0.2463094294071197,0.24999999999999994,0.0,0.0
1088,"0,129,134,111,169","30332,17,28448,6156,680",lucrareat senzati Pas sie,0.1214907596508662,0.4978160858154296,False,0.0714907596508662,0.0714907596508662,0.054766297340393066,1.0,-0.024956321716308592,-0.004870988428592682,0.0625,0.7803560772361849,0.9852941176470588,0.0,0.0,0.2478160858154296,0.24999999999999994,0.0,0.0
1089,"0,129,151,26,131","30332,17,1110,15157,30173",lucrareat sein sporting machiaj,0.12563354074954985,0.49961763620376576,False,0.07563354074954987,0.07563354074954987,0.04868193864822388,1.0,-0.024992352724075316,-0.0062368884682655334,0.0625,0.7490745624370958,0.9941176470588234,0.0,0.0,0.24961763620376579,0.24999999999999994,0.0,0.0
1090,"0,13,134,26,54","30332,28688,28448,15157,7818",lucrarea piston senzati sportingroc,0.13544780313968657,0.49986425042152394,False,0.08544780313968658,0.08544780313968658,0.060892623662948606,1.0,-0.02499728500843048,-0.004406715432802836,0.0625,0.750941222702226,0.9794117647058824,0.0,0.0,0.24986425042152396,0.24999999999999994,0.0,0.0
1091,"0,13,8,39,169","30332,28688,17682,2951,680",lucrarea pistonSportches sie,0.13215578397115071,0.49991923570632923,False,0.08215578397115071,0.08215578397115071,0.05710282325744629,1.0,-0.024998384714126586,-0.0028477286299069724,0.0625,0.7453258041177678,0.9735294117647059,0.0,0.0,0.2499192357063293,0.24999999999999994,0.0,0.0
1092,"0,200,185,215,24","30332,3404,15058,6520,29668",lucrareawaretientrib Crisis,0.10683633536100387,0.5009605288505554,False,0.06100300202767054,0.06100300202767054,0.02313193678855896,0.9166666666666666,-0.02501921057701111,-0.004207909107208252,0.0625,0.8301529815426566,0.95,0.0,0.0,0.2509605288505554,0.24999999999999994,0.0,0.0
1093,"0,122,131,147,169","30332,12759,30173,18956,680",lucrarea beneath machiajrius sie,0.11827094902594884,0.5022338330745697,False,0.06827094902594884,0.06827094902594884,0.04863459467887878,1.0,-0.025044676661491395,-0.0045382678508758545,0.0625,0.7664593654620997,0.9852941176470588,0.0,0.0,0.2522338330745697,0.24999999999999994,0.0,0.0
1094,"0,129,0,26,169","30332,17,30332,15157,680",lucrareatlucrarea sporting sie,0.15046409567197164,0.5023871660232542,False,0.10046409567197163,0.10046409567197163,0.0757955014705658,1.0,-0.025047743320465086,0.0037569726506868997,0.0625,0.7060475145815707,0.988235294117647,0.0,0.0,0.2523871660232543,0.24999999999999994,0.0,0.0
1095,"0,41,46,46,169","30332,3852,18927,18927,680",lucrarea rep rar rar sie,0.11899277369181316,0.5037458539009093,False,0.06899277369181316,0.06899277369181316,0.04991185665130615,1.0,-0.025074917078018188,-0.008334162334601084,0.0625,0.7505165291249715,0.9823529411764707,0.0,0.0,0.25374585390090937,0.24999999999999994,0.0,0.0
1096,"0,133,0,26,169","30332,121,30332,15157,680","lucrarea""lucrarea sporting sie",0.14851396083831786,0.5059406459331512,False,0.09851396083831787,0.09851396083831787,0.0733710527420044,1.0,-0.025118812918663025,0.004020519554615021,0.0625,0.7111584262192939,0.9823529411764707,0.0,0.0,0.25594064593315125,0.24999999999999994,0.0,0.0
1097,"161,189,77,215,86","7890,10646,6177,6520,16233",intérieurtial tierib Crew,0.0635225494702657,0.5095376831198495,False,0.029261407752831776,0.030189216136932373,-0.0034763097763061495,0.6666666666666666,-0.023745977878570558,-0.009898625314235687,0.0625,0.8113868823408135,0.9323529411764706,0.024619741572274104,0.04761904761904761,0.1872988939285279,0.24999999999999994,0.0,0.0
1098,"118,136,134,215,153","2280,2824,28448,6520,23158", km.... senzatirib pierdere,0.048448124527931215,0.5118848984203641,False,0.023214881618817646,0.023448124527931213,0.007632154226303101,0.5,-0.018251454830169676,-0.007135545214017232,0.020833333333333332,0.8913964661202667,0.9705882352941176,0.22617061270607844,0.28571428571428564,0.0,0.0,0.0,0.0
1099,"0,41,134,26,90","30332,3852,28448,15157,23060",lucrarea rep senzati sporting răspunde,0.1327379326025645,0.5140054523944853,False,0.0827379326025645,0.0827379326025645,0.05618083477020264,1.0,-0.025280109047889708,-0.0038696974515914917,0.0625,0.7268226104637489,0.9735294117647059,0.0,0.0,0.26400545239448536,0.24999999999999994,0.0,0.0
1100,"0,129,46,26,90","30332,17,18927,15157,23060",lucrareat rar sporting răspunde,0.1326399599512418,0.5147588551044464,False,0.0826399599512418,0.0826399599512418,0.061396414041519166,1.0,-0.02529517710208893,-0.0035255601008733115,0.0625,0.7396006228530377,0.9647058823529412,0.0,0.0,0.26475885510444647,0.24999999999999994,0.0,0.0
1101,"0,24,114,26,137","30332,29668,21415,15157,5218",lucrarea CrisisRAL sportingerii,0.13311991145213445,0.5162950158119199,False,0.08311991145213445,0.08311991145213445,0.059977805614471434,1.0,-0.025325900316238402,-0.000591769814491272,0.0625,0.7559601251171053,0.9647058823529412,0.0,0.0,0.26629501581192005,0.24999999999999994,0.0,0.0
1102,"0,169,61,26,82","30332,680,18837,15157,16771",lucrarea sie manger sporting posture,0.1388004129131635,0.5164087116718292,False,0.0888004129131635,0.0888004129131635,0.05630881786346435,1.0,-0.025328174233436584,-0.004933476448059082,0.0625,0.7084490170489539,0.9558823529411766,0.0,0.0,0.2664087116718292,0.24999999999999994,0.0,0.0
1103,"0,13,134,26,82","30332,28688,28448,15157,16771",lucrarea piston senzati sporting posture,0.13872353037198384,0.5204174220561979,False,0.08872353037198384,0.08872353037198384,0.05855392217636109,1.0,-0.02540834844112396,-0.0054148634274800616,0.0625,0.7466482051293135,0.961764705882353,0.0,0.0,0.270417422056198,0.24999999999999994,0.0,0.0
1104,"35,190,117,147,158","14797,11733,12941,18956,17319",graphicusion Listenriusenţă,0.05045809124906858,0.523622707005531,False,0.025458091249068577,0.025458091249068577,0.006997233629226685,0.5,-0.021730229258537292,-0.009994382659594217,0.041666666666666664,0.8105462175371277,0.976470588235294,0.15139695836438075,0.28571428571428564,0.0865114629268646,0.0,0.0,0.0
1105,"0,127,134,39,90","30332,23794,28448,2951,23060",lucrarea Verantwortlich senzatiches răspunde,0.12073892951011658,0.5250539183616636,False,0.0728222628434499,0.0728222628434499,0.03790671229362488,0.9583333333333334,-0.025501078367233275,-0.009243056178092957,0.0625,0.7526450914816364,0.9411764705882352,0.0,0.0,0.2750539183616637,0.24999999999999994,0.0,0.0
1106,"161,133,100,28,180","7890,121,14338,5378,31797","intérieur"" surroundings neckscrisă",0.06456843713919322,0.5267526535760787,False,0.031235103805859882,0.031235103805859882,0.0089816153049469,0.6666666666666666,-0.024582672119140624,-0.014225443204243978,0.0625,0.8110925608922362,0.9823529411764707,0.0,0.04761904761904761,0.2291336059570312,0.24999999999999994,0.0,0.0
1107,"0,27,0,147,134","30332,2600,30332,18956,28448",lucrarea sportlucrarearius senzati,0.14453125049670537,0.5300695002079009,False,0.09453125049670537,0.09453125049670537,0.07280009984970093,1.0,-0.02560139000415802,0.004144810140132904,0.0625,0.7245223798926502,0.9911764705882352,0.0,0.0,0.28006950020790095,0.24999999999999994,0.0,0.0
1108,"0,129,125,26,158","30332,17,19020,15157,17319",lucrareat humaine sportingenţă,0.1383282274007797,0.5319457054138181,False,0.08832822740077972,0.08832822740077972,0.05658946633338928,1.0,-0.025638914108276366,-0.0012633353471755981,0.0625,0.7173158655779217,0.9676470588235294,0.0,0.0,0.28194570541381825,0.24999999999999994,0.0,0.0
1109,"0,41,35,77,90","30332,3852,14797,6177,23060",lucrarea repgraphic tie răspunde,0.12114628454049428,0.5331127643585205,False,0.07114628454049428,0.07114628454049428,0.05541774034500122,1.0,-0.02566225528717041,-0.0045047178864479065,0.0625,0.7733325007219096,0.9705882352941176,0.0,0.0,0.2831127643585205,0.24999999999999994,0.0,0.0
1110,"0,13,134,26,31","30332,28688,28448,15157,8221",lucrarea piston senzati sportingimage,0.13572569737831752,0.5343756377696991,False,0.08572569737831752,0.08572569737831752,0.06141692399978638,1.0,-0.025687512755393983,-0.0044310639301935835,0.0625,0.753062297731193,0.9823529411764707,0.0,0.0,0.2843756377696991,0.24999999999999994,0.0,0.0
1111,"0,169,41,26,169","30332,680,3852,15157,680",lucrarea sie rep sporting sie,0.1351528396209081,0.5389686226844785,False,0.0851528396209081,0.0851528396209081,0.05610843300819397,1.0,-0.025779372453689574,-0.005327115456263225,0.0625,0.7467769562901387,0.976470588235294,0.0,0.0,0.28896862268447865,0.24999999999999994,0.0,0.0
1112,"0,247,134,26,90","30332,12327,28448,15157,23060",lucrarearegarded senzati sporting răspunde,0.1280916487177213,0.5411041080951691,False,0.0780916487177213,0.0780916487177213,0.05172673463821411,1.0,-0.025822082161903383,-0.004773495097955068,0.0625,0.7394937933526887,0.9705882352941176,0.0,0.0,0.2911041080951691,0.24999999999999994,0.0,0.0
1113,"0,190,0,224,54","30332,11733,30332,1130,7818",lucrareausionlucrarea followroc,0.13417933185895284,0.5436945259571073,False,0.08417933185895284,0.08417933185895284,0.062138259410858154,1.0,-0.02587389051914215,0.0014218936363855998,0.0625,0.7695635960878481,0.961764705882353,0.0,0.0,0.29369452595710743,0.24999999999999994,0.0,0.0
1114,"118,88,185,134,180","2280,11461,15058,28448,31797", km physiquetient senzatiscrisă,0.04721757546067238,0.5451284370252063,False,0.02221757546067238,0.02221757546067238,0.007338342070579529,0.5,-0.0192562997341156,-0.008137308061122894,0.0,0.8632245079841544,0.9647058823529412,0.2594141513109207,0.28571428571428564,0.0,0.0,0.0,0.0
1115,"0,136,74,39,169","30332,2824,9633,2951,680",lucrarea.... bitteches sie,0.11409300863742829,0.545798122882843,False,0.06409300863742828,0.06409300863742828,0.037437647581100464,1.0,-0.02591596245765686,-0.0059087276458740234,0.0625,0.7905394604168527,0.9823529411764707,0.0,0.0,0.295798122882843,0.24999999999999994,0.0,0.0
1116,"208,57,105,215,169","2165,23976,10924,6520,680",val déplacementissentrib sie,0.049956248700618745,0.548201501842529,False,0.024849263330300648,0.024956248700618744,0.003965032100677492,0.5,-0.021815919876098634,-0.010462818046410879,0.041666666666666664,0.8382474774845635,0.9735294117647059,0.17169122232331172,0.28571428571428564,0.09079599380493168,0.0,0.0,0.0
1117,"0,133,105,105,159","30332,121,10924,10924,3077","lucrarea""issentissentige",0.10836990475654602,0.5489845871925354,False,0.05836990475654602,0.05836990475654602,0.035467565059661865,1.0,-0.02597969174385071,-0.006481493512789409,0.0625,0.797492177479307,0.9823529411764707,0.0,0.0,0.29898458719253546,0.24999999999999994,0.0,0.0
1118,"0,41,134,14,169","30332,3852,28448,6661,680",lucrarea rep senzatisport sie,0.12743730396032332,0.5502756237983701,False,0.07743730396032333,0.07743730396032333,0.05507032871246338,1.0,-0.026005512475967406,-0.002886764705181122,0.0625,0.7465253975172793,0.9735294117647059,0.0,0.0,0.30027562379837025,0.24999999999999994,0.0,0.0
1119,"139,136,185,200,60","31,2824,15058,3404,4091",'....tientware rear,0.0470414474606514,0.5509993703592391,False,0.022041447460651398,0.022041447460651398,0.00362083911895752,0.5,-0.016919347643852233,-0.008425864080588022,0.0,0.8948417946954677,0.9852941176470588,0.2652850846449534,0.28571428571428564,0.0,0.0,0.0,0.0
1120,"0,129,100,131,82","30332,17,14338,30173,16771",lucrareat surroundings machiaj posture,0.12077055424451828,0.5529102981090543,False,0.07077055424451828,0.07077055424451828,0.04814065098762512,1.0,-0.02605820596218109,-0.006985823313395183,0.0625,0.7848707042711653,0.9794117647058824,0.0,0.0,0.30291029810905445,0.24999999999999994,0.0,0.0
1121,"0,129,20,26,82","30332,17,16297,15157,16771",lucrareat Graphic sporting posture,0.14493281940619152,0.5539118051528931,False,0.09493281940619151,0.09493281940619151,0.07162902951240539,1.0,-0.026078236103057862,-0.006345768769582112,0.0625,0.7252390020611764,0.9705882352941176,0.0,0.0,0.30391180515289307,0.24999999999999994,0.0,0.0
1122,"118,123,183,14,153","2280,22250,23,6661,23158", km papaisport pierdere,0.04661619737744331,0.555253738212207,False,0.023699530710776646,0.023699530710776646,0.008739727735519408,0.4583333333333333,-0.015352851152420044,-0.006471159557501475,0.0,0.8554109026143355,0.961764705882353,0.21001564297411177,0.34523809523809523,0.0,0.0,0.0,0.0
1123,"0,247,77,200,54","30332,12327,6177,3404,7818",lucrarearegarded tiewareroc,0.11063120563824971,0.5556688010692596,False,0.06063120563824972,0.06063120563824972,0.039325368404388425,1.0,-0.026113376021385193,-0.002850209673245748,0.0625,0.8117614031035977,0.95,0.0,0.0,0.30566880106925964,0.24999999999999994,0.0,0.0
1124,"83,27,134,36,36","7383,2600,28448,24143,24143", Front sport senzatiKTKT,0.07096517284711201,0.5598941771757034,False,0.037631839513778687,0.037631839513778687,0.013537132740020752,0.6666666666666666,-0.025245502591133118,-0.012249683340390524,0.0625,0.7919984086727029,0.9647058823529412,0.0,0.04761904761904761,0.2622751295566559,0.24999999999999994,0.0,0.0
1125,"0,35,100,51,169","30332,14797,14338,30250,680",lucrareagraphic surroundings thumbnail sie,0.1263970489303271,0.560412138700485,False,0.0763970489303271,0.0763970489303271,0.05267496705055237,1.0,-0.026208242774009703,-0.006246432662010193,0.0625,0.7754853004074109,0.976470588235294,0.0,0.0,0.3104121387004851,0.24999999999999994,0.0,0.0
1126,"71,202,134,134,45","25688,5457,28448,28448,25231", correspondentnch senzati senzatiffentlichkeit,0.04853984663883845,0.5629491929023984,False,0.02442558358112971,0.025623179972171783,-0.004939270019531249,0.4583333333333333,-0.02063794434070587,-0.012088152269522348,0.041666666666666664,0.8334924068848525,0.911764705882353,0.1858138806290096,0.34523809523809523,0.03189721703529356,0.0,0.0,0.0
1127,"0,129,79,26,180","30332,17,5206,15157,31797",lucrareatrick sportingscrisă,0.12976594070593517,0.5647473335266113,False,0.07976594070593516,0.07976594070593516,0.059033721685409546,1.0,-0.026294946670532227,-0.002814797063668569,0.0625,0.7990415911790943,0.9852941176470588,0.0,0.0,0.31474733352661133,0.24999999999999994,0.0,0.0
1128,"8,200,157,147,180","17682,3404,27499,18956,31797",Sportwareizantriusscrisă,0.046311087409655255,0.565424070471809,False,0.023394420742988586,0.023394420742988586,0.00422269105911255,0.4583333333333333,-0.01926369369029999,-0.006242203215758006,0.020833333333333332,0.9043563356647739,0.976470588235294,0.22018597523371375,0.34523809523809523,0.0,0.0,0.0,0.0
1129,"0,74,185,65,172","30332,9633,15058,22276,13910",lucrarea bittetientrijlebt,0.11657403707504273,0.5656972825527191,False,0.06657403707504272,0.06657403707504272,0.04685547351837158,1.0,-0.026313945651054382,-0.005991329749425252,0.0625,0.7830628619823835,0.9823529411764707,0.0,0.0,0.3156972825527191,0.24999999999999994,0.0,0.0
1130,"0,202,100,104,169","30332,5457,14338,15091,680",lucrareanch surroundingsspieler sie,0.1242834284901619,0.5668931007385254,False,0.0742834284901619,0.0742834284901619,0.0503576934337616,1.0,-0.026337862014770508,-0.0037084793051083884,0.0625,0.7539075166826538,0.988235294117647,0.0,0.0,0.3168931007385254,0.24999999999999994,0.0,0.0
1131,"0,35,74,26,153","30332,14797,9633,15157,23158",lucrareagraphic bitte sporting pierdere,0.12669822374979656,0.5716108083724976,False,0.07669822374979655,0.07669822374979655,0.051504296064376835,1.0,-0.02643221616744995,-0.008207077781359354,0.0625,0.7543561388329634,0.9911764705882352,0.0,0.0,0.32161080837249756,0.24999999999999994,0.0,0.0
1132,"0,109,185,26,169","30332,12922,15058,15157,680",lucrareaketttient sporting sie,0.120972740650177,0.5724956393241882,False,0.070972740650177,0.070972740650177,0.05044873356819153,1.0,-0.026449912786483766,-0.0005505681037902832,0.0625,0.7918907300939552,0.9647058823529412,0.0,0.0,0.3224956393241883,0.24999999999999994,0.0,0.0
1133,"0,129,41,26,169","30332,17,3852,15157,680",lucrareat rep sporting sie,0.13493887384732564,0.5732173025608062,False,0.08493887384732564,0.08493887384732564,0.05565295815467834,1.0,-0.026464346051216125,-0.003261898954709371,0.0625,0.7020531410381743,0.9352941176470588,0.0,0.0,0.3232173025608062,0.24999999999999994,0.0,0.0
1134,"104,129,185,179,153","15091,17,15058,3997,23158",spielerttientcht pierdere,0.04635241528352102,0.5741475792158217,False,0.02134700119495392,0.021352415283521015,0.0045115590095520025,0.5,-0.01612177789211273,-0.007964059710502625,0.020833333333333332,0.8528845856223394,0.976470588235294,0.288433293501536,0.28571428571428564,0.0,0.0,0.0,0.0
1135,"0,200,35,28,131","30332,3404,14797,5378,30173",lucrareawaregraphic neck machiaj,0.11182493021090825,0.5759892165660858,False,0.061824930210908256,0.061824930210908256,0.04460909366607666,1.0,-0.026519784331321718,-0.0027638127406438193,0.0625,0.8120916174117574,0.976470588235294,0.0,0.0,0.32598921656608587,0.24999999999999994,0.0,0.0
1136,"0,129,8,26,46","30332,17,17682,15157,18927",lucrareatSport sporting rar,0.1347604398926099,0.5774788856506348,False,0.08476043989260991,0.08476043989260991,0.05769057273864746,1.0,-0.026549577713012695,-0.004703904191652934,0.0625,0.760001738295049,0.961764705882353,0.0,0.0,0.32747888565063477,0.24999999999999994,0.0,0.0
1137,"0,129,41,26,90","30332,17,3852,15157,23060",lucrareat rep sporting răspunde,0.13404035617907842,0.577705979347229,False,0.08404035617907842,0.08404035617907842,0.05641472339630127,1.0,-0.02655411958694458,-0.004768657187620799,0.0625,0.7125035207807693,0.9794117647058824,0.0,0.0,0.327705979347229,0.24999999999999994,0.0,0.0
1138,"0,133,100,81,169","30332,121,14338,1722,680","lucrarea"" surroundings physical sie",0.11937852253516515,0.578229159116745,False,0.06937852253516515,0.06937852253516515,0.04383479952812195,1.0,-0.0265645831823349,-0.005252194901307424,0.0625,0.7879915305201617,0.9823529411764707,0.0,0.0,0.328229159116745,0.24999999999999994,0.0,0.0
1139,"231,31,105,77,31","21815,8221,10924,6177,8221", stainedimageissent tieimage,0.045592633386452995,0.5794519029912494,False,0.02475930005311966,0.02475930005311966,0.008882778882980346,0.4166666666666667,-0.018384695053100586,-0.008602708578109741,0.020833333333333332,0.8479461140885032,0.9676470588235294,0.17468999822934467,0.4047619047619047,0.0,0.0,0.0,0.0
1140,"0,35,226,147,82","30332,14797,20736,18956,16771",lucrareagraphiceselrius posture,0.12417145371437073,0.5807958841323853,False,0.07417145371437073,0.07417145371437073,0.052712643146514894,1.0,-0.026615917682647705,-0.0026165619492530823,0.0625,0.7417322727675162,0.9529411764705882,0.0,0.0,0.33079588413238525,0.24999999999999994,0.0,0.0
1141,"0,124,100,26,158","30332,28387,14338,15157,17319",lucrarea ressenti surroundings sportingenţă,0.1343664954106013,0.5811091065406797,False,0.0843664954106013,0.0843664954106013,0.06134576201438904,1.0,-0.026622182130813597,-0.006166530152161916,0.0625,0.765372699489619,0.9735294117647059,0.0,0.0,0.3311091065406798,0.24999999999999994,0.0,0.0
1142,"62,41,100,245,169","23226,3852,14338,23156,680", imobil rep surroundingsceşti sie,0.08217282146215438,0.5823153555393217,False,0.04258948812882105,0.04258948812882105,0.015813875198364257,0.7916666666666666,-0.026646307110786437,-0.013594364126523336,0.0625,0.7531651905953298,0.9852941176470588,0.0,0.0,0.3323153555393218,0.24999999999999994,0.0,0.0
1143,"0,247,46,26,169","30332,12327,18927,15157,680",lucrarearegarded rar sporting sie,0.12971770813067754,0.5844919681549072,False,0.07971770813067754,0.07971770813067754,0.05715823173522949,1.0,-0.026689839363098145,-0.002056509256362915,0.0625,0.7559278601379537,0.9823529411764707,0.0,0.0,0.3344919681549072,0.24999999999999994,0.0,0.0
1144,"0,35,0,147,169","30332,14797,30332,18956,680",lucrareagraphiclucrarearius sie,0.13240934709707897,0.5884227454662321,False,0.08240934709707896,0.08240934709707896,0.0645470678806305,1.0,-0.026768454909324644,0.0019777615865071616,0.0625,0.7676459139298489,0.9852941176470588,0.0,0.0,0.3384227454662322,0.24999999999999994,0.0,0.0
1145,"118,200,100,77,172","2280,3404,14338,6177,13910", kmware surroundings tielebt,0.06096076965332031,0.5899448508308046,False,0.029710769653320312,0.029710769653320312,0.010131078958511354,0.625,-0.02946321964263916,-0.010294564068317413,0.041666666666666664,0.8510710313516023,0.9735294117647059,0.009641011555989547,0.10714285714285708,0.47316098213195795,0.0,0.0,0.0
1146,"0,165,46,26,82","30332,13114,18927,15157,16771",lucrarea-> rar sporting posture,0.13918446799119313,0.5918473303318023,False,0.08918446799119313,0.08918446799119313,0.06296434998512268,1.0,-0.026836946606636047,-0.004378062983353932,0.0625,0.7623330760111192,0.9676470588235294,0.0,0.0,0.3418473303318023,0.24999999999999994,0.0,0.0
1147,"118,13,185,215,180","2280,28688,15058,6520,31797", km pistontientribscrisă,0.04490666637818019,0.5923968350130413,False,0.026156666378180187,0.026156666378180187,0.006901657581329346,0.375,-0.01974138617515564,-0.007175634304682414,0.020833333333333332,0.873393070887317,0.9558823529411766,0.12811112072732705,0.46428571428571425,0.0,0.0,0.0,0.0
1148,"0,129,185,28,158","30332,17,15058,5378,17319",lucrareattient neckenţă,0.11409410138924916,0.5940342247486113,False,0.06409410138924916,0.06409410138924916,0.04819297790527344,1.0,-0.02688068449497223,-0.002686177690823873,0.0625,0.7897491228055279,0.976470588235294,0.0,0.0,0.3440342247486114,0.24999999999999994,0.0,0.0
1149,"0,129,105,104,169","30332,17,10924,15091,680",lucrareatissentspieler sie,0.1187030553817749,0.594703733921051,False,0.0687030553817749,0.0687030553817749,0.04802194833755493,1.0,-0.02689407467842102,-0.004610324899355571,0.0625,0.7594731483973683,0.988235294117647,0.0,0.0,0.344703733921051,0.24999999999999994,0.0,0.0
1150,"118,123,48,190,158","2280,22250,27062,11733,17319", km papa pantalonusionenţă,0.07152969936529796,0.5954851508140564,False,0.03194636603196462,0.03194636603196462,0.016517460346221924,0.7916666666666666,-0.02690970301628113,-0.012683468560377756,0.0625,0.8343367767579145,0.9647058823529412,0.0,0.0,0.34548515081405645,0.24999999999999994,0.0,0.0
1151,"0,189,8,39,171","30332,10646,17682,2951,7184",lucrareatialSportchesн,0.12179330289363861,0.5961200892925262,False,0.07179330289363861,0.07179330289363861,0.052024233341217044,1.0,-0.026922401785850526,-0.0006217037638028463,0.0625,0.8001210013907132,0.9941176470588234,0.0,0.0,0.34612008929252625,0.24999999999999994,0.0,0.0
1152,"36,76,157,215,31","24143,26292,27499,6520,8221",KT menschlicheizantribimage,0.045596280694007875,0.5991715959140231,False,0.020596280694007874,0.020596280694007874,0.007453370094299317,0.5,-0.00913507044315338,-0.0036846473813056946,0.020833333333333332,0.8957300078894821,0.9705882352941176,0.31345731019973755,0.28571428571428564,0.0,0.0,0.0,0.0
1153,"0,41,0,215,31","30332,3852,30332,6520,8221",lucrarea replucrarearibimage,0.144099464515845,0.6023945212364196,False,0.09409946451584499,0.09409946451584499,0.0747382402420044,1.0,-0.027047890424728393,0.0009188552697499593,0.0625,0.72264429566361,0.9852941176470588,0.0,0.0,0.3523945212364196,0.24999999999999994,0.0,0.0
1154,"214,189,105,133,31","13525,10646,10924,121,8221","ărătialissent""image",0.07194819599390029,0.6029531657695769,False,0.03236486266056696,0.03236486266056696,0.014537853002548218,0.7916666666666666,-0.02705906331539154,-0.013297912975152334,0.0625,0.8448945263234758,0.9676470588235294,0.0,0.0,0.35295316576957697,0.24999999999999994,0.0,0.0
1155,"0,123,188,133,80","30332,22250,29904,121,8787","lucrarea papaweilige"" Abs",0.1220936084787051,0.6041597127914426,False,0.07209360847870509,0.07209360847870509,0.05283222198486328,1.0,-0.027083194255828856,-0.006215617060661316,0.0625,0.7582761022330531,0.9794117647058824,0.0,0.0,0.35415971279144276,0.24999999999999994,0.0,0.0
1156,"0,28,157,104,36","30332,5378,27499,15091,24143",lucrarea neckizantspielerKT,0.11771230449279149,0.6052676141262052,False,0.06771230449279149,0.06771230449279149,0.05006353259086609,1.0,-0.027105352282524107,-0.0056308334072430926,0.0625,0.7451621635536494,0.9852941176470588,0.0,0.0,0.35526761412620533,0.24999999999999994,0.0,0.0
1157,"0,104,134,26,90","30332,15091,28448,15157,23060",lucrareaspieler senzati sporting răspunde,0.13143141865730285,0.6060037314891813,False,0.08143141865730286,0.08143141865730286,0.050651264190673825,1.0,-0.02712007462978363,-0.0052177732189496355,0.0625,0.7620535748400471,0.9794117647058824,0.0,0.0,0.3560037314891814,0.24999999999999994,0.0,0.0
1158,"0,13,100,26,84","30332,28688,14338,15157,24023",lucrarea piston surroundings sporting LORD,0.1363183115919431,0.6062969863414763,False,0.0863183115919431,0.0863183115919431,0.05828671455383301,1.0,-0.02712593972682953,-0.003342325488726298,0.0625,0.726106065484168,0.9676470588235294,0.0,0.0,0.3562969863414764,0.24999999999999994,0.0,0.0
1159,"178,228,104,146,31","30831,4408,15091,20352,8221",Totusi accordspieler cuirimage,0.04485615094502767,0.6075353002737437,False,0.023934235175450642,0.024022817611694336,0.008102864027023315,0.4166666666666667,-0.020011624693870543,-0.008453438679377237,0.041666666666666664,0.8240861620058566,0.9558823529411766,0.2021921608183119,0.4047619047619047,0.0005812346935271315,0.0,0.0,0.0
1160,"0,149,186,38,171","30332,18457,10443,25012,7184",lucrarea varstaû captionн,0.10302866101264954,0.607745826244354,False,0.05511199434598287,0.05511199434598287,0.022379016876220702,0.9583333333333334,-0.027154916524887083,-0.007123790681362152,0.0625,0.8465897499410083,0.976470588235294,0.0,0.0,0.35774582624435414,0.24999999999999994,0.0,0.0
1161,"0,219,157,26,82","30332,25895,27499,15157,16771",lucrareafloodedizant sporting posture,0.1353551800052325,0.6089377701282499,False,0.0853551800052325,0.0853551800052325,0.062548166513443,1.0,-0.027178755402565,-0.006066419184207916,0.0625,0.7250725055060805,0.9735294117647059,0.0,0.0,0.35893777012825,0.24999999999999994,0.0,0.0
1162,"0,13,157,26,82","30332,28688,27499,15157,16771",lucrarea pistonizant sporting posture,0.13585025370121,0.608988434076309,False,0.08585025370121002,0.08585025370121002,0.05861740112304688,1.0,-0.027179768681526183,-0.004315925141175588,0.0625,0.764082100323553,0.9705882352941176,0.0,0.0,0.3589884340763091,0.24999999999999994,0.0,0.0
1163,"200,137,94,66,191","3404,5218,18852,1041,20041",wareeriikap actionieni,0.04460487638910612,0.6123771362361453,False,0.02377154305577278,0.02377154305577278,0.006432387232780457,0.4166666666666667,-0.018712449073791503,-0.00867758939663569,0.0,0.8594129950522658,0.9676470588235294,0.2076152314742406,0.4047619047619047,0.0,0.0,0.0,0.0
1164,"0,129,100,26,153","30332,17,14338,15157,23158",lucrareat surroundings sporting pierdere,0.12992210735877355,0.6128190755844114,False,0.07992210735877354,0.07992210735877354,0.052276819944381714,1.0,-0.02725638151168823,-0.0017459169030189514,0.0625,0.7844085740554215,0.9705882352941176,0.0,0.0,0.36281907558441145,0.24999999999999994,0.0,0.0
1165,"0,129,8,230,82","30332,17,17682,25638,16771",lucrareatSport Numero posture,0.13296624571084975,0.6148974895477293,False,0.08296624571084976,0.08296624571084976,0.05905258059501648,1.0,-0.02729794979095459,-0.0021103471517562866,0.0625,0.7234648141525623,0.9823529411764707,0.0,0.0,0.3648974895477294,0.24999999999999994,0.0,0.0
1166,"103,31,35,80,171","31149,8221,14797,8787,7184", dickeimagegraphic Absн,0.07001398354768754,0.616368681192398,False,0.03251398354768753,0.03251398354768753,0.013050901889801025,0.75,-0.02732737362384796,-0.011949953933556875,0.0625,0.8238783693650044,0.976470588235294,0.0,0.0,0.366368681192398,0.24999999999999994,0.0,0.0
1167,"139,202,41,134,54","31,5457,3852,28448,7818",'nch rep senzatiroc,0.044694011410077415,0.6165217269980717,False,0.023821877936522167,0.02386067807674408,0.006481063365936279,0.4166666666666667,-0.020116448402404785,-0.0090738112727801,0.041666666666666664,0.8436456091878928,0.9735294117647059,0.20593740211592773,0.4047619047619047,0.005822420120239237,0.0,0.0,0.0
1168,"0,247,151,39,82","30332,12327,1110,2951,16771",lucrarearegarded seinches posture,0.11951225797335308,0.6168261468410491,False,0.06951225797335307,0.06951225797335307,0.050423425436019895,1.0,-0.027336522936820984,-0.0051850825548172,0.0625,0.7518968218455213,0.9294117647058824,0.0,0.0,0.36682614684104914,0.24999999999999994,0.0,0.0
1169,"0,13,77,26,180","30332,28688,6177,15157,31797",lucrarea piston tie sportingscrisă,0.13720813194910686,0.6187828183174132,False,0.08720813194910686,0.08720813194910686,0.06365675330162049,1.0,-0.027375656366348266,-0.00559194137652715,0.0625,0.7253993235006453,0.9852941176470588,0.0,0.0,0.3687828183174133,0.24999999999999994,0.0,0.0
1170,"0,219,8,215,169","30332,25895,17682,6520,680",lucrareafloodedSportrib sie,0.12673623661200206,0.6204022765159607,False,0.07673623661200206,0.07673623661200206,0.049461865425109865,1.0,-0.027408045530319215,-0.0031944885849952698,0.0625,0.7654616983435947,0.9705882352941176,0.0,0.0,0.3704022765159607,0.24999999999999994,0.0,0.0
1171,"0,133,8,26,169","30332,121,17682,15157,680","lucrarea""Sport sporting sie",0.13433067550261815,0.6250791549682616,False,0.08433067550261815,0.08433067550261815,0.053410750627517704,1.0,-0.027501583099365234,-0.004243828356266022,0.0625,0.7340926512804913,0.9735294117647059,0.0,0.0,0.37507915496826166,0.24999999999999994,0.0,0.0
1172,"9,129,100,26,169","3349,17,14338,15157,680", Sportt surroundings sporting sie,0.0959982916712761,0.625305503606796,False,0.05224829167127609,0.05224829167127609,0.016942459344863894,0.875,-0.027506110072135923,-0.008950521548589071,0.0625,0.8171864737488502,0.9588235294117649,0.0,0.0,0.3753055036067961,0.24999999999999994,0.0,0.0
1173,"0,13,77,147,82","30332,28688,6177,18956,16771",lucrarea piston tierius posture,0.12621127118666967,0.6261828839778898,False,0.07621127118666966,0.07621127118666966,0.055542975664138794,1.0,-0.0275236576795578,-0.004648315409819285,0.0625,0.7442715575023293,0.9852941176470588,0.0,0.0,0.3761828839778899,0.24999999999999994,0.0,0.0
1174,"0,13,77,26,158","30332,28688,6177,15157,17319",lucrarea piston tie sportingenţă,0.13737271030743917,0.6276887953281403,False,0.08737271030743916,0.08737271030743916,0.06113106608390808,1.0,-0.027553775906562807,-0.005501396954059601,0.0625,0.7421518718743784,0.9647058823529412,0.0,0.0,0.3776887953281403,0.24999999999999994,0.0,0.0
1175,"0,169,10,165,82","30332,680,15854,13114,16771",lucrarea sie realm-> posture,0.1261177216966947,0.630222886800766,False,0.07611772169669469,0.07611772169669469,0.05920463800430298,1.0,-0.02760445773601532,-0.0094032088915507,0.0625,0.7457896324903092,0.9823529411764707,0.0,0.0,0.380222886800766,0.24999999999999994,0.0,0.0
1176,"0,13,112,26,141","30332,28688,21711,15157,25205",lucrarea piston bilden sportingizeze,0.13537559707959493,0.6328855752944946,False,0.08537559707959493,0.08537559707959493,0.059205013513565066,1.0,-0.027657711505889894,-0.005560932060082753,0.0625,0.7507835256868987,0.9676470588235294,0.0,0.0,0.3828855752944947,0.24999999999999994,0.0,0.0
1177,"0,133,134,26,90","30332,121,28448,15157,23060","lucrarea"" senzati sporting răspunde",0.13049902816613515,0.635664701461792,False,0.08049902816613515,0.08049902816613515,0.05287211537361145,1.0,-0.03271329402923584,-0.0022679120302200317,0.041666666666666664,0.7366397320987836,0.9294117647058824,0.0,0.0,0.635664701461792,0.0,0.0,0.0
1178,"0,41,134,26,66","30332,3852,28448,15157,1041",lucrarea rep senzati sporting action,0.13802592009305953,0.6370033621788023,False,0.08802592009305954,0.08802592009305954,0.06124531626701355,1.0,-0.02774006724357605,-0.0026307031512260437,0.0625,0.7616027142103228,0.9823529411764707,0.0,0.0,0.3870033621788024,0.24999999999999994,0.0,0.0
1179,"14,128,188,200,45","6661,96,29904,3404,25231","sport ""weiligewareffentlichkeit",0.06347695688406627,0.6370921759378341,False,0.03009176254272461,0.03014362355073293,0.00572131872177124,0.6666666666666666,-0.02678946256637573,-0.00868238757054011,0.0625,0.8169097513798103,0.961764705882353,0.0,0.04761904761904761,0.3394731283187865,0.24999999999999994,0.0,0.0
1180,"0,35,100,235,210","30332,14797,14338,7999,12182",lucrareagraphic surroundingselli estim,0.11482284516096115,0.6395024359226225,False,0.06482284516096115,0.06482284516096115,0.03988619446754456,1.0,-0.02779004871845245,-0.00710476686557134,0.0625,0.7691140476701945,0.976470588235294,0.0,0.0,0.38950243592262257,0.24999999999999994,0.0,0.0
1181,"0,169,35,133,76","30332,680,14797,121,26292","lucrarea siegraphic"" menschliche",0.12065537571907044,0.6421009004116057,False,0.07065537571907043,0.07065537571907043,0.05373324155807495,1.0,-0.027842018008232116,-0.000679410994052887,0.0625,0.7518766755307879,0.9852941176470588,0.0,0.0,0.3921009004116058,0.24999999999999994,0.0,0.0
1182,"0,129,100,26,90","30332,17,14338,15157,23060",lucrareat surroundings sporting răspunde,0.13470764756202697,0.6482266187667846,False,0.08470764756202698,0.08470764756202698,0.054853910207748414,1.0,-0.027964532375335693,-0.003647583226362864,0.0625,0.7566803751660623,0.976470588235294,0.0,0.0,0.3982266187667846,0.24999999999999994,0.0,0.0
1183,"231,31,105,238,41","21815,8221,10924,12740,3852", stainedimageissentvolu rep,0.0446506808201472,0.6515704979972234,False,0.020810027917226154,0.02173401415348053,-0.0024654507637023905,0.4583333333333333,-0.018979492783546447,-0.008786256114641825,0.020833333333333332,0.8150291199155738,0.9294117647058824,0.30633240275912815,0.34523809523809523,0.0,0.0,0.0,0.0
1184,"0,13,41,26,169","30332,28688,3852,15157,680",lucrarea piston rep sporting sie,0.1426643634835879,0.6529994216495709,False,0.0926643634835879,0.0926643634835879,0.06532508134841919,1.0,-0.02737656831741333,-0.00750571737686793,0.0625,0.6760802959547667,0.9735294117647059,0.0,0.0,0.3688284158706664,0.24999999999999994,0.03417100577890464,0.0
1185,"0,13,46,26,169","30332,28688,18927,15157,680",lucrarea piston rar sporting sie,0.13836911618709563,0.6546546816825864,False,0.08836911618709564,0.08836911618709564,0.05843067169189453,1.0,-0.02809309363365173,-0.0053883592287699384,0.0625,0.717245083315046,0.9529411764705882,0.0,0.0,0.40465468168258656,0.24999999999999994,0.0,0.0
1186,"11,133,157,26,169","9161,121,27499,15157,680"," bro""izant sporting sie",0.09160178005695344,0.6584795117378234,False,0.043685113390286766,0.043685113390286766,0.021641331911087035,0.9583333333333334,-0.02816959023475647,-0.013123569389184317,0.0625,0.7694971364059113,0.961764705882353,0.0,0.0,0.40847951173782343,0.24999999999999994,0.0,0.0
1187,"0,41,41,26,169","30332,3852,3852,15157,680",lucrarea rep rep sporting sie,0.1359301934639613,0.6603240822497515,False,0.08593019346396129,0.08593019346396129,0.05733370780944824,1.0,-0.027966845035552978,-0.0075821901361147566,0.0625,0.6916127186695281,0.9647058823529412,0.0,0.0,0.39834225177764887,0.24999999999999994,0.01198183047210263,0.0
1188,"0,35,74,26,82","30332,14797,9633,15157,16771",lucrareagraphic bitte sporting posture,0.13540148039658864,0.665901631116867,False,0.08540148039658864,0.08540148039658864,0.05775365233421326,1.0,-0.02831803262233734,-0.007219873368740082,0.0625,0.7496111799850917,0.9735294117647059,0.0,0.0,0.415901631116867,0.24999999999999994,0.0,0.0
1189,"0,169,0,26,190","30332,680,30332,15157,11733",lucrarea sielucrarea sportingusion,0.1514821579058965,0.6670621335506439,False,0.1014821579058965,0.1014821579058965,0.07632635235786438,1.0,-0.02834124267101288,0.005029226342837016,0.0625,0.7139266533659822,0.988235294117647,0.0,0.0,0.417062133550644,0.24999999999999994,0.0,0.0
1190,"0,129,105,26,85","30332,17,10924,15157,6796",lucrareatissent sporting drawn,0.12739815860986708,0.669508308172226,False,0.0773981586098671,0.0773981586098671,0.05137774348258972,1.0,-0.02839016616344452,-0.0028396000464757285,0.0625,0.7804314136468358,0.976470588235294,0.0,0.0,0.41950830817222595,0.24999999999999994,0.0,0.0
1191,"0,28,105,200,171","30332,5378,10924,3404,7184",lucrarea neckissentwareн,0.1105696365237236,0.6702861487865448,False,0.0605696365237236,0.0605696365237236,0.04259640574455261,1.0,-0.028405722975730897,-0.004769640664259593,0.0625,0.7902038428825193,0.9794117647058824,0.0,0.0,0.4202861487865448,0.24999999999999994,0.0,0.0
1192,"0,13,188,26,82","30332,28688,29904,15157,16771",lucrarea pistonweilige sporting posture,0.136747149626414,0.6707199215888976,False,0.08674714962641399,0.08674714962641399,0.05804914832115174,1.0,-0.028414398431777954,-0.0053839534521102905,0.0625,0.7535682712678894,0.976470588235294,0.0,0.0,0.42071992158889765,0.24999999999999994,0.0,0.0
1193,"104,92,94,198,180","15091,18158,18852,3484,31797",spieler imperativekapgrascrisă,0.0680929648379485,0.6737773418426511,False,0.032676298171281815,0.032676298171281815,0.012707769870758057,0.7083333333333334,-0.028475546836853025,-0.01361825317144394,0.0625,0.7902166562474455,0.9735294117647059,0.0,0.0,0.42377734184265126,0.24999999999999994,0.0,0.0
1194,"0,129,187,26,169","30332,17,20719,15157,680",lucrareat apărut sporting sie,0.13260834962129592,0.6742427051067351,False,0.08260834962129593,0.08260834962129593,0.05863965153694153,1.0,-0.028484854102134704,-0.00790705531835556,0.0625,0.7216148266996253,0.9823529411764707,0.0,0.0,0.4242427051067352,0.24999999999999994,0.0,0.0
1195,"231,143,105,147,31","21815,9031,10924,18956,8221", stainedighissentriusimage,0.04383899544676145,0.6753090277077659,False,0.018838995446761448,0.018838995446761448,0.003919655084609986,0.5,-0.020351225137710573,-0.008752651512622833,0.041666666666666664,0.8930136517140616,0.9823529411764707,0.3720334851079517,0.28571428571428564,0.017561256885528613,0.0,0.0,0.0
1196,"0,247,77,39,76","30332,12327,6177,2951,26292",lucrarearegarded tieches menschliche,0.11646332641442617,0.6759123802185057,False,0.06646332641442616,0.06646332641442616,0.04254623055458069,1.0,-0.028518247604370116,-0.0016744360327720642,0.0625,0.7741247680568679,0.9676470588235294,0.0,0.0,0.4259123802185058,0.24999999999999994,0.0,0.0
1197,"0,35,8,26,169","30332,14797,17682,15157,680",lucrareagraphicSport sporting sie,0.13486377944548925,0.6790294051170349,False,0.08486377944548924,0.08486377944548924,0.05791833996772766,1.0,-0.0285805881023407,-0.004844002425670624,0.0625,0.7510979162612639,0.9705882352941176,0.0,0.0,0.4290294051170349,0.24999999999999994,0.0,0.0
1198,"0,133,115,26,82","30332,121,29508,15157,16771","lucrarea"" pantofi sporting posture",0.13160234739383062,0.6941058039665221,False,0.08160234739383061,0.08160234739383061,0.052675026655197146,1.0,-0.028882116079330444,-0.006652670602003734,0.0625,0.7484351292139085,0.976470588235294,0.0,0.0,0.44410580396652216,0.24999999999999994,0.0,0.0
1199,"0,219,8,215,180","30332,25895,17682,6520,31797",lucrareafloodedSportribscrisă,0.12237791270017624,0.6963882148265836,False,0.07237791270017624,0.07237791270017624,0.04680168628692627,1.0,-0.028927764296531676,-0.002801850438117981,0.0625,0.7804251613422633,0.9588235294117649,0.0,0.0,0.44638821482658375,0.24999999999999994,0.0,0.0
1200,"176,247,0,62,122","257,12327,30332,23226,12759",ationregardedlucrarea imobil beneath,0.11937991827726364,0.698037326335907,False,0.06937991827726364,0.06937991827726364,0.04591237306594849,1.0,-0.02896074652671814,-0.008339211344718933,0.0625,0.7716990282606482,0.9735294117647059,0.0,0.0,0.448037326335907,0.24999999999999994,0.0,0.0
1201,"0,35,8,14,210","30332,14797,17682,6661,12182",lucrareagraphicSportsport estim,0.12478109995524089,0.7007390558719634,False,0.07478109995524089,0.07478109995524089,0.04915251731872559,1.0,-0.02901478111743927,-0.006678355236848195,0.0625,0.7561553359598673,0.9470588235294116,0.0,0.0,0.45073905587196345,0.24999999999999994,0.0,0.0
1202,"170,31,24,147,78","13602,8221,29668,18956,20961",ffenimage CrisisriusKING,0.05737952440977097,0.7009043130609722,False,0.028212857743104298,0.028212857743104298,0.00939018726348877,0.5833333333333334,-0.024493324756622314,-0.006284308930238088,0.0625,0.8311322005032256,0.9294117647058824,0.05957140856319004,0.16666666666666657,0.22466623783111567,0.24999999999999994,0.0,0.0
1203,"118,169,11,215,36","2280,680,9161,6520,24143", km sie broribKT,0.05426001598437628,0.7116214931011198,False,0.024986863136291504,0.025093349317709606,0.012382042407989503,0.5833333333333334,-0.022557005286216736,-0.010018197198708853,0.0625,0.8771992577819772,0.9794117647058824,0.16710456212361652,0.16666666666666657,0.12785026431083676,0.24999999999999994,0.0,0.0
1204,"39,136,105,134,184","2951,2824,10924,28448,20351",ches....issent senzatiüchte,0.05949465384085973,0.712457126568234,False,0.025868532558282215,0.026161320507526398,0.005678129196166993,0.6666666666666666,-0.025542449951171876,-0.013732207318147024,0.0625,0.8314733756416235,0.9794117647058824,0.13771558139059278,0.04761904761904761,0.27712249755859375,0.24999999999999994,0.0,0.0
1205,"0,123,188,26,82","30332,22250,29904,15157,16771",lucrarea papaweilige sporting posture,0.13274666716655095,0.7165751159191129,False,0.08274666716655095,0.08274666716655095,0.053418475389480594,1.0,-0.02933150231838226,-0.005173012614250183,0.0625,0.7535792320981275,0.9735294117647059,0.0,0.0,0.466575115919113,0.24999999999999994,0.0,0.0
1206,"0,169,73,215,171","30332,680,9472,6520,7184",lucrarea sie problèmeribн,0.12087435324986776,0.7181431651115415,False,0.07087435324986775,0.07087435324986775,0.04796842336654663,1.0,-0.029362863302230834,-0.006879548231760661,0.0625,0.7770981634202668,0.9794117647058824,0.0,0.0,0.46814316511154164,0.24999999999999994,0.0,0.0
1207,"187,129,64,39,184","20719,17,30828,2951,20351", apăruttDOWNchesüchte,0.04796038220326106,0.7198715214691465,False,0.0222834845383962,0.02296038220326106,0.0005668640136718768,0.5,-0.023538801074028014,-0.010774508118629456,0.041666666666666664,0.8680353090024,0.9558823529411766,0.25721718205346,0.28571428571428564,0.1769400537014007,0.0,0.0,0.0
1208,"0,129,105,50,53","30332,17,10924,21100,1735",lucrareatissent Coupe moving,0.13230697611967723,0.7205644547939299,False,0.08230697611967723,0.08230697611967723,0.05504255294799805,1.0,-0.0294112890958786,-0.005527578294277191,0.0625,0.7217681239450683,0.9529411764705882,0.0,0.0,0.47056445479393,0.24999999999999994,0.0,0.0
1209,"14,247,128,133,102","6661,12327,96,121,26182","sportregarded """" correspondant",0.07103383541107178,0.7240673516477856,False,0.03960731873909632,0.03978383541107178,0.00843210816383362,0.625,-0.027338489890098572,-0.010659801463286081,0.0625,0.7740029639011231,0.9088235294117648,0.0,0.10714285714285708,0.36692449450492853,0.24999999999999994,0.0,0.0
1210,"0,57,8,28,114","30332,23976,17682,5378,21415",lucrarea déplacementSport neckRAL,0.1309028719862302,0.7287745475769043,False,0.08090287198623021,0.08090287198623021,0.05623151063919068,1.0,-0.029575490951538087,-0.006234067181746165,0.0625,0.7242270549877837,0.9794117647058824,0.0,0.0,0.47877454757690435,0.24999999999999994,0.0,0.0
1211,"0,247,8,238,169","30332,12327,17682,12740,680",lucrarearegardedSportvolu sie,0.11887667874495189,0.731981426477432,False,0.06887667874495189,0.06887667874495189,0.04304525852203369,1.0,-0.029639628529548642,-0.005388480921586354,0.0625,0.7527655062363651,0.976470588235294,0.0,0.0,0.4819814264774321,0.24999999999999994,0.0,0.0
1212,"170,123,157,43,169","13602,22250,27499,25627,680",ffen papaizant Exterior sie,0.058737676590681076,0.7325966620729081,False,0.027487676590681076,0.027487676590681076,0.010297197103500367,0.625,-0.02583419382572174,-0.010638912518819174,0.0625,0.8430365884091691,0.9647058823529412,0.0837441136439641,0.10714285714285708,0.2917096912860869,0.24999999999999994,0.0,0.0
1213,"83,1,185,133,169","7383,22665,15058,121,680"," Frontpicturedtient"" sie",0.060810711979866025,0.7353696917730662,False,0.027477378646532696,0.027477378646532696,0.01114313006401062,0.6666666666666666,-0.03207326531410217,-0.010386653244495392,0.041666666666666664,0.8417263832509869,0.961764705882353,0.08408737844891011,0.04761904761904761,0.6036632657051085,0.0,0.0,0.0
1214,"0,129,134,26,82","30332,17,28448,15157,16771",lucrareat senzati sporting posture,0.1380427286028862,0.7368700504302977,False,0.0880427286028862,0.0880427286028862,0.05900564193725586,1.0,-0.029737401008605956,-0.004195051888624827,0.0625,0.7565514696273464,0.9735294117647059,0.0,0.0,0.4868700504302978,0.24999999999999994,0.0,0.0
1215,"0,57,157,133,169","30332,23976,27499,121,680","lucrarea déplacementizant"" sie",0.11487632791201274,0.737064758936564,False,0.06487632791201274,0.06487632791201274,0.04819362759590149,1.0,-0.02140796184539795,-0.005002034207185109,0.08333333333333333,0.7959668467304654,0.9852941176470588,0.0,0.0,0.07039809226989743,0.6666666666666665,0.0,0.0
1216,"0,13,100,38,80","30332,28688,14338,25012,8787",lucrarea piston surroundings caption Abs,0.1351347769300143,0.7417039871215819,False,0.0851347769300143,0.0851347769300143,0.06168838143348694,1.0,-0.02983407974243164,-0.01106645663579305,0.0625,0.7171404151051665,0.976470588235294,0.0,0.0,0.491703987121582,0.24999999999999994,0.0,0.0
1217,"0,169,188,200,82","30332,680,29904,3404,16771",lucrarea sieweiligeware posture,0.11465357293685277,0.7425912022590636,False,0.06465357293685277,0.06465357293685277,0.04750889539718628,1.0,-0.029851824045181274,-0.006049099067846934,0.0625,0.7832785278956603,0.9823529411764707,0.0,0.0,0.49259120225906367,0.24999999999999994,0.0,0.0
1218,"0,133,41,26,203","30332,121,3852,15157,7889","lucrarea"" rep sporting assembly",0.1355739216009776,0.7430684864521027,False,0.08557392160097758,0.08557392160097758,0.05403298735618592,1.0,-0.029861369729042055,-0.006465742985407512,0.0625,0.7094650551364496,0.9735294117647059,0.0,0.0,0.4930684864521027,0.24999999999999994,0.0,0.0
1219,"0,13,100,92,82","30332,28688,14338,18158,16771",lucrarea piston surroundings imperative posture,0.12802619785070418,0.7450743317604063,False,0.0780261978507042,0.0780261978507042,0.052081698179244997,1.0,-0.029901486635208127,-0.007631363968054454,0.0625,0.750305494548415,0.9470588235294116,0.0,0.0,0.4950743317604063,0.24999999999999994,0.0,0.0
1220,"0,129,151,26,90","30332,17,1110,15157,23060",lucrareat sein sporting răspunde,0.12957843194405239,0.7454162637392678,False,0.07957843194405238,0.07957843194405238,0.05285587310791016,1.0,-0.021574991941452026,-0.006267348925272624,0.08333333333333333,0.7543670996632015,0.9735294117647059,0.0,0.0,0.07874959707260126,0.6666666666666665,0.0,0.0
1221,"0,129,41,26,82","30332,17,3852,15157,16771",lucrareat rep sporting posture,0.1382888709505399,0.7471005419890084,False,0.0882888709505399,0.0882888709505399,0.06082793474197388,1.0,-0.02160867750644684,-0.005276719729105632,0.08333333333333333,0.7417559697737353,0.9676470588235294,0.0,0.0,0.08043387532234193,0.6666666666666665,0.0,0.0
1222,"32,57,0,134,159","22608,23976,30332,28448,3077",occupant déplacementlucrarea senzatiige,0.11580974161624909,0.7485143641630806,False,0.06580974161624908,0.06580974161624908,0.04853304624557495,1.0,-0.021636953949928282,-0.006709304948647817,0.08333333333333333,0.74741731578067,0.961764705882353,0.0,0.0,0.08184769749641409,0.6666666666666665,0.0,0.0
1223,"170,225,157,215,45","13602,28654,27499,6520,25231",ffen festgelegtizantribffentlichkeit,0.04289000183343887,0.7516045825822013,False,0.019575931131839752,0.019973335166772205,0.0055354595184326175,0.4583333333333333,-0.021177950501441955,-0.008204181989034018,0.041666666666666664,0.8833313791665338,0.9852941176470588,0.34746896227200824,0.34523809523809523,0.05889752507209772,0.0,0.0,0.0
1224,"0,165,100,26,82","30332,13114,14338,15157,16771",lucrarea-> surroundings sporting posture,0.13663768072923024,0.7555153767267861,False,0.08663768072923024,0.08663768072923024,0.05447314977645874,1.0,-0.021776974201202393,-0.006242146094640096,0.08333333333333333,0.746751715505013,0.9676470588235294,0.0,0.0,0.0888487100601196,0.6666666666666665,0.0,0.0
1225,"0,189,74,26,45","30332,10646,9633,15157,25231",lucrareatial bitte sportingffentlichkeit,0.13283059298992156,0.756887227296829,False,0.08283059298992157,0.08283059298992157,0.054153341054916385,1.0,-0.03013774454593658,-0.004717523852984111,0.0625,0.7552730663146439,0.9823529411764707,0.0,0.0,0.506887227296829,0.24999999999999994,0.0,0.0
1226,"0,76,100,26,90","30332,26292,14338,15157,23060",lucrarea menschliche surroundings sporting răspunde,0.13472302556037902,0.7598361174265542,False,0.08472302556037903,0.08472302556037903,0.05587064027786255,1.0,-0.021863389015197753,-0.0039800554513931274,0.08333333333333333,0.7566915675631365,0.9647058823529412,0.0,0.0,0.09316945075988764,0.6666666666666665,0.0,0.0
1227,"0,129,100,26,246","30332,17,14338,15157,728",lucrareat surroundings sporting once,0.12865775376558303,0.7599052588144937,False,0.07865775376558304,0.07865775376558304,0.05139238834381103,1.0,-0.021864771842956543,-0.003961116075515747,0.08333333333333333,0.7891658831345474,0.9676470588235294,0.0,0.0,0.09323859214782712,0.6666666666666665,0.0,0.0
1228,"170,169,105,133,169","13602,680,10924,121,680","ffen sieissent"" sie",0.03972334216038387,0.7651743089395855,False,0.02097334216038386,0.02097334216038386,0.008565521240234375,0.375,-0.012450456619262695,-0.006911265353361766,0.0,0.8962567452524747,0.9852941176470588,0.30088859465387124,0.46428571428571425,0.0,0.0,0.0,0.0
1229,"0,31,100,39,54","30332,8221,14338,2951,7818",lucrareaimage surroundingschesroc,0.11810023387273152,0.7662354211012521,False,0.06810023387273152,0.06810023387273152,0.046287399530410764,1.0,-0.02199137508869171,-0.0023704245686531067,0.08333333333333333,0.8046901238211028,0.961764705882353,0.0,0.0,0.09956875443458552,0.6666666666666665,0.0,0.0
1230,"0,133,41,26,210","30332,121,3852,15157,12182","lucrarea"" rep sporting estim",0.13121900260448455,0.7662769953409829,False,0.08121900260448456,0.08121900260448456,0.04924767017364502,1.0,-0.021992206573486328,-0.004348337650299072,0.08333333333333333,0.7361860154780817,0.95,0.0,0.0,0.09961032867431638,0.6666666666666665,0.0,0.0
1231,"0,129,105,26,31","30332,17,10924,15157,8221",lucrareatissent sportingimage,0.1342633570233981,0.7697516977787016,False,0.08426335702339809,0.08426335702339809,0.06362702846527099,1.0,-0.030395033955574035,-0.0020400906602541604,0.0625,0.7547668612111116,0.9794117647058824,0.0,0.0,0.5197516977787017,0.24999999999999994,0.0,0.0
1232,"118,133,8,215,54","2280,121,17682,6520,7818"," km""Sportribroc",0.06829922844966252,0.7707394985925582,False,0.03496589511632919,0.03496589511632919,0.013222140073776246,0.6666666666666666,-0.029462409019470216,-0.010466431578000387,0.0625,0.8575809926235928,0.9529411764705882,0.0,0.04761904761904761,0.47312045097351074,0.24999999999999994,0.0,0.0
1233,"0,35,0,200,171","30332,14797,30332,3404,7184",lucrareagraphiclucrareawareн,0.12885212451219558,0.774408757686615,False,0.07885212451219559,0.07885212451219559,0.05966346859931946,1.0,-0.0304881751537323,0.0004098936915397644,0.0625,0.7676977077121714,0.9794117647058824,0.0,0.0,0.524408757686615,0.24999999999999994,0.0,0.0
1234,"118,35,94,36,153","2280,14797,18852,24143,23158", kmgraphickapKT pierdere,0.0407580316066742,0.7807127994204324,False,0.021929149826367695,0.022008031606674194,0.00514073371887207,0.375,-0.020947974920272828,-0.007239128152529399,0.041666666666666664,0.8590722058585947,0.9647058823529412,0.2690283391210768,0.46428571428571425,0.04739874601364137,0.0,0.0,0.0
1235,"0,129,233,26,158","30332,17,8216,15157,17319",lucrareat termen sportingenţă,0.12580988109111785,0.7820471922556557,False,0.07580988109111786,0.07580988109111786,0.050141793489456174,1.0,-0.022307610511779784,-0.0037359346946080527,0.08333333333333333,0.7674771788953382,0.9823529411764707,0.0,0.0,0.11538052558898916,0.6666666666666665,0.0,0.0
1236,"199,247,238,146,191","11171,12327,12740,20352,20041",matesregardedvolu cuirieni,0.051600773135821024,0.7824788065183728,False,0.026347510516643524,0.026600773135821026,0.004021531343460083,0.5,-0.022500297427177428,-0.009245691200097403,0.0625,0.8431323798903346,0.9294117647058824,0.12174964944521582,0.28571428571428564,0.12501487135887138,0.24999999999999994,0.0,0.0
1237,"0,122,115,77,184","30332,12759,29508,6177,20351",lucrarea beneath pantofi tieüchte,0.11859883417685826,0.7882655958334603,False,0.06859883417685826,0.06859883417685826,0.04416891932487488,1.0,-0.022431978583335878,-0.005042503277460734,0.08333333333333333,0.781882643008152,0.9676470588235294,0.0,0.0,0.12159892916679386,0.6666666666666665,0.0,0.0
1238,"0,232,100,26,82","30332,7578,14338,15157,16771",lucrareaetic surroundings sporting posture,0.13779890090227126,0.7897977332274118,False,0.08779890090227127,0.08779890090227127,0.056304389238357545,1.0,-0.022462621331214905,-0.0061396633585294085,0.08333333333333333,0.7600052117975893,0.9647058823529412,0.0,0.0,0.12313106656074521,0.6666666666666665,0.0,0.0
1239,"149,31,8,136,180","18457,8221,17682,2824,31797", varstaimageSport....scrisă,0.06703649361928304,0.7911342680454252,False,0.03161982695261637,0.03161982695261637,0.015205121040344239,0.7083333333333334,-0.030822685360908507,-0.009168031315008799,0.0625,0.8661098307609216,0.976470588235294,0.0,0.0,0.5411342680454253,0.24999999999999994,0.0,0.0
1240,"0,13,134,26,59","30332,28688,28448,15157,31675",lucrarea piston senzati sporting temporaire,0.1346799612045288,0.7928189436594644,False,0.08467996120452881,0.08467996120452881,0.06668788194656372,1.0,-0.022523045539855957,-0.002235251168409983,0.08333333333333333,0.7658865462987399,0.9852941176470588,0.0,0.0,0.12615227699279782,0.6666666666666665,0.0,0.0
1241,"0,133,178,26,82","30332,121,30831,15157,16771","lucrarea""Totusi sporting posture",0.13190270761648815,0.7937745551268258,False,0.08190270761648814,0.08190270761648814,0.060138541460037234,1.0,-0.022542157769203187,-0.004882402718067169,0.08333333333333333,0.7510780015133665,0.9588235294117649,0.0,0.0,0.12710788846015936,0.6666666666666665,0.0,0.0
1242,"0,129,41,26,31","30332,17,3852,15157,8221",lucrareat rep sportingimage,0.13509876827398937,0.7950266997019448,False,0.08509876827398936,0.08509876827398936,0.06111302375793457,1.0,-0.022567200660705566,-0.003005060056845347,0.08333333333333333,0.7538202159854756,0.9823529411764707,0.0,0.0,0.12836003303527826,0.6666666666666665,0.0,0.0
1243,"0,35,74,26,158","30332,14797,9633,15157,17319",lucrareagraphic bitte sportingenţă,0.13091665804386138,0.7953353027502693,False,0.08091665804386139,0.08091665804386139,0.05436658263206482,1.0,-0.022573372721672057,-0.005882526437441508,0.08333333333333333,0.7155664553207614,0.976470588235294,0.0,0.0,0.12866863608360282,0.6666666666666665,0.0,0.0
1244,"0,106,100,26,82","30332,14385,14338,15157,16771",lucrarea Freunde surroundings sporting posture,0.13503300448258718,0.795527676741282,False,0.08503300448258717,0.08503300448258717,0.056683999300003056,1.0,-0.02257722020149231,-0.008852993448575338,0.08333333333333333,0.7403333775111397,0.9823529411764707,0.0,0.0,0.12886101007461553,0.6666666666666665,0.0,0.0
1245,"0,31,35,200,158","30332,8221,14797,3404,17319",lucrareaimagegraphicwareenţă,0.11230588505665462,0.7965127925078073,False,0.06230588505665461,0.06230588505665461,0.04764456748962402,1.0,-0.022596922516822816,-0.0023028701543807983,0.08333333333333333,0.8002441949474741,0.9676470588235294,0.0,0.0,0.12984612584114075,0.6666666666666665,0.0,0.0
1246,"71,247,77,215,169","25688,12327,6177,6520,680", correspondentregarded tierib sie,0.041765042146046955,0.7967799930345443,False,0.02278514951467514,0.023015042146046955,0.003154838085174561,0.375,-0.021839985251426695,-0.01183929294347763,0.041666666666666664,0.8625725701518222,0.9382352941176471,0.2404950161774953,0.46428571428571425,0.09199926257133471,0.0,0.0,0.0
1247,"118,133,100,215,54","2280,121,14338,6520,7818"," km"" surroundingsribroc",0.06356935078899065,0.797620973416737,False,0.032319350788990654,0.032319350788990654,0.008533641695976259,0.625,-0.0288095623254776,-0.013696720202763876,0.0625,0.8405295686535076,0.9676470588235294,0.0,0.10714285714285708,0.44047811627387995,0.24999999999999994,0.0,0.0
1248,"0,157,100,46,169","30332,27499,14338,18927,680",lucrareaizant surroundings rar sie,0.11692307194073995,0.8022948900858559,False,0.06692307194073994,0.06692307194073994,0.04609808325767517,1.0,-0.022712564468383788,-0.007401001950105031,0.08333333333333333,0.785848919775445,0.9794117647058824,0.0,0.0,0.13562822341918937,0.6666666666666665,0.0,0.0
1249,"0,40,105,26,31","30332,18132,10924,15157,8221",lucrarea Vorstandissent sportingimage,0.1342623884479205,0.8026118377844491,False,0.08426238844792049,0.08426238844792049,0.05833553671836853,1.0,-0.022718903422355653,-0.00249310831228892,0.08333333333333333,0.7572237853412481,0.9647058823529412,0.0,0.0,0.1359451711177826,0.6666666666666665,0.0,0.0
1250,"0,129,0,147,169","30332,17,30332,18956,680",lucrareatlucrarearius sie,0.1344995031754176,0.8032598892847695,False,0.08449950317541759,0.08449950317541759,0.06554334759712219,1.0,-0.022731864452362062,0.00251103937625885,0.08333333333333333,0.7591596069014018,0.9676470588235294,0.0,0.0,0.13659322261810308,0.6666666666666665,0.0,0.0
1251,"0,41,74,26,169","30332,3852,9633,15157,680",lucrarea rep bitte sporting sie,0.13332178990046184,0.8085141877333322,False,0.08332178990046184,0.08332178990046184,0.05293526649475098,1.0,-0.022836950421333314,-0.00936132917801539,0.08333333333333333,0.7206832333183304,0.9470588235294116,0.0,0.0,0.14184752106666565,0.6666666666666665,0.0,0.0
1252,"0,219,35,26,162","30332,25895,14797,15157,5290",lucrareafloodedgraphic sportingizat,0.12784440616766612,0.8100738922754922,False,0.07784440616766612,0.07784440616766612,0.051246744394302365,1.0,-0.022868144512176513,-0.001066925625006358,0.08333333333333333,0.7798620679860161,0.9705882352941176,0.0,0.0,0.14340722560882563,0.6666666666666665,0.0,0.0
1253,"0,129,10,133,102","30332,17,15854,121,26182","lucrareat realm"" correspondant",0.12367050151030223,0.8161788980166116,False,0.07367050151030223,0.07367050151030223,0.051955515146255495,1.0,-0.0229902446269989,-0.00533499817053477,0.08333333333333333,0.7404045457187421,0.976470588235294,0.0,0.0,0.149512231349945,0.6666666666666665,0.0,0.0
1254,"0,129,0,215,169","30332,17,30332,6520,680",lucrareatlucrarearib sie,0.1401426300406456,0.8166362146536508,False,0.0901426300406456,0.0901426300406456,0.07159435153007507,1.0,-0.022999390959739685,0.004029132425785065,0.08333333333333333,0.7545073519768822,0.9852941176470588,0.0,0.0,0.14996954798698423,0.6666666666666665,0.0,0.0
1255,"72,180,145,28,172","7411,31797,26356,5378,13910", gripscrisă sunet necklebt,0.05415822962919871,0.8227414129272337,False,0.02915822962919871,0.02915822962919871,0.007353442907333375,0.5,-0.025179362297058104,-0.012292730311552683,0.0625,0.8173071200704148,0.9676470588235294,0.02805901236004292,0.28571428571428564,0.25896811485290516,0.24999999999999994,0.0,0.0
1256,"0,41,41,26,158","30332,3852,3852,15157,17319",lucrarea rep rep sportingenţă,0.13209690699974697,0.8261948625246681,False,0.08209690699974696,0.08209690699974696,0.05640806555747986,1.0,-0.023190563917160033,-0.006859436631202698,0.08333333333333333,0.7388427817877006,0.9823529411764707,0.0,0.0,0.15952819585800163,0.6666666666666665,0.0,0.0
1257,"178,41,185,190,217","30831,3852,15058,11733,15296",Totusi reptientusionITY,0.038949965188900634,0.8290597226411577,False,0.01727106546362241,0.018116631855567295,0.0005293786525726323,0.4166666666666667,-0.01650923490524292,-0.007418908178806305,0.041666666666666664,0.9074662010835322,0.9823529411764707,0.42429781787925297,0.4047619047619047,0.0,0.0,0.0,0.0
1258,"0,145,8,26,158","30332,26356,17682,15157,17319",lucrarea sunetSport sportingenţă,0.13125582834084829,0.8294719258944192,False,0.08125582834084828,0.08125582834084828,0.05487497448921204,1.0,-0.023256105184555054,-0.003566992779572805,0.08333333333333333,0.7718513220498019,0.9676470588235294,0.0,0.0,0.16280525922775269,0.6666666666666665,0.0,0.0
1259,"118,27,122,147,171","2280,2600,12759,18956,7184", km sport beneathriusн,0.07574811925490699,0.8295492629210153,False,0.038248119254906975,0.038248119254906975,0.015592670440673828,0.75,-0.023257651925086976,-0.010048486292362213,0.08333333333333333,0.8651262892194137,0.9735294117647059,0.0,0.0,0.1628825962543488,0.6666666666666665,0.0,0.0
1260,"0,117,134,26,82","30332,12941,28448,15157,16771",lucrarea Listen senzati sporting posture,0.13839574704567592,0.8339293102423347,False,0.08839574704567592,0.08839574704567592,0.061325907707214355,1.0,-0.023345252871513365,-0.006592266261577606,0.08333333333333333,0.7284651912205602,0.9794117647058824,0.0,0.0,0.16726264357566825,0.6666666666666665,0.0,0.0
1261,"0,189,8,26,153","30332,10646,17682,15157,23158",lucrareatialSport sporting pierdere,0.13225303639968236,0.8363973895708718,False,0.08225303639968236,0.08225303639968236,0.05299482941627502,1.0,-0.023394614458084106,-0.0032805477579434714,0.08333333333333333,0.7674488505523989,0.961764705882353,0.0,0.0,0.1697307229042053,0.6666666666666665,0.0,0.0
1262,"0,133,8,26,54","30332,121,17682,15157,7818","lucrarea""Sport sportingroc",0.1333468660712242,0.8379764656225838,False,0.08334686607122421,0.08334686607122421,0.056570547819137576,1.0,-0.023426195979118346,-0.005298142631848653,0.08333333333333333,0.7577719040420995,0.9529411764705882,0.0,0.0,0.17130979895591728,0.6666666666666665,0.0,0.0
1263,"0,169,35,26,153","30332,680,14797,15157,23158",lucrarea siegraphic sporting pierdere,0.12629845043023427,0.8385899464289346,False,0.07629845043023427,0.07629845043023427,0.05546330809593201,1.0,-0.023438465595245362,-0.0016497696439425151,0.08333333333333333,0.797403564570058,0.976470588235294,0.0,0.0,0.17192327976226807,0.6666666666666665,0.0,0.0
1264,"0,35,35,26,159","30332,14797,14797,15157,3077",lucrareagraphicgraphic sportingige,0.1322009767095248,0.8392047683397927,False,0.0822009767095248,0.0822009767095248,0.05545952916145325,1.0,-0.023450762033462524,-0.0011780709028244019,0.08333333333333333,0.7980287950273028,0.9647058823529412,0.0,0.0,0.1725381016731262,0.6666666666666665,0.0,0.0
1265,"0,169,0,247,114","30332,680,30332,12327,21415",lucrarea sielucrarearegardedRAL,0.1319777026772499,0.8441027800242105,False,0.08197770267724991,0.08197770267724991,0.05996261835098267,1.0,-0.02354872226715088,0.0010609353582064311,0.08333333333333333,0.7541996768407614,0.9676470588235294,0.0,0.0,0.17743611335754392,0.6666666666666665,0.0,0.0
1266,"83,189,41,77,184","7383,10646,3852,6177,20351", Fronttial rep tieüchte,0.05093700836102168,0.8442877800691693,False,0.02498655766248703,0.02593700836102168,0.003428113460540773,0.5,-0.022829174995422363,-0.011875271797180176,0.0625,0.8525464980417551,0.9352941176470588,0.16711474458376563,0.28571428571428564,0.14145874977111814,0.24999999999999994,0.0,0.0
1267,"218,247,134,215,169","6798,12327,28448,6520,680", Thinkregarded senzatirib sie,0.03758700986703237,0.8448956041108994,False,0.018581703305244446,0.018837009867032368,0.0018674433231353764,0.375,-0.018047118186950685,-0.009977551798025766,0.020833333333333332,0.8789851012213376,0.9529411764705882,0.3806098898251851,0.46428571428571425,0.0,0.0,0.0,0.0
1268,"0,129,0,26,82","30332,17,30332,15157,16771",lucrareatlucrarea sporting posture,0.15732606798410415,0.8455081798690582,False,0.10732606798410416,0.10732606798410416,0.07977048754692077,1.0,-0.03102215528488159,-0.00022313992182413736,0.0625,0.6689197090625147,0.976470588235294,0.0,0.0,0.5511077642440795,0.24999999999999994,0.04440041562497887,0.0
1269,"36,31,8,26,31","24143,8221,17682,15157,8221",KTimageSport sportingimage,0.08615359862645468,0.8455509245395658,False,0.042403598626454674,0.042403598626454674,0.018489354848861696,0.875,-0.03191101849079132,-0.01094908763964971,0.0625,0.7957319607697991,0.9705882352941176,0.0,0.0,0.5955509245395658,0.24999999999999994,0.0,0.0
1270,"0,41,105,26,54","30332,3852,10924,15157,7818",lucrarea repissent sportingroc,0.13475377162297567,0.8477495412031808,False,0.08475377162297566,0.08475377162297566,0.05953815579414368,1.0,-0.023621657490730287,-0.002835263808568319,0.08333333333333333,0.7598394099430014,0.9676470588235294,0.0,0.0,0.18108287453651434,0.6666666666666665,0.0,0.0
1271,"0,129,41,26,34","30332,17,3852,15157,19867",lucrareat rep sportingrasi,0.13406029889980953,0.8484419981638589,False,0.08406029889980952,0.08406029889980952,0.0595798134803772,1.0,-0.023635506629943848,-0.002810947597026825,0.08333333333333333,0.7487844863805123,0.9735294117647059,0.0,0.0,0.18177533149719236,0.6666666666666665,0.0,0.0
1272,"0,129,77,209,90","30332,17,6177,31192,23060",lucrareat tieDeveloped răspunde,0.12198300460974376,0.8529963890711465,False,0.07198300460974376,0.07198300460974376,0.04440537691116333,1.0,-0.0237265944480896,-0.0072495390971501665,0.08333333333333333,0.7310426072943708,0.95,0.0,0.0,0.18632972240447998,0.6666666666666665,0.0,0.0
1273,"0,13,35,26,82","30332,28688,14797,15157,16771",lucrarea pistongraphic sporting posture,0.1390462373693784,0.853048543135325,False,0.0890462373693784,0.0890462373693784,0.05544320344924927,1.0,-0.02372763752937317,-0.004815387229124705,0.08333333333333333,0.7532027044227645,0.9676470588235294,0.0,0.0,0.18638187646865845,0.6666666666666665,0.0,0.0
1274,"0,13,134,26,202","30332,28688,28448,15157,5457",lucrarea piston senzati sportingnch,0.13245988686879476,0.8538555900255838,False,0.08245988686879475,0.08245988686879475,0.057776063680648804,1.0,-0.023743778467178345,-0.003922626376152039,0.08333333333333333,0.7704014820895017,0.9676470588235294,0.0,0.0,0.1871889233589172,0.6666666666666665,0.0,0.0
1275,"0,247,151,26,54","30332,12327,1110,15157,7818",lucrarearegarded sein sportingroc,0.12871441294749578,0.8554056088129677,False,0.07871441294749577,0.07871441294749577,0.051148992776870725,1.0,-0.023774778842926024,-0.005333170294761658,0.08333333333333333,0.7583940469415308,0.9823529411764707,0.0,0.0,0.1887389421463012,0.6666666666666665,0.0,0.0
1276,"0,200,22,39,159","30332,3404,17088,2951,3077",lucrareaware Behindchesige,0.11154550611972809,0.8570846716562905,False,0.06154550611972809,0.06154550611972809,0.036628049612045285,1.0,-0.02380836009979248,-0.005107219020525615,0.08333333333333333,0.8202430787953244,0.9823529411764707,0.0,0.0,0.190418004989624,0.6666666666666665,0.0,0.0
1277,"0,133,8,77,169","30332,121,17682,6177,680","lucrarea""Sport tie sie",0.1285585269331932,0.8585504988829292,False,0.0785585269331932,0.0785585269331932,0.053273075819015504,1.0,-0.023837676644325255,-0.005140038828055064,0.08333333333333333,0.7469054758841279,0.9852941176470588,0.0,0.0,0.19188383221626273,0.6666666666666665,0.0,0.0
1278,"0,13,100,140,82","30332,28688,14338,24800,16771",lucrarea piston surroundingsaparut posture,0.12123466332753499,0.8600850204626718,False,0.07123466332753499,0.07123466332753499,0.04995341300964356,1.0,-0.023868367075920105,-0.009546188016732534,0.08333333333333333,0.7404412104677781,0.9823529411764707,0.0,0.0,0.19341835379600522,0.6666666666666665,0.0,0.0
1279,"0,136,157,26,54","30332,2824,27499,15157,7818",lucrarea....izant sportingroc,0.13050904422998427,0.8603593508402505,False,0.08050904422998428,0.08050904422998428,0.05582064986228943,1.0,-0.02387385368347168,-0.0037326465050379434,0.08333333333333333,0.7421444617356259,0.9647058823529412,0.0,0.0,0.19369268417358393,0.6666666666666665,0.0,0.0
1280,"231,57,154,147,191","21815,23976,12307,18956,20041", stained déplacementoarariusieni,0.050291903068621954,0.8624883627607708,False,0.02320856973528862,0.02320856973528862,0.005624189972877504,0.5416666666666666,-0.02819833755493164,-0.011016353964805603,0.041666666666666664,0.8402826412173685,0.9647058823529412,0.22638100882371265,0.2261904761904762,0.4099168777465819,0.0,0.0,0.0
1281,"86,190,39,147,160","16233,11733,2951,18956,20437", Crewusionchesriusenţa,0.03852882732947668,0.8634898075981745,False,0.016238162914911907,0.01769549399614334,-0.0016987442970275877,0.4166666666666667,-0.013371691107749939,-0.004732641081015269,0.0,0.8963103915694851,0.9705882352941176,0.45872790283626974,0.4047619047619047,0.0,0.0,0.0,0.0
1282,"178,157,185,215,58","30831,27499,15058,6520,28310",Totusiizanttientrib Illustration,0.0547201489408811,0.8638731307453578,False,0.025553482274214428,0.025553482274214428,0.007480454444885255,0.5833333333333334,-0.02597978413105011,-0.010102026164531708,0.0625,0.8868031063610406,0.9735294117647059,0.1482172575261857,0.16666666666666657,0.2989892065525055,0.24999999999999994,0.0,0.0
1283,"36,247,28,215,169","24143,12327,5378,6520,680",KTregarded neckrib sie,0.06285440921783447,0.8649533107167195,False,0.03160440921783447,0.03160440921783447,0.011577177047729493,0.625,-0.02182287573814392,-0.011702979604403177,0.08333333333333333,0.8269287221069063,0.95,0.0,0.10714285714285708,0.09114378690719595,0.6666666666666665,0.0,0.0
1284,"0,169,21,147,31","30332,680,10089,18956,8221",lucrarea sie Animalriusimage,0.13004448314507802,0.8655155996481576,False,0.08004448314507802,0.08004448314507802,0.05472322702407837,1.0,-0.023976978659629822,-0.007721148431301117,0.08333333333333333,0.7602250459139144,0.9676470588235294,0.0,0.0,0.1988489329814911,0.6666666666666665,0.0,0.0
1285,"174,149,151,46,199","6031,18457,1110,18927,11171",tting varsta sein rarmates,0.05341538588205974,0.8686506748199461,False,0.024248719215393066,0.024248719215393066,0.010486137866973878,0.5833333333333334,-0.025205492973327637,-0.011972283323605856,0.0625,0.8494262121153762,0.988235294117647,0.19170935948689777,0.16666666666666657,0.26027464866638184,0.24999999999999994,0.0,0.0
1286,"200,35,185,132,41","3404,14797,15058,6889,3852",waregraphictient ihm rep,0.03729903300603231,0.8696765284689645,False,0.019623989860216778,0.020632366339365642,0.0025785803794860845,0.3333333333333333,-0.019959720969200134,-0.008034422993659973,0.041666666666666664,0.852355609779932,0.9794117647058824,0.3458670046594407,0.5238095238095238,0.0,0.0,0.0,0.0
1287,"0,165,35,26,90","30332,13114,14797,15157,23060",lucrarea->graphic sporting răspunde,0.1349660684665044,0.8702629605929055,False,0.08496606846650441,0.08496606846650441,0.05576027035713196,1.0,-0.02407192587852478,-0.0023448591430981955,0.08333333333333333,0.7644130093322207,0.9558823529411766,0.0,0.0,0.20359629392623907,0.6666666666666665,0.0,0.0
1288,"0,219,35,26,159","30332,25895,14797,15157,3077",lucrareafloodedgraphic sportingige,0.13260232706864675,0.8721518317858377,False,0.08260232706864674,0.08260232706864674,0.05686953663825989,1.0,-0.024109703302383424,-0.000226534903049469,0.08333333333333333,0.7769158431313764,0.9705882352941176,0.0,0.0,0.20548516511917114,0.6666666666666665,0.0,0.0
1289,"0,129,157,26,57","30332,17,27499,15157,23976",lucrareatizant sporting déplacement,0.13246006319920223,0.8757698337237039,False,0.08246006319920222,0.08246006319920222,0.05992760062217713,1.0,-0.024182063341140748,-0.0033989697694778442,0.08333333333333333,0.7741463809615627,0.9588235294117649,0.0,0.0,0.20910316705703735,0.6666666666666665,0.0,0.0
1290,"118,247,43,87,172","2280,12327,25627,330,13910", kmregarded Exterior paslebt,0.08361360877752305,0.8796216348807016,False,0.03986360877752304,0.03986360877752304,0.02018563747406006,0.875,-0.024259099364280702,-0.011964619159698486,0.08333333333333333,0.7960740621755411,0.9558823529411766,0.0,0.0,0.2129549682140351,0.6666666666666665,0.0,0.0
1291,"0,13,100,0,158","30332,28688,14338,30332,17319",lucrarea piston surroundingslucrareaenţă,0.14889014810323714,0.8816595673561094,False,0.09889014810323715,0.09889014810323715,0.07800707817077637,1.0,-0.03263319134712219,-0.0025586485862731934,0.0625,0.7026701894672134,0.9735294117647059,0.0,0.0,0.6316595673561095,0.24999999999999994,0.0,0.0
1292,"0,13,100,26,90","30332,28688,14338,15157,23060",lucrarea piston surroundings sporting răspunde,0.1326028014222781,0.8885580102602639,False,0.08260280142227809,0.08260280142227809,0.06000056862831116,1.0,-0.02443782687187195,-0.004757054150104523,0.08333333333333333,0.7604724364837255,0.976470588235294,0.0,0.0,0.2218913435935974,0.6666666666666665,0.0,0.0
1293,"118,247,48,134,166","2280,12327,27062,28448,31468", kmregarded pantalon senzati ingrijire,0.050044100483258566,0.8906846363393086,False,0.022755493720372517,0.022960767149925232,0.0015388727188110369,0.5416666666666666,-0.023460212349891662,-0.011673217018445333,0.0625,0.894347167933736,0.9676470588235294,0.2414835426542494,0.2261904761904762,0.17301061749458307,0.24999999999999994,0.0,0.0
1294,"0,133,77,26,169","30332,121,6177,15157,680","lucrarea"" tie sporting sie",0.1314102068543434,0.8913321594397225,False,0.08141020685434341,0.08141020685434341,0.056057441234588626,1.0,-0.02449330985546112,-0.0049977973103523254,0.08333333333333333,0.7260597521169647,0.9735294117647059,0.0,0.0,0.22466549277305597,0.6666666666666665,0.0,0.0
1295,"0,247,94,165,31","30332,12327,18852,13114,8221",lucrarearegardedkap->image,0.11817730019489925,0.8921789924303689,False,0.06817730019489925,0.06817730019489925,0.05141804218292236,1.0,-0.02451024651527405,-0.00606809804836909,0.08333333333333333,0.7716171307896437,0.9705882352941176,0.0,0.0,0.2255123257637024,0.6666666666666665,0.0,0.0
1296,"0,219,105,26,153","30332,25895,10924,15157,23158",lucrareafloodedissent sporting pierdere,0.12463286072015763,0.892702668905258,False,0.07463286072015762,0.07463286072015762,0.05535327196121216,1.0,-0.03285405337810516,-0.0030356446901957193,0.0625,0.7759735976756247,0.976470588235294,0.0,0.0,0.642702668905258,0.24999999999999994,0.0,0.0
1297,"0,41,35,26,172","30332,3852,14797,15157,13910",lucrarea repgraphic sportinglebt,0.13360740045706432,0.8929063181082406,False,0.08360740045706432,0.08360740045706432,0.06222641468048096,1.0,-0.024524793028831482,-0.0030974149703979492,0.08333333333333333,0.7568092035158329,0.9558823529411766,0.0,0.0,0.22623965144157407,0.6666666666666665,0.0,0.0
1298,"118,136,151,77,171","2280,2824,1110,6177,7184", km.... sein tieн,0.05051349649826686,0.893180618683497,False,0.02134682983160019,0.02134682983160019,0.004376602172851563,0.5833333333333334,-0.023761498928070068,-0.010325819253921509,0.0625,0.910809485872995,0.988235294117647,0.288439005613327,0.16666666666666657,0.18807494640350336,0.24999999999999994,0.0,0.0
1299,"0,35,74,26,54","30332,14797,9633,15157,7818",lucrareagraphic bitte sportingroc,0.13337259540955226,0.8932004670302072,False,0.08337259540955226,0.08337259540955226,0.056447917222976686,1.0,-0.024530676007270814,-0.00645160178343455,0.08333333333333333,0.7545956561303498,0.9735294117647059,0.0,0.0,0.22653380036354065,0.6666666666666665,0.0,0.0
1300,"71,247,100,200,153","25688,12327,14338,3404,23158", correspondentregarded surroundingsware pierdere,0.0352100004752477,0.8946067577316646,False,0.022447511553764343,0.0227100004752477,0.00539211630821228,0.25,-0.01898510754108429,-0.010761067271232605,0.020833333333333332,0.8438355711823717,0.9382352941176471,0.25174961487452185,0.6428571428571428,0.0,0.0,0.0,0.0
1301,"27,13,105,26,156","2600,28688,10924,15157,6872", sport pistonissent sportingeşti,0.08851674944162369,0.8970916072527565,False,0.04685008277495702,0.04685008277495702,0.017492491006851196,0.8333333333333334,-0.0246084988117218,-0.011052270730336508,0.08333333333333333,0.7938104963534784,0.9676470588235294,0.0,0.0,0.23042494058609,0.6666666666666665,0.0,0.0
1302,"178,123,35,215,48","30831,22250,14797,6520,27062",Totusi papagraphicrib pantalon,0.06796415994564693,0.8973708550135293,False,0.030464159945646923,0.030464159945646923,0.010218489170074462,0.75,-0.024614083766937255,-0.013612585763136545,0.08333333333333333,0.8541156721115492,0.9676470588235294,0.0,0.0,0.23070418834686274,0.6666666666666665,0.0,0.0
1303,"8,41,153,247,158","17682,3852,23158,12327,17319",Sport rep pierdereregardedenţă,0.053102293610572816,0.8981081914334068,False,0.028102293610572815,0.028102293610572815,0.00845930576324463,0.5,-0.02598274052143097,-0.009002285699049631,0.0625,0.8674626442169309,0.961764705882353,0.0632568796475728,0.28571428571428564,0.2991370260715484,0.24999999999999994,0.0,0.0
1304,"94,169,173,202,168","18852,680,19845,5457,15271",kap sieAicinchoară,0.047634939601023996,0.8986150378745699,False,0.02263493960102399,0.02263493960102399,0.006248342990875244,0.5,-0.02234797477722168,-0.00954787184794744,0.0625,0.8491424655523104,0.961764705882353,0.24550201329920027,0.28571428571428564,0.11739873886108393,0.24999999999999994,0.0,0.0
1305,"77,31,119,147,45","6177,8221,23662,18956,25231", tieimage artistiqueriusffentlichkeit,0.06387942731380462,0.9004479476383752,False,0.030546093980471294,0.030546093980471294,0.01295698881149292,0.6666666666666666,-0.023723244667053223,-0.006266318261623383,0.08333333333333333,0.8393783727227235,0.9588235294117649,0.0,0.04761904761904761,0.1861622333526611,0.6666666666666665,0.0,0.0
1306,"0,13,105,25,82","30332,28688,10924,28399,16771",lucrarea pistonissent bewegt posture,0.12503216713666915,0.904049903154373,False,0.07503216713666916,0.07503216713666916,0.057230472564697266,1.0,-0.03308099806308746,-0.009135785202185312,0.0625,0.7490400589785293,0.9735294117647059,0.0,0.0,0.654049903154373,0.24999999999999994,0.0,0.0
1307,"0,27,105,200,102","30332,2600,10924,3404,26182",lucrarea sportissentware correspondant,0.12243015120426815,0.9062760869661965,False,0.07243015120426814,0.07243015120426814,0.047477662563323975,1.0,-0.024792188405990602,-0.005189751585324605,0.08333333333333333,0.7468150104401908,0.911764705882353,0.0,0.0,0.23960942029953008,0.6666666666666665,0.0,0.0
1308,"0,189,77,104,54","30332,10646,6177,15091,7818",lucrareatial tiespielerroc,0.11764881064494451,0.906521807114283,False,0.0676488106449445,0.0676488106449445,0.051058411598205566,1.0,-0.02479710280895233,-0.0013970062136650085,0.08333333333333333,0.7747087796173019,0.9647058823529412,0.0,0.0,0.2398551404476165,0.6666666666666665,0.0,0.0
1309,"0,100,35,26,159","30332,14338,14797,15157,3077",lucrarea surroundingsgraphic sportingige,0.13150432258844375,0.9085427025953927,False,0.08150432258844376,0.08150432258844376,0.05084608793258667,1.0,-0.024837520718574525,-0.0026070252060890198,0.08333333333333333,0.8018945717877647,0.9647058823529412,0.0,0.0,0.2418760359287262,0.6666666666666665,0.0,0.0
1310,"0,41,244,26,169","30332,3852,22467,15157,680",lucrarea replänge sporting sie,0.1267608384291331,0.9104767243067422,False,0.0767608384291331,0.0767608384291331,0.05588618516921997,1.0,-0.024876201152801515,-0.0073424602548281355,0.08333333333333333,0.7351329266968234,0.9823529411764707,0.0,0.0,0.24381005764007574,0.6666666666666665,0.0,0.0
1311,"231,202,3,215,169","21815,5457,22526,6520,680", stainednch martialrib sie,0.04576626618703207,0.9157075342677887,False,0.02284061908721924,0.0228495995203654,0.004544222354888918,0.4583333333333333,-0.021636468172073365,-0.009482872982819876,0.0625,0.8449727187251042,0.9647058823529412,0.23864603042602536,0.34523809523809523,0.08182340860366823,0.24999999999999994,0.0,0.0
1312,"139,35,185,147,171","31,14797,15058,18956,7184",'graphictientriusн,0.035659171640872955,0.9162408288509125,False,0.014655632277329763,0.014825838307539621,0.0015982538461685187,0.4166666666666667,-0.013096392154693604,-0.005659451087315877,0.020833333333333332,0.9213675441943376,0.9823529411764707,0.5114789240890079,0.4047619047619047,0.0,0.0,0.0,0.0
1313,"231,247,57,147,153","21815,12327,23976,18956,23158", stainedregarded déplacementrius pierdere,0.03600290765364965,0.9196397908150205,False,0.018125091989835102,0.019336240986982983,-0.004876703023910522,0.3333333333333333,-0.01775958836078644,-0.008645594120025635,0.020833333333333332,0.8502458815259297,0.9705882352941176,0.39583026700549656,0.5238095238095238,0.0,0.0,0.0,0.0
1314,"0,41,105,26,21","30332,3852,10924,15157,10089",lucrarea repissent sporting Animal,0.14485038618246715,0.9206175605456032,False,0.09485038618246715,0.09485038618246715,0.05878480672836304,1.0,-0.025079017877578734,-0.007624213894208272,0.08333333333333333,0.7282267545684085,0.9588235294117649,0.0,0.0,0.25395089387893666,0.6666666666666665,0.0,0.0
1315,"139,169,185,66,141","31,680,15058,1041,25205",' sietient actionizeze,0.03478952472408613,0.9261999260338525,False,0.01796728993455569,0.01812285805741946,0.005405429005622864,0.3333333333333333,-0.020026001334190368,-0.006693507234255473,0.041666666666666664,0.9170881118758049,0.9794117647058824,0.40109033551481027,0.5238095238095238,0.001300066709518377,0.0,0.0,0.0
1316,"0,133,100,26,0","30332,121,14338,15157,30332","lucrarea"" surroundings sportinglucrarea",0.1575339714686076,0.9285773634910581,False,0.10753397146860759,0.10753397146860759,0.07967193722724915,1.0,-0.033571547269821166,-0.0005071163177490234,0.0625,0.7061808198901709,0.9735294117647059,0.0,0.0,0.6785773634910582,0.24999999999999994,0.0,0.0
1317,"0,250,157,26,159","30332,24976,27499,15157,3077",lucrarea situatiaizant sportingige,0.13059872190157573,0.9300419489542642,False,0.08059872190157573,0.08059872190157573,0.054711371660232544,1.0,-0.025267505645751955,-0.0022237698237101236,0.08333333333333333,0.7802718640968203,0.976470588235294,0.0,0.0,0.2633752822875977,0.6666666666666665,0.0,0.0
1318,"0,211,157,77,31","30332,16063,27499,6177,8221",lucrarea Pearlizant tieimage,0.11687277307113011,0.9325617353121438,False,0.06687277307113011,0.06687277307113011,0.03906275033950806,1.0,-0.025317901372909547,-0.0050622572501500445,0.08333333333333333,0.803968098426403,0.976470588235294,0.0,0.0,0.26589506864547735,0.6666666666666665,0.0,0.0
1319,"8,247,185,62,210","17682,12327,15058,23226,12182",Sportregardedtient imobil estim,0.05357970148324967,0.9346576153285919,False,0.025631931920846302,0.026496368149916332,0.002930575609207156,0.5416666666666666,-0.02625729739665985,-0.012611324588457743,0.0625,0.8382358991427628,0.9705882352941176,0.14560226930512324,0.2261904761904762,0.31286486983299244,0.24999999999999994,0.0,0.0
1320,"52,31,171,109,32","6813,8221,7184,12922,22608", gapimageнkettoccupant,0.058256414532661435,0.9419011170901948,False,0.024923081199328106,0.024923081199328106,0.00815616250038147,0.6666666666666666,-0.02116769552230835,-0.008661543329556784,0.08333333333333333,0.8628376369901158,0.9705882352941176,0.1692306266890631,0.04761904761904761,0.05838477611541746,0.6666666666666665,0.0,0.0
1321,"221,13,100,26,169","23481,28688,14338,15157,680", Ensemble piston surroundings sporting sie,0.08206548392772675,0.9451722900072732,False,0.04453685383001963,0.044565483927726746,0.01050521731376648,0.75,-0.025570112466812133,-0.0107618048787117,0.08333333333333333,0.7931878903203751,0.9147058823529413,0.0,0.0,0.27850562334060663,0.6666666666666665,0.0,0.0
1322,"0,219,74,77,180","30332,25895,9633,6177,31797",lucrareaflooded bitte tiescrisă,0.12151160140832265,0.9454214374224342,False,0.07151160140832265,0.07151160140832265,0.0393847644329071,1.0,-0.025575095415115354,-0.007445422311623891,0.08333333333333333,0.7643135899706242,0.9676470588235294,0.0,0.0,0.2787547707557677,0.6666666666666665,0.0,0.0
1323,"0,133,77,26,82","30332,121,6177,15157,16771","lucrarea"" tie sporting posture",0.13568959931532543,0.9472422103087105,False,0.08568959931532542,0.08568959931532542,0.058242374658584596,1.0,-0.02561151087284088,-0.00868237018585205,0.08333333333333333,0.704065688409995,0.9794117647058824,0.0,0.0,0.28057554364204396,0.6666666666666665,0.0,0.0
1324,"0,169,74,238,54","30332,680,9633,12740,7818",lucrarea sie bittevoluroc,0.11748312463363011,0.9488267997900643,False,0.06748312463363011,0.06748312463363011,0.04002051949501038,1.0,-0.025643202662467956,-0.008911987145741781,0.08333333333333333,0.7872140062737631,0.9852941176470588,0.0,0.0,0.28216013312339777,0.6666666666666665,0.0,0.0
1325,"184,13,105,26,169","20351,28688,10924,15157,680",üchte pistonissent sporting sie,0.06598016321659088,0.9492306737672713,False,0.032646829883257546,0.032646829883257546,0.006452405452728272,0.6666666666666666,-0.03303223252296448,-0.008867710828781128,0.0625,0.8175166880570099,0.9382352941176471,0.0,0.04761904761904761,0.6516116261482239,0.24999999999999994,0.0,0.0
1326,"36,247,185,147,31","24143,12327,15058,18956,8221",KTregardedtientriusimage,0.04549852162599564,0.9500991872378757,False,0.020412079989910126,0.020498521625995636,0.006978452205657959,0.5,-0.021895751357078552,-0.006871278087298076,0.0625,0.9006368319557294,0.9852941176470588,0.3195973336696625,0.28571428571428564,0.09478756785392758,0.24999999999999994,0.0,0.0
1327,"148,27,57,89,174","5615,2600,23976,14303,6031",itz sport déplacementambatting,0.07645749400059382,0.9501071075598397,False,0.03885975480079651,0.03895749400059382,0.012252181768417358,0.75,-0.025668808817863466,-0.01124501476685206,0.08333333333333333,0.8039144521093925,0.9676470588235294,0.0,0.0,0.2834404408931733,0.6666666666666665,0.0,0.0
1328,"0,129,8,26,90","30332,17,17682,15157,23060",lucrareatSport sporting răspunde,0.1347121998667717,0.9505066076914468,False,0.0847121998667717,0.0847121998667717,0.05748194456100464,1.0,-0.025676798820495606,-0.005043293039004008,0.08333333333333333,0.7517124174551068,0.9558823529411766,0.0,0.0,0.2838399410247803,0.6666666666666665,0.0,0.0
1329,"0,57,100,26,159","30332,23976,14338,15157,3077",lucrarea déplacement surroundings sportingige,0.13177557090918224,0.9507542649904885,False,0.08177557090918224,0.08177557090918224,0.052677541971206665,1.0,-0.02568175196647644,-0.004339153567949931,0.08333333333333333,0.7988620496922361,0.961764705882353,0.0,0.0,0.28408759832382197,0.6666666666666665,0.0,0.0
1330,"0,35,134,26,82","30332,14797,28448,15157,16771",lucrareagraphic senzati sporting posture,0.1373633548617363,0.9527365664641061,False,0.0873633548617363,0.0873633548617363,0.0550423800945282,1.0,-0.025721397995948792,-0.005754125614960988,0.08333333333333333,0.7557285582810886,0.9588235294117649,0.0,0.0,0.2860698997974396,0.6666666666666665,0.0,0.0
1331,"0,35,35,26,82","30332,14797,14797,15157,16771",lucrareagraphicgraphic sporting posture,0.13848252644141515,0.9528039197127023,False,0.08848252644141515,0.08848252644141515,0.06119312644004822,1.0,-0.025722745060920715,-0.00469664732615153,0.08333333333333333,0.7518339900440154,0.9676470588235294,0.0,0.0,0.2861372530460357,0.6666666666666665,0.0,0.0
1332,"0,165,35,26,169","30332,13114,14797,15157,680",lucrarea->graphic sporting sie,0.13423848698536556,0.9535756508509317,False,0.08423848698536555,0.08423848698536555,0.05429986715316772,1.0,-0.025738179683685303,-0.002654212216536204,0.08333333333333333,0.7575185699234973,0.9705882352941176,0.0,0.0,0.28690898418426514,0.6666666666666665,0.0,0.0
1333,"200,31,105,215,173","3404,8221,10924,6520,19845",wareimageissentribAici,0.03422770450512568,0.9548411728843809,False,0.015283336242039999,0.015477704505125681,0.0016632974147796633,0.375,-0.018237969279289244,-0.006663136184215546,0.020833333333333332,0.9190932491088729,0.9823529411764707,0.49055545859866667,0.46428571428571425,0.0,0.0,0.0,0.0
1334,"0,37,8,200,65","30332,30396,17682,3404,22276",lucrareaelectriqueSportwarerij,0.12088498522837957,0.958346257607142,False,0.07088498522837956,0.07088498522837956,0.054390549659729004,1.0,-0.02583359181880951,-0.005159554382165273,0.08333333333333333,0.7857533598611155,0.9794117647058824,0.0,0.0,0.29167959094047546,0.6666666666666665,0.0,0.0
1335,"0,219,134,26,158","30332,25895,28448,15157,17319",lucrareaflooded senzati sportingenţă,0.1307126611471176,0.9606042305628457,False,0.08071266114711761,0.08071266114711761,0.05167470574378967,1.0,-0.025878751277923585,-0.0026468162735303244,0.08333333333333333,0.7632613502677645,0.9558823529411766,0.0,0.0,0.29393756389617925,0.6666666666666665,0.0,0.0
1336,"0,76,100,120,159","30332,26292,14338,11930,3077",lucrarea menschliche surroundings scrollige,0.11957489997148514,0.9628720382849373,False,0.06957489997148514,0.06957489997148514,0.04343113899230957,1.0,-0.025924107432365416,-0.0049443890651067095,0.08333333333333333,0.7906946873859292,0.9735294117647059,0.0,0.0,0.29620537161827076,0.6666666666666665,0.0,0.0
1337,"223,247,105,36,159","23346,12327,10924,24143,3077",EQregardedissentKTige,0.03523044213652611,0.9641497213216055,False,0.015004079788923264,0.016480442136526108,-0.006618720293045044,0.375,-0.01916379630565643,-0.006797090172767639,0.041666666666666664,0.902639807898328,0.9529411764705882,0.4998640070358912,0.46428571428571425,0.0,0.0,0.0,0.0
1338,"118,41,35,147,169","2280,3852,14797,18956,680", km repgraphicrius sie,0.05856917972366016,0.9648505598306654,False,0.029402513056993484,0.029402513056993484,0.0054843008518219,0.5833333333333334,-0.022232019901275636,-0.011326871812343597,0.08333333333333333,0.8450084572067961,0.9705882352941176,0.01991623143355048,0.16666666666666657,0.11160099506378178,0.6666666666666665,0.0,0.0
1339,"0,35,74,26,159","30332,14797,9633,15157,3077",lucrareagraphic bitte sportingige,0.13060211936632793,0.9656387368837991,False,0.08060211936632793,0.08060211936632793,0.05348965525627136,1.0,-0.025979441404342652,-0.004227057099342346,0.08333333333333333,0.7760468499847514,0.9735294117647059,0.0,0.0,0.29897207021713257,0.6666666666666665,0.0,0.0
1340,"0,219,0,215,169","30332,25895,30332,6520,680",lucrareafloodedlucrarearib sie,0.14693910678227742,0.9657518863677979,False,0.09693910678227742,0.09693910678227742,0.06632426977157593,1.0,-0.03431503772735596,-0.0009078507622083029,0.0625,0.7222045502420144,0.9529411764705882,0.0,0.0,0.715751886367798,0.24999999999999994,0.0,0.0
1341,"0,251,77,247,169","30332,694,6177,12327,680",lucrarea fun tieregarded sie,0.11264604926109315,0.9673382143179574,False,0.06472938259442647,0.06472938259442647,0.043632912635803225,0.9583333333333334,-0.02601343095302582,-0.006538281838099162,0.08333333333333333,0.8160913941813275,0.9647058823529412,0.0,0.0,0.3006715476512909,0.6666666666666665,0.0,0.0
1342,"170,119,92,198,61","13602,23662,18158,3484,18837",ffen artistique imperativegra manger,0.06436113913853964,0.9678316679265763,False,0.028944472471872967,0.028944472471872967,0.012535476684570314,0.7083333333333334,-0.02531961500644684,-0.011093979080518087,0.08333333333333333,0.8167616257937049,0.9794117647058824,0.035184250937567746,0.0,0.265980750322342,0.6666666666666665,0.0,0.0
1343,"0,153,100,10,78","30332,23158,14338,15854,20961",lucrarea pierdere surroundings realmKING,0.12117389142513275,0.9687356452147163,False,0.07117389142513275,0.07117389142513275,0.05140756964683533,1.0,-0.026041379570960997,-0.009996054073174795,0.08333333333333333,0.7505673194510044,0.976470588235294,0.0,0.0,0.3020689785480498,0.6666666666666665,0.0,0.0
1344,"0,83,100,190,169","30332,7383,14338,11733,680",lucrarea Front surroundingsusion sie,0.12209134598573049,0.9690944651762643,False,0.07209134598573048,0.07209134598573048,0.05208307504653931,1.0,-0.026048555970191956,-0.00681429107983907,0.08333333333333333,0.7845837157723954,0.9823529411764707,0.0,0.0,0.3024277985095978,0.6666666666666665,0.0,0.0
1345,"170,228,35,129,171","13602,4408,14797,17,7184",ffen accordgraphictн,0.03373463675379753,0.9708052871246187,False,0.016590127100547154,0.017067970087130863,0.001986172795295716,0.3333333333333333,-0.01550513505935669,-0.006273304422696431,0.0,0.9107285918582798,0.988235294117647,0.4469957633150949,0.5238095238095238,0.0,0.0,0.0,0.0
1346,"0,136,8,26,215","30332,2824,17682,15157,6520",lucrarea....Sport sportingrib,0.13337144802014034,0.9713542262713113,False,0.08337144802014033,0.08337144802014033,0.05542095899581909,1.0,-0.026093751192092896,-0.004690344134966533,0.08333333333333333,0.773087503009404,0.9676470588235294,0.0,0.0,0.3046875596046448,0.6666666666666665,0.0,0.0
1347,"170,219,238,26,153","13602,25895,12740,15157,23158",ffenfloodedvolu sporting pierdere,0.07760155548652015,0.9717939595381417,False,0.03937815626462301,0.040101555486520134,0.0065105676651001,0.75,-0.026102545857429504,-0.008587367832660675,0.08333333333333333,0.8048521434173692,0.9352941176470588,0.0,0.0,0.30512729287147516,0.6666666666666665,0.0,0.0
1348,"0,215,8,72,171","30332,6520,17682,7411,7184",lucrarearibSport gripн,0.1255201776822408,0.9720858732859292,False,0.0755201776822408,0.0755201776822408,0.053185319900512694,1.0,-0.026108384132385254,-0.0050060078501701355,0.08333333333333333,0.7719924234418813,0.9588235294117649,0.0,0.0,0.3054192066192627,0.6666666666666665,0.0,0.0
1349,"104,46,58,147,114","15091,18927,28310,18956,21415",spieler rar IllustrationriusRAL,0.06817934115727742,0.9727273711136408,False,0.03484600782394409,0.03484600782394409,0.015383464097976685,0.6666666666666666,-0.025168833136558533,-0.011243673662344614,0.08333333333333333,0.7699211352826578,0.961764705882353,0.0,0.04761904761904761,0.25844165682792664,0.6666666666666665,0.0,0.0
1350,"0,109,8,26,82","30332,12922,17682,15157,16771",lucrareakettSport sporting posture,0.13813893298308055,0.9755255083243051,False,0.08813893298308055,0.08813893298308055,0.058383780717849734,1.0,-0.026177176833152772,-0.006890912850697835,0.08333333333333333,0.7539103726736314,0.9735294117647059,0.0,0.0,0.3088588416576386,0.6666666666666665,0.0,0.0
1351,"0,136,41,26,172","30332,2824,3852,15157,13910",lucrarea.... rep sportinglebt,0.1341189945737521,0.9765103260676063,False,0.08411899457375209,0.08411899457375209,0.05886467695236206,1.0,-0.026196873188018797,-0.0037727455298105874,0.08333333333333333,0.7424466564566276,0.9647058823529412,0.0,0.0,0.30984365940093983,0.6666666666666665,0.0,0.0
1352,"0,129,74,26,57","30332,17,9633,15157,23976",lucrareat bitte sporting déplacement,0.13607246726751326,0.9810086886088052,False,0.08607246726751328,0.08607246726751328,0.062109714746475225,1.0,-0.026286840438842773,-0.00948914885520935,0.08333333333333333,0.7349570130903961,0.9823529411764707,0.0,0.0,0.31434202194213867,0.6666666666666665,0.0,0.0
1353,"0,200,100,200,241","30332,3404,14338,3404,31980",lucrareaware surroundingswareréglage,0.09929530670245489,0.9830501476923623,False,0.051378640035788216,0.051378640035788216,0.03223423957824707,0.9583333333333334,-0.026327669620513916,-0.009360137085119883,0.08333333333333333,0.8451244721916404,0.976470588235294,0.0,0.0,0.3163834810256958,0.6666666666666665,0.0,0.0
1354,"36,136,128,103,159","24143,2824,96,31149,3077","KT.... "" dickeige",0.059185681243737534,0.9832147804517593,False,0.027935681243737537,0.027935681243737537,0.014602720737457275,0.625,-0.022811892628669738,-0.01338567833105723,0.08333333333333333,0.8944359352208758,0.9735294117647059,0.06881062520874871,0.10714285714285708,0.14059463143348688,0.6666666666666665,0.0,0.0
1355,"178,27,48,190,51","30831,2600,27062,11733,30250",Totusi sport pantalonusion thumbnail,0.10203571170568466,0.9846177498499551,False,0.05203571170568466,0.05203571170568466,0.031609684228897095,1.0,-0.02635902166366577,-0.010396783550580343,0.08333333333333333,0.7759307578109617,0.9823529411764707,0.0,0.0,0.3179510831832886,0.6666666666666665,0.0,0.0
1356,"111,37,105,166,161","6156,30396,10924,31468,7890", Paselectriqueissent ingrijireintérieur,0.036306754251321155,0.9850335646243322,False,0.015371441841125488,0.017556754251321156,-0.011490678787231444,0.375,-0.02066258490085602,-0.013171928624312082,0.041666666666666664,0.9083300997597649,0.976470588235294,0.487618605295817,0.46428571428571425,0.03312924504280095,0.0,0.0,0.0
1357,"156,189,24,190,169","6872,10646,29668,11733,680",eştitial Crisisusion sie,0.03587402502695719,0.985142811896309,False,0.016160001357396443,0.019207358360290527,-0.015014338493347166,0.3333333333333333,-0.01727542281150818,-0.010298870503902435,0.020833333333333332,0.9196440694228112,0.9352941176470588,0.46133328808678525,0.5238095238095238,0.0,0.0,0.0,0.0
1358,"36,129,185,147,157","24143,17,15058,18956,27499",KTttientriusizant,0.033005486925443014,0.9860925125697303,False,0.016131510337193806,0.016338820258776348,-0.0008309334516525267,0.3333333333333333,-0.016852581501007078,-0.005299779276053111,0.020833333333333332,0.9047108644907155,0.976470588235294,0.46228298876020646,0.5238095238095238,0.0,0.0,0.0,0.0
1359,"0,247,8,120,169","30332,12327,17682,11930,680",lucrarearegardedSport scroll sie,0.1230454648534457,0.9872318605581917,False,0.0730454648534457,0.0730454648534457,0.05359477400779724,1.0,-0.026411303877830503,-0.0072328026096026106,0.08333333333333333,0.7604143132078853,0.976470588235294,0.0,0.0,0.32056519389152516,0.6666666666666665,0.0,0.0
1360,"118,37,157,26,203","2280,30396,27499,15157,7889", kmelectriqueizant sporting assembly,0.07219690730174383,0.9881038765112558,False,0.036780240635077156,0.036780240635077156,0.012461894750595094,0.7083333333333334,-0.026428744196891785,-0.009566585222880045,0.08333333333333333,0.8501598158518768,0.9558823529411766,0.0,0.0,0.32143720984458923,0.6666666666666665,0.0,0.0
1361,"200,129,57,188,140","3404,17,23976,29904,24800",waret déplacementweiligeaparut,0.03369400625427564,0.9883550469364439,False,0.016063634306192398,0.017027339587608974,-0.0005116760730743397,0.3333333333333333,-0.01909759044647217,-0.011775245269139608,0.020833333333333332,0.8703756778250749,0.9794117647058824,0.46454552312692005,0.5238095238095238,0.0,0.0,0.0,0.0
1362,"118,137,104,190,159","2280,5218,15091,11733,3077", kmeriispielerusionige,0.03242702682813009,0.9885435501734414,False,0.017843693494796753,0.017843693494796753,0.005531156063079834,0.2916666666666667,-0.014995327591896056,-0.004444015522797902,0.0,0.8972944734336106,0.9823529411764707,0.4052102168401082,0.5833333333333333,0.0,0.0,0.0,0.0
1363,"0,13,41,126,90","30332,28688,3852,7253,23060",lucrarea piston reprai răspunde,0.1268988976875941,0.9888072113196054,False,0.0768988976875941,0.0768988976875941,0.04853971600532532,1.0,-0.026442810893058777,-0.007627792656421661,0.08333333333333333,0.7253533960781686,0.9588235294117649,0.0,0.0,0.32214054465293884,0.6666666666666665,0.0,0.0
1364,"0,193,46,26,82","30332,26831,18927,15157,16771",lucrareaVoraussetzungen rar sporting posture,0.12743886361519496,0.9896924893061319,False,0.07743886361519496,0.07743886361519496,0.05060189366340637,1.0,-0.026460516452789306,-0.00826490173737208,0.08333333333333333,0.7558139292546334,0.9823529411764707,0.0,0.0,0.3230258226394653,0.6666666666666665,0.0,0.0
1365,"0,189,74,26,31","30332,10646,9633,15157,8221",lucrareatial bitte sportingimage,0.13150245249271392,0.9907458523909249,False,0.08150245249271393,0.08150245249271393,0.05961962342262268,1.0,-0.02648158371448517,-0.0071960315108299255,0.08333333333333333,0.7599319594884627,0.988235294117647,0.0,0.0,0.3240791857242584,0.6666666666666665,0.0,0.0
1366,"150,154,138,133,171","10470,12307,9518,121,7184","ôtoara oferit""н",0.037325619161128996,0.9910707819083381,False,0.02027009179194768,0.02065895249446233,0.004207777976989746,0.3333333333333333,-0.022858619689941406,-0.010539864500363668,0.041666666666666664,0.8667944195171322,0.9705882352941176,0.32433027360174393,0.5238095238095238,0.14293098449707028,0.0,0.0,0.0
1367,"0,133,8,133,169","30332,121,17682,121,680","lucrarea""Sport"" sie",0.12736265659332274,0.9926730195681251,False,0.07736265659332275,0.07736265659332275,0.054975831508636476,1.0,-0.026520127058029173,-0.001482519010702769,0.08333333333333333,0.770609737864026,0.9823529411764707,0.0,0.0,0.32600635290145863,0.6666666666666665,0.0,0.0
1368,"0,37,8,26,180","30332,30396,17682,15157,31797",lucrareaelectriqueSport sportingscrisă,0.12674333701531093,0.9938159386316933,False,0.07674333701531093,0.07674333701531093,0.05582120418548584,1.0,-0.026542985439300535,-0.005711682140827179,0.08333333333333333,0.7853002607519762,0.9676470588235294,0.0,0.0,0.32714927196502674,0.6666666666666665,0.0,0.0
1369,"0,169,35,26,158","30332,680,14797,15157,17319",lucrarea siegraphic sportingenţă,0.13015188574790953,0.9950608313083649,False,0.08015188574790955,0.08015188574790955,0.056300956010818484,1.0,-0.0349012166261673,-0.0012275477250417073,0.0625,0.7794870069006146,0.9705882352941176,0.0,0.0,0.7450608313083649,0.24999999999999994,0.0,0.0
1370,"0,13,0,26,169","30332,28688,30332,15157,680",lucrarea pistonlucrarea sporting sie,0.1546385367711385,0.997030772381113,False,0.1046385367711385,0.1046385367711385,0.07885244488716125,1.0,-0.03447656631469727,-0.002715247372786204,0.0625,0.6837582803476251,0.9823529411764707,0.0,0.0,0.7238283157348634,0.24999999999999994,0.023202456646249807,0.0
1371,"0,169,185,179,184","30332,680,15058,3997,20351",lucrarea sietientchtüchte,0.10829122165838878,0.9982791344324746,False,0.05829122165838877,0.05829122165838877,0.03746217489242554,1.0,-0.026632249355316162,-0.009752094745635986,0.08333333333333333,0.7986884517541689,0.9823529411764707,0.0,0.0,0.3316124677658081,0.6666666666666665,0.0,0.0
1372,"0,169,74,26,159","30332,680,9633,15157,3077",lucrarea sie bitte sportingige,0.13272168785333632,1.0004734794298806,False,0.08272168785333633,0.08272168785333633,0.057331430912017825,1.0,-0.02667613625526428,-0.008530062933762869,0.08333333333333333,0.7651074782734346,0.9794117647058824,0.0,0.0,0.33380681276321406,0.6666666666666665,0.0,0.0
1373,"108,35,8,26,159","30122,14797,17682,15157,3077", AngehörigegraphicSport sportingige,0.07218211094538371,1.0037872024944847,False,0.03884877761205038,0.03884877761205038,0.012030750513076782,0.6666666666666666,-0.025790029764175413,-0.007924062510331472,0.08333333333333333,0.8462659423153117,0.9529411764705882,0.0,0.04761904761904761,0.28950148820877064,0.6666666666666665,0.0,0.0
1374,"176,31,206,147,159","257,8221,17140,18956,3077",ationimageligariusige,0.03191191852092743,1.0057138270801966,False,0.017328585187594097,0.017328585187594097,0.004576671123504639,0.2916666666666667,-0.012079522013664246,-0.004374263187249501,0.0,0.9049951513763985,0.9794117647058824,0.42238049374686343,0.5833333333333333,0.0,0.0,0.0,0.0
1375,"0,247,74,39,215","30332,12327,9633,2951,6520",lucrarearegarded bittechesrib,0.11379984070857366,1.0061648786067958,False,0.06379984070857365,0.06379984070857365,0.04306713342666626,1.0,-0.03512329757213592,-0.0031065369645754495,0.0625,0.7915110376718332,0.9852941176470588,0.0,0.0,0.7561648786067959,0.24999999999999994,0.0,0.0
1376,"51,247,35,215,171","30250,12327,14797,6520,7184", thumbnailregardedgraphicribн,0.031865176061789194,1.0072719090514712,False,0.01728184272845586,0.01728184272845586,0.0055015146732330334,0.2916666666666667,-0.014359721541404724,-0.00805907944838206,0.0,0.8889863184910055,0.9852941176470588,0.423938575718138,0.5833333333333333,0.0,0.0,0.0,0.0
1377,"0,136,35,213,215","30332,2824,14797,73,6520",lucrarea....graphic unrib,0.12203339288632076,1.0089701215426126,False,0.07203339288632075,0.07203339288632075,0.05803346633911133,1.0,-0.02684606909751892,-0.0063800811767578125,0.08333333333333333,0.785385631725521,0.9823529411764707,0.0,0.0,0.342303454875946,0.6666666666666665,0.0,0.0
1378,"0,219,8,39,57","30332,25895,17682,2951,23976",lucrareafloodedSportches déplacement,0.13025660614172618,1.017458419005076,False,0.08025660614172618,0.08025660614172618,0.06031038761138916,1.0,-0.02701583504676819,-0.006091284255186717,0.08333333333333333,0.7479128688097457,0.9647058823529412,0.0,0.0,0.35079175233840937,0.6666666666666665,0.0,0.0
1379,"0,136,8,26,169","30332,2824,17682,15157,680",lucrarea....Sport sporting sie,0.13367266009251277,1.0179003874460855,False,0.08367266009251277,0.08367266009251277,0.05598960518836975,1.0,-0.027024674415588378,-0.004327692091464996,0.08333333333333333,0.7586875965006546,0.961764705882353,0.0,0.0,0.3512337207794189,0.6666666666666665,0.0,0.0
1380,"0,109,8,26,169","30332,12922,17682,15157,680",lucrareakettSport sporting sie,0.13206819246212642,1.0188165108362832,False,0.08206819246212642,0.08206819246212642,0.057418400049209596,1.0,-0.027042996883392335,-0.005555557707945506,0.08333333333333333,0.7522765142676433,0.9705882352941176,0.0,0.0,0.3521498441696167,0.6666666666666665,0.0,0.0
1381,"71,2,185,26,152","25688,26170,15058,15157,19355", correspondentathlettient sporting persoană,0.08024003654718398,1.0204523603121438,False,0.040656703213850655,0.040656703213850655,0.015206193923950197,0.7916666666666666,-0.027075713872909545,-0.011528598765532175,0.08333333333333333,0.7992618112401462,0.961764705882353,0.0,0.0,0.3537856936454772,0.6666666666666665,0.0,0.0
1382,"0,13,151,26,158","30332,28688,1110,15157,17319",lucrarea piston sein sportingenţă,0.13540335049231847,1.0220677951971688,False,0.08540335049231847,0.08540335049231847,0.05931359529495239,1.0,-0.027108022570610048,-0.008602648973464966,0.08333333333333333,0.7477701464498141,0.9794117647058824,0.0,0.0,0.3554011285305024,0.6666666666666665,0.0,0.0
1383,"0,169,8,26,54","30332,680,17682,15157,7818",lucrarea sieSport sportingroc,0.13436540265878041,1.0265975991884866,False,0.08436540265878041,0.08436540265878041,0.0567528247833252,1.0,-0.0271986186504364,-0.004044180115063985,0.08333333333333333,0.7654555232279676,0.9676470588235294,0.0,0.0,0.35993093252181996,0.6666666666666665,0.0,0.0
1384,"0,41,77,26,169","30332,3852,6177,15157,680",lucrarea rep tie sporting sie,0.1355995963017146,1.0287894109884896,False,0.08559959630171458,0.08559959630171458,0.060725951194763185,1.0,-0.02724245488643646,-0.0064169491330782575,0.08333333333333333,0.7070712715636003,0.9705882352941176,0.0,0.0,0.36212274432182306,0.6666666666666665,0.0,0.0
1385,"0,35,154,26,169","30332,14797,12307,15157,680",lucrareagraphicoara sporting sie,0.1319202388326327,1.0291969577471414,False,0.0819202388326327,0.0819202388326327,0.05602813363075257,1.0,-0.027250605821609496,-0.004835590720176697,0.08333333333333333,0.724811375303999,0.9647058823529412,0.0,0.0,0.3625302910804748,0.6666666666666665,0.0,0.0
1386,"0,0,114,26,82","30332,30332,21415,15157,16771",lucrarealucrareaRAL sporting posture,0.15297790666421254,1.0321985483169553,False,0.10297790666421254,0.10297790666421254,0.07680063247680664,1.0,-0.03564397096633911,-0.0016962165633837383,0.0625,0.7031252954889313,0.9676470588235294,0.0,0.0,0.7821985483169555,0.24999999999999994,0.0,0.0
1387,"0,13,134,26,65","30332,28688,28448,15157,22276",lucrarea piston senzati sportingrij,0.135398331284523,1.03335169951121,False,0.08539833128452301,0.08539833128452301,0.057221508026123045,1.0,-0.027333700656890867,-0.007807701826095581,0.08333333333333333,0.7571611079176329,0.961764705882353,0.0,0.0,0.36668503284454335,0.6666666666666665,0.0,0.0
1388,"0,31,35,26,54","30332,8221,14797,15157,7818",lucrareaimagegraphic sportingroc,0.13258929600318273,1.0369002620379129,False,0.08258929600318272,0.08258929600318272,0.057819592952728274,1.0,-0.027404671907424925,-0.0025938947995503745,0.08333333333333333,0.7738467334757573,0.9647058823529412,0.0,0.0,0.3702335953712462,0.6666666666666665,0.0,0.0
1389,"52,219,157,26,129","6813,25895,27499,15157,17", gapfloodedizant sportingt,0.06735421841343245,1.0371313109284355,False,0.03610421841343244,0.03610421841343244,0.007761070132255554,0.625,-0.025266435742378236,-0.009469362596670786,0.08333333333333333,0.8214305535304178,0.9676470588235294,0.0,0.10714285714285708,0.26332178711891174,0.6666666666666665,0.0,0.0
1390,"36,140,35,215,171","24143,24800,14797,6520,7184",KTaparutgraphicribн,0.030904670804739,1.0392887509531443,False,0.016321337471405666,0.016321337471405666,0.004102036356925964,0.2916666666666667,-0.01605803370475769,-0.007733399669329326,0.020833333333333332,0.9292263050971797,0.9411764705882352,0.4559554176198111,0.5833333333333333,0.0,0.0,0.0,0.0
1391,"161,133,35,96,72","7890,121,14797,11564,7411","intérieur""graphictata grip",0.07412527799606322,1.0420283476511636,False,0.0345419446627299,0.0345419446627299,0.013778054714202882,0.7916666666666666,-0.02750723361968994,-0.014106057584285736,0.08333333333333333,0.7867213864246103,0.9588235294117649,0.0,0.0,0.375361680984497,0.6666666666666665,0.0,0.0
1392,"0,34,43,26,158","30332,19867,25627,15157,17319",lucrarearasi Exterior sportingenţă,0.13199606587489446,1.0452005068461097,False,0.08199606587489446,0.08199606587489446,0.054535120725631714,1.0,-0.027570676803588864,-0.0061401476462682085,0.08333333333333333,0.768341077571571,0.9558823529411766,0.0,0.0,0.3785338401794432,0.6666666666666665,0.0,0.0
1393,"0,12,48,133,165","30332,12337,27062,121,13114","lucrarea mobility pantalon""->",0.12318331549564998,1.04921085635821,False,0.07318331549564998,0.07318331549564998,0.051111137866973876,1.0,-0.02765088379383087,-0.008645894626776377,0.08333333333333333,0.7925070838224861,0.9647058823529412,0.0,0.0,0.38254418969154347,0.6666666666666665,0.0,0.0
1394,"81,251,0,215,159","1722,694,30332,6520,3077", physical funlucrarearibige,0.11666665524244309,1.0493960777918496,False,0.06666665524244308,0.06666665524244308,0.0487773597240448,1.0,-0.027654588222503662,-0.009093413750330607,0.08333333333333333,0.7871376664068229,0.9794117647058824,0.0,0.0,0.38272941112518305,0.6666666666666665,0.0,0.0
1395,"0,136,187,133,184","30332,2824,20719,121,20351","lucrarea.... apărut""üchte",0.11198441982269287,1.0560282866160073,False,0.06198441982269287,0.06198441982269287,0.044178974628448484,1.0,-0.027787232398986814,-0.006178704400857289,0.08333333333333333,0.8025098448710609,0.976470588235294,0.0,0.0,0.3893616199493407,0.6666666666666665,0.0,0.0
1396,"0,13,157,26,65","30332,28688,27499,15157,22276",lucrarea pistonizant sportingrij,0.1337577705581983,1.0652729670206704,False,0.08375777055819829,0.08375777055819829,0.056549054384231565,1.0,-0.027972126007080076,-0.005753266314665477,0.08333333333333333,0.7563800329797488,0.9735294117647059,0.0,0.0,0.3986063003540038,0.6666666666666665,0.0,0.0
1397,"154,27,35,2,232","12307,2600,14797,26170,7578",oara sportgraphicathletetic,0.07387140293916067,1.0688824752966561,False,0.038454736272493996,0.038454736272493996,0.01151840090751648,0.7083333333333334,-0.028044316172599792,-0.011116755505402883,0.08333333333333333,0.8288883178622244,0.9529411764705882,0.0,0.0,0.40221580862998957,0.6666666666666665,0.0,0.0
1398,"145,180,66,179,171","26356,31797,1041,3997,7184", sunetscrisă actionchtн,0.03236766755580902,1.0712814808837952,False,0.015486533443133036,0.015701000889142353,0.001197022199630738,0.3333333333333333,-0.021273794770240783,-0.007636008163293202,0.041666666666666664,0.9147349296882037,0.9852941176470588,0.48378221856223214,0.5238095238095238,0.06368973851203913,0.0,0.0,0.0
1399,"170,186,157,147,114","13602,10443,27499,18956,21415",ffenûizantriusRAL,0.029559534788131715,1.0742059832527522,False,0.017059534788131714,0.017059534788131714,0.0037845075130462646,0.25,-0.012441754341125488,-0.005874156951904297,0.0,0.9022337940458455,0.976470588235294,0.4313488403956095,0.6428571428571428,0.0,0.0,0.0,0.0
1400,"0,200,0,26,31","30332,3404,30332,15157,8221",lucrareawarelucrarea sportingimage,0.15216826200485228,1.077453687527099,False,0.1021682620048523,0.1021682620048523,0.08224679827690125,1.0,-0.02785038948059082,-0.0016108378767967224,0.08333333333333333,0.687212717218376,0.9735294117647059,0.0,0.0,0.39251947402954096,0.6666666666666665,0.018267546830891428,0.0
1401,"0,179,41,26,169","30332,3997,3852,15157,680",lucrareacht rep sporting sie,0.12855955759684246,1.079874018828074,False,0.07855955759684245,0.07855955759684245,0.04885739088058472,1.0,-0.02826414704322815,-0.008578057090441385,0.08333333333333333,0.7082105032078568,0.9794117647058824,0.0,0.0,0.41320735216140747,0.6666666666666665,0.0,0.0
1402,"0,247,10,26,169","30332,12327,15854,15157,680",lucrarearegarded realm sporting sie,0.13035574853420256,1.0807013312975564,False,0.08035574853420258,0.08035574853420258,0.059251677989959714,1.0,-0.028280693292617797,-0.0038060968120892844,0.08333333333333333,0.731077496697664,0.988235294117647,0.0,0.0,0.41403466463088984,0.6666666666666665,0.0,0.0
1403,"161,228,82,130,114","7890,4408,16771,15799,21415",intérieur accord posture putereRAL,0.04028796777129173,1.0814923934993288,False,0.017985191196203232,0.0194546344379584,-0.004500854015350341,0.4166666666666667,-0.020524737238883973,-0.009870012601216635,0.0625,0.8905353462460661,0.9323529411764706,0.4004936267932256,0.4047619047619047,0.026236861944198622,0.24999999999999994,0.0,0.0
1404,"0,129,77,38,169","30332,17,6177,25012,680",lucrareat tie caption sie,0.12872108866771062,1.0841350058714547,False,0.07872108866771062,0.07872108866771062,0.06026478409767151,1.0,-0.028349366784095765,-0.0062658364574114484,0.08333333333333333,0.7440051784519649,0.961764705882353,0.0,0.0,0.4174683392047882,0.6666666666666665,0.0,0.0
1405,"0,13,114,95,82","30332,28688,21415,3169,16771",lucrarea pistonRAL trouble posture,0.12375891506671906,1.0841402709484098,False,0.07375891506671906,0.07375891506671906,0.05133475065231324,1.0,-0.0366828054189682,-0.009438179433345795,0.0625,0.7606076715159592,0.9735294117647059,0.0,0.0,0.8341402709484099,0.24999999999999994,0.0,0.0
1406,"0,133,44,215,25","30332,121,15843,6520,28399","lucrarea"" shaftrib bewegt",0.11857100874185562,1.0845930675665536,False,0.06857100874185562,0.06857100874185562,0.04898959994316101,1.0,-0.028358528017997743,-0.0065881311893463135,0.08333333333333333,0.791688649435058,0.9676470588235294,0.0,0.0,0.41792640089988714,0.6666666666666665,0.0,0.0
1407,"0,35,41,26,169","30332,14797,3852,15157,680",lucrareagraphic rep sporting sie,0.1363145813345909,1.0861744284629822,False,0.08631458133459091,0.08631458133459091,0.05887757539749146,1.0,-0.036723488569259645,-0.004112554093201955,0.0625,0.7163300083680536,0.9676470588235294,0.0,0.0,0.8361744284629822,0.24999999999999994,0.0,0.0
1408,"0,202,100,26,90","30332,5457,14338,15157,23060",lucrareanch surroundings sporting răspunde,0.13319604645172756,1.092054227987925,False,0.08319604645172755,0.08319604645172755,0.05992310643196106,1.0,-0.02850775122642517,-0.0046969180305798846,0.08333333333333333,0.7462669689282847,0.976470588235294,0.0,0.0,0.42538756132125854,0.6666666666666665,0.0,0.0
1409,"200,173,157,77,114","3404,19845,27499,6177,21415",wareAiciizant tieRAL,0.031285160779953004,1.0965675049357941,False,0.01580863942702611,0.01670182744661967,-0.0052127063274383535,0.2916666666666667,-0.02080377638339996,-0.007581653694311778,0.041666666666666664,0.8886589601738233,0.9529411764705882,0.47304535243246293,0.5833333333333333,0.04018881916999801,0.0,0.0,0.0
1410,"0,129,100,108,169","30332,17,14338,30122,680",lucrareat surroundings Angehörige sie,0.1184766744573911,1.0981328586737313,False,0.0684766744573911,0.0684766744573911,0.049081867933273314,1.0,-0.028629323840141295,-0.007169802983601888,0.08333333333333333,0.7814919125668466,0.9794117647058824,0.0,0.0,0.4314661920070647,0.6666666666666665,0.0,0.0
1411,"0,247,188,26,31","30332,12327,29904,15157,8221",lucrarearegardedweilige sportingimage,0.12853334893782933,1.1012430290381112,False,0.07853334893782933,0.07853334893782933,0.05491427183151245,1.0,-0.028691527247428895,-0.009585998952388763,0.08333333333333333,0.7670517906175757,0.9852941176470588,0.0,0.0,0.4345763623714447,0.6666666666666665,0.0,0.0
1412,"118,169,151,147,54","2280,680,1110,18956,7818", km sie seinriusroc,0.057010898987452194,1.1022135993791002,False,0.02576089898745219,0.02576089898745219,0.006864821910858155,0.625,-0.023742014169692995,-0.008557796478271484,0.08333333333333333,0.8655303733482627,0.9705882352941176,0.14130336708492697,0.10714285714285708,0.1871007084846497,0.6666666666666665,0.0,0.0
1413,"199,163,198,104,36","11171,13147,3484,15091,24143",matesnehmgraspielerKT,0.06355060935020447,1.1023235221703844,False,0.034170021613438926,0.0343839426835378,0.007836347818374634,0.5833333333333334,-0.02537980377674103,-0.00880985955397288,0.08333333333333333,0.7886034072898629,0.95,0.0,0.16666666666666657,0.2689901888370514,0.6666666666666665,0.0,0.0
1414,"0,186,100,221,171","30332,10443,14338,23481,7184",lucrareaû surroundings Ensembleн,0.11004543155431748,1.104723791281382,False,0.06212876488765081,0.06212876488765081,0.03285840153694153,0.9583333333333334,-0.028761142492294313,-0.008825240035851797,0.08333333333333333,0.8029831674838789,0.95,0.0,0.0,0.43805712461471563,0.6666666666666665,0.0,0.0
1415,"10,42,157,222,171","15854,13483,27499,10038,7184", realm underneathizantWCн,0.0591890757282575,1.1060095755826858,False,0.025855742394924164,0.025855742394924164,0.01533433198928833,0.6666666666666666,-0.02507163882255554,-0.012234558661778768,0.08333333333333333,0.8882809659084988,0.9941176470588234,0.13814192016919452,0.04761904761904761,0.25358194112777704,0.6666666666666665,0.0,0.0
1416,"231,129,0,147,126","21815,17,30332,18956,7253", stainedtlucrareariusrai,0.11000851343075435,1.1066670517126718,False,0.06000851343075434,0.06000851343075434,0.041599047183990476,1.0,-0.028800007700920106,-0.006724474330743154,0.08333333333333333,0.7855704992496076,0.9264705882352942,0.0,0.0,0.44000038504600525,0.6666666666666665,0.0,0.0
1417,"231,200,185,215,82","21815,3404,15058,6520,16771", stainedwaretientrib posture,0.0287230022251606,1.1085270413803676,False,0.016029903044303257,0.0162230022251606,0.006215989589691162,0.25,-0.014163970947265625,-0.007536689440409343,0.0,0.9000440208555268,0.9911764705882352,0.46566989852322477,0.6428571428571428,0.0,0.0,0.0,0.0
1418,"14,35,185,215,54","6661,14797,15058,6520,7818",sportgraphictientribroc,0.05567302207152049,1.1086939246881573,False,0.03067302207152049,0.03067302207152049,0.007679665088653564,0.5,-0.023126259446144104,-0.008562058210372925,0.08333333333333333,0.8730005651002688,0.9588235294117649,0.0,0.28571428571428564,0.15631297230720517,0.6666666666666665,0.0,0.0
1419,"0,133,100,26,121","30332,121,14338,15157,803","lucrarea"" surroundings sporting friends",0.13801050980885823,1.1087439755598703,False,0.08801050980885823,0.08801050980885823,0.05158018469810486,1.0,-0.028841546177864073,-0.008715696632862091,0.08333333333333333,0.7394726435816659,0.9823529411764707,0.0,0.0,0.4420773088932036,0.6666666666666665,0.0,0.0
1420,"176,247,185,200,146","257,12327,15058,3404,20352",ationregardedtientware cuir,0.02946137537558874,1.1096315450138516,False,0.014211053649584452,0.014878042042255402,0.0007363080978393555,0.2916666666666667,-0.01022149920463562,-0.003619906802972158,0.0,0.8991710910726893,0.9735294117647059,0.5262982116805183,0.5833333333333333,0.0,0.0,0.0,0.0
1421,"178,181,112,134,152","30831,27940,21711,28448,19355",Totusi societati bilden senzati persoană,0.05637597590684891,1.1106246544255147,False,0.02720930924018224,0.02720930924018224,0.006674057245254518,0.5833333333333334,-0.023685365915298462,-0.012081903715928396,0.08333333333333333,0.8228554614613736,0.9647058823529412,0.09302302532725865,0.16666666666666657,0.18426829576492307,0.6666666666666665,0.0,0.0
1422,"0,169,74,26,169","30332,680,9633,15157,680",lucrarea sie bitte sporting sie,0.12995181034008663,1.1166152159372964,False,0.07995181034008662,0.07995181034008662,0.054256129264831546,1.0,-0.028998970985412598,-0.010974759856859842,0.08333333333333333,0.7496557951954976,0.9823529411764707,0.0,0.0,0.4499485492706298,0.6666666666666665,0.0,0.0
1423,"0,28,35,26,54","30332,5378,14797,15157,7818",lucrarea neckgraphic sportingroc,0.1360298698147138,1.1182687977949777,False,0.08602986981471379,0.08602986981471379,0.057625371217727664,1.0,-0.029032042622566222,-0.005747281014919281,0.08333333333333333,0.7456367983785381,0.9558823529411766,0.0,0.0,0.45160213112831105,0.6666666666666665,0.0,0.0
1424,"0,133,35,227,169","30332,121,14797,15782,680","lucrarea""graphic Demo sie",0.12677356153726577,1.1202810506025949,False,0.07677356153726578,0.07677356153726578,0.05784784555435181,1.0,-0.029072287678718566,-0.009670694669087728,0.08333333333333333,0.7666443101751317,0.9588235294117649,0.0,0.0,0.4536143839359283,0.6666666666666665,0.0,0.0
1425,"0,169,8,26,169","30332,680,17682,15157,680",lucrarea sieSport sporting sie,0.13266110718250274,1.1214363376299539,False,0.08266110718250275,0.08266110718250275,0.056823509931564334,1.0,-0.029095393419265748,-0.005505549410978953,0.08333333333333333,0.7700638576425894,0.9676470588235294,0.0,0.0,0.45476967096328735,0.6666666666666665,0.0,0.0
1426,"101,169,219,36,146","10176,680,25895,24143,20352", Mach siefloodedKT cuir,0.05567662020524343,1.121562896739869,False,0.028593286871910095,0.028593286871910095,0.004507112503051758,0.5416666666666666,-0.03196963965892792,-0.005999647080898285,0.0625,0.8286939560978611,0.9529411764705882,0.04689043760299679,0.2261904761904762,0.598481982946396,0.24999999999999994,0.0,0.0
1427,"0,31,100,26,82","30332,8221,14338,15157,16771",lucrareaimage surroundings sporting posture,0.13717769136031469,1.1254380444685617,False,0.08717769136031468,0.08717769136031468,0.05738058090209962,1.0,-0.029175427556037904,-0.008477029701073965,0.08333333333333333,0.7502771662054756,0.9676470588235294,0.0,0.0,0.45877137780189514,0.6666666666666665,0.0,0.0
1428,"118,31,188,147,171","2280,8221,29904,18956,7184", kmimageweiligeriusн,0.028318337102731073,1.1273289918899536,False,0.013680130243301392,0.013735003769397736,0.002942436933517456,0.2916666666666667,-0.013159996271133423,-0.004563185075918834,0.0,0.9078109269134156,0.9970588235294118,0.5439956585566202,0.5833333333333333,0.0,0.0,0.0,0.0
1429,"0,169,157,215,76","30332,680,27499,6520,26292",lucrarea sieizantrib menschliche,0.11787496308485668,1.1299916903177896,False,0.06787496308485667,0.06787496308485667,0.051284795999526976,1.0,-0.02926650047302246,-0.0005604798595110575,0.08333333333333333,0.7910942945559486,0.9647058823529412,0.0,0.0,0.46332502365112294,0.6666666666666665,0.0,0.0
1430,"71,133,185,133,130","25688,121,15058,121,15799"," correspondent""tient"" putere",0.0417329562207063,1.1312145105903109,False,0.02030192439754804,0.022982956220706303,-0.011455875635147094,0.375,-0.02687319219112396,-0.012941976388295492,0.041666666666666664,0.8860317572302692,0.9176470588235294,0.32326918674839866,0.46428571428571425,0.343659609556198,0.0,0.0,0.0
1431,"113,198,122,102,199","25107,3484,12759,26182,11171", Merrygra beneath correspondantmates,0.07673941353956859,1.13197652498881,False,0.037145376205444336,0.03715608020623525,0.01114770770072937,0.7916666666666666,-0.02930619716644287,-0.012907390793164572,0.08333333333333333,0.798410571550949,0.9794117647058824,0.0,0.0,0.46530985832214344,0.6666666666666665,0.0,0.0
1432,"118,169,186,147,171","2280,680,10443,18956,7184", km sieûriusн,0.039288709561030075,1.1369101513945865,False,0.018082956473032635,0.018455376227696735,0.003510755300521851,0.4166666666666667,-0.021698269248008727,-0.00865854819615682,0.0625,0.9169553468898219,0.9852941176470588,0.3972347842322455,0.4047619047619047,0.08491346240043635,0.24999999999999994,0.0,0.0
1433,"163,186,94,134,172","13147,10443,18852,28448,13910",nehmûkap senzatilebt,0.029078293840090436,1.1379640334182315,False,0.013361078997453054,0.014494960506757101,-0.0014635145664215084,0.2916666666666667,-0.017604798078536987,-0.010062175492445627,0.020833333333333332,0.9096704857955745,0.976470588235294,0.5546307000848981,0.5833333333333333,0.0,0.0,0.0,0.0
1434,"118,8,185,200,31","2280,17682,15058,3404,8221", kmSporttientwareimage,0.05377854704856873,1.1400592658254833,False,0.024611880381902058,0.024611880381902058,0.009623485803604125,0.5833333333333334,-0.03087577223777771,-0.007904494802157084,0.0625,0.8954410124781333,0.9794117647058824,0.17960398726993138,0.16666666666666657,0.5437886118888855,0.24999999999999994,0.0,0.0
1435,"136,41,100,26,158","2824,3852,14338,15157,17319",.... rep surroundings sportingenţă,0.08370939940214156,1.1401773790518441,False,0.044126066068808235,0.044126066068808235,0.014631861448287965,0.7916666666666666,-0.029470214247703554,-0.012506283819675446,0.08333333333333333,0.7948662867478237,0.9705882352941176,0.0,0.0,0.47351071238517767,0.6666666666666665,0.0,0.0
1436,"231,238,134,36,78","21815,12740,28448,24143,20961", stainedvolu senzatiKTKING,0.026755065222581226,1.1478470322631655,False,0.018421731889247894,0.018421731889247894,0.007264024019241333,0.16666666666666666,-0.012358686327934265,-0.006900335351626079,0.020833333333333332,0.8703057446405978,0.9588235294117649,0.3859422703584035,0.761904761904762,0.0,0.0,0.0,0.0
1437,"118,181,173,215,171","2280,27940,19845,6520,7184", km societatiAiciribн,0.02777825618783633,1.1513965231558632,False,0.014743818591038385,0.015278256187836329,0.0019475191831588746,0.25,-0.015278854966163635,-0.005574653546015422,0.020833333333333332,0.9357713873392993,0.9676470588235294,0.5085393802987205,0.6428571428571428,0.0,0.0,0.0,0.0
1438,"0,35,244,26,159","30332,14797,22467,15157,3077",lucrareagraphiclänge sportingige,0.1276920219262441,1.156496485074361,False,0.0776920219262441,0.0776920219262441,0.05095192790031433,1.0,-0.021463263034820556,-0.004205341140429179,0.10416666666666667,0.7865334313427101,0.9735294117647059,0.0,0.0,0.07316315174102778,1.0833333333333333,0.0,0.0
1439,"178,200,186,147,169","30831,3404,10443,18956,680",Totusiwareûrius sie,0.027691785991191865,1.1586775434395622,False,0.014972242216269175,0.015191785991191864,-0.000968706607818603,0.25,-0.020297902822494506,-0.008443479736646017,0.041666666666666664,0.9193381696324332,0.961764705882353,0.5009252594576942,0.6428571428571428,0.014895141124725286,0.0,0.0,0.0
1440,"145,247,74,215,190","26356,12327,9633,6520,11733", sunetregarded bitteribusion,0.027933623890082044,1.170675559176339,False,0.01237973322470983,0.013350290556748709,-0.0031466901302337636,0.2916666666666667,-0.014947736263275146,-0.006805827220280965,0.020833333333333332,0.922007672118033,0.9705882352941176,0.5873422258430057,0.5833333333333333,0.0,0.0,0.0,0.0
1441,"161,171,94,62,180","7890,7184,18852,23226,31797",intérieurнkap imobilscrisă,0.051723829656839374,1.1718136486079955,False,0.022284454355637234,0.022557162990172703,0.004668590426445008,0.5833333333333334,-0.021625909209251403,-0.01176981379588445,0.08333333333333333,0.8767759536057388,0.9852941176470588,0.2571848548120922,0.16666666666666657,0.08129546046257013,0.6666666666666665,0.0,0.0
1442,"36,147,105,104,151","24143,18956,10924,15091,1110",KTriusissentspieler sein,0.05812861373027166,1.1743462766919817,False,0.031031598647435505,0.031045280396938324,0.007110464572906494,0.5416666666666666,-0.02562978267669678,-0.011623303095499674,0.08333333333333333,0.7988764068360691,0.9647058823529412,0.0,0.2261904761904762,0.2814891338348389,0.6666666666666665,0.0,0.0
1443,"0,200,35,26,82","30332,3404,14797,15157,16771",lucrareawaregraphic sporting posture,0.13345250785350798,1.175197492043177,False,0.083452507853508,0.083452507853508,0.060818666219711305,1.0,-0.03017061650753021,-0.005970381200313568,0.08333333333333333,0.767859109796875,0.9676470588235294,0.0,0.0,0.5085308253765104,0.6666666666666665,0.0,0.0
1444,"0,133,46,26,158","30332,121,18927,15157,17319","lucrarea"" rar sportingenţă",0.12840901613235473,1.1798112392425535,False,0.07840901613235474,0.07840901613235474,0.054233360290527347,1.0,-0.03859622478485107,-0.004683780173460643,0.0625,0.7882125224706669,0.961764705882353,0.0,0.0,0.9298112392425535,0.24999999999999994,0.0,0.0
1445,"0,200,41,97,171","30332,3404,3852,31302,7184",lucrareaware rep reacțiн,0.11582838296890259,1.180470565954844,False,0.06582838296890259,0.06582838296890259,0.0404857337474823,1.0,-0.03027607798576355,-0.009687493244806925,0.08333333333333333,0.7708315788929299,0.9647058823529412,0.0,0.0,0.5138038992881774,0.6666666666666665,0.0,0.0
1446,"0,169,157,26,169","30332,680,27499,15157,680",lucrarea sieizant sporting sie,0.13118431270122527,1.1814039746920266,False,0.08118431270122528,0.08118431270122528,0.05750599503517151,1.0,-0.030294746160507202,-0.0020867809653282166,0.08333333333333333,0.7785619745796734,0.9735294117647059,0.0,0.0,0.5147373080253601,0.6666666666666665,0.0,0.0
1447,"0,35,100,26,82","30332,14797,14338,15157,16771",lucrareagraphic surroundings sporting posture,0.13901497224966686,1.1844980518023172,False,0.08901497224966685,0.08901497224966685,0.05451273322105408,1.0,-0.030356627702713013,-0.0056491320331891375,0.08333333333333333,0.7478193929969403,0.961764705882353,0.0,0.0,0.5178313851356506,0.6666666666666665,0.0,0.0
1448,"157,35,79,190,190","27499,14797,5206,11733,11733",izantgraphicrickusionusion,0.0299050971865654,1.1886539492342205,False,0.015301023920377096,0.015321763853232065,0.0033121109008789076,0.2916666666666667,-0.02230709493160248,-0.010544858872890472,0.041666666666666664,0.905817522400039,0.988235294117647,0.48996586932076347,0.5833333333333333,0.11535474658012392,0.0,0.0,0.0
1449,"0,13,224,26,158","30332,28688,1130,15157,17319",lucrarea piston follow sportingenţă,0.14013202289740245,1.1974981228510537,False,0.09013202289740245,0.09013202289740245,0.0597343921661377,1.0,-0.030616629123687743,-0.007535994052886963,0.08333333333333333,0.7454588006705867,0.9647058823529412,0.0,0.0,0.5308314561843871,0.6666666666666665,0.0,0.0
1450,"0,169,35,26,82","30332,680,14797,15157,16771",lucrarea siegraphic sporting posture,0.13682643870512645,1.1976291040579476,False,0.08682643870512645,0.08682643870512645,0.06338825821876526,1.0,-0.030619248747825623,-0.0038944433132807412,0.08333333333333333,0.7605762556152064,0.9735294117647059,0.0,0.0,0.5309624373912811,0.6666666666666665,0.0,0.0
1451,"0,133,35,26,82","30332,121,14797,15157,16771","lucrarea""graphic sporting posture",0.136520050962766,1.200328747431437,False,0.086520050962766,0.086520050962766,0.05469775199890137,1.0,-0.03067324161529541,-0.005416651566823323,0.08333333333333333,0.7499074311573023,0.9735294117647059,0.0,0.0,0.5336620807647704,0.6666666666666665,0.0,0.0
1452,"0,200,157,26,218","30332,3404,27499,15157,6798",lucrareawareizant sporting Think,0.1208879679441452,1.2110543052355447,False,0.0708879679441452,0.0708879679441452,0.04559235572814942,1.0,-0.030887752771377563,-0.007128032545248668,0.08333333333333333,0.7650079045339474,0.9705882352941176,0.0,0.0,0.5443876385688782,0.6666666666666665,0.0,0.0
1453,"36,247,157,215,159","24143,12327,27499,6520,3077",KTregardedizantribige,0.024646819879611336,1.2329001249302,False,0.014084424823522568,0.014230153212944666,0.0016873478889465332,0.20833333333333334,-0.01504899263381958,-0.006785643597443898,0.020833333333333332,0.9304761485001068,0.9823529411764707,0.5305191725492477,0.7023809523809523,0.0,0.0,0.0,0.0
1454,"0,13,8,26,169","30332,28688,17682,15157,680",lucrarea pistonSport sporting sie,0.13915191143751143,1.2392535607020059,False,0.08915191143751144,0.08915191143751144,0.06059223413467407,1.0,-0.031451737880706786,-0.006726148227850596,0.08333333333333333,0.724732102257136,0.9705882352941176,0.0,0.0,0.5725868940353392,0.6666666666666665,0.0,0.0
1455,"189,123,173,234,45","10646,22250,19845,794,25231",tial papaAici testffentlichkeit,0.06872178067763646,1.242511205729984,False,0.03538844734430313,0.03538844734430313,0.0059545814990997325,0.6666666666666666,-0.022231176495552063,-0.012953177094459534,0.10416666666666667,0.780884049622303,0.9411764705882352,0.0,0.04761904761904761,0.11155882477760312,1.0833333333333333,0.0,0.0
1456,"0,31,151,133,54","30332,8221,1110,121,7818","lucrareaimage sein""roc",0.11660782049099605,1.2446572681268055,False,0.06660782049099605,0.06660782049099605,0.04448479413986206,1.0,-0.023226478695869447,-0.006105927129586537,0.10416666666666667,0.7702115200950227,0.9588235294117649,0.0,0.0,0.16132393479347235,1.0833333333333333,0.0,0.0
1457,"0,35,77,26,210","30332,14797,6177,15157,12182",lucrareagraphic tie sporting estim,0.13311427881320317,1.248406002918879,False,0.08311427881320317,0.08311427881320317,0.053043729066848753,1.0,-0.03163478672504425,-0.003709326187769572,0.08333333333333333,0.7413100492365126,0.9470588235294116,0.0,0.0,0.5817393362522125,0.6666666666666665,0.0,0.0
1458,"0,13,41,26,82","30332,28688,3852,15157,16771",lucrarea piston rep sporting posture,0.14717941532532375,1.2522260646025336,False,0.09717941532532375,0.09717941532532375,0.06674888730049133,1.0,-0.03171118795871734,-0.010489848752816519,0.08333333333333333,0.7007191616848278,0.9647058823529412,0.0,0.0,0.5855593979358671,0.6666666666666665,0.0,0.0
1459,"0,12,8,200,169","30332,12337,17682,3404,680",lucrarea mobilitySportware sie,0.12808544983466466,1.2524886230627692,False,0.07808544983466466,0.07808544983466466,0.06462271809577942,1.0,-0.031716439127922054,-0.006231168905893962,0.08333333333333333,0.7468224977678887,0.976470588235294,0.0,0.0,0.5858219563961027,0.6666666666666665,0.0,0.0
1460,"170,247,74,147,57","13602,12327,9633,18956,23976",ffenregarded bitterius déplacement,0.05269650717576345,1.2530982281480514,False,0.025613173842430115,0.025613173842430115,0.004267281293869019,0.5416666666666666,-0.024280270934104918,-0.012775334219137827,0.08333333333333333,0.8225998116744112,0.9735294117647059,0.14622753858566281,0.2261904761904762,0.2140135467052459,0.6666666666666665,0.0,0.0
1461,"0,13,100,165,90","30332,28688,14338,13114,23060",lucrarea piston surroundings-> răspunde,0.12740084826946257,1.263797362645467,False,0.07740084826946259,0.07740084826946259,0.05703989863395691,1.0,-0.023609280586242676,-0.006655099491278331,0.10416666666666667,0.7517035407263928,0.9735294117647059,0.0,0.0,0.18046402931213376,1.0833333333333333,0.0,0.0
1462,"0,129,123,26,169","30332,17,22250,15157,680",lucrareat papa sporting sie,0.13472100893656414,1.2652415723852555,False,0.08472100893656413,0.08472100893656413,0.06586276292800904,1.0,-0.031832990050315854,-0.004010699689388275,0.08333333333333333,0.6951522177580425,0.9676470588235294,0.0,0.0,0.5916495025157926,0.6666666666666665,0.006925403202796396,0.0
1463,"0,136,100,250,169","30332,2824,14338,24976,680",lucrarea.... surroundings situatia sie,0.11112282276153565,1.265486160914103,False,0.06320615609486897,0.06320615609486897,0.03825022578239441,0.9583333333333334,-0.03197638988494873,-0.009836740791797638,0.08333333333333333,0.7902788705373887,0.9794117647058824,0.0,0.0,0.5988194942474366,0.6666666666666665,0.0,0.0
1464,"0,133,35,14,82","30332,121,14797,6661,16771","lucrarea""graphicsport posture",0.1316686401764552,1.2682697971661885,False,0.08166864017645518,0.08166864017645518,0.058552068471908573,1.0,-0.023698729276657105,-0.005965724587440491,0.10416666666666667,0.7509181432075697,0.976470588235294,0.0,0.0,0.18493646383285522,1.0833333333333333,0.0,0.0
1465,"0,13,112,26,169","30332,28688,21711,15157,680",lucrarea piston bilden sporting sie,0.14004988024632137,1.2686200241247811,False,0.09004988024632136,0.09004988024632136,0.06246349215507507,1.0,-0.03203906714916229,-0.0057984863718350725,0.08333333333333333,0.727046998727849,0.9647058823529412,0.0,0.0,0.6019533574581145,0.6666666666666665,0.0,0.0
1466,"167,202,35,202,191","24594,5457,14797,5457,20041",idianchgraphicnchieni,0.023443487783273063,1.2697514002285306,False,0.012978886564572653,0.013026821116606394,0.001312825083732605,0.20833333333333334,-0.018144938349723815,-0.00919053703546524,0.0,0.9163078860163194,0.976470588235294,0.5673704478475782,0.7023809523809523,0.0,0.0,0.0,0.0
1467,"118,189,185,215,184","2280,10646,15058,6520,20351", kmtialtientribüchte,0.023271815727154414,1.2719240758627182,False,0.014699420581261316,0.014938482393821081,0.0012895017862319955,0.16666666666666666,-0.01344989836215973,-0.00497908890247345,0.0,0.9036041293924466,0.9823529411764707,0.5100193139579561,0.761904761904762,0.0,0.0,0.0,0.0
1468,"170,136,157,244,54","13602,2824,27499,22467,7818",ffen....izantlängeroc,0.03499510064721108,1.271930836495899,False,0.013270646333694458,0.016245100647211075,-0.012436932325363156,0.375,-0.019673207402229307,-0.008691248794396719,0.0625,0.9542336708522887,0.9794117647058824,0.5576451222101847,0.46428571428571425,0.0,0.24999999999999994,0.0,0.0
1469,"0,169,188,26,76","30332,680,29904,15157,26292",lucrarea sieweilige sporting menschliche,0.12916227728128432,1.2754812637964883,False,0.07916227728128433,0.07916227728128433,0.05264922380447388,1.0,-0.032176291942596434,-0.005323822299639384,0.08333333333333333,0.7500441327794976,0.9794117647058824,0.0,0.0,0.6088145971298217,0.6666666666666665,0.0,0.0
1470,"200,190,10,242,180","3404,11733,15854,17002,31797",wareusion realmaffichescrisă,0.037895785023768745,1.2756895250271236,False,0.016855405022700626,0.01706245169043541,0.0024374544620513923,0.4166666666666667,-0.023655489087104797,-0.011504324773947397,0.0625,0.8897626077142786,0.9911764705882352,0.4381531659099791,0.4047619047619047,0.18277445435523984,0.24999999999999994,0.0,0.0
1471,"0,13,100,6,158","30332,28688,14338,21014,17319",lucrarea piston surroundings sportivenţă,0.1320991670091947,1.2794580856959024,False,0.08209916700919469,0.08209916700919469,0.0576854407787323,1.0,-0.03225582838058472,-0.008763452370961508,0.08333333333333333,0.7687758057117196,0.9676470588235294,0.0,0.0,0.6127914190292358,0.6666666666666665,0.0,0.0
1472,"0,41,198,26,90","30332,3852,3484,15157,23060",lucrarea repgra sporting răspunde,0.12925295333067577,1.2803011933962503,False,0.07925295333067577,0.07925295333067577,0.05508273243904114,1.0,-0.032272690534591676,-0.00579117735226949,0.08333333333333333,0.7629500472512128,0.9794117647058824,0.0,0.0,0.6136345267295837,0.6666666666666665,0.0,0.0
1473,"0,123,238,26,233","30332,22250,12740,15157,8216",lucrarea papavolu sporting termen,0.13161226660013198,1.2819818953673043,False,0.08161226660013199,0.08161226660013199,0.05221821665763855,1.0,-0.032306304574012755,-0.007241683701674144,0.08333333333333333,0.7150478227970294,0.9794117647058824,0.0,0.0,0.6153152287006377,0.6666666666666665,0.0,0.0
1474,"170,137,42,99,168","13602,5218,13483,7693,15271",ffenerii underneath graphicoară,0.06913260146975518,1.2820437351862588,False,0.03371593480308851,0.03371593480308851,0.011153626441955567,0.7083333333333334,-0.032307541370391844,-0.012193908294041952,0.08333333333333333,0.8118274768408078,0.976470588235294,0.0,0.0,0.6153770685195922,0.6666666666666665,0.0,0.0
1475,"0,219,151,215,82","30332,25895,1110,6520,16771",lucrareaflooded seinrib posture,0.127317217985789,1.2871046165625253,False,0.07731721798578899,0.07731721798578899,0.050485217571258546,1.0,-0.032408758997917175,-0.007430411875247955,0.08333333333333333,0.7458323179770815,0.961764705882353,0.0,0.0,0.6204379498958588,0.6666666666666665,0.0,0.0
1476,"36,254,79,147,31","24143,28995,5206,18956,8221",KTfreiheitrickriusimage,0.05164834409952164,1.2876323693328433,False,0.02248167743285497,0.02248167743285497,0.00644294023513794,0.5833333333333334,-0.03240709900856018,-0.010288464526335398,0.0625,0.9107406333337528,0.9823529411764707,0.25061075223816764,0.16666666666666657,0.620354950428009,0.24999999999999994,0.0,0.0
1477,"149,172,35,247,203","18457,13910,14797,12327,7889", varstalebtgraphicregarded assembly,0.03822605932752292,1.2914769907319354,False,0.015763058016697567,0.01739272599418958,-0.003203552961349487,0.4166666666666667,-0.023243007063865662,-0.009418077766895294,0.0625,0.8984164147541112,0.9735294117647059,0.47456473277674777,0.4047619047619047,0.16215035319328308,0.24999999999999994,0.0,0.0
1478,"0,247,100,116,90","30332,12327,14338,29248,23060",lucrarearegarded surroundings motoare răspunde,0.12188437879085541,1.2933232684930165,False,0.07188437879085541,0.07188437879085541,0.05006107687950134,1.0,-0.024199798703193665,-0.009628750383853912,0.10416666666666667,0.7304942570266834,0.9735294117647059,0.0,0.0,0.2099899351596832,1.0833333333333333,0.0,0.0
1479,"118,35,185,200,31","2280,14797,15058,3404,8221", kmgraphictientwareimage,0.04470663915077845,1.2994128536610374,False,0.01953960955142975,0.019706639150778454,0.005357122421264649,0.5,-0.02830037772655487,-0.007605393727620442,0.0625,0.9249569845304862,0.9852941176470588,0.34867968161900836,0.28571428571428564,0.4150188863277435,0.24999999999999994,0.0,0.0
1480,"0,189,35,147,85","30332,10646,14797,18956,6796",lucrareatialgraphicrius drawn,0.11793406854073207,1.3044900993506112,False,0.06793406854073207,0.06793406854073207,0.04900972843170166,1.0,-0.03275646865367889,-0.00845631460348765,0.08333333333333333,0.7601043995923498,0.9794117647058824,0.0,0.0,0.6378234326839446,0.6666666666666665,0.0,0.0
1481,"23,200,100,215,28","31052,3404,14338,6520,5378", pasageriware surroundingsrib neck,0.04887972424427668,1.3051322835778432,False,0.023879724244276684,0.023879724244276684,0.008330178260803223,0.5,-0.022974842786788942,-0.013540518780549368,0.08333333333333333,0.8530116386263672,0.9823529411764707,0.20400919185744384,0.28571428571428564,0.14874213933944708,0.6666666666666665,0.0,0.0
1482,"0,31,8,26,158","30332,8221,17682,15157,17319",lucrareaimageSport sportingenţă,0.13128941307465236,1.3060938616593678,False,0.08128941307465236,0.08128941307465236,0.056949508190155027,1.0,-0.02445521056652069,-0.0025063653786977134,0.10416666666666667,0.7788456439537937,0.9647058823529412,0.0,0.0,0.22276052832603446,1.0833333333333333,0.0,0.0
1483,"243,122,186,26,31","16323,12759,10443,15157,8221", Plain beneathû sportingimage,0.08318110058705012,1.3116179207960763,False,0.04151443392038345,0.04151443392038345,0.017190802097320556,0.8333333333333334,-0.0328990250825882,-0.011967582007249197,0.08333333333333333,0.8510124449420902,0.9676470588235294,0.0,0.0,0.6449512541294099,0.6666666666666665,0.0,0.0
1484,"0,13,193,26,90","30332,28688,26831,15157,23060",lucrarea pistonVoraussetzungen sporting răspunde,0.13070709307988485,1.3142178257306416,False,0.08070709307988484,0.08070709307988484,0.04566237926483154,1.0,-0.024617689847946166,-0.009530084828535715,0.10416666666666667,0.7387472990623164,0.9294117647058824,0.0,0.0,0.2308844923973083,1.0833333333333333,0.0,0.0
1485,"0,169,122,62,169","30332,680,12759,23226,680",lucrarea sie beneath imobil sie,0.1229884182413419,1.3168732623259223,False,0.0729884182413419,0.0729884182413419,0.057093036174774174,1.0,-0.03300413191318512,-0.008849456906318665,0.08333333333333333,0.7615838029187147,0.9941176470588234,0.0,0.0,0.6502065956592558,0.6666666666666665,0.0,0.0
1486,"232,186,100,26,238","7578,10443,14338,15157,12740",eticû surroundings sportingvolu,0.06404310514529546,1.319641460975011,False,0.03437317907810211,0.03487643847862879,0.00011174678802490284,0.5833333333333334,-0.029726162552833557,-0.013294359048207601,0.08333333333333333,0.7946973201464769,0.9558823529411766,0.0,0.16666666666666657,0.4863081276416778,0.6666666666666665,0.0,0.0
1487,"0,31,94,238,138","30332,8221,18852,12740,9518",lucrareaimagekapvolu oferit,0.11447594116131465,1.3231284221013386,False,0.06447594116131465,0.06447594116131465,0.047023892402648926,1.0,-0.024795901775360108,-0.0071985845764478045,0.10416666666666667,0.7948019883563564,0.961764705882353,0.0,0.0,0.23979508876800537,1.0833333333333333,0.0,0.0
1488,"0,129,8,26,169","30332,17,17682,15157,680",lucrareatSport sporting sie,0.13288309723138808,1.324225048224131,False,0.08288309723138809,0.08288309723138809,0.05791513323783874,1.0,-0.03315116763114929,-0.004582042495409648,0.08333333333333333,0.749676173077067,0.9705882352941176,0.0,0.0,0.6575583815574644,0.6666666666666665,0.0,0.0
1489,"149,41,94,77,45","18457,3852,18852,6177,25231", varsta repkap tieffentlichkeit,0.05209550857543946,1.3276034380708421,False,0.02472558617591858,0.02501217524210612,0.005777096748352051,0.5416666666666666,-0.02517865002155304,-0.012002768615881601,0.08333333333333333,0.847136787996625,0.9323529411764706,0.17581379413604734,0.2261904761904762,0.25893250107765203,0.6666666666666665,0.0,0.0
1490,"0,41,105,26,90","30332,3852,10924,15157,23060",lucrarea repissent sporting răspunde,0.128040378789107,1.3301141361395517,False,0.07804037878910701,0.07804037878910701,0.05250000357627869,1.0,-0.0332689493894577,-0.007386811077594757,0.08333333333333333,0.7511755683402748,0.961764705882353,0.0,0.0,0.663447469472885,0.6666666666666665,0.0,0.0
1491,"0,47,100,14,45","30332,27265,14338,6661,25231",lucrarea klicken surroundingssportffentlichkeit,0.1249247893691063,1.3310395975907643,False,0.07492478936910629,0.07492478936910629,0.05188466310501099,1.0,-0.02495412528514862,-0.007102273404598236,0.10416666666666667,0.7400601286446401,0.9794117647058824,0.0,0.0,0.247706264257431,1.0833333333333333,0.0,0.0
1492,"0,169,134,26,6","30332,680,28448,15157,21014",lucrarea sie senzati sporting sportiv,0.1381276453534762,1.3330423136552174,False,0.08812764535347621,0.08812764535347621,0.06389063000679016,1.0,-0.024994179606437683,-0.00367887814839681,0.10416666666666667,0.7612598409151274,0.9676470588235294,0.0,0.0,0.24970898032188413,1.0833333333333333,0.0,0.0
1493,"0,31,0,26,31","30332,8221,30332,15157,8221",lucrareaimagelucrarea sportingimage,0.15284799337387084,1.3334467808405557,False,0.10284799337387085,0.10284799337387085,0.08320269584655762,1.0,-0.03333560228347778,-0.0032817497849464417,0.08333333333333333,0.716294578642143,0.9735294117647059,0.0,0.0,0.666780114173889,0.6666666666666665,0.0,0.0
1494,"14,35,187,26,169","6661,14797,20719,15157,680",sportgraphic apărut sporting sie,0.0904183660944303,1.3368855218092597,False,0.04875169942776362,0.04875169942776362,0.016530948877334594,0.8333333333333334,-0.033404377102851865,-0.013302316268285116,0.08333333333333333,0.7708034049278812,0.9323529411764706,0.0,0.0,0.6702188551425932,0.6666666666666665,0.0,0.0
1495,"0,209,134,26,90","30332,31192,28448,15157,23060",lucrareaDeveloped senzati sporting răspunde,0.12948117951552074,1.3368940154711402,False,0.07948117951552074,0.07948117951552074,0.051849520206451415,1.0,-0.03340454697608947,-0.00562197466691335,0.08333333333333333,0.7536672274958138,0.9705882352941176,0.0,0.0,0.6702273488044737,0.6666666666666665,0.0,0.0
1496,"0,200,122,26,31","30332,3404,12759,15157,8221",lucrareaware beneath sportingimage,0.1278100813428561,1.3393493791421254,False,0.0778100813428561,0.0778100813428561,0.06000696420669556,1.0,-0.02512032091617584,-0.0029114261269569397,0.10416666666666667,0.7945446404125965,0.976470588235294,0.0,0.0,0.25601604580879206,1.0833333333333333,0.0,0.0
1497,"209,8,186,190,159","31192,17682,10443,11733,3077",DevelopedSportûusionige,0.04829485366741816,1.3416791695450976,False,0.022225129107634228,0.023294853667418163,-0.0014012455940246556,0.5,-0.030936050415039062,-0.010798583428064982,0.0625,0.8613496656908183,0.9676470588235294,0.25916236307885904,0.28571428571428564,0.546802520751953,0.24999999999999994,0.0,0.0
1498,"178,42,163,101,114","30831,13483,13147,10176,21415",Totusi underneathnehm MachRAL,0.0524759903550148,1.3444530041444867,False,0.0274759903550148,0.0274759903550148,0.009014469385147095,0.5,-0.02615876793861389,-0.011560785273710886,0.08333333333333333,0.8290468639559504,0.976470588235294,0.08413365483283994,0.28571428571428564,0.3079383969306945,0.6666666666666665,0.0,0.0
1499,"118,200,185,215,217","2280,3404,15058,6520,15296", kmwaretientribITY,0.022175731758276623,1.3456779557561118,False,0.011502313117186228,0.011759065091609955,0.0009251236915588379,0.20833333333333334,-0.020534148812294005,-0.007205004493395488,0.041666666666666664,0.9322101981571448,0.9823529411764707,0.6165895627604591,0.7023809523809523,0.026707440614700227,0.0,0.0,0.0
1500,"68,136,185,147,171","15501,2824,15058,18956,7184", Bewegung....tientriusн,0.04502685815095901,1.3469731500224462,False,0.02204386641581853,0.022110191484292347,0.007398450374603273,0.4583333333333333,-0.029730612039566038,-0.012313840289910635,0.0625,0.899769614154847,0.9794117647058824,0.26520445280604893,0.34523809523809523,0.4865306019783019,0.24999999999999994,0.0,0.0
1501,"170,169,188,39,159","13602,680,29904,2951,3077",ffen sieweiligechesige,0.02207459757725398,1.3474342993327548,False,0.010648399591445923,0.01165793091058731,-0.003767883777618407,0.20833333333333334,-0.01408095359802246,-0.00567599634329478,0.0,0.9466287843906662,0.9852941176470588,0.6450533469518026,0.7023809523809523,0.0,0.0,0.0,0.0
1502,"0,129,74,26,158","30332,17,9633,15157,17319",lucrareat bitte sportingenţă,0.13074917147556941,1.348151644070943,False,0.08074917147556941,0.08074917147556941,0.058355921506881715,1.0,-0.025296366214752196,-0.007270241777102153,0.10416666666666667,0.7570311217336823,0.988235294117647,0.0,0.0,0.26481831073760975,1.0833333333333333,0.0,0.0
1503,"0,200,0,77,251","30332,3404,30332,6177,694",lucrareawarelucrarea tie fun,0.14068603316942851,1.3501268426577249,False,0.09068603316942851,0.09068603316942851,0.06730968952178955,1.0,-0.03366920351982117,-0.004289363821347554,0.08333333333333333,0.7108051324164779,0.9529411764705882,0.0,0.0,0.6834601759910583,0.6666666666666665,0.0,0.0
1504,"226,83,210,78,180","20736,7383,12182,20961,31797",esel Front estimKINGscrisă,0.05609201441208522,1.35193720459938,False,0.026728808879852295,0.02692534774541855,0.00921509861946106,0.5833333333333334,-0.028191283345222473,-0.013994569579760233,0.08333333333333333,0.8486347166698713,0.976470588235294,0.10903970400492347,0.16666666666666657,0.4095641672611236,0.6666666666666665,0.0,0.0
1505,"164,169,105,215,158","6303,680,10924,6520,17319",itati sieissentribenţă,0.021849642197291057,1.3528742165792556,False,0.010485202074050903,0.01143297553062439,-0.002538406848907469,0.20833333333333334,-0.01232086420059204,-0.005268824597199758,0.020833333333333332,0.9219076352448738,0.9852941176470588,0.6504932641983032,0.7023809523809523,0.0,0.0,0.0,0.0
1506,"83,129,57,107,171","7383,17,23976,798,7184", Frontt déplacement momentн,0.06787472863992056,1.3542006214459736,False,0.032206701735655464,0.032458061973253884,0.014328676462173463,0.7083333333333334,-0.025417345762252807,-0.012468487024307251,0.10416666666666667,0.8682597744554454,0.9676470588235294,0.0,0.0,0.2708672881126403,1.0833333333333333,0.0,0.0
1507,"200,31,226,26,171","3404,8221,20736,15157,7184",wareimageesel sportingн,0.06068374067544937,1.3563259627137862,False,0.033600407342116036,0.033600407342116036,0.008434009552001954,0.5416666666666666,-0.02926937639713287,-0.011290468275547028,0.08333333333333333,0.8779293880159377,0.9794117647058824,0.0,0.2261904761904762,0.46346881985664357,0.6666666666666665,0.0,0.0
1508,"14,169,17,146,180","6661,680,25272,20352,31797",sport sie grafic cuirscrisă,0.06393253281712533,1.3568129326616014,False,0.036849199483791985,0.036849199483791985,0.007881051301956177,0.5416666666666666,-0.02927911579608917,-0.012952451904614767,0.08333333333333333,0.7973635806963725,0.95,0.0,0.2261904761904762,0.46395578980445856,0.6666666666666665,0.0,0.0
1509,"0,41,35,26,90","30332,3852,14797,15157,23060",lucrarea repgraphic sporting răspunde,0.13394689857959746,1.3572923143704732,False,0.08394689857959747,0.08394689857959747,0.059445124864578244,1.0,-0.0254791796207428,-0.006154502431551616,0.10416666666666667,0.7463108894381826,0.961764705882353,0.0,0.0,0.2739589810371399,1.0833333333333333,0.0,0.0
1510,"118,189,151,121,158","2280,10646,1110,803,17319", kmtial sein friendsenţă,0.06913108229637147,1.3584104975064595,False,0.03163108229637146,0.03163108229637146,0.01471049189567566,0.75,-0.025501543283462526,-0.01421745369831721,0.10416666666666667,0.8562464729476289,0.9735294117647059,0.0,0.0,0.2750771641731263,1.0833333333333333,0.0,0.0
1511,"119,247,188,176,78","23662,12327,29904,257,20961", artistiqueregardedweiligeationKING,0.04005219340324402,1.3601305016449519,False,0.02130219340324402,0.02130219340324402,0.007207071781158448,0.375,-0.0271183580160141,-0.007623026768366496,0.0625,0.8494397201808105,0.9588235294117649,0.2899268865585327,0.46428571428571425,0.3559179008007049,0.24999999999999994,0.0,0.0
1512,"118,30,186,26,158","2280,22706,10443,15157,17319", kmmogû sportingenţă,0.06602724641561508,1.3646585359459829,False,0.03477724641561508,0.03477724641561508,0.009795302152633668,0.625,-0.031816980242729186,-0.009740998347600302,0.08333333333333333,0.8551995592819976,0.9588235294117649,0.0,0.10714285714285708,0.5908490121364592,0.6666666666666665,0.0,0.0
1513,"22,126,134,191,184","17088,7253,28448,20041,20351", Behindrai senzatiieniüchte,0.056643173595269526,1.3685977127816937,False,0.02690910796324412,0.027476506928602856,0.0015884757041931157,0.5833333333333334,-0.028644692897796628,-0.014441442986329397,0.08333333333333333,0.8478723214567592,0.9558823529411766,0.10302973455852925,0.16666666666666657,0.4322346448898314,0.6666666666666665,0.0,0.0
1514,"0,136,8,26,171","30332,2824,17682,15157,7184",lucrarea....Sport sportingн,0.13154399196306865,1.3689554532368977,False,0.08154399196306865,0.08154399196306865,0.05563362240791321,1.0,-0.02571244239807129,-0.004068059225877126,0.10416666666666667,0.7790455633222215,0.9735294117647059,0.0,0.0,0.28562211990356445,1.0833333333333333,0.0,0.0
1515,"104,57,60,134,96","15091,23976,4091,28448,11564",spieler déplacement rear senzatitata,0.08333781858285269,1.3715552588303883,False,0.04167115191618601,0.04167115191618601,0.012112599611282351,0.8333333333333334,-0.0257644385099411,-0.013178706169128418,0.10416666666666667,0.7920128430054812,0.9676470588235294,0.0,0.0,0.288221925497055,1.0833333333333333,0.0,0.0
1516,"200,170,8,215,172","3404,13602,17682,6520,13910",wareffenSportriblebt,0.0477057250837485,1.3767717766856387,False,0.022623925159374874,0.0227057250837485,0.0033021569252014173,0.5,-0.023570433259010315,-0.008986572424570719,0.08333333333333333,0.8581981182415772,0.9323529411764706,0.24586916135417083,0.28571428571428564,0.17852166295051572,0.6666666666666665,0.0,0.0
1517,"36,129,157,230,82","24143,17,27499,25638,16771",KTtizant Numero posture,0.04983276476462682,1.3791762245079826,False,0.022286194066206615,0.022749431431293488,0.003215867280960083,0.5416666666666666,-0.03291717767715454,-0.01105629156033198,0.0625,0.8618360332353986,0.9558823529411766,0.25712686445977945,0.2261904761904762,0.6458588838577269,0.24999999999999994,0.0,0.0
1518,"0,13,114,26,169","30332,28688,21415,15157,680",lucrarea pistonRAL sporting sie,0.13010271439949672,1.3794329067071276,False,0.08010271439949672,0.08010271439949672,0.055356568098068236,1.0,-0.02592199146747589,-0.0033731386065483093,0.10416666666666667,0.7500181972938637,0.9529411764705882,0.0,0.0,0.29609957337379444,1.0833333333333333,0.0,0.0
1519,"0,59,46,26,90","30332,31675,18927,15157,23060",lucrarea temporaire rar sporting răspunde,0.13473023027181624,1.3808447917302447,False,0.08473023027181625,0.08473023027181625,0.06632347106933593,1.0,-0.02595022916793823,-0.00848644475142161,0.10416666666666667,0.7411042635082391,0.9794117647058824,0.0,0.0,0.2975114583969115,1.0833333333333333,0.0,0.0
1520,"0,129,8,26,184","30332,17,17682,15157,20351",lucrareatSport sportingüchte,0.13183596779902776,1.3810775478680928,False,0.08183596779902776,0.08183596779902776,0.05407137870788574,1.0,-0.02595488429069519,-0.005198647578557332,0.10416666666666667,0.765535336597448,0.961764705882353,0.0,0.0,0.2977442145347595,1.0833333333333333,0.0,0.0
1521,"161,35,206,197,134","7890,14797,17140,2266,28448",intérieurgraphicliga24 senzati,0.019904301067193347,1.381770593306375,False,0.011404025057951609,0.011570967733860016,0.0005911707878112796,0.16666666666666666,-0.01580921411514282,-0.006870252390702565,0.0,0.9161959620455781,0.9823529411764707,0.6198658314016131,0.761904761904762,0.0,0.0,0.0,0.0
1522,"186,133,105,215,171","10443,121,10924,6520,7184","û""issentribн",0.023937964191039406,1.3855162350431318,False,0.01292699451247851,0.013521297524372736,0.0025877892971038824,0.20833333333333334,-0.022280701994895933,-0.0061567674080530805,0.041666666666666664,0.9343914805634762,0.9941176470588234,0.5691001829173831,0.7023809523809523,0.11403509974479663,0.0,0.0,0.0
1523,"252,35,164,28,45","21212,14797,6303,5378,25231", Colingraphicitati neckffentlichkeit,0.05004252890745799,1.3856030906003616,False,0.02466731270154317,0.02504252890745799,0.005227959156036377,0.5,-0.025109317898750306,-0.013399451971054077,0.08333333333333333,0.8378569786100941,0.9235294117647058,0.17775624328189427,0.28571428571428564,0.25546589493751526,0.6666666666666665,0.0,0.0
1524,"161,31,186,78,45","7890,8221,10443,20961,25231",intérieurimageûKINGffentlichkeit,0.04372068867087364,1.3892272173885314,False,0.02288735533754031,0.02288735533754031,0.005730560421943665,0.4166666666666667,-0.029947543144226076,-0.008572104076544443,0.0625,0.8433393234527882,0.9558823529411766,0.23708815541532297,0.4047619047619047,0.49737715721130377,0.24999999999999994,0.0,0.0
1525,"231,200,8,77,190","21815,3404,17682,6177,11733", stainedwareSport tieusion,0.05201564580202103,1.3924895179650139,False,0.024932312468687694,0.024932312468687694,0.00871841311454773,0.5416666666666666,-0.02661418914794922,-0.007665020724137624,0.08333333333333333,0.8537118967384815,0.9558823529411766,0.16892291771041015,0.2261904761904762,0.33070945739746094,0.6666666666666665,0.0,0.0
1526,"0,169,90,26,169","30332,680,23060,15157,680",lucrarea sie răspunde sporting sie,0.13120156079530715,1.3932681878407795,False,0.08120156079530716,0.08120156079530716,0.055117624998092654,1.0,-0.026198697090148926,-0.005778156220912933,0.10416666666666667,0.7754466287457962,0.9588235294117649,0.0,0.0,0.3099348545074463,1.0833333333333333,0.0,0.0
1527,"0,136,185,4,184","30332,2824,15058,1817,20351",lucrarea....tient misüchte,0.11095187117656072,1.393523742755254,False,0.06095187117656072,0.06095187117656072,0.032856881618499756,1.0,-0.026203808188438416,-0.006985577444235484,0.10416666666666667,0.7707378715132885,0.9705882352941176,0.0,0.0,0.3101904094219208,1.0833333333333333,0.0,0.0
1528,"32,250,188,215,114","22608,24976,29904,6520,21415",occupant situatiaweiligeribRAL,0.04595605110128721,1.4053835412339557,False,0.02247435723741849,0.02303938443462054,0.0020005047321319585,0.4583333333333333,-0.02285248041152954,-0.011340113977591196,0.08333333333333333,0.8157783930079783,0.9294117647058824,0.2508547587527169,0.34523809523809523,0.14262402057647702,0.6666666666666665,0.0,0.0
1529,"0,13,46,26,82","30332,28688,18927,15157,16771",lucrarea piston rar sporting posture,0.14073907633622487,1.4059544404347737,False,0.09073907633622487,0.09073907633622487,0.057122379541397095,1.0,-0.02645242214202881,-0.008045891920725504,0.10416666666666667,0.750732349416139,0.976470588235294,0.0,0.0,0.32262110710144043,1.0833333333333333,0.0,0.0
1530,"90,133,157,146,210","23060,121,27499,20352,12182"," răspunde""izant cuir estim",0.030216081192096074,1.4062399800334657,False,0.014598514884710312,0.017716081192096073,-0.006829741597175594,0.25,-0.019760742783546448,-0.008222358922163645,0.0625,0.8864233367499733,0.9441176470588234,0.5133828371763229,0.6428571428571428,0.0,0.24999999999999994,0.0,0.0
1531,"0,13,185,5,82","30332,28688,15058,2426,16771",lucrarea pistontient movement posture,0.12535397509733837,1.4063661595185595,False,0.07535397509733836,0.07535397509733836,0.05747724771499634,1.0,-0.026460656523704527,-0.00689848264058431,0.10416666666666667,0.7462483663924581,0.976470588235294,0.0,0.0,0.32303282618522633,1.0833333333333333,0.0,0.0
1532,"0,13,46,26,158","30332,28688,18927,15157,17319",lucrarea piston rar sportingenţă,0.1353896861275037,1.4066361685593922,False,0.08538968612750371,0.08538968612750371,0.05698828101158142,1.0,-0.02646605670452118,-0.006510650118192037,0.10416666666666667,0.7552356296761545,0.9647058823529412,0.0,0.0,0.32330283522605896,1.0833333333333333,0.0,0.0
1533,"0,13,151,26,159","30332,28688,1110,15157,3077",lucrarea piston sein sportingige,0.1357245549559593,1.4121794005235035,False,0.08572455495595932,0.08572455495595932,0.05889872312545776,1.0,-0.026576921343803406,-0.008236015836397806,0.10416666666666667,0.7646180231710408,0.961764705882353,0.0,0.0,0.3288460671901703,1.0833333333333333,0.0,0.0
1534,"0,219,250,190,210","30332,25895,24976,11733,12182",lucrareaflooded situatiausion estim,0.1109048292040825,1.4210607906182604,False,0.06507149587074916,0.06507149587074916,0.02505124211311341,0.9166666666666666,-0.026754549145698546,-0.0070986077189445496,0.10416666666666667,0.7812513146242253,0.9411764705882352,0.0,0.0,0.33772745728492726,1.0833333333333333,0.0,0.0
1535,"0,35,8,26,90","30332,14797,17682,15157,23060",lucrareagraphicSport sporting răspunde,0.13448149512211482,1.4225781758626301,False,0.08448149512211482,0.08448149512211482,0.05720539093017578,1.0,-0.026784896850585938,-0.0057005807757377625,0.10416666666666667,0.7550301527036625,0.911764705882353,0.0,0.0,0.3392448425292968,1.0833333333333333,0.0,0.0
1536,"0,97,100,26,90","30332,31302,14338,15157,23060",lucrarea reacți surroundings sporting răspunde,0.1339775154987971,1.424496551354726,False,0.0839775154987971,0.0839775154987971,0.055895221233367924,1.0,-0.026823264360427857,-0.010120595494906107,0.10416666666666667,0.7157428320608608,0.9794117647058824,0.0,0.0,0.3411632180213928,1.0833333333333333,0.0,0.0
1537,"32,190,94,36,105","22608,11733,18852,24143,10924",occupantusionkapKTissent,0.042843014001846313,1.425857226999979,False,0.021531204382578533,0.02200968066851298,0.005392301082611085,0.4166666666666667,-0.02977604269981384,-0.009686805307865143,0.0625,0.830605231573397,0.9558823529411766,0.2822931872473822,0.4047619047619047,0.488802134990692,0.24999999999999994,0.0,0.0
1538,"0,129,41,26,111","30332,17,3852,15157,6156",lucrareat rep sporting Pas,0.13758353441953658,1.4328152300949506,False,0.08758353441953659,0.08758353441953659,0.0581032395362854,1.0,-0.026150426268577574,-0.00817069411277771,0.10416666666666667,0.6706275916670829,0.9588235294117649,0.0,0.0,0.3075213134288787,1.0833333333333333,0.041960583332738714,0.0
1539,"0,13,35,26,54","30332,28688,14797,15157,7818",lucrarea pistongraphic sportingroc,0.13742660035689672,1.4383120139439898,False,0.08742660035689671,0.08742660035689671,0.05994546413421631,1.0,-0.027099573612213133,-0.004993210236231486,0.10416666666666667,0.7585028833544587,0.9647058823529412,0.0,0.0,0.3549786806106566,1.0833333333333333,0.0,0.0
1540,"0,219,41,134,169","30332,25895,3852,28448,680",lucrareaflooded rep senzati sie,0.12597554475069045,1.4387626250584917,False,0.07597554475069046,0.07597554475069046,0.04531292319297791,1.0,-0.027108585834503172,-0.006573801239331563,0.10416666666666667,0.7683447054520018,0.9558823529411766,0.0,0.0,0.3554292917251586,1.0833333333333333,0.0,0.0
1541,"0,133,8,26,180","30332,121,17682,15157,31797","lucrarea""Sport sportingscrisă",0.12986029734214147,1.4394105275472004,False,0.07986029734214146,0.07986029734214146,0.05405522584915161,1.0,-0.027121543884277344,-0.004694543778896332,0.10416666666666667,0.7863804428530485,0.961764705882353,0.0,0.0,0.35607719421386713,1.0833333333333333,0.0,0.0
1542,"0,13,151,26,169","30332,28688,1110,15157,680",lucrarea piston sein sporting sie,0.1366183837254842,1.4412639339764912,False,0.08661838372548421,0.08661838372548421,0.06047643423080444,1.0,-0.02715861201286316,-0.009234073261419931,0.10416666666666667,0.7259824859826804,0.9735294117647059,0.0,0.0,0.357930600643158,1.0833333333333333,0.0,0.0
1543,"137,247,157,147,152","5218,12327,27499,18956,19355",eriiregardedizantrius persoană,0.028404819717009866,1.441893900434176,False,0.012502040714025497,0.013821486383676529,-0.0029905080795288074,0.2916666666666667,-0.020505905151367188,-0.009262405335903168,0.0625,0.8752476896769743,0.9823529411764707,0.5832653095324835,0.5833333333333333,0.025295257568359354,0.24999999999999994,0.0,0.0
1544,"0,13,186,149,117","30332,28688,10443,18457,12941",lucrarea pistonû varsta Listen,0.11739320357640584,1.442441572745641,False,0.06739320357640584,0.06739320357640584,0.043161284923553464,1.0,-0.027182164788246154,-0.009803935885429382,0.10416666666666667,0.7752220861038054,0.961764705882353,0.0,0.0,0.3591082394123077,1.0833333333333333,0.0,0.0
1545,"231,200,107,80,125","21815,3404,798,8787,19020", stainedware moment Abs humaine,0.07714025725920995,1.442481954892476,False,0.03755692392587662,0.03755692392587662,0.015085089206695558,0.7916666666666666,-0.02718297243118286,-0.01629500836133957,0.10416666666666667,0.7710457010273,0.9588235294117649,0.0,0.0,0.35914862155914296,1.0833333333333333,0.0,0.0
1546,"0,31,8,26,90","30332,8221,17682,15157,23060",lucrareaimageSport sporting răspunde,0.13323839058478673,1.4438595672448473,False,0.08323839058478673,0.08323839058478673,0.05736918449401855,1.0,-0.027210524678230284,-0.004833718140920003,0.10416666666666667,0.7515387423280943,0.9676470588235294,0.0,0.0,0.36052623391151417,1.0833333333333333,0.0,0.0
1547,"0,202,8,179,169","30332,5457,17682,3997,680",lucrareanchSportcht sie,0.11863774607578914,1.444466044505437,False,0.06863774607578914,0.06863774607578914,0.04773099422454834,1.0,-0.027222654223442076,-0.006473317742347717,0.10416666666666667,0.7642150968763718,0.9735294117647059,0.0,0.0,0.36113271117210377,1.0833333333333333,0.0,0.0
1548,"118,13,35,26,82","2280,28688,14797,15157,16771", km pistongraphic sporting posture,0.0929514636596044,1.4487843016783393,False,0.04920146365960439,0.04920146365960439,0.01304370760917664,0.875,-0.03564235270023346,-0.01121062288681666,0.08333333333333333,0.8323780300809951,0.9676470588235294,0.0,0.0,0.7821176350116728,0.6666666666666665,0.0,0.0
1549,"93,247,185,26,158","19486,12327,15058,15157,17319", vitesseregardedtient sportingenţă,0.06630736837784448,1.4517188185737244,False,0.034928674499193825,0.03505736837784449,0.006636196374893189,0.625,-0.025224852561950683,-0.01105127235253652,0.10416666666666667,0.815045329594095,0.9558823529411766,0.0,0.10714285714285708,0.2612426280975341,1.0833333333333333,0.0,0.0
1550,"40,247,157,147,184","18132,12327,27499,18956,20351", Vorstandregardedizantriusüchte,0.038044846057891844,1.453517243029579,False,0.020228688915570576,0.021378179391225178,-0.002767026424407959,0.3333333333333333,-0.03207994699478149,-0.011039450764656067,0.041666666666666664,0.8739511469621172,0.9264705882352942,0.32571036948098075,0.5238095238095238,0.6039973497390745,0.0,0.0,0.0
1551,"178,101,64,78,184","30831,10176,30828,20961,20351",Totusi MachDOWNKINGüchte,0.0499949519832929,1.456880543440107,False,0.024644943575064342,0.024994951983292896,0.0027338981628417967,0.5,-0.026519954204559326,-0.011750325560569763,0.08333333333333333,0.845620025220716,0.9647058823529412,0.17850188083118856,0.28571428571428564,0.3259977102279663,0.6666666666666665,0.0,0.0
1552,"77,247,238,215,171","6177,12327,12740,6520,7184", tieregardedvoluribн,0.018696963042020797,1.4573558642277642,False,0.00913646693030993,0.010363629708687464,-0.005962288379669189,0.16666666666666666,-0.017863529920578002,-0.008060594399770101,0.020833333333333332,0.9164230519227651,0.9852941176470588,0.6954511023230023,0.761904761904762,0.0,0.0,0.0,0.0
1553,"0,13,8,26,82","30332,28688,17682,15157,16771",lucrarea pistonSport sporting posture,0.14311164170503615,1.4609932204087575,False,0.09311164170503616,0.09311164170503616,0.06375088691711427,1.0,-0.027553197741508485,-0.0077899595101674395,0.10416666666666667,0.7372922102537331,0.9647058823529412,0.0,0.0,0.3776598870754242,1.0833333333333333,0.0,0.0
1554,"0,13,10,26,54","30332,28688,15854,15157,7818",lucrarea piston realm sportingroc,0.13760682741800945,1.462864359219869,False,0.08760682741800944,0.08760682741800944,0.06077914834022522,1.0,-0.027590620517730712,-0.006759434938430786,0.10416666666666667,0.7312538734377633,0.9735294117647059,0.0,0.0,0.3795310258865356,1.0833333333333333,0.0,0.0
1555,"163,200,107,207,161","13147,3404,798,8534,7890",nehmware moment processedintérieur,0.036770910521348316,1.4634425536034597,False,0.015967840949694317,0.018020910521348316,-0.006265926361083984,0.375,-0.02562836408615112,-0.010540053248405457,0.0625,0.8968274803143103,0.9558823529411766,0.4677386350101894,0.46428571428571425,0.28141820430755604,0.24999999999999994,0.0,0.0
1556,"118,247,157,26,65","2280,12327,27499,15157,22276", kmregardedizant sportingrij,0.07331956575314205,1.4635387857755022,False,0.03790289908647537,0.03790289908647537,0.013051366806030274,0.7083333333333334,-0.027604109048843382,-0.010392506917317709,0.10416666666666667,0.8467756981103297,0.9647058823529412,0.0,0.0,0.3802054524421691,1.0833333333333333,0.0,0.0
1557,"222,169,35,78,184","10038,680,14797,20961,20351",WC siegraphicKINGüchte,0.04633345156908035,1.4638820479786583,False,0.023416784902413685,0.023416784902413685,0.00827518105506897,0.4583333333333333,-0.03298406898975372,-0.011304358641306559,0.0625,0.8547603541830194,0.9558823529411766,0.21944050325287714,0.34523809523809523,0.649203449487686,0.24999999999999994,0.0,0.0
1558,"0,13,77,26,82","30332,28688,6177,15157,16771",lucrarea piston tie sporting posture,0.14193299462397893,1.4666998187700906,False,0.09193299462397893,0.09193299462397893,0.06217998266220093,1.0,-0.03600066304206848,-0.011076333622137705,0.08333333333333333,0.7027496940809124,0.9735294117647059,0.0,0.0,0.8000331521034241,0.6666666666666665,0.0,0.0
1559,"145,169,94,39,138","26356,680,18852,2951,9518", sunet siekapches oferit,0.04885050480564436,1.468308131609644,False,0.025814946740865707,0.025933838138977688,0.009740960597991944,0.4583333333333333,-0.026338031888008116,-0.011625791589419046,0.08333333333333333,0.8607194951410717,0.9735294117647059,0.13950177530447638,0.34523809523809523,0.3169015944004058,0.6666666666666665,0.0,0.0
1560,"0,41,105,84,153","30332,3852,10924,24023,23158",lucrarea repissent LORD pierdere,0.11461893767118454,1.4692129989465077,False,0.06461893767118454,0.06461893767118454,0.033352476358413694,1.0,-0.027717593312263488,-0.009941120942433676,0.10416666666666667,0.7757530688587916,0.9441176470588234,0.0,0.0,0.3858796656131744,1.0833333333333333,0.0,0.0
1561,"170,99,100,26,180","13602,7693,14338,15157,31797",ffen graphic surroundings sportingscrisă,0.0926197091738383,1.4706163903077443,False,0.048869709173838295,0.048869709173838295,0.020428895950317383,0.875,-0.02774566113948822,-0.013206628461678823,0.10416666666666667,0.7825716315342468,0.9647058823529412,0.0,0.0,0.387283056974411,1.0833333333333333,0.0,0.0
1562,"0,129,100,165,85","30332,17,14338,13114,6796",lucrareat surroundings-> drawn,0.1267552008231481,1.4711707631746926,False,0.07675520082314809,0.07675520082314809,0.049830120801925656,1.0,-0.03609008193016052,-0.008504559596379599,0.08333333333333333,0.7535997643575877,0.9735294117647059,0.0,0.0,0.804504096508026,0.6666666666666665,0.0,0.0
1563,"50,94,185,250,138","21100,18852,15058,24976,9518", Coupekaptient situatia oferit,0.04340338632464409,1.4769779157543936,False,0.02403373395403226,0.02465338632464409,0.00327148735523224,0.375,-0.03127633333206176,-0.010581436256567637,0.0625,0.8505297052779408,0.9323529411764706,0.19887553486559126,0.46428571428571425,0.5638166666030882,0.24999999999999994,0.0,0.0
1564,"0,129,8,26,31","30332,17,17682,15157,8221",lucrareatSport sportingimage,0.1359069526195526,1.4786390264829,False,0.08590695261955261,0.08590695261955261,0.06225617527961731,1.0,-0.027906113862991334,-0.004421042899290721,0.10416666666666667,0.7727176907722855,0.9588235294117649,0.0,0.0,0.3953056931495667,1.0833333333333333,0.0,0.0
1565,"0,136,100,26,204","30332,2824,14338,15157,1250",lucrarea.... surroundings sporting allows,0.13387413372596105,1.4813237686951954,False,0.08387413372596104,0.08387413372596104,0.04948633313179016,1.0,-0.027959808707237244,-0.011150541404883066,0.10416666666666667,0.7549235547701495,0.9647058823529412,0.0,0.0,0.3979904353618621,1.0833333333333333,0.0,0.0
1566,"178,70,188,133,90","30831,9692,29904,121,23060","Totusikosweilige"" răspunde",0.04258314147591591,1.482040209193078,False,0.020549753059943516,0.021749808142582577,-0.0009502112865447992,0.4166666666666667,-0.021912068128585815,-0.010720464090506235,0.08333333333333333,0.8798216750109203,0.95,0.3150082313352161,0.4047619047619047,0.09560340642929074,0.6666666666666665,0.0,0.0
1567,"206,105,34,179,31","17140,10924,19867,3997,8221",ligaissentrasichtimage,0.04201157465577125,1.4831081304758311,False,0.019087179253498714,0.019094907989104588,0.005038368701934815,0.4583333333333333,-0.02214885354042053,-0.008619713286558786,0.08333333333333333,0.8867046904557335,0.9794117647058824,0.3637606915500428,0.34523809523809523,0.10744267702102651,0.6666666666666665,0.0,0.0
1568,"0,133,188,147,119","30332,121,29904,18956,23662","lucrarea""weiligerius artistique",0.1110712617635727,1.4837557872136433,False,0.06107126176357269,0.06107126176357269,0.04770390391349792,1.0,-0.0280084490776062,-0.007047491768995921,0.10416666666666667,0.7979589390317712,0.9794117647058824,0.0,0.0,0.40042245388031,1.0833333333333333,0.0,0.0
1569,"71,31,100,45,131","25688,8221,14338,25231,30173", correspondentimage surroundingsffentlichkeit machiaj,0.08171814431746802,1.4860368569691975,False,0.04005147765080134,0.04005147765080134,0.01752241849899292,0.8333333333333334,-0.028054070472717286,-0.011147134006023407,0.10416666666666667,0.7646669609623856,0.9264705882352942,0.0,0.0,0.40270352363586426,1.0833333333333333,0.0,0.0
1570,"0,35,42,26,82","30332,14797,13483,15157,16771",lucrareagraphic underneath sporting posture,0.13914466947317122,1.4924158950646715,False,0.08914466947317123,0.08914466947317123,0.060017126798629764,1.0,-0.028181651234626768,-0.008178159594535828,0.10416666666666667,0.7393719120079987,0.9705882352941176,0.0,0.0,0.4090825617313384,1.0833333333333333,0.0,0.0
1571,"8,226,68,215,31","17682,20736,15501,6520,8221",Sportesel Bewegungribimage,0.05919643789529801,1.4935021003087356,False,0.030029771228631336,0.030029771228631336,0.008827799558639526,0.5833333333333334,-0.033203375339508054,-0.01459046204884847,0.08333333333333333,0.8499441499386,0.9588235294117649,0.0,0.16666666666666657,0.6601687669754026,0.6666666666666665,0.0,0.0
1572,"0,247,185,28,210","30332,12327,15058,5378,12182",lucrarearegardedtient neck estim,0.11491109480460485,1.4955344100793202,False,0.06491109480460484,0.06491109480460484,0.03898133039474488,1.0,-0.028244021534919738,-0.011810613175233206,0.10416666666666667,0.7202349199238022,0.9588235294117649,0.0,0.0,0.4122010767459869,1.0833333333333333,0.0,0.0
1573,"32,247,8,147,169","22608,12327,17682,18956,680",occupantregardedSportrius sie,0.05786161174376806,1.4962652987904017,False,0.02869494507710139,0.02869494507710139,0.0052498400211334235,0.5833333333333334,-0.024055269360542298,-0.011591213444868723,0.10416666666666667,0.8025168690650867,0.9235294117647058,0.04350183076328694,0.16666666666666657,0.20276346802711487,1.0833333333333333,0.0,0.0
1574,"14,247,83,147,31","6661,12327,7383,18956,8221",sportregarded Frontriusimage,0.07037711540857952,1.4997627635796862,False,0.03496044874191284,0.03496044874191284,0.013708478212356568,0.7083333333333334,-0.02832858860492706,-0.01275663822889328,0.10416666666666667,0.7829486995322272,0.9705882352941176,0.0,0.0,0.41642943024635304,1.0833333333333333,0.0,0.0
1575,"92,75,130,179,114","18158,904,15799,3997,21415", imperativemen puterechtRAL,0.047158790131409965,1.5039065953284974,False,0.02456743021806081,0.02632545679807663,-0.005752336978912353,0.4166666666666667,-0.02502784729003906,-0.011451219518979391,0.08333333333333333,0.8624503028624054,0.9088235294117648,0.18108565939797297,0.4047619047619047,0.251392364501953,0.6666666666666665,0.0,0.0
1576,"0,127,100,45,169","30332,23794,14338,25231,680",lucrarea Verantwortlich surroundingsffentlichkeit sie,0.12234864433606465,1.5044427195979222,False,0.07234864433606465,0.07234864433606465,0.04172200560569763,1.0,-0.02838777005672455,-0.010856501758098602,0.10416666666666667,0.6987953816001469,0.9411764705882352,0.0,0.0,0.41938850283622736,1.0833333333333333,0.0017208834283615512,0.0
1577,"139,189,188,39,158","31,10646,29904,2951,17319",'tialweiligechesenţă,0.01870593974987666,1.5055579334970506,False,0.007690404852231343,0.010372606416543325,-0.010012638568878173,0.16666666666666666,-0.016634923219680787,-0.008903021613756815,0.020833333333333332,0.916714826136146,0.9735294117647059,0.7436531715922886,0.761904761904762,0.0,0.0,0.0,0.0
1578,"153,247,8,39,184","23158,12327,17682,2951,20351", pierdereregardedSportchesüchte,0.05088657041390737,1.5129964455725653,False,0.025595185657342274,0.025886570413907368,0.003672921657562258,0.5,-0.02827576696872711,-0.011895867685476938,0.08333333333333333,0.8748144281267871,0.976470588235294,0.14682714475525752,0.28571428571428564,0.4137883484363555,0.6666666666666665,0.0,0.0
1579,"36,190,122,215,221","24143,11733,12759,6520,23481",KTusion beneathrib Ensemble,0.05896772866447767,1.5157459096776111,False,0.029801061997811,0.029801061997811,0.009600937366485596,0.5833333333333334,-0.0335156261920929,-0.01238845537106196,0.08333333333333333,0.8724801572307941,0.9411764705882352,0.006631266739633273,0.16666666666666657,0.6757813096046448,0.6666666666666665,0.0,0.0
1580,"156,247,185,215,158","6872,12327,15058,6520,17319",eştiregardedtientribenţă,0.0203702375292778,1.5181420019694736,False,0.00552716851234436,0.009953570862611135,-0.015958744287490844,0.20833333333333334,-0.011678585410118103,-0.005245270828406016,0.041666666666666664,0.9644084088710785,0.9529411764705882,0.8157610495885214,0.7023809523809523,0.0,0.0,0.0,0.0
1581,"163,133,41,26,162","13147,121,3852,15157,5290","nehm"" rep sportingizat",0.07401946832736334,1.519749691088994,False,0.03860280166069666,0.03860280166069666,0.013513869047164917,0.7083333333333334,-0.02872832715511322,-0.011392014722029368,0.10416666666666667,0.8614694629339842,0.9529411764705882,0.0,0.0,0.4364163577556609,1.0833333333333333,0.0,0.0
1582,"0,13,74,26,169","30332,28688,9633,15157,680",lucrarea piston bitte sporting sie,0.13798739810784658,1.5203616817792256,False,0.08798739810784657,0.08798739810784657,0.06058681607246399,1.0,-0.028740566968917847,-0.010958085457483927,0.10416666666666667,0.7159299380643621,0.9823529411764707,0.0,0.0,0.43702834844589233,1.0833333333333333,0.0,0.0
1583,"178,190,57,147,221","30831,11733,23976,18956,23481",Totusiusion déplacementrius Ensemble,0.04317642003297806,1.5230975855910587,False,0.021679314474264782,0.022343086699644726,0.0004967629909515386,0.4166666666666667,-0.02348625659942627,-0.01243560016155243,0.08333333333333333,0.8782695596980461,0.9411764705882352,0.2773561841911739,0.4047619047619047,0.17431282997131345,0.6666666666666665,0.0,0.0
1584,"0,41,35,26,31","30332,3852,14797,15157,8221",lucrarea repgraphic sportingimage,0.13624811967213948,1.5233392318089802,False,0.08624811967213948,0.08624811967213948,0.0637201726436615,1.0,-0.02880011796951294,-0.0055664777755737305,0.10416666666666667,0.7487367836122929,0.9676470588235294,0.0,0.0,0.4400058984756469,1.0833333333333333,0.0,0.0
1585,"233,41,19,80,171","8216,3852,6217,8787,7184", termen rep legs Absн,0.05322565535704295,1.5257821716959512,False,0.02822565535704295,0.02822565535704295,0.008759647607803345,0.5,-0.021951794624328613,-0.013641394674777985,0.10416666666666667,0.8245294581189379,0.9911764705882352,0.05914482143190165,0.28571428571428564,0.09758973121643064,1.0833333333333333,0.0,0.0
1586,"119,200,157,147,153","23662,3404,27499,18956,23158", artistiquewareizantrius pierdere,0.028659701347351074,1.5259058281542761,False,0.018153083821137745,0.018243034680684406,0.004053568840026856,0.20833333333333334,-0.028572553396224974,-0.0072565823793411255,0.041666666666666664,0.8777958511405014,0.961764705882353,0.39489720596207517,0.7023809523809523,0.42862766981124867,0.0,0.0,0.0
1587,"0,41,46,26,90","30332,3852,18927,15157,23060",lucrarea rep rar sporting răspunde,0.13240353067715963,1.5263465841611226,False,0.08240353067715962,0.08240353067715962,0.05880523920059204,1.0,-0.028860265016555788,-0.008206715186436972,0.10416666666666667,0.7425429110714652,0.9647058823529412,0.0,0.0,0.44301325082778936,1.0833333333333333,0.0,0.0
1588,"155,247,100,200,131","31308,12327,14338,3404,30173", mănâncregarded surroundingsware machiaj,0.041167818506558734,1.526586157935006,False,0.021289080381393433,0.022417818506558735,-0.004552727937698361,0.375,-0.022105395793914795,-0.011335983872413635,0.08333333333333333,0.85570576438553,0.9705882352941176,0.29036398728688556,0.46428571428571425,0.10526978969573972,0.6666666666666665,0.0,0.0
1589,"0,13,41,26,180","30332,28688,3852,15157,31797",lucrarea piston rep sportingscrisă,0.14104736894369124,1.5270278652509053,False,0.09104736894369125,0.09104736894369125,0.06559712886810302,1.0,-0.02887389063835144,-0.007460673650105794,0.10416666666666667,0.7401137749616507,0.961764705882353,0.0,0.0,0.44369453191757197,1.0833333333333333,0.0,0.0
1590,"191,133,35,26,169","20041,121,14797,15157,680","ieni""graphic sporting sie",0.08612252275149028,1.5407611231009164,False,0.04445585608482361,0.04445585608482361,0.013805967569351197,0.8333333333333334,-0.037481889128685,-0.013133091231187185,0.08333333333333333,0.8078942369421198,0.95,0.0,0.0,0.8740944564342499,0.6666666666666665,0.0,0.0
1591,"0,13,46,252,158","30332,28688,18927,21212,17319",lucrarea piston rar Colinenţă,0.12505895942449569,1.5426751275857287,False,0.0750589594244957,0.0750589594244957,0.047594481706619264,1.0,-0.02918683588504791,-0.008812216420968374,0.10416666666666667,0.7038784280286028,0.9823529411764707,0.0,0.0,0.4593417942523955,1.0833333333333333,0.0,0.0
1592,"0,219,151,147,82","30332,25895,1110,18956,16771",lucrareaflooded seinrius posture,0.12725406438112258,1.5463619728883107,False,0.07725406438112259,0.07725406438112259,0.05024834275245667,1.0,-0.02926057279109955,-0.006744762261708577,0.10416666666666667,0.7468760668959539,0.9558823529411766,0.0,0.0,0.4630286395549774,1.0833333333333333,0.0,0.0
1593,"121,200,185,77,90","803,3404,15058,6177,23060", friendswaretient tie răspunde,0.07388931165138882,1.5517627000808714,False,0.03847264498472214,0.03847264498472214,0.01324770450592041,0.7083333333333334,-0.02103525400161743,-0.014924198389053345,0.125,0.8104712670712036,0.9441176470588234,0.0,0.0,0.05176270008087156,1.4999999999999998,0.0,0.0
1594,"0,57,100,26,80","30332,23976,14338,15157,8787",lucrarea déplacement surroundings sporting Abs,0.13575606594483058,1.553113540013631,False,0.08575606594483058,0.08575606594483058,0.05602017045021057,1.0,-0.02939560413360596,-0.009327679872512817,0.10416666666666667,0.7441939826122638,0.9705882352941176,0.0,0.0,0.4697802066802979,1.0833333333333333,0.0,0.0
1595,"0,13,8,26,158","30332,28688,17682,15157,17319",lucrarea pistonSport sportingenţă,0.1377515400449435,1.55607067545255,False,0.0877515400449435,0.0877515400449435,0.059184521436691284,1.0,-0.029454746842384336,-0.005640432238578796,0.10416666666666667,0.7592251403159945,0.9676470588235294,0.0,0.0,0.4727373421192168,1.0833333333333333,0.0,0.0
1596,"71,247,35,147,184","25688,12327,14797,18956,20351", correspondentregardedgraphicriusüchte,0.02435206174850464,1.5569142457984744,False,0.01526099443435669,0.016018728415171306,-0.0014848113059997554,0.16666666666666666,-0.026074185967445374,-0.011114060878753662,0.041666666666666664,0.8672756154023747,0.9382352941176471,0.49130018552144367,0.761904761904762,0.3037092983722687,0.0,0.0,0.0
1597,"170,247,175,235,171","13602,12327,21379,7999,7184",ffenregardedçantelliн,0.015182982881863913,1.5592337823103344,False,0.00786584367354711,0.008932982881863913,-0.0031501829624176023,0.125,-0.018805238604545593,-0.0070480530460675555,0.041666666666666664,0.9629600355007397,0.9941176470588234,0.737805210881763,0.8214285714285714,0.0,0.0,0.0,0.0
1598,"0,57,48,166,45","30332,23976,27062,31468,25231",lucrarea déplacement pantalon ingrijireffentlichkeit,0.12673805952072142,1.5597153504689532,False,0.07673805952072144,0.07673805952072144,0.054416823387146,1.0,-0.0295276403427124,-0.007132994631926219,0.10416666666666667,0.7337355752193536,0.9705882352941176,0.0,0.0,0.47638201713562,1.0833333333333333,0.0,0.0
1599,"118,57,105,26,159","2280,23976,10924,15157,3077", km déplacementissent sportingige,0.08195754239956538,1.5623641808827715,False,0.044457542399565377,0.044457542399565377,0.014234274625778198,0.75,-0.029580616950988767,-0.009974561631679535,0.10416666666666667,0.8360171029089967,0.9529411764705882,0.0,0.0,0.47903084754943837,1.0833333333333333,0.0,0.0
1600,"46,123,185,153,150","18927,22250,15058,23158,10470", rar papatient pierdereôt,0.05808784067630768,1.5651664350713999,False,0.026837840676307678,0.026837840676307678,0.009550690650939941,0.625,-0.025385698676109313,-0.014163516461849213,0.10416666666666667,0.8346842042008848,0.976470588235294,0.10540531078974402,0.10714285714285708,0.2692849338054656,1.0833333333333333,0.0,0.0
1601,"182,247,48,200,171","1575,12327,27062,3404,7184",tionregarded pantalonwareн,0.06346221665541332,1.5654281179110208,False,0.027808256447315216,0.028045549988746643,0.01194787621498108,0.7083333333333334,-0.02818073332309723,-0.013185036679108938,0.10416666666666667,0.8557994717651715,0.9735294117647059,0.0730581184228261,0.0,0.4090366661548614,1.0833333333333333,0.0,0.0
1602,"0,41,35,26,82","30332,3852,14797,15157,16771",lucrarea repgraphic sporting posture,0.13893056958913802,1.5707940657933552,False,0.08893056958913803,0.08893056958913803,0.06099855899810792,1.0,-0.02974921464920044,-0.0052089641491572065,0.10416666666666667,0.7448063997045825,0.9705882352941176,0.0,0.0,0.4874607324600219,1.0833333333333333,0.0,0.0
1603,"0,219,8,26,54","30332,25895,17682,15157,7818",lucrareafloodedSport sportingroc,0.13784749855597814,1.574468245108922,False,0.08784749855597813,0.08784749855597813,0.05918741226196289,1.0,-0.02982269823551178,-0.006154410541057587,0.10416666666666667,0.7369233242839587,0.9558823529411766,0.0,0.0,0.4911349117755889,1.0833333333333333,0.0,0.0
1604,"161,123,0,26,76","7890,22250,30332,15157,26292",intérieur papalucrarea sporting menschliche,0.13027566721041997,1.5791678229967752,False,0.08027566721041997,0.08027566721041997,0.06124827265739441,1.0,-0.038250023126602174,-0.005073174834251404,0.08333333333333333,0.719170947501251,0.9705882352941176,0.0,0.0,0.9125011563301086,0.6666666666666665,0.0,0.0
1605,"118,13,100,26,169","2280,28688,14338,15157,680", km piston surroundings sporting sie,0.08258898158868155,1.5842769344647722,False,0.04508898158868154,0.04508898158868154,0.011206370592117312,0.75,-0.030018872022628783,-0.010881525774796804,0.10416666666666667,0.7883541641853637,0.9529411764705882,0.0,0.0,0.5009436011314391,1.0833333333333333,0.0,0.0
1606,"14,136,188,26,158","6661,2824,29904,15157,17319",sport....weilige sportingenţă,0.07492238730192184,1.5965569842429388,False,0.04158905396858851,0.04158905396858851,0.011482852697372436,0.6666666666666666,-0.029312092065811157,-0.014482542872428894,0.10416666666666667,0.8259024178896804,0.9705882352941176,0.0,0.04761904761904761,0.4656046032905578,1.0833333333333333,0.0,0.0
1607,"0,41,8,26,158","30332,3852,17682,15157,17319",lucrarea repSport sportingenţă,0.13378812670707702,1.604372441768646,False,0.08378812670707703,0.08378812670707703,0.05908322334289551,1.0,-0.022087448835372926,-0.004298674563566844,0.125,0.7701236018862817,0.9647058823529412,0.0,0.0,0.10437244176864628,1.4999999999999998,0.0,0.0
1608,"0,41,8,26,169","30332,3852,17682,15157,680",lucrarea repSport sporting sie,0.13594725281000136,1.6059684554735816,False,0.08594725281000137,0.08594725281000137,0.06191124320030213,1.0,-0.0387860357761383,-0.007430861393610637,0.08333333333333333,0.7355106893953118,0.9735294117647059,0.0,0.0,0.9393017888069151,0.6666666666666665,0.0,0.0
1609,"145,219,122,178,190","26356,25895,12759,30831,11733", sunetflooded beneathTotusiusion,0.05035181244214376,1.6063788273031747,False,0.024141805867354076,0.025351812442143757,-0.005985051393508909,0.5,-0.029174494743347167,-0.00961220016082128,0.08333333333333333,0.9058616744767728,0.95,0.1952731377548641,0.28571428571428564,0.45872473716735834,0.6666666666666665,0.0,0.0
1610,"90,5,129,225,164","23060,2426,17,28654,6303", răspunde movementt festgelegtitati,0.06765612860520681,1.6115682621796923,False,0.03148584316174189,0.03223946193854014,0.008423340320587159,0.7083333333333334,-0.030564698576927184,-0.014572915931542715,0.10416666666666667,0.8435904962809209,0.9352941176470588,0.0,0.0,0.5282349288463591,1.0833333333333333,0.0,0.0
1611,"0,129,8,26,65","30332,17,17682,15157,22276",lucrareatSport sportingrij,0.13513521154721578,1.6122534175713854,False,0.08513521154721577,0.08513521154721577,0.055684632062911986,1.0,-0.030578401684761045,-0.00797691692908605,0.10416666666666667,0.7566686424463709,0.9470588235294116,0.0,0.0,0.5289200842380521,1.0833333333333333,0.0,0.0
1612,"36,123,232,215,154","24143,22250,7578,6520,12307",KT papaeticriboara,0.05217970882852872,1.6131796971673054,False,0.02509637549519539,0.02509637549519539,0.008853441476821901,0.5416666666666666,-0.03113736808300018,-0.010367934902509054,0.08333333333333333,0.8678559990823779,0.9441176470588234,0.1634541501601537,0.2261904761904762,0.556868404150009,0.6666666666666665,0.0,0.0
1613,"199,129,238,215,250","11171,17,12740,6520,24976",matestvolurib situatia,0.04167477165659269,1.6157732631952042,False,0.019651600470145542,0.020841438323259354,-0.0011132061481475826,0.4166666666666667,-0.023987960815429688,-0.008613012731075287,0.08333333333333333,0.8670635773695289,0.95,0.34494665099514854,0.4047619047619047,0.19939804077148438,0.6666666666666665,0.0,0.0
1614,"0,189,100,43,184","30332,10646,14338,25627,20351",lucrareatial surroundings Exteriorüchte,0.12295862336953481,1.6188477277755735,False,0.0729586233695348,0.0729586233695348,0.05369889736175537,1.0,-0.022376954555511475,-0.00975495328505834,0.125,0.7738326850877055,0.9735294117647059,0.0,0.0,0.1188477277755737,1.4999999999999998,0.0,0.0
1615,"169,58,220,37,6","680,28310,9136,30396,21014", sie Illustrationholeelectrique sportiv,0.07581292688846589,1.6188491185506182,False,0.03831292688846588,0.03831292688846588,0.015383225679397584,0.75,-0.030710315704345702,-0.010779554645220438,0.10416666666666667,0.8540015868503382,0.961764705882353,0.0,0.0,0.535515785217285,1.0833333333333333,0.0,0.0
1616,"14,189,8,26,45","6661,10646,17682,15157,25231",sporttialSport sportingffentlichkeit,0.07755463471015295,1.6220503350098927,False,0.042137968043486275,0.042137968043486275,0.010386365652084352,0.7083333333333334,-0.03077434003353119,-0.012878273924191793,0.10416666666666667,0.7841265256491532,0.9411764705882352,0.0,0.0,0.5387170016765594,1.0833333333333333,0.0,0.0
1617,"0,129,11,26,180","30332,17,9161,15157,31797",lucrareat bro sportingscrisă,0.13507242053747176,1.6244975527127583,False,0.08507242053747177,0.08507242053747177,0.060480499267578126,1.0,-0.030823284387588502,-0.0070505887269973755,0.10416666666666667,0.7456734631275741,0.9676470588235294,0.0,0.0,0.541164219379425,1.0833333333333333,0.0,0.0
1618,"170,133,187,5,159","13602,121,20719,2426,3077","ffen"" apărut movementige",0.034331958989302316,1.6316273477342391,False,0.019502508143583935,0.019748625655968983,0.009688442945480347,0.2916666666666667,-0.02063421905040741,-0.00777706503868103,0.08333333333333333,0.8916908647577892,0.9794117647058824,0.3499163952138688,0.5833333333333333,0.03171095252037046,0.6666666666666665,0.0,0.0
1619,"139,149,200,26,210","31,18457,3404,15157,12182",' varstaware sporting estim,0.05620104124148687,1.6330049600866103,False,0.027034374574820202,0.027034374574820202,0.007295650243759155,0.5833333333333334,-0.02568301558494568,-0.009790517389774323,0.10416666666666667,0.8556427010171882,0.9735294117647059,0.09885418083932658,0.16666666666666657,0.28415077924728394,1.0833333333333333,0.0,0.0
1620,"0,35,41,26,82","30332,14797,3852,15157,16771",lucrareagraphic rep sporting posture,0.13917718629042308,1.6442865928014119,False,0.08917718629042308,0.08917718629042308,0.06446537375450134,1.0,-0.031219065189361572,-0.008280319472153982,0.10416666666666667,0.7466705899234618,0.9676470588235294,0.0,0.0,0.5609532594680786,1.0833333333333333,0.0,0.0
1621,"19,247,105,179,153","6217,12327,10924,3997,23158", legsregardedissentcht pierdere,0.04060715238253276,1.6467931630119443,False,0.021825989087422688,0.021857152382532757,0.004052340984344483,0.375,-0.024867475032806396,-0.009672760963439941,0.08333333333333333,0.8516808240197795,0.9852941176470588,0.2724670304192437,0.46428571428571425,0.2433737516403198,0.6666666666666665,0.0,0.0
1622,"0,247,100,5,184","30332,12327,14338,2426,20351",lucrarearegarded surroundings movementüchte,0.11580121318499248,1.6510126292705534,False,0.06580121318499248,0.06580121318499248,0.04751089811325073,1.0,-0.023020252585411072,-0.007287628948688507,0.125,0.805998939578269,0.9735294117647059,0.0,0.0,0.15101262927055356,1.4999999999999998,0.0,0.0
1623,"0,133,8,26,31","30332,121,17682,15157,8221","lucrarea""Sport sportingimage",0.1359830876191457,1.6612992485364277,False,0.0859830876191457,0.0859830876191457,0.05947067141532898,1.0,-0.03155931830406189,-0.006900315483411153,0.10416666666666667,0.7561300179857962,0.9558823529411766,0.0,0.0,0.5779659152030945,1.0833333333333333,0.0,0.0
1624,"0,60,64,46,76","30332,4091,30828,18927,26292",lucrarea rearDOWN rar menschliche,0.12774430761734645,1.6623049279054003,False,0.07774430761734645,0.07774430761734645,0.05926311016082764,1.0,-0.03157943189144134,-0.009708516299724579,0.10416666666666667,0.7301344793524589,0.9823529411764707,0.0,0.0,0.578971594572067,1.0833333333333333,0.0,0.0
1625,"171,21,122,179,131","7184,10089,12759,3997,30173",н Animal beneathcht machiaj,0.0880572646856308,1.6633919179439542,False,0.046390598018964134,0.046390598018964134,0.017323637008666994,0.8333333333333334,-0.02326783835887909,-0.013101302087306976,0.125,0.8250110399489071,0.9676470588235294,0.0,0.0,0.1633919179439544,1.4999999999999998,0.0,0.0
1626,"36,128,46,238,123","24143,96,18927,12740,22250","KT "" rarvolu papa",0.07874328096707663,1.6698800325393675,False,0.03499328096707662,0.03499328096707662,0.016174018383026127,0.875,-0.023397600650787352,-0.012629369894663492,0.125,0.7969960069386687,0.9705882352941176,0.0,0.0,0.1698800325393676,1.4999999999999998,0.0,0.0
1627,"0,35,8,26,82","30332,14797,17682,15157,16771",lucrareagraphicSport sporting posture,0.1401721194386482,1.6725953718026476,False,0.09017211943864822,0.09017211943864822,0.061448258161544804,1.0,-0.03178524076938629,-0.008049520353476206,0.10416666666666667,0.7476084356093291,0.9647058823529412,0.0,0.0,0.5892620384693145,1.0833333333333333,0.0,0.0
1628,"0,22,114,26,82","30332,17088,21415,15157,16771",lucrarea BehindRAL sporting posture,0.13535090585549672,1.6729516585667927,False,0.08535090585549672,0.08535090585549672,0.06094449758529663,1.0,-0.03179236650466919,-0.007951450844605764,0.10416666666666667,0.7509129715482319,0.9647058823529412,0.0,0.0,0.5896183252334595,1.0833333333333333,0.0,0.0
1629,"0,136,100,28,54","30332,2824,14338,5378,7818",lucrarea.... surroundings neckroc,0.1234911064306895,1.6757950981458027,False,0.0734911064306895,0.0734911064306895,0.05035867691040039,1.0,-0.03184923529624939,-0.010277842481931051,0.10416666666666667,0.7661305405549561,0.976470588235294,0.0,0.0,0.5924617648124695,1.0833333333333333,0.0,0.0
1630,"231,57,186,26,180","21815,23976,10443,15157,31797", stained déplacementû sportingscrisă,0.08236061781644821,1.6854054530461626,False,0.04069395114978155,0.04069395114978155,0.014772343635559083,0.8333333333333334,-0.03204144239425659,-0.013019594053427378,0.10416666666666667,0.8057643623733841,0.9647058823529412,0.0,0.0,0.6020721197128294,1.0833333333333333,0.0,0.0
1631,"169,13,100,26,82","680,28688,14338,15157,16771", sie piston surroundings sporting posture,0.09197578032811483,1.6856586237748463,False,0.04822578032811483,0.04822578032811483,0.020233690738677982,0.875,-0.03204650580883026,-0.013280061384042105,0.10416666666666667,0.8112762705821428,0.9558823529411766,0.0,0.0,0.6023252904415131,1.0833333333333333,0.0,0.0
1632,"153,13,122,77,152","23158,28688,12759,6177,19355", pierdere piston beneath tie persoană,0.08154086222251257,1.686129500468572,False,0.037790862222512565,0.037790862222512565,0.01988033652305603,0.875,-0.032055923342704774,-0.0141873632868131,0.10416666666666667,0.8463686808015578,0.9735294117647059,0.0,0.0,0.6027961671352386,1.0833333333333333,0.0,0.0
1633,"0,136,35,26,82","30332,2824,14797,15157,16771",lucrarea....graphic sporting posture,0.13477666725715,1.69451438387235,False,0.08477666725715001,0.08477666725715001,0.05457755923271179,1.0,-0.032223621010780336,-0.00877880056699117,0.10416666666666667,0.7424955942479724,0.9647058823529412,0.0,0.0,0.6111810505390167,1.0833333333333333,0.0,0.0
1634,"0,41,105,78,90","30332,3852,10924,20961,23060",lucrarea repissentKING răspunde,0.1192669798930486,1.6978298425674436,False,0.0692669798930486,0.0692669798930486,0.04425657987594605,1.0,-0.023956596851348877,-0.00932314246892929,0.125,0.7467262431530511,0.9735294117647059,0.0,0.0,0.19782984256744382,1.4999999999999998,0.0,0.0
1635,"83,6,43,75,184","7383,21014,25627,904,20351", Front sportiv Exteriormenüchte,0.07856749494870505,1.6981751521428425,False,0.03690082828203837,0.03690082828203837,0.014288467168807984,0.8333333333333334,-0.032296836376190186,-0.011890028913815817,0.10416666666666667,0.8209600869085774,0.9382352941176471,0.0,0.0,0.6148418188095093,1.0833333333333333,0.0,0.0
1636,"241,56,51,92,36","31980,12462,30250,18158,24143",réglage hommes thumbnail imperativeKT,0.07448073029518126,1.6986143887042997,False,0.03488771617412567,0.03489739696184794,0.011270946264266968,0.7916666666666666,-0.023972287774086,-0.01280547430117925,0.125,0.776469999783099,0.9323529411764706,0.0,0.0,0.1986143887042999,1.4999999999999998,0.0,0.0
1637,"0,219,105,133,54","30332,25895,10924,121,7818","lucrareafloodedissent""roc",0.11583881626526515,1.7017141779263814,False,0.06583881626526515,0.06583881626526515,0.041570615768432614,1.0,-0.03236761689186096,-0.006511504451433818,0.10416666666666667,0.797936322670787,0.9558823529411766,0.0,0.0,0.6183808445930481,1.0833333333333333,0.0,0.0
1638,"0,247,77,26,82","30332,12327,6177,15157,16771",lucrarearegarded tie sporting posture,0.13578269680341085,1.702015628417333,False,0.08578269680341084,0.08578269680341084,0.0575386643409729,1.0,-0.032373645901679994,-0.00930747389793396,0.10416666666666667,0.7030064245131095,0.976470588235294,0.0,0.0,0.6186822950839996,1.0833333333333333,0.0,0.0
1639,"176,41,77,115,159","257,3852,6177,29508,3077",ation rep tie pantofiige,0.07514827251434325,1.705820639928182,False,0.035564939181009926,0.035564939181009926,0.010249930620193482,0.7916666666666666,-0.032449746131896974,-0.01209743320941925,0.10416666666666667,0.7749979294065413,0.9735294117647059,0.0,0.0,0.6224873065948486,1.0833333333333333,0.0,0.0
1640,"0,31,188,26,159","30332,8221,29904,15157,3077",lucrareaimageweilige sportingige,0.12872245957454045,1.707596808671951,False,0.07872245957454045,0.07872245957454045,0.05395399332046509,1.0,-0.024151936173439026,-0.00652392456928889,0.125,0.749922174245862,0.9676470588235294,0.0,0.0,0.20759680867195127,1.4999999999999998,0.0,0.0
1641,"176,13,185,190,31","257,28688,15058,11733,8221",ation pistontientusionimage,0.04770816142360369,1.7105634001985424,False,0.022708161423603695,0.022708161423603695,0.007906866073608399,0.5,-0.030302423238754272,-0.009523053963979086,0.08333333333333333,0.868270812474629,0.9823529411764707,0.2430612858798768,0.28571428571428564,0.5151211619377135,0.6666666666666665,0.0,0.0
1642,"0,13,77,26,169","30332,28688,6177,15157,680",lucrarea piston tie sporting sie,0.13954995622237523,1.7113032738367713,False,0.08954995622237523,0.08954995622237523,0.06700845956802368,1.0,-0.0408927321434021,-0.010408498346805573,0.08333333333333333,0.701803203233167,0.9735294117647059,0.0,0.0,1.0446366071701048,0.6666666666666665,0.0,0.0
1643,"107,133,100,26,169","798,121,14338,15157,680"," moment"" surroundings sporting sie",0.08547974179188411,1.7123296161492663,False,0.04589640845855077,0.04589640845855077,0.017953544855117798,0.7916666666666666,-0.03257992565631866,-0.015380673110485077,0.10416666666666667,0.7645471637192196,0.9705882352941176,0.0,0.0,0.628996282815933,1.0833333333333333,0.0,0.0
1644,"118,228,35,26,184","2280,4408,14797,15157,20351", km accordgraphic sportingüchte,0.06987737317879994,1.7169720757575262,False,0.036544039845466614,0.036544039845466614,0.010149657726287842,0.6666666666666666,-0.03172039389610291,-0.00935388853152593,0.10416666666666667,0.8291766185730651,0.9529411764705882,0.0,0.04761904761904761,0.5860196948051453,1.0833333333333333,0.0,0.0
1645,"118,200,109,39,36","2280,3404,12922,2951,24143", kmwarekettchesKT,0.03873509466648102,1.7188352275462375,False,0.019985094666481018,0.019985094666481018,0.005948054790496826,0.375,-0.025081053376197815,-0.01002558320760727,0.08333333333333333,0.8441799882564739,0.961764705882353,0.33383017778396606,0.46428571428571425,0.25405266880989075,0.6666666666666665,0.0,0.0
1646,"199,129,8,26,169","11171,17,17682,15157,680",matestSport sporting sie,0.08165309429168702,1.725303163131078,False,0.04415309429168701,0.04415309429168701,0.015273529291152955,0.75,-0.032839396595954896,-0.011358809967835745,0.10416666666666667,0.785032569489541,0.9352941176470588,0.0,0.0,0.6419698297977448,1.0833333333333333,0.0,0.0
1647,"0,243,35,26,82","30332,16323,14797,15157,16771",lucrarea Plaingraphic sporting posture,0.13941881606976192,1.7347834308942156,False,0.08941881606976192,0.08941881606976192,0.056535273790359504,1.0,-0.03302900195121765,-0.008399032056331635,0.10416666666666667,0.7153485509280697,0.9735294117647059,0.0,0.0,0.6514500975608823,1.0833333333333333,0.0,0.0
1648,"0,129,212,26,90","30332,17,19109,15157,23060",lucrareat nachhaltig sporting răspunde,0.12166186471780141,1.7402182817459104,False,0.07166186471780141,0.07166186471780141,0.051167964935302734,1.0,-0.024804365634918214,-0.008258586128552755,0.125,0.7523858910031884,0.976470588235294,0.0,0.0,0.24021828174591064,1.4999999999999998,0.0,0.0
1649,"147,145,64,232,150","18956,26356,30828,7578,10470",rius sunetDOWNeticôt,0.04215146849552791,1.742932115282331,False,0.021126888692378998,0.02131813516219457,-0.0006346285343170163,0.4166666666666667,-0.027514663338661195,-0.011947254339853922,0.08333333333333333,0.8590904224496946,0.9676470588235294,0.2957703769207001,0.4047619047619047,0.3757331669330597,0.6666666666666665,0.0,0.0
1650,"0,219,100,215,210","30332,25895,14338,6520,12182",lucrareaflooded surroundingsrib estim,0.1215107594927152,1.74390572309494,False,0.0715107594927152,0.0715107594927152,0.03675283789634705,1.0,-0.024878114461898804,-0.00963129848241806,0.125,0.78228194142239,0.9264705882352942,0.0,0.0,0.24390572309494016,1.4999999999999998,0.0,0.0
1651,"118,129,8,26,158","2280,17,17682,15157,17319", kmtSport sportingenţă,0.07876928995052973,1.745249013106028,False,0.04126928995052973,0.04126928995052973,0.016431468725204467,0.75,-0.04157164692878723,-0.011638825138409933,0.08333333333333333,0.8291384100451223,0.9470588235294116,0.0,0.0,1.0785823464393616,0.6666666666666665,0.0,0.0
1652,"61,169,188,39,153","18837,680,29904,2951,23158", manger sieweiligeches pierdere,0.04424619674682617,1.7496801226858105,False,0.022782007853190105,0.02341286341349284,0.0016157448291778578,0.4166666666666667,-0.028753036260604856,-0.01195200284322103,0.08333333333333333,0.8205545361897668,0.9441176470588234,0.24059973822699646,0.4047619047619047,0.4376518130302428,0.6666666666666665,0.0,0.0
1653,"118,13,135,54,171","2280,28688,19890,7818,7184", km piston pursurocн,0.06938342700401942,1.7497340667815435,False,0.03605009367068609,0.03605009367068609,0.009730118513107299,0.6666666666666666,-0.03237563371658325,-0.013103760778903961,0.10416666666666667,0.8696198436723166,0.9558823529411766,0.0,0.04761904761904761,0.6187816858291626,1.0833333333333333,0.0,0.0
1654,"0,202,18,213,78","30332,5457,12487,73,20961",lucrareanch adjacent unKING,0.13292523026466369,1.7534174819787343,False,0.0829252302646637,0.0829252302646637,0.0672706663608551,1.0,-0.03340168297290802,-0.009872262676556906,0.10416666666666667,0.7451244181593787,0.9705882352941176,0.0,0.0,0.670084148645401,1.0833333333333333,0.0,0.0
1655,"225,247,246,26,52","28654,12327,728,15157,6813", festgelegtregarded once sporting gap,0.08429234772920607,1.7536863982677455,False,0.04462615897258123,0.04470901439587275,0.017450165748596192,0.7916666666666666,-0.025073727965354918,-0.014243724445501963,0.125,0.8207765315965615,0.9647058823529412,0.0,0.0,0.25368639826774586,1.4999999999999998,0.0,0.0
1656,"200,31,8,26,158","3404,8221,17682,15157,17319",wareimageSport sportingenţă,0.07413624127705892,1.7553365031878152,False,0.03871957461039225,0.03871957461039225,0.012143200635910035,0.7083333333333334,-0.041773396730422976,-0.010852647324403128,0.08333333333333333,0.8216007551548901,0.9411764705882352,0.0,0.0,1.0886698365211487,0.6666666666666665,0.0,0.0
1657,"145,175,65,79,135","26356,21379,22276,5206,19890", sunetçantrijrick pursu,0.030999502539634703,1.755543736711381,False,0.014018038908640543,0.014332835872968039,-0.0015291213989257811,0.3333333333333333,-0.028980043530464173,-0.007211859027544658,0.0625,0.9058828242477956,0.9794117647058824,0.5327320363786486,0.5238095238095238,0.4490021765232086,0.24999999999999994,0.0,0.0
1658,"246,129,185,26,159","728,17,15058,15157,3077", oncettient sportingige,0.0709490865468979,1.7599762280782063,False,0.03533200919628143,0.035532419880231224,0.006919169425964355,0.7083333333333334,-0.03353285789489746,-0.012083366513252258,0.10416666666666667,0.85580711347076,0.95,0.0,0.0,0.676642894744873,1.0833333333333333,0.0,0.0
1659,"53,247,185,26,78","1735,12327,15058,15157,20961", movingregardedtient sportingKING,0.07560395350058874,1.7638078629970548,False,0.040187286833922066,0.040187286833922066,0.015861117839813234,0.7083333333333334,-0.0252761572599411,-0.010091736912727356,0.125,0.8127734273659357,0.9470588235294116,0.0,0.0,0.263807862997055,1.4999999999999998,0.0,0.0
1660,"0,35,8,26,158","30332,14797,17682,15157,17319",lucrareagraphicSport sportingenţă,0.1339329461256663,1.7647633254528043,False,0.0839329461256663,0.0839329461256663,0.056322026252746585,1.0,-0.025295266509056093,-0.002906744678815206,0.125,0.7809939666804655,0.9647058823529412,0.0,0.0,0.2647633254528046,1.4999999999999998,0.0,0.0
1661,"0,133,153,28,76","30332,121,23158,5378,26292","lucrarea"" pierdere neck menschliche",0.11476475795110067,1.7659247716267903,False,0.06476475795110066,0.06476475795110066,0.04414260983467102,1.0,-0.03365182876586914,-0.006849211951096852,0.10416666666666667,0.7341231409139002,0.9735294117647059,0.0,0.0,0.682591438293457,1.0833333333333333,0.0,0.0
1662,"124,190,39,147,213","28387,11733,2951,18956,73", ressentiusionchesrius un,0.056284075975418096,1.7753022034016865,False,0.028727067013581593,0.02920074264208476,-0.0006240427494049049,0.5416666666666666,-0.028466945886611937,-0.015900177260239918,0.10416666666666667,0.7927555550375319,0.911764705882353,0.04243109954728021,0.2261904761904762,0.4233472943305968,1.0833333333333333,0.0,0.0
1663,"0,13,105,151,158","30332,28688,10924,1110,17319",lucrarea pistonissent seinenţă,0.11047516564528148,1.7784987688064573,False,0.06047516564528147,0.06047516564528147,0.03531120419502259,1.0,-0.02556997537612915,-0.007607703407605489,0.125,0.7841023655092622,0.9705882352941176,0.0,0.0,0.2784987688064575,1.4999999999999998,0.0,0.0
1664,"0,169,100,26,162","30332,680,14338,15157,5290",lucrarea sie surroundings sportingizat,0.1367939293384552,1.7794137001037595,False,0.0867939293384552,0.0867939293384552,0.05420029759407044,1.0,-0.025588274002075195,-0.0038797035813331604,0.125,0.7829752525294238,0.9647058823529412,0.0,0.0,0.27941370010375977,1.4999999999999998,0.0,0.0
1665,"170,186,8,147,152","13602,10443,17682,18956,19355",ffenûSportrius persoană,0.05103159795204798,1.7815884734903062,False,0.02380611002445221,0.02394826461871465,0.001467174291610719,0.5416666666666666,-0.02531203329563141,-0.009886600077152252,0.10416666666666667,0.8774348384431515,0.9705882352941176,0.20646299918492633,0.2261904761904762,0.26560166478157043,1.0833333333333333,0.0,0.0
1666,"0,35,77,26,101","30332,14797,6177,15157,10176",lucrareagraphic tie sporting Mach,0.1386641467610995,1.7887190813731915,False,0.0886641467610995,0.0886641467610995,0.06048746109008789,1.0,-0.03401146233081818,-0.007541718582312266,0.10416666666666667,0.6966311579507354,0.9735294117647059,0.0,0.0,0.7005731165409088,1.0833333333333333,0.0048126314989493935,0.0
1667,"77,45,137,226,87","6177,25231,5218,20736,330", tieffentlichkeiteriiesel pas,0.059237752606471385,1.7890312174956,False,0.030071085939804714,0.030071085939804714,0.008733987808227539,0.5833333333333334,-0.022447291016578674,-0.013851707180341085,0.125,0.7901940398864612,0.9441176470588234,0.0,0.16666666666666657,0.12236455082893366,1.4999999999999998,0.0,0.0
1668,"149,247,8,26,155","18457,12327,17682,15157,31308", varstaregardedSport sporting mănânc,0.08271562059720358,1.7920691569646197,False,0.041048953930536904,0.041048953930536904,0.0180550217628479,0.8333333333333334,-0.03417471647262573,-0.012625555197397867,0.10416666666666667,0.8279528650336625,0.9705882352941176,0.0,0.0,0.7087358236312865,1.0833333333333333,0.0,0.0
1669,"178,123,0,28,138","30831,22250,30332,5378,9518",Totusi papalucrarea neck oferit,0.12069381574789684,1.7933727105458577,False,0.07069381574789683,0.07069381574789683,0.0443233072757721,1.0,-0.03420078754425049,-0.012182409564654032,0.10416666666666667,0.7536353484613889,0.976470588235294,0.0,0.0,0.7100393772125244,1.0833333333333333,0.0,0.0
1670,"149,247,64,147,80","18457,12327,30828,18956,8787", varstaregardedDOWNrius Abs,0.0481415535012881,1.7939172874367426,False,0.02439609666665395,0.02522488683462143,-0.001953184604644772,0.4583333333333333,-0.02357098162174225,-0.013705837229887644,0.10416666666666667,0.8179223159647657,0.976470588235294,0.18679677777820164,0.34523809523809523,0.17854908108711243,1.0833333333333333,0.0,0.0
1671,"30,6,119,150,141","22706,21014,23662,10470,25205",mog sportiv artistiqueôtizeze,0.08177742113669714,1.7967256208260851,False,0.040110754470030464,0.040110754470030464,0.016452491283416748,0.8333333333333334,-0.03426784574985504,-0.010237341125806173,0.10416666666666667,0.8521173275056709,0.9647058823529412,0.0,0.0,0.7133922874927519,1.0833333333333333,0.0,0.0
1672,"0,13,41,26,158","30332,28688,3852,15157,17319",lucrarea piston rep sportingenţă,0.1401456003387769,1.7967407703399656,False,0.0901456003387769,0.0901456003387769,0.06472503542900085,1.0,-0.025934815406799316,-0.007815030713876089,0.125,0.7323554368766945,0.95,0.0,0.0,0.2967407703399658,1.4999999999999998,0.0,0.0
1673,"118,190,186,165,31","2280,11733,10443,13114,8221", kmusionû->image,0.04506030132373175,1.807749472440235,False,0.022143634657065075,0.022143634657065075,0.012219846248626709,0.4583333333333333,-0.022345983982086183,-0.011231233676274618,0.10416666666666667,0.8960306588315771,0.988235294117647,0.26187884476449746,0.34523809523809523,0.11729919910430912,1.0833333333333333,0.0,0.0
1674,"0,13,212,26,169","30332,28688,19109,15157,680",lucrarea piston nachhaltig sporting sie,0.12437449445327123,1.8079798221588133,False,0.07437449445327123,0.07437449445327123,0.048631691932678224,1.0,-0.02615959644317627,-0.01366668442885081,0.125,0.7408178925210319,0.9676470588235294,0.0,0.0,0.3079798221588135,1.4999999999999998,0.0,0.0
1675,"200,238,35,215,4","3404,12740,14797,6520,1817",warevolugraphicrib mis,0.05852145204941432,1.8147909026297309,False,0.02653754750887553,0.027271452049414318,0.010888183116912843,0.625,-0.030177992582321168,-0.012661921481291452,0.10416666666666667,0.8663632420684693,0.9823529411764707,0.1154150830374823,0.10714285714285708,0.5088996291160583,1.0833333333333333,0.0,0.0
1676,"0,41,100,26,18","30332,3852,14338,15157,12487",lucrarea rep surroundings sporting adjacent,0.13197705447673796,1.8181194663047788,False,0.08197705447673798,0.08197705447673798,0.05498310923576355,1.0,-0.02636238932609558,-0.005479353169600169,0.125,0.7973892074262249,0.9705882352941176,0.0,0.0,0.31811946630477905,1.4999999999999998,0.0,0.0
1677,"7,133,185,110,125","6298,121,15058,24243,19020"," Image""tient événements humaine",0.07630685592691104,1.8203179836273191,False,0.03464018926024437,0.03464018926024437,0.014401835203170777,0.8333333333333334,-0.026406359672546387,-0.01477694014708201,0.125,0.7843610256650928,0.9352941176470588,0.0,0.0,0.32031798362731934,1.4999999999999998,0.0,0.0
1678,"183,152,30,144,88","23,19355,22706,9175,11461",i persoanămog| physique,0.04234139248728752,1.8293599512368912,False,0.020986468841632206,0.02150805915395419,-7.221102714538509e-05,0.4166666666666667,-0.029149606823921204,-0.013035523394743601,0.08333333333333333,0.8440061587515707,0.9558823529411766,0.30045103861225975,0.4047619047619047,0.4574803411960601,0.6666666666666665,0.0,0.0
1679,"178,27,208,64,109","30831,2600,2165,30828,12922",Totusi sportvalDOWNkett,0.0645272359251976,1.8314891670431406,False,0.0332772359251976,0.0332772359251976,0.006049036979675293,0.625,-0.024486926198005677,-0.011121476689974466,0.125,0.834185177669269,0.9735294117647059,0.0,0.10714285714285708,0.2243463099002838,1.4999999999999998,0.0,0.0
1680,"248,169,105,39,54","6148,680,10924,2951,7818", mici sieissentchesroc,0.04131822089354198,1.8332705493011168,False,0.022568220893541973,0.022568220893541973,0.00835561752319336,0.375,-0.02909184396266937,-0.013825354476769766,0.08333333333333333,0.8747397864166445,0.9705882352941176,0.24772597021526754,0.46428571428571425,0.4545921981334685,0.6666666666666665,0.0,0.0
1681,"0,219,100,26,158","30332,25895,14338,15157,17319",lucrareaflooded surroundings sportingenţă,0.1399659867088,1.8360333442687986,False,0.0899659867088,0.0899659867088,0.05707976818084717,1.0,-0.026720666885375978,-0.006429841121037801,0.125,0.7263727532903139,0.9558823529411766,0.0,0.0,0.3360333442687989,1.4999999999999998,0.0,0.0
1682,"41,129,100,26,169","3852,17,14338,15157,680", rept surroundings sporting sie,0.08990496943394344,1.8412410020828245,False,0.0503216361006101,0.0503216361006101,0.011575615406036379,0.7916666666666666,-0.026824820041656493,-0.012249273558457693,0.125,0.7983366245413144,0.9558823529411766,0.0,0.0,0.34124100208282465,1.4999999999999998,0.0,0.0
1683,"77,128,134,200,78","6177,96,28448,3404,20961"," tie "" senzatiwareKING",0.06630076915025711,1.842506610211872,False,0.032967435816923775,0.032967435816923775,0.011195570230484009,0.6666666666666666,-0.03423108458518982,-0.014274656772613525,0.10416666666666667,0.7734055986531455,0.9470588235294116,0.0,0.04761904761904761,0.7115542292594911,1.0833333333333333,0.0,0.0
1684,"244,129,111,26,158","22467,17,6156,15157,17319",länget Pas sportingenţă,0.06563609143098195,1.8475114703178404,False,0.036469424764315285,0.036469424764315285,0.010320359468460084,0.5833333333333334,-0.03195022940635681,-0.015191721419493357,0.10416666666666667,0.7863819866319554,0.9794117647058824,0.0,0.16666666666666657,0.5975114703178406,1.0833333333333333,0.0,0.0
1685,"0,13,84,26,169","30332,28688,24023,15157,680",lucrarea piston LORD sporting sie,0.1431208481391271,1.8493521226401857,False,0.09312084813912709,0.09312084813912709,0.06867660880088806,1.0,-0.04282093942165375,-0.008125672737757364,0.08333333333333333,0.6708530605764177,0.9382352941176471,0.0,0.0,1.1410469710826874,0.6666666666666665,0.04163848489083181,0.0
1686,"0,169,151,26,31","30332,680,1110,15157,8221",lucrarea sie sein sportingimage,0.13076732357343038,1.8528375327587125,False,0.08076732357343037,0.08076732357343037,0.058543330430984496,1.0,-0.027056750655174256,-0.008366219699382782,0.125,0.7718973266612238,0.9705882352941176,0.0,0.0,0.35283753275871277,1.4999999999999998,0.0,0.0
1687,"36,189,57,121,31","24143,10646,23976,803,8221",KTtial déplacement friendsimage,0.08163892726103465,1.860543717940648,False,0.03997226059436798,0.03997226059436798,0.012746995687484742,0.8333333333333334,-0.0355442076921463,-0.015511646866798401,0.10416666666666667,0.78535236329008,0.9588235294117649,0.0,0.0,0.777210384607315,1.0833333333333333,0.0,0.0
1688,"0,200,10,133,31","30332,3404,15854,121,8221","lucrareaware realm""image",0.1202957312266032,1.8617870211601255,False,0.0702957312266032,0.0702957312266032,0.05574377179145813,1.0,-0.027235740423202516,-0.007411539554595947,0.125,0.7621247430476495,0.976470588235294,0.0,0.0,0.3617870211601258,1.4999999999999998,0.0,0.0
1689,"14,157,185,215,57","6661,27499,15058,6520,23976",sportizanttientrib déplacement,0.07996305823326111,1.8645471135775245,False,0.038296391566594444,0.038296391566594444,0.016087239980697634,0.8333333333333334,-0.04395760893821716,-0.012566958864529928,0.08333333333333333,0.831299468947775,0.9441176470588234,0.0,0.0,1.197880446910858,0.6666666666666665,0.0,0.0
1690,"0,35,22,26,158","30332,14797,17088,15157,17319",lucrareagraphic Behind sportingenţă,0.1273023342092832,1.867802321910858,False,0.07730233420928319,0.07730233420928319,0.05289313197135925,1.0,-0.027356046438217162,-0.006547016402085622,0.125,0.766002947228311,0.9735294117647059,0.0,0.0,0.3678023219108581,1.4999999999999998,0.0,0.0
1691,"0,136,8,213,90","30332,2824,17682,73,23060",lucrarea....Sport un răspunde,0.12040373235940934,1.8692346215248106,False,0.07040373235940933,0.07040373235940933,0.05333124399185181,1.0,-0.027384692430496217,-0.006608600417772929,0.125,0.7741514754319552,0.9558823529411766,0.0,0.0,0.36923462152481085,1.4999999999999998,0.0,0.0
1692,"0,41,112,26,158","30332,3852,21711,15157,17319",lucrarea rep bilden sportingenţă,0.1328405593832334,1.8786716759204862,False,0.08284055938323338,0.08284055938323338,0.059454184770584104,1.0,-0.02757343351840973,-0.005030415952205658,0.125,0.7614098190359209,0.95,0.0,0.0,0.37867167592048645,1.4999999999999998,0.0,0.0
1693,"0,41,134,234,169","30332,3852,28448,794,680",lucrarea rep senzati test sie,0.12338334868351619,1.8821244736512501,False,0.07338334868351619,0.07338334868351619,0.05301966667175293,1.0,-0.03597582280635834,-0.012334056198596954,0.10416666666666667,0.7489486672672481,0.988235294117647,0.0,0.0,0.7987911403179169,1.0833333333333333,0.0,0.0
1694,"0,13,41,26,159","30332,28688,3852,15157,3077",lucrarea piston rep sportingige,0.14031146516402562,1.8888095319271085,False,0.09031146516402562,0.09031146516402562,0.06321297287940979,1.0,-0.027776190638542177,-0.008509673178195953,0.125,0.7126081118017035,0.9558823529411766,0.0,0.0,0.3888095319271088,1.4999999999999998,0.0,0.0
1695,"115,43,67,36,36","29508,25627,25300,24143,24143", pantofi Exterior fartherKTKT,0.07419916391372681,1.8911046584447224,False,0.03878249724706014,0.03878249724706014,0.014559435844421388,0.7083333333333334,-0.036155426502227785,-0.013030298054218292,0.10416666666666667,0.7877679913344603,0.9529411764705882,0.0,0.0,0.8077713251113892,1.0833333333333333,0.0,0.0
1696,"0,41,8,26,184","30332,3852,17682,15157,20351",lucrarea repSport sportingüchte,0.13415296673774718,1.8998253643512724,False,0.08415296673774719,0.08415296673774719,0.058041661977767944,1.0,-0.027996507287025452,-0.00813920795917511,0.125,0.7625175575904791,0.961764705882353,0.0,0.0,0.3998253643512726,1.4999999999999998,0.0,0.0
1697,"0,190,77,71,23","30332,11733,6177,25688,31052",lucrareausion tie correspondent pasageri,0.1098398099342982,1.9009636640548704,False,0.059839809934298195,0.059839809934298195,0.03539819717407226,1.0,-0.028019273281097413,-0.009346507489681244,0.125,0.7446093363271323,0.961764705882353,0.0,0.0,0.40096366405487066,1.4999999999999998,0.0,0.0
1698,"200,67,24,147,158","3404,25300,29668,18956,17319",ware farther Crisisriusenţă,0.05419697264830271,1.9031370750495362,False,0.026731029152870178,0.029196972648302715,-0.011561936140060423,0.5,-0.045169141888618466,-0.01355768988529841,0.0625,0.873633591640993,0.911764705882353,0.10896569490432736,0.28571428571428564,1.2584570944309232,0.24999999999999994,0.0,0.0
1699,"95,76,185,134,131","3169,26292,15058,28448,30173", trouble menschlichetient senzati machiaj,0.04546657204627991,1.904642033198523,False,0.023076390226682026,0.024633238712946575,-0.0059685826301574705,0.4166666666666667,-0.032048529386520384,-0.013838544487953186,0.08333333333333333,0.8746996481650683,0.9352941176470588,0.23078699244393244,0.4047619047619047,0.6024264693260192,0.6666666666666665,0.0,0.0
1700,"0,13,100,26,239","30332,28688,14338,15157,23267",lucrarea piston surroundings sportingtolerant,0.13871087431907653,1.9098192751407619,False,0.08871087431907654,0.08871087431907654,0.059692478179931646,1.0,-0.028196385502815245,-0.010168972114721933,0.125,0.7430248788461611,0.9647058823529412,0.0,0.0,0.4098192751407622,1.4999999999999998,0.0,0.0
1701,"45,220,105,249,159","25231,9136,10924,13418,3077",ffentlichkeitholeissent breatheige,0.06904980639616648,1.909828414519628,False,0.03154980639616648,0.03154980639616648,0.01011897921562195,0.75,-0.036529901623725894,-0.013434134423732758,0.10416666666666667,0.794867753337785,0.95,0.0,0.0,0.8264950811862947,1.0833333333333333,0.0,0.0
1702,"149,247,100,62,169","18457,12327,14338,23226,680", varstaregarded surroundings imobil sie,0.05942996392647426,1.9173159599304197,False,0.030263297259807587,0.030263297259807587,0.012096214294433595,0.5833333333333334,-0.0333463191986084,-0.014328444997469584,0.10416666666666667,0.8321159736115696,0.976470588235294,0.0,0.16666666666666657,0.6673159599304199,1.0833333333333333,0.0,0.0
1703,"0,49,100,26,159","30332,26851,14338,15157,3077",lucrarea représentant surroundings sportingige,0.12417355726162593,1.9237841963768003,False,0.07417355726162593,0.07417355726162593,0.04847624897956848,1.0,-0.02847568392753601,-0.0078117748101552325,0.125,0.7855743586968746,0.961764705882353,0.0,0.0,0.42378419637680054,1.4999999999999998,0.0,0.0
1704,"206,99,101,179,114","17140,7693,10176,3997,21415",liga graphic MachchtRAL,0.06958826979001365,1.9243295788764951,False,0.032088269790013633,0.032088269790013633,0.008425557613372804,0.75,-0.028486591577529908,-0.014372621973355612,0.125,0.7960205702364213,0.9588235294117649,0.0,0.0,0.42432957887649536,1.4999999999999998,0.0,0.0
1705,"0,35,238,200,80","30332,14797,12740,3404,8787",lucrareagraphicvoluware Abs,0.1147259255250295,1.9267274240652716,False,0.0647259255250295,0.0647259255250295,0.04728068113327027,1.0,-0.0452012151479721,-0.009342312812805176,0.08333333333333333,0.7879604233751901,0.9823529411764707,0.0,0.0,1.2600607573986051,0.6666666666666665,0.0,0.0
1706,"42,35,100,26,169","13483,14797,14338,15157,680", underneathgraphic surroundings sporting sie,0.08576873838901519,1.9274924993515012,False,0.03993540505568186,0.03993540505568186,0.020851927995681762,0.9166666666666666,-0.02854984998703003,-0.010541672507921854,0.125,0.7938676161730293,0.9676470588235294,0.0,0.0,0.4274924993515014,1.4999999999999998,0.0,0.0
1707,"0,219,100,26,169","30332,25895,14338,15157,680",lucrareaflooded surroundings sporting sie,0.13750401188929876,1.94818440079689,False,0.08750401188929875,0.08750401188929875,0.056799072027206424,1.0,-0.028963688015937804,-0.007806455095609029,0.125,0.7298624655090846,0.95,0.0,0.0,0.4481844007968902,1.4999999999999998,0.0,0.0
1708,"0,31,10,26,169","30332,8221,15854,15157,680",lucrareaimage realm sporting sie,0.12976257801055907,1.9509694278240202,False,0.07976257801055908,0.07976257801055908,0.05594810247421265,1.0,-0.029019388556480407,-0.006407735248406728,0.125,0.7329609069639326,0.9647058823529412,0.0,0.0,0.45096942782402033,1.4999999999999998,0.0,0.0
1709,"0,13,221,26,82","30332,28688,23481,15157,16771",lucrarea piston Ensemble sporting posture,0.1419087330500285,1.9598999352229105,False,0.09190873305002849,0.09190873305002849,0.05769711136817932,1.0,-0.036370855569839475,-0.013861810167630514,0.10416666666666667,0.6593833236216775,0.9470588235294116,0.0,0.0,0.8185427784919737,1.0833333333333333,0.0580238233976035,0.0
1710,"0,186,153,83,152","30332,10443,23158,7383,19355",lucrareaû pierdere Front persoană,0.10472708245118459,1.9631927013397215,False,0.05472708245118459,0.05472708245118459,0.036358386278152466,1.0,-0.029263854026794434,-0.011347095171610514,0.125,0.8119664169424178,0.9647058823529412,0.0,0.0,0.4631927013397216,1.4999999999999998,0.0,0.0
1711,"200,247,94,215,153","3404,12327,18852,6520,23158",wareregardedkaprib pierdere,0.024055730054775876,1.9638249147979039,False,0.0083376777668794,0.011555730054775873,-0.009451353549957275,0.25,-0.02697780728340149,-0.009366015593210856,0.0625,0.9262430295487774,0.9735294117647059,0.7220774077706866,0.6428571428571428,0.3488903641700744,0.24999999999999994,0.0,0.0
1712,"0,189,0,243,184","30332,10646,30332,16323,20351",lucrareatiallucrarea Plainüchte,0.14384235243002574,1.9723532398541768,False,0.09384235243002574,0.09384235243002574,0.07483718395233155,1.0,-0.03778039813041687,-0.006657975415388743,0.10416666666666667,0.7172438482919206,0.9558823529411766,0.0,0.0,0.8890199065208435,1.0833333333333333,0.0,0.0
1713,"174,219,134,26,169","6031,25895,28448,15157,680",ttingflooded senzati sporting sie,0.07560523450374604,1.973136395215988,False,0.03810523450374603,0.03810523450374603,0.0116075336933136,0.75,-0.029462727904319762,-0.010083946088949839,0.125,0.7836783666325157,0.9470588235294116,0.0,0.0,0.4731363952159881,1.4999999999999998,0.0,0.0
1714,"0,38,46,26,158","30332,25012,18927,15157,17319",lucrarea caption rar sportingenţă,0.13969419697920482,1.9733989536762235,False,0.08969419697920482,0.08969419697920482,0.06192638874053955,1.0,-0.029467979073524476,-0.007861770689487457,0.125,0.723502791113669,0.9588235294117649,0.0,0.0,0.4733989536762238,1.4999999999999998,0.0,0.0
1715,"218,133,100,215,163","6798,121,14338,6520,13147"," Think"" surroundingsribnehm",0.059488152960936236,1.97733465830485,False,0.030321486294269562,0.030321486294269562,0.0058100163936614995,0.5833333333333334,-0.026213359832763673,-0.015317628781000773,0.125,0.8412885675530247,0.9852941176470588,0.0,0.16666666666666657,0.3106679916381836,1.4999999999999998,0.0,0.0
1716,"118,35,188,249,45","2280,14797,29904,13418,25231", kmgraphicweilige breatheffentlichkeit,0.06795019805431367,1.9784158766269682,False,0.032533531387646995,0.032533531387646995,0.011117237806320191,0.7083333333333334,-0.029568317532539367,-0.01502770185470581,0.125,0.7918924282507526,0.9676470588235294,0.0,0.0,0.47841587662696833,1.4999999999999998,0.0,0.0
1717,"178,165,185,12,102","30831,13114,15058,12337,26182",Totusi->tient mobility correspondant,0.0573854997754097,1.985273096296522,False,0.026223150392373402,0.02821883310874303,0.002070003747940065,0.5833333333333334,-0.02385422885417938,-0.011024504899978638,0.125,0.8566684649117966,0.9029411764705882,0.12589498692088658,0.16666666666666657,0.19271144270896906,1.4999999999999998,0.0,0.0
1718,"161,244,43,105,29","7890,22467,25627,10924,28935",intérieurlänge Exteriorissent Squad,0.05514036715030671,1.992917138905752,False,0.027203835546970367,0.02805703381697337,0.002656733989715578,0.5416666666666666,-0.03180375695228577,-0.014485190312067667,0.10416666666666667,0.8419466033120387,0.9647058823529412,0.09320548176765439,0.2261904761904762,0.5901878476142883,1.0833333333333333,0.0,0.0
1719,"122,247,74,5,31","12759,12327,9633,2426,8221", beneathregarded bitte movementimage,0.09034218291441601,1.9930231869220731,False,0.044508849581082664,0.044508849581082664,0.02077850103378296,0.9166666666666666,-0.029860463738441468,-0.01549332837263743,0.125,0.7933844905641532,0.9647058823529412,0.0,0.0,0.49302318692207336,1.4999999999999998,0.0,0.0
1720,"146,123,105,63,58","20352,22250,10924,23832,28310", cuir papaissent Regal Illustration,0.06737632006406784,1.993419262624922,False,0.034042986730734505,0.034042986730734505,0.016226238012313845,0.6666666666666666,-0.028916004300117492,-0.0125822052359581,0.125,0.8117529895085558,0.9705882352941176,0.0,0.04761904761904761,0.4458002150058746,1.4999999999999998,0.0,0.0
1721,"118,192,238,77,0","2280,19175,12740,6177,30332", kmanalyzingvolu tielucrarea,0.1110564003388087,1.9937341213226316,False,0.06105640033880869,0.06105640033880869,0.03505243062973023,1.0,-0.029874682426452637,-0.010891194144884745,0.125,0.7929157220991101,0.9352941176470588,0.0,0.0,0.4937341213226318,1.4999999999999998,0.0,0.0
1722,"83,31,6,166,45","7383,8221,21014,31468,25231", Frontimage sportiv ingrijireffentlichkeit,0.08443399469057719,1.9941278100013728,False,0.04068399469057719,0.04068399469057719,0.018889307975769043,0.875,-0.029882556200027464,-0.011317317684491476,0.125,0.790038426972658,0.9588235294117649,0.0,0.0,0.4941278100013732,1.4999999999999998,0.0,0.0
1723,"231,129,186,215,180","21815,17,10443,6520,31797", stainedtûribscrisă,0.014701429506142935,1.9945415665232944,False,0.007386940220991771,0.008451429506142935,-0.00320897102355957,0.125,-0.023386886715888976,-0.010536005099614462,0.0625,0.9383079704610257,0.9852941176470588,0.7537686593002743,0.8214285714285714,0.16934433579444877,0.24999999999999994,0.0,0.0
1724,"103,200,143,36,210","31149,3404,9031,24143,12182", dickewareighKT estim,0.04583986798922221,1.9969075941850267,False,0.022832865516344707,0.022923201322555542,0.004780805110931397,0.4583333333333333,-0.02658863365650177,-0.012818850576877594,0.10416666666666667,0.8633889976266715,0.9264705882352942,0.23890448278850973,0.34523809523809523,0.3294316828250885,1.0833333333333333,0.0,0.0
1725,"145,155,185,166,161","26356,31308,15058,31468,7890", sunet mănânctient ingrijireintérieur,0.02853474169969559,2.00151319305102,False,0.010716401040554047,0.013951408366362253,-0.01613379120826721,0.2916666666666667,-0.022174531221389772,-0.01110835870107015,0.08333333333333333,0.9381927273656347,0.9470588235294116,0.6427866319815317,0.5833333333333333,0.10872656106948857,0.6666666666666665,0.0,0.0
1726,"83,202,100,26,41","7383,5457,14338,15157,3852", Frontnch surroundings sporting rep,0.0944379265109698,2.0063313146432242,False,0.050687926510969795,0.050687926510969795,0.01982635855674744,0.875,-0.03845995962619782,-0.0179527352253596,0.10416666666666667,0.7502870463904789,0.9647058823529412,0.0,0.0,0.9229979813098909,1.0833333333333333,0.0,0.0
1727,"0,35,134,26,28","30332,14797,28448,15157,5378",lucrareagraphic senzati sporting neck,0.1299204135934512,2.016912629206975,False,0.07992041359345119,0.07992041359345119,0.05450338125228882,1.0,-0.038671585917472835,-0.009083678325017294,0.10416666666666667,0.7240023579679022,0.9676470588235294,0.0,0.0,0.9335792958736417,1.0833333333333333,0.0,0.0
1728,"95,128,35,215,31","3169,96,14797,6520,8221"," trouble ""graphicribimage",0.08183961262305578,2.0223440527915955,False,0.03598416099945704,0.03600627928972244,0.026120597124099733,0.9166666666666666,-0.03044688105583191,-0.01355737199385961,0.125,0.8320356199194718,0.9558823529411766,0.0,0.0,0.5223440527915955,1.4999999999999998,0.0,0.0
1729,"163,133,8,39,82","13147,121,17682,2951,16771","nehm""Sportches posture",0.08340763300657272,2.024153649806976,False,0.04174096633990606,0.04174096633990606,0.017180812358856202,0.8333333333333334,-0.030483072996139525,-0.016803979873657227,0.125,0.8256555676424867,0.976470588235294,0.0,0.0,0.5241536498069762,1.4999999999999998,0.0,0.0
1730,"0,13,165,26,90","30332,28688,13114,15157,23060",lucrarea piston-> sporting răspunde,0.13985933164755504,2.0271373093128204,False,0.08985933164755504,0.08985933164755504,0.05857547521591187,1.0,-0.03054274618625641,-0.00983632355928421,0.125,0.718401296527277,0.8852941176470588,0.0,0.0,0.5271373093128204,1.4999999999999998,0.0,0.0
1731,"0,247,8,26,196","30332,12327,17682,15157,20202","lucrarearegardedSport sporting,000.",0.12693019012610118,2.0296876430511475,False,0.07693019012610118,0.07693019012610118,0.052135640382766725,1.0,-0.03059375286102295,-0.010812506079673767,0.125,0.7209302379434148,0.9735294117647059,0.0,0.0,0.5296876430511475,1.4999999999999998,0.0,0.0
1732,"161,19,252,187,215","7890,6217,21212,20719,6520",intérieur legs Colin apărutrib,0.07609116832415264,2.031010717153549,False,0.0365078349908193,0.0365078349908193,0.013804906606674194,0.7916666666666666,-0.030620214343070985,-0.013537506262461344,0.125,0.8074480076491157,0.9294117647058824,0.0,0.0,0.5310107171535492,1.4999999999999998,0.0,0.0
1733,"38,182,208,78,154","25012,1575,2165,20961,12307", captiontionvalKINGoara,0.0453910971681277,2.032571371112551,False,0.02247443050146103,0.02247443050146103,0.006279706954956055,0.4583333333333333,-0.027062952518463135,-0.01150638610124588,0.10416666666666667,0.8166453020530793,0.9382352941176471,0.2508523166179657,0.34523809523809523,0.3531476259231567,1.0833333333333333,0.0,0.0
1734,"170,247,8,26,58","13602,12327,17682,15157,28310",ffenregardedSport sporting Illustration,0.0976773242155711,2.0348540743192034,False,0.051843990882237755,0.051843990882237755,0.022958320379257203,0.9166666666666666,-0.039030414819717404,-0.013253003358840942,0.10416666666666667,0.7822059103112312,0.95,0.0,0.0,0.9515207409858701,1.0833333333333333,0.0,0.0
1735,"77,149,167,38,31","6177,18457,24594,25012,8221", tie varstaidia captionimage,0.07587998360395432,2.046917110681534,False,0.03421331693728765,0.03421331693728765,0.015729081630706788,0.8333333333333334,-0.030938342213630676,-0.012159742414951324,0.125,0.8330140669905876,0.976470588235294,0.0,0.0,0.5469171106815338,1.4999999999999998,0.0,0.0
1736,"0,13,46,26,90","30332,28688,18927,15157,23060",lucrarea piston rar sporting răspunde,0.13933762460947036,2.0490436553955074,False,0.08933762460947037,0.08933762460947037,0.06221404075622559,1.0,-0.030980873107910156,-0.009602012733618418,0.125,0.7275237948432073,0.95,0.0,0.0,0.5490436553955077,1.4999999999999998,0.0,0.0
1737,"0,231,122,134,190","30332,21815,12759,28448,11733",lucrarea stained beneath senzatiusion,0.1160635953148206,2.054611176252365,False,0.0660635953148206,0.0660635953148206,0.040141522884368896,1.0,-0.031092223525047303,-0.010792337357997894,0.125,0.7904604961257711,0.961764705882353,0.0,0.0,0.5546111762523651,1.4999999999999998,0.0,0.0
1738,"210,125,5,75,93","12182,19020,2426,904,19486", estim humaine movementmen vitesse,0.08405803143978119,2.055374711751938,False,0.042391364773114525,0.042391364773114525,0.015795737504959106,0.8333333333333334,-0.03110749423503876,-0.012947668631871542,0.125,0.725422943317919,0.8941176470588235,0.0,0.0,0.5553747117519379,1.4999999999999998,0.0,0.0
1739,"0,129,229,26,169","30332,17,3147,15157,680",lucrareat 300 sporting sie,0.136602879067262,2.057159292373854,False,0.08660287906726201,0.08660287906726201,0.05861272215843201,1.0,-0.030959266424179076,-0.01261769731839498,0.125,0.6935628201845696,0.9558823529411766,0.0,0.0,0.5479633212089537,1.4999999999999998,0.0091959711649005,0.0
1740,"0,76,185,160,102","30332,26292,15058,20437,26182",lucrarea menschlichetientenţa correspondant,0.11334055016438166,2.0614827473958335,False,0.065423883497715,0.065423883497715,0.042953431606292725,0.9583333333333334,-0.03956298828125,-0.010814780990282694,0.10416666666666667,0.7550356331187815,0.9441176470588234,0.0,0.0,0.9781494140625001,1.0833333333333333,0.0,0.0
1741,"119,27,60,170,42","23662,2600,4091,13602,13483", artistique sport rearffen underneath,0.07971944957971572,2.0691443284352617,False,0.04013611624638239,0.04013611624638239,0.016719818115234375,0.7916666666666666,-0.03971621990203857,-0.015545313556989035,0.10416666666666667,0.8411998774548304,0.9647058823529412,0.0,0.0,0.9858109951019286,1.0833333333333333,0.0,0.0
1742,"161,247,79,39,210","7890,12327,5206,2951,12182",intérieurregardedrickches estim,0.033522446701924,2.0708732602615205,False,0.015758672108252842,0.01685578003525734,-0.002927356958389282,0.3333333333333333,-0.028113722801208496,-0.01278671125570933,0.08333333333333333,0.9040393206662672,0.9647058823529412,0.47471092972490525,0.5238095238095238,0.40568614006042475,0.6666666666666665,0.0,0.0
1743,"118,128,121,215,76","2280,96,803,6520,26292"," km "" friendsrib menschliche",0.08250205367803573,2.0715080499649043,False,0.0366687203447024,0.0366687203447024,0.02089989185333252,0.9166666666666666,-0.031430160999298094,-0.014830626547336578,0.125,0.8060039568597159,0.976470588235294,0.0,0.0,0.5715080499649047,1.4999999999999998,0.0,0.0
1744,"14,35,100,147,169","6661,14797,14338,18956,680",sportgraphic surroundingsrius sie,0.07404484798510869,2.073539975143614,False,0.04071151465177536,0.04071151465177536,0.012922942638397217,0.6666666666666666,-0.03051841855049133,-0.010839963952700296,0.125,0.8202064912352338,0.9529411764705882,0.0,0.04761904761904761,0.5259209275245665,1.4999999999999998,0.0,0.0
1745,"0,13,134,26,184","30332,28688,28448,15157,20351",lucrarea piston senzati sportingüchte,0.13060766259829204,2.0746990342934923,False,0.08060766259829204,0.08060766259829204,0.05569575428962707,1.0,-0.03982731401920318,-0.007883024712403616,0.10416666666666667,0.7592759306420276,0.9558823529411766,0.0,0.0,0.9913657009601591,1.0833333333333333,0.0,0.0
1746,"36,185,188,67,125","24143,15058,29904,25300,19020",KTtientweilige farther humaine,0.059380434950192774,2.0776200691858926,False,0.030213768283526104,0.030213768283526104,0.008365100622177124,0.5833333333333334,-0.028219068050384523,-0.014542852838834127,0.125,0.8020427745628154,0.9852941176470588,0.0,0.16666666666666657,0.41095340251922613,1.4999999999999998,0.0,0.0
1747,"0,247,103,215,11","30332,12327,31149,6520,9161",lucrarearegarded dickerib bro,0.11809183955192566,2.0789227187633514,False,0.06809183955192566,0.06809183955192566,0.04188296794891357,1.0,-0.03157845437526703,-0.011612966656684875,0.125,0.7518452596300349,0.976470588235294,0.0,0.0,0.5789227187633516,1.4999999999999998,0.0,0.0
1748,"0,57,238,62,169","30332,23976,12740,23226,680",lucrarea déplacementvolu imobil sie,0.12223005841175716,2.0894004702568054,False,0.07223005841175716,0.07223005841175716,0.055987095832824706,1.0,-0.03178800940513611,-0.013617053627967834,0.125,0.7465132016639158,0.9705882352941176,0.0,0.0,0.5894004702568055,1.4999999999999998,0.0,0.0
1749,"0,13,77,26,90","30332,28688,6177,15157,23060",lucrarea piston tie sporting răspunde,0.13998039364814757,2.096871515115102,False,0.08998039364814758,0.08998039364814758,0.06478978991508484,1.0,-0.04027076363563537,-0.011187523603439331,0.10416666666666667,0.7105812072860498,0.9088235294117648,0.0,0.0,1.0135381817817686,1.0833333333333333,0.0,0.0
1750,"87,213,206,215,0","330,73,17140,6520,30332", pas unligariblucrarea,0.12941337923208873,2.104854464530945,False,0.07941337923208873,0.07941337923208873,0.05907022953033447,1.0,-0.0320970892906189,-0.014202850560347239,0.125,0.7090215274565324,0.9705882352941176,0.0,0.0,0.6048544645309449,1.4999999999999998,0.0,0.0
1751,"253,247,161,215,131","31728,12327,7890,6520,30173", ultravioletregardedintérieurrib machiaj,0.02587296813726425,2.1084965339728763,False,0.015201538801193237,0.015456301470597586,-0.0009066700935363765,0.20833333333333334,-0.03325667083263397,-0.010970935225486755,0.0625,0.8910464914421002,0.961764705882353,0.4932820399602254,0.7023809523809523,0.6628335416316985,0.24999999999999994,0.0,0.0
1752,"149,65,11,134,125","18457,22276,9161,28448,19020", varstarij bro senzati humaine,0.07345952192942301,2.1117903590202327,False,0.035933280984560646,0.03595952192942301,0.00979468822479248,0.75,-0.03223580718040466,-0.014174950619538626,0.125,0.7945711934097931,0.9647058823529412,0.0,0.0,0.611790359020233,1.4999999999999998,0.0,0.0
1753,"0,31,8,26,82","30332,8221,17682,15157,16771",lucrareaimageSport sporting posture,0.1391987457871437,2.1153733432292934,False,0.08919874578714371,0.08919874578714371,0.06026911139488221,1.0,-0.032307466864585875,-0.007220081984996796,0.125,0.7488196073506415,0.961764705882353,0.0,0.0,0.6153733432292937,1.4999999999999998,0.0,0.0
1754,"149,247,64,200,152","18457,12327,30828,3404,19355", varstaregardedDOWNware persoană,0.03535994688669841,2.118250588102946,False,0.014743539194266,0.016609946886698406,-0.009888124465942382,0.375,-0.029574990272521973,-0.010746824244658152,0.08333333333333333,0.8678869518494587,0.961764705882353,0.5085486935244666,0.46428571428571425,0.4787495136260986,0.6666666666666665,0.0,0.0
1755,"55,133,134,26,82","13775,121,28448,15157,16771"," Führung"" senzati sporting posture",0.09462036887804667,2.120915383100509,False,0.05087036887804667,0.05087036887804667,0.0204448401927948,0.875,-0.03241830766201019,-0.017327281335989635,0.125,0.724625272756787,0.9235294117647058,0.0,0.0,0.6209153831005094,1.4999999999999998,0.0,0.0
1756,"0,13,8,26,210","30332,28688,17682,15157,12182",lucrarea pistonSport sporting estim,0.13787783483664195,2.127699583768844,False,0.08787783483664195,0.08787783483664195,0.05824524164199829,1.0,-0.03255399167537689,-0.008695838352044424,0.125,0.7329145935967293,0.95,0.0,0.0,0.6276995837688445,1.4999999999999998,0.0,0.0
1757,"0,41,151,26,45","30332,3852,1110,15157,25231",lucrarea rep sein sportingffentlichkeit,0.13302982399861019,2.137542247772217,False,0.08302982399861018,0.08302982399861018,0.054422014951705934,1.0,-0.032750844955444336,-0.011790759861469269,0.125,0.7216944856912151,0.9794117647058824,0.0,0.0,0.6375422477722168,1.4999999999999998,0.0,0.0
1758,"0,28,111,225,114","30332,5378,6156,28654,21415",lucrarea neck Pas festgelegtRAL,0.12051204641660054,2.148215651512146,False,0.07051204641660054,0.07051204641660054,0.048732370138168335,1.0,-0.03296431303024292,-0.012111984193325043,0.125,0.7561732437951859,0.9794117647058824,0.0,0.0,0.648215651512146,1.4999999999999998,0.0,0.0
1759,"118,169,41,43,31","2280,680,3852,25627,8221", km sie rep Exteriorimage,0.06533059254288674,2.148941008581055,False,0.029913925876220066,0.029913925876220066,0.0073688447475433365,0.7083333333333334,-0.04125477075576782,-0.013927710553010305,0.10416666666666667,0.8409319546255591,0.9529411764705882,0.0028691374593310904,0.0,1.062738537788391,1.0833333333333333,0.0,0.0
1760,"0,219,10,26,169","30332,25895,15854,15157,680",lucrareaflooded realm sporting sie,0.13430560926596324,2.16327179734599,False,0.08430560926596324,0.08430560926596324,0.05619567632675171,1.0,-0.03305518627166748,-0.008224815130233765,0.125,0.6926412613661687,0.9352941176470588,0.0,0.0,0.652759313583374,1.4999999999999998,0.010512483762616138,0.0
1761,"0,41,8,26,210","30332,3852,17682,15157,12182",lucrarea repSport sporting estim,0.13420185496409734,2.1706168154875436,False,0.08420185496409734,0.08420185496409734,0.05629159212112427,1.0,-0.02507900297641754,-0.007235693434874217,0.14583333333333334,0.7438643858156668,0.9705882352941176,0.0,0.0,0.25395014882087696,1.9166666666666667,0.0,0.0
1762,"44,122,94,215,152","15843,12759,18852,6520,19355", shaft beneathkaprib persoană,0.06423546026150387,2.1708661715189614,False,0.028398774564266205,0.02881879359483719,0.008069157600402832,0.7083333333333334,-0.0323498398065567,-0.013376250863075256,0.125,0.8501627490317998,0.9588235294117649,0.05337418119112647,0.0,0.6174919903278351,1.4999999999999998,0.0,0.0
1763,"231,205,185,26,90","21815,24903,15058,15157,23060", stained dispustient sporting răspunde,0.0714762846628825,2.1735994815826416,False,0.03605961799621582,0.03605961799621582,0.0153275728225708,0.7083333333333334,-0.033471989631652835,-0.014441790680090586,0.125,0.7747332485129743,0.95,0.0,0.0,0.6735994815826417,1.4999999999999998,0.0,0.0
1764,"3,37,185,67,221","22526,30396,15058,25300,23481", martialelectriquetient farther Ensemble,0.0668036013841629,2.189026706275486,False,0.03347026805082957,0.03347026805082957,0.011642742156982423,0.6666666666666666,-0.0411614865064621,-0.016762812932332356,0.10416666666666667,0.7867754958752929,0.9294117647058824,0.0,0.04761904761904761,1.0580743253231049,1.0833333333333333,0.0,0.0
1765,"149,112,41,26,169","18457,21711,3852,15157,680", varsta bilden rep sporting sie,0.08304893573125205,2.198823422193527,False,0.04554893573125204,0.04554893573125204,0.011893254518508912,0.75,-0.03397646844387055,-0.012464098632335663,0.125,0.7229803763316155,0.9558823529411766,0.0,0.0,0.6988234221935273,1.4999999999999998,0.0,0.0
1766,"184,200,186,67,169","20351,3404,10443,25300,680",üchtewareû farther sie,0.03600549300511678,2.2006412891168443,False,0.018830624719460804,0.019338826338450115,0.0008295118808746339,0.3333333333333333,-0.024423718452453613,-0.012972364823023478,0.10416666666666667,0.9135682187794065,0.9852941176470588,0.3723125093513065,0.5238095238095238,0.22118592262268064,1.0833333333333333,0.0,0.0
1767,"0,129,8,26,82","30332,17,17682,15157,16771",lucrareatSport sporting posture,0.14028513729572295,2.2102889716625214,False,0.09028513729572296,0.09028513729572296,0.058783030509948736,1.0,-0.03420577943325043,-0.007717142502466838,0.125,0.7479977766496184,0.9647058823529412,0.0,0.0,0.7102889716625214,1.4999999999999998,0.0,0.0
1768,"0,13,21,26,169","30332,28688,10089,15157,680",lucrarea piston Animal sporting sie,0.14966009110212325,2.2142524818579354,False,0.09966009110212326,0.09966009110212326,0.06466197371482849,1.0,-0.025951716303825378,-0.010125882923603058,0.14583333333333334,0.7069763291608334,0.9588235294117649,0.0,0.0,0.29758581519126887,1.9166666666666667,0.0,0.0
1769,"248,129,100,26,82","6148,17,14338,15157,16771", micit surroundings sporting posture,0.08652919779221217,2.223481516043345,False,0.0448625311255455,0.0448625311255455,0.015415042638778687,0.8333333333333334,-0.02613629698753357,-0.012385956943035126,0.14583333333333334,0.822387464885784,0.976470588235294,0.0,0.0,0.3068148493766784,1.9166666666666667,0.0,0.0
1770,"200,57,187,200,171","3404,23976,20719,3404,7184",ware déplacement apărutwareн,0.031018839776515962,2.2235479123062554,False,0.015986154476801556,0.01643550644318263,0.002995806932449341,0.2916666666666667,-0.021795061230659486,-0.011020317673683167,0.10416666666666667,0.8816600841220564,0.9794117647058824,0.4671281841066148,0.5833333333333333,0.08975306153297426,1.0833333333333333,0.0,0.0
1771,"24,119,168,167,198","29668,23662,15271,24594,3484", Crisis artistiqueoarăidiagra,0.05060802052418391,2.2299364280133016,False,0.024127043783664703,0.02560802052418391,-0.006870925426483154,0.5,-0.04163580536842346,-0.012531114121278128,0.08333333333333333,0.8875265211567567,0.9294117647058824,0.19576520721117652,0.28571428571428564,1.081790268421173,0.6666666666666665,0.0,0.0
1772,"118,135,48,136,58","2280,19890,27062,2824,28310", km pursu pantalon.... Illustration,0.09319875687360764,2.23705592751503,False,0.043198756873607635,0.043198756873607635,0.026146191358566283,1.0,-0.0347411185503006,-0.015226612488428751,0.125,0.8184071397304392,0.9588235294117649,0.0,0.0,0.7370559275150299,1.4999999999999998,0.0,0.0
1773,"0,93,151,39,76","30332,19486,1110,2951,26292",lucrarea vitesse seinches menschliche,0.12537482182184856,2.2403687536716457,False,0.07537482182184856,0.07537482182184856,0.05239379405975342,1.0,-0.03480737507343292,-0.009634504715601603,0.125,0.7375852966791849,0.988235294117647,0.0,0.0,0.740368753671646,1.4999999999999998,0.0,0.0
1774,"132,101,119,190,225","6889,10176,23662,11733,28654", ihm Mach artistiqueusion festgelegt,0.038792323072751364,2.242156834829421,False,0.021152161061763763,0.022125656406084698,-0.004793143272399901,0.3333333333333333,-0.02680172026157379,-0.0123037522037824,0.10416666666666667,0.8572116435201462,0.9647058823529412,0.2949279646078745,0.5238095238095238,0.3400860130786895,1.0833333333333333,0.0,0.0
1775,"77,200,20,26,76","6177,3404,16297,15157,26292", tieware Graphic sporting menschliche,0.08952877670526505,2.2480474710464478,False,0.04786211003859838,0.04786211003859838,0.013885289430618286,0.8333333333333334,-0.034960949420928956,-0.013364983101685842,0.125,0.7371678588627922,0.9441176470588234,0.0,0.0,0.7480474710464478,1.4999999999999998,0.0,0.0
1776,"1,1,16,137,125","22665,22665,20538,5218,19020",picturedpictured trageerii humaine,0.08515498737494151,2.255064527193705,False,0.041404987374941506,0.041404987374941506,0.020298904180526735,0.875,-0.02676795721054077,-0.01413236806790034,0.14583333333333334,0.7495077467983376,0.976470588235294,0.0,0.0,0.3383978605270385,1.9166666666666667,0.0,0.0
1777,"104,133,185,26,60","15091,121,15058,15157,4091","spieler""tient sporting rear",0.07985093047221503,2.2596091330051418,False,0.04235093047221502,0.04235093047221502,0.011900603771209717,0.75,-0.03519218266010284,-0.01573362449804942,0.125,0.8160833665310122,0.961764705882353,0.0,0.0,0.7596091330051421,1.4999999999999998,0.0,0.0
1778,"118,169,100,133,102","2280,680,14338,121,26182"," km sie surroundings"" correspondant",0.07144670436779657,2.267512044736317,False,0.04019670436779658,0.04019670436779658,0.012975955009460449,0.625,-0.0332073837518692,-0.014374089737733206,0.125,0.7744706517209314,0.9411764705882352,0.0,0.10714285714285708,0.6603691875934599,1.4999999999999998,0.0,0.0
1779,"0,12,94,26,31","30332,12337,18852,15157,8221",lucrarea mobilitykap sportingimage,0.13700456470251082,2.269480804602305,False,0.08700456470251083,0.08700456470251083,0.072346431016922,1.0,-0.027056282758712767,-0.007013864815235138,0.14583333333333334,0.7382065133112722,0.9794117647058824,0.0,0.0,0.3528141379356383,1.9166666666666667,0.0,0.0
1780,"50,101,186,77,78","21100,10176,10443,6177,20961", Coupe Machû tieKING,0.07182354132334393,2.2709770301977796,False,0.036406874656677246,0.036406874656677246,0.011157280206680298,0.7083333333333334,-0.027086207270622255,-0.01160666843255361,0.14583333333333334,0.7911485583845218,0.9147058823529413,0.0,0.0,0.3543103635311127,1.9166666666666667,0.0,0.0
1781,"0,122,100,165,184","30332,12759,14338,13114,20351",lucrarea beneath surroundings->üchte,0.12032343248526256,2.2769558727741237,False,0.07032343248526256,0.07032343248526256,0.04671885967254639,1.0,-0.03553911745548248,-0.008848177889982859,0.125,0.7588945400631082,0.9558823529411766,0.0,0.0,0.7769558727741239,1.4999999999999998,0.0,0.0
1782,"118,169,41,26,153","2280,680,3852,15157,23158", km sie rep sporting pierdere,0.08294966121514638,2.2776906490325928,False,0.04336632788181305,0.04336632788181305,0.012374448776245118,0.7916666666666666,-0.035553812980651855,-0.014721704026063284,0.125,0.7902801827494594,0.9529411764705882,0.0,0.0,0.7776906490325928,1.4999999999999998,0.0,0.0
1783,"55,122,238,62,171","13775,12759,12740,23226,7184", Führung beneathvolu imobilн,0.07677062352498373,2.280438373486201,False,0.03449151416619619,0.035103956858317055,0.0022176623344421407,0.8333333333333334,-0.027275434136390685,-0.014387493332227072,0.14583333333333334,0.8298891497274883,0.9441176470588234,0.0,0.0,0.3637717068195342,1.9166666666666667,0.0,0.0
1784,"141,189,64,78,42","25205,10646,30828,20961,13483",izezetialDOWNKING underneath,0.06723688443501791,2.2864986757437387,False,0.031820217768351235,0.031820217768351235,0.011067217588424683,0.7083333333333334,-0.02739664018154144,-0.015176676213741302,0.14583333333333334,0.8562723312443175,0.9823529411764707,0.0,0.0,0.36983200907707203,1.9166666666666667,0.0,0.0
1785,"143,39,84,10,217","9031,2951,24023,15854,15296",ighches LORD realmITY,0.0805216724673907,2.2880007127920785,False,0.036771672467390694,0.036771672467390694,0.01920543909072876,0.875,-0.02742668092250824,-0.015411414206027985,0.14583333333333334,0.8199943760134426,0.9823529411764707,0.0,0.0,0.3713340461254119,1.9166666666666667,0.0,0.0
1786,"0,123,187,26,169","30332,22250,20719,15157,680",lucrarea papa apărut sporting sie,0.13281187961498897,2.293515795239158,False,0.08281187961498897,0.08281187961498897,0.058124005794525146,1.0,-0.035681295394897464,-0.012360533078511557,0.125,0.6933842821540007,0.9588235294117649,0.0,0.0,0.7840647697448732,1.4999999999999998,0.009451025494284624,0.0
1787,"158,169,41,147,152","17319,680,3852,18956,19355",enţă sie reprius persoană,0.04654418751597404,2.2961172071241194,False,0.021437209099531174,0.023627520849307377,0.0008748769760131849,0.4583333333333333,-0.02330905497074127,-0.013555039962132772,0.125,0.853249612144847,0.9470588235294116,0.2854263633489609,0.34523809523809523,0.16545274853706354,1.4999999999999998,0.0,0.0
1788,"118,13,35,26,169","2280,28688,14797,15157,680", km pistongraphic sporting sie,0.0774748389919599,2.3023595213890076,False,0.04205817232529322,0.04205817232529322,0.01022513508796692,0.7083333333333334,-0.03604719042778015,-0.012396742900212606,0.125,0.8017054588716844,0.9382352941176471,0.0,0.0,0.8023595213890076,1.4999999999999998,0.0,0.0
1789,"0,13,99,26,159","30332,28688,7693,15157,3077",lucrarea piston graphic sportingige,0.1400954008102417,2.303006629149119,False,0.0900954008102417,0.0900954008102417,0.059116029739379884,1.0,-0.027726799249649048,-0.006799963613351186,0.14583333333333334,0.7217407990584184,0.95,0.0,0.0,0.38633996248245234,1.9166666666666667,0.0,0.0
1790,"133,169,188,39,169","121,680,29904,2951,680",""" sieweiligeches sie",0.039744978149731956,2.308065392195232,False,0.01863956203063329,0.01891164481639862,-0.0010207116603851317,0.4166666666666667,-0.028825777769088744,-0.013813083370526632,0.10416666666666667,0.8864138425096967,0.9705882352941176,0.378681265645557,0.4047619047619047,0.4412888884544372,1.0833333333333333,0.0,0.0
1791,"0,186,100,99,184","30332,10443,14338,7693,20351",lucrareaû surroundings graphicüchte,0.11311634679635366,2.3119959036509194,False,0.06311634679635365,0.06311634679635365,0.04285953044891357,1.0,-0.027906584739685058,-0.011394672095775604,0.14583333333333334,0.7954012061390221,0.9588235294117649,0.0,0.0,0.3953292369842529,1.9166666666666667,0.0,0.0
1792,"168,165,120,179,19","15271,13114,11930,3997,6217",oară-> scrollcht legs,0.06134108453989029,2.3208413634981424,False,0.03009108453989029,0.03009108453989029,0.01256958842277527,0.625,-0.034273970127105716,-0.015659975508848827,0.125,0.8518341212652225,0.9735294117647059,0.0,0.10714285714285708,0.7136985063552858,1.4999999999999998,0.0,0.0
1793,"14,31,64,133,159","6661,8221,30828,121,3077","sportimageDOWN""ige",0.08155875951051711,2.3355415761470795,False,0.041975426177183785,0.041975426177183785,0.011697071790695191,0.7916666666666666,-0.03671083152294159,-0.013589635491371155,0.125,0.8319073318923187,0.95,0.0,0.0,0.8355415761470796,1.4999999999999998,0.0,0.0
1794,"200,223,57,78,125","3404,23346,23976,20961,19020",wareEQ déplacementKING humaine,0.0637348418434461,2.34074678165572,False,0.0324848418434461,0.0324848418434461,0.009196221828460695,0.625,-0.03467207849025726,-0.011756869653860727,0.125,0.76726120422628,0.9676470588235294,0.0,0.10714285714285708,0.7336039245128629,1.4999999999999998,0.0,0.0
1795,"170,247,48,77,138","13602,12327,27062,6177,9518",ffenregarded pantalon tie oferit,0.07408601890007654,2.3543374041716256,False,0.03655871500571569,0.036586018900076546,0.017203366756439208,0.75,-0.028753414750099182,-0.011453380187352499,0.14583333333333334,0.8291414204139905,0.9352941176470588,0.0,0.0,0.43767073750495905,1.9166666666666667,0.0,0.0
1796,"0,129,8,26,191","30332,17,17682,15157,20041",lucrareatSport sportingieni,0.1342983697851499,2.366451799869537,False,0.08429836978514989,0.08429836978514989,0.05623025894165039,1.0,-0.03732903599739074,-0.005731267233689626,0.125,0.7535678853231628,0.9205882352941176,0.0,0.0,0.8664517998695371,1.4999999999999998,0.0,0.0
1797,"200,136,100,5,78","3404,2824,14338,2426,20961",ware.... surroundings movementKING,0.08602357308069866,2.367179274559021,False,0.04019023974736532,0.04019023974736532,0.024352496862411498,0.9166666666666666,-0.03734358549118042,-0.015290357172489166,0.125,0.7997819103538395,0.961764705882353,0.0,0.0,0.867179274559021,1.4999999999999998,0.0,0.0
1798,"5,51,35,38,179","2426,30250,14797,25012,3997", movement thumbnailgraphic captioncht,0.08691995789607367,2.3683043122291565,False,0.04316995789607366,0.04316995789607366,0.018023455142974855,0.875,-0.03736608624458313,-0.015821091830730438,0.125,0.7692511352371163,0.9529411764705882,0.0,0.0,0.8683043122291565,1.4999999999999998,0.0,0.0
1799,"0,35,35,26,231","30332,14797,14797,15157,21815",lucrareagraphicgraphic sporting stained,0.13023590594530104,2.3758986393610635,False,0.08023590594530106,0.08023590594530106,0.05621092319488526,1.0,-0.02918463945388794,-0.007137209177017212,0.14583333333333334,0.7491218020716433,0.9647058823529412,0.0,0.0,0.4592319726943969,1.9166666666666667,0.0,0.0
1800,"39,169,122,186,78","2951,680,12759,10443,20961",ches sie beneathûKING,0.05898773670196533,2.3780319804237,False,0.027737736701965332,0.027737736701965332,0.008645766973495485,0.625,-0.03390960693359375,-0.012773334980010986,0.125,0.8483106774773387,0.9823529411764707,0.07540877660115557,0.10714285714285708,0.6954803466796876,1.4999999999999998,0.0,0.0
1801,"174,136,94,26,159","6031,2824,18852,15157,3077",tting....kap sportingige,0.08797860592603685,2.3984093765417733,False,0.044228605926036835,0.044228605926036835,0.01797752380371094,0.875,-0.029634854197502135,-0.011785497268040976,0.14583333333333334,0.8182724450208229,0.9676470588235294,0.0,0.0,0.4817427098751067,1.9166666666666667,0.0,0.0
1802,"14,149,187,26,184","6661,18457,20719,15157,20351",sport varsta apărut sportingüchte,0.0815655474861463,2.4011394679546356,False,0.04406554748614629,0.04406554748614629,0.012530779838562012,0.75,-0.038022789359092715,-0.014702565968036652,0.125,0.7670513274839036,0.9558823529411766,0.0,0.0,0.9011394679546357,1.4999999999999998,0.0,0.0
1803,"0,133,74,16,158","30332,121,9633,20538,17319","lucrarea"" bitte trageenţă",0.11839872896671295,2.4023127357165017,False,0.06839872896671295,0.06839872896671295,0.04227399826049805,1.0,-0.029712921380996703,-0.013894940416018168,0.14583333333333334,0.7523757020624037,0.9823529411764707,0.0,0.0,0.4856460690498351,1.9166666666666667,0.0,0.0
1804,"231,169,8,134,45","21815,680,17682,28448,25231", stained sieSport senzatiffentlichkeit,0.06699616611003877,2.4044882059097286,False,0.03157949944337209,0.03157949944337209,0.01096886396408081,0.7083333333333334,-0.03808976411819458,-0.014952138066291809,0.125,0.800629367784715,0.9441176470588234,0.0,0.0,0.9044882059097288,1.4999999999999998,0.0,0.0
1805,"113,129,94,39,45","25107,17,18852,2951,25231", Merrytkapchesffentlichkeit,0.0412152315179507,2.407713492238332,False,0.022465231517950695,0.022465231517950695,0.0075014889240264905,0.375,-0.04051204323768615,-0.01305592805147171,0.08333333333333333,0.829713236121061,0.9705882352941176,0.25115894940164346,0.46428571428571425,1.0256021618843076,0.6666666666666665,0.0,0.0
1806,"213,65,199,14,74","73,22276,11171,6661,9633", unrijmatessport bitte,0.07116379042466481,2.4155929514339993,False,0.03783045709133148,0.03783045709133148,0.013188982009887695,0.6666666666666666,-0.0290261447429657,-0.015618324279785156,0.14583333333333334,0.8740397598713662,0.9558823529411766,0.0,0.04761904761904761,0.45130723714828497,1.9166666666666667,0.0,0.0
1807,"110,31,78,77,153","24243,8221,20961,6177,23158", événementsimageKING tie pierdere,0.06085817764202754,2.430486617580293,False,0.029608177642027538,0.029608177642027538,0.012226670980453491,0.625,-0.027872326970100402,-0.012455505629380545,0.14583333333333334,0.8069076078427982,0.95,0.01306074526574869,0.10714285714285708,0.3936163485050201,1.9166666666666667,0.0,0.0
1808,"21,189,8,26,90","10089,10646,17682,15157,23060", AnimaltialSport sporting răspunde,0.11087304999430975,2.4319533308347063,False,0.06503971666097641,0.06503971666097641,0.024248033761978153,0.9166666666666666,-0.046972399950027464,-0.013821239272753397,0.10416666666666667,0.8227595927912627,0.9411764705882352,0.0,0.0,1.348619997501373,1.0833333333333333,0.0,0.0
1809,"69,122,122,62,159","22208,12759,12759,23226,3077", déplac beneath beneath imobilige,0.07030860980351766,2.432900796333949,False,0.03489194313685099,0.03489194313685099,0.015199750661849976,0.7083333333333334,-0.030324682593345642,-0.013284412523110708,0.14583333333333334,0.8170929207470995,0.9647058823529412,0.0,0.0,0.5162341296672821,1.9166666666666667,0.0,0.0
1810,"175,13,35,26,158","21379,28688,14797,15157,17319",çant pistongraphic sportingenţă,0.0780575012167295,2.4485189020633693,False,0.040299586951732635,0.040557501216729484,0.010776853561401368,0.75,-0.03897037804126739,-0.014107053478558859,0.125,0.8352395014736528,0.95,0.0,0.0,0.9485189020633695,1.4999999999999998,0.0,0.0
1811,"0,129,77,26,115","30332,17,6177,15157,29508",lucrareat tie sporting pantofi,0.1358554517229398,2.4632756070430744,False,0.0858554517229398,0.0858554517229398,0.061625313758850095,1.0,-0.030603298544883726,-0.008315068980058035,0.14583333333333334,0.688489190807445,0.9588235294117649,0.0,0.0,0.5301649272441863,1.9166666666666667,0.016444013132221404,0.0
1812,"0,38,157,69,184","30332,25012,27499,22208,20351",lucrarea captionizant déplacüchte,0.11531947354475658,2.4741053382555647,False,0.06531947354475658,0.06531947354475658,0.042894840240478516,1.0,-0.031148773431777955,-0.013519428670406342,0.14583333333333334,0.7418441967382576,0.9411764705882352,0.0,0.0,0.5574386715888977,1.9166666666666667,0.0,0.0
1813,"1,191,163,51,163","22665,20041,13147,30250,13147",picturedieninehm thumbnailnehm,0.07441481500864028,2.4782993197441097,False,0.034831481675306954,0.034831481675306954,0.01869797706604004,0.7916666666666666,-0.0395659863948822,-0.018890122572580974,0.125,0.8309080438059615,0.9705882352941176,0.0,0.0,0.97829931974411,1.4999999999999998,0.0,0.0
1814,"178,57,18,62,142","30831,23976,12487,23226,3416",Totusi déplacement adjacent imobil €,0.0565031498670578,2.495969815386666,False,0.027336483200391132,0.027336483200391132,0.009744226932525635,0.5833333333333334,-0.03481038510799408,-0.016726141174634297,0.125,0.8857020060557815,0.9852941176470588,0.08878389332029556,0.16666666666666657,0.7405192553997039,1.4999999999999998,0.0,0.0
1815,"149,247,100,28,31","18457,12327,14338,5378,8221", varstaregarded surroundings neckimage,0.06644831001758576,2.5056449373563128,False,0.031031643350919087,0.031031643350919087,0.009662163257598878,0.7083333333333334,-0.04844623208045959,-0.02002887676159541,0.10416666666666667,0.8076014592724494,0.961764705882353,0.0,0.0,1.4223116040229795,1.0833333333333333,0.0,0.0
1816,"81,22,100,62,203","1722,17088,14338,23226,7889", physical Behind surroundings imobil assembly,0.07758338004350662,2.507830987373988,False,0.03591671337683996,0.03591671337683996,0.012652695178985596,0.8333333333333334,-0.031823286414146425,-0.01765309025843938,0.14583333333333334,0.802859510793446,0.9705882352941176,0.0,0.0,0.5911643207073212,1.9166666666666667,0.0,0.0
1817,"0,133,35,26,31","30332,121,14797,15157,8221","lucrarea""graphic sportingimage",0.1341735079884529,2.5107602576414747,False,0.08417350798845291,0.08417350798845291,0.05973292589187622,1.0,-0.03188187181949616,-0.008018409212430319,0.14583333333333334,0.7367069636701739,0.9705882352941176,0.0,0.0,0.5940935909748079,1.9166666666666667,0.0,0.0
1818,"83,136,0,5,131","7383,2824,30332,2426,30173", Front....lucrarea movement machiaj,0.12476152976353963,2.5176732043425245,False,0.07476152976353963,0.07476152976353963,0.053888583183288576,1.0,-0.03202013075351715,-0.009082389374574026,0.14583333333333334,0.7658347525164175,0.9705882352941176,0.0,0.0,0.6010065376758575,1.9166666666666667,0.0,0.0
1819,"0,219,87,166,169","30332,25895,330,31468,680",lucrareaflooded pas ingrijire sie,0.12603756338357924,2.5179034272829695,False,0.07603756338357925,0.07603756338357925,0.04756366014480591,1.0,-0.03202473521232605,-0.010965178410212198,0.14583333333333334,0.7688628748420617,0.9705882352941176,0.0,0.0,0.6012367606163025,1.9166666666666667,0.0,0.0
1820,"0,86,186,62,184","30332,16233,10443,23226,20351",lucrarea Crewû imobilüchte,0.12310265551010768,2.5193975667158766,False,0.07310265551010768,0.07310265551010768,0.04415156245231629,1.0,-0.03205461800098419,-0.012208943565686544,0.14583333333333334,0.7414931414148563,0.9470588235294116,0.0,0.0,0.6027309000492096,1.9166666666666667,0.0,0.0
1821,"0,41,35,165,31","30332,3852,14797,13114,8221",lucrarea repgraphic->image,0.12505134989817937,2.5215011636416116,False,0.07505134989817937,0.07505134989817937,0.06193046569824219,1.0,-0.0320966899394989,-0.01034316917260488,0.14583333333333334,0.7390922564590359,0.976470588235294,0.0,0.0,0.604834496974945,1.9166666666666667,0.0,0.0
1822,"118,31,122,246,159","2280,8221,12759,728,3077", kmimage beneath onceige,0.05294527014096578,2.5259647672138517,False,0.02794527014096578,0.02794527014096578,0.012193232774734497,0.5,-0.03343518972396851,-0.011011684934298197,0.125,0.8482669885342768,0.976470588235294,0.06849099530114068,0.28571428571428564,0.6717594861984253,1.4999999999999998,0.0,0.0
1823,"231,169,41,146,180","21815,680,3852,20352,31797", stained sie rep cuirscrisă,0.05428398077686628,2.530272694097625,False,0.02511731411019961,0.02511731411019961,0.0063951373100280765,0.5833333333333334,-0.03401699662208557,-0.012771735588709513,0.125,0.818746693900985,0.9735294117647059,0.1627561963266796,0.16666666666666657,0.7008498311042786,1.4999999999999998,0.0,0.0
1824,"178,99,184,48,199","30831,7693,20351,27062,11171",Totusi graphicüchte pantalonmates,0.08857805629571279,2.531088868776957,False,0.04066138962904612,0.04066138962904612,0.02516196370124817,0.9583333333333334,-0.03228844404220581,-0.014831016461054483,0.14583333333333334,0.7947017199163612,0.9794117647058824,0.0,0.0,0.6144222021102903,1.9166666666666667,0.0,0.0
1825,"21,128,186,147,54","10089,96,10443,18956,7818"," Animal ""ûriusroc",0.0704732358455658,2.5328723419280275,False,0.03713990251223246,0.03713990251223246,0.013605356216430664,0.6666666666666666,-0.02303839921951294,-0.014543605347474417,0.16666666666666666,0.8590258153024459,0.961764705882353,0.0,0.04761904761904761,0.15191996097564697,2.333333333333333,0.0,0.0
1826,"49,133,157,26,169","26851,121,27499,15157,680"," représentant""izant sporting sie",0.07830027788877486,2.537222335735957,False,0.038716944555441536,0.038716944555441536,0.014166426658630372,0.7916666666666666,-0.0324111133813858,-0.013271460930506388,0.14583333333333334,0.7363989025893263,0.9264705882352942,0.0,0.0,0.6205556690692902,1.9166666666666667,0.0,0.0
1827,"231,12,94,200,31","21815,12337,18852,3404,8221", stained mobilitykapwareimage,0.05892917265494664,2.537469338803064,False,0.027457818388938904,0.027679172654946644,0.004538995027542115,0.625,-0.04524507522583008,-0.016927892963091534,0.10416666666666667,0.8266868891411595,0.9558823529411766,0.08473938703536985,0.10714285714285708,1.262253761291504,1.0833333333333333,0.0,0.0
1828,"0,169,188,44,169","30332,680,29904,15843,680",lucrarea sieweilige shaft sie,0.11838025649388631,2.544995129108429,False,0.06838025649388631,0.06838025649388631,0.03507670760154724,1.0,-0.04089990258216858,-0.013298273086547852,0.125,0.7344015614397374,0.9705882352941176,0.0,0.0,1.044995129108429,1.4999999999999998,0.0,0.0
1829,"163,232,238,78,114","13147,7578,12740,20961,21415",nehmeticvoluKINGRAL,0.04274805014332136,2.555721937900498,False,0.021914716809988022,0.021914716809988022,0.0032582372426986695,0.4166666666666667,-0.027629011869430543,-0.01154470443725586,0.125,0.8516396823119139,0.9411764705882352,0.2695094396670659,0.4047619047619047,0.38145059347152716,1.4999999999999998,0.0,0.0
1830,"170,12,46,133,31","13602,12337,18927,121,8221","ffen mobility rar""image",0.08121489733457565,2.558424601952235,False,0.03954823066790899,0.03954823066790899,0.015014779567718507,0.8333333333333334,-0.03283515870571137,-0.01622820645570755,0.14583333333333334,0.7996797893791562,0.976470588235294,0.0,0.0,0.6417579352855683,1.9166666666666667,0.0,0.0
1831,"174,247,8,14,54","6031,12327,17682,6661,7818",ttingregardedSportsportroc,0.06861729125181834,2.5661222466400693,False,0.03528395791848501,0.03528395791848501,0.0173448383808136,0.6666666666666666,-0.0320367306470871,-0.015785574913024902,0.14583333333333334,0.81969766170756,0.9558823529411766,0.0,0.04761904761904761,0.6018365323543549,1.9166666666666667,0.0,0.0
1832,"0,129,100,26,251","30332,17,14338,15157,694",lucrareat surroundings sporting fun,0.13486699809630712,2.5677749315897627,False,0.08486699809630711,0.08486699809630711,0.058401179313659665,1.0,-0.033022165298461914,-0.008203687767187754,0.14583333333333334,0.7648319137385747,0.9676470588235294,0.0,0.0,0.6511082649230957,1.9166666666666667,0.0,0.0
1833,"6,1,226,95,217","21014,22665,20736,3169,15296", sportivpicturedesel troubleITY,0.0959852268298467,2.5750675598780317,False,0.0459852268298467,0.0459852268298467,0.025507330894470215,1.0,-0.033168017864227295,-0.014941883583863577,0.14583333333333334,0.7958664239125796,0.976470588235294,0.0,0.0,0.6584008932113647,1.9166666666666667,0.0,0.0
1834,"199,136,186,247,191","11171,2824,10443,12327,20041",mates....ûregardedieni,0.05146984408299128,2.579095701849649,False,0.026131955285867054,0.026469844082991283,0.002918660640716555,0.5,-0.03328893184661865,-0.01317036896944046,0.125,0.8845307409992094,0.976470588235294,0.1289348238044315,0.28571428571428564,0.6644465923309325,1.4999999999999998,0.0,0.0
1835,"0,129,93,169,6","30332,17,19486,680,21014",lucrareat vitesse sie sportiv,0.13480775107940038,2.5821181933085127,False,0.08480775107940038,0.08480775107940038,0.0600300133228302,1.0,-0.03330903053283692,-0.010891353090604147,0.14583333333333334,0.7513145856308301,0.9382352941176471,0.0,0.0,0.6654515266418458,1.9166666666666667,0.0,0.0
1836,"118,186,157,147,62","2280,10443,27499,18956,23226", kmûizantrius imobil,0.044696034987767544,2.584902414726832,False,0.021413495143254597,0.021779368321100872,0.001221442222595215,0.4583333333333333,-0.029068949818611144,-0.016033940017223358,0.125,0.8570568796847419,0.9823529411764707,0.2862168285581801,0.34523809523809523,0.4534474909305572,1.4999999999999998,0.0,0.0
1837,"66,129,151,161,248","1041,17,1110,7890,6148", actiont seinintérieur mici,0.07059669916828473,2.58687166372935,False,0.0310133658349514,0.0310133658349514,0.009890192747116089,0.7916666666666666,-0.033404099941253665,-0.0149802565574646,0.14583333333333334,0.831475768498929,0.9735294117647059,0.0,0.0,0.6702049970626832,1.9166666666666667,0.0,0.0
1838,"118,133,157,238,58","2280,121,27499,12740,28310"," km""izantvolu Illustration",0.05605160444974899,2.5924301360334665,False,0.024801604449748993,0.024801604449748993,0.01133407950401306,0.625,-0.03624014854431152,-0.014048218727111816,0.125,0.8540885787917352,0.9588235294117649,0.17327985167503354,0.10714285714285708,0.812007427215576,1.4999999999999998,0.0,0.0
1839,"0,133,100,219,169","30332,121,14338,25895,680","lucrarea"" surroundingsflooded sie",0.1219971314072609,2.6015926698843637,False,0.07408046474059422,0.07408046474059422,0.0381705105304718,0.9583333333333334,-0.03369852006435394,-0.011614064375559488,0.14583333333333334,0.7568425491402193,0.9470588235294116,0.0,0.0,0.684926003217697,1.9166666666666667,0.0,0.0
1840,"0,133,74,26,153","30332,121,9633,15157,23158","lucrarea"" bitte sporting pierdere",0.1250167394677798,2.602405279874801,False,0.0750167394677798,0.0750167394677798,0.04922454953193665,1.0,-0.04204810559749603,-0.012264981865882874,0.125,0.7528325062409192,0.9323529411764706,0.0,0.0,1.1024052798748014,1.4999999999999998,0.0,0.0
1841,"51,27,171,140,119","30250,2600,7184,24800,23662", thumbnail sportнaparut artistique,0.09043264538049697,2.610660622517268,False,0.04459931204716364,0.04459931204716364,0.022805410623550418,0.9166666666666666,-0.03387987911701203,-0.012907457848389944,0.14583333333333334,0.760025203734432,0.9647058823529412,0.0,0.0,0.6939939558506013,1.9166666666666667,0.0,0.0
1842,"71,186,188,200,191","25688,10443,29904,3404,20041", correspondentûweiligewareieni,0.022072103371222812,2.612312910339189,False,0.00976861889163653,0.01373877003788948,-0.013114881515502929,0.16666666666666666,-0.021853908896446228,-0.010882566372553507,0.10416666666666667,0.9094849235709799,0.9411764705882352,0.6743793702787824,0.761904761904762,0.09269544482231137,1.0833333333333333,0.0,0.0
1843,"30,171,107,28,171","22706,7184,798,5378,7184",mogн moment neckн,0.06719220578670503,2.6178706487019854,False,0.03166824330886205,0.03177553912003835,0.009655523300170898,0.7083333333333334,-0.025690746307373048,-0.016844987869262695,0.16666666666666666,0.830859183203562,0.976470588235294,0.0,0.0,0.28453731536865234,2.333333333333333,0.0,0.0
1844,"118,200,157,229,159","2280,3404,27499,3147,3077", kmwareizant 300ige,0.03769326557715734,2.6184277614903824,False,0.020884710053602856,0.021026598910490673,0.006166774034500122,0.3333333333333333,-0.025815504789352416,-0.013827535013357798,0.125,0.8773813465040317,0.9588235294117649,0.3038429982132381,0.5238095238095238,0.2907752394676208,1.4999999999999998,0.0,0.0
1845,"199,35,11,27,134","11171,14797,9161,2600,28448",matesgraphic bro sport senzati,0.08545735776424407,2.6270834902922315,False,0.045874024430910744,0.045874024430910744,0.017264002561569215,0.7916666666666666,-0.03420833647251129,-0.01433226466178894,0.14583333333333334,0.7886194625904934,0.9235294117647058,0.0,0.0,0.7104168236255646,1.9166666666666667,0.0,0.0
1846,"14,118,94,203,245","6661,2280,18852,7889,23156",sport kmkap assemblyceşti,0.07639146198829017,2.6399742861588793,False,0.03867604583501816,0.03889146198829015,0.012191736698150634,0.75,-0.026132819056510926,-0.014031951626141867,0.16666666666666666,0.7759723626524994,0.961764705882353,0.0,0.0,0.30664095282554626,2.333333333333333,0.0,0.0
1847,"0,247,105,90,254","30332,12327,10924,23060,28995",lucrarearegardedissent răspundefreiheit,0.10308957993984222,2.6509962280591326,False,0.05725624660650889,0.05725624660650889,0.024121540784835818,0.9166666666666666,-0.02635325789451599,-0.013833132882912954,0.16666666666666666,0.7622849101092277,0.9529411764705882,0.0,0.0,0.3176628947257995,2.333333333333333,0.0,0.0
1848,"200,4,135,54,46","3404,1817,19890,7818,18927",ware mis pursuroc rar,0.07005936553080877,2.6544673542181654,False,0.0346426988641421,0.0346426988641421,0.015774625539779662,0.7083333333333334,-0.03475601375102997,-0.012748323380947113,0.14583333333333334,0.8450263650421147,0.9558823529411766,0.0,0.0,0.7378006875514984,1.9166666666666667,0.0,0.0
1849,"40,89,185,147,183","18132,14303,15058,18956,23", Vorstandambatientriusi,0.04933197498321533,2.6553613798958917,False,0.02612721174955368,0.026415308316548664,0.004577040672302246,0.4583333333333333,-0.02528727352619171,-0.011827290058135986,0.14583333333333334,0.8655239666657996,0.9088235294117648,0.12909294168154395,0.34523809523809523,0.2643636763095855,1.9166666666666667,0.0,0.0
1850,"128,31,203,34,194","96,8221,7889,19867,23078"," ""image assemblyrasipolitischen",0.06350376208623251,2.6585321738606407,False,0.032253762086232506,0.032253762086232506,0.008444130420684814,0.625,-0.03269445300102234,-0.01758090655008952,0.14583333333333334,0.7998698285625805,0.9264705882352942,0.0,0.10714285714285708,0.6347226500511169,1.9166666666666667,0.0,0.0
1851,"0,23,7,26,158","30332,31052,6298,15157,17319",lucrarea pasageri Image sportingenţă,0.13657414466142653,2.6631330467578342,False,0.08657414466142654,0.08657414466142654,0.054147541522979736,1.0,-0.034883779287338254,-0.010312249263127645,0.14583333333333334,0.6984058089930216,0.9676470588235294,0.0,0.0,0.7441889643669126,1.9166666666666667,0.0022774157242547565,0.0
1852,"109,27,181,77,124","12922,2600,27940,6177,28387",kett sport societati tie ressenti,0.09218964129686355,2.675679306189219,False,0.04635630796353022,0.04635630796353022,0.020853078365325926,0.9166666666666666,-0.03518025279045105,-0.015369313458601633,0.14583333333333334,0.7614430874713619,0.9852941176470588,0.0,0.0,0.7590126395225523,1.9166666666666667,0.0,0.0
1853,"80,57,41,191,28","8787,23976,3852,20041,5378", Abs déplacement repieni neck,0.06231288065512975,2.679531269130252,False,0.028979547321796417,0.028979547321796417,0.012523871660232545,0.6666666666666666,-0.02529127597808838,-0.014821648597717285,0.16666666666666666,0.8640672568893643,0.9676470588235294,0.034015089273452724,0.04761904761904761,0.26456379890441895,2.333333333333333,0.0,0.0
1854,"231,200,0,28,172","21815,3404,30332,5378,13910", stainedwarelucrarea necklebt,0.12037992030382157,2.6848919490973153,False,0.07037992030382156,0.07037992030382156,0.05204055905342102,1.0,-0.03536450564861297,-0.012715756893157959,0.14583333333333334,0.7347777803593192,0.9647058823529412,0.0,0.0,0.7682252824306486,1.9166666666666667,0.0,0.0
1855,"198,111,100,26,82","3484,6156,14338,15157,16771",gra Pas surroundings sporting posture,0.08922423670689265,2.6942706902821856,False,0.04755757004022598,0.04755757004022598,0.017804491519927978,0.8333333333333334,-0.02721874713897705,-0.01625802367925644,0.16666666666666666,0.7926497289934724,0.9705882352941176,0.0,0.0,0.3609373569488525,2.333333333333333,0.0,0.0
1856,"0,189,24,210,66","30332,10646,29668,12182,1041",lucrareatial Crisis estim action,0.12421443859736125,2.6950125197569528,False,0.07421443859736125,0.07421443859736125,0.03380393385887146,1.0,-0.035566917061805724,-0.012487071255842844,0.14583333333333334,0.7831494679790537,0.9235294117647058,0.0,0.0,0.7783458530902861,1.9166666666666667,0.0,0.0
1857,"118,169,43,121,63","2280,680,25627,803,23832", km sie Exterior friends Regal,0.08986593186855316,2.7004907826582594,False,0.044032598535219826,0.044032598535219826,0.020549005270004275,0.9166666666666666,-0.03567648231983185,-0.019865165154139202,0.14583333333333334,0.7689389059532206,0.9529411764705882,0.0,0.0,0.7838241159915925,1.9166666666666667,0.0,0.0
1858,"196,35,164,147,153","20202,14797,6303,18956,23158",",000.graphicitatirius pierdere",0.04766988158226013,2.7041262459187276,False,0.022669881582260132,0.022669881582260132,0.007341903448104859,0.5,-0.03348149359226227,-0.014537858466307322,0.125,0.8349254196550688,0.9676470588235294,0.24433728059132892,0.28571428571428564,0.6740746796131134,1.4999999999999998,0.0,0.0
1859,"83,228,170,247,142","7383,4408,13602,12327,3416", Front accordffenregarded €,0.0305838147799174,2.706806680985859,False,0.013135313987731934,0.013917148113250732,-0.0030759960412979127,0.3333333333333333,-0.030750152468681336,-0.0131819819410642,0.10416666666666667,0.8997537132321073,0.9794117647058824,0.5621562004089355,0.5238095238095238,0.5375076234340668,1.0833333333333333,0.0,0.0
1860,"0,129,100,253,169","30332,17,14338,31728,680",lucrareat surroundings ultraviolet sie,0.1290479431549708,2.7095235685507455,False,0.07904794315497081,0.07904794315497081,0.05081329941749573,1.0,-0.03585713803768158,-0.016726637880007427,0.14583333333333334,0.7260307290735173,0.961764705882353,0.0,0.0,0.7928569018840788,1.9166666666666667,0.0,0.0
1861,"0,73,0,77,31","30332,9472,30332,6177,8221",lucrarea problèmelucrarea tieimage,0.14871969123681386,2.7126793712542034,False,0.09871969123681386,0.09871969123681386,0.07472074031829834,1.0,-0.04323335886001587,-0.009890188773473104,0.125,0.6642920002226129,0.95,0.0,0.0,1.1616679430007935,1.4999999999999998,0.051011428253410054,0.0
1862,"0,169,74,26,31","30332,680,9633,15157,8221",lucrarea sie bitte sportingimage,0.1308109740416209,2.7225505610307055,False,0.0808109740416209,0.0808109740416209,0.05881043076515198,1.0,-0.02778434455394745,-0.012258514761924744,0.16666666666666666,0.7406781805299685,0.988235294117647,0.0,0.0,0.38921722769737244,2.333333333333333,0.0,0.0
1863,"51,191,253,36,215","30250,20041,31728,24143,6520", thumbnailieni ultravioletKTrib,0.058464375634988144,2.7245630371192147,False,0.027214375634988148,0.027214375634988148,0.007308340072631836,0.625,-0.03215798735618591,-0.015186826388041178,0.14583333333333334,0.8390675328398438,0.9529411764705882,0.09285414550039504,0.10714285714285708,0.6078993678092957,1.9166666666666667,0.0,0.0
1864,"0,219,77,200,31","30332,25895,6177,3404,8221",lucrareaflooded tiewareimage,0.1217622737089793,2.7429584463437395,False,0.0717622737089793,0.0717622737089793,0.042971652746200566,1.0,-0.02819250226020813,-0.007728956639766693,0.16666666666666666,0.7469591222011385,0.9441176470588234,0.0,0.0,0.4096251130104065,2.333333333333333,0.0,0.0
1865,"0,123,187,26,171","30332,22250,20719,15157,7184",lucrarea papa apărut sportingн,0.13235512177149455,2.7441571454207105,False,0.08235512177149455,0.08235512177149455,0.05925244688987732,1.0,-0.036549809575080874,-0.011796057224273682,0.14583333333333334,0.7185700315617879,0.9823529411764707,0.0,0.0,0.8274904787540437,1.9166666666666667,0.0,0.0
1866,"118,128,97,28,180","2280,96,31302,5378,31797"," km "" reacți neckscrisă",0.07203914572795234,2.7457536061604815,False,0.034504055976867676,0.034539145727952324,0.011133742332458497,0.75,-0.028248405456542967,-0.01783272127310435,0.16666666666666666,0.7913294120834509,0.976470588235294,0.0,0.0,0.4124202728271483,2.333333333333333,0.0,0.0
1867,"0,219,11,215,54","30332,25895,9161,6520,7818",lucrareaflooded broribroc,0.12679109275341033,2.7507588565349574,False,0.07679109275341034,0.07679109275341034,0.04658568501472473,1.0,-0.045015177130699156,-0.010324997206528982,0.125,0.7819613757323977,0.9411764705882352,0.0,0.0,1.2507588565349577,1.4999999999999998,0.0,0.0
1868,"111,223,167,44,136","6156,23346,24594,15843,2824", PasEQidia shaft....,0.06073168814182282,2.7644061777326794,False,0.02421267827351888,0.025315021475156147,-0.003269320726394653,0.7083333333333334,-0.03309657573699951,-0.016381350656350453,0.14583333333333334,0.8856595521358451,0.976470588235294,0.19291072421603733,0.0,0.6548287868499756,1.9166666666666667,0.0,0.0
1869,"211,84,174,200,176","16063,24023,6031,3404,257", Pearl LORDttingwareation,0.03774039993683498,2.7658143734175056,False,0.018351795772711437,0.018990399936834972,0.0011457026004791273,0.375,-0.028265103697776794,-0.016599344710508983,0.125,0.8623488765882301,0.9735294117647059,0.38827347424295205,0.46428571428571425,0.41325518488883967,1.4999999999999998,0.0,0.0
1870,"92,173,100,215,110","18158,19845,14338,6520,24243", imperativeAici surroundingsrib événements,0.0687170868118604,2.770181827601932,False,0.03538375347852707,0.03538375347852707,0.011169731616973877,0.6666666666666666,-0.027784588932991027,-0.016642446319262188,0.16666666666666666,0.7850754865431494,0.9529411764705882,0.0,0.04761904761904761,0.38922944664955134,2.333333333333333,0.0,0.0
1871,"19,129,100,26,82","6217,17,14338,15157,16771", legst surroundings sporting posture,0.09400248974561692,2.7740422685941057,False,0.05025248974561691,0.05025248974561691,0.016336488723754886,0.875,-0.028814178705215455,-0.014457248151302338,0.16666666666666666,0.8023133990051734,0.9676470588235294,0.0,0.0,0.4407089352607727,2.333333333333333,0.0,0.0
1872,"140,31,51,250,79","24800,8221,30250,24976,5206",aparutimage thumbnail situatiarick,0.07091331531604131,2.78273610273997,False,0.03132998198270798,0.03132998198270798,0.01514086127281189,0.7916666666666666,-0.037321388721466064,-0.015658738712469738,0.14583333333333334,0.806074353177865,0.9705882352941176,0.0,0.0,0.8660694360733032,1.9166666666666667,0.0,0.0
1873,"170,123,157,62,58","13602,22250,27499,23226,28310",ffen papaizant imobil Illustration,0.07291087557872136,2.783150901397069,False,0.03332754224538803,0.03332754224538803,0.016185349225997927,0.7916666666666666,-0.02899635136127472,-0.016052367786566418,0.16666666666666666,0.8172915279034564,0.976470588235294,0.0,0.0,0.4498175680637359,2.333333333333333,0.0,0.0
1874,"145,35,186,26,4","26356,14797,10443,15157,1817", sunetgraphicû sporting mis,0.07054885129133862,2.7937021156152086,False,0.03502232333024343,0.035132184624671936,0.0038725316524505617,0.7083333333333334,-0.029207375645637513,-0.014545269310474396,0.16666666666666666,0.8024132043114967,0.9323529411764706,0.0,0.0,0.4603687822818756,2.333333333333333,0.0,0.0
1875,"102,228,48,54,159","26182,4408,27062,7818,3077", correspondant accord pantalonrocige,0.04760874509811401,2.8390529609861828,False,0.024207979440689087,0.024692078431447346,0.0025608777999877957,0.4583333333333333,-0.03601495027542114,-0.014022660752137503,0.125,0.8508006384760802,0.911764705882353,0.1930673519770304,0.34523809523809523,0.800747513771057,1.4999999999999998,0.0,0.0
1876,"0,247,157,200,252","30332,12327,27499,3404,21212",lucrarearegardedizantware Colin,0.1138987347483635,2.8395683368047075,False,0.0638987347483635,0.0638987347483635,0.03221122622489929,1.0,-0.03012470006942749,-0.008703996737798056,0.16666666666666666,0.7679282710918987,0.9470588235294116,0.0,0.0,0.5062350034713744,2.333333333333333,0.0,0.0
1877,"222,129,8,26,169","10038,17,17682,15157,680",WCtSport sporting sie,0.09058607319990794,2.8431845506032305,False,0.046836073199907936,0.046836073199907936,0.018383342027664184,0.875,-0.03019702434539795,-0.013722305496533712,0.16666666666666666,0.7592617278760851,0.9470588235294116,0.0,0.0,0.5098512172698975,2.333333333333333,0.0,0.0
1878,"14,129,8,26,79","6661,17,17682,15157,5206",sporttSport sportingrick,0.07287072092294693,2.8503102887244447,False,0.039537387589613594,0.039537387589613594,0.012188220024108886,0.6666666666666666,-0.029387158155441285,-0.01286321630080541,0.16666666666666666,0.7860367204794545,0.9411764705882352,0.0,0.04761904761904761,0.4693579077720642,2.333333333333333,0.0,0.0
1879,"14,247,107,200,90","6661,12327,798,3404,23060",sportregarded momentware răspunde,0.07720375855763753,2.8581744233767195,False,0.0376204252243042,0.0376204252243042,0.016125917434692383,0.7916666666666666,-0.03883015513420105,-0.015208023289839426,0.14583333333333334,0.7873721664227624,0.961764705882353,0.0,0.0,0.9415077567100525,1.9166666666666667,0.0,0.0
1880,"97,41,157,26,169","31302,3852,27499,15157,680", reacți repizant sporting sie,0.07593310972054801,2.8639637728532152,False,0.038433109720547996,0.038433109720547996,0.01832972764968872,0.75,-0.030612608790397643,-0.01598385473092397,0.16666666666666666,0.7609165044862601,0.9735294117647059,0.0,0.0,0.5306304395198821,2.333333333333333,0.0,0.0
1881,"104,42,157,142,215","15091,13483,27499,3416,6520",spieler underneathizant €rib,0.061951526006062824,2.868360171715418,False,0.03278485933939616,0.03278485933939616,0.011722159385681153,0.5833333333333334,-0.04403387010097504,-0.01676160345474879,0.125,0.833661064730418,0.9735294117647059,0.0,0.16666666666666657,1.2016935050487518,1.4999999999999998,0.0,0.0
1882,"178,157,86,28,39","30831,27499,16233,5378,2951",Totusiizant Crew neckches,0.0737269883354505,2.8916733761628466,False,0.03802379220724106,0.03831032166878382,0.009822607040405273,0.7083333333333334,-0.03116680085659027,-0.016679654518763225,0.16666666666666666,0.7714507886124384,0.9470588235294116,0.0,0.0,0.5583400428295134,2.333333333333333,0.0,0.0
1883,"36,57,8,65,159","24143,23976,17682,22276,3077",KT déplacementSportrijige,0.07694220642248789,2.897260765234629,False,0.03944220642248789,0.03944220642248789,0.0164362370967865,0.75,-0.03961188197135925,-0.016037603219350178,0.14583333333333334,0.8234358451413766,0.9558823529411766,0.0,0.0,0.9805940985679625,1.9166666666666667,0.0,0.0
1884,"0,13,151,26,11","30332,28688,1110,15157,9161",lucrarea piston sein sporting bro,0.1407692511876424,2.9121126035849256,False,0.09076925118764241,0.09076925118764241,0.060272288322448735,1.0,-0.039908918738365176,-0.014159401257832846,0.14583333333333334,0.729180809932797,0.9441176470588234,0.0,0.0,0.9954459369182588,1.9166666666666667,0.0,0.0
1885,"71,8,238,112,223","25688,17682,12740,21711,23346", correspondentSportvolu bildenEQ,0.052977973719437924,2.920523520026888,False,0.029497183859348297,0.03006130705277125,0.004313212633132936,0.4583333333333333,-0.032837164402008054,-0.013988085091114044,0.14583333333333334,0.7955714849524397,0.9294117647058824,0.016760538021723392,0.34523809523809523,0.6418582201004026,1.9166666666666667,0.0,0.0
1886,"11,35,134,7,158","9161,14797,28448,6298,17319", brographic senzati Imageenţă,0.06440032720565796,2.922480834381921,False,0.031066993872324627,0.031066993872324627,0.007697230577468872,0.6666666666666666,-0.03916390240192413,-0.017524942755699158,0.14583333333333334,0.8120047026593058,0.9558823529411766,0.0,0.04761904761904761,0.9581951200962067,1.9166666666666667,0.0,0.0
1887,"91,35,100,209,82","21738,14797,14338,31192,16771", bărbatgraphic surroundingsDeveloped posture,0.07733049740393957,2.9283716579278307,False,0.035663830737272896,0.035663830737272896,0.01663031578063965,0.8333333333333334,-0.031900766491889956,-0.019306103388468426,0.16666666666666666,0.8190469588983532,0.9735294117647059,0.0,0.0,0.5950383245944978,2.333333333333333,0.0,0.0
1888,"174,8,48,134,221","6031,17682,27062,28448,23481",ttingSport pantalon senzati Ensemble,0.0774582733710607,2.93312527736028,False,0.03995827337106069,0.03995827337106069,0.013654649257659912,0.75,-0.03199583888053894,-0.015079480906327566,0.16666666666666666,0.8026118114678535,0.9382352941176471,0.0,0.0,0.5997919440269469,2.333333333333333,0.0,0.0
1889,"201,228,68,31,166","17624,4408,15501,8221,31468", angenehm accord Bewegungimage ingrijire,0.04224495093027751,2.943191724637198,False,0.02050500859816869,0.021411617596944172,0.005324262380599976,0.4166666666666667,-0.04277193546295166,-0.01724541187286377,0.10416666666666667,0.883102282376768,0.976470588235294,0.316499713394377,0.4047619047619047,1.138596773147583,1.0833333333333333,0.0,0.0
1890,"15,129,120,103,40","18661,17,11930,31149,18132",freient scroll dicke Vorstand,0.08177182128032048,2.946156044801076,False,0.04218848794698715,0.04218848794698715,0.013991153240203858,0.7916666666666666,-0.03225645422935486,-0.014546612898508707,0.16666666666666666,0.8059191262087886,0.9264705882352942,0.0,0.0,0.6128227114677429,2.333333333333333,0.0,0.0
1891,"118,136,94,73,54","2280,2824,18852,9472,7818", km....kap problèmeroc,0.07872503250837326,2.960167457660039,False,0.037058365841706596,0.037058365841706596,0.013192451000213625,0.8333333333333334,-0.032536682486534116,-0.01753650854031245,0.16666666666666666,0.8305213271898138,0.9323529411764706,0.0,0.0,0.6268341243267057,2.333333333333333,0.0,0.0
1892,"19,31,248,26,163","6217,8221,6148,15157,13147", legsimage mici sportingnehm,0.08466125875711442,2.9603123466173806,False,0.04716125875711441,0.04716125875711441,0.015250855684280395,0.75,-0.04087291359901428,-0.01703881472349167,0.14583333333333334,0.7623006566540769,0.9588235294117649,0.0,0.0,1.043645679950714,1.9166666666666667,0.0,0.0
1893,"0,57,0,200,93","30332,23976,30332,3404,19486",lucrarea déplacementlucrareaware vitesse,0.13820518106222152,2.97966732152374,False,0.08820518106222153,0.08820518106222153,0.06803150177001953,1.0,-0.03265043795108795,-0.00885079801082611,0.16666666666666666,0.6903315365547934,0.9588235294117649,0.0,0.0,0.6325218975543974,2.333333333333333,0.013812090636009364,0.0
1894,"115,238,29,179,31","29508,12740,28935,3997,8221", pantofivolu Squadchtimage,0.06207059025764465,2.9878764776956466,False,0.028397276997566223,0.02873725692431132,0.0035812318325042737,0.6666666666666666,-0.031069999933242796,-0.014335840940475464,0.16666666666666666,0.8163901925887342,0.9441176470588234,0.05342410008112586,0.04761904761904761,0.5534999966621398,2.333333333333333,0.0,0.0
1895,"231,31,35,200,210","21815,8221,14797,3404,12182", stainedimagegraphicware estim,0.03431033690770467,2.988799864810611,False,0.01727985342343648,0.017643670241038006,0.0022289782762527468,0.3333333333333333,-0.03915304243564606,-0.012722641229629517,0.10416666666666667,0.8880654543731127,0.9529411764705882,0.4240048858854506,0.5238095238095238,0.957652121782303,1.0833333333333333,0.0,0.0
1896,"173,200,186,38,172","19845,3404,10443,25012,13910",Aiciwareû captionlebt,0.04488814373811086,2.995177273239408,False,0.024054810404777527,0.024054810404777527,0.006855958700180053,0.4166666666666667,-0.02951151430606842,-0.016924706598122913,0.14583333333333334,0.8545791145393637,0.9676470588235294,0.19817298650741574,0.4047619047619047,0.47557571530342096,1.9166666666666667,0.0,0.0
1897,"233,57,8,200,80","8216,23976,17682,3404,8787", termen déplacementSportware Abs,0.07077365070581436,3.0015467930407747,False,0.037440317372481026,0.037440317372481026,0.014823293685913086,0.6666666666666666,-0.03241188824176788,-0.01737143099308014,0.16666666666666666,0.7555905444468227,0.9794117647058824,0.0,0.04761904761904761,0.6205944120883942,2.333333333333333,0.0,0.0
1898,"0,133,82,26,82","30332,121,16771,15157,16771","lucrarea"" posture sporting posture",0.13707229793071746,3.0075530509154,False,0.08707229793071747,0.08707229793071747,0.05871590971946716,1.0,-0.041817727684974666,-0.015748150646686554,0.14583333333333334,0.7172858390781849,0.9705882352941176,0.0,0.0,1.0908863842487333,1.9166666666666667,0.0,0.0
1899,"71,129,41,62,152","25688,17,3852,23226,19355", correspondentt rep imobil persoană,0.07290047307809194,3.0094450016816454,False,0.03590106467405955,0.03748380641142527,-0.0022125959396362242,0.7083333333333334,-0.03352223336696625,-0.019290280838807423,0.16666666666666666,0.769825498179383,0.9264705882352942,0.0,0.0,0.6761116683483124,2.333333333333333,0.0,0.0
1900,"0,249,166,193,41","30332,13418,31468,26831,3852",lucrarea breathe ingrijireVoraussetzungen rep,0.12334634164969127,3.0124148031075793,False,0.07334634164969127,0.07334634164969127,0.03802371621131897,1.0,-0.033581629395484924,-0.015834954877694447,0.16666666666666666,0.7274950033665959,0.9382352941176471,0.0,0.0,0.6790814697742462,2.333333333333333,0.0,0.0
1901,"173,240,157,18,45","19845,16145,27499,12487,25231",Aici earthquakeizant adjacentffentlichkeit,0.07811913589636485,3.0192082424958544,False,0.034369135896364846,0.034369135896364846,0.02011721730232239,0.875,-0.03371749818325043,-0.017005932827790577,0.16666666666666666,0.8247743786424981,0.976470588235294,0.0,0.0,0.6858749091625214,2.333333333333333,0.0,0.0
1902,"0,169,105,191,210","30332,680,10924,20041,12182",lucrarea sieissentieni estim,0.11609578927357991,3.0233738621075945,False,0.06609578927357991,0.06609578927357991,0.04287612438201904,1.0,-0.03380081057548523,-0.013020386298497518,0.16666666666666666,0.7711508323708515,0.9735294117647059,0.0,0.0,0.6900405287742615,2.333333333333333,0.0,0.0
1903,"170,247,100,80,184","13602,12327,14338,8787,20351",ffenregarded surroundings Absüchte,0.06788888971010845,3.0237970054149628,False,0.03247222304344177,0.03247222304344177,0.01036936640739441,0.7083333333333334,-0.025475940108299254,-0.015318438410758972,0.1875,0.8533514243637489,0.976470588235294,0.0,0.0,0.27379700541496266,2.75,0.0,0.0
1904,"100,163,208,95,171","14338,13147,2165,3169,7184", surroundingsnehmval troubleн,0.07561573584874472,3.0298133989175158,False,0.03186573584874471,0.03186573584874471,0.017233622074127198,0.875,-0.033929601311683655,-0.014872228105862936,0.16666666666666666,0.8523079842006579,0.976470588235294,0.0,0.0,0.6964800655841827,2.333333333333333,0.0,0.0
1905,"106,190,189,196,78","14385,11733,10646,20202,20961"," Freundeusiontial,000.KING",0.048982430001099905,3.04015977042062,False,0.02189909666776657,0.02189909666776657,0.007487750053405762,0.5416666666666666,-0.03254545032978058,-0.01360392322142919,0.14583333333333334,0.8536032147034444,0.961764705882353,0.27003011107444763,0.2261904761904762,0.627272516489029,1.9166666666666667,0.0,0.0
1906,"125,243,185,79,197","19020,16323,15058,5206,2266", humaine Plaintientrick24,0.052624072631200156,3.0433946138336543,False,0.02554073929786682,0.02554073929786682,0.010895925760269164,0.5416666666666666,-0.04337124228477478,-0.014271043241024017,0.125,0.7772508431541472,0.9588235294117649,0.14864202340443927,0.2261904761904762,1.1685621142387388,1.4999999999999998,0.0,0.0
1907,"0,173,238,43,169","30332,19845,12740,25627,680",lucrareaAicivolu Exterior sie,0.12071727762619655,3.0527969002723694,False,0.07071727762619655,0.07071727762619655,0.04863005876541138,1.0,-0.026055938005447386,-0.013308539986610413,0.1875,0.7221517530034026,0.9529411764705882,0.0,0.0,0.3027969002723693,2.75,0.0,0.0
1908,"0,169,246,134,91","30332,680,728,28448,21738",lucrarea sie once senzati bărbat,0.1183184638619423,3.0575481851895647,False,0.06831846386194229,0.06831846386194229,0.04716643691062927,1.0,-0.034484297037124634,-0.010400481522083282,0.16666666666666666,0.7797605645228955,0.9411764705882352,0.0,0.0,0.7242148518562317,2.333333333333333,0.0,0.0
1909,"0,247,188,11,169","30332,12327,29904,9161,680",lucrarearegardedweilige bro sie,0.11484741469224294,3.0629157324632006,False,0.06484741469224294,0.06484741469224294,0.04422613978385925,1.0,-0.034591647982597354,-0.01591333995262782,0.16666666666666666,0.760637003315188,0.9794117647058824,0.0,0.0,0.7295823991298677,2.333333333333333,0.0,0.0
1910,"0,129,150,26,169","30332,17,10470,15157,680",lucrareatôt sporting sie,0.12678280025720595,3.0629231830437975,False,0.07678280025720596,0.07678280025720596,0.0569341242313385,1.0,-0.03459179699420929,-0.015678805609544117,0.16666666666666666,0.7178318736775121,0.988235294117647,0.0,0.0,0.7295898497104646,2.333333333333333,0.0,0.0
1911,"170,167,238,228,184","13602,24594,12740,4408,20351",ffenidiavolu accordüchte,0.030620062351226808,3.0746565014123917,False,0.015217427164316177,0.016036729017893474,-0.00044982433319091787,0.2916666666666667,-0.029971414804458616,-0.01647946486870448,0.125,0.8845278078192865,0.9441176470588234,0.4927524278561274,0.5833333333333333,0.4985707402229308,1.4999999999999998,0.0,0.0
1912,"118,136,105,247,174","2280,2824,10924,12327,6031", km....issentregardedtting,0.07816515614589056,3.0871995588143664,False,0.036490149796009064,0.036498489479223885,0.01448882818222046,0.8333333333333334,-0.035077324509620665,-0.01618003596862157,0.16666666666666666,0.8272225032328661,0.9647058823529412,0.0,0.0,0.7538662254810332,2.333333333333333,0.0,0.0
1913,"83,247,10,39,169","7383,12327,15854,2951,680", Frontregarded realmches sie,0.071123872200648,3.0873272120952606,False,0.03570720553398132,0.03570720553398132,0.011217916011810302,0.7083333333333334,-0.02674654424190521,-0.017262679835160572,0.1875,0.7982461590973772,0.9794117647058824,0.0,0.0,0.33732721209526056,2.75,0.0,0.0
1914,"14,101,14,181,38","6661,10176,6661,27940,25012",sport Machsport societati caption,0.09480157395203909,3.097352067629496,False,0.04896824061870575,0.04896824061870575,0.021737217903137207,0.9166666666666666,-0.04361370801925659,-0.01852414757013321,0.14583333333333334,0.7496571845965136,0.95,0.0,0.0,1.1806854009628294,1.9166666666666667,0.0,0.0
1915,"0,224,100,26,82","30332,1130,14338,15157,16771",lucrarea follow surroundings sporting posture,0.1386409382025401,3.1001868148644762,False,0.08864093820254008,0.08864093820254008,0.058378005027771,1.0,-0.035337069630622865,-0.011691898107528687,0.16666666666666666,0.7377605155851041,0.9529411764705882,0.0,0.0,0.7668534815311432,2.333333333333333,0.0,0.0
1916,"118,31,123,46,221","2280,8221,22250,18927,23481", kmimage papa rar Ensemble,0.056656491259733835,3.1058830987839467,False,0.031656491259733834,0.031656491259733834,0.010802686214447021,0.5,-0.029736709594726563,-0.014857520659764608,0.16666666666666666,0.810972223326453,0.9441176470588234,0.0,0.28571428571428564,0.4868354797363281,2.333333333333333,0.0,0.0
1917,"36,8,94,127,180","24143,17682,18852,23794,31797",KTSportkap Verantwortlichscrisă,0.052612577378749845,3.1109677113237835,False,0.029645361006259918,0.02969591071208318,0.011813396215438842,0.4583333333333333,-0.03674483299255371,-0.01621398578087489,0.14583333333333334,0.7743654431884345,0.9558823529411766,0.011821299791336023,0.34523809523809523,0.8372416496276855,1.9166666666666667,0.0,0.0
1918,"16,99,64,187,114","20538,7693,30828,20719,21415", trage graphicDOWN apărutRAL,0.07599382847547531,3.1170529921849566,False,0.03366063286860784,0.03432716180880865,0.007829999923706059,0.8333333333333334,-0.03567439317703247,-0.017812830706437428,0.16666666666666666,0.7826792329240493,0.95,0.0,0.0,0.7837196588516235,2.333333333333333,0.0,0.0
1919,"231,90,134,147,158","21815,23060,28448,18956,17319", stained răspunde senzatiriusenţă,0.0434911126891772,3.1259999814487642,False,0.021329358220100403,0.02265777935584386,-0.0020931005477905257,0.4166666666666667,-0.030311000347137452,-0.014069649080435434,0.14583333333333334,0.8487413917923297,0.9264705882352942,0.2890213926633199,0.4047619047619047,0.5155500173568726,1.9166666666666667,0.0,0.0
1920,"118,228,38,129,254","2280,4408,25012,17,28995", km accord captiontfreiheit,0.07412214875221251,3.1296932498613996,False,0.03451608121395111,0.03453881541887919,0.011775195598602295,0.7916666666666666,-0.04426053166389465,-0.017384089529514313,0.14583333333333334,0.7831081718932974,0.9411764705882352,0.0,0.0,1.2130265831947327,1.9166666666666667,0.0,0.0
1921,"145,37,119,36,54","26356,30396,23662,24143,7818", sunetelectrique artistiqueKTroc,0.038128620386123656,3.1337952164430467,False,0.02146195371945699,0.02146195371945699,0.008482849597930909,0.3333333333333333,-0.05317434966564178,-0.010540949801603952,0.08333333333333333,0.8672905900577705,0.9323529411764706,0.284601542684767,0.5238095238095238,1.6587174832820892,0.6666666666666665,0.0,0.0
1922,"176,189,185,130,225","257,10646,15058,15799,28654",ationtialtient putere festgelegt,0.03609776844580968,3.13390106435806,False,0.015495767196019491,0.019431101779143017,-0.014620620012283323,0.3333333333333333,-0.02419900894165039,-0.01100818564494451,0.14583333333333334,0.9114777105727937,0.9294117647058824,0.48347442679935027,0.5238095238095238,0.2099504470825195,1.9166666666666667,0.0,0.0
1923,"125,202,134,141,203","19020,5457,28448,25205,7889", humainench senzatiizeze assembly,0.042604278028011325,3.1349518327485946,False,0.023020051419734955,0.023854278028011322,0.0003879547119140627,0.375,-0.030426689982414247,-0.013794978459676107,0.14583333333333334,0.8389197931984652,0.9294117647058824,0.23266495267550147,0.46428571428571425,0.5213344991207123,1.9166666666666667,0.0,0.0
1924,"0,129,251,26,82","30332,17,694,15157,16771",lucrareat fun sporting posture,0.13928865442673366,3.135231216748555,False,0.08928865442673366,0.08928865442673366,0.05356001853942872,1.0,-0.03603795766830444,-0.011799593766530355,0.16666666666666666,0.7387767852394359,0.9588235294117649,0.0,0.0,0.8018978834152221,2.333333333333333,0.0,0.0
1925,"149,31,100,133,78","18457,8221,14338,121,20961"," varstaimage surroundings""KING",0.08167983641227086,3.142250855763753,False,0.04209650307893753,0.04209650307893753,0.01834160089492798,0.7916666666666666,-0.0361783504486084,-0.015219226479530334,0.16666666666666666,0.7524298115130863,0.9647058823529412,0.0,0.0,0.8089175224304199,2.333333333333333,0.0,0.0
1926,"14,129,79,200,169","6661,17,5206,3404,680",sporttrickware sie,0.06933538069327672,3.1460360515685304,False,0.03600204735994339,0.03600204735994339,0.004949325323104858,0.6666666666666666,-0.035301673412323,-0.016071443756421406,0.16666666666666666,0.8149439033199197,0.9470588235294116,0.0,0.04761904761904761,0.76508367061615,2.333333333333333,0.0,0.0
1927,"226,220,32,152,45","20736,9136,22608,19355,25231",eselholeoccupant persoanăffentlichkeit,0.056925404071807864,3.1507351001103716,False,0.026698291301727295,0.027758737405141194,-0.00024339556694030458,0.5833333333333334,-0.030813562870025634,-0.014047779142856598,0.16666666666666666,0.8043059544401513,0.9264705882352942,0.11005695660909014,0.16666666666666657,0.5406781435012816,2.333333333333333,0.0,0.0
1928,"93,57,77,18,171","19486,23976,6177,12487,7184", vitesse déplacement tie adjacentн,0.07558830430110297,3.1640605926513663,False,0.03808830430110296,0.03808830430110296,0.01650247573852539,0.75,-0.05328121185302734,-0.016932420432567596,0.125,0.8248431539927951,0.9441176470588234,0.0,0.0,1.6640605926513667,1.4999999999999998,0.0,0.0
1929,"44,101,185,215,159","15843,10176,15058,6520,3077", shaft Machtientribige,0.05110246539115906,3.179212555525795,False,0.02219133327404658,0.024019132057825725,-0.008709013462066647,0.5416666666666666,-0.027187997102737428,-0.0145773117740949,0.16666666666666666,0.8457194445823125,0.9294117647058824,0.2602888908651139,0.2261904761904762,0.3593998551368714,2.333333333333333,0.0,0.0
1930,"199,156,35,151,24","11171,6872,14797,1110,29668",mateseştigraphic sein Crisis,0.06423431634902954,3.186120352574757,False,0.032405724128087364,0.03298431634902954,-0.0033942937850952146,0.625,-0.026579549908638,-0.016535719235738117,0.1875,0.8446949928997749,0.9205882352941176,0.0,0.10714285714285708,0.3289774954318999,2.75,0.0,0.0
1931,"25,219,77,215,127","28399,25895,6177,6520,23794", bewegtflooded tierib Verantwortlich,0.05642278641462326,3.201899326982952,False,0.030661935607592266,0.03142278641462326,0.003515779972076416,0.5,-0.031657034158706666,-0.013950914144515991,0.16666666666666666,0.8438650573594912,0.9176470588235294,0.0,0.28571428571428564,0.5828517079353333,2.333333333333333,0.0,0.0
1932,"230,219,8,38,180","25638,25895,17682,25012,31797", NumerofloodedSport captionscrisă,0.07539429366588593,3.209416498740514,False,0.037894293665885925,0.037894293665885925,0.011051392555236817,0.75,-0.03752166330814362,-0.014914661645889282,0.16666666666666666,0.7552759223056215,0.9382352941176471,0.0,0.0,0.8760831654071809,2.333333333333333,0.0,0.0
1933,"0,13,234,26,82","30332,28688,794,15157,16771",lucrarea piston test sporting posture,0.14507529934247335,3.212620548261721,False,0.09507529934247334,0.09507529934247334,0.0685550332069397,1.0,-0.03758120536804199,-0.016992896795272827,0.16666666666666666,0.699841137431598,0.9735294117647059,0.0,0.0,0.8790602684020996,2.333333333333333,0.000226946526288455,0.0
1934,"0,28,44,62,12","30332,5378,15843,23226,12337",lucrarea neck shaft imobil mobility,0.13322931081056594,3.2305986000461817,False,0.08322931081056595,0.08322931081056595,0.05899098515510559,1.0,-0.04575240612030029,-0.01836121330658595,0.14583333333333334,0.68158186084485,0.9735294117647059,0.0,0.0,1.2876203060150146,1.9166666666666667,0.026311627364500007,0.0
1935,"0,219,41,26,24","30332,25895,3852,15157,29668",lucrareaflooded rep sporting Crisis,0.14170283377170562,3.2454829831131837,False,0.09170283377170563,0.09170283377170563,0.0529518723487854,1.0,-0.0380685567855835,-0.012974731624126434,0.16666666666666666,0.6938947326495267,0.9147058823529413,0.0,0.0,0.9034278392791748,2.333333333333333,0.008721810500676046,0.0
1936,"231,31,134,95,131","21815,8221,28448,3169,30173", stainedimage senzati trouble machiaj,0.04447005987167359,3.24939382691232,False,0.023812902470429737,0.025720059871673584,-0.005697870254516601,0.375,-0.033244097232818605,-0.016195806364218395,0.14583333333333334,0.8507194357055837,0.9294117647058824,0.20623658431900874,0.46428571428571425,0.6622048616409302,1.9166666666666667,0.0,0.0
1937,"231,31,224,147,78","21815,8221,1130,18956,20961", stainedimage followriusKING,0.06643860439459484,3.2520758410294848,False,0.03102193772792816,0.03102193772792816,0.016438084840774535,0.7083333333333334,-0.038374850153923036,-0.012167987724145254,0.16666666666666666,0.8079698821085519,0.9558823529411766,0.0,0.0,0.9187425076961517,2.333333333333333,0.0,0.0
1938,"14,247,104,39,124","6661,12327,15091,2951,28387",sportregardedspielerches ressenti,0.08406046082576116,3.2532507479190826,False,0.044477127492427826,0.044477127492427826,0.012464475631713868,0.7916666666666666,-0.030065014958381653,-0.016972539325555164,0.1875,0.7423795020741828,0.9647058823529412,0.0,0.0,0.5032507479190826,2.75,0.0,0.0
1939,"0,37,248,26,57","30332,30396,6148,15157,23976",lucrareaelectrique mici sporting déplacement,0.1318638081351916,3.253823896249135,False,0.0818638081351916,0.0818638081351916,0.05735366940498353,1.0,-0.03840981125831604,-0.014785694579283396,0.16666666666666666,0.7282059135531669,0.9647058823529412,0.0,0.0,0.9204905629158018,2.333333333333333,0.0,0.0
1940,"199,139,67,213,129","11171,31,25300,73,17",mates' farther unt,0.0823592573404312,3.2597743769486742,False,0.04239193846782049,0.04277592400709788,0.01018369793891907,0.7916666666666666,-0.03852882087230682,-0.01784991721312205,0.16666666666666666,0.7642361694584493,0.9588235294117649,0.0,0.0,0.9264410436153411,2.333333333333333,0.0,0.0
1941,"36,209,94,215,137","24143,31192,18852,6520,5218",KTDevelopedkapriberii,0.03767834529280663,3.262063050790439,False,0.018743372211853664,0.018928345292806625,0.00558488667011261,0.375,-0.03011779487133026,-0.013979248702526093,0.14583333333333334,0.8884425995600385,0.9676470588235294,0.3752209262715445,0.46428571428571425,0.5058897435665131,1.9166666666666667,0.0,0.0
1942,"0,200,74,230,54","30332,3404,9633,25638,7818",lucrareaware bitte Numeroroc,0.11553400804599126,3.2666854858398438,False,0.06553400804599126,0.06553400804599126,0.04211118817329407,1.0,-0.030333709716796876,-0.013942115008831024,0.1875,0.7658068873071502,0.9588235294117649,0.0,0.0,0.5166854858398438,2.75,0.0,0.0
1943,"159,38,63,80,153","3077,25012,23832,8787,23158",ige caption Regal Abs pierdere,0.07344864656527839,3.2817628284295397,False,0.035948646565278373,0.035948646565278373,0.0146453857421875,0.75,-0.03896858990192413,-0.017073199152946472,0.16666666666666666,0.7815538952899537,0.9735294117647059,0.0,0.0,0.9484294950962064,2.333333333333333,0.0,0.0
1944,"161,6,42,224,119","7890,21014,13483,1130,23662",intérieur sportiv underneath follow artistique,0.09899048805236817,3.288555969794591,False,0.048990488052368164,0.048990488052368164,0.02777070999145508,1.0,-0.03910445272922516,-0.014326214790344238,0.16666666666666666,0.7998773158902784,0.9676470588235294,0.0,0.0,0.9552226364612578,2.333333333333333,0.0,0.0
1945,"83,119,134,121,89","7383,23662,28448,803,14303", Front artistique senzati friendsamba,0.08240815450747808,3.2902407944202423,False,0.03865815450747808,0.03865815450747808,0.019746649265289306,0.875,-0.030804815888404845,-0.014597641925017038,0.1875,0.7875131906258966,0.9558823529411766,0.0,0.0,0.5402407944202422,2.75,0.0,0.0
1946,"131,28,41,104,140","30173,5378,3852,15091,24800", machiaj neck repspieleraparut,0.06911363651355107,3.307334366298857,False,0.03578030318021774,0.03578030318021774,0.014412063360214234,0.6666666666666666,-0.030194306373596193,-0.018136630455652874,0.1875,0.7711311491897901,0.9323529411764706,0.0,0.04761904761904761,0.5097153186798096,2.75,0.0,0.0
1947,"0,195,105,39,171","30332,12743,10924,2951,7184",lucrarea Smartphoneissentchesн,0.11397079676389694,3.3080644210179644,False,0.06397079676389694,0.06397079676389694,0.04740582704544068,1.0,-0.03949462175369263,-0.014883677164713541,0.16666666666666666,0.7649828181267123,0.9705882352941176,0.0,0.0,0.9747310876846315,2.333333333333333,0.0,0.0
1948,"231,133,0,190,45","21815,121,30332,11733,25231"," stained""lucrareausionffentlichkeit",0.11570016344388326,3.3098763525485992,False,0.06570016344388326,0.06570016344388326,0.03771558403968811,1.0,-0.031197527050971986,-0.012587214509646097,0.1875,0.766301359690991,0.9529411764705882,0.0,0.0,0.5598763525485992,2.75,0.0,0.0
1949,"31,123,188,147,75","8221,22250,29904,18956,904",image papaweiligeriusmen,0.0779262681802114,3.310176759958267,False,0.036259601513544716,0.036259601513544716,0.015161335468292238,0.8333333333333334,-0.031203535199165345,-0.01403564711411794,0.1875,0.7602277475270013,0.9323529411764706,0.0,0.0,0.5601767599582672,2.75,0.0,0.0
1950,"41,33,200,30,122","3852,25803,3404,22706,12759", rep Saucewaremog beneath,0.05924820403258006,3.3260824661406256,False,0.02799820403258006,0.02799820403258006,0.00411023497581482,0.625,-0.04471092820167541,-0.016672144333521526,0.14583333333333334,0.8048370143840827,0.961764705882353,0.06672653224733134,0.10714285714285708,1.2355464100837705,1.9166666666666667,0.0,0.0
1951,"0,76,105,121,82","30332,26292,10924,803,16771",lucrarea menschlicheissent friends posture,0.13145021150509517,3.3317518355888316,False,0.08145021150509517,0.08145021150509517,0.05393111705780029,1.0,-0.03956921696662903,-0.015543090800444284,0.16666666666666666,0.686029642253167,0.9705882352941176,0.0,0.0,0.9784608483314515,2.333333333333333,0.019957653924047105,0.0
1952,"118,189,8,166,209","2280,10646,17682,31468,31192", kmtialSport ingrijireDeveloped,0.07832519213358562,3.3318973382314043,False,0.036658525466918945,0.036658525466918945,0.018568575382232666,0.8333333333333334,-0.03997128009796142,-0.0183904767036438,0.16666666666666666,0.7911754201374998,0.9647058823529412,0.0,0.0,0.9985640048980711,2.333333333333333,0.0,0.0
1953,"71,63,94,215,76","25688,23832,18852,6520,26292", correspondent Regalkaprib menschliche,0.06263075272242227,3.336068204471043,False,0.03138075272242228,0.03138075272242228,0.008334559202194215,0.625,-0.02957850694656372,-0.017299001415570576,0.1875,0.787698907228382,0.9294117647058824,0.0,0.10714285714285708,0.478925347328186,2.75,0.0,0.0
1954,"8,93,110,79,42","17682,19486,24243,5206,13483",Sport vitesse événementsrick underneath,0.07640071858962377,3.3465763231118517,False,0.0409840519229571,0.0409840519229571,0.01560884714126587,0.7083333333333334,-0.040264859795570374,-0.01633836328983307,0.16666666666666666,0.8360560833263928,0.95,0.0,0.0,1.0132429897785187,2.333333333333333,0.0,0.0
1955,"50,27,8,200,31","21100,2600,17682,3404,8221", Coupe sportSportwareimage,0.06380576193332672,3.3485991160074864,False,0.03463909526666006,0.03463909526666006,0.00923600196838379,0.5833333333333334,-0.053638648986816403,-0.017987559239069622,0.125,0.782188311231694,0.9323529411764706,0.0,0.16666666666666657,1.6819324493408199,1.4999999999999998,0.0,0.0
1956,"231,84,181,110,31","21815,24023,27940,24243,8221", stained LORD societati événementsimage,0.055276982982953395,3.3518167336781817,False,0.02573978155851364,0.026110316316286724,0.003419893980026246,0.5833333333333334,-0.034196189045906066,-0.01572213073571523,0.16666666666666666,0.8265441667812279,0.9647058823529412,0.1420072813828786,0.16666666666666657,0.7098094522953032,2.333333333333333,0.0,0.0
1957,"170,76,67,80,45","13602,26292,25300,8787,25231",ffen menschliche farther Absffentlichkeit,0.07639578580856324,3.3646423419316607,False,0.03889578580856323,0.03889578580856323,0.014749628305435181,0.75,-0.04062618017196655,-0.018172855178515118,0.16666666666666666,0.7605636738171161,0.9676470588235294,0.0,0.0,1.0313090085983274,2.333333333333333,0.0,0.0
1958,"104,104,100,134,125","15091,15091,14338,28448,19020",spielerspieler surroundings senzati humaine,0.10278446823358536,3.376904805501302,False,0.05486780156691869,0.05486780156691869,0.023335856199264527,0.9583333333333334,-0.04087142944335938,-0.017193016906579334,0.16666666666666666,0.7622602096467194,0.9529411764705882,0.0,0.0,1.0435714721679688,2.333333333333333,0.0,0.0
1959,"183,230,24,80,130","23,25638,29668,8787,15799",i Numero Crisis Abs putere,0.05951554129521053,3.395345608393351,False,0.028416194021701813,0.030348874628543854,-0.005858343839645386,0.5833333333333334,-0.0285177081823349,-0.017141804099082947,0.1875,0.8529288148880185,0.9058823529411765,0.05279353260993954,0.16666666666666657,0.42588540911674494,2.75,0.0,0.0
1960,"0,243,100,26,158","30332,16323,14338,15157,17319",lucrarea Plain surroundings sportingenţă,0.14169104943672817,3.4143258929252625,False,0.09169104943672816,0.09169104943672816,0.05392976999282838,1.0,-0.03328651785850525,-0.013190358877182007,0.1875,0.754778130797131,0.961764705882353,0.0,0.0,0.6643258929252623,2.75,0.0,0.0
1961,"65,129,100,26,82","22276,17,14338,15157,16771",rijt surroundings sporting posture,0.08564752340316772,3.421731173992157,False,0.04398085673650106,0.04398085673650106,0.013243812322616578,0.8333333333333334,-0.03343462347984314,-0.015892696877320606,0.1875,0.8222320835388167,0.9705882352941176,0.0,0.0,0.671731173992157,2.75,0.0,0.0
1962,"0,219,107,44,180","30332,25895,798,15843,31797",lucrareaflooded moment shaftscrisă,0.12526243478059768,3.423029363155365,False,0.07526243478059769,0.07526243478059769,0.036723530292510985,1.0,-0.0334605872631073,-0.012494410077730814,0.1875,0.7354562711888479,0.9441176470588234,0.0,0.0,0.673029363155365,2.75,0.0,0.0
1963,"0,41,41,26,82","30332,3852,3852,15157,16771",lucrarea rep rep sporting posture,0.14090684354305266,3.4428579955638865,False,0.09090684354305267,0.09090684354305267,0.06528261303901672,1.0,-0.033262357115745544,-0.013582828144232431,0.1875,0.6791819021563735,0.961764705882353,0.0,0.0,0.6631178557872772,2.75,0.029740139776609182,0.0
1964,"0,255,74,26,180","30332,27850,9633,15157,31797",lucrarea purity bitte sportingscrisă,0.13543963978687923,3.470992475748062,False,0.08543963978687923,0.08543963978687923,0.05787376761436462,1.0,-0.03441984951496124,-0.01770703246196111,0.1875,0.741335212832693,0.9470588235294116,0.0,0.0,0.7209924757480621,2.75,0.0,0.0
1965,"2,129,105,26,82","26170,17,10924,15157,16771",athlettissent sporting posture,0.10463982870181401,3.471276193857193,False,0.05463982870181402,0.05463982870181402,0.03254774212837219,1.0,-0.03442552387714386,-0.016331459085146587,0.1875,0.7636976993757653,0.9470588235294116,0.0,0.0,0.7212761938571928,2.75,0.0,0.0
1966,"0,13,74,26,78","30332,28688,9633,15157,20961",lucrarea piston bitte sportingKING,0.14234821051359176,3.473107397556305,False,0.09234821051359177,0.09234821051359177,0.06761758923530578,1.0,-0.0344621479511261,-0.01590392490228017,0.1875,0.702354641058668,0.9588235294117649,0.0,0.0,0.7231073975563049,2.75,0.0,0.0
1967,"231,41,8,247,56","21815,3852,17682,12327,12462", stained repSportregarded hommes,0.07942276696364085,3.4756759107112885,False,0.03775610029697418,0.03775610029697418,0.012004941701889042,0.8333333333333334,-0.03451351821422577,-0.013499602675437927,0.1875,0.7744999835201601,0.9235294117647058,0.0,0.0,0.7256759107112885,2.75,0.0,0.0
1968,"115,123,42,175,95","29508,22250,13483,21379,3169", pantofi papa underneathçant trouble,0.08434063444534938,3.477731128533681,False,0.04267396777868271,0.04267396777868271,0.014325982332229615,0.8333333333333334,-0.04288795590400696,-0.017152222494284313,0.16666666666666666,0.7990547132998019,0.9294117647058824,0.0,0.0,1.144397795200348,2.333333333333333,0.0,0.0
1969,"156,111,10,77,184","6872,6156,15854,6177,20351",eşti Pas realm tieüchte,0.06995475391546885,3.4799284537633257,False,0.03245475391546885,0.03245475391546885,0.011995887756347658,0.75,-0.04293190240859985,-0.019083460172017414,0.16666666666666666,0.8407264776530671,0.9735294117647059,0.0,0.0,1.1465951204299925,2.333333333333333,0.0,0.0
1970,"0,13,74,26,54","30332,28688,9633,15157,7818",lucrarea piston bitte sportingroc,0.14119767198959987,3.4887287318706512,False,0.09119767198959987,0.09119767198959987,0.06529845595359803,1.0,-0.03477457463741303,-0.014792285859584808,0.1875,0.7137335266247443,0.9647058823529412,0.0,0.0,0.7387287318706514,2.75,0.0,0.0
1971,"231,128,35,39,169","21815,96,14797,2951,680"," stained ""graphicches sie",0.06749903361002604,3.4898404110045655,False,0.03416570027669271,0.03416570027669271,0.013257205486297607,0.6666666666666666,-0.0421777606010437,-0.018763035535812378,0.16666666666666666,0.7985889552036272,0.9470588235294116,0.0,0.04761904761904761,1.108888030052185,2.333333333333333,0.0,0.0
1972,"231,189,0,252,76","21815,10646,30332,21212,26292", stainedtiallucrarea Colin menschliche,0.12229623446861904,3.499381273984909,False,0.07229623446861903,0.07229623446861903,0.0488588809967041,1.0,-0.03498762547969818,-0.011579570670922598,0.1875,0.711608514959565,0.9323529411764706,0.0,0.0,0.7493812739849088,2.75,0.0,0.0
1973,"14,128,79,190,102","6661,96,5206,11733,26182","sport ""rickusion correspondant",0.07964442521333695,3.4995493590831757,False,0.042144425213336945,0.042144425213336945,0.012870270013809205,0.75,-0.03499098718166351,-0.016474470496177673,0.1875,0.7357122297315917,0.9235294117647058,0.0,0.0,0.7495493590831755,2.75,0.0,0.0
1974,"141,247,8,26,68","25205,12327,17682,15157,15501",izezeregardedSport sporting Bewegung,0.07773787130912146,3.5302195250988007,False,0.04023787130912145,0.04023787130912145,0.013218951225280762,0.75,-0.035604390501976016,-0.016477768619855244,0.1875,0.7982233111695569,0.9558823529411766,0.0,0.0,0.7802195250988008,2.75,0.0,0.0
1975,"94,200,72,3,39","18852,3404,7411,22526,2951",kapware grip martialches,0.06765053619941075,3.5305263428460982,False,0.03431720286607742,0.03431720286607742,0.0125951886177063,0.6666666666666666,-0.03465814590454101,-0.015708697338898975,0.1875,0.7943160839454481,0.9705882352941176,0.0,0.04761904761904761,0.7329072952270506,2.75,0.0,0.0
1976,"39,247,134,235,58","2951,12327,28448,7999,28310",chesregarded senzatielli Illustration,0.05477845221757889,3.533745192819171,False,0.02561178555091222,0.02561178555091222,0.009820514917373659,0.5833333333333334,-0.03774942755699158,-0.019007394711176556,0.16666666666666666,0.8220191964275722,0.9470588235294116,0.14627381496959263,0.16666666666666657,0.887471377849579,2.333333333333333,0.0,0.0
1977,"197,105,100,200,180","2266,10924,14338,3404,31797",24issent surroundingswarescrisă,0.05915912787119548,3.5376697281996403,False,0.02999246120452881,0.02999246120452881,0.009679216146469116,0.5833333333333334,-0.03241503536701202,-0.015378877520561218,0.1875,0.8085945722431794,0.9588235294117649,0.0002512931823730099,0.16666666666666657,0.620751768350601,2.75,0.0,0.0
1978,"198,26,209,96,14","3484,15157,31192,11564,6661",gra sportingDevelopedtatasport,0.07798975557088852,3.5384906133015948,False,0.04048975557088852,0.04048975557088852,0.008816355466842653,0.75,-0.044103145599365234,-0.018282706538836162,0.16666666666666666,0.7832160820388812,0.9411764705882352,0.0,0.0,1.2051572799682617,2.333333333333333,0.0,0.0
1979,"231,122,186,147,97","21815,12759,10443,18956,31302", stained beneathûrius reacți,0.04993168960014979,3.5630291061741963,False,0.026521526277065277,0.027015022933483124,0.002304196357727051,0.4583333333333333,-0.03537017107009888,-0.017800440390904743,0.16666666666666666,0.8207311444967023,0.9264705882352942,0.11594912409782407,0.34523809523809523,0.7685085535049438,2.333333333333333,0.0,0.0
1980,"163,189,247,61,53","13147,10646,12327,18837,1735",nehmtialregarded manger moving,0.07074441462755203,3.583876672245207,False,0.03684515009323756,0.0374110812942187,0.011151891946792603,0.6666666666666666,-0.03572515249252319,-0.014461830258369446,0.1875,0.774876665573414,0.9,0.0,0.04761904761904761,0.7862576246261596,2.75,0.0,0.0
1981,"84,60,199,18,198","24023,4091,11171,12487,3484", LORD rearmates adjacentgra,0.08582436988751094,3.5971693992614746,False,0.04207436988751093,0.04207436988751093,0.018661171197891235,0.875,-0.03694338798522949,-0.01896174003680547,0.1875,0.7356398265008638,0.9411764705882352,0.0,0.0,0.8471693992614744,2.75,0.0,0.0
1982,"14,232,197,45,120","6661,7578,2266,25231,11930",sportetic24ffentlichkeit scroll,0.06760906328757604,3.61442290743192,False,0.03219239662090937,0.03219239662090937,0.010621225833892823,0.7083333333333334,-0.04562179148197174,-0.021278684337933857,0.16666666666666666,0.7713878796219872,0.9529411764705882,0.0,0.0,1.281089574098587,2.333333333333333,0.0,0.0
1983,"200,247,10,26,90","3404,12327,15854,15157,23060",wareregarded realm sporting răspunde,0.07759434233109157,3.633350908756256,False,0.03574184328317642,0.035927675664424896,0.019170773029327393,0.8333333333333334,-0.03766701817512512,-0.016579988102118175,0.1875,0.7875461503055563,0.9676470588235294,0.0,0.0,0.8833509087562559,2.75,0.0,0.0
1984,"104,129,122,151,248","15091,17,12759,1110,6148",spielert beneath sein mici,0.06997951020797094,3.6339791417121887,False,0.03456284354130427,0.03456284354130427,0.01261228919029236,0.7083333333333334,-0.037679582834243774,-0.01926058034102122,0.1875,0.7852067077502255,0.9647058823529412,0.0,0.0,0.8839791417121887,2.75,0.0,0.0
1985,"0,169,41,26,237","30332,680,3852,15157,8916",lucrarea sie rep sporting restoration,0.13241673807303111,3.642581433057785,False,0.08241673807303111,0.08241673807303111,0.055898416042327884,1.0,-0.0378516286611557,-0.014498777687549591,0.1875,0.7266086427072695,0.9558823529411766,0.0,0.0,0.8925814330577848,2.75,0.0,0.0
1986,"10,116,141,126,172","15854,29248,25205,7253,13910", realm motoareizezerailebt,0.06680612514416376,3.651130111444564,False,0.03501162678003311,0.035556125144163765,0.009118890762329102,0.625,-0.027546411752700804,-0.015193462371826172,0.20833333333333334,0.7712740259276124,0.9235294117647058,0.0,0.10714285714285708,0.37732058763504017,3.1666666666666665,0.0,0.0
1987,"82,123,238,26,171","16771,22250,12740,15157,7184", posture papavolu sportingн,0.07808327525854111,3.672347992658615,False,0.04048476368188858,0.04058327525854111,0.011081314086914063,0.75,-0.0384469598531723,-0.01554847757021586,0.1875,0.7590729237157863,0.9588235294117649,0.0,0.0,0.9223479926586149,2.75,0.0,0.0
1988,"99,129,41,26,82","7693,17,3852,15157,16771", graphict rep sporting posture,0.09012726694345474,3.676807314157486,False,0.04846060027678808,0.04846060027678808,0.018589043617248537,0.8333333333333334,-0.03853614628314972,-0.017231749991575878,0.1875,0.7485221211553055,0.9147058823529413,0.0,0.0,0.926807314157486,2.75,0.0,0.0
1989,"139,129,79,200,210","31,17,5206,3404,12182",'trickware estim,0.021966266632080077,3.687239192307941,False,0.012478219966093699,0.013632933298746744,-0.004997843503952024,0.16666666666666666,-0.036825501918792726,-0.016278641919294994,0.125,0.8965242821370192,0.9647058823529412,0.5840593344635434,0.761904761904762,0.8412750959396362,1.4999999999999998,0.0,0.0
1990,"231,247,94,200,80","21815,12327,18852,3404,8787", stainedregardedkapware Abs,0.04864844083786011,3.695626663310187,False,0.023648440837860107,0.023648440837860107,0.004788303375244141,0.5,-0.045630541443824765,-0.018584569295247395,0.14583333333333334,0.8278231104165479,0.9558823529411766,0.2117186387379964,0.28571428571428564,1.2815270721912382,1.9166666666666667,0.0,0.0
1991,"99,99,27,213,127","7693,7693,2600,73,23794", graphic graphic sport un Verantwortlich,0.08664760788281758,3.7111339271068573,False,0.04706427454948425,0.04706427454948425,0.010074251890182495,0.7916666666666666,-0.039222678542137145,-0.0187080775698026,0.1875,0.7140675231912257,0.9441176470588234,0.0,0.0,0.9611339271068572,2.75,0.0,0.0
1992,"251,12,185,217,36","694,12337,15058,15296,24143", fun mobilitytientITYKT,0.07519788841406505,3.712912380695343,False,0.03561455508073171,0.03561455508073171,0.019082307815551758,0.7916666666666666,-0.03925824761390686,-0.01694117734829585,0.1875,0.8129157637811406,0.9647058823529412,0.0,0.0,0.9629123806953429,2.75,0.0,0.0
1993,"71,124,181,118,153","25688,28387,27940,2280,23158", correspondent ressenti societati km pierdere,0.06225736786921819,3.7507480070704506,False,0.03517403453588486,0.03517403453588486,0.009668827056884766,0.5416666666666666,-0.035491150617599485,-0.019242701431115467,0.1875,0.796629822581981,0.9411764705882352,0.0,0.2261904761904762,0.7745575308799741,2.75,0.0,0.0
1994,"0,129,105,255,158","30332,17,10924,27850,17319",lucrareatissent purityenţă,0.11852702796459198,3.7587827245394387,False,0.06852702796459198,0.06852702796459198,0.05078194141387939,1.0,-0.031842321157455444,-0.016942525903383892,0.20833333333333334,0.7405491978023072,0.9794117647058824,0.0,0.0,0.5921160578727722,3.1666666666666665,0.0,0.0
1995,"225,28,41,148,158","28654,5378,3852,5615,17319", festgelegt neck repitzenţă,0.06658277064561845,3.758840541044871,False,0.03045458843310674,0.03116610397895177,0.00412142276763916,0.7083333333333334,-0.03184347748756409,-0.0203033188978831,0.20833333333333334,0.7936915481887112,0.9470588235294116,0.0,0.0,0.5921738743782043,3.1666666666666665,0.0,0.0
1996,"246,57,94,77,25","728,23976,18852,6177,28399", once déplacementkap tie bewegt,0.06986004710197449,3.7620980342229204,False,0.03236004710197449,0.03236004710197449,0.01488804817199707,0.75,-0.048575294017791745,-0.019381667176882427,0.16666666666666666,0.8372075108240128,0.9529411764705882,0.0,0.0,1.4287647008895872,2.333333333333333,0.0,0.0
1997,"231,129,134,46,158","21815,17,28448,18927,17319", stainedt senzati rarenţă,0.06560820738474529,3.767161250114441,False,0.030191540718078613,0.030191540718078613,0.012483352422714235,0.7083333333333334,-0.04034322500228882,-0.018895370264848072,0.1875,0.8089870780302276,0.9588235294117649,0.0,0.0,1.017161250114441,2.75,0.0,0.0
1998,"160,165,100,26,82","20437,13114,14338,15157,16771",enţa-> surroundings sporting posture,0.0846422016620636,3.767425249020258,False,0.042975534995396934,0.042975534995396934,0.015030831098556519,0.8333333333333334,-0.032015171647071836,-0.01775127152601878,0.20833333333333334,0.758340555002411,0.9735294117647059,0.0,0.0,0.6007585823535917,3.1666666666666665,0.0,0.0
1999,"139,154,103,190,23","31,12307,31149,11733,31052",'oara dickeusion pasageri,0.07935528208812079,3.7745407025019326,False,0.037616891165574394,0.03768861542145411,0.0040454864501953125,0.8333333333333334,-0.03215748071670532,-0.015295058488845825,0.20833333333333334,0.7768304721578316,0.9794117647058824,0.0,0.0,0.6078740358352661,3.1666666666666665,0.0,0.0
2000,"117,113,100,215,131","12941,25107,14338,6520,30173", Listen Merry surroundingsrib machiaj,0.07097190022468568,3.780444045861562,False,0.035555233558019005,0.035555233558019005,0.014502215385437011,0.7083333333333334,-0.048942214250564574,-0.01958782474199931,0.16666666666666666,0.7986259287084445,0.9529411764705882,0.0,0.0,1.4471107125282285,2.333333333333333,0.0,0.0
2001,"14,200,8,193,152","6661,3404,17682,26831,19355",sportwareSportVoraussetzungen persoană,0.0544116035103798,3.78100911303172,False,0.026363665858904522,0.02732827017704646,4.8124790191650694e-05,0.5416666666666666,-0.05033881664276123,-0.018752137819925945,0.14583333333333334,0.8310676705449223,0.9470588235294116,0.12121113803651591,0.2261904761904762,1.5169408321380613,1.9166666666666667,0.0,0.0
2002,"0,133,236,26,169","30332,121,24742,15157,680","lucrarea""estival sporting sie",0.12351803034543991,3.8060812950134277,False,0.07351803034543991,0.07351803034543991,0.03999672532081604,1.0,-0.041121625900268556,-0.01716787616411845,0.1875,0.7027882113646365,0.9441176470588234,0.0,0.0,1.0560812950134277,2.75,0.0,0.0
2003,"248,107,153,57,187","6148,798,23158,23976,20719", mici moment pierdere déplacement apărut,0.07413419882456462,3.814495086669922,False,0.034550865491231285,0.034550865491231285,0.014702069759368898,0.7916666666666666,-0.041289901733398436,-0.02058004339536031,0.1875,0.797825633723171,0.9647058823529412,0.0,0.0,1.0644950866699217,2.75,0.0,0.0
2004,"231,41,122,38,161","21815,3852,12759,25012,7890", stained rep beneath captionintérieur,0.053786648809909826,3.821598584689791,False,0.02669856200615565,0.02670331547657649,0.0064105987548828125,0.5416666666666666,-0.0347072035074234,-0.016590605179468792,0.1875,0.8035060453996045,0.9676470588235294,0.11004793312814494,0.2261904761904762,0.73536017537117,2.75,0.0,0.0
2005,"120,58,213,50,100","11930,28310,73,21100,14338", scroll Illustration un Coupe surroundings,0.08777107447385787,3.83591823776563,False,0.041937741140524544,0.041937741140524544,0.02255139946937561,0.9166666666666666,-0.050051698088645936,-0.02035004397233327,0.16666666666666666,0.7602178673419979,0.961764705882353,0.0,0.0,1.5025849044322968,2.333333333333333,0.0,0.0
2006,"58,29,188,158,221","28310,28935,29904,17319,23481", Illustration Squadweiligeenţă Ensemble,0.046697439501682925,3.84483983237592,False,0.027216584732135136,0.02794743950168292,-0.0037663996219635004,0.375,-0.03075547218322754,-0.018030467132727306,0.1875,0.8283537072268072,0.8794117647058824,0.09278050892882878,0.46428571428571425,0.537773609161377,2.75,0.0,0.0
2007,"237,135,35,147,163","8916,19890,14797,18956,13147", restoration pursugraphicriusnehm,0.03510417267680168,3.868243624530141,False,0.0176389974852403,0.018437506010135014,-0.0016125559806823729,0.3333333333333333,-0.04031468033790588,-0.018848761916160583,0.14583333333333334,0.8532064635244024,0.9323529411764706,0.41203341715865666,0.5238095238095238,1.015734016895294,1.9166666666666667,0.0,0.0
2008,"201,12,100,200,169","17624,12337,14338,3404,680", angenehm mobility surroundingsware sie,0.07832350879907607,3.8724793791770935,False,0.038740175465742745,0.038740175465742745,0.010461175441741945,0.7916666666666666,-0.04244958758354187,-0.01758865515391032,0.1875,0.809692353423789,0.9647058823529412,0.0,0.0,1.1224793791770935,2.75,0.0,0.0
2009,"118,129,46,62,65","2280,17,18927,23226,22276", kmt rar imobilrij,0.07850006272395452,3.873365104198456,False,0.038916729390621185,0.038916729390621185,0.016935628652572633,0.7916666666666666,-0.042467302083969115,-0.020704850554466248,0.1875,0.8132523075828182,0.9470588235294116,0.0,0.0,1.1233651041984556,2.75,0.0,0.0
2010,"0,133,115,26,156","30332,121,29508,15157,6872","lucrarea"" pantofi sportingeşti",0.13366476247708003,3.8753398060798645,False,0.08366476247708003,0.08366476247708003,0.06178426146507263,1.0,-0.04250679612159729,-0.013041024406750997,0.1875,0.7277578317254747,0.9705882352941176,0.0,0.0,1.1253398060798643,2.75,0.0,0.0
2011,"178,8,166,147,237","30831,17682,31468,18956,8916",TotusiSport ingrijirerius restoration,0.06183536599079768,3.8759859019801723,False,0.03058536599079768,0.03058536599079768,0.011552751064300537,0.625,-0.04871019423007965,-0.0186699777841568,0.16666666666666666,0.81594959808874,0.9382352941176471,0.0,0.10714285714285708,1.4355097115039823,2.333333333333333,0.0,0.0
2012,"231,136,122,26,169","21815,2824,12759,15157,680", stained.... beneath sporting sie,0.08981410861015321,3.8762488265832262,False,0.0460641086101532,0.0460641086101532,0.019526076316833497,0.875,-0.05085830986499786,-0.018625785907109577,0.16666666666666666,0.7563738578641217,0.9411764705882352,0.0,0.0,1.542915493249893,2.333333333333333,0.0,0.0
2013,"83,35,72,189,210","7383,14797,7411,10646,12182", Frontgraphic griptial estim,0.04481968283653259,3.8790908597764515,False,0.02346406877040863,0.02398634950319926,0.0028386712074279803,0.4166666666666667,-0.04679595828056335,-0.01892070968945821,0.14583333333333334,0.8438918419235238,0.9176470588235294,0.21786437431971228,0.4047619047619047,1.3397979140281675,1.9166666666666667,0.0,0.0
2014,"0,219,188,165,169","30332,25895,29904,13114,680",lucrareafloodedweilige-> sie,0.11531742960214615,3.8849206070105233,False,0.06531742960214615,0.06531742960214615,0.03954901695251465,1.0,-0.034365078806877135,-0.016563115020593006,0.20833333333333334,0.7784669549879613,0.9705882352941176,0.0,0.0,0.7182539403438567,3.1666666666666665,0.0,0.0
2015,"160,105,37,128,210","20437,10924,30396,96,12182","enţaissentelectrique "" estim",0.048422503968079886,3.889579933787149,False,0.0205045019586881,0.02133917063474655,0.006921589374542236,0.5416666666666666,-0.040270790457725525,-0.016926057636737823,0.16666666666666666,0.8838954759790704,0.9588235294117649,0.31651660137706333,0.2261904761904762,1.0135395228862762,2.333333333333333,0.0,0.0
2016,"231,41,210,62,158","21815,3852,12182,23226,17319", stained rep estim imobilenţă,0.05983344515164694,3.891324185662799,False,0.029630084832509358,0.030666778484980266,0.007093858718872072,0.5833333333333334,-0.030913206934928893,-0.017816253006458282,0.20833333333333334,0.803755134126213,0.9411764705882352,0.012330505583021378,0.16666666666666657,0.5456603467464446,3.1666666666666665,0.0,0.0
2017,"98,129,207,211,190","9850,17,8534,16063,11733", depictt processed Pearlusion,0.04857713182767233,3.9163189156660954,False,0.025660465161005657,0.025660465161005657,0.007253891229629517,0.4583333333333333,-0.03352859318256378,-0.017806299030780792,0.1875,0.8142816993578574,0.961764705882353,0.1446511612998114,0.34523809523809523,0.6764296591281889,2.75,0.0,0.0
2018,"199,203,48,147,210","11171,7889,27062,18956,12182",mates assembly pantalonrius estim,0.07876517474651337,3.919057379166285,False,0.04126517474651337,0.04126517474651337,0.01306481957435608,0.75,-0.03504781424999237,-0.01895878215630849,0.20833333333333334,0.7900094811181559,0.911764705882353,0.0,0.0,0.7523907124996185,3.1666666666666665,0.0,0.0
2019,"79,131,164,217,59","5206,30173,6303,15296,31675",rick machiajitatiITY temporaire,0.06708434124787649,3.932089040676752,False,0.031667674581209816,0.031667674581209816,0.012258476018905642,0.7083333333333334,-0.03530844748020172,-0.02015006293853124,0.20833333333333334,0.8291502199537591,0.961764705882353,0.0,0.0,0.7654223740100858,3.1666666666666665,0.0,0.0
2020,"16,129,45,77,231","20538,17,25231,6177,21815", tragetffentlichkeit tie stained,0.07405565083026887,3.9324649969736734,False,0.038638984163602196,0.038638984163602196,0.011496984958648681,0.7083333333333334,-0.035315966606140135,-0.018040910363197327,0.20833333333333334,0.7811393906534839,0.9264705882352942,0.0,0.0,0.7657983303070067,3.1666666666666665,0.0,0.0
2021,"0,190,253,28,48","30332,11733,31728,5378,27062",lucrareausion ultraviolet neck pantalon,0.12616113871335982,3.935096244017283,False,0.07616113871335983,0.07616113871335983,0.056817656755447386,1.0,-0.03536859154701233,-0.015557045737902323,0.20833333333333334,0.7108348501604334,0.9735294117647059,0.0,0.0,0.7684295773506165,3.1666666666666665,0.0,0.0
2022,"131,249,122,68,60","30173,13418,12759,15501,4091", machiaj breathe beneath Bewegung rear,0.07176200946172079,3.9399816393852234,False,0.036345342795054116,0.036345342795054116,0.014483821392059327,0.7083333333333334,-0.04379963278770447,-0.024298526346683502,0.1875,0.7894188313084228,0.9647058823529412,0.0,0.0,1.1899816393852234,2.75,0.0,0.0
2023,"231,31,61,152,197","21815,8221,18837,19355,2266", stainedimage manger persoană24,0.06714334239562353,3.9431494275728856,False,0.031135208904743195,0.031726675728956856,0.002848035097122197,0.7083333333333334,-0.03552965521812439,-0.013309424122174581,0.20833333333333334,0.7976250968431805,0.9235294117647058,0.0,0.0,0.7764827609062193,3.1666666666666665,0.0,0.0
2024,"231,41,41,200,215","21815,3852,3852,3404,6520", stained rep repwarerib,0.050487413009007776,3.950982481714279,False,0.025207852323849995,0.02548741300900777,0.004151374101638794,0.5,-0.03511059880256653,-0.015963934361934662,0.1875,0.8008098355389174,0.9470588235294116,0.15973825587166682,0.28571428571428564,0.7555299401283263,2.75,0.0,0.0
2025,"56,252,35,247,247","12462,21212,14797,12327,12327", hommes Colingraphicregardedregarded,0.04862159937620163,3.9644211388769603,False,0.025569289922714233,0.025704932709534962,0.00045154690742492734,0.4583333333333333,-0.03442985415458679,-0.014761492609977722,0.1875,0.797667782329953,0.9264705882352942,0.14769033590952552,0.34523809523809523,0.7214927077293395,2.75,0.0,0.0
2026,"48,132,157,26,171","27062,6889,27499,15157,7184", pantalon ihmizant sportingн,0.08136945217847824,3.9698250889778137,False,0.03970278551181158,0.03970278551181158,0.01912333369255066,0.8333333333333334,-0.04439650177955627,-0.014625770350297293,0.1875,0.8503903792316041,0.9441176470588234,0.0,0.0,1.2198250889778135,2.75,0.0,0.0
2027,"231,133,102,183,131","21815,121,26182,23,30173"," stained"" correspondanti machiaj",0.06260303457578023,3.9761589864889775,False,0.033436367909113564,0.033436367909113564,0.0022342860698699955,0.5833333333333334,-0.041189846396446225,-0.018729984760284424,0.1875,0.811491318983857,0.911764705882353,0.0,0.16666666666666657,1.0594923198223112,2.75,0.0,0.0
2028,"210,129,186,110,199","12182,17,10443,24243,11171", estimtû événementsmates,0.030077188213666284,3.9815580513742233,False,0.01290548841158549,0.015493854880332947,-0.009191590547561645,0.2916666666666667,-0.02990148663520813,-0.016040886441866558,0.16666666666666666,0.8954486541837219,0.9441176470588234,0.5698170529471503,0.5833333333333333,0.4950743317604065,2.333333333333333,0.0,0.0
2029,"71,186,77,43,90","25688,10443,6177,25627,23060", correspondentû tie Exterior răspunde,0.06897776524225871,3.9844671218168166,False,0.035389244556427,0.03564443190892538,0.01076112985610962,0.6666666666666666,-0.04373696148395538,-0.01936781903107961,0.1875,0.8311827592624226,0.911764705882353,0.0,0.04761904761904761,1.186848074197769,2.75,0.0,0.0
2030,"46,189,227,36,179","18927,10646,15782,24143,3997", rartial DemoKTcht,0.07928212185700735,3.9851800898710885,False,0.03548005719979604,0.03553212185700735,0.017200767993927005,0.875,-0.03637026846408844,-0.020715100069840748,0.20833333333333334,0.811678116231577,0.9441176470588234,0.0,0.0,0.8185134232044219,3.1666666666666665,0.0,0.0
2031,"0,236,100,26,169","30332,24742,14338,15157,680",lucrareaestival surroundings sporting sie,0.12904151578744252,4.032111695232947,False,0.07904151578744252,0.07904151578744252,0.045558565855026247,1.0,-0.03705220520496368,-0.016026129325230915,0.20833333333333334,0.6910156621773319,0.9441176470588234,0.0,0.0,0.8526102602481841,3.1666666666666665,0.01283476831809722,0.0
2032,"221,186,77,147,210","23481,10443,6177,18956,12182", Ensembleû tierius estim,0.02709357390801112,4.045286273199414,False,0.008597555259863535,0.014593573908011118,-0.022190141677856445,0.25,-0.027113619446754455,-0.01453479379415512,0.16666666666666666,0.9340070024267433,0.95,0.7134148246712155,0.6428571428571428,0.3556809723377227,2.333333333333333,0.0,0.0
2033,"104,79,136,46,102","15091,5206,2824,18927,26182",spielerrick.... rar correspondant,0.06508724639813104,4.061681242216201,False,0.03375956664482752,0.03383724639813105,0.006851553916931152,0.625,-0.03575743436813354,-0.01875213285287221,0.20833333333333334,0.7474373849064582,0.9205882352941176,0.0,0.10714285714285708,0.787871718406677,3.1666666666666665,0.0,0.0
2034,"0,189,224,28,11","30332,10646,1130,5378,9161",lucrareatial follow neck bro,0.13479659507671993,4.096802699792022,False,0.08479659507671992,0.08479659507671992,0.06112712621688843,1.0,-0.03812776803970337,-0.013973678151766459,0.20833333333333334,0.6833766582018697,0.9705882352941176,0.0,0.0,0.9063884019851686,3.1666666666666665,0.023747631140186142,0.0
2035,"118,13,188,62,138","2280,28688,29904,23226,9518", km pistonweilige imobil oferit,0.06480060269435248,4.101993800628753,False,0.03355060269435247,0.03355060269435247,0.012238556146621704,0.625,-0.03656368553638458,-0.019432264069716137,0.20833333333333334,0.7892117333680787,0.9705882352941176,0.0,0.10714285714285708,0.828184276819229,3.1666666666666665,0.0,0.0
2036,"51,228,98,10,215","30250,4408,9850,15854,6520", thumbnail accord depict realmrib,0.08460584233204524,4.110162734985352,False,0.040855842332045235,0.040855842332045235,0.02072783708572388,0.875,-0.04720325469970703,-0.02068499227364858,0.1875,0.7944198258879835,0.9647058823529412,0.0,0.0,1.3601627349853513,2.75,0.0,0.0
2037,"233,136,74,78,184","8216,2824,9633,20961,20351", termen.... bitteKINGüchte,0.05278929124275844,4.112854335043165,False,0.022994381686051685,0.023622624576091766,0.0014836430549621598,0.5833333333333334,-0.030920007824897768,-0.019504792988300323,0.20833333333333334,0.8715298841247271,0.9558823529411766,0.2335206104649438,0.16666666666666657,0.5460003912448883,3.1666666666666665,0.0,0.0
2038,"118,247,66,247,102","2280,12327,1041,12327,26182", kmregarded actionregarded correspondant,0.0653430720170339,4.120145153431665,False,0.03342585017283758,0.0340930720170339,0.0021264612674713164,0.625,-0.028593379259109496,-0.016943737864494324,0.22916666666666666,0.8278644065023041,0.8970588235294116,0.0,0.10714285714285708,0.4296689629554748,3.5833333333333326,0.0,0.0
2039,"174,247,41,38,40","6031,12327,3852,25012,18132",ttingregarded rep caption Vorstand,0.07591741482416789,4.128676635878427,False,0.041393796602884926,0.042584081490834556,0.00014007091522217404,0.6666666666666666,-0.03828781843185425,-0.017311419049898785,0.20833333333333334,0.7952513823961193,0.8823529411764707,0.0,0.04761904761904761,0.9143909215927124,3.1666666666666665,0.0,0.0
2040,"199,31,38,28,180","11171,8221,25012,5378,31797",matesimage caption neckscrisă,0.08971624225378036,4.1387890080610905,False,0.04388290892044703,0.04388290892044703,0.022758239507675172,0.9166666666666666,-0.039442446827888486,-0.020068397124608357,0.20833333333333334,0.7279755817402758,0.9735294117647059,0.0,0.0,0.9721223413944242,3.1666666666666665,0.0,0.0
2041,"170,128,74,215,172","13602,96,9633,6520,13910","ffen "" bitteriblebt",0.04098595678806305,4.13988018792773,False,0.019626130660374958,0.020152623454729717,-0.001616358757019043,0.4166666666666667,-0.032786452770233156,-0.017478222648302715,0.1875,0.8965350114004212,0.976470588235294,0.345795644654168,0.4047619047619047,0.6393226385116577,2.75,0.0,0.0
2042,"50,76,186,76,169","21100,26292,10443,26292,680", Coupe menschlicheû menschliche sie,0.0548783133427302,4.160333249777082,False,0.02944679061571757,0.029878313342730205,0.008992516994476318,0.5,-0.033790239691734315,-0.018453873693943024,0.20833333333333334,0.7897484281050199,0.9264705882352942,0.018440312809414258,0.28571428571428564,0.6895119845867157,3.1666666666666665,0.0,0.0
2043,"136,112,116,253,198","2824,21711,29248,31728,3484",.... bilden motoare ultravioletgra,0.06981508731842041,4.1630427936712895,False,0.040648420651753746,0.040648420651753746,0.0061340630054473886,0.5833333333333334,-0.04492752254009247,-0.02046266943216324,0.1875,0.7714331895329012,0.9382352941176471,0.0,0.16666666666666657,1.2463761270046234,2.75,0.0,0.0
2044,"197,129,8,26,158","2266,17,17682,15157,17319",24tSport sportingenţă,0.07533288598060608,4.170104444026947,False,0.03783288598060608,0.03783288598060608,0.014427721500396729,0.75,-0.04840208888053894,-0.016784076889355976,0.1875,0.7861567492894564,0.9382352941176471,0.0,0.0,1.420104444026947,2.75,0.0,0.0
2045,"200,13,215,120,31","3404,28688,6520,11930,8221",ware pistonrib scrollimage,0.07033369292815528,4.177667925755182,False,0.032833692928155266,0.032833692928155266,0.009404760599136353,0.75,-0.04022002518177032,-0.0184164692958196,0.20833333333333334,0.8102456437839781,0.9794117647058824,0.0,0.0,1.011001259088516,3.1666666666666665,0.0,0.0
2046,"136,247,24,26,161","2824,12327,29668,15157,7890",....regarded Crisis sportingintérieur,0.06612565517425538,4.187587390343348,False,0.02999669313430786,0.030708988507588703,-0.0040750384330749505,0.7083333333333334,-0.0320828765630722,-0.018364690244197845,0.22916666666666666,0.8005040129374847,0.9147058823529413,0.00011022885640458539,0.0,0.6041438281536101,3.5833333333333326,0.0,0.0
2047,"199,247,96,241,80","11171,12327,11564,31980,8787",matesregardedtataréglage Abs,0.06157665252685547,4.203772485256194,False,0.032409985860188804,0.032409985860188804,0.007550007104873658,0.5833333333333334,-0.0290754497051239,-0.0171327938636144,0.22916666666666666,0.7904591839137003,0.9,0.0,0.16666666666666657,0.45377248525619496,3.5833333333333326,0.0,0.0
2048,"132,167,185,121,125","6889,24594,15058,803,19020", ihmidiatient friends humaine,0.08368712961673735,4.2191931406656895,False,0.04410379628340403,0.04410379628340403,0.015461343526840211,0.7916666666666666,-0.04105052947998047,-0.020503779252370197,0.20833333333333334,0.7754697854293978,0.9,0.0,0.0,1.0525264739990232,3.1666666666666665,0.0,0.0
2049,"93,166,94,121,18","19486,31468,18852,803,12487", vitesse ingrijirekap friends adjacent,0.08233488649129866,4.221533517042795,False,0.04275155315796534,0.04275155315796534,0.013772481679916383,0.7916666666666666,-0.041097337007522584,-0.020275011658668518,0.20833333333333334,0.7716507851698114,0.9735294117647059,0.0,0.0,1.0548668503761292,3.1666666666666665,0.0,0.0
2050,"58,212,215,1,120","28310,19109,6520,22665,11930", Illustration nachhaltigribpictured scroll,0.06421890258789063,4.238525751564238,False,0.028802235921223957,0.028802235921223957,0.010400652885437012,0.7083333333333334,-0.05730533897876739,-0.02155982454617818,0.16666666666666666,0.8191183586727917,0.9647058823529412,0.039925469292534724,0.0,1.8652669489383698,2.333333333333333,0.0,0.0
2051,"0,35,35,214,152","30332,14797,14797,13525,19355",lucrareagraphicgraphicără persoană,0.12174108177423477,4.244806158368291,False,0.07174108177423477,0.07174108177423477,0.04933882355690003,1.0,-0.04975151717662811,-0.02051303784052531,0.1875,0.6949387903241805,0.9588235294117649,0.0,0.0,1.4875758588314054,2.75,0.007230299536884953,0.0
2052,"234,168,177,39,171","794,15271,25482,2951,7184", testoarăprinderechesн,0.03393116990725199,4.251933958795336,False,0.01878027121225993,0.01934783657391866,0.004718384146690369,0.2916666666666667,-0.03089219331741333,-0.017674324413140614,0.1875,0.8832031683283259,0.9794117647058824,0.37399095959133566,0.5833333333333333,0.5446096658706665,2.75,0.0,0.0
2053,"117,171,41,39,80","12941,7184,3852,2951,8787", Listenн repches Abs,0.06446235626935959,4.253479849724542,False,0.03321235626935959,0.03321235626935959,0.011127525568008423,0.625,-0.03126007318496704,-0.01938054710626602,0.22916666666666666,0.7809982892614045,0.9705882352941176,0.0,0.10714285714285708,0.563003659248352,3.5833333333333326,0.0,0.0
2054,"200,10,151,159,63","3404,15854,1110,3077,23832",ware realm seinige Regal,0.05055160770813624,4.26074251769081,False,0.02763315538565318,0.027634941041469574,0.003910160064697267,0.4583333333333333,-0.041732192039489746,-0.01978132128715515,0.1875,0.8289374100314599,0.9735294117647059,0.07889482047822734,0.34523809523809523,1.0866096019744873,2.75,0.0,0.0
2055,"245,129,100,26,82","23156,17,14338,15157,16771",ceştit surroundings sporting posture,0.08740206311146419,4.264058152834574,False,0.045735396444797516,0.045735396444797516,0.010042041540145877,0.8333333333333334,-0.04194782972335816,-0.01762618621190389,0.20833333333333334,0.8283254560728133,0.9676470588235294,0.0,0.0,1.0973914861679077,3.1666666666666665,0.0,0.0
2056,"145,219,238,38,76","26356,25895,12740,25012,26292", sunetfloodedvolu caption menschliche,0.07234301641583443,4.280994613965351,False,0.03463224694132805,0.03484301641583443,0.009180304408073426,0.75,-0.03395322561264038,-0.018738838533560436,0.22916666666666666,0.7588863580349022,0.9470588235294116,0.0,0.0,0.6976612806320189,3.5833333333333326,0.0,0.0
2057,"123,6,28,166,53","22250,21014,5378,31468,1735", papa sportiv neck ingrijire moving,0.09153673201799392,4.2915005783239994,False,0.04570339868466059,0.04570339868466059,0.023322463035583496,0.9166666666666666,-0.042496678233146665,-0.016464459399382275,0.20833333333333334,0.720255143427481,0.9411764705882352,0.0,0.0,1.1248339116573332,3.1666666666666665,0.0,0.0
2058,"212,13,46,26,82","19109,28688,18927,15157,16771", nachhaltig piston rar sporting posture,0.08487097720305126,4.292968889077503,False,0.04528764386971792,0.04528764386971792,0.01728854775428772,0.7916666666666666,-0.05919271111488342,-0.021510230998198192,0.16666666666666666,0.7761856357084707,0.9441176470588234,0.0,0.0,1.9596355557441707,2.333333333333333,0.0,0.0
2059,"126,31,47,200,113","7253,8221,27265,3404,25107",raiimage klickenware Merry,0.0716691628098488,4.2961409489313755,False,0.03625249614318212,0.03625249614318212,0.009894084930419923,0.7083333333333334,-0.04258948564529419,-0.021213007469971974,0.20833333333333334,0.7634674447518194,0.9676470588235294,0.0,0.0,1.1294742822647095,3.1666666666666665,0.0,0.0
2060,"0,31,187,88,171","30332,8221,20719,11461,7184",lucrareaimage apărut physiqueн,0.12062050203482311,4.300866107145945,False,0.0706205020348231,0.0706205020348231,0.053351038694381715,1.0,-0.04268398880958557,-0.014881670475006104,0.20833333333333334,0.7300253341837497,0.9676470588235294,0.0,0.0,1.1341994404792786,3.1666666666666665,0.0,0.0
2061,"113,133,39,39,41","25107,121,2951,2951,3852"," Merry""chesches rep",0.07406431734561919,4.314466446638107,False,0.034480984012285866,0.034480984012285866,0.012439078092575074,0.7916666666666666,-0.05128932893276215,-0.02127472807963689,0.1875,0.7720351089286537,0.9647058823529412,0.0,0.0,1.5644664466381075,2.75,0.0,0.0
2062,"161,204,249,155,114","7890,1250,13418,31308,21415",intérieur allows breathe mănâncRAL,0.07808866649866103,4.317826161781946,False,0.038505333165327706,0.038505333165327706,0.019459849596023558,0.7916666666666666,-0.0430231899023056,-0.01870411882797877,0.20833333333333334,0.7607739365042192,0.9529411764705882,0.0,0.0,1.15115949511528,3.1666666666666665,0.0,0.0
2063,"139,189,107,111,80","31,10646,798,6156,8787",'tial moment Pas Abs,0.07208834687868754,4.326688428719837,False,0.03458834687868754,0.03458834687868754,0.01745198369026184,0.75,-0.034867101907730104,-0.017705974479516346,0.22916666666666666,0.8107158016500372,0.9794117647058824,0.0,0.0,0.7433550953865051,3.5833333333333326,0.0,0.0
2064,"231,228,217,133,31","21815,4408,15296,121,8221"," stained accordITY""image",0.07550870428482692,4.3301549355189,False,0.03592537095149358,0.03592537095149358,0.01448875665664673,0.7916666666666666,-0.043269765377044675,-0.020018845796585083,0.20833333333333334,0.8015269208411155,0.9382352941176471,0.0,0.0,1.1634882688522337,3.1666666666666665,0.0,0.0
2065,"81,28,215,166,58","1722,5378,6520,31468,28310", physical neckrib ingrijire Illustration,0.07757690052191417,4.34052629272143,False,0.0359102338552475,0.0359102338552475,0.019239974021911622,0.8333333333333334,-0.043477192521095276,-0.021635671456654865,0.20833333333333334,0.7645017766193604,0.976470588235294,0.0,0.0,1.1738596260547638,3.1666666666666665,0.0,0.0
2066,"58,146,44,113,254","28310,20352,15843,25107,28995", Illustration cuir shaft Merryfreiheit,0.06544769058624902,4.347052386828831,False,0.03402120620012283,0.03419769058624903,0.0062364876270294195,0.625,-0.04979819059371948,-0.021119517584641773,0.1875,0.7777902395041753,0.9382352941176471,0.0,0.10714285714285708,1.4899095296859741,2.75,0.0,0.0
2067,"121,94,25,9,111","803,18852,28399,3349,6156", friendskap bewegt Sport Pas,0.10392809559901556,4.3590872468592945,False,0.05809476226568222,0.05809476226568222,0.026289284229278564,0.9166666666666666,-0.04363559484481812,-0.020562194287776947,0.20833333333333334,0.6925514134337942,0.9470588235294116,0.0,0.0,1.1817797422409058,3.1666666666666665,0.01064083795172247,0.0
2068,"176,219,172,193,82","257,25895,13910,26831,16771",ationfloodedlebtVoraussetzungen posture,0.045962734768788024,4.395358551825796,False,0.02083941176533699,0.025129401435454685,-0.016656112670898435,0.4166666666666667,-0.030371540784835813,-0.016370279093583424,0.20833333333333334,0.8883091398735475,0.9382352941176471,0.30535294115543365,0.4047619047619047,0.5185770392417907,3.1666666666666665,0.0,0.0
2069,"32,245,235,150,219","22608,23156,7999,10470,25895",occupantceştielliôtflooded,0.0691284348567327,4.397389968236286,False,0.03162843485673269,0.03162843485673269,0.01045873761177063,0.75,-0.03628113269805908,-0.016356587409973145,0.22916666666666666,0.8257443349296264,0.911764705882353,0.0,0.0,0.8140566349029541,3.5833333333333326,0.0,0.0
2070,"36,129,187,247,239","24143,17,20719,12327,23267",KTt apărutregardedtolerant,0.04366423934698105,4.400117411499932,False,0.022705361247062683,0.022830906013647716,0.006784659624099732,0.4166666666666667,-0.031710684299468994,-0.019263329605261486,0.20833333333333334,0.8558821411256294,0.9705882352941176,0.24315462509791053,0.4047619047619047,0.5855342149734497,3.1666666666666665,0.0,0.0
2071,"141,121,13,77,197","25205,803,28688,6177,2266",izeze friends piston tie24,0.08698899944623312,4.419767538706461,False,0.04115566611289978,0.04115566611289978,0.020729994773864748,0.9166666666666666,-0.045062017440795896,-0.019994425276915233,0.20833333333333334,0.7418378672447399,0.988235294117647,0.0,0.0,1.2531008720397947,3.1666666666666665,0.0,0.0
2072,"200,149,60,26,33","3404,18457,4091,15157,25803",ware varsta rear sporting Sauce,0.07793848365545274,4.439241419235865,False,0.042521816988786064,0.042521816988786064,0.011986660957336427,0.7083333333333334,-0.04545149505138397,-0.01916886866092682,0.20833333333333334,0.7555548059651308,0.9382352941176471,0.0,0.0,1.2725747525691984,3.1666666666666665,0.0,0.0
2073,"71,100,186,252,125","25688,14338,10443,21212,19020", correspondent surroundingsû Colin humaine,0.06103346645832062,4.446674880527315,False,0.03564425309499105,0.03603346645832062,0.006448459625244142,0.5,-0.039885878562927246,-0.021247011919816334,0.20833333333333334,0.7929143326980941,0.8911764705882352,0.0,0.28571428571428564,0.9942939281463623,3.1666666666666665,0.0,0.0
2074,"0,57,94,230,90","30332,23976,18852,25638,23060",lucrarea déplacementkap Numero răspunde,0.12569002111752828,4.461386155041634,False,0.07569002111752827,0.07569002111752827,0.051347005367279056,1.0,-0.044941851496696474,-0.014892126123110453,0.20833333333333334,0.6666611605218992,0.9088235294117648,0.0,0.0,1.2470925748348236,3.1666666666666665,0.04762691354014399,0.0
2075,"72,36,51,162,86","7411,24143,30250,5290,16233", gripKT thumbnailizat Crew,0.0835303286711375,4.476642241080602,False,0.03978032867113749,0.03978032867113749,0.01641662120819092,0.875,-0.037866178154945376,-0.01889728754758835,0.22916666666666666,0.7621943674763453,0.9235294117647058,0.0,0.0,0.8933089077472688,3.5833333333333326,0.0,0.0
2076,"139,247,252,215,57","31,12327,21212,6520,23976",'regarded Colinrib déplacement,0.05699883202711742,4.4767227106624174,False,0.026697782178719837,0.027832165360450745,0.0030847251415252693,0.5833333333333334,-0.04066630899906158,-0.021201923489570618,0.20833333333333334,0.8270051391627917,0.9029411764705882,0.1100739273760054,0.16666666666666657,1.033315449953079,3.1666666666666665,0.0,0.0
2077,"237,24,185,190,159","8916,29668,15058,11733,3077", restoration Crisistientusionige,0.0459707573056221,4.480194004755171,False,0.019793125490347546,0.023054090638955433,-0.010158061981201172,0.4583333333333333,-0.04089453518390655,-0.019707868496576946,0.1875,0.8850289184524265,0.9176470588235294,0.34022915032174844,0.34523809523809523,1.0447267591953275,2.75,0.0,0.0
2078,"194,129,100,26,90","23078,17,14338,15157,23060",politischent surroundings sporting răspunde,0.08029085298379263,4.482773919900257,False,0.044874186317125954,0.044874186317125954,0.012908542156219482,0.7083333333333334,-0.0379888117313385,-0.018556368847688038,0.22916666666666666,0.705387471909978,0.8852941176470588,0.0,0.0,0.899440586566925,3.5833333333333326,0.0,0.0
2079,"8,226,104,80,58","17682,20736,15091,8787,28310",Sporteselspieler Abs Illustration,0.08209344844023386,4.487298657496769,False,0.044583000242710114,0.044593448440233864,0.00811660885810852,0.75,-0.03807930648326874,-0.019685777525107067,0.22916666666666666,0.7955773513122854,0.9411764705882352,0.0,0.0,0.9039653241634369,3.5833333333333326,0.0,0.0
2080,"149,97,235,74,5","18457,31302,7999,9633,2426", varsta reacțielli bitte movement,0.06575605670611065,4.512918223937351,False,0.030063430468241375,0.03033939003944397,0.01197723150253296,0.7083333333333334,-0.03859169781208038,-0.020483059187730152,0.22916666666666666,0.7986034667253509,0.9529411764705882,0.0,0.0,0.9295848906040192,3.5833333333333326,0.0,0.0
2081,"63,186,74,147,30","23832,10443,9633,18956,22706", Regalû bitteriusmog,0.03315635919570923,4.514871703253852,False,0.018483335773150127,0.018573025862375896,8.117854595184358e-05,0.2916666666666667,-0.03595299124717712,-0.016227605442206066,0.1875,0.8962892417984623,0.961764705882353,0.3838888075616624,0.5833333333333333,0.7976495623588561,2.75,0.0,0.0
2082,"43,200,77,77,210","25627,3404,6177,6177,12182", Exteriorware tie tie estim,0.06938783476750057,4.55391107002894,False,0.03397116810083389,0.03397116810083389,0.014001208543777467,0.7083333333333334,-0.04774488806724548,-0.020656955738862354,0.20833333333333334,0.8114953328090145,0.9294117647058824,0.0,0.0,1.387244403362274,3.1666666666666665,0.0,0.0
2083,"161,13,188,26,54","7890,28688,29904,15157,7818",intérieur pistonweilige sportingroc,0.0794394428531329,4.5951502323150635,False,0.04402277618646622,0.04402277618646622,0.01378720998764038,0.7083333333333334,-0.03190300464630127,-0.018440147240956623,0.25,0.7912506021702598,0.95,0.0,0.0,0.5951502323150634,4.0,0.0,0.0
2084,"126,63,239,29,182","7253,23832,23267,28935,1575",rai Regaltolerant Squadtion,0.07174819807211558,4.598843187093735,False,0.03424819807211558,0.03424819807211558,0.013091188669204713,0.75,-0.031976863741874695,-0.022369456787904102,0.25,0.7652243423366777,0.9470588235294116,0.0,0.0,0.5988431870937347,4.0,0.0,0.0
2085,"231,189,227,21,158","21815,10646,15782,10089,17319", stainedtial Demo Animalenţă,0.08140166401863097,4.601297309001286,False,0.041818330685297646,0.041818330685297646,0.016178399324417114,0.7916666666666666,-0.04035927951335907,-0.019454287985960644,0.22916666666666666,0.7838052652586528,0.9382352941176471,0.0,0.0,1.0179639756679533,3.5833333333333326,0.0,0.0
2086,"75,3,177,146,49","904,22526,25482,20352,26851",men martialprindere cuir représentant,0.07945296863714854,4.627163343486331,False,0.04611963530381521,0.04611963530381521,0.009079265594482423,0.6666666666666666,-0.039924219250679016,-0.011363531152407328,0.22916666666666666,0.73442718816959,0.8470588235294119,0.0,0.04761904761904761,0.9962109625339508,3.5833333333333326,0.0,0.0
2087,"149,190,79,66,237","18457,11733,5206,1041,8916", varstausionrick action restoration,0.048271135737498604,4.628299629640957,False,0.026680006335179012,0.027437802404165268,-0.0006804525852203368,0.4166666666666667,-0.03892409205436707,-0.018841999272505443,0.20833333333333334,0.8676514483772297,0.9058823529411765,0.1106664554940329,0.4047619047619047,0.9462046027183533,3.1666666666666665,0.0,0.0
2088,"174,111,219,178,21","6031,6156,25895,30831,10089",tting PasfloodedTotusi Animal,0.09311873118082684,4.63594588637352,False,0.04728539784749349,0.04728539784749349,0.022191554307937622,0.9166666666666666,-0.0327189177274704,-0.016174371043841045,0.25,0.7934513361908166,0.9588235294117649,0.0,0.0,0.6359458863735198,4.0,0.0,0.0
2089,"146,35,117,225,221","20352,14797,12941,28654,23481", cuirgraphic Listen festgelegt Ensemble,0.042606784403324126,4.645969375731452,False,0.023604301114877064,0.02594011773665746,-0.008510148525238036,0.3333333333333333,-0.034846064448356626,-0.016126886010169983,0.20833333333333334,0.8743938255636357,0.8970588235294116,0.21318996283743116,0.5238095238095238,0.7423032224178312,3.1666666666666665,0.0,0.0
2090,"170,228,0,178,248","13602,4408,30332,30831,6148",ffen accordlucrareaTotusi mici,0.11596575180689495,4.646363039811451,False,0.06596575180689494,0.06596575180689494,0.04319627285003662,1.0,-0.04126059412956238,-0.019419667621453602,0.22916666666666666,0.7495727398903129,0.9647058823529412,0.0,0.0,1.063029706478119,3.5833333333333326,0.0,0.0
2091,"31,41,157,26,82","8221,3852,27499,15157,16771",image repizant sporting posture,0.09823790043592454,4.6506511966387425,False,0.050321233769257866,0.050321233769257866,0.025646412372589113,0.9583333333333334,-0.04967969059944152,-0.017957585553328197,0.20833333333333334,0.7360426756065874,0.9558823529411766,0.0,0.0,1.4839845299720762,3.1666666666666665,0.0,0.0
2092,"77,169,157,162,221","6177,680,27499,5290,23481", tie sieizantizat Ensemble,0.05922953138748805,4.671159703107106,False,0.031358460585276283,0.032146198054154716,0.005318963527679444,0.5416666666666666,-0.03723271787166595,-0.0200030580163002,0.22916666666666666,0.8490247524106687,0.9588235294117649,0.0,0.2261904761904762,0.8616358935832976,3.5833333333333326,0.0,0.0
2093,"200,200,94,147,102","3404,3404,18852,18956,26182",warewarekaprius correspondant,0.03925224244594574,4.671305091608138,False,0.020179107785224915,0.022585575779279072,-0.007881462574005125,0.3333333333333333,-0.041402649879455564,-0.014320592085520426,0.1875,0.8552297401596252,0.9294117647058824,0.3273630738258362,0.5238095238095238,1.070132493972778,2.75,0.0,0.0
2094,"0,189,185,255,169","30332,10646,15058,27850,680",lucrareatialtient purity sie,0.1173434982697169,4.693665236234665,False,0.0673434982697169,0.0673434982697169,0.04946211576461792,1.0,-0.0338733047246933,-0.018580215672651928,0.25,0.7474488088703684,0.9735294117647059,0.0,0.0,0.6936652362346649,4.0,0.0,0.0
2095,"111,243,18,166,141","6156,16323,12487,31468,25205", Pas Plain adjacent ingrijireizeze,0.057014996061722445,4.705377841989199,False,0.02784832939505577,0.02784832939505577,0.006126376986503601,0.5833333333333334,-0.03767310976982117,-0.02021725724140803,0.22916666666666666,0.8764278314622604,0.9676470588235294,0.07172235349814093,0.16666666666666657,0.8836554884910583,3.5833333333333326,0.0,0.0
2096,"14,200,241,193,159","6661,3404,31980,26831,3077",sportwareréglageVoraussetzungenige,0.0502441460887591,4.7103191864868945,False,0.02155749003092448,0.02316081275542577,-0.003503376245498657,0.5416666666666666,-0.04072090089321136,-0.017270557582378387,0.20833333333333334,0.8305843905581556,0.9470588235294116,0.281416998969184,0.2261904761904762,1.036045044660568,3.1666666666666665,0.0,0.0
2097,"170,253,71,8,63","13602,31728,25688,17682,23832",ffen ultraviolet correspondentSport Regal,0.06535315463940303,4.712918532746178,False,0.032019821306069694,0.032019821306069694,0.008449339866638185,0.6666666666666666,-0.049972656369209285,-0.020418457686901093,0.20833333333333334,0.7532351237798068,0.9205882352941176,0.0,0.04761904761904761,1.4986328184604643,3.1666666666666665,0.0,0.0
2098,"116,4,198,201,252","29248,1817,3484,17624,21212", motoare misgra angenehm Colin,0.07926351428031922,4.721981167793274,False,0.041763514280319214,0.041763514280319214,0.01503111720085144,0.75,-0.03443962335586548,-0.020725734531879425,0.25,0.730786417184791,0.9058823529411765,0.0,0.0,0.7219811677932739,4.0,0.0,0.0
2099,"246,142,133,81,167","728,3416,121,1722,24594"," once €"" physicalidia",0.034389684846003854,4.7484355751011105,False,0.01970925306280454,0.019806351512670517,0.00325266718864441,0.2916666666666667,-0.03310821354389191,-0.01813630263010661,0.20833333333333334,0.8637786474227421,0.9676470588235294,0.34302489790651536,0.5833333333333333,0.6554106771945953,3.1666666666666665,0.0,0.0
2100,"231,72,225,121,53","21815,7411,28654,803,1735", stained grip festgelegt friends moving,0.09736515432596207,4.785235007603962,False,0.0494484876592954,0.0494484876592954,0.027062499523162843,0.9583333333333334,-0.044038033485412596,-0.023631098369757336,0.22916666666666666,0.7530573576386913,0.9676470588235294,0.0,0.0,1.2019016742706297,3.5833333333333326,0.0,0.0
2101,"163,57,142,38,183","13147,23976,3416,25012,23",nehm déplacement € captioni,0.053478251894315085,4.79072560393621,False,0.02567666272322337,0.02639491856098175,0.002477854490280153,0.5416666666666666,-0.036741811037063594,-0.019702740013599396,0.22916666666666666,0.8437348396087045,0.9588235294117649,0.14411124255922098,0.2261904761904762,0.8370905518531797,3.5833333333333326,0.0,0.0
2102,"0,133,236,26,246","30332,121,24742,15157,728","lucrarea""estival sporting once",0.12116867105166118,4.791259348392487,False,0.07116867105166118,0.07116867105166118,0.04138449430465698,1.0,-0.03582518696784973,-0.018229539195696514,0.25,0.7354279428459085,0.9441176470588234,0.0,0.0,0.7912593483924866,4.0,0.0,0.0
2103,"11,228,134,215,156","9161,4408,28448,6520,6872", bro accord senzatiribeşti,0.06616295278072358,4.81054562330246,False,0.03062202533086141,0.030746286114056904,0.011211574077606201,0.7083333333333334,-0.0362109124660492,-0.018015367289384205,0.25,0.8219775143970891,0.95,0.0,0.0,0.8105456233024598,4.0,0.0,0.0
2104,"199,80,106,161,14","11171,8787,14385,7890,6661",mates Abs Freundeintérieursport,0.0765438069899877,4.832728534936905,False,0.041070433954397835,0.04112714032332102,0.009369850158691406,0.7083333333333334,-0.0366545706987381,-0.019146005312601726,0.25,0.7673015740446922,0.95,0.0,0.0,0.8327285349369049,4.0,0.0,0.0
2105,"199,41,105,26,169","11171,3852,10924,15157,680",mates repissent sporting sie,0.09570949524641037,4.835432246430174,False,0.054022607704003654,0.054042828579743706,0.01732911467552185,0.8333333333333334,-0.043921053409576416,-0.021108150482177734,0.22916666666666666,0.660767630167385,0.9147058823529413,0.0,0.0,1.1960526704788208,3.5833333333333326,0.056046242618021304,0.0
2106,"163,197,100,16,184","13147,2266,14338,20538,20351",nehm24 surroundings trageüchte,0.05679503927628199,4.858383746847273,False,0.029711705942948658,0.029711705942948658,0.008037811517715454,0.5416666666666666,-0.040785002708435054,-0.020884697635968525,0.22916666666666666,0.819438229662276,0.9558823529411766,0.00960980190171136,0.2261904761904762,1.0392501354217527,3.5833333333333326,0.0,0.0
2107,"200,103,238,38,131","3404,31149,12740,25012,30173",ware dickevolu caption machiaj,0.05824454724788666,4.859637735855012,False,0.03091157227754593,0.031161213914553326,-0.0002530157566070555,0.5416666666666666,-0.03266894519329071,-0.01928342382113139,0.25,0.8012232595301524,0.9382352941176471,0.0,0.2261904761904762,0.6334472596645353,4.0,0.0,0.0
2108,"16,68,151,235,79","20538,15501,1110,7999,5206", trage Bewegung seinellirick,0.05261772920687994,4.894442674186495,False,0.022864508132139843,0.023451062540213268,0.004670006036758423,0.5833333333333334,-0.02979852557182312,-0.020642533898353577,0.25,0.8556741941068865,0.9794117647058824,0.23784972892867187,0.16666666666666657,0.48992627859115595,4.0,0.0,0.0
2109,"33,142,236,168,193","25803,3416,24742,15271,26831", Sauce €estivaloarăVoraussetzungen,0.05342944612105688,4.905430168386489,False,0.028107290466626484,0.028429446121056873,0.000599223375320435,0.5,-0.03946584463119507,-0.02366086592276891,0.22916666666666666,0.8039964267693424,0.9470588235294116,0.06309031777911717,0.28571428571428564,0.9732922315597534,3.5833333333333326,0.0,0.0
2110,"118,247,10,77,239","2280,12327,15854,6177,23267", kmregarded realm tietolerant,0.07884753768642744,4.908051172892252,False,0.0330142043530941,0.0330142043530941,0.024179691076278688,0.9166666666666666,-0.029827690124511717,-0.021269388496875763,0.2708333333333333,0.8102846242013743,0.9852941176470588,0.0,0.0,0.4913845062255858,4.416666666666666,0.0,0.0
2111,"24,148,37,30,80","29668,5615,30396,22706,8787", Crisisitzelectriquemog Abs,0.04673306519786517,4.918908250946847,False,0.025899731864531834,0.025899731864531834,0.004048359394073486,0.4166666666666667,-0.044216081500053406,-0.021692484617233276,0.20833333333333334,0.8210671479757624,0.9441176470588234,0.1366756045156055,0.4047619047619047,1.2108040750026703,3.1666666666666665,0.0,0.0
2112,"154,180,108,116,153","12307,31797,30122,29248,23158",oarascrisă Angehörige motoare pierdere,0.05373558302720388,4.9736184118286,False,0.027729498843352,0.028735583027203877,-0.0002583324909210178,0.5,-0.04057774841785431,-0.01817372441291809,0.22916666666666666,0.7537657205900663,0.9323529411764706,0.0756833718882666,0.28571428571428564,1.0288874208927155,3.5833333333333326,0.0,0.0
2113,"251,136,74,39,169","694,2824,9633,2951,680", fun.... bitteches sie,0.07768407762050628,4.982526034116745,False,0.03810074428717295,0.03810074428717295,0.015723103284835817,0.7916666666666666,-0.0396505206823349,-0.02308524896701177,0.25,0.8446763903639481,0.9735294117647059,0.0,0.0,0.9825260341167449,4.0,0.0,0.0
2114,"255,190,146,223,47","27850,11733,20352,23346,27265", purityusion cuirEQ klicken,0.06278337240219116,4.985950350288361,False,0.02945003906885783,0.02945003906885783,0.015102076530456544,0.6666666666666666,-0.038399985432624816,-0.020246935387452442,0.25,0.7990724667572299,0.9705882352941176,0.0183320310380723,0.04761904761904761,0.9199992716312407,4.0,0.0,0.0
2115,"171,169,241,127,12","7184,680,31980,23794,12337",н sieréglage Verantwortlich mobility,0.08186650276184082,5.0055995881557465,False,0.037869187692801155,0.040199836095174156,-0.0024205982685089047,0.8333333333333334,-0.040111991763114925,-0.02195769300063451,0.25,0.8007553401435081,0.9029411764705882,0.0,0.0,1.0055995881557462,4.0,0.0,0.0
2116,"166,109,112,204,95","31468,12922,21711,1250,3169", ingrijirekett bilden allows trouble,0.07285781006018321,5.020302414894104,False,0.033274476726849876,0.033274476726849876,0.014232510328292848,0.7916666666666666,-0.04040604829788208,-0.021267761786778767,0.25,0.824610815267325,0.9823529411764707,0.0,0.0,1.020302414894104,4.0,0.0,0.0
2117,"161,200,100,209,158","7890,3404,14338,31192,17319",intérieurware surroundingsDevelopedenţă,0.04618148580193519,5.080782748640528,False,0.021322621653477352,0.023264819135268528,-0.009829849004745483,0.4583333333333333,-0.037259307503700254,-0.018988261620203655,0.22916666666666666,0.8699344658135179,0.9735294117647059,0.2892459448840882,0.34523809523809523,0.8629653751850126,3.5833333333333326,0.0,0.0
2118,"213,243,205,205,232","73,16323,24903,24903,7578", un Plain dispus dispusetic,0.07395288397868474,5.08742136756579,False,0.03436955064535141,0.03436955064535141,0.013050824403762819,0.7916666666666666,-0.03341509401798248,-0.02104150503873825,0.2708333333333333,0.7719407068485042,0.9676470588235294,0.0,0.0,0.6707547008991241,4.416666666666666,0.0,0.0
2119,"33,247,154,38,180","25803,12327,12307,25012,31797", Sauceregardedoara captionscrisă,0.0707114006082217,5.097883969545364,False,0.03529473394155502,0.03529473394155502,0.006125813722610474,0.7083333333333334,-0.04195767939090729,-0.02048519750436147,0.25,0.7827273988259407,0.9411764705882352,0.0,0.0,1.0978839695453644,4.0,0.0,0.0
2120,"174,136,24,133,31","6031,2824,29668,121,8221","tting.... Crisis""image",0.07511016577482224,5.119279305140177,False,0.03707211961348852,0.037610165774822235,0.0055424034595489505,0.75,-0.034052252769470215,-0.020298634966214497,0.2708333333333333,0.8128148006406374,0.9470588235294116,0.0,0.0,0.7026126384735107,4.416666666666666,0.0,0.0
2121,"185,247,50,39,131","15058,12327,21100,2951,30173",tientregarded Coupeches machiaj,0.044209017107884094,5.119281350856736,False,0.02246369794011116,0.023375683774550755,-0.00266706347465515,0.4166666666666667,-0.02926618754863739,-0.018167113264401753,0.25,0.8445467129357789,0.9323529411764706,0.2512100686629613,0.4047619047619047,0.46330937743186956,4.0,0.0,0.0
2122,"195,35,8,133,171","12743,14797,17682,121,7184"," SmartphonegraphicSport""н",0.06139236887296041,5.120263754848449,False,0.027728835741678875,0.028059035539627075,0.004086714982986451,0.6666666666666666,-0.04827211797237396,-0.02116226653258006,0.22916666666666666,0.8604808269220838,0.9470588235294116,0.0757054752773708,0.04761904761904761,1.4136058986186981,3.5833333333333326,0.0,0.0
2123,"95,55,122,80,138","3169,13775,12759,8787,9518", trouble Führung beneath Abs oferit,0.07387752085924149,5.13096080365635,False,0.042474778989950814,0.042627520859241486,0.0005778074264526367,0.625,-0.04880969226360321,-0.020418919622898102,0.22916666666666666,0.8361549623653719,0.8823529411764707,0.0,0.10714285714285708,1.4404846131801605,3.5833333333333326,0.0,0.0
2124,"21,166,98,80,12","10089,31468,9850,8787,12337", Animal ingrijire depict Abs mobility,0.11007077048222225,5.136879314978916,False,0.06007077048222224,0.06007077048222224,0.028313064575195314,1.0,-0.05107091963291168,-0.023515847822030384,0.22916666666666666,0.7558566919303512,0.9705882352941176,0.0,0.0,1.5535459816455839,3.5833333333333326,0.0,0.0
2125,"118,78,35,192,172","2280,20961,14797,19175,13910", kmKINGgraphicanalyzinglebt,0.05023985554774603,5.137204828243407,False,0.027323188881079357,0.027323188881079357,0.008494007587432862,0.4583333333333333,-0.0507214605808258,-0.01890515039364497,0.20833333333333334,0.7998680532168377,0.9235294117647058,0.08922703729735473,0.34523809523809523,1.53607302904129,3.1666666666666665,0.0,0.0
2126,"14,138,18,25,20","6661,9518,12487,28399,16297",sport oferit adjacent bewegt Graphic,0.09312553455432257,5.144467433293659,False,0.05145886788765589,0.05145886788765589,0.015639287233352662,0.8333333333333334,-0.05122268199920654,-0.024355595310529072,0.22916666666666666,0.759208390314856,0.9529411764705882,0.0,0.0,1.5611340999603271,3.5833333333333326,0.0,0.0
2127,"199,57,211,200,153","11171,23976,16063,3404,23158",mates déplacement Pearlware pierdere,0.07562332823872567,5.148730903863907,False,0.03812332823872566,0.03812332823872566,0.00925632119178772,0.75,-0.042974618077278134,-0.021394625306129456,0.25,0.7344846167449222,0.9235294117647058,0.0,0.0,1.1487309038639066,4.0,0.0,0.0
2128,"179,74,199,61,11","3997,9633,11171,18837,9161",cht bittemates manger bro,0.07689677278200785,5.163368761539459,False,0.03939677278200785,0.03939677278200785,0.012303566932678223,0.75,-0.04326737523078918,-0.02221781263748805,0.25,0.7671750613632818,0.9558823529411766,0.0,0.0,1.163368761539459,4.0,0.0,0.0
2129,"206,41,41,200,190","17140,3852,3852,3404,11733",liga rep repwareusion,0.040620490163564685,5.19280814580501,False,0.0213610144952933,0.021870490163564682,-0.0012962162494659416,0.375,-0.037144458293914794,-0.021239933868249256,0.22916666666666666,0.8163732882097051,0.9676470588235294,0.2879661834902233,0.46428571428571425,0.8572229146957396,3.5833333333333326,0.0,0.0
2130,"8,13,41,62,161","17682,28688,3852,23226,7890",Sport piston rep imobilintérieur,0.07904707044363023,5.1973103284835815,False,0.043630403776963554,0.043630403776963554,0.018828493356704713,0.7083333333333334,-0.04394620656967163,-0.021418680747350056,0.25,0.7821368262051529,0.9529411764705882,0.0,0.0,1.1973103284835815,4.0,0.0,0.0
2131,"155,46,104,49,176","31308,18927,15091,26851,257", mănânc rarspieler représentantation,0.06552711377541223,5.209042242595127,False,0.033791325986385345,0.03427711377541224,0.008125489950180054,0.625,-0.04203798770904541,-0.019370463987191517,0.25,0.7452368824527374,0.961764705882353,0.0,0.10714285714285708,1.1018993854522705,4.0,0.0,0.0
2132,"96,189,35,255,141","11564,10646,14797,27850,25205",tatatialgraphic purityizeze,0.055657722552617396,5.210932758119371,False,0.026491055885950725,0.026491055885950725,0.014889603853225708,0.5833333333333334,-0.03854602575302124,-0.022193484008312225,0.25,0.8295045172128647,0.9794117647058824,0.11696480380164245,0.16666666666666657,0.927301287651062,4.0,0.0,0.0
2133,"0,169,187,120,169","30332,680,20719,11930,680",lucrarea sie apărut scroll sie,0.1220721110701561,5.222884893417358,False,0.0720721110701561,0.0720721110701561,0.05081842541694641,1.0,-0.04445769786834717,-0.018758441011110943,0.25,0.7364500016711407,0.961764705882353,0.0,0.0,1.2228848934173584,4.0,0.0,0.0
2134,"199,247,77,77,41","11171,12327,6177,6177,3852",matesregarded tie tie rep,0.0792679453889529,5.226006388664246,False,0.04347786555687586,0.043851278722286224,0.009730368852615358,0.7083333333333334,-0.044520127773284915,-0.024475892384847004,0.25,0.7638863491581735,0.8794117647058824,0.0,0.0,1.2260063886642456,4.0,0.0,0.0
2135,"241,136,226,166,18","31980,2824,20736,31468,12487",réglage....esel ingrijire adjacent,0.0470290407538414,5.233509720317901,False,0.025740424791971844,0.026195707420508068,0.0003051698207855232,0.4166666666666667,-0.033735239505767824,-0.016924376289049785,0.25,0.8857179841674667,0.9588235294117649,0.1419858402676052,0.4047619047619047,0.6867619752883911,4.0,0.0,0.0
2136,"219,135,69,131,21","25895,19890,22208,30173,10089",flooded pursu déplac machiaj Animal,0.09820794835686683,5.2381578385829926,False,0.0523746150235335,0.0523746150235335,0.023252815008163452,0.9166666666666666,-0.04476315677165985,-0.02052089323600133,0.25,0.7417910135549192,0.9352941176470588,0.0,0.0,1.2381578385829926,4.0,0.0,0.0
2137,"118,228,48,194,38","2280,4408,27062,23078,25012", km accord pantalonpolitischen caption,0.08435619622468948,5.248433182636896,False,0.04268952955802282,0.04268952955802282,0.01659265756607056,0.8333333333333334,-0.0366353303194046,-0.02236175040404002,0.2708333333333333,0.7484146741433938,0.9323529411764706,0.0,0.0,0.83176651597023,4.416666666666666,0.0,0.0
2138,"0,31,185,196,67","30332,8221,15058,20202,25300","lucrareaimagetient,000. farther",0.11215210755666097,5.25730245312055,False,0.06215210755666097,0.06215210755666097,0.040014684200286865,1.0,-0.028479382395744324,-0.015507077177365622,0.2916666666666667,0.768962680148385,0.9558823529411766,0.0,0.0,0.42396911978721613,4.833333333333334,0.0,0.0
2139,"231,145,41,84,152","21815,26356,3852,24023,19355", stained sunet rep LORD persoană,0.07514339238405227,5.27976972858111,False,0.035053737461566925,0.03556005905071894,0.014379000663757325,0.7916666666666666,-0.03726206123828888,-0.018899304171403248,0.2708333333333333,0.8021804024523546,0.9176470588235294,0.0,0.0,0.863103061914444,4.416666666666666,0.0,0.0
2140,"20,189,41,127,134","16297,10646,3852,23794,28448", Graphictial rep Verantwortlich senzati,0.08121637403964997,5.286167989174524,False,0.0457997073729833,0.0457997073729833,0.006331682205200195,0.7083333333333334,-0.03739002645015717,-0.019658001760641735,0.2708333333333333,0.7208388462321336,0.8911764705882352,0.0,0.0,0.8695013225078584,4.416666666666666,0.0,0.0
2141,"190,228,113,111,153","11733,4408,25107,6156,23158",usion accord Merry Pas pierdere,0.05441552549600601,5.287207670155025,False,0.029415525496006012,0.029415525496006012,0.0070750415325164795,0.5,-0.039640218019485474,-0.021917042632897694,0.25,0.8134880426218831,0.9205882352941176,0.019482483466466232,0.28571428571428564,0.9820109009742737,4.0,0.0,0.0
2142,"16,247,100,133,78","20538,12327,14338,121,20961"," trageregarded surroundings""KING",0.09249206085999807,5.287915498018265,False,0.04874206085999807,0.04874206085999807,0.02278150320053101,0.875,-0.0457583099603653,-0.022545332709948223,0.25,0.7186096294907467,0.9529411764705882,0.0,0.0,1.2879154980182648,4.0,0.0,0.0
2143,"94,234,26,198,114","18852,794,15157,3484,21415",kap test sportinggraRAL,0.0804967095454534,5.292928993701935,False,0.04299670954545339,0.04299670954545339,0.01323031187057495,0.75,-0.0458585798740387,-0.023497785131136577,0.25,0.7097356023898623,0.95,0.0,0.0,1.2929289937019348,4.0,0.0,0.0
2144,"14,200,186,62,169","6661,3404,10443,23226,680",sportwareû imobil sie,0.05289383629957835,5.307374918271624,False,0.02789383629957835,0.02789383629957835,0.009383976459503174,0.5,-0.039029103517532346,-0.019658838709195454,0.25,0.8055628992260496,0.9735294117647059,0.07020545668072163,0.28571428571428564,0.9514551758766172,4.0,0.0,0.0
2145,"223,35,100,26,82","23346,14797,14338,15157,16771",EQgraphic surroundings sporting posture,0.08878451337416968,5.33294740319252,False,0.047117846707503,0.047117846707503,0.015378278493881226,0.8333333333333334,-0.0466589480638504,-0.022516116499900818,0.25,0.7757643384448111,0.9558823529411766,0.0,0.0,1.3329474031925201,4.0,0.0,0.0
2146,"36,169,237,12,114","24143,680,8916,12337,21415",KT sie restoration mobilityRAL,0.07019540866216023,5.344198875484011,False,0.03670613964398702,0.036862075328826904,0.008882367610931396,0.6666666666666666,-0.05426492989063263,-0.024103961884975433,0.22916666666666666,0.7885459787145308,0.9176470588235294,0.0,0.04761904761904761,1.713246494531631,3.5833333333333326,0.0,0.0
2147,"7,153,217,181,127","6298,23158,15296,27940,23794", Image pierdereITY societati Verantwortlich,0.06067364439368248,5.349650827192124,False,0.03481979543964068,0.03567364439368248,0.0016732454299926763,0.5,-0.03294539749622345,-0.020691340168317158,0.2708333333333333,0.8286146058620527,0.8764705882352942,0.0,0.28571428571428564,0.6472698748111726,4.416666666666666,0.0,0.0
2148,"68,157,131,83,24","15501,27499,30173,7383,29668", Bewegungizant machiaj Front Crisis,0.044500253597895306,5.352373655353274,False,0.01975085586309433,0.021583586931228638,-0.00754181146621704,0.4583333333333333,-0.03330994844436645,-0.01827228566010793,0.25,0.8813483179718327,0.9323529411764706,0.34163813789685565,0.34523809523809523,0.6654974222183225,4.0,0.0,0.0
2149,"231,128,35,154,58","21815,96,14797,12307,28310"," stained ""graphicoara Illustration",0.08341288914283117,5.443998207648594,False,0.0354962224761645,0.0354962224761645,0.02319545149803162,0.9583333333333334,-0.057213297486305235,-0.022007524967193604,0.22916666666666666,0.7859000960462047,0.95,0.0,0.0,1.8606648743152618,3.5833333333333326,0.0,0.0
2150,"58,35,133,36,82","28310,14797,121,24143,16771"," Illustrationgraphic""KT posture",0.08902494708697001,5.44640643397967,False,0.041108280420303345,0.041108280420303345,0.025459057092666625,0.9583333333333334,-0.04059479534626007,-0.02141021192073822,0.2708333333333333,0.7588757831493907,0.9705882352941176,0.0,0.0,1.0297397673130035,4.416666666666666,0.0,0.0
2151,"209,133,157,39,125","31192,121,27499,2951,19020","Developed""izantches humaine",0.0514461616675059,5.463579282874153,False,0.02789505571126938,0.028529495000839233,0.006560689210891724,0.4583333333333333,-0.04096352756023407,-0.019245242079099018,0.25,0.8388016941120967,0.9235294117647058,0.07016480962435401,0.34523809523809523,1.0481763780117033,4.0,0.0,0.0
2152,"111,99,238,158,184","6156,7693,12740,17319,20351", Pas graphicvoluenţăüchte,0.06531359031796456,5.470834174089961,False,0.029896923651297886,0.029896923651297886,0.013082027435302734,0.7083333333333334,-0.04101463258266449,-0.022259203096230824,0.2708333333333333,0.8014310521710047,0.9647058823529412,0.0034358782900704293,0.0,1.0507316291332243,4.416666666666666,0.0,0.0
2153,"208,177,21,166,1","2165,25482,10089,31468,22665",valprindere Animal ingrijirepictured,0.09956404715776443,5.474920550982157,False,0.0537307138244311,0.0537307138244311,0.021356040239334108,0.9166666666666666,-0.041165077686309816,-0.02210173507531484,0.2708333333333333,0.7582926206673556,0.9647058823529412,0.0,0.0,1.0582538843154907,4.416666666666666,0.0,0.0
2154,"201,5,36,31,211","17624,2426,24143,8221,16063", angenehm movementKTimage Pearl,0.07584664225578308,5.502254943052927,False,0.03417997558911642,0.03417997558911642,0.01802965998649597,0.8333333333333334,-0.041711765527725216,-0.018884018063545227,0.2708333333333333,0.8110064952181835,0.9558823529411766,0.0,0.0,1.0855882763862608,4.416666666666666,0.0,0.0
2155,"201,78,10,211,171","17624,20961,15854,16063,7184", angenehmKING realm Pearlн,0.0617076426744461,5.563110668980885,False,0.028374309341112774,0.028374309341112774,0.010770809650421143,0.6666666666666666,-0.04089270532131195,-0.022063123683134716,0.2708333333333333,0.8275677693853668,0.9735294117647059,0.05418968862957417,0.04761904761904761,1.0446352660655975,4.416666666666666,0.0,0.0
2156,"78,31,236,200,159","20961,8221,24742,3404,3077",KINGimageestivalwareige,0.05143842821319898,5.565141707895293,False,0.024285747359196346,0.024355094879865646,0.0061798542737960815,0.5416666666666666,-0.05130285620689392,-0.019007091720898945,0.22916666666666666,0.8434971748460062,0.9411764705882352,0.19047508802678842,0.2261904761904762,1.565142810344696,3.5833333333333326,0.0,0.0
2157,"248,86,238,247,45","6148,16233,12740,12327,25231", mici Crewvoluregardedffentlichkeit,0.05916956067085266,5.601812870729537,False,0.027747996151447296,0.02791956067085266,0.002432787418365479,0.625,-0.0317253977060318,-0.019693029423554737,0.2916666666666667,0.7944011461632116,0.8970588235294116,0.07506679495175676,0.10714285714285708,0.5862698853015899,4.833333333333334,0.0,0.0
2158,"0,31,49,80,221","30332,8221,26851,8787,23481",lucrareaimage représentant Abs Ensemble,0.11485162178675334,5.605721851189932,False,0.06485162178675334,0.06485162178675334,0.03829953670501709,1.0,-0.03544777035713196,-0.017930676539738972,0.2916666666666667,0.7497738170929208,0.9441176470588234,0.0,0.0,0.7723885178565979,4.833333333333334,0.0,0.0
2159,"159,189,210,162,47","3077,10646,12182,5290,27265",igetial estimizat klicken,0.055663509666919714,5.612186337747271,False,0.028580176333586376,0.028580176333586376,0.01138688325881958,0.5416666666666666,-0.04677336812019348,-0.024490438401699066,0.25,0.7998959956150504,0.9558823529411766,0.04732745554712076,0.2261904761904762,1.338668406009674,4.0,0.0,0.0
2160,"99,42,137,237,150","7693,13483,5218,8916,10470", graphic underneatherii restorationôt,0.07851411203543346,5.615321228901545,False,0.03889920065800349,0.03893077870210012,0.010240733623504639,0.7916666666666666,-0.04397309124469757,-0.020554254452387493,0.2708333333333333,0.7947967395080733,0.9294117647058824,0.0,0.0,1.1986545622348783,4.416666666666666,0.0,0.0
2161,"3,27,185,216,36","22526,2600,15058,9015,24143", martial sporttient programmesKT,0.0882501651843389,5.616485103721836,False,0.04658349851767222,0.04658349851767222,0.015733104944229127,0.8333333333333334,-0.04344801604747772,-0.02323058992624283,0.2708333333333333,0.680807655723101,0.9705882352941176,0.0,0.0,1.172400802373886,4.416666666666666,0.027417634681284254,0.0
2162,"51,62,86,47,138","30250,23226,16233,27265,9518", thumbnail imobil Crew klicken oferit,0.09661576002836228,5.6252349714438115,False,0.04869909336169561,0.04869909336169561,0.024164456129074096,0.9583333333333334,-0.04417136609554291,-0.02246297150850296,0.2708333333333333,0.7128273284064659,0.9352941176470588,0.0,0.0,1.2085683047771454,4.416666666666666,0.0,0.0
2163,"120,13,185,28,58","11930,28688,15058,5378,28310", scroll pistontient neck Illustration,0.07831590871016185,5.62671152750651,False,0.03664924204349518,0.03664924204349518,0.016016340255737303,0.8333333333333334,-0.044200897216796875,-0.023643473784128826,0.2708333333333333,0.7653661384292652,0.9676470588235294,0.0,0.0,1.2100448608398438,4.416666666666666,0.0,0.0
2164,"83,200,24,7,77","7383,3404,29668,6298,6177", Frontware Crisis Image tie,0.0809145232041677,5.634269545475641,False,0.04234700898329417,0.043414523204167686,-0.0016808152198791479,0.75,-0.04435205757617951,-0.022502427299817402,0.2708333333333333,0.7868730627022013,0.8617647058823529,0.0,0.0,1.2176028788089752,4.416666666666666,0.0,0.0
2165,"16,134,238,78,218","20538,28448,12740,20961,6798", trage senzativoluKING Think,0.06048443466424942,5.663177808125813,False,0.030520098904768627,0.031317767997582756,-0.0012648344039916989,0.5833333333333334,-0.04159688949584961,-0.024523081878821056,0.2708333333333333,0.7727892449246145,0.9029411764705882,0.0,0.16666666666666657,1.0798444747924805,4.416666666666666,0.0,0.0
2166,"241,228,107,147,184","31980,4408,798,18956,20351",réglage accord momentriusüchte,0.035226997236410776,5.669443176852332,False,0.016905459264914196,0.020643663903077442,-0.016470336914062498,0.2916666666666667,-0.03299250304698944,-0.0167397807041804,0.25,0.8703052815069258,0.9235294117647058,0.43648469116952676,0.5833333333333333,0.6496251523494719,4.0,0.0,0.0
2167,"124,247,105,133,190","28387,12327,10924,121,11733"," ressentiregardedissent""usion",0.0625043625632922,5.674903498755562,False,0.023980277280012768,0.02708769589662552,-0.013149285316467283,0.7083333333333334,-0.03281825482845306,-0.02168278396129608,0.2916666666666667,0.8098320654148524,0.9352941176470588,0.20065742399957437,0.0,0.640912741422653,4.833333333333334,0.0,0.0
2168,"147,33,57,215,255","18956,25803,23976,6520,27850",rius Sauce déplacementrib purity,0.07675658017396927,5.677357445160547,False,0.03925658017396927,0.03925658017396927,0.014836525917053223,0.75,-0.04521381556987762,-0.02482365568478902,0.2708333333333333,0.761574540245274,0.9441176470588234,0.0,0.0,1.260690778493881,4.416666666666666,0.0,0.0
2169,"234,40,100,26,158","794,18132,14338,15157,17319", test Vorstand surroundings sportingenţă,0.09748971611261367,5.709119866291681,False,0.05165638277928034,0.05165638277928034,0.02344968318939209,0.9166666666666666,-0.04584906399250031,-0.02288849155108134,0.2708333333333333,0.7008693713724573,0.9382352941176471,0.0,0.0,1.2924531996250153,4.416666666666666,0.0,0.0
2170,"200,28,197,18,36","3404,5378,2266,12487,24143",ware neck24 adjacentKT,0.06634707376360893,5.718528292008808,False,0.03509707376360893,0.03509707376360893,0.01020936965942383,0.625,-0.05222770869731903,-0.022636932631333668,0.25,0.7752430814969375,0.9382352941176471,0.0,0.10714285714285708,1.6113854348659515,4.0,0.0,0.0
2171,"145,120,225,215,91","26356,11930,28654,6520,21738", sunet scroll festgelegtrib bărbat,0.06029801617066066,5.723752121130625,False,0.03098902851343155,0.031131349503993988,0.005919694900512695,0.5833333333333334,-0.051141709089279175,-0.02056971440712611,0.25,0.8340882283539234,0.9205882352941176,0.0,0.16666666666666657,1.5570854544639587,4.0,0.0,0.0
2172,"0,181,187,142,224","30332,27940,20719,3416,1130",lucrarea societati apărut € follow,0.12341149946053823,5.748536093810715,False,0.07341149946053822,0.07341149946053822,0.0437184989452362,1.0,-0.054931688308715816,-0.02152906358242035,0.25,0.6986338251375527,0.9205882352941176,0.0,0.0,1.746584415435791,4.0,0.001951678374924683,0.0
2173,"200,133,48,152,236","3404,121,27062,19355,24742","ware"" pantalon persoanăestival",0.07685205340385437,5.74990533788999,False,0.035185386737187706,0.035185386737187706,0.019552695751190185,0.8333333333333334,-0.038331440091133116,-0.01994675149520238,0.2916666666666667,0.8024595948676453,0.95,0.0,0.0,0.9165720045566558,4.833333333333334,0.0,0.0
2174,"105,123,38,14,70","10924,22250,25012,6661,9692",issent papa captionsportkos,0.08390787343184153,5.7503327528635655,False,0.04640787343184153,0.04640787343184153,0.011700868606567385,0.75,-0.04667332172393799,-0.023764108618100483,0.2708333333333333,0.704496634291822,0.9029411764705882,0.0,0.0,1.3336660861968994,4.416666666666666,0.0,0.0
2175,"210,250,228,28,198","12182,24976,4408,5378,3484", estim situatia accord neckgra,0.055005481094121934,5.7714713270228994,False,0.029887327303489048,0.030005481094121933,0.007719084620475769,0.5,-0.04130669236183167,-0.022979649404684704,0.2708333333333333,0.8144782996016355,0.9058823529411765,0.003755756550365026,0.28571428571428564,1.0653346180915833,4.416666666666666,0.0,0.0
2176,"118,67,105,36,219","2280,25300,10924,24143,25895", km fartherissentKTflooded,0.0773984988530477,5.782572160164515,False,0.03573183218638102,0.03573183218638102,0.016890227794647217,0.8333333333333334,-0.04731810986995697,-0.02238651116689046,0.2708333333333333,0.8338393711941509,0.95,0.0,0.0,1.3659054934978485,4.416666666666666,0.0,0.0
2177,"88,113,94,248,106","11461,25107,18852,6148,14385", physique Merrykap mici Freunde,0.08487147241830825,5.817337562640509,False,0.03903813908497492,0.03903813908497492,0.02205026149749756,0.9166666666666666,-0.03968008458614349,-0.02158726006746292,0.2916666666666667,0.7656369944384593,0.9382352941176471,0.0,0.0,0.9840042293071746,4.833333333333334,0.0,0.0
2178,"78,169,235,247,93","20961,680,7999,12327,19486",KING sieelliregarded vitesse,0.08363435715436934,5.846551934878031,False,0.04405102382103602,0.04405102382103602,0.015524011850357056,0.7916666666666666,-0.04859770536422729,-0.019976054628690083,0.2708333333333333,0.7314739391209244,0.9176470588235294,0.0,0.0,1.4298852682113645,4.416666666666666,0.0,0.0
2179,"18,92,84,80,114","12487,18158,24023,8787,21415", adjacent imperative LORD AbsRAL,0.06884196350971858,5.871858977136158,False,0.035508630176385246,0.035508630176385246,0.015179020166397095,0.6666666666666666,-0.03981813192367554,-0.024571093420187633,0.2916666666666667,0.7939712037376739,0.9176470588235294,0.0,0.04761904761904761,0.9909065961837769,4.833333333333334,0.0,0.0
2180,"214,190,253,124,36","13525,11733,31728,28387,24143",ărăusion ultraviolet ressentiKT,0.06918028940757115,5.90206725682531,False,0.035846956074237823,0.035846956074237823,0.011902350187301635,0.6666666666666666,-0.04875563085079193,-0.0262117733558019,0.2708333333333333,0.7641075726755148,0.9382352941176471,0.0,0.04761904761904761,1.4377815425395966,4.416666666666666,0.0,0.0
2181,"148,203,229,160,105","5615,7889,3147,20437,10924",itz assembly 300enţaissent,0.060691746324300765,5.949546415181388,False,0.032653129349152245,0.03360841299096743,0.003436893224716187,0.5416666666666666,-0.03780045211315155,-0.02120077113310496,0.2916666666666667,0.822986528290559,0.8823529411764707,0.0,0.2261904761904762,0.8900226056575774,4.833333333333334,0.0,0.0
2182,"218,151,134,186,140","6798,1110,28448,10443,24800", Think sein senzatiûaparut,0.04856742819150289,5.974889570285404,False,0.021677898863951366,0.023567428191502888,-0.010138374567031858,0.5,-0.031568771600723265,-0.02002279708782832,0.2916666666666667,0.8681670705320935,0.9382352941176471,0.2774033712016211,0.28571428571428564,0.5784385800361632,4.833333333333334,0.0,0.0
2183,"123,101,105,6,121","22250,10176,10924,21014,803", papa Machissent sportiv friends,0.10320048580567043,5.99051453669866,False,0.05320048580567042,0.05320048580567042,0.030386412143707277,1.0,-0.04314362406730651,-0.019375080863634746,0.2916666666666667,0.712206652096996,0.9676470588235294,0.0,0.0,1.1571812033653257,4.833333333333334,0.0,0.0
2184,"164,124,29,211,30","6303,28387,28935,16063,22706",itati ressenti Squad Pearlmog,0.08384621739387513,6.055093338092169,False,0.04601148764292399,0.04634621739387512,0.012703335285186768,0.75,-0.044435200095176694,-0.023484925429026287,0.2916666666666667,0.7426261207545405,0.8823529411764707,0.0,0.0,1.2217600047588346,4.833333333333334,0.0,0.0
2185,"189,240,147,129,191","10646,16145,18956,17,20041",tial earthquakeriustieni,0.06980329304933548,6.094043831030527,False,0.030219959716002148,0.030219959716002148,0.017242401838302612,0.7916666666666666,-0.05354754328727722,-0.02641906092564265,0.2708333333333333,0.801490564847861,0.9558823529411766,0.0,0.0,1.6773771643638606,4.416666666666666,0.0,0.0
2186,"200,106,41,215,221","3404,14385,3852,6520,23481",ware Freunde reprib Ensemble,0.06587417473395665,6.101689875125885,False,0.035804870227972664,0.036707508067289986,-0.0033383011817932095,0.5833333333333334,-0.0420337975025177,-0.022267252206802368,0.2916666666666667,0.8273913154563222,0.9323529411764706,0.0,0.16666666666666657,1.1016898751258848,4.833333333333334,0.0,0.0
2187,"184,183,205,103,251","20351,23,24903,31149,694",üchtei dispus dicke fun,0.06035429487625758,6.150489172765187,False,0.028696902096271515,0.02910429487625758,0.008095663785934449,0.625,-0.04333152770996094,-0.022746235132217407,0.2916666666666667,0.8277608189376594,0.9676470588235294,0.04343659679094947,0.10714285714285708,1.1665763854980469,4.833333333333334,0.0,0.0
2188,"22,236,146,55,112","17088,24742,20352,13775,21711", Behindestival cuir Führung bilden,0.07115525156259538,6.191024710734686,False,0.03564088294903437,0.0357385848959287,0.00551256537437439,0.7083333333333334,-0.047153827548027036,-0.021342583000659943,0.2916666666666667,0.7865309612964594,0.9088235294117648,0.0,0.0,1.3576913774013517,4.833333333333334,0.0,0.0
2189,"36,247,113,200,92","24143,12327,25107,3404,18158",KTregarded Merryware imperative,0.052585394183794654,6.207798880244059,False,0.024957684179147083,0.025502060850461323,0.0032787322998046884,0.5416666666666666,-0.039603957533836366,-0.02371678998072942,0.2916666666666667,0.8178744588186556,0.9470588235294116,0.16807719402843052,0.2261904761904762,0.9801978766918182,4.833333333333334,0.0,0.0
2190,"84,67,223,207,201","24023,25300,23346,8534,17624", LORD fartherEQ processed angenehm,0.056057236095269525,6.213986566142431,False,0.029156801601250965,0.03105723609526952,-0.009413361549377438,0.5,-0.041336646676063536,-0.023561711112658184,0.2916666666666667,0.8455561127739754,0.8970588235294116,0.028106613291634455,0.28571428571428564,1.0668323338031767,4.833333333333334,0.0,0.0
2191,"68,35,125,121,73","15501,14797,19020,803,9472", Bewegunggraphic humaine friends problème,0.08182982007662457,6.248902410268784,False,0.046413153409957886,0.046413153409957886,0.013958269357681276,0.7083333333333334,-0.03997804820537567,-0.024675215284029644,0.3125,0.7726367967575702,0.9147058823529413,0.0,0.0,0.9989024102687835,5.25,0.0,0.0
2192,"162,31,234,13,232","5290,8221,794,28688,7578",izatimage test pistonetic,0.0670584075152874,6.253562651929402,False,0.033725074181954064,0.033725074181954064,0.013466632366180422,0.6666666666666666,-0.04745220541954041,-0.02643503248691559,0.2916666666666667,0.7511670775562875,0.9705882352941176,0.0,0.04761904761904761,1.3726102709770203,4.833333333333334,0.0,0.0
2193,"117,197,59,217,93","12941,2266,31675,15296,19486", Listen24 temporaireITY vitesse,0.06852456827958425,6.289018919070562,False,0.03310790161291758,0.03310790161291758,0.010302621126174928,0.7083333333333334,-0.049113711714744566,-0.025792166590690613,0.2916666666666667,0.7622783490488739,0.9264705882352942,0.0,0.0,1.4556855857372282,4.833333333333334,0.0,0.0
2194,"36,13,151,77,155","24143,28688,1110,6177,31308",KT piston sein tie mănânc,0.08648198544979097,6.315246452887854,False,0.042731985449790955,0.042731985449790955,0.01950457096099854,0.875,-0.04963826239109039,-0.023513923088709515,0.2916666666666667,0.7618305759769631,0.9735294117647059,0.0,0.0,1.4819131195545194,4.833333333333334,0.0,0.0
2195,"143,248,22,154,184","9031,6148,17088,12307,20351",igh mici Behindoaraüchte,0.0598956897854805,6.316444764534632,False,0.0306649977962176,0.03072902311881383,0.005378407239913941,0.5833333333333334,-0.037995561957359314,-0.023492969572544098,0.3125,0.8143814274752352,0.9794117647058824,0.0,0.16666666666666657,0.8997780978679657,5.25,0.0,0.0
2196,"200,8,255,146,180","3404,17682,27850,20352,31797",wareSport purity cuirscrisă,0.08136937767267227,6.319715062777201,False,0.03970271100600561,0.03970271100600561,0.013793540000915528,0.8333333333333334,-0.058060967922210695,-0.023853530486424763,0.2708333333333333,0.7941564572064873,0.9382352941176471,0.0,0.0,1.903048396110535,4.416666666666666,0.0,0.0
2197,"254,128,238,146,221","28995,96,12740,20352,23481","freiheit ""volu cuir Ensemble",0.052830861508846284,6.348303215844291,False,0.027164332568645477,0.027830861508846283,0.00394749641418457,0.5,-0.042694666981697084,-0.02190278470516205,0.2916666666666667,0.820231577642469,0.9411764705882352,0.09452224771181739,0.28571428571428564,1.1347333490848541,4.833333333333334,0.0,0.0
2198,"109,117,186,101,144","12922,12941,10443,10176,9175",kett Listenû Mach|,0.04519844378034274,6.366923412396794,False,0.02228177711367607,0.02228177711367607,0.0038653910160064697,0.4583333333333333,-0.04695489108562469,-0.022716378172238667,0.2708333333333333,0.8184272860451727,0.9529411764705882,0.2572740962107976,0.34523809523809523,1.3477445542812345,4.416666666666666,0.0,0.0
2199,"48,9,13,233,20","27062,3349,28688,8216,16297", pantalon Sport piston termen Graphic,0.10284735163052877,6.368566433588663,False,0.057014018297195435,0.057014018297195435,0.029049694538116455,0.9166666666666666,-0.05903799533843994,-0.0213401863972346,0.2708333333333333,0.7262358972902281,0.9235294117647058,0.0,0.0,1.9518997669219966,4.416666666666666,0.0,0.0
2200,"0,200,254,214,82","30332,3404,28995,13525,16771",lucrareawarefreiheitără posture,0.11598719954490662,6.401445349057516,False,0.06598719954490662,0.06598719954490662,0.042021107673645024,1.0,-0.051362240314483644,-0.023232261339823406,0.2916666666666667,0.743491331642844,0.9176470588235294,0.0,0.0,1.5681120157241824,4.833333333333334,0.0,0.0
2201,"171,206,231,13,38","7184,17140,21815,28688,25012",нliga stained piston caption,0.09230366249879202,6.429488291343054,False,0.04647032916545868,0.04647032916545868,0.02157835364341736,0.9166666666666666,-0.0519230991601944,-0.02392737567424774,0.2916666666666667,0.757431963926827,0.9529411764705882,0.0,0.0,1.5961549580097198,4.833333333333334,0.0,0.0
2202,"145,228,235,231,91","26356,4408,7999,21815,21738", sunet accordelli stained bărbat,0.07346767882506053,6.447286986169361,False,0.040134345491727196,0.040134345491727196,0.011853694915771484,0.6666666666666666,-0.0513266921043396,-0.025329860548178356,0.2916666666666667,0.7311338446277613,0.8705882352941177,0.0,0.04761904761904761,1.5663346052169798,4.833333333333334,0.0,0.0
2203,"114,77,151,109,246","21415,6177,1110,12922,728",RAL tie seinkett once,0.08470950921376547,6.451157410939535,False,0.03887617588043213,0.03887617588043213,0.022008061408996582,0.9166666666666666,-0.05235648155212402,-0.02616566667954127,0.2916666666666667,0.7787297061578947,0.9441176470588234,0.0,0.0,1.617824077606201,4.833333333333334,0.0,0.0
2204,"231,13,151,26,90","21815,28688,1110,15157,23060", stained piston sein sporting răspunde,0.09101062764724097,6.487067768971125,False,0.04934396098057429,0.04934396098057429,0.017706102132797243,0.8333333333333334,-0.061408022046089174,-0.028032859166463215,0.2708333333333333,0.7430169283847912,0.9205882352941176,0.0,0.0,2.0704011023044586,4.416666666666666,0.0,0.0
2205,"176,247,100,24,94","257,12327,14338,29668,18852",ationregarded surroundings Crisiskap,0.06370966732501984,6.487800447713761,False,0.0366263339916865,0.0366263339916865,0.007020825147628785,0.5416666666666666,-0.0402321994304657,-0.022033135096232098,0.3125,0.7902000606241977,0.911764705882353,0.0,0.2261904761904762,1.011609971523285,5.25,0.0,0.0
2206,"109,166,100,172,252","12922,31468,14338,13910,21212",kett ingrijire surroundingslebt Colin,0.07651800811290742,6.575430164734522,False,0.041101341446240745,0.041101341446240745,0.011534631252288818,0.7083333333333334,-0.03817526996135712,-0.024005224307378132,0.3333333333333333,0.7629457246702739,0.9382352941176471,0.0,0.0,0.9087634980678558,5.666666666666666,0.0,0.0
2207,"176,128,252,26,99","257,96,21212,15157,7693","ation "" Colin sporting graphic",0.10200478931268056,6.588193953037262,False,0.052004789312680565,0.052004789312680565,0.030289745330810545,1.0,-0.046763879060745236,-0.022619523108005524,0.3125,0.719713740164874,0.9235294117647058,0.0,0.0,1.3381939530372617,5.25,0.0,0.0
2208,"75,23,152,127,184","904,31052,19355,23794,20351",men pasageri persoană Verantwortlichüchte,0.08072606623172761,6.616088380416235,False,0.04397478699684143,0.045309399565060936,-0.006113934516906737,0.7083333333333334,-0.05565510094165802,-0.025548520187536877,0.2916666666666667,0.7253784824854037,0.8529411764705882,0.0,0.0,1.7827550470829012,4.833333333333334,0.0,0.0
2209,"188,157,157,62,221","29904,27499,27499,23226,23481",weiligeizantizant imobil Ensemble,0.04833500981330872,6.631225851320085,False,0.021675318479537964,0.023335009813308716,-0.005188387632369994,0.5,-0.0446937769651413,-0.023422638575236004,0.2916666666666667,0.8588936678280258,0.9441176470588234,0.2774893840154012,0.28571428571428564,1.2346888482570648,4.833333333333334,0.0,0.0
2210,"120,67,175,181,196","11930,25300,21379,27940,20202"," scroll fartherçant societati,000.",0.05343013604482015,6.637133835327058,False,0.026346802711486816,0.026346802711486816,0.011077147722244263,0.5416666666666666,-0.04078340232372284,-0.023815162479877472,0.3125,0.8284591473261402,0.976470588235294,0.12177324295043943,0.2261904761904762,1.0391701161861417,5.25,0.0,0.0
2211,"92,161,91,78,237","18158,7890,21738,20961,8916", imperativeintérieur bărbatKING restoration,0.06218596647183101,6.66069837269329,False,0.03337108592192332,0.03510263313849767,-0.005556946992874145,0.5416666666666666,-0.052023491263389586,-0.024441108107566833,0.2916666666666667,0.8214574152833958,0.888235294117647,0.0,0.2261904761904762,1.6011745631694794,4.833333333333334,0.0,0.0
2212,"112,150,26,252,71","21711,10470,15157,21212,25688", bildenôt sporting Colin correspondent,0.07042474498351414,6.725110295273009,False,0.03709141165018082,0.03709141165018082,0.007982861995697022,0.6666666666666666,-0.048549824953079225,-0.025108985602855682,0.3125,0.7310495542994513,0.9176470588235294,0.0,0.04761904761904761,1.4274912476539612,5.25,0.0,0.0
2213,"113,240,14,117,245","25107,16145,6661,12941,23156", Merry earthquakesport Listenceşti,0.09229095429182052,6.741150697072348,False,0.04645762095848719,0.04645762095848719,0.025937765836715698,0.9166666666666666,-0.05815634727478027,-0.023443775872389477,0.2916666666666667,0.7546533934614634,0.9470588235294116,0.0,0.0,1.9078173637390137,4.833333333333334,0.0,0.0
2214,"73,60,185,39,47","9472,4091,15058,2951,27265", problème reartientches klicken,0.07410337378581366,6.7536198894182835,False,0.03660337378581365,0.03660337378581365,0.017091083526611327,0.75,-0.04173906445503235,-0.024360569814840954,0.3333333333333333,0.7606998351166938,0.9794117647058824,0.0,0.0,1.0869532227516174,5.666666666666666,0.0,0.0
2215,"32,161,24,147,102","22608,7890,29668,18956,26182",occupantintérieur Crisisrius correspondant,0.054998635252316797,6.82342498548447,False,0.02640388657649358,0.02999863525231679,-0.01544927358627319,0.5,-0.0350234717130661,-0.019262994329134624,0.3333333333333333,0.8186740591034211,0.8705882352941177,0.11987044745021397,0.28571428571428564,0.7511735856533049,5.666666666666666,0.0,0.0
2216,"28,62,216,179,159","5378,23226,9015,3997,3077", neck imobil programmeschtige,0.0627709075808525,6.835129005568367,False,0.02834688127040863,0.029437574247519176,-0.00253070592880249,0.6666666666666666,-0.04131478667259216,-0.02330228437980016,0.3333333333333333,0.804307729785894,0.9382352941176471,0.05510395765304562,0.04761904761904761,1.065739333629608,5.666666666666666,0.0,0.0
2217,"69,18,218,131,9","22208,12487,6798,30173,3349", déplac adjacent Think machiaj Sport,0.07465320974588395,6.906628439823786,False,0.039094078044096627,0.03923654307921728,0.015172171592712403,0.7083333333333334,-0.04479923546314239,-0.025706248978773754,0.3333333333333333,0.7117462972269949,0.9735294117647059,0.0,0.0,1.2399617731571195,5.666666666666666,0.0,0.0
2218,"206,239,34,205,125","17140,23267,19867,24903,19020",ligatolerantrasi dispus humaine,0.07260853697856268,6.967268864313761,False,0.037075839936733246,0.037191870311896004,0.008043050765991213,0.7083333333333334,-0.046012043952941895,-0.030242552359898884,0.3333333333333333,0.7178898425754616,0.9382352941176471,0.0,0.0,1.3006021976470947,5.666666666666666,0.0,0.0
2219,"242,101,104,217,36","17002,10176,15091,15296,24143",affiche MachspielerITYKT,0.08162133147319159,6.9704325795173645,False,0.0392787829041481,0.03995466480652491,0.01575276255607605,0.8333333333333334,-0.05440865159034729,-0.026829791565736134,0.3125,0.7074441713585324,0.9088235294117648,0.0,0.0,1.720432579517364,5.25,0.0,0.0
2220,"121,133,74,26,169","803,121,9633,15157,680"," friends"" bitte sporting sie",0.10040289709965389,7.029288987318674,False,0.05040289709965388,0.05040289709965388,0.025809121131896973,1.0,-0.04725244641304016,-0.023145216206709545,0.3333333333333333,0.7720611216032329,0.961764705882353,0.0,0.0,1.362622320652008,5.666666666666666,0.0,0.0
2221,"199,219,95,215,102","11171,25895,3169,6520,26182",matesflooded troublerib correspondant,0.06343944470087687,7.031488884062995,False,0.034394135077794395,0.03635611136754354,-0.005784863233566284,0.5416666666666666,-0.05943930149078369,-0.028041020035743713,0.2916666666666667,0.7930459398498968,0.8558823529411764,0.0,0.2261904761904762,1.9719650745391843,4.833333333333334,0.0,0.0
2222,"69,205,22,165,10","22208,24903,17088,13114,15854", déplac dispus Behind-> realm,0.09053320835034054,7.034069627523422,False,0.044699875017007194,0.044699875017007194,0.025305193662643433,0.9166666666666666,-0.055681392550468445,-0.026925384998321533,0.3125,0.7329842952143703,0.9823529411764707,0.0,0.0,1.784069627523422,5.25,0.0,0.0
2223,"0,123,151,62,58","30332,22250,1110,23226,28310",lucrarea papa sein imobil Illustration,0.13225556711355846,7.0362458504670915,False,0.08225556711355846,0.08225556711355846,0.06451023221015931,1.0,-0.04716304242610932,-0.024013246099154156,0.3333333333333333,0.692001056253528,0.9558823529411766,0.0,0.0,1.3581521213054657,5.666666666666666,0.011427062494959887,0.0
2224,"170,195,147,78,198","13602,12743,18956,20961,3484",ffen SmartphoneriusKINGgra,0.05992880215247472,7.049463346364006,False,0.02867880215247472,0.02867880215247472,0.012695550918579102,0.625,-0.05296561121940613,-0.025662106772263844,0.3125,0.7899588451700137,0.9441176470588234,0.04403992825084263,0.10714285714285708,1.6482805609703062,5.25,0.0,0.0
2225,"200,115,206,192,131","3404,29508,17140,19175,30173",ware pantofiligaanalyzing machiaj,0.05034432063500087,7.089431929209876,False,0.0293044646581014,0.02951098730166753,0.002598762512207032,0.4166666666666667,-0.056563043594360346,-0.024642457564671833,0.2916666666666667,0.7853488125985945,0.8911764705882352,0.023184511396620013,0.4047619047619047,1.8281521797180171,4.833333333333334,0.0,0.0
2226,"38,237,242,71,231","25012,8916,17002,25688,21815", caption restorationaffiche correspondent stained,0.08336718231439591,7.114402532577515,False,0.04568955053885778,0.045867182314395905,0.010344982147216797,0.75,-0.05728805065155029,-0.02998870114485423,0.3125,0.7258317359724337,0.9029411764705882,0.0,0.0,1.8644025325775144,5.25,0.0,0.0
2227,"14,200,151,73,158","6661,3404,1110,9472,17319",sportware sein problèmeenţă,0.07409504105647405,7.120722512404123,False,0.03440541277329127,0.03451170772314072,0.009344595670700074,0.7916666666666666,-0.049081116914749146,-0.026789836585521698,0.3333333333333333,0.7609929215421456,0.9529411764705882,0.0,0.0,1.4540558457374573,5.666666666666666,0.0,0.0
2228,"83,169,175,211,201","7383,680,21379,16063,17624", Front sieçant Pearl angenehm,0.05468315109610558,7.1424296699346055,False,0.027599817762772243,0.027599817762772243,0.00864277482032776,0.5416666666666666,-0.043391329050064084,-0.02668747554222743,0.3333333333333333,0.8091152888684355,0.9323529411764706,0.08000607457425853,0.2261904761904762,1.1695664525032041,5.666666666666666,0.0,0.0
2229,"104,133,211,26,149","15091,121,16063,15157,18457","spieler"" Pearl sporting varsta",0.07797083755334219,7.16349838177363,False,0.036304170886675514,0.036304170886675514,0.014998751878738404,0.8333333333333334,-0.04993663430213928,-0.026290349662303925,0.3333333333333333,0.7557777276392695,0.9470588235294116,0.0,0.0,1.496831715106964,5.666666666666666,0.0,0.0
2230,"246,28,219,16,51","728,5378,25895,20538,30250", once neckflooded trage thumbnail,0.0833130439122518,7.1668569544951115,False,0.04581304391225179,0.04581304391225179,0.0167186975479126,0.75,-0.05000380575656891,-0.026268509527047474,0.3333333333333333,0.7967775622233596,0.9470588235294116,0.0,0.0,1.5001902878284454,5.666666666666666,0.0,0.0
2231,"187,212,64,63,78","20719,19109,30828,23832,20961", apărut nachhaltigDOWN RegalKING,0.0298323097328345,7.20253460818813,False,0.01913393661379814,0.01941564306616783,0.003697845339775086,0.20833333333333334,-0.04609236419200897,-0.022653326392173767,0.2916666666666667,0.8416890238014428,0.9441176470588234,0.36220211287339527,0.7023809523809523,1.3046182096004484,4.833333333333334,0.0,0.0
2232,"118,31,48,67,214","2280,8221,27062,25300,13525", kmimage pantalon fartherără,0.09557556907335918,7.20842225352923,False,0.04557556907335917,0.04557556907335917,0.027275580167770385,1.0,-0.05083511173725128,-0.02633913109699885,0.3333333333333333,0.7397455065034388,0.9647058823529412,0.0,0.0,1.541755586862564,5.666666666666666,0.0,0.0
2233,"156,28,188,193,158","6872,5378,29904,26831,17319",eşti neckweiligeVoraussetzungenenţă,0.044754466911156976,7.214732955372522,False,0.01666814585526784,0.01975446691115697,-0.008335947990417479,0.5,-0.036359137296676634,-0.023614426453908283,0.3333333333333333,0.8277893016584894,0.9411764705882352,0.4443951381577386,0.28571428571428564,0.8179568648338317,5.666666666666666,0.0,0.0
2234,"193,136,2,190,221","26831,2824,26170,11733,23481",Voraussetzungen....athletusion Ensemble,0.07249748557806016,7.219735264778137,False,0.03336694836616516,0.03499748557806015,-0.0030002474784851033,0.75,-0.034394705295562746,-0.02303566535313924,0.375,0.7773248673527272,0.9147058823529413,0.0,0.0,0.7197352647781372,6.5,0.0,0.0
2235,"114,128,188,40,41","21415,96,29904,18132,3852","RAL ""weilige Vorstand rep",0.07539528061946232,7.230453722533726,False,0.04127094894647598,0.042061947286129,0.0006068944931030273,0.6666666666666666,-0.04199002683162689,-0.026073741416136425,0.3541666666666667,0.7349614128602804,0.8441176470588234,0.0,0.04761904761904761,1.0995013415813446,6.083333333333334,0.0,0.0
2236,"119,99,74,203,80","23662,7693,9633,7889,8787", artistique graphic bitte assembly Abs,0.0791580632328987,7.250662922859192,False,0.039574729899565377,0.039574729899565377,0.015240073204040527,0.7916666666666666,-0.06001325845718384,-0.028953055540720623,0.3125,0.7581030446176033,0.9470588235294116,0.0,0.0,2.000662922859192,5.25,0.0,0.0
2237,"36,106,83,206,33","24143,14385,7383,17140,25803",KT Freunde Frontliga Sauce,0.06461166217923164,7.257818591027033,False,0.033361662179231644,0.033361662179231644,0.013858091831207276,0.625,-0.041346848011016846,-0.026586204767227173,0.3541666666666667,0.7805312961421043,0.976470588235294,0.0,0.10714285714285708,1.0673424005508423,6.083333333333334,0.0,0.0
2238,"100,55,74,19,159","14338,13775,9633,6217,3077", surroundings Führung bitte legsige,0.0752867395679156,7.259549975395203,False,0.03773982574542364,0.037786739567915596,0.012882089614868164,0.75,-0.060190999507904054,-0.027255386114120483,0.3125,0.8280198650382167,0.95,0.0,0.0,2.0095499753952026,5.25,0.0,0.0
2239,"80,200,255,223,184","8787,3404,27850,23346,20351", Absware purityEQüchte,0.057302266359329224,7.425358051818515,False,0.025578563412030537,0.026052266359329224,0.0013107657432556165,0.625,-0.05841667950153351,-0.026399242381254833,0.3125,0.8322160876736742,0.9588235294117649,0.14738121959898207,0.10714285714285708,1.9208339750766752,5.25,0.0,0.0
2240,"184,222,80,226,205","20351,10038,8787,20736,24903",üchteWC Absesel dispus,0.0474153478940328,7.431779754540276,False,0.022924224535624187,0.02449868122736613,-0.0034954190254211427,0.4583333333333333,-0.04368031620979309,-0.02545891950527827,0.3333333333333333,0.8257475768653307,0.9647058823529412,0.23585918214586038,0.34523809523809523,1.1840158104896543,5.666666666666666,0.0,0.0
2241,"140,181,55,39,184","24800,27940,13775,2951,20351",aparut societati Führungchesüchte,0.059755469858646396,7.529272635777792,False,0.029323279857635498,0.030588803191979725,-0.004707235097885132,0.5833333333333334,-0.04513430595397949,-0.026360273361206055,0.3541666666666667,0.8371837366288485,0.9264705882352942,0.022557338078816696,0.16666666666666657,1.2567152976989746,6.083333333333334,0.0,0.0
2242,"199,119,155,28,16","11171,23662,31308,5378,20538",mates artistique mănânc neck trage,0.09588144123554229,7.539024333159128,False,0.05004810790220896,0.05004810790220896,0.02948809266090393,0.9166666666666666,-0.05744715332984924,-0.026752797265847523,0.3333333333333333,0.7066907300630796,0.9588235294117649,0.0,0.0,1.8723576664924622,5.666666666666666,0.0,0.0
2243,"231,189,255,146,181","21815,10646,27850,20352,27940", stainedtial purity cuir societati,0.04142450292905172,7.544955476408913,False,0.020591169595718384,0.020591169595718384,0.008745384216308594,0.4166666666666667,-0.05153131783008575,-0.024070605635643005,0.3125,0.8105830366640543,0.976470588235294,0.3136276801427205,0.4047619047619047,1.5765658915042877,5.25,0.0,0.0
2244,"8,146,10,195,45","17682,20352,15854,12743,25231",Sport cuir realm Smartphoneffentlichkeit,0.08500574777523677,7.560922781626383,False,0.0433390811085701,0.0433390811085701,0.01621098518371582,0.8333333333333334,-0.05788512229919433,-0.02972257634003957,0.3333333333333333,0.7416292255254888,0.9558823529411766,0.0,0.0,1.8942561149597164,5.666666666666666,0.0,0.0
2245,"84,106,250,159,33","24023,14385,24976,3077,25803", LORD Freunde situatiaige Sauce,0.07924594332774482,7.586983919143677,False,0.041745943327744804,0.041745943327744804,0.012209099531173707,0.75,-0.041739678382873534,-0.02819884071747462,0.375,0.7437721450259868,0.9411764705882352,0.0,0.0,1.0869839191436765,6.5,0.0,0.0
2246,"64,40,134,245,16","30828,18132,28448,23156,20538",DOWN Vorstand senzaticeşti trage,0.08153991202513378,7.597759594519934,False,0.04195657869180044,0.04195657869180044,0.0146892249584198,0.7916666666666666,-0.05028852522373199,-0.026623621582984924,0.3541666666666667,0.7308713250246638,0.95,0.0,0.0,1.5144262611865995,6.083333333333334,0.0,0.0
2247,"219,43,17,183,85","25895,25627,25272,23,6796",flooded Exterior grafici drawn,0.08666882216930388,7.601086527109146,False,0.04708548883597056,0.04708548883597056,0.011903560161590577,0.7916666666666666,-0.06702173054218293,-0.02969442307949066,0.3125,0.7505786662259692,0.9235294117647058,0.0,0.0,2.351086527109146,5.25,0.0,0.0
2248,"170,247,216,222,159","13602,12327,9015,10038,3077",ffenregarded programmesWCige,0.04214277118444443,7.7656997799400305,False,0.018028794477383297,0.021309437851111095,-0.010697782039642334,0.4166666666666667,-0.037571287155151366,-0.024888922770818073,0.3541666666666667,0.8271704006947622,0.9441176470588234,0.3990401840872234,0.4047619047619047,0.8785643577575682,6.083333333333334,0.0,0.0
2249,"179,27,204,107,252","3997,2600,1250,798,21212",cht sport allows moment Colin,0.10356730073690415,7.771164764837251,False,0.05565063407023748,0.05565063407023748,0.02739393711090088,0.9583333333333334,-0.04435054957866669,-0.029148846864700317,0.375,0.6624538998672582,0.9323529411764706,0.0,0.0,1.2175274789333344,6.5,0.05363728590391677,0.0
2250,"13,48,134,33,61","28688,27062,28448,25803,18837", piston pantalon senzati Sauce manger,0.09020936985810599,7.824924121300379,False,0.04837990800539652,0.04854270319143931,0.01038777232170105,0.8333333333333334,-0.06316514909267425,-0.02888066569964091,0.3333333333333333,0.7118591474650803,0.9,0.0,0.0,2.1582574546337123,5.666666666666666,0.0,0.0
2251,"73,11,131,197,126","9472,9161,30173,2266,7253", problème bro machiaj24rai,0.07713655233383179,7.832359552383423,False,0.03963655233383179,0.03963655233383179,0.0076614260673522954,0.75,-0.04664719104766846,-0.031126372516155243,0.375,0.7692364693375019,0.9264705882352942,0.0,0.0,1.3323595523834229,6.5,0.0,0.0
2252,"75,133,41,26,82","904,121,3852,15157,16771","men"" rep sporting posture",0.10100037554899852,7.843914591471977,False,0.05725037554899851,0.05725037554899851,0.019095057249069215,0.875,-0.0635414958000183,-0.03010851889848709,0.3333333333333333,0.6998788056369234,0.8941176470588235,0.0,0.0,2.177074790000915,5.666666666666666,0.00017313480439508567,0.0
2253,"249,88,211,217,190","13418,11461,16063,15296,11733", breathe physique PearlITYusion,0.06946062048276266,7.875582090445927,False,0.03821062048276266,0.03821062048276266,0.014152270555496217,0.625,-0.0453687846660614,-0.02742507557074229,0.375,0.7678161927432665,0.9382352941176471,0.0,0.10714285714285708,1.26843923330307,6.5,0.0,0.0
2254,"171,191,97,69,123","7184,20041,31302,22208,22250",нieni reacți déplac papa,0.08365425219138464,7.875782628854116,False,0.041987585524717964,0.041987585524717964,0.01513887643814087,0.8333333333333334,-0.05584898591041565,-0.02723696082830429,0.3541666666666667,0.7456731543717927,0.9529411764705882,0.0,0.0,1.7924492955207822,6.083333333333334,0.0,0.0
2255,"255,101,134,36,59","27850,10176,28448,24143,31675", purity Mach senzatiKT temporaire,0.08894925961891811,7.879955947399139,False,0.04311592628558477,0.04311592628558477,0.021076780557632447,0.9166666666666666,-0.047599118947982785,-0.02942320207754771,0.375,0.769157196290639,0.9470588235294116,0.0,0.0,1.3799559473991392,6.5,0.0,0.0
2256,"248,211,224,72,2","6148,16063,1130,7411,26170", mici Pearl follow gripathlet,0.09281673977772395,7.882532755533854,False,0.049066739777723946,0.049066739777723946,0.017153853178024293,0.875,-0.06431732177734376,-0.03111313780148824,0.3333333333333333,0.708496179494556,0.95,0.0,0.0,2.2158660888671875,5.666666666666666,0.0,0.0
2257,"210,157,55,134,221","12182,27499,13775,28448,23481", estimizant Führung senzati Ensemble,0.052560820678869885,7.908684067309848,False,0.02267438421646754,0.029644154012203217,-0.031125247478485107,0.4583333333333333,-0.03638517558574676,-0.020780593156814575,0.375,0.9168607904317818,0.8764705882352942,0.24418719278441528,0.34523809523809523,0.819258779287338,6.5,0.0,0.0
2258,"212,217,69,96,0","19109,15296,22208,11564,30332", nachhaltigITY déplactatalucrarea,0.09289389103651047,7.921913146972656,False,0.051094114780426025,0.0512272243698438,0.0052217245101928746,0.8333333333333334,-0.04843826293945312,-0.029760504762331646,0.375,0.7587048096354652,0.9176470588235294,0.0,0.0,1.421913146972656,6.5,0.0,0.0
2259,"149,95,239,133,9","18457,3169,23267,121,3349"," varsta troubletolerant"" Sport",0.09677842855453492,7.949607451756796,False,0.04886176188786825,0.04886176188786825,0.02804943323135376,0.9583333333333334,-0.05732548236846924,-0.02862255523602168,0.3541666666666667,0.7405583832868026,0.9529411764705882,0.0,0.0,1.8662741184234617,6.083333333333334,0.0,0.0
2260,"54,50,205,23,26","7818,21100,24903,31052,15157",roc Coupe dispus pasageri sporting,0.09999374995628993,8.14868098764845,False,0.056006863713264465,0.056243749956289925,0.01708498001098633,0.875,-0.06886455714702606,-0.03019611785809199,0.3333333333333333,0.6728494754586625,0.9,0.0,0.0,2.443227857351303,5.666666666666666,0.038786463630482125,0.0
2261,"236,31,41,163,80","24742,8221,3852,13147,8787",estivalimage repnehm Abs,0.07194448163112005,8.197164714336395,False,0.03652781496445338,0.03652781496445338,0.010217970609664919,0.7083333333333334,-0.0539432942867279,-0.028626819451649983,0.375,0.7560144661346239,0.9411764705882352,0.0,0.0,1.6971647143363953,6.5,0.0,0.0
2262,"231,246,48,215,74","21815,728,27062,6520,9633", stained once pantalonrib bitte,0.08165566076834997,8.197965453068415,False,0.03790566076834997,0.03790566076834997,0.01565554141998291,0.875,-0.07062597572803497,-0.029580553372701008,0.3333333333333333,0.7858608840619725,0.9441176470588234,0.0,0.0,2.531298786401748,5.666666666666666,0.0,0.0
2263,"194,151,79,163,3","23078,1110,5206,13147,22526",politischen seinricknehm martial,0.07116127461194992,8.199499580122176,False,0.037773566941420235,0.037827941278616585,0.006045949459075929,0.6666666666666666,-0.05303761065006256,-0.029965137441953022,0.375,0.7245490872677375,0.911764705882353,0.0,0.04761904761904761,1.6518805325031276,6.5,0.0,0.0
2264,"87,202,41,234,97","330,5457,3852,794,31302", pasnch rep test reacți,0.06334632138411203,8.282770277488797,False,0.03174183269341787,0.03209632138411204,0.003913795948028567,0.625,-0.04517921507358551,-0.030643562475840252,0.3958333333333333,0.7727367564417842,0.9352941176470588,0.0,0.10714285714285708,1.2589607536792753,6.916666666666666,0.0,0.0
2265,"78,212,85,110,250","20961,19109,6796,24243,24976",KING nachhaltig drawn événements situatia,0.09081921676794688,8.291297286748886,False,0.04706921676794688,0.04706921676794688,0.01788221001625061,0.875,-0.05582594573497772,-0.03430483738581339,0.375,0.7404693844328268,0.8764705882352942,0.0,0.0,1.7912972867488857,6.5,0.0,0.0
2266,"110,223,236,203,36","24243,23346,24742,7889,24143", événementsEQestival assemblyKT,0.05229929238557816,8.304552293959118,False,0.027299292385578156,0.027299292385578156,0.0065346360206604,0.5,-0.04024295508861542,-0.027934685349464417,0.3958333333333333,0.780931212067905,0.9,0.09002358714739478,0.28571428571428564,1.0121477544307709,6.916666666666666,0.0,0.0
2267,"110,154,40,235,236","24243,12307,18132,7999,24742", événementsoara Vorstandelliestival,0.06293033013741176,8.31688093760657,False,0.029169221719106037,0.02959699680407842,0.006636828184127808,0.6666666666666666,-0.05483138561248779,-0.032766006886959076,0.375,0.7804280173332409,0.9441176470588234,0.027692609363132056,0.04761904761904761,1.7415692806243894,6.5,0.0,0.0
2268,"14,71,51,236,144","6661,25688,30250,24742,9175",sport correspondent thumbnailestival|,0.08563639173905055,8.363219777743021,False,0.041886391739050545,0.041886391739050545,0.016287237405776978,0.875,-0.0489310622215271,-0.02972553422053655,0.3958333333333333,0.7418502946649393,0.9529411764705882,0.0,0.0,1.446553111076355,6.916666666666666,0.0,0.0
2269,"213,247,66,77,119","73,12327,1041,6177,23662", unregarded action tie artistique,0.09958987385034562,8.46658972899119,False,0.05583987385034561,0.05583987385034561,0.014888095855712893,0.875,-0.050998461246490476,-0.02849769840637843,0.3958333333333333,0.719142233213585,0.9411764705882352,0.0,0.0,1.5499230623245237,6.916666666666666,0.0,0.0
2270,"32,169,22,55,153","22608,680,17088,13775,23158",occupant sie Behind Führung pierdere,0.07654740363359451,8.484223368622008,False,0.042361738781134285,0.04321407030026118,0.001919329166412354,0.6666666666666666,-0.058732086420059205,-0.028039174775282543,0.375,0.7383087114749008,0.8411764705882352,0.0,0.04761904761904761,1.9366043210029604,6.5,0.0,0.0
2271,"237,21,39,116,153","8916,10089,2951,29248,23158", restoration Animalches motoare pierdere,0.10371493945519131,8.494346788156548,False,0.05788160612185796,0.05788160612185796,0.024418634176254273,0.9166666666666666,-0.05892668962478638,-0.03509484728177389,0.375,0.6663913851579397,0.9470588235294116,0.0,0.0,1.9463344812393188,6.5,0.04801230691722891,0.0
2272,"178,236,152,243,44","30831,24742,19355,16323,15843",Totusiestival persoană Plain shaft,0.08041041692097983,8.597240179777145,False,0.04266583422819773,0.04291041692097982,0.015685683488845824,0.75,-0.061944803595542906,-0.033452930549780525,0.375,0.7302321233683126,0.9676470588235294,0.0,0.0,2.0972401797771454,6.5,0.0,0.0
2273,"111,81,250,155,46","6156,1722,24976,31308,18927", Pas physical situatia mănânc rar,0.07974549879630408,8.602949361006418,False,0.0380788321296374,0.0380788321296374,0.016306161880493164,0.8333333333333334,-0.053725653886795045,-0.02853398521741231,0.3958333333333333,0.7513480856331072,0.9676470588235294,0.0,0.0,1.6862826943397524,6.916666666666666,0.0,0.0
2274,"174,236,0,49,58","6031,24742,30332,26851,28310",ttingestivallucrarea représentant Illustration,0.09979386180639267,8.647518038749695,False,0.04979386180639267,0.04979386180639267,0.025472432374954224,1.0,-0.0629503607749939,-0.03255417197942734,0.375,0.7424408672857271,0.9,0.0,0.0,2.147518038749695,6.5,0.0,0.0
2275,"228,200,59,200,221","4408,3404,31675,3404,23481", accordware temporaireware Ensemble,0.04761717170476913,8.688310486456706,False,0.023345137635866802,0.024700505038102467,-0.003824174404144285,0.4583333333333333,-0.06075820624828338,-0.028103113174438477,0.3541666666666667,0.8534899013316869,0.9205882352941176,0.22182874547110656,0.34523809523809523,2.0379103124141693,6.083333333333334,0.0,0.0
2276,"35,95,93,188,86","14797,3169,19486,29904,16233",graphic trouble vitesseweilige Crew,0.0875001922249794,8.73575549631116,False,0.045212301115194954,0.045833525558312736,0.011763209104537967,0.8333333333333334,-0.05564166009426117,-0.03394892563422521,0.3958333333333333,0.6740959225479948,0.9323529411764706,0.0,0.0,1.7820830047130587,6.916666666666666,0.03700582493143598,0.0
2277,"118,169,74,252,152","2280,680,9633,21212,19355", km sie bitte Colin persoană,0.07610046168168386,8.735847701629003,False,0.03594584266344706,0.036517128348350525,0.008914715051651003,0.7916666666666666,-0.048050287365913394,-0.02906162788470586,0.4166666666666667,0.8009311765609901,0.9411764705882352,0.0,0.0,1.4025143682956696,7.333333333333334,0.0,0.0
2278,"239,71,94,78,41","23267,25688,18852,20961,3852",tolerant correspondentkapKING rep,0.08461017260948817,8.738365005184143,False,0.04711017260948817,0.04711017260948817,0.00874099135398865,0.75,-0.05627303421497345,-0.034092714389165245,0.3958333333333333,0.6943673605618367,0.888235294117647,0.0,0.0,1.8136517107486725,6.916666666666666,0.008046627768804684,0.0
2279,"14,123,192,227,45","6661,22250,19175,15782,25231",sport papaanalyzing Demoffentlichkeit,0.09491707086563111,8.740794383373958,False,0.051167070865631104,0.051167070865631104,0.017565447092056277,0.875,-0.055965304374694824,-0.029996871948242188,0.3958333333333333,0.6818962514192153,0.8852941176470588,0.0,0.0,1.798265218734741,6.916666666666666,0.025862497972549536,0.0
2280,"92,73,144,104,187","18158,9472,9175,15091,20719", imperative problème|spieler apărut,0.08452802499135337,8.75536678234736,False,0.047028024991353355,0.047028024991353355,0.009469652175903322,0.75,-0.05677400231361389,-0.028377242386341095,0.3958333333333333,0.7466218836989529,0.8941176470588235,0.0,0.0,1.8387001156806941,6.916666666666666,0.0,0.0
2281,"71,133,106,47,159","25688,121,14385,27265,3077"," correspondent"" Freunde klickenige",0.06308075413107872,8.772337150006067,False,0.03183075413107872,0.03183075413107872,0.01335979700088501,0.625,-0.04663721919059753,-0.03096927950779597,0.4166666666666667,0.7961378974333363,0.961764705882353,0.0,0.10714285714285708,1.3318609595298765,7.333333333333334,0.0,0.0
2282,"199,169,77,187,9","11171,680,6177,20719,3349",mates sie tie apărut Sport,0.0990857427318891,8.782616170233908,False,0.05533574273188909,0.05533574273188909,0.016285938024520875,0.875,-0.05695487856864929,-0.029477402567863464,0.3958333333333333,0.6872560974056564,0.9382352941176471,0.0,0.0,1.8477439284324646,6.916666666666666,0.018205575134776497,0.0
2283,"85,229,60,32,230","6796,3147,4091,22608,25638", drawn 300 rearoccupant Numero,0.0937417671084404,8.783605051581851,False,0.052075100441773735,0.052075100441773735,0.01797557473182678,0.8333333333333334,-0.0638696551322937,-0.03403457502524058,0.375,0.636914393522983,0.8823529411764707,0.0,0.0,2.1934827566146846,6.5,0.09012229496716714,0.0
2284,"29,253,57,73,252","28935,31728,23976,9472,21212", Squad ultraviolet déplacement problème Colin,0.08960293432076773,8.787137553616885,False,0.04585293432076772,0.04585293432076772,0.01837218999862671,0.875,-0.04892373085021973,-0.03284576286872228,0.4166666666666667,0.6946676255592049,0.9235294117647058,0.0,0.0,1.4461865425109863,7.333333333333334,0.007617677772564344,0.0
2285,"125,219,100,218,152","19020,25895,14338,6798,19355", humaineflooded surroundings Think persoană,0.08107106735308967,8.807599425315857,False,0.04333071162303289,0.04357106735308965,0.002861660718917847,0.75,-0.04115198850631714,-0.0272219975789388,0.4375,0.7553742610219831,0.9029411764705882,0.0,0.0,1.057599425315857,7.75,0.0,0.0
2286,"228,229,217,214,53","4408,3147,15296,13525,1735", accord 300ITYără moving,0.08401234745979308,8.884892145792643,False,0.044429014126459755,0.044429014126459755,0.011038434505462647,0.7916666666666666,-0.05936450958251953,-0.03252202272415161,0.3958333333333333,0.7092060090358924,0.9029411764705882,0.0,0.0,1.9682254791259761,6.916666666666666,0.0,0.0
2287,"23,205,245,130,162","31052,24903,23156,15799,5290", pasageri dispusceşti putereizat,0.07854966670274735,8.918369144201279,False,0.041049666702747345,0.041049666702747345,0.008251947164535523,0.75,-0.06836738288402558,-0.03286475936571757,0.375,0.7001285890640401,0.9470588235294116,0.0,0.0,2.4183691442012787,6.5,0.0,0.0
2288,"118,14,87,62,191","2280,6661,330,23226,20041", kmsport pas imobilieni,0.09669161786635717,8.973894397417704,False,0.05294161786635717,0.05294161786635717,0.020392411947250368,0.875,-0.06114455461502075,-0.02833474427461624,0.3958333333333333,0.7827802732534979,0.9441176470588234,0.0,0.0,2.0572277307510376,6.916666666666666,0.0,0.0
2289,"71,149,41,32,214","25688,18457,3852,22608,13525", correspondent varsta repoccupantără,0.07535354644060135,8.993899703025818,False,0.03785354644060135,0.03785354644060135,0.005196833610534669,0.75,-0.04487799406051636,-0.029393382370471954,0.4375,0.7609784100204219,0.9323529411764706,0.0,0.0,1.2438997030258179,7.75,0.0,0.0
2290,"28,228,234,80,21","5378,4408,794,8787,10089", neck accord test Abs Animal,0.10064546664555868,9.036841721015351,False,0.05481213331222534,0.05481213331222534,0.02632458209991455,0.9166666666666666,-0.06191297173500061,-0.03429617981115977,0.3958333333333333,0.6828314726809411,0.9411764705882352,0.0,0.0,2.0956485867500305,6.916666666666666,0.024526467598655465,0.0
2291,"133,169,117,104,193","121,680,12941,15091,26831",""" sie ListenspielerVoraussetzungen",0.05459684977928797,9.05781470593952,False,0.024309732019901276,0.02751351644595464,-0.012989163398742676,0.5416666666666666,-0.046172305941581726,-0.028229092558224995,0.4166666666666667,0.7936646864357333,0.9441176470588234,0.18967559933662412,0.2261904761904762,1.3086152970790863,7.333333333333334,0.0,0.0
2292,"106,222,186,214,27","14385,10038,10443,13525,2600", FreundeWCûără sport,0.08854919622341792,9.076537470022837,False,0.044799196223417916,0.044799196223417916,0.017278563976287846,0.875,-0.06319741606712341,-0.03104095160961151,0.3958333333333333,0.753883202164872,0.9470588235294116,0.0,0.0,2.15987080335617,6.916666666666666,0.0,0.0
2293,"97,125,24,156,200","31302,19020,29668,6872,3404", reacți humaine Crisiseştiware,0.0656732494632403,9.105556767611278,False,0.033372332652409874,0.0344232494632403,-0.0011242985725402827,0.625,-0.05330161154270172,-0.031253556410471596,0.4166666666666667,0.7705239037568091,0.9147058823529413,0.0,0.10714285714285708,1.6650805771350863,7.333333333333334,0.0,0.0
2294,"49,141,46,255,41","26851,25205,18927,27850,3852", représentantizeze rar purity rep,0.06981693655252456,9.221557461080097,False,0.03648360321919123,0.03648360321919123,0.01307821273803711,0.6666666666666666,-0.05681210160255432,-0.032805209358533226,0.4166666666666667,0.7181358437442567,0.9235294117647058,0.0,0.04761904761904761,1.8406050801277163,7.333333333333334,0.0,0.0
2295,"190,186,12,7,214","11733,10443,12337,6298,13525",usionû mobility Imageără,0.08248620033264159,9.247028758128485,False,0.042902866999308266,0.042902866999308266,0.011563879251480103,0.7916666666666666,-0.05827390849590301,-0.0327328567703565,0.4166666666666667,0.7048316343145926,0.9029411764705882,0.0,0.0,1.9136954247951503,7.333333333333334,0.0,0.0
2296,"255,186,105,237,131","27850,10443,10924,8916,30173", purityûissent restoration machiaj,0.0620159034927686,9.273967058885663,False,0.030029041071732838,0.030765903492768604,0.00010390281677246597,0.625,-0.06500315070152282,-0.03491144130627314,0.3958333333333333,0.7653879829007961,0.9147058823529413,0.0,0.10714285714285708,2.250157535076141,6.916666666666666,0.0,0.0
2297,"141,212,123,157,150","25205,19109,22250,27499,10470",izeze nachhaltig papaizantôt,0.03715431864062946,9.485828339580504,False,0.013920331994692484,0.01840431864062945,-0.01940312981605529,0.375,-0.05137774050235748,-0.025519564747810364,0.3958333333333333,0.9070297747865861,0.9529411764705882,0.5359889335102506,0.46428571428571425,1.5688870251178737,6.916666666666666,0.0,0.0
2298,"45,59,195,92,203","25231,31675,12743,18158,7889",ffentlichkeit temporaire Smartphone imperative assembly,0.08289576172828675,9.49510716398557,False,0.04539576172828674,0.04539576172828674,0.010399115085601807,0.75,-0.06323547661304474,-0.039491829772790275,0.4166666666666667,0.7007360660638571,0.8676470588235294,0.0,0.0,2.1617738306522365,7.333333333333334,0.0,0.0
2299,"39,71,146,23,253","2951,25688,20352,31052,31728",ches correspondent cuir pasageri ultraviolet,0.0848914588491122,9.527667743518904,False,0.04530812551577886,0.04530812551577886,0.013290363550186158,0.7916666666666666,-0.0707060307264328,-0.032051036755243935,0.3958333333333333,0.6470103216285817,0.9088235294117648,0.0,0.0,2.53530153632164,6.916666666666666,0.07569954053059745,0.0
2300,"247,196,95,61,253","12327,20202,3169,18837,31728","regarded,000. trouble manger ultraviolet",0.06548141663273176,9.559981344711213,False,0.03839808329939842,0.03839808329939842,0.003197291493415833,0.5416666666666666,-0.07667581737041473,-0.03539856771628062,0.375,0.7288672684368305,0.8705882352941177,0.0,0.2261904761904762,2.8337908685207363,6.5,0.0,0.0
2301,"71,226,188,248,153","25688,20736,29904,6148,23158", correspondenteselweilige mici pierdere,0.04614616384108862,9.607981396099877,False,0.022877315680185955,0.023229497174421947,0.00207967758178711,0.4583333333333333,-0.05383974313735962,-0.03504664202531179,0.4166666666666667,0.8063374131035799,0.9529411764705882,0.23742281066046814,0.34523809523809523,1.6919871568679807,7.333333333333334,0.0,0.0
2302,"11,172,63,166,214","9161,13910,23832,31468,13525", brolebt Regal ingrijireără,0.08794522235790889,9.718010008335114,False,0.04419522235790888,0.04419522235790888,0.01902381181716919,0.875,-0.05936020016670227,-0.03322629630565643,0.4375,0.7406683775339105,0.8941176470588235,0.0,0.0,1.9680100083351137,7.75,0.0,0.0
2303,"144,239,76,250,218","9175,23267,26292,24976,6798",|tolerant menschliche situatia Think,0.0739846095442772,9.748938262462616,False,0.03831318269173304,0.03856794287761053,0.005660098791122436,0.7083333333333334,-0.05997876524925232,-0.03600364923477173,0.4375,0.7139372282514936,0.9323529411764706,0.0,0.0,1.9989382624626155,7.75,0.0,0.0
2304,"29,221,251,255,58","28935,23481,694,27850,28310", Squad Ensemble fun purity Illustration,0.10345045228799185,9.809795101483664,False,0.06178378562132517,0.06178378562132517,0.013551461696624757,0.8333333333333334,-0.06952923536300659,-0.03795710951089859,0.4166666666666667,0.7142416614519101,0.8382352941176471,0.0,0.0,2.476461768150329,7.333333333333334,0.0,0.0
2305,"42,148,239,240,71","13483,5615,23267,16145,25688", underneathitztolerant earthquake correspondent,0.07774266600608826,9.82440236210823,False,0.03607599933942159,0.03607599933942159,0.009333187341690065,0.8333333333333334,-0.06148804724216461,-0.03838007648785909,0.4375,0.7404233798214048,0.961764705882353,0.0,0.0,2.07440236210823,7.75,0.0,0.0
2306,"29,24,83,49,216","28935,29668,7383,26851,9015", Squad Crisis Front représentant programmes,0.05274441788593928,9.82449198999102,False,0.02617087463537852,0.029827751219272614,-0.014987230300903319,0.4583333333333333,-0.05203232765197754,-0.03323987374703089,0.4375,0.7845804738366912,0.8852941176470588,0.12763751215404928,0.34523809523809523,1.601616382598877,7.75,0.0,0.0
2307,"35,254,118,214,62","14797,28995,2280,13525,23226",graphicfreiheit kmără imobil,0.08356187989314398,9.83738261461258,False,0.0418952132264773,0.0418952132264773,0.01884550452232361,0.8333333333333334,-0.061747652292251584,-0.03360236684481303,0.4375,0.7463657707783186,0.961764705882353,0.0,0.0,2.087382614612579,7.75,0.0,0.0
2308,"142,33,33,242,237","3416,25803,25803,17002,8916", € Sauce Sauceaffiche restoration,0.081582210958004,9.846501678228378,False,0.03976082305113474,0.03991554429133733,0.005881494283676152,0.8333333333333334,-0.06193003356456757,-0.03573578099409739,0.4375,0.7215973819979787,0.9294117647058824,0.0,0.0,2.0965016782283783,7.75,0.0,0.0
2309,"239,182,151,205,155","23267,1575,1110,24903,31308",toleranttion sein dispus mănânc,0.05390256543954214,9.951262762622227,False,0.028902565439542133,0.028902565439542133,0.004674625396728516,0.5,-0.07424601316452026,-0.03585610290368398,0.3958333333333333,0.7558239638175275,0.9529411764705882,0.036581152015262186,0.28571428571428564,2.7123006582260127,6.916666666666666,0.0,0.0
2310,"174,168,106,229,142","6031,15271,14385,3147,3416",ttingoară Freunde 300 €,0.06066745867331823,10.2146862135047,False,0.033501202861467995,0.033584125339984894,0.0011763215065002444,0.5416666666666666,-0.06476991474628449,-0.04298719267050425,0.4375,0.7621140137842475,0.9058823529411765,0.0,0.2261904761904762,2.2384957373142242,7.75,0.0,0.0
2311,"180,132,122,190,195","31797,6889,12759,11733,12743",scrisă ihm beneathusion Smartphone,0.05898905297120412,10.225596283636396,False,0.027450268467267353,0.02773905297120412,0.005663263797760011,0.625,-0.065669247508049,-0.037280420462290444,0.4375,0.8132967684153334,0.961764705882353,0.08499105109108819,0.10714285714285708,2.28346237540245,7.75,0.0,0.0
2312,"218,199,162,250,234","6798,11171,5290,24976,794", Thinkmatesizat situatia test,0.0612003708879153,10.264416029055912,False,0.03168552368879318,0.03203370422124863,-0.001234084367752075,0.5833333333333334,-0.0586216539144516,-0.03873170663913091,0.4583333333333333,0.7434525056033385,0.9058823529411765,0.0,0.16666666666666657,1.9310826957225802,8.166666666666666,0.0,0.0
2313,"231,112,238,195,138","21815,21711,12740,12743,9518", stained bildenvolu Smartphone oferit,0.06791156580050786,10.297955910364786,False,0.02832823246717453,0.02832823246717453,0.015479117631912231,0.7916666666666666,-0.06984460651874543,-0.03713857879241308,0.4375,0.7619359388873507,0.95,0.05572558442751563,0.0,2.492230325937271,7.75,0.0,0.0
2314,"57,160,195,129,150","23976,20437,12743,17,10470", déplacementenţa Smartphonetôt,0.06504879593849182,10.403366717554274,False,0.031715462605158486,0.031715462605158486,0.012416374683380128,0.6666666666666666,-0.07211495339870452,-0.04317003736893336,0.4375,0.7549206215902265,0.95,0.0,0.04761904761904761,2.605747669935226,7.75,0.0,0.0
2315,"194,112,81,255,99","23078,21711,1722,27850,7693",politischen bilden physical purity graphic,0.08389488657315572,10.61146355130072,False,0.04431155323982239,0.04431155323982239,0.013540035486221314,0.7916666666666666,-0.06795885264873505,-0.03906417886416117,0.4583333333333333,0.6672020234618887,0.9558823529411766,0.0,0.0,2.3979426324367523,8.166666666666666,0.04685425219730176,0.0
2316,"70,234,82,98,213","9692,794,16771,9850,73",kos test posture depict un,0.09572103023529052,10.632666343284361,False,0.04988769690195719,0.04988769690195719,0.022947728633880615,0.9166666666666666,-0.06860337555408477,-0.03836731364329656,0.4583333333333333,0.6749183707605805,0.9382352941176471,0.0,0.0,2.4301687777042384,8.166666666666666,0.0358308989134564,0.0
2317,"195,61,242,156,129","12743,18837,17002,6872,17", Smartphone mangerafficheeştit,0.06624294966459275,10.80195489525795,False,0.030787532528241474,0.030826282997926075,0.007499384880065919,0.7083333333333334,-0.081039097905159,-0.04577425618966421,0.4375,0.7190765454211016,0.95,0.0,0.0,3.0519548952579494,7.75,0.0,0.0
2318,"59,248,73,117,161","31675,6148,9472,12941,7890", temporaire mici problème Listenintérieur,0.06505661259094875,10.868076473474503,False,0.03588154415289561,0.035889945924282074,0.0032533645629882813,0.5833333333333334,-0.06236152946949005,-0.03874958058198293,0.4791666666666667,0.7817744241067869,0.9323529411764706,0.0,0.16666666666666657,2.1180764734745026,8.583333333333334,0.0,0.0
2319,"232,162,195,9,248","7578,5290,12743,3349,6148",eticizat Smartphone Sport mici,0.08761896441380183,10.91446141159366,False,0.04595229774713516,0.04595229774713516,0.015328454971313478,0.8333333333333334,-0.08221206068992615,-0.04921935002009074,0.4375,0.6622991360318538,0.9088235294117648,0.0,0.0,3.110603034496307,7.75,0.05385837709735172,0.0
2320,"194,155,93,188,142","23078,31308,19486,29904,3416",politischen mănânc vitesseweilige €,0.0487175703048706,11.087893663890778,False,0.024709184964497883,0.025800903638203938,-0.0026302039623260494,0.4583333333333333,-0.06799256801605225,-0.042688546081384025,0.4583333333333333,0.7592053027570425,0.9441176470588234,0.17636050118340388,0.34523809523809523,2.399628400802612,8.166666666666666,0.0,0.0
2321,"212,123,186,179,55","19109,22250,10443,3997,13775", nachhaltig papaûcht Führung,0.05589149345954259,11.71990663049713,False,0.026600080231825512,0.03297482679287592,-0.026121777296066285,0.4583333333333333,-0.0652267575263977,-0.035320594906806946,0.5,0.8698828264090861,0.8588235294117647,0.11333065893914958,0.34523809523809523,2.261337876319885,9.0,0.0,0.0
