pool_index,rank,token_id,literal,raw_vocab,category,component_ids,objective,constraint_violation,feasible,core_feasible,structure_feasible,low_gain_mean,low_positive_gain,low_gain_q10,low_coverage,high_gain_q05,high_gain_mean,high_state_retention,global_drop_rate,range_ratio,spearman,low_threshold,high_threshold,violation_low_coverage,violation_high_tail,violation_high_state,violation_drop_rate,structure_violation_range,structure_violation_rank,pool_source
0,1,30332,lucrarea,lucrarea,OK,"(30332,)",0.0802500863549529,0.0906904935836791,False,False,False,0.0529797968044075,0.0529797968044075,0.0324160456657409,0.978494623655914,-0.0218138098716735,0.002864517832315,0.9946236559139784,0.032258064516129,0.8384905305649137,0.9699386309992132,0.6292823553085327,0.8198487758636475,0.0,0.0906904935836791,0.0,0.0,0.0,0.0,high_preservation+low_gain+sticky
1,24761,28063,misunderstanding,misunderstanding,OK,"(28063,)",0.0427054522659189,5.357031147326191,False,False,False,0.0317211519646388,0.0317365956562821,0.0095799565315246,0.7150537634408602,-0.0525438487529754,-0.0225939167443142,0.9731182795698924,0.2311827956989247,0.8514226251446014,0.963915027537372,0.6292823553085327,0.8198487758636475,0.1061827956989247,1.627192437648773,0.0,3.623655913978494,0.0,0.0,low_gain
2,25496,6202, mistake,▁mistake,OK,"(6202,)",0.0410344983541196,5.50857205192248,False,False,False,0.0302052193431444,0.0303243600553081,0.0093239843845367,0.6935483870967742,-0.0593381077051162,-0.0214524932446018,0.9623655913978496,0.2204301075268817,0.875428344421602,0.9650416994492524,0.6292823553085327,0.8198487758636475,0.1330645161290322,1.9669053852558132,0.0,3.408602150537634,0.0,0.0,low_gain
3,29513,9751, ignore,▁ignore,OK,"(9751,)",0.0374906415660535,6.7459669289409465,False,False,False,0.0320163292269552,0.0324699564646649,0.0076223611831665,0.6612903225806451,-0.0639247149229049,-0.0247956527176723,0.989247311827957,0.2688172043010752,0.8461156626228661,0.943842643587726,0.6292823553085327,0.8198487758636475,0.1733870967741936,2.196235746145248,0.0,4.376344086021505,0.0,0.0,low_gain
4,31841,27801, inaccurate,▁inaccurate,OK,"(27801,)",0.0411859640270792,9.049123785778432,False,False,False,0.0402521577573591,0.0406096189893702,0.007599264383316,0.7526881720430108,-0.0809541791677475,-0.0347181741268404,0.8924731182795699,0.3440860215053763,0.7643864328171629,0.9359937057435088,0.6292823553085327,0.8198487758636475,0.0591397849462366,3.0477089583873744,0.0605546123372948,5.881720430107527,0.0,0.0,low_gain
5,29268,25553, Accident,▁Accident,OK,"(25553,)",0.0363013339058686,6.639930349203848,False,False,False,0.0299584737388036,0.0300580625252057,0.007583737373352,0.6344086021505376,-0.0600566715002059,-0.0241841385441441,0.9516129032258064,0.271505376344086,0.8611266249639741,0.9623729346970888,0.6292823553085327,0.8198487758636475,0.206989247311828,2.0028335750102992,0.0,4.43010752688172,0.0,0.0,low_gain
6,31339,26557, ignorance,▁ignorance,OK,"(26557,)",0.0364864920336072,7.990874974199386,False,False,False,0.0329868146168288,0.0331304951380657,0.0075542628765106,0.6505376344086021,-0.0718930512666702,-0.0298860784499875,0.9247311827956988,0.3091397849462365,0.8246935200367276,0.953825334382376,0.6292823553085327,0.8198487758636475,0.1868279569892474,2.594652563333511,0.0265987549518958,5.182795698924731,0.0,0.0,low_gain
7,29851,19329, retard,▁retard,OK,"(19329,)",0.0405515683915025,6.907389626708081,False,False,False,0.0282248702420983,0.0287028020748528,0.0074710547924041,0.7150537634408602,-0.0534434914588928,-0.0244283157010232,0.9838709677419356,0.3064516129032258,0.8317317606551342,0.965904012588513,0.6292823553085327,0.8198487758636475,0.1061827956989247,1.672174572944641,0.0,5.129032258064516,0.0,0.0,low_gain
8,31415,28155, disagreement,▁disagreement,OK,"(28155,)",0.039801990320926,8.100262796686541,False,False,False,0.0392881737601372,0.039401497571699,0.0074371993541717,0.7204301075268817,-0.0731342881917953,-0.0309509513198688,0.956989247311828,0.3172043010752688,0.7933391141967961,0.9419417781274584,0.6292823553085327,0.8198487758636475,0.0994623655913978,2.656714409589767,0.0,5.344086021505376,0.0,0.0,low_gain
9,29140,6854, errors,▁errors,OK,"(6854,)",0.0367179942387406,6.591067723655808,False,False,False,0.0287169692336872,0.0291182251386745,0.0070962011814117,0.6505376344086021,-0.0581017732620239,-0.0240202616619807,0.935483870967742,0.2741935483870967,0.8368279912242244,0.956689221085759,0.6292823553085327,0.8198487758636475,0.1868279569892474,1.905088663101196,0.0152801358234295,4.483870967741935,0.0,0.0,low_gain
10,30156,22897, ignor,▁ignor,OK,"(22897,)",0.0360977517741341,7.076179916820219,False,False,False,0.0333430353672273,0.0338018510931281,0.007077157497406,0.6451612903225806,-0.0647494047880172,-0.025752596316799,0.9623655913978496,0.282258064516129,0.8252476948979109,0.9515656963021242,0.6292823553085327,0.8198487758636475,0.1935483870967742,2.237470239400863,0.0,4.645161290322581,0.0,0.0,low_gain
11,30433,16793, Photoshop,▁Photoshop,OK,"(16793,)",0.0390392803216493,7.229936389883965,False,False,False,0.0297715532523329,0.029913951632797,0.0069090723991394,0.7043010752688172,-0.0616969168186187,-0.0278432737755519,0.946236559139785,0.3010752688172043,0.8290269097915243,0.95841384736428,0.6292823553085327,0.8198487758636475,0.1196236559139785,2.0848458409309383,0.0039615166949631,5.021505376344086,0.0,0.0,low_gain
12,25424,3505, error,▁error,OK,"(3505,)",0.03690840525813,5.493645808709564,False,False,False,0.0293992805865503,0.0296207269032796,0.0068025887012481,0.6559139784946236,-0.053797647356987,-0.0219537385048404,0.9516129032258064,0.2311827956989247,0.855895263268107,0.971398898505114,0.6292823553085327,0.8198487758636475,0.1801075268817205,1.6898823678493498,0.0,3.623655913978494,0.0,0.0,low_gain
13,24530,29744, kidding,▁kidding,OK,"(29744,)",0.032769169522229,5.312017527318769,False,False,False,0.0268186213829184,0.0268742100846382,0.0067895203828811,0.5752688172043011,-0.0556758344173431,-0.0194210464595466,0.9731182795698924,0.2123655913978494,0.8440014367551059,0.9611014948859165,0.6292823553085327,0.8198487758636475,0.2809139784946236,1.7837917208671568,0.0,3.247311827956989,0.0,0.0,low_gain
14,29011,3125, accident,▁accident,OK,"(3125,)",0.0326795333335476,6.542904971107359,False,False,False,0.0281228381459431,0.0282895738078701,0.0067546963691711,0.5806451612903226,-0.0621484220027923,-0.0225569362281471,0.978494623655914,0.2580645161290322,0.8841211997967646,0.9574508261211642,0.6292823553085327,0.8198487758636475,0.2741935483870967,2.107421100139617,0.0,4.161290322580645,0.0,0.0,low_gain
15,31199,31820, unrealistic,▁unrealistic,OK,"(31820,)",0.0372964131495644,7.837617412740791,False,False,False,0.0353234958264135,0.0356175905914716,0.0066004991531372,0.6774193548387096,-0.0635010749101638,-0.0307689549461487,0.946236559139785,0.325268817204301,0.787126328935755,0.933104642014162,0.6292823553085327,0.8198487758636475,0.153225806451613,2.175053745508193,0.0039615166949631,5.505376344086021,0.0,0.0,low_gain
16,29492,21169, accidentally,▁accidentally,OK,"(21169,)",0.0379117086850186,6.739555826110223,False,False,False,0.0274617482898055,0.0275435829034415,0.0065652430057525,0.6881720430107527,-0.0612427294254303,-0.0258682155480948,0.9516129032258064,0.2768817204301075,0.8630009882856353,0.9661872541306058,0.6292823553085327,0.8198487758636475,0.1397849462365591,2.0621364712715144,0.0,4.53763440860215,0.0,0.0,low_gain
17,26486,23828, misleading,▁misleading,OK,"(23828,)",0.0360755795913357,5.748872421761995,False,False,False,0.0274884133569655,0.0277521350691395,0.0064803659915924,0.6451612903225806,-0.053257018327713,-0.0213511236893233,0.9623655913978496,0.2446236559139785,0.8749344819897229,0.9714996066089692,0.6292823553085327,0.8198487758636475,0.1935483870967742,1.6628509163856504,0.0,3.89247311827957,0.0,0.0,low_gain
18,16176,16571, Pictures,▁Pictures,OK,"(16571,)",0.0347279359175953,3.947137782971064,False,False,False,0.0278872685727252,0.0280774304623244,0.0064694285392761,0.6182795698924731,-0.0531094223260879,-0.0193249727449109,0.9731182795698924,0.1532258064516129,0.8549679393764902,0.9536553894571204,0.6292823553085327,0.8198487758636475,0.2271505376344086,1.6554711163043974,0.0,2.064516129032258,0.0,0.0,low_gain
19,29020,25354, hashtag,▁hashtag,OK,"(25354,)",0.0294881157817379,6.545143561337583,False,False,False,0.021769862822307,0.0219792680394264,0.0063343346118927,0.5161290322580645,-0.0530534088611602,-0.023591919611859,0.989247311827957,0.2768817204301075,0.8832305621540466,0.9741557828481512,0.6292823553085327,0.8198487758636475,0.3548387096774194,1.6526704430580137,0.0,4.53763440860215,0.0,0.0,low_gain
20,29391,24306, accidental,▁accidental,OK,"(24306,)",0.0356276121991936,6.692885280296366,False,False,False,0.0279408856745689,0.0280810953468404,0.0062304437160491,0.6505376344086021,-0.0625942647457122,-0.0245460416040112,0.9731182795698924,0.2688172043010752,0.8575421747980227,0.9706435877262,0.6292823553085327,0.8198487758636475,0.1868279569892474,2.1297132372856136,0.0,4.376344086021505,0.0,0.0,low_gain
21,17266,30104, disregard,▁disregard,OK,"(30104,)",0.0336172716271492,4.10365027894256,False,False,False,0.0292857731542279,0.0295785675125737,0.0061873197555541,0.5967741935483871,-0.0481751561164855,-0.0175170151777164,0.989247311827957,0.1720430107526881,0.8815960466213457,0.9641038552321008,0.6292823553085327,0.8198487758636475,0.2540322580645161,1.4087578058242798,0.0,2.4408602150537635,0.0,0.0,low_gain
22,30061,28518, misconception,▁misconception,OK,"(28518,)",0.0382072754765069,7.018022047103834,False,False,False,0.0320111715024517,0.0322279144999801,0.0061820745468139,0.7043010752688172,-0.0637970566749572,-0.0274327461437512,0.9408602150537636,0.2849462365591398,0.8150020490288253,0.960258064516129,0.6292823553085327,0.8198487758636475,0.1196236559139785,2.1898528337478638,0.0096208262591962,4.698924731182796,0.0,0.0,low_gain
23,29036,19010, twitter,▁twitter,OK,"(19010,)",0.0251043569737224,6.551101361231137,False,False,False,0.0200372668363714,0.0202887907464017,0.005901426076889,0.4462365591397849,-0.0621779412031173,-0.0240651949118542,0.967741935483871,0.25,0.8964015157943452,0.9707757671125096,0.6292823553085327,0.8198487758636475,0.4422043010752688,2.108897060155868,0.0,4.0,0.0,0.0,low_gain
24,26525,27881,3:30,3:30,OK,"(27881,)",0.0276908410012081,5.757035047136327,False,False,False,0.021258480766768,0.0213766886341956,0.0058726072311401,0.4946236559139785,-0.058258980512619,-0.0206948893685494,0.9516129032258064,0.2231182795698924,0.8872277547558204,0.9709205350118016,0.6292823553085327,0.8198487758636475,0.3817204301075269,1.9129490256309507,0.0,3.462365591397849,0.0,0.0,low_gain
25,17905,7544, unexpected,▁unexpected,OK,"(7544,)",0.0277288826643138,4.192949238323396,False,False,False,0.0216684982340822,0.0217602685574562,0.005737692117691,0.489247311827957,-0.0494235008955001,-0.0153840116916164,0.978494623655914,0.1666666666666666,0.885918811235673,0.9694602675059008,0.6292823553085327,0.8198487758636475,0.3884408602150538,1.4711750447750092,0.0,2.333333333333333,0.0,0.0,low_gain
26,21937,1933, pictures,▁pictures,OK,"(1933,)",0.0296852420334534,4.823329650266196,False,False,False,0.0255264058228461,0.025642142020246,0.0056967437267303,0.5376344086021505,-0.0578644424676895,-0.0183612595322311,0.9838709677419356,0.1801075268817204,0.8521906014434547,0.9638646734854444,0.6292823553085327,0.8198487758636475,0.3279569892473119,1.8932221233844757,0.0,2.602150537634409,0.0,0.0,low_gain
27,30953,28950, glitch,▁glitch,OK,"(28950,)",0.03237243830677,7.617426475850484,False,False,False,0.0248022697946076,0.0249501508410258,0.0056605637073516,0.5967741935483871,-0.0625367015600204,-0.028149462835763,0.9623655913978496,0.3118279569892473,0.8611658494408742,0.9685916601101492,0.6292823553085327,0.8198487758636475,0.2540322580645161,2.126835078001022,0.0,5.236559139784946,0.0,0.0,low_gain
28,30672,26213, irrelevant,▁irrelevant,OK,"(26213,)",0.0324868062090489,7.385607518496052,False,False,False,0.0318869518977339,0.0321260030551623,0.0056506395339965,0.5967741935483871,-0.0600508600473403,-0.0281126742721885,0.956989247311828,0.3064516129032258,0.8385503117371943,0.9506026750590084,0.6292823553085327,0.8198487758636475,0.2540322580645161,2.002543002367019,0.0,5.129032258064516,0.0,0.0,low_gain
29,31096,22490, allergic,▁allergic,OK,"(22490,)",0.0315576154778721,7.748553726942308,False,False,False,0.024227734214516,0.0246641837781475,0.0055010616779327,0.5860215053763441,-0.0648904293775558,-0.0283450814344549,0.9623655913978496,0.3118279569892473,0.872777799831503,0.9611707317073168,0.6292823553085327,0.8198487758636475,0.2674731182795699,2.244521468877792,0.0,5.236559139784946,0.0,0.0,low_gain
30,30350,25851, idiot,▁idiot,OK,"(25851,)",0.0324773417365166,7.180197195340228,False,False,False,0.024373903710355,0.0250375312502666,0.0054895281791687,0.5967741935483871,-0.0570179224014282,-0.0260167637819884,0.956989247311828,0.303763440860215,0.8287625503937868,0.9685601888276946,0.6292823553085327,0.8198487758636475,0.2540322580645161,1.850896120071411,0.0,5.075268817204301,0.0,0.0,low_gain
31,14704,6484, graphics,▁graphics,OK,"(6484,)",0.0313138932951035,3.745649612078103,False,False,False,0.0235593214791308,0.023857845894752,0.0054211020469665,0.5645161290322581,-0.046660304069519,-0.0173725505029001,0.967741935483871,0.1559139784946236,0.8677531856606058,0.97024704956727,0.6292823553085327,0.8198487758636475,0.2943548387096774,1.333015203475952,0.0,2.118279569892473,0.0,0.0,low_gain
32,30034,28171, touchscreen,▁touchscreen,OK,"(28171,)",0.0314900118897679,6.99855446351674,False,False,False,0.0248751839001973,0.0251997199750715,0.0053189992904663,0.5860215053763441,-0.0626012533903122,-0.0266116790233119,0.9408602150537636,0.2795698924731182,0.8341787157481259,0.9499040125885128,0.6292823553085327,0.8198487758636475,0.2674731182795699,2.1300626695156093,0.0096208262591962,4.591397849462365,0.0,0.0,low_gain
33,15505,16297, Graphic,▁Graphic,OK,"(16297,)",0.0263969858166992,3.8543353426841,False,False,False,0.0236543902466374,0.0237137837115154,0.0052902996540069,0.478494623655914,-0.056360900402069,-0.0166319599074702,0.967741935483871,0.1317204301075268,0.8949243999119884,0.9600503540519276,0.6292823553085327,0.8198487758636475,0.4018817204301075,1.8180450201034544,0.0,1.6344086021505373,0.0,0.0,low_gain
34,30178,29452, unacceptable,▁unacceptable,OK,"(29452,)",0.035235816737016,7.087555378085148,False,False,False,0.034893952390199,0.0350749816304893,0.005281776189804,0.6666666666666666,-0.0675858557224273,-0.0273223304620353,0.946236559139785,0.2768817204301075,0.8122353362362597,0.9448497246262784,0.6292823553085327,0.8198487758636475,0.1666666666666667,2.379292786121368,0.0039615166949631,4.53763440860215,0.0,0.0,low_gain
35,25033,17291, negativ,▁negativ,OK,"(17291,)",0.0299857157773228,5.415153653711401,False,False,False,0.0262482413040694,0.0264823180372997,0.0052113533020019,0.553763440860215,-0.0582761913537979,-0.0200630464861469,0.9731182795698924,0.2096774193548387,0.8769677206756823,0.9572053501180172,0.6292823553085327,0.8198487758636475,0.3077956989247313,1.9138095676898956,0.0,3.193548387096774,0.0,0.0,low_gain
36,28054,13301, facebook,▁facebook,OK,"(13301,)",0.0290641415183262,6.2099040464688375,False,False,False,0.0231015877698057,0.0231806145560356,0.0051718950271606,0.5376344086021505,-0.0597894787788391,-0.023894089844919,0.956989247311828,0.2446236559139785,0.8722453032083054,0.9692022029897716,0.6292823553085327,0.8198487758636475,0.3279569892473119,1.9894739389419556,0.0,3.89247311827957,0.0,0.0,low_gain
37,25812,10802, joke,▁joke,OK,"(10802,)",0.0303871945267723,5.581305459301959,False,False,False,0.0240595433660732,0.0242126683394114,0.0051271021366119,0.5483870967741935,-0.0431852489709854,-0.0217127155873083,0.9731182795698924,0.2553763440860215,0.8744031511805491,0.9731612903225806,0.6292823553085327,0.8198487758636475,0.3145161290322582,1.1592624485492706,0.0,4.10752688172043,0.0,0.0,low_gain
38,27445,31475, imperfections,▁imperfections,OK,"(31475,)",0.0348905396958192,6.007924794189391,False,False,False,0.0300247883924873,0.0304151042815177,0.0050973892211914,0.6666666666666666,-0.0708036571741104,-0.0234328896127721,0.9516129032258064,0.2150537634408602,0.8339794353357641,0.9487584579071596,0.6292823553085327,0.8198487758636475,0.1666666666666667,2.54018285870552,0.0,3.301075268817204,0.0,0.0,low_gain
39,31370,16355, deleted,▁deleted,OK,"(16355,)",0.0309167083392861,8.031087990089128,False,False,False,0.0305134929636473,0.030765583438258,0.0050889253616333,0.5860215053763441,-0.0694658458232879,-0.0281231791101476,0.9623655913978496,0.314516129032258,0.8504391650941706,0.9472856018882768,0.6292823553085327,0.8198487758636475,0.2674731182795699,2.4732922911643977,0.0,5.290322580645161,0.0,0.0,low_gain
40,29671,26199, underestimate,▁underestimate,OK,"(26199,)",0.0322676441682282,6.819180174540447,False,False,False,0.0290522681128594,0.0292428116644582,0.0050397813320159,0.6075268817204301,-0.0629696249961853,-0.0246241554137199,0.9623655913978496,0.271505376344086,0.8274660471422725,0.9659166011014948,0.6292823553085327,0.8198487758636475,0.2405913978494624,2.1484812498092647,0.0,4.43010752688172,0.0,0.0,low_gain
41,25149,16788, realitate,▁realitate,OK,"(16788,)",0.0284402425410927,5.436832902892943,False,False,False,0.0237319977373205,0.0240821849594834,0.0049913227558135,0.521505376344086,-0.052526980638504,-0.021002931620485,0.9731182795698924,0.2231182795698924,0.880077448419739,0.9666907946498816,0.6292823553085327,0.8198487758636475,0.3481182795698925,1.6263490319252012,0.0,3.462365591397849,0.0,0.0,low_gain
42,29051,14441, Taiwan,▁Taiwan,OK,"(14441,)",0.0251942254122226,6.557882854054051,False,False,False,0.0199756950780909,0.0201392582347316,0.0049496889114379,0.4677419354838709,-0.0628512054681778,-0.0236394158614579,0.978494623655914,0.25,0.883116696065348,0.9681762391817468,0.6292823553085327,0.8198487758636475,0.4153225806451613,2.1425602734088893,0.0,4.0,0.0,0.0,low_gain
43,31558,31771, Avocado,▁Avocado,OK,"(31771,)",0.0307874412546234,8.325174940580288,False,False,False,0.0244674628139824,0.0246160805866282,0.004920482635498,0.5806451612903226,-0.063305988907814,-0.0303231179714202,0.946236559139785,0.3440860215053763,0.8398641693848088,0.9583257277734066,0.6292823553085327,0.8198487758636475,0.2741935483870967,2.165299445390701,0.0039615166949631,5.881720430107527,0.0,0.0,low_gain+sticky
44,27526,9888, friendship,▁friendship,OK,"(9888,)",0.027557896101667,6.029068436353437,False,False,False,0.020871389296747,0.0211884231977565,0.0049095451831817,0.5161290322580645,-0.063162013888359,-0.021786622142279,0.978494623655914,0.2258064516129032,0.8648412921292353,0.9725759244689222,0.6292823553085327,0.8198487758636475,0.3548387096774194,2.158100694417953,0.0,3.516129032258064,0.0,0.0,low_gain+sticky
45,28473,10657, tweet,▁tweet,OK,"(10657,)",0.0251406445618598,6.34625268367029,False,False,False,0.0207763006610255,0.0210511203735105,0.004845768213272,0.4677419354838709,-0.0618444085121154,-0.0224276252331272,0.9731182795698924,0.2419354838709677,0.8954464927518095,0.9717513768686072,0.6292823553085327,0.8198487758636475,0.4153225806451613,2.092220425605773,0.0,3.838709677419355,0.0,0.0,low_gain
46,28819,15202, controversial,▁controversial,OK,"(15202,)",0.0347497415798966,6.472689690128449,False,False,False,0.0308452769312807,0.0311770854137277,0.0047560334205627,0.6505376344086021,-0.0506634712219238,-0.023682072277992,0.9731182795698924,0.2876344086021505,0.8461277634772897,0.9661872541306058,0.6292823553085327,0.8198487758636475,0.1868279569892474,1.5331735610961914,0.0,4.752688172043011,0.0,0.0,low_gain
47,28003,12592, unnecessary,▁unnecessary,OK,"(12592,)",0.0339336812095616,6.19300486841442,False,False,False,0.0304385667206138,0.0307272143902317,0.0047181546688079,0.6397849462365591,-0.0554744154214859,-0.0240385163855809,0.946236559139785,0.260752688172043,0.809553845924543,0.9526797797010228,0.6292823553085327,0.8198487758636475,0.2002688172043011,1.7737207710742948,0.0039615166949631,4.21505376344086,0.0,0.0,low_gain
48,28133,28933, reckless,▁reckless,OK,"(28933,)",0.0267858892679214,6.237825938450393,False,False,False,0.0235912075606725,0.0239237787262085,0.004702478647232,0.5,-0.0583317875862121,-0.0223492364729604,0.9731182795698924,0.2473118279569892,0.8696333485381061,0.9631219512195122,0.6292823553085327,0.8198487758636475,0.375,1.916589379310608,0.0,3.946236559139785,0.0,0.0,low_gain
49,24163,9050, photographer,▁photographer,OK,"(9050,)",0.0280212941589534,5.2365185205013525,False,False,False,0.0219544984640613,0.0222430692244601,0.004694640636444,0.521505376344086,-0.054972305893898,-0.0197685271181086,0.967741935483871,0.2069892473118279,0.8894469776714148,0.9665271439811172,0.6292823553085327,0.8198487758636475,0.3481182795698925,1.7486152946949003,0.0,3.139784946236559,0.0,0.0,low_gain+sticky
50,26061,20633, overlooked,▁overlooked,OK,"(20633,)",0.0305122649797829,5.6406375105663,False,False,False,0.0246103123951983,0.0247690716097431,0.0046461820602416,0.5752688172043011,-0.0579471588134765,-0.0204585229837766,0.978494623655914,0.2231182795698924,0.8686917102211342,0.9594838709677418,0.6292823553085327,0.8198487758636475,0.2809139784946236,1.897357940673828,0.0,3.462365591397849,0.0,0.0,low_gain
51,29753,10649, accidents,▁accidents,OK,"(10649,)",0.0300442850717934,6.859247089444274,False,False,False,0.0268023675808342,0.0273629265126361,0.0045863986015319,0.5752688172043011,-0.0661110877990722,-0.0246687938449203,0.946236559139785,0.2634408602150537,0.8727939441421607,0.9589551534225018,0.6292823553085327,0.8198487758636475,0.2809139784946236,2.305554389953613,0.0039615166949631,4.268817204301075,0.0,0.0,low_gain
52,26465,24412, Jacket,▁Jacket,OK,"(24412,)",0.0231999729028953,5.744471209984953,False,False,False,0.0189936468678136,0.0192816122885673,0.0045143365859985,0.4301075268817204,-0.056394800543785,-0.021129745949981,0.978494623655914,0.2231182795698924,0.8774973986852272,0.9668796223446104,0.6292823553085327,0.8198487758636475,0.4623655913978495,1.8197400271892543,0.0,3.462365591397849,0.0,0.0,low_gain+sticky
53,29248,16787, bloggers,▁bloggers,OK,"(16787,)",0.0296616711683811,6.632434994623225,False,False,False,0.0242371411733729,0.0246136787758078,0.0045051276683807,0.5645161290322581,-0.0613852590322494,-0.0242430987537548,0.9731182795698924,0.2634408602150537,0.8913211196359827,0.9639527930763178,0.6292823553085327,0.8198487758636475,0.2943548387096774,2.069262951612472,0.0,4.268817204301075,0.0,0.0,low_gain+sticky
54,21025,26671, thinner,▁thinner,OK,"(26671,)",0.0288895756727264,4.666931263541661,False,False,False,0.0247487486690603,0.0253039390169164,0.0044893026351928,0.5483870967741935,-0.0603816360235214,-0.0182884514972727,0.967741935483871,0.1666666666666666,0.8837817413159031,0.9526357199055862,0.6292823553085327,0.8198487758636475,0.3145161290322582,2.0190818011760707,0.0,2.333333333333333,0.0,0.0,low_gain
55,31021,27445, embarrassing,▁embarrassing,OK,"(27445,)",0.0304538730571987,7.682733705287339,False,False,False,0.0249776587050448,0.0253783903455221,0.0044390261173248,0.5860215053763441,-0.065724566578865,-0.0281956843150559,0.956989247311828,0.3064516129032258,0.857150535071744,0.9647710464201414,0.6292823553085327,0.8198487758636475,0.2674731182795699,2.286228328943252,0.0,5.129032258064516,0.0,0.0,low_gain
56,26909,4832, photography,▁photography,OK,"(4832,)",0.0304482468674259,5.85293743046381,False,False,False,0.0244113729205182,0.0245556597427655,0.0044248402118682,0.5806451612903226,-0.0601770281791687,-0.0214375783038395,0.9731182795698924,0.2284946236559139,0.8522186547657224,0.9661054287962234,0.6292823553085327,0.8198487758636475,0.2741935483870967,2.0088514089584346,0.0,3.569892473118279,0.0,0.0,low_gain+sticky
57,8281,360, few,▁few,OK,"(360,)",0.0225187054324534,2.8696477666337,False,False,False,0.0187432873313144,0.0189054321537735,0.0044192671775817,0.4032258064516129,-0.0412370413541793,-0.0133340099165516,0.9838709677419356,0.1155913978494623,0.8971914802311146,0.9771833202202987,0.6292823553085327,0.8198487758636475,0.4959677419354839,1.0618520677089691,0.0,1.311827956989247,0.0,0.0,low_gain
58,15162,4981, yesterday,▁yesterday,OK,"(4981,)",0.0235052015832675,3.810901854627876,False,False,False,0.0194101753414318,0.0195995290433206,0.0043376088142395,0.4301075268817204,-0.0467556715011596,-0.0152495833494329,0.9946236559139784,0.1505376344086021,0.9259060551642536,0.9706624704956726,0.6292823553085327,0.8198487758636475,0.4623655913978495,1.3377835750579834,0.0,2.010752688172043,0.0,0.0,low_gain
59,22546,8560, opposed,▁opposed,OK,"(8560,)",0.0337079634028737,4.926759965637679,False,False,False,0.0329965083829818,0.0331844203574683,0.0043188631534576,0.6505376344086021,-0.0627556294202804,-0.0202759908091637,0.967741935483871,0.1801075268817204,0.8247386916408626,0.9455106215578284,0.6292823553085327,0.8198487758636475,0.1868279569892474,2.1377814710140224,0.0,2.602150537634409,0.0,0.0,low_gain
60,28507,25730,fehler,fehler,OK,"(25730,)",0.0298820707746731,6.359628151821833,False,False,False,0.0240638002913485,0.0244459513054099,0.0042981505393981,0.5698924731182796,-0.0582140684127807,-0.0245630779573994,0.9516129032258064,0.2580645161290322,0.8691158304115427,0.9665963808025178,0.6292823553085327,0.8198487758636475,0.2876344086021505,1.9107034206390376,0.0,4.161290322580645,0.0,0.0,low_gain
61,31636,20526, abortion,▁abortion,OK,"(20526,)",0.0300935133170056,8.464585247860159,False,False,False,0.0276084116069219,0.0279286151291221,0.0042973458766937,0.5913978494623656,-0.0754745006561279,-0.0317406901108321,0.9193548387096774,0.3198924731182795,0.8528096044186418,0.9504453186467346,0.6292823553085327,0.8198487758636475,0.260752688172043,2.773725032806396,0.032258064516129,5.397849462365591,0.0,0.0,low_gain
62,8609,3176, visual,▁visual,OK,"(3176,)",0.0204025986774634,2.9207944546335485,False,False,False,0.019750224486474,0.0200999153237189,0.0042965114116668,0.3655913978494624,-0.0434696525335311,-0.0116504523702847,1.0,0.1102150537634408,0.8972255692234543,0.9613154996066088,0.6292823553085327,0.8198487758636475,0.543010752688172,1.1734826266765594,0.0,1.204301075268817,0.0,0.0,low_gain
63,27745,14837, blogger,▁blogger,OK,"(14837,)",0.0257593395649105,6.098210061429649,False,False,False,0.0213243419765144,0.0214714648262146,0.0042755603790283,0.489247311827957,-0.0595717281103134,-0.0232375212894972,0.967741935483871,0.2365591397849462,0.907561395972275,0.9669110936270652,0.6292823553085327,0.8198487758636475,0.3884408602150538,1.9785864055156703,0.0,3.731182795698925,0.0,0.0,low_gain+sticky
64,28791,17070, invalid,▁invalid,OK,"(17070,)",0.0320851772382695,6.462120998290278,False,False,False,0.0321775742115513,0.0324021856631002,0.0042515993118286,0.6236559139784946,-0.0669843554496765,-0.0241422544243515,0.9516129032258064,0.2446236559139785,0.8478159212122225,0.9482360346184108,0.6292823553085327,0.8198487758636475,0.2204301075268817,2.349217772483825,0.0,3.89247311827957,0.0,0.0,low_gain
65,17612,5597, surprised,▁surprised,OK,"(5597,)",0.0262696360468223,4.1519022369256575,False,False,False,0.0222628025277968,0.0223962839252205,0.0042441189289093,0.4946236559139785,-0.0541133135557174,-0.0159291589772829,0.9838709677419356,0.1532258064516129,0.8835967310574776,0.9733564122738,0.6292823553085327,0.8198487758636475,0.3817204301075269,1.7056656777858732,0.0,2.064516129032258,0.0,0.0,low_gain
66,30693,28617, ignorant,▁ignorant,OK,"(28617,)",0.0349264969668721,7.399355253309062,False,False,False,0.0316308781664858,0.0319703660344564,0.0042121708393096,0.6827956989247311,-0.0685091763734817,-0.0274328307438922,0.9301075268817204,0.2903225806451613,0.8427444383661427,0.9527427222659324,0.6292823553085327,0.8198487758636475,0.1465053763440861,2.425458818674087,0.0209394453876627,4.806451612903226,0.0,0.0,low_gain
67,23620,16295, redus,▁redus,OK,"(16295,)",0.0300743777104603,5.127487513967739,False,False,False,0.0212157985536001,0.0215642093330301,0.0041722953319549,0.5698924731182796,-0.051850825548172,-0.0186147616114667,0.978494623655914,0.2123655913978494,0.8859505390856861,0.970486231313926,0.6292823553085327,0.8198487758636475,0.2876344086021505,1.5925412774085996,0.0,3.247311827956989,0.0,0.0,low_gain
68,9742,15180, Images,▁Images,OK,"(15180,)",0.0311297010670426,3.076065292922399,False,False,False,0.024771475343294,0.0248788402926537,0.0041640996932983,0.5860215053763441,-0.0467094779014587,-0.0145002472144301,0.9838709677419356,0.1236559139784946,0.9000571986728609,0.9718646734854444,0.6292823553085327,0.8198487758636475,0.2674731182795699,1.335473895072937,0.0,1.4731182795698925,0.0,0.0,low_gain
69,20100,17056, silly,▁silly,OK,"(17056,)",0.0238148191683394,4.521627598872749,False,False,False,0.0210699929345038,0.0213280002917012,0.0040810704231262,0.4408602150537634,-0.0461852401494979,-0.0178740149544131,0.989247311827957,0.1881720430107527,0.8963862273977805,0.9621715184893784,0.6292823553085327,0.8198487758636475,0.4489247311827957,1.3092620074748993,0.0,2.763440860215054,0.0,0.0,low_gain
70,21491,22877, Relax,▁Relax,OK,"(22877,)",0.0265807886838272,4.74632399344957,False,False,False,0.0213704634738224,0.0217414193896837,0.0040744245052337,0.4946236559139785,-0.0444963723421096,-0.0187259704195043,0.9838709677419356,0.2069892473118279,0.8937692405429979,0.9639779701022816,0.6292823553085327,0.8198487758636475,0.3817204301075269,1.224818617105484,0.0,3.139784946236559,0.0,0.0,low_gain
71,13353,21194, Few,▁Few,OK,"(21194,)",0.0262633340893894,3.560115883747737,False,False,False,0.0218320740486985,0.022085724819091,0.0040694177150726,0.489247311827957,-0.0453689843416214,-0.014485438023844,0.9838709677419356,0.1451612903225806,0.8951872540814926,0.964840283241542,0.6292823553085327,0.8198487758636475,0.3884408602150538,1.26844921708107,0.0,1.903225806451613,0.0,0.0,low_gain
72,19172,18828,6:00,6:00,OK,"(18828,)",0.0220508211482596,4.377083085877921,False,False,False,0.0182837847099509,0.0185172996854269,0.0040676891803741,0.4086021505376344,-0.048939511179924,-0.0180398142465981,0.9623655913978496,0.1720430107526881,0.880895495693055,0.9737340676632572,0.6292823553085327,0.8198487758636475,0.489247311827957,1.4469755589962006,0.0,2.4408602150537635,0.0,0.0,low_gain
73,28319,14209, uncomfortable,▁uncomfortable,OK,"(14209,)",0.0302350219379189,6.293390724607693,False,False,False,0.0265582261546965,0.026893977836896,0.0040673911571502,0.5860215053763441,-0.062668889760971,-0.0220895903084867,0.956989247311828,0.2446236559139785,0.8429024135449291,0.960786782061369,0.6292823553085327,0.8198487758636475,0.2674731182795699,2.133444488048553,0.0,3.89247311827957,0.0,0.0,low_gain
74,27614,17414, tragic,▁tragic,OK,"(17414,)",0.0298402437279301,6.055319323739427,False,False,False,0.0290890805503373,0.0293861468953471,0.0040520429611206,0.5806451612903226,-0.064881145954132,-0.0219265427640689,0.9301075268817204,0.2258064516129032,0.8812923446895918,0.9509929189614476,0.6292823553085327,0.8198487758636475,0.2741935483870967,2.244057297706604,0.0209394453876627,3.516129032258064,0.0,0.0,low_gain
75,24755,18554, fool,▁fool,OK,"(18554,)",0.0263717358230903,5.35621850048342,False,False,False,0.0210272993451805,0.0213760272149116,0.004045158624649,0.4946236559139785,-0.0480921119451522,-0.0195429424444834,0.978494623655914,0.2284946236559139,0.8475396232885961,0.9761384736428008,0.6292823553085327,0.8198487758636475,0.3817204301075269,1.404605597257614,0.0,3.569892473118279,0.0,0.0,low_gain
76,27681,28466, Moral,▁Moral,OK,"(28466,)",0.025444211041735,6.076646751293572,False,False,False,0.0226380975656611,0.0229505854909138,0.0040396749973297,0.4838709677419355,-0.0557802468538284,-0.0231849958178817,0.978494623655914,0.2446236559139785,0.8584031063188449,0.9657466561762392,0.6292823553085327,0.8198487758636475,0.3951612903225807,1.7890123426914213,0.0,3.89247311827957,0.0,0.0,low_gain
77,31828,23737, socialist,▁socialist,OK,"(23737,)",0.0299429758261608,9.000097854163057,False,False,False,0.0244356538018872,0.0248852096578126,0.0040156543254852,0.5913978494623656,-0.0728514194488525,-0.0329578682299583,0.9623655913978496,0.3548387096774194,0.8404559601946819,0.9565381589299764,0.6292823553085327,0.8198487758636475,0.260752688172043,2.6425709724426265,0.0,6.096774193548387,0.0,0.0,low_gain
78,25163,30615, Afrika,▁Afrika,OK,"(30615,)",0.0225145612112296,5.4396108718969485,False,False,False,0.0206851249420514,0.0210621752726134,0.0040079355239868,0.4301075268817204,-0.0599750131368637,-0.0207681425156131,0.978494623655914,0.1989247311827957,0.8910849611319079,0.9597859952793074,0.6292823553085327,0.8198487758636475,0.4623655913978495,1.9987506568431848,0.0,2.978494623655914,0.0,0.0,low_gain
79,26678,22950, sunglasses,▁sunglasses,OK,"(22950,)",0.0268328361453548,5.7935100838702205,False,False,False,0.0204680719042337,0.0206693814646813,0.0040026903152465,0.5161290322580645,-0.059526115655899,-0.0206852564888615,0.9731182795698924,0.2231182795698924,0.888687280127844,0.9620141620771046,0.6292823553085327,0.8198487758636475,0.3548387096774194,1.976305782794952,0.0,3.462365591397849,0.0,0.0,low_gain
80,22429,18721, screenshot,▁screenshot,OK,"(18721,)",0.0238473466807796,4.906154337108776,False,False,False,0.021778473610519,0.0218792749989417,0.003920167684555,0.4516129032258064,-0.0530693233013153,-0.0190231482828817,0.956989247311828,0.1908602150537634,0.8863974590566853,0.9662187254130604,0.6292823553085327,0.8198487758636475,0.435483870967742,1.6534661650657652,0.0,2.817204301075269,0.0,0.0,low_gain
81,29021,28845, humorous,▁humorous,OK,"(28845,)",0.0280958990816788,6.545533201066396,False,False,False,0.0226578545826737,0.0229853859511754,0.0038941204547882,0.5376344086021505,-0.0535988360643386,-0.0245676123967734,0.967741935483871,0.2768817204301075,0.8804065178743639,0.9724689221085756,0.6292823553085327,0.8198487758636475,0.3279569892473119,1.679941803216934,0.0,4.53763440860215,0.0,0.0,low_gain
82,29973,27624,criticized,criticized,OK,"(27624,)",0.030029650409055,6.968417667253043,False,False,False,0.026537295631183,0.0270723418522906,0.0038918852806091,0.5860215053763441,-0.0632662028074264,-0.0260253978031937,0.9623655913978496,0.2768817204301075,0.8540495287971559,0.9601825334382376,0.6292823553085327,0.8198487758636475,0.2674731182795699,2.163310140371322,0.0,4.53763440860215,0.0,0.0,low_gain
83,30303,31973, disrespect,▁disrespect,OK,"(31973,)",0.0317292091026101,7.154423916211692,False,False,False,0.02712088919455,0.0274052885911797,0.0038822889328002,0.6182795698924731,-0.0613411664962768,-0.0242282472630982,0.9731182795698924,0.293010752688172,0.8632350365187553,0.962882769472856,0.6292823553085327,0.8198487758636475,0.2271505376344086,2.0670583248138423,0.0,4.860215053763441,0.0,0.0,low_gain
84,30818,17809, eliminated,▁eliminated,OK,"(17809,)",0.0294195034811573,7.50478357734421,False,False,False,0.0266427955319804,0.0271820272168805,0.0038555264472961,0.5806451612903226,-0.0693656206130981,-0.0258338387294482,0.9408602150537636,0.2876344086021505,0.8348996315289828,0.954089693154996,0.6292823553085327,0.8198487758636475,0.2741935483870967,2.468281030654907,0.0096208262591962,4.752688172043011,0.0,0.0,low_gain
85,25777,12673, troops,▁troops,OK,"(12673,)",0.0222973775318873,5.5740634068366015,False,False,False,0.020776788874339,0.0209380372237133,0.0038176774978637,0.4301075268817204,-0.0605135262012481,-0.020103653592448,0.967741935483871,0.2043010752688172,0.8870286366719935,0.9667411487018094,0.6292823553085327,0.8198487758636475,0.4623655913978495,2.025676310062408,0.0,3.086021505376344,0.0,0.0,low_gain
86,25979,15535, brochure,▁brochure,OK,"(15535,)",0.025506918364635,5.621219164902163,False,False,False,0.0227691050498716,0.0233263578466189,0.0038149654865264,0.489247311827957,-0.0554082542657852,-0.0206671168086349,0.9946236559139784,0.2231182795698924,0.8802888001722454,0.9689756097560974,0.6292823553085327,0.8198487758636475,0.3884408602150538,1.7704127132892606,0.0,3.462365591397849,0.0,0.0,low_gain
87,25592,31648, vulgar,▁vulgar,OK,"(31648,)",0.0283006601756618,5.5314297586359,False,False,False,0.0256407347417646,0.0259977053570491,0.0037971436977386,0.5483870967741935,-0.0583167672157287,-0.020349758607085,0.989247311827957,0.2150537634408602,0.8688327442037275,0.965627065302911,0.6292823553085327,0.8198487758636475,0.3145161290322582,1.9158383607864375,0.0,3.301075268817204,0.0,0.0,low_gain
88,29381,25244, prejudice,▁prejudice,OK,"(25244,)",0.0302943315397026,6.69014678014222,False,False,False,0.0250743193331585,0.0253439499165422,0.0037707686424255,0.5860215053763441,-0.0555502474308013,-0.0240863378970853,0.978494623655914,0.282258064516129,0.8442515407560468,0.9671125098347756,0.6292823553085327,0.8198487758636475,0.2674731182795699,1.7775123715400694,0.0,4.645161290322581,0.0,0.0,low_gain
89,29812,27716, skeptical,▁skeptical,OK,"(27716,)",0.0308739867341774,6.890553222869032,False,False,False,0.0282554225895994,0.0284485006204215,0.0037645399570465,0.6021505376344086,-0.0599616020917892,-0.0247259489310685,0.9731182795698924,0.282258064516129,0.8200323742127249,0.9663823760818252,0.6292823553085327,0.8198487758636475,0.2473118279569892,1.998080104589462,0.0,4.645161290322581,0.0,0.0,low_gain
90,22354,8094, jacket,▁jacket,OK,"(8094,)",0.0182422501425589,4.893314192371983,False,False,False,0.0168597818382324,0.0172042088803424,0.0037524998188018,0.3387096774193548,-0.0489146709442138,-0.0181645254294077,0.9838709677419356,0.1935483870967742,0.914496779328081,0.9717639653815892,0.6292823553085327,0.8198487758636475,0.5766129032258065,1.4457335472106934,0.0,2.870967741935484,0.0,0.0,low_gain
91,29896,26524, stereotype,▁stereotype,OK,"(26524,)",0.0250494710860713,6.929776945421773,False,False,False,0.0202899493517414,0.0208053503946591,0.0037453770637512,0.4838709677419355,-0.0577890872955322,-0.0248288271888609,0.9623655913978496,0.282258064516129,0.863732543964101,0.9722738001573562,0.6292823553085327,0.8198487758636475,0.3951612903225807,1.889454364776611,0.0,4.645161290322581,0.0,0.0,low_gain
92,28804,4854, moral,▁moral,OK,"(4854,)",0.0222829807749999,6.465901062373192,False,False,False,0.0216603721341779,0.0217845532842861,0.003727376461029,0.4301075268817204,-0.0589954406023025,-0.0228303270314329,0.9838709677419356,0.2526881720430107,0.8767408001409603,0.9703855232100708,0.6292823553085327,0.8198487758636475,0.4623655913978495,1.9497720301151276,0.0,4.053763440860215,0.0,0.0,low_gain
93,13780,1554, picture,▁picture,OK,"(1554,)",0.0246983631964652,3.619055114766603,False,False,False,0.0200517600582491,0.0202619875631024,0.0037193000316619,0.4677419354838709,-0.0481606721878051,-0.0143504226079551,0.978494623655914,0.1397849462365591,0.8911264877225766,0.9720975609756096,0.6292823553085327,0.8198487758636475,0.4153225806451613,1.4080336093902588,0.0,1.7956989247311823,0.0,0.0,low_gain
94,31090,28306, imperfect,▁imperfect,OK,"(28306,)",0.0289253961094605,7.745397628955943,False,False,False,0.0283797633263372,0.0287882730525027,0.0037057399749755,0.5698924731182796,-0.0654993504285812,-0.027049329011671,0.9516129032258064,0.3091397849462365,0.8247701981337828,0.9523965381589296,0.6292823553085327,0.8198487758636475,0.2876344086021505,2.274967521429061,0.0,5.182795698924731,0.0,0.0,low_gain
95,22929,23096, 6:30,▁6:30,OK,"(23096,)",0.0221661405137149,4.998671902443773,False,False,False,0.0179074794374486,0.0181330721224507,0.0036957263946533,0.4247311827956989,-0.0553229004144668,-0.0198197803830587,0.9623655913978496,0.1881720430107527,0.8858980626974781,0.9692588512981902,0.6292823553085327,0.8198487758636475,0.4690860215053763,1.766145020723343,0.0,2.763440860215054,0.0,0.0,low_gain
96,24291,25372, resignation,▁resignation,OK,"(25372,)",0.0240870157477035,5.26354579162854,False,False,False,0.023416051300623,0.0237803241258026,0.0036838948726654,0.4731182795698925,-0.0650558620691299,-0.020729435067023,0.9731182795698924,0.1801075268817204,0.8960779064813506,0.9622659323367426,0.6292823553085327,0.8198487758636475,0.4086021505376344,2.2527931034564967,0.0,2.602150537634409,0.0,0.0,low_gain
97,23163,18853, peinture,▁peinture,OK,"(18853,)",0.0279239034300209,5.037436438504086,False,False,False,0.0230105708363235,0.0233288974531235,0.0036723613739013,0.543010752688172,-0.0579799115657806,-0.0182309576901056,0.978494623655914,0.1908602150537634,0.882436450961066,0.9544484657749802,0.6292823553085327,0.8198487758636475,0.321236559139785,1.898995578289032,0.0,2.817204301075269,0.0,0.0,low_gain+sticky
98,30355,21503, Romaniei,▁Romaniei,OK,"(21503,)",0.0276541171615482,7.181224335585871,False,False,False,0.0211525934357796,0.0214377833950904,0.0036646425724029,0.543010752688172,-0.0632212609052658,-0.0251299075541957,0.967741935483871,0.2849462365591398,0.8715315003687071,0.969705743509048,0.6292823553085327,0.8198487758636475,0.321236559139785,2.16106304526329,0.0,4.698924731182796,0.0,0.0,low_gain
99,27096,3490, employee,▁employee,OK,"(3490,)",0.026486834907724,5.904192286473448,False,False,False,0.0212003207334908,0.0216726963558504,0.0036598443984985,0.5161290322580645,-0.0595892220735549,-0.0220715281783893,0.967741935483871,0.2284946236559139,0.8842536451241452,0.967351691581432,0.6292823553085327,0.8198487758636475,0.3548387096774194,1.9794611036777492,0.0,3.569892473118279,0.0,0.0,low_gain
100,30793,25686, slavery,▁slavery,OK,"(25686,)",0.0276668509488464,7.478315799467024,False,False,False,0.0239865597217313,0.0242591463429953,0.003651887178421,0.543010752688172,-0.062711477279663,-0.0282867531622609,0.9623655913978496,0.3010752688172043,0.8784843266634506,0.9640346184107002,0.6292823553085327,0.8198487758636475,0.321236559139785,2.135573863983154,0.0,5.021505376344086,0.0,0.0,low_gain
101,31410,25054, selfish,▁selfish,OK,"(25054,)",0.0335020196934541,8.091077185496815,False,False,False,0.027851590706456,0.0283003135394024,0.0036375224590301,0.6666666666666666,-0.0693767219781875,-0.0293520564033139,0.946236559139785,0.3225806451612903,0.8098639229405784,0.96191974822974,0.6292823553085327,0.8198487758636475,0.1666666666666667,2.4688360989093776,0.0039615166949631,5.451612903225806,0.0,0.0,low_gain
102,28715,1376, Facebook,▁Facebook,OK,"(1376,)",0.0275663366561294,6.433108533582379,False,False,False,0.0214434612181878,0.0216514916830165,0.0036351978778839,0.543010752688172,-0.0643879771232605,-0.0236496851649335,0.9623655913978496,0.2446236559139785,0.8648434319144688,0.9683965381589298,0.6292823553085327,0.8198487758636475,0.321236559139785,2.2193988561630245,0.0,3.89247311827957,0.0,0.0,low_gain
103,28167,8176, mistakes,▁mistakes,OK,"(8176,)",0.0312113487912762,6.248343043429877,False,False,False,0.0254407576335373,0.0257147066695715,0.0036344230175018,0.6129032258064516,-0.0613647103309631,-0.0247520012881166,0.9623655913978496,0.2473118279569892,0.8436052961012671,0.96628166797797,0.6292823553085327,0.8198487758636475,0.2338709677419355,2.0682355165481563,0.0,3.946236559139785,0.0,0.0,low_gain
104,31775,23568, douche,▁douche,OK,"(23568,)",0.0306789392425167,8.832847729333727,False,False,False,0.0264106623588069,0.0270527524332846,0.0036338865756988,0.6129032258064516,-0.0720021724700927,-0.0312533923374709,0.9408602150537636,0.3494623655913978,0.8523947369547256,0.9612084972462628,0.6292823553085327,0.8198487758636475,0.2338709677419355,2.6001086235046382,0.0096208262591962,5.989247311827957,0.0,0.0,low_gain
105,31645,30691, unreasonable,▁unreasonable,OK,"(30691,)",0.0309991659656647,8.484386418185533,False,False,False,0.0312472921545787,0.0316341830197201,0.0036314725875854,0.6290322580645161,-0.0816783905029296,-0.029560141345506,0.946236559139785,0.3091397849462365,0.8043177176726042,0.9499669551534224,0.6292823553085327,0.8198487758636475,0.2137096774193549,3.083919525146484,0.0039615166949631,5.182795698924731,0.0,0.0,low_gain
106,21454,15278, Photograph,▁Photograph,OK,"(15278,)",0.026070088148117,4.740803544239332,False,False,False,0.0215421445587629,0.0217801218712201,0.0036186873912811,0.5,-0.0509719848632812,-0.018872272263291,0.967741935483871,0.1908602150537634,0.8674454255154779,0.9681132966168372,0.6292823553085327,0.8198487758636475,0.375,1.5485992431640625,0.0,2.817204301075269,0.0,0.0,low_gain+sticky
107,26705,22617, Blogger,▁Blogger,OK,"(22617,)",0.02432691848246,5.800083782403699,False,False,False,0.0210413516208689,0.0214678359928951,0.0036001205444335,0.4731182795698925,-0.0585823208093643,-0.0214945158009888,0.956989247311828,0.2231182795698924,0.9096035479705168,0.966420141620771,0.6292823553085327,0.8198487758636475,0.4086021505376344,1.929116040468216,0.0,3.462365591397849,0.0,0.0,low_gain+sticky
108,26350,29415, 4:00,▁4:00,OK,"(29415,)",0.0186923310561205,5.7144228966646295,False,False,False,0.01682798372161,0.0172930399897278,0.0035989582538604,0.3602150537634409,-0.0583475977182388,-0.0199997412261142,0.9623655913978496,0.2123655913978494,0.91103642194853,0.9649346970889062,0.6292823553085327,0.8198487758636475,0.5497311827956989,1.9173798859119413,0.0,3.247311827956989,0.0,0.0,low_gain
109,28856,2818, Tuesday,▁Tuesday,OK,"(2818,)",0.0240011753734721,6.485720095455005,False,False,False,0.0199945474504142,0.0203547097982898,0.0035836696624755,0.4731182795698925,-0.0647681653499603,-0.0232030496161471,0.9731182795698924,0.2419354838709677,0.8752714465140022,0.9593013375295044,0.6292823553085327,0.8198487758636475,0.4086021505376344,2.238408267498016,0.0,3.838709677419355,0.0,0.0,low_gain
110,30227,25335, Tweet,▁Tweet,OK,"(25335,)",0.0245196878669723,7.110992048055894,False,False,False,0.0227207206590201,0.0231486336197904,0.0035580992698669,0.4838709677419355,-0.0646391957998275,-0.0252832699847477,0.978494623655914,0.2741935483870967,0.8735074961103871,0.9603335955940204,0.6292823553085327,0.8198487758636475,0.3951612903225807,2.2319597899913783,0.0,4.483870967741935,0.0,0.0,low_gain
111,30404,15184, sheep,▁sheep,OK,"(15184,)",0.0256124446869537,7.21372674197279,False,False,False,0.0215933326111044,0.0221092944504112,0.0035439133644104,0.5053763440860215,-0.0640057176351547,-0.0256059595974542,0.956989247311828,0.282258064516129,0.840733040246704,0.9569535798583793,0.6292823553085327,0.8198487758636475,0.3682795698924732,2.200285881757736,0.0,4.645161290322581,0.0,0.0,low_gain
112,14185,25272, grafic,▁grafic,OK,"(25272,)",0.024672722279705,3.6747667734981855,False,False,False,0.0220281217367418,0.0223586826875645,0.0035410374402999,0.4731182795698925,-0.0504845827817916,-0.0151352235065993,0.9838709677419356,0.1370967741935483,0.8786860124895577,0.9597608182533436,0.6292823553085327,0.8198487758636475,0.4086021505376344,1.5242291390895844,0.0,1.7419354838709673,0.0,0.0,low_gain
113,22224,20343, unfortunate,▁unfortunate,OK,"(20343,)",0.0307241411459061,4.871786279703981,False,False,False,0.0285974125708303,0.0289030568574064,0.0035246908664703,0.5967741935483871,-0.052785187959671,-0.0174278158654448,0.956989247311828,0.1989247311827957,0.8821449974551312,0.9590684500393388,0.6292823553085327,0.8198487758636475,0.2540322580645161,1.6392593979835508,0.0,2.978494623655914,0.0,0.0,low_gain
114,12649,25800, Neck,▁Neck,OK,"(25800,)",0.0197042381330843,3.4698608738760788,False,False,False,0.0180396721247703,0.01830857030807,0.0035087764263153,0.3709677419354839,-0.0470585078001022,-0.0140773423256412,0.989247311827957,0.1290322580645161,0.9051002740253242,0.9676726986624704,0.6292823553085327,0.8198487758636475,0.5362903225806451,1.3529253900051117,0.0,1.5806451612903225,0.0,0.0,low_gain
115,11292,15440, Picture,▁Picture,OK,"(15440,)",0.0213399960148719,3.2912889424190723,False,False,False,0.0183829790161501,0.0186182452786353,0.0035009086132049,0.4032258064516129,-0.0464440584182739,-0.0134609950486049,0.978494623655914,0.1236559139784946,0.9120155581570754,0.9714303697875688,0.6292823553085327,0.8198487758636475,0.4959677419354839,1.3222029209136963,0.0,1.4731182795698925,0.0,0.0,low_gain
116,15454,20662, assumption,▁assumption,OK,"(20662,)",0.0245670459683864,3.8480646632691866,False,False,False,0.0219306070958414,0.022154515468946,0.0034944117069244,0.4677419354838709,-0.046289250254631,-0.0172039238355493,0.978494623655914,0.1559139784946236,0.8642642437017634,0.9764028324154208,0.6292823553085327,0.8198487758636475,0.4153225806451613,1.314462512731552,0.0,2.118279569892473,0.0,0.0,low_gain
117,12313,10893, Visual,▁Visual,OK,"(10893,)",0.0225648608258975,3.4237275021050566,False,False,False,0.0207655213532909,0.0209893057102798,0.0034939646720886,0.4301075268817204,-0.0486896038055419,-0.014568325652871,0.989247311827957,0.1263440860215053,0.9081067755782916,0.9547883556254916,0.6292823553085327,0.8198487758636475,0.4623655913978495,1.4344801902770996,0.0,1.5268817204301073,0.0,0.0,low_gain
118,24994,671, video,▁video,OK,"(671,)",0.0259466330290481,5.408226212827108,False,False,False,0.021363785189967,0.0217235222939522,0.0034704506397247,0.5053763440860215,-0.0558526962995529,-0.0210023913332211,0.989247311827957,0.2123655913978494,0.869511956308242,0.9631911880409124,0.6292823553085327,0.8198487758636475,0.3682795698924732,1.7926348149776457,0.0,3.247311827956989,0.0,0.0,low_gain
119,26714,27975, tweeted,▁tweeted,OK,"(27975,)",0.0262237531603664,5.801852710464948,False,False,False,0.0207295699786114,0.0210581783966351,0.0034489929676055,0.510752688172043,-0.0552574843168258,-0.0215276088765872,0.989247311827957,0.2338709677419354,0.8775165091809329,0.9716066089693156,0.6292823553085327,0.8198487758636475,0.3615591397849463,1.7628742158412931,0.0,3.677419354838709,0.0,0.0,low_gain
120,28657,22556,unauthorized,unauthorized,OK,"(22556,)",0.0291160611936482,6.409979811599177,False,False,False,0.0285432569442256,0.0289839227353372,0.0034279227256774,0.5752688172043011,-0.0615060478448867,-0.0237063986639822,0.9838709677419356,0.2526881720430107,0.848050028473901,0.9560157356412272,0.6292823553085327,0.8198487758636475,0.2809139784946236,2.0753023922443385,0.0,4.053763440860215,0.0,0.0,low_gain
121,24570,24701, defective,▁defective,OK,"(24701,)",0.0291136457154186,5.320496776732065,False,False,False,0.0268563387855406,0.0272494599383364,0.0034112930297851,0.5752688172043011,-0.0612217634916305,-0.0227219414326452,0.956989247311828,0.1989247311827957,0.8749190460217627,0.9604405979543664,0.6292823553085327,0.8198487758636475,0.2809139784946236,2.0610881745815277,0.0,2.978494623655914,0.0,0.0,low_gain+sticky
122,25688,19032, Wallpaper,▁Wallpaper,OK,"(19032,)",0.0292081687399136,5.554023129965668,False,False,False,0.0220219755685457,0.0224583636048019,0.0034100413322448,0.5698924731182796,-0.0539299249649047,-0.0212743429727451,0.9838709677419356,0.2284946236559139,0.8556219462866682,0.9678929976396536,0.6292823553085327,0.8198487758636475,0.2876344086021505,1.696496248245239,0.0,3.569892473118279,0.0,0.0,low_gain
123,27276,10242, sweat,▁sweat,OK,"(10242,)",0.0276495201533199,5.952659925145488,False,False,False,0.0247668146446187,0.0251346012597442,0.0033992230892181,0.543010752688172,-0.0580048114061355,-0.021564882609152,0.9946236559139784,0.2365591397849462,0.8466033713275567,0.9617938630999212,0.6292823553085327,0.8198487758636475,0.321236559139785,1.9002405703067775,0.0,3.731182795698925,0.0,0.0,low_gain
124,28598,9843, paintings,▁paintings,OK,"(9843,)",0.0272768326584369,6.390167535312713,False,False,False,0.0212360168656995,0.0218101252791702,0.0033968389034271,0.532258064516129,-0.0546581894159317,-0.0232335415578657,0.9838709677419356,0.2661290322580645,0.8656506326902221,0.9657466561762392,0.6292823553085327,0.8198487758636475,0.3346774193548388,1.7329094707965849,0.0,4.32258064516129,0.0,0.0,low_gain
125,24320,29505, 4:30,▁4:30,OK,"(29505,)",0.0214402920296115,5.268589410089677,False,False,False,0.0185542503992716,0.0188644207933897,0.0033943653106689,0.4193548387096774,-0.0584363043308258,-0.0201692369676405,0.956989247311828,0.1935483870967742,0.9021660824561074,0.9664893784421712,0.6292823553085327,0.8198487758636475,0.4758064516129032,1.92181521654129,0.0,2.870967741935484,0.0,0.0,low_gain
126,22900,24740, oublier,▁oublier,OK,"(24740,)",0.0317809454455811,4.993024330305797,False,False,False,0.0273305270620571,0.0274837927151751,0.0033922493457794,0.6236559139784946,-0.05588199198246,-0.0192897576157764,0.967741935483871,0.1989247311827957,0.8670476615762897,0.9554429583005506,0.6292823553085327,0.8198487758636475,0.2204301075268817,1.7940995991230009,0.0,2.978494623655914,0.0,0.0,low_gain
127,30794,21454, contradict,▁contradict,OK,"(21454,)",0.0335055567404275,7.478382678003586,False,False,False,0.0337249341831412,0.0340286435619477,0.0033887922763824,0.6720430107526881,-0.0697077214717865,-0.027852250042782,0.9247311827956988,0.2903225806451613,0.8146151463443392,0.9582061369000784,0.6292823553085327,0.8198487758636475,0.1599462365591399,2.4853860735893245,0.0265987549518958,4.806451612903226,0.0,0.0,low_gain
128,23638,6419, photograph,▁photograph,OK,"(6419,)",0.0257598007798835,5.132853885171234,False,False,False,0.0216765285179179,0.0219024903671715,0.0033845901489257,0.5053763440860215,-0.0578721314668655,-0.0210113592686191,0.9731182795698924,0.1935483870967742,0.8642164010553718,0.9638898505114084,0.6292823553085327,0.8198487758636475,0.3682795698924732,1.8936065733432768,0.0,2.870967741935484,0.0,0.0,low_gain+sticky
129,25433,13806, religi,▁religi,OK,"(13806,)",0.0209901065755915,5.49552547483034,False,False,False,0.0209571602203512,0.0212588696390069,0.0033727288246154,0.4086021505376344,-0.0562545955181121,-0.020420245585903,0.9838709677419356,0.2096774193548387,0.8898125415321247,0.961007081038552,0.6292823553085327,0.8198487758636475,0.489247311827957,1.812729775905609,0.0,3.193548387096774,0.0,0.0,low_gain
130,8542,1023, image,▁image,OK,"(1023,)",0.0218371350278136,2.908829509571034,False,False,False,0.0186524575435987,0.0188134359095686,0.0033602118492126,0.4139784946236559,-0.0444400310516357,-0.0116531977089502,0.9838709677419356,0.1102150537634408,0.9247511761809144,0.9687049567269866,0.6292823553085327,0.8198487758636475,0.4825268817204301,1.222001552581787,0.0,1.204301075268817,0.0,0.0,low_gain
131,23827,6799, holidays,▁holidays,OK,"(6799,)",0.0234859359200282,5.1726749520148,False,False,False,0.0195413619600316,0.0199050521978767,0.0033548474311828,0.4623655913978494,-0.0597438216209411,-0.0193013061759292,0.9838709677419356,0.1881720430107527,0.8772422624997032,0.9714807238394964,0.6292823553085327,0.8198487758636475,0.4220430107526882,1.9871910810470577,0.0,2.763440860215054,0.0,0.0,low_gain
132,28320,27768, sexuelle,▁sexuelle,OK,"(27768,)",0.0283237505263538,6.29358707224169,False,False,False,0.0232117310647041,0.0238803807766206,0.003352552652359,0.553763440860215,-0.0543394833803176,-0.021200063408062,0.9946236559139784,0.2634408602150537,0.8565989279528411,0.9687490165224232,0.6292823553085327,0.8198487758636475,0.3077956989247313,1.7169741690158842,0.0,4.268817204301075,0.0,0.0,low_gain
133,23543,15394, Photos,▁Photos,OK,"(15394,)",0.0291005975136192,5.111398313635139,False,False,False,0.0243077975127004,0.0247032140852302,0.0033504366874694,0.5752688172043011,-0.0602656006813049,-0.0213674422233335,0.9623655913978496,0.1908602150537634,0.8596491106388499,0.9637576711250982,0.6292823553085327,0.8198487758636475,0.2809139784946236,2.013280034065246,0.0,2.817204301075269,0.0,0.0,low_gain
134,24720,6949, sexual,▁sexual,OK,"(6949,)",0.024203875612828,5.348641883301479,False,False,False,0.0205326596254943,0.0210049703557004,0.0033414959907531,0.4677419354838709,-0.0504943430423736,-0.0196839324248734,0.9946236559139784,0.2204301075268817,0.8690355958438584,0.9657151848937844,0.6292823553085327,0.8198487758636475,0.4153225806451613,1.5247171521186829,0.0,3.408602150537634,0.0,0.0,low_gain
135,31729,28582, diarrhea,▁diarrhea,OK,"(28582,)",0.0257082095149383,8.711791832921325,False,False,False,0.0238576387205431,0.0242493149413857,0.0033366680145263,0.5268817204301075,-0.0794508904218673,-0.0309010333912346,0.9516129032258064,0.3198924731182795,0.8706285700287514,0.954070810385523,0.6292823553085327,0.8198487758636475,0.3413978494623657,2.972544521093368,0.0,5.397849462365591,0.0,0.0,low_gain
136,20624,22565, shocking,▁shocking,OK,"(22565,)",0.0270430585149154,4.605443445264653,False,False,False,0.0233540528564042,0.0237026208190507,0.0033071041107177,0.5268817204301075,-0.0521626323461532,-0.0179798529353193,0.967741935483871,0.1827956989247312,0.9181525064780156,0.9686986624704956,0.6292823553085327,0.8198487758636475,0.3413978494623657,1.6081316173076627,0.0,2.655913978494624,0.0,0.0,low_gain
137,14158,9495, ordinary,▁ordinary,OK,"(9495,)",0.0198744230613272,3.671833004041385,False,False,False,0.0193476188246921,0.0195286297990429,0.0032962560653686,0.3763440860215054,-0.044780746102333,-0.0150686441570199,0.9946236559139784,0.1451612903225806,0.907326816482131,0.9715499606608968,0.6292823553085327,0.8198487758636475,0.5295698924731183,1.2390373051166534,0.0,1.903225806451613,0.0,0.0,low_gain
138,14729,29666, THANK,▁THANK,OK,"(29666,)",0.0246713347252338,3.749140529542841,False,False,False,0.0210717288396691,0.0211642435801926,0.0032847225666046,0.4677419354838709,-0.0400096923112869,-0.0164865223310327,1.0,0.1666666666666666,0.8798951092035705,0.9748607395751376,0.6292823553085327,0.8198487758636475,0.4153225806451613,1.0004846155643463,0.0,2.333333333333333,0.0,0.0,low_gain
139,31211,3228, doubt,▁doubt,OK,"(3228,)",0.031488734211332,7.842790442094603,False,False,False,0.0357207383519859,0.0361554859786905,0.0032799541950225,0.6505376344086021,-0.0863620340824127,-0.0291689060708527,0.935483870967742,0.2661290322580645,0.797892931344917,0.9242423288749017,0.6292823553085327,0.8198487758636475,0.1868279569892474,3.3181017041206355,0.0152801358234295,4.32258064516129,0.0,0.0,low_gain
140,31133,10508, Thailand,▁Thailand,OK,"(10508,)",0.0237228249189674,7.782938722000327,False,False,False,0.0208392508568302,0.0210175402061913,0.0032651722431182,0.478494623655914,-0.0693415701389312,-0.0272548314063779,0.956989247311828,0.2956989247311828,0.8799418745787757,0.9613154996066088,0.6292823553085327,0.8198487758636475,0.4018817204301075,2.4670785069465637,0.0,4.913978494623656,0.0,0.0,low_gain
141,13318,7693, graphic,▁graphic,OK,"(7693,)",0.0266013446273983,3.554432132231292,False,False,False,0.0221971287842719,0.0223981497749205,0.0032592713832855,0.521505376344086,-0.0546639114618301,-0.0153051345579085,0.9838709677419356,0.1236559139784946,0.883263116403874,0.9692084972462626,0.6292823553085327,0.8198487758636475,0.3481182795698925,1.7331955730915067,0.0,1.4731182795698925,0.0,0.0,low_gain
142,26461,10860, disabled,▁disabled,OK,"(10860,)",0.0270867929343254,5.743595798810322,False,False,False,0.0233286981300641,0.0236578378626095,0.0032591521739959,0.532258064516129,-0.0557052493095397,-0.0219177594107966,0.967741935483871,0.2311827956989247,0.864770162716648,0.9589488591660108,0.6292823553085327,0.8198487758636475,0.3346774193548388,1.7852624654769895,0.0,3.623655913978494,0.0,0.0,low_gain
143,19617,6476, knee,▁knee,OK,"(6476,)",0.0168436691084856,4.44757723648061,False,False,False,0.0168769045542645,0.0171049343001457,0.0032388269901275,0.3279569892473118,-0.0558601468801498,-0.0179321105762194,0.989247311827957,0.1532258064516129,0.9120515655775554,0.9689567269866244,0.6292823553085327,0.8198487758636475,0.5900537634408602,1.7930073440074918,0.0,2.064516129032258,0.0,0.0,low_gain
144,30420,27539, foolish,▁foolish,OK,"(27539,)",0.0283872009285034,7.222108034677403,False,False,False,0.0273779919070582,0.0277278458559384,0.0032289326190948,0.5645161290322581,-0.0613507628440856,-0.0272786194278347,0.9516129032258064,0.293010752688172,0.8453665754626253,0.9579732494099132,0.6292823553085327,0.8198487758636475,0.2943548387096774,2.067538142204284,0.0,4.860215053763441,0.0,0.0,low_gain
145,7621,1565, friend,▁friend,OK,"(1565,)",0.0192046866221453,2.7773782351324634,False,False,False,0.0167125782338521,0.0167788419351782,0.0032172799110412,0.3602150537634409,-0.0404669195413589,-0.0123484583311183,1.0,0.1102150537634408,0.9099290461973728,0.9739606608969316,0.6292823553085327,0.8198487758636475,0.5497311827956989,1.0233459770679474,0.0,1.204301075268817,0.0,0.0,low_gain
146,30663,26741, Marriage,▁Marriage,OK,"(26741,)",0.0277462388879509,7.3798845737211165,False,False,False,0.023321989402976,0.02358990651305,0.0032161772251129,0.553763440860215,-0.0631622076034545,-0.0293308143974632,0.978494623655914,0.2956989247311828,0.8511007424169332,0.9665145554681353,0.6292823553085327,0.8198487758636475,0.3077956989247313,2.158110380172729,0.0,4.913978494623656,0.0,0.0,low_gain
147,26332,18267, awkward,▁awkward,OK,"(18267,)",0.0259346371055931,5.709469133807766,False,False,False,0.0220149277999836,0.0224463519870594,0.0031750202178955,0.510752688172043,-0.0555603504180908,-0.0222076132733334,0.9731182795698924,0.2284946236559139,0.8882960240871935,0.9663383162863886,0.6292823553085327,0.8198487758636475,0.3615591397849463,1.7780175209045408,0.0,3.569892473118279,0.0,0.0,low_gain
148,19818,24294,1:00,1:00,OK,"(24294,)",0.0193555151983614,4.480315600351621,False,False,False,0.0164908680223649,0.0169243732447265,0.0030952394008636,0.3709677419354839,-0.045762225985527,-0.0171017044334001,0.9731182795698924,0.1827956989247312,0.9009943950908308,0.9777623918174664,0.6292823553085327,0.8198487758636475,0.5362903225806451,1.288111299276352,0.0,2.655913978494624,0.0,0.0,low_gain
149,25136,27653, haircut,▁haircut,OK,"(27653,)",0.0248534818410232,5.434811233512816,False,False,False,0.0194464015063419,0.0197281484962791,0.0030893683433532,0.4946236559139785,-0.0593413859605789,-0.02044213843602,0.967741935483871,0.2043010752688172,0.905153650599044,0.9626876475216364,0.6292823553085327,0.8198487758636475,0.3817204301075269,1.9670692980289457,0.0,3.086021505376344,0.0,0.0,low_gain
150,13576,27726, refrain,▁refrain,OK,"(27726,)",0.0250842700241714,3.591224139095634,False,False,False,0.0240576879311633,0.0242157072149297,0.0030827522277832,0.489247311827957,-0.0492169559001922,-0.0148492670187386,0.9946236559139784,0.1370967741935483,0.8883106041410602,0.9641667977970102,0.6292823553085327,0.8198487758636475,0.3884408602150538,1.460847795009613,0.0,1.7419354838709673,0.0,0.0,low_gain
151,31881,29606,cryptocurrencies,cryptocurrencies,OK,"(29606,)",0.0258534096662075,9.274198715893911,False,False,False,0.0263021750155315,0.0267639520668214,0.0030736327171325,0.532258064516129,-0.0766625255346298,-0.0317814471901104,0.9408602150537636,0.3548387096774194,0.803777532579706,0.9541589299763964,0.6292823553085327,0.8198487758636475,0.3346774193548388,2.83312627673149,0.0096208262591962,6.096774193548387,0.0,0.0,low_gain
152,12687,28548, buddies,▁buddies,OK,"(28548,)",0.0191086757167052,3.4734149097755385,False,False,False,0.0190899388123584,0.0192967515478851,0.0030713379383087,0.3655913978494624,-0.0448446422815322,-0.0140254096959226,0.989247311827957,0.1344086021505376,0.9148946613243856,0.9665649095200628,0.6292823553085327,0.8198487758636475,0.543010752688172,1.2422321140766144,0.0,1.6881720430107523,0.0,0.0,low_gain
153,14363,1383, images,▁images,OK,"(1383,)",0.0271152389946804,3.697694688714961,False,False,False,0.0248717399694586,0.0249849990490944,0.0030629336833953,0.5268817204301075,-0.0458356142044067,-0.0153975054141013,0.9838709677419356,0.1532258064516129,0.876959456677539,0.9648465774980328,0.6292823553085327,0.8198487758636475,0.3413978494623657,1.291780710220337,0.0,2.064516129032258,0.0,0.0,low_gain
154,29366,21329, Allah,▁Allah,OK,"(21329,)",0.0262259235385284,6.683784338415309,False,False,False,0.025445464157289,0.0258992109247433,0.0030629336833953,0.5268817204301075,-0.0636219233274459,-0.0243429733860877,0.989247311827957,0.2580645161290322,0.8500250207300918,0.95437922895358,0.6292823553085327,0.8198487758636475,0.3413978494623657,2.1810961663722988,0.0,4.161290322580645,0.0,0.0,low_gain
155,19910,21533, tolerate,▁tolerate,OK,"(21533,)",0.0255899245620414,4.493089949251503,False,False,False,0.0219978380908248,0.0223893282874938,0.0030588209629058,0.5053763440860215,-0.0547542721033096,-0.0173995908229581,0.989247311827957,0.1693548387096774,0.8758534238260807,0.9641982690794648,0.6292823553085327,0.8198487758636475,0.3682795698924732,1.7377136051654811,0.0,2.387096774193548,0.0,0.0,low_gain
156,25819,31071, slippery,▁slippery,OK,"(31071,)",0.0240297135886966,5.582349293654964,False,False,False,0.0208206766395158,0.0212188975144458,0.0030381381511688,0.478494623655914,-0.0586631149053573,-0.0197003624772512,0.9731182795698924,0.2123655913978494,0.8552500958845142,0.9637261998426434,0.6292823553085327,0.8198487758636475,0.4018817204301075,1.933155745267868,0.0,3.247311827956989,0.0,0.0,low_gain+sticky
157,21698,19156, dificil,▁dificil,OK,"(19156,)",0.0293327501544388,4.779616714164774,False,False,False,0.0257201366206651,0.0260544903175805,0.0030357539653778,0.5752688172043011,-0.0493288934230804,-0.0187590602905519,0.956989247311828,0.2016129032258064,0.8641063865800933,0.9622659323367426,0.6292823553085327,0.8198487758636475,0.2809139784946236,1.4664446711540222,0.0,3.032258064516129,0.0,0.0,low_gain
158,27217,19656, Skype,▁Skype,OK,"(19656,)",0.0246054743646934,5.936436780998783,False,False,False,0.021891231338183,0.0224705170239171,0.0030204057693481,0.4946236559139785,-0.0629222840070724,-0.020966411277812,0.9838709677419356,0.2204301075268817,0.8573321364309358,0.95841384736428,0.6292823553085327,0.8198487758636475,0.3817204301075269,2.146114200353622,0.0,3.408602150537634,0.0,0.0,low_gain
159,25850,8414, editing,▁editing,OK,"(8414,)",0.0257844120504394,5.589401917111489,False,False,False,0.0235860147463378,0.0239236305157343,0.0030189752578735,0.5161290322580645,-0.0608202964067459,-0.0214596900247758,0.978494623655914,0.2096774193548387,0.861735593084273,0.963254130605822,0.6292823553085327,0.8198487758636475,0.3548387096774194,2.041014820337295,0.0,3.193548387096774,0.0,0.0,low_gain
160,25633,24550, hostile,▁hostile,OK,"(24550,)",0.0255695817531437,5.540883742673422,False,False,False,0.0237007450352432,0.0244925921001741,0.0030177235603332,0.510752688172043,-0.059715524315834,-0.0213953810994343,0.9731182795698924,0.2096774193548387,0.8828086850488484,0.965897718332022,0.6292823553085327,0.8198487758636475,0.3615591397849463,1.985776215791702,0.0,3.193548387096774,0.0,0.0,low_gain
161,21579,1256, difficult,▁difficult,OK,"(1256,)",0.0266395174447567,4.759911650931963,False,False,False,0.02478498332603,0.0251948033930153,0.0030109882354736,0.532258064516129,-0.0596874803304672,-0.0182893051896044,0.967741935483871,0.1720430107526881,0.8711655970937879,0.9636191974822972,0.6292823553085327,0.8198487758636475,0.3346774193548388,1.984374016523361,0.0,2.4408602150537635,0.0,0.0,low_gain
162,28440,5763, exception,▁exception,OK,"(5763,)",0.0278116731233494,6.33238858561362,False,False,False,0.0244152308792196,0.0248633382781859,0.0029935240745544,0.5591397849462365,-0.0627768039703369,-0.0236844558228728,0.967741935483871,0.2446236559139785,0.8581029313434413,0.9682014162077104,0.6292823553085327,0.8198487758636475,0.3010752688172044,2.1388401985168453,0.0,3.89247311827957,0.0,0.0,low_gain
163,15586,8307, edited,▁edited,OK,"(8307,)",0.024987395340076,3.8651844791827674,False,False,False,0.0209999097290859,0.021294020516898,0.0029910206794738,0.489247311827957,-0.0493198186159133,-0.0158730966429556,0.9946236559139784,0.1505376344086021,0.8925020449706119,0.9705365853658534,0.6292823553085327,0.8198487758636475,0.3884408602150538,1.4659909307956696,0.0,2.010752688172043,0.0,0.0,low_gain
164,14767,9703, Foto,▁Foto,OK,"(9703,)",0.0225183287375075,3.755200351117759,False,False,False,0.0214713545896673,0.0218548274809314,0.0029858946800231,0.4408602150537634,-0.0502115339040756,-0.0153384686157267,0.9838709677419356,0.1397849462365591,0.8987999789268046,0.9596852871754522,0.6292823553085327,0.8198487758636475,0.4489247311827957,1.5105766952037811,0.0,1.7956989247311823,0.0,0.0,low_gain+sticky
165,29174,15230, unwanted,▁unwanted,OK,"(15230,)",0.0288527261505844,6.603569310805726,False,False,False,0.0294058816407316,0.0299962592381303,0.0029799938201904,0.5860215053763441,-0.0685668587684631,-0.0245523484804297,0.935483870967742,0.2446236559139785,0.8757655303029744,0.9529756097560974,0.6292823553085327,0.8198487758636475,0.2674731182795699,2.4283429384231563,0.0152801358234295,3.89247311827957,0.0,0.0,low_gain
166,6857,1960, Today,▁Today,OK,"(1960,)",0.0170351696350882,2.657910995265489,False,False,False,0.0152537303586159,0.0154651662995738,0.0029780268669128,0.3225806451612903,-0.0414377897977829,-0.0118890552110569,1.0,0.0994623655913978,0.8992773133623981,0.9730228166797796,0.6292823553085327,0.8198487758636475,0.5967741935483871,1.071889489889145,0.0,0.9892473118279568,0.0,0.0,low_gain
167,28151,19360, negligence,▁negligence,OK,"(19360,)",0.0269853873198391,6.243608128960414,False,False,False,0.0270517510111613,0.0273388316554407,0.002972275018692,0.543010752688172,-0.0627485066652298,-0.024328799017014,0.956989247311828,0.239247311827957,0.8706645479349525,0.9609315499606608,0.6292823553085327,0.8198487758636475,0.321236559139785,2.137425333261489,0.0,3.78494623655914,0.0,0.0,low_gain
168,17950,20969, douce,▁douce,OK,"(20969,)",0.0204890145409491,4.199223218425628,False,False,False,0.0181851372603447,0.0183955230700072,0.0029664635658264,0.4032258064516129,-0.0527747869491577,-0.0161286041300783,0.978494623655914,0.1532258064516129,0.9099079434878292,0.9704736428009442,0.6292823553085327,0.8198487758636475,0.4959677419354839,1.6387393474578855,0.0,2.064516129032258,0.0,0.0,low_gain
169,25232,29125, Notebook,▁Notebook,OK,"(29125,)",0.0285947557338463,5.4549219560238615,False,False,False,0.0244989021811434,0.0246950187670287,0.0029663443565368,0.5698924731182796,-0.0573242455720901,-0.0218529967210626,0.9838709677419356,0.2150537634408602,0.8460695022903819,0.9579291896144768,0.6292823553085327,0.8198487758636475,0.2876344086021505,1.8662122786045072,0.0,3.301075268817204,0.0,0.0,low_gain
170,17415,11319, confused,▁confused,OK,"(11319,)",0.0266443116370067,4.124514660527629,False,False,False,0.0221259009133103,0.0222792768029756,0.0029650628566741,0.5268817204301075,-0.0532967448234558,-0.0171035964001891,0.989247311827957,0.1559139784946236,0.8925846849520416,0.9710841856805664,0.6292823553085327,0.8198487758636475,0.3413978494623657,1.6648372411727903,0.0,2.118279569892473,0.0,0.0,low_gain
171,30146,1683, wedding,▁wedding,OK,"(1683,)",0.0223893991881801,7.070627076010549,False,False,False,0.0198469685931359,0.0199518307883252,0.0029600262641906,0.4516129032258064,-0.0630254447460174,-0.024664379255746,0.967741935483871,0.2741935483870967,0.8559708493368365,0.966961447678993,0.6292823553085327,0.8198487758636475,0.435483870967742,2.1512722373008724,0.0,4.483870967741935,0.0,0.0,low_gain
172,31576,24283, fraudulent,▁fraudulent,OK,"(24283,)",0.0282785891124638,8.35807867748763,False,False,False,0.0287267214828921,0.0294424862630905,0.0029471516609191,0.5752688172043011,-0.0686400681734085,-0.0306992537231855,0.9193548387096774,0.3306451612903225,0.8352637934614363,0.95775295043273,0.6292823553085327,0.8198487758636475,0.2809139784946236,2.432003408670425,0.032258064516129,5.612903225806451,0.0,0.0,low_gain
173,13785,30250, thumbnail,▁thumbnail,OK,"(30250,)",0.0232316793853877,3.619672626897852,False,False,False,0.0197756511549795,0.0199742150563065,0.0029387176036834,0.4569892473118279,-0.051130011677742,-0.0153975771960391,0.9946236559139784,0.1317204301075268,0.9024339540530558,0.9740865460267504,0.6292823553085327,0.8198487758636475,0.4287634408602151,1.5565005838871002,0.0,1.6344086021505373,0.0,0.0,low_gain
174,28149,24534, Trailer,▁Trailer,OK,"(24534,)",0.0279856414564194,6.243371919919086,False,False,False,0.0228755368340399,0.0231509359293086,0.0029239058494567,0.5645161290322581,-0.0632814168930053,-0.0228564139976296,0.9623655913978496,0.239247311827957,0.865140301290615,0.967987411487018,0.6292823553085327,0.8198487758636475,0.2943548387096774,2.164070844650268,0.0,3.78494623655914,0.0,0.0,low_gain
175,30881,10428, laundry,▁laundry,OK,"(10428,)",0.0243663037896797,7.553578759072929,False,False,False,0.0215548248060287,0.0219599409129029,0.0029064416885375,0.5053763440860215,-0.076179102063179,-0.0259971769266231,0.9623655913978496,0.2688172043010752,0.8507330977995481,0.9559842643587726,0.6292823553085327,0.8198487758636475,0.3682795698924732,2.8089551031589504,0.0,4.376344086021505,0.0,0.0,low_gain
176,31825,17507, avocado,▁avocado,OK,"(17507,)",0.030366326548079,8.991939641455168,False,False,False,0.0252123505518,0.0254517586961869,0.0029053092002868,0.6182795698924731,-0.0690592229366302,-0.0333086527803892,0.9516129032258064,0.3655913978494624,0.8363228248234565,0.954876475216365,0.6292823553085327,0.8198487758636475,0.2271505376344086,2.452961146831512,0.0,6.311827956989247,0.0,0.0,low_gain+sticky
177,27486,28607, flawed,▁flawed,OK,"(28607,)",0.0281901673443855,6.016790121203435,False,False,False,0.0268851300721527,0.0271817291936566,0.0028978884220123,0.5645161290322581,-0.058670550584793,-0.0232251648620892,0.946236559139785,0.239247311827957,0.8540823486754952,0.9647143981117228,0.6292823553085327,0.8198487758636475,0.2943548387096774,1.9335275292396543,0.0039615166949631,3.78494623655914,0.0,0.0,low_gain
178,21715,705, less,▁less,OK,"(705,)",0.0281286724873127,4.782838590363021,False,False,False,0.0269633477093071,0.027357413563677,0.0028967261314392,0.5645161290322581,-0.0598772019147872,-0.0175068817471945,0.956989247311828,0.1747311827956989,0.8361863803112606,0.953825334382376,0.6292823553085327,0.8198487758636475,0.2943548387096774,1.9938600957393644,0.0,2.4946236559139785,0.0,0.0,low_gain
179,29510,4761, religious,▁religious,OK,"(4761,)",0.0221687529676704,6.745189987203126,False,False,False,0.0213686541844439,0.021648266623097,0.0028910934925079,0.4462365591397849,-0.0606833696365356,-0.0243284942642334,0.9838709677419356,0.2634408602150537,0.8702840498490272,0.9597671125098346,0.6292823553085327,0.8198487758636475,0.4422043010752688,2.034168481826782,0.0,4.268817204301075,0.0,0.0,low_gain
180,27620,15380, Photography,▁Photography,OK,"(15380,)",0.029555099345343,6.056221601463133,False,False,False,0.0245231162476283,0.0249671641216483,0.0028882026672363,0.5913978494623656,-0.0580599159002304,-0.0236878343807753,0.967741935483871,0.2446236559139785,0.8385360268261185,0.9659669551534222,0.6292823553085327,0.8198487758636475,0.260752688172043,1.90299579501152,0.0,3.89247311827957,0.0,0.0,low_gain
181,22471,29983, croqu,▁croqu,OK,"(29983,)",0.0187591754540961,4.914307238273723,False,False,False,0.0169451138986054,0.0174758450318408,0.0028858482837677,0.3763440860215054,-0.0588775426149368,-0.0192869065269347,0.9623655913978496,0.1720430107526881,0.9108244799104418,0.9621778127458692,0.6292823553085327,0.8198487758636475,0.5295698924731183,1.9438771307468408,0.0,2.4408602150537635,0.0,0.0,low_gain
182,13423,19222, cough,▁cough,OK,"(19222,)",0.024487695306219,3.5707264798943714,False,False,False,0.0195242245030659,0.0197697610303919,0.0028756260871887,0.4731182795698925,-0.0408768951892852,-0.0158671336148374,0.9838709677419356,0.1559139784946236,0.8714053415827713,0.9777309205350116,0.6292823553085327,0.8198487758636475,0.4086021505376344,1.043844759464264,0.0,2.118279569892473,0.0,0.0,low_gain
183,11716,803, friends,▁friends,OK,"(803,)",0.0229627069526462,3.3449608436835705,False,False,False,0.0206900706855199,0.0207693740244834,0.0028654634952545,0.4462365591397849,-0.0442916899919509,-0.0142830812161968,0.9946236559139784,0.1344086021505376,0.8873619561828063,0.9733312352478364,0.6292823553085327,0.8198487758636475,0.4422043010752688,1.2145844995975494,0.0,1.6881720430107523,0.0,0.0,low_gain
184,12416,9779, Friends,▁Friends,OK,"(9779,)",0.0238682341511531,3.43827433611757,False,False,False,0.020137797760707,0.0202985444376545,0.0028629601001739,0.4623655913978494,-0.0422601103782653,-0.0145304975330188,1.0,0.1451612903225806,0.8841204176683691,0.974797797010228,0.6292823553085327,0.8198487758636475,0.4220430107526882,1.113005518913269,0.0,1.903225806451613,0.0,0.0,low_gain
185,31500,15788, disagree,▁disagree,OK,"(15788,)",0.0312528259651635,8.234135600625962,False,False,False,0.0350735831645227,0.0355342014502453,0.0028616786003112,0.6397849462365591,-0.0719619989395141,-0.0324234991304336,0.913978494623656,0.3198924731182795,0.7757071953303688,0.9375483870967742,0.6292823553085327,0.8198487758636475,0.2002688172043011,2.598099946975708,0.0379173740803621,5.397849462365591,0.0,0.0,low_gain
186,30532,29773, embarrassed,▁embarrassed,OK,"(29773,)",0.029265762008326,7.285405900209181,False,False,False,0.0238919985550706,0.024163947630954,0.0028603076934814,0.5913978494623656,-0.0632887631654739,-0.0254341620270923,0.978494623655914,0.293010752688172,0.876627243952192,0.964550747442958,0.6292823553085327,0.8198487758636475,0.260752688172043,2.1644381582736965,0.0,4.860215053763441,0.0,0.0,low_gain
187,29649,9057, Wedding,▁Wedding,OK,"(9057,)",0.0259548793556869,6.807321984280822,False,False,False,0.0229040038201116,0.0231713896156639,0.0028549432754516,0.521505376344086,-0.0595066547393798,-0.0261189572272762,0.967741935483871,0.2741935483870967,0.8557071835246572,0.9613973249409912,0.6292823553085327,0.8198487758636475,0.3481182795698925,1.975332736968994,0.0,4.483870967741935,0.0,0.0,low_gain
188,31784,18500, allergies,▁allergies,OK,"(18500,)",0.0273829729326309,8.870394993853825,False,False,False,0.0230821816511051,0.02377670330386,0.0028514862060546,0.5645161290322581,-0.0738863945007324,-0.0305909508018083,0.956989247311828,0.3440860215053763,0.8603013614494225,0.9579103068450038,0.6292823553085327,0.8198487758636475,0.2943548387096774,2.6943197250366206,0.0,5.881720430107527,0.0,0.0,low_gain
189,31823,12153, incorrect,▁incorrect,OK,"(12153,)",0.0304007373109299,8.985977796811333,False,False,False,0.0351236494638586,0.0357837901320508,0.0028374791145324,0.6236559139784946,-0.0723907500505447,-0.0329715301913599,0.9032258064516128,0.3548387096774194,0.7747271884505903,0.9393233674272228,0.6292823553085327,0.8198487758636475,0.2204301075268817,2.6195375025272365,0.0492359932088285,6.096774193548387,0.0,0.0,low_gain
190,29709,31221, shortcomings,▁shortcomings,OK,"(31221,)",0.0312668842093278,6.838315699774461,False,False,False,0.0296282372487488,0.0301085507036537,0.0028342604637145,0.6344086021505376,-0.0657561272382736,-0.0261303138348364,0.9301075268817204,0.2661290322580645,0.8481793895591171,0.94684500393391,0.6292823553085327,0.8198487758636475,0.206989247311828,2.2878063619136806,0.0209394453876627,4.32258064516129,0.0,0.0,low_gain
191,29624,6410, WordPress,▁WordPress,OK,"(6410,)",0.0277727835841717,6.796364107760049,False,False,False,0.0239741856692939,0.024300024073611,0.0028339326381683,0.5645161290322581,-0.0657391101121902,-0.0261007704401528,0.956989247311828,0.260752688172043,0.8554404482274536,0.9557073170731704,0.6292823553085327,0.8198487758636475,0.2943548387096774,2.286955505609512,0.0,4.21505376344086,0.0,0.0,low_gain
192,23306,23043, Rare,▁Rare,OK,"(23043,)",0.0302079502773541,5.063772936662038,False,False,False,0.0260676267326519,0.0264020068671113,0.0028308629989624,0.6021505376344086,-0.0546087920665741,-0.0207139147866156,0.978494623655914,0.2043010752688172,0.8543359648756468,0.960900078678206,0.6292823553085327,0.8198487758636475,0.2473118279569892,1.7304396033287046,0.0,3.086021505376344,0.0,0.0,low_gain
193,27429,30276, annoyed,▁annoyed,OK,"(30276,)",0.0240844795941024,6.003646239798556,False,False,False,0.0242135620886279,0.0245936359128644,0.0028287172317504,0.489247311827957,-0.0641320645809173,-0.0221605650199356,0.956989247311828,0.2204301075268817,0.845429662234163,0.959962234461054,0.6292823553085327,0.8198487758636475,0.3884408602150538,2.2066032290458675,0.0,3.408602150537634,0.0,0.0,low_gain
194,28962,29673,shingles,shingles,OK,"(29673,)",0.0273417222804279,6.525460856255664,False,False,False,0.0234763055078444,0.023836229757596,0.0028174519538879,0.553763440860215,-0.0632780343294143,-0.0236705586474428,0.978494623655914,0.2526881720430107,0.8536005280694814,0.9632037765538944,0.6292823553085327,0.8198487758636475,0.3077956989247313,2.163901716470718,0.0,4.053763440860215,0.0,0.0,low_gain
195,30011,17284, Videos,▁Videos,OK,"(17284,)",0.0269050050086231,6.987420746395665,False,False,False,0.024097406095074,0.0244093329034825,0.0027889311313629,0.553763440860215,-0.07144196331501,-0.0262699011833437,0.9516129032258064,0.2553763440860215,0.8483940911822991,0.9600314712824548,0.6292823553085327,0.8198487758636475,0.3077956989247313,2.572098165750503,0.0,4.10752688172043,0.0,0.0,low_gain
196,25823,13934, humor,▁humor,OK,"(13934,)",0.028140297371854,5.58271692132437,False,False,False,0.0207375214304975,0.0210074804803376,0.0027875304222106,0.5591397849462365,-0.0520844459533691,-0.0215330107878613,0.9731182795698924,0.2338709677419354,0.8735312846193272,0.9760566483084184,0.6292823553085327,0.8198487758636475,0.3010752688172044,1.6042222976684568,0.0,3.677419354838709,0.0,0.0,low_gain
197,30738,19416, Laptop,▁Laptop,OK,"(19416,)",0.0268935681110428,7.431421676681213,False,False,False,0.0221669263737176,0.0226316663526719,0.0027807056903839,0.5483870967741935,-0.0661298483610153,-0.0264508048052428,0.946236559139785,0.2903225806451613,0.8568313233863326,0.9591754523996852,0.6292823553085327,0.8198487758636475,0.3145161290322582,2.306492418050765,0.0039615166949631,4.806451612903226,0.0,0.0,low_gain+sticky
198,28460,22103, apologize,▁apologize,OK,"(22103,)",0.0277783556170361,6.340910764791632,False,False,False,0.0225619326035181,0.0229369443590923,0.0027536749839782,0.5591397849462365,-0.0586461722850799,-0.0220660573692731,0.9623655913978496,0.2553763440860215,0.8658181409811523,0.9676601101494884,0.6292823553085327,0.8198487758636475,0.3010752688172044,1.9323086142539976,0.0,4.10752688172043,0.0,0.0,low_gain
199,21415,20305,unsure,unsure,OK,"(20305,)",0.029717509336369,4.733904248924666,False,False,False,0.0256986411348465,0.0259047152214152,0.0027498006820678,0.5913978494623656,-0.0520436763763427,-0.0189679854659624,0.967741935483871,0.1935483870967742,0.862340901433966,0.968516129032258,0.6292823553085327,0.8198487758636475,0.260752688172043,1.6021838188171384,0.0,2.870967741935484,0.0,0.0,low_gain
200,24068,21982, soldier,▁soldier,OK,"(21982,)",0.0213734263053504,5.219867333289115,False,False,False,0.0199085935469596,0.0201285350066359,0.0027478635311126,0.4247311827956989,-0.0522199273109436,-0.0184194932701767,1.0,0.2069892473118279,0.899547280473161,0.9714807238394964,0.6292823553085327,0.8198487758636475,0.4690860215053763,1.61099636554718,0.0,3.139784946236559,0.0,0.0,low_gain
201,30917,26608, inconsistent,▁inconsistent,OK,"(26608,)",0.029970884491359,7.5778820840025185,False,False,False,0.0298212080873468,0.0301043605932625,0.0027461349964141,0.6129032258064516,-0.0684082359075546,-0.029983353230261,0.9408602150537636,0.2956989247311828,0.8200705066612989,0.961309205350118,0.6292823553085327,0.8198487758636475,0.2338709677419355,2.420411795377731,0.0096208262591962,4.913978494623656,0.0,0.0,low_gain
202,27627,12085, headache,▁headache,OK,"(12085,)",0.0277172149189056,6.059100923999663,False,False,False,0.0269893779549547,0.0275872032488546,0.0027400255203247,0.5645161290322581,-0.0649723410606384,-0.0224486730431997,0.9623655913978496,0.2258064516129032,0.8357882326864443,0.9506215578284812,0.6292823553085327,0.8198487758636475,0.2943548387096774,2.248617053031921,0.0,3.516129032258064,0.0,0.0,low_gain
203,26460,26545,faulty,faulty,OK,"(26545,)",0.0281945199735703,5.742698761724656,False,False,False,0.0267242228472104,0.0272222234997698,0.0027396380901336,0.5645161290322581,-0.0554184913635253,-0.0225728288773567,0.9516129032258064,0.2338709677419354,0.8607907229537419,0.9638835562549172,0.6292823553085327,0.8198487758636475,0.2943548387096774,1.7709245681762693,0.0,3.677419354838709,0.0,0.0,low_gain
204,15718,4839, relax,▁relax,OK,"(4839,)",0.0230498094552306,3.8841548638959087,False,False,False,0.0197295530508923,0.0198824511420342,0.0027390718460083,0.4462365591397849,-0.0400218069553375,-0.0159911298623649,1.0,0.1720430107526881,0.8928210500560699,0.9724940991345395,0.6292823553085327,0.8198487758636475,0.4422043010752688,1.0010903477668762,0.0,2.4408602150537635,0.0,0.0,low_gain
205,25805,15871, Employee,▁Employee,OK,"(15871,)",0.0299284399997803,5.579869264556515,False,False,False,0.0245911966087997,0.0248618151551933,0.0027381479740142,0.5967741935483871,-0.0529683530330657,-0.0216267503076984,0.9838709677419356,0.2338709677419354,0.8576602319143507,0.9672383949645946,0.6292823553085327,0.8198487758636475,0.2540322580645161,1.6484176516532896,0.0,3.677419354838709,0.0,0.0,low_gain
206,29633,17793, Olympics,▁Olympics,OK,"(17793,)",0.0257415550770939,6.799451131384185,False,False,False,0.0232370303523155,0.0236143142946304,0.0027373135089874,0.521505376344086,-0.0614205449819564,-0.0257440901571704,0.946236559139785,0.2688172043010752,0.8720610012925778,0.9523273013375292,0.6292823553085327,0.8198487758636475,0.3481182795698925,2.071027249097824,0.0039615166949631,4.376344086021505,0.0,0.0,low_gain
207,30047,1652, employees,▁employees,OK,"(1652,)",0.0256308744671524,7.012534815778014,False,False,False,0.0248168391245667,0.025372250105745,0.0027361512184143,0.521505376344086,-0.0636109113693237,-0.0254844641813667,0.9731182795698924,0.2741935483870967,0.8594482364554176,0.9612336742722264,0.6292823553085327,0.8198487758636475,0.3481182795698925,2.180545568466186,0.0,4.483870967741935,0.0,0.0,low_gain+sticky
208,18163,24882, photographed,▁photographed,OK,"(24882,)",0.0200688924360018,4.227608549338515,False,False,False,0.0209471625025554,0.021147951643954,0.0027292966842651,0.3978494623655914,-0.0510575473308563,-0.0175501255578892,0.989247311827957,0.1586021505376344,0.8882773563056742,0.9693973249409912,0.6292823553085327,0.8198487758636475,0.5026881720430108,1.5528773665428162,0.0,2.172043010752688,0.0,0.0,low_gain+sticky
209,24397,26425,animation,animation,OK,"(26425,)",0.0207061041106459,5.283811157749545,False,False,False,0.017687800911165,0.0182185020818505,0.0027224421501159,0.4139784946236559,-0.0543052554130554,-0.0186910475454022,0.9838709677419356,0.2043010752688172,0.8963677514590753,0.9715877261998426,0.6292823553085327,0.8198487758636475,0.4825268817204301,1.7152627706527708,0.0,3.086021505376344,0.0,0.0,low_gain
210,16358,13447, thumb,▁thumb,OK,"(13447,)",0.0165958352306837,3.9759530957027143,False,False,False,0.0175697005564166,0.0178389642187344,0.0026806592941284,0.3279569892473118,-0.0496534705162048,-0.0149035828728829,0.9946236559139784,0.1451612903225806,0.9202736829584994,0.9642989771833202,0.6292823553085327,0.8198487758636475,0.5900537634408602,1.4826735258102417,0.0,1.903225806451613,0.0,0.0,low_gain
211,29469,14627, Smok,▁Smok,OK,"(14627,)",0.0199285915542033,6.731101786898028,False,False,False,0.018292609562156,0.0186396268426731,0.0026798546314239,0.4032258064516129,-0.058251067996025,-0.0236546688823289,0.9731182795698924,0.2661290322580645,0.9022089371893346,0.961032258064516,0.6292823553085327,0.8198487758636475,0.4959677419354839,1.912553399801254,0.0,4.32258064516129,0.0,0.0,low_gain
212,25436,9675, imagination,▁imagination,OK,"(9675,)",0.0261810429634586,5.495920842693698,False,False,False,0.0228045286350352,0.0232550304743551,0.0026769638061523,0.5161290322580645,-0.0460474491119384,-0.0197831498038384,0.9946236559139784,0.2419354838709677,0.8702690270809743,0.9733249409913453,0.6292823553085327,0.8198487758636475,0.3548387096774194,1.3023724555969238,0.0,3.838709677419355,0.0,0.0,low_gain
213,12902,30766, blunt,▁blunt,OK,"(30766,)",0.0264399084272564,3.4983713424974874,False,False,False,0.020728055507906,0.0210451554226618,0.0026654303073883,0.521505376344086,-0.0460158139467239,-0.014171246238934,0.9946236559139784,0.1424731182795699,0.9144849293450296,0.9674838709677418,0.6292823553085327,0.8198487758636475,0.3481182795698925,1.300790697336197,0.0,1.849462365591398,0.0,0.0,low_gain
214,30982,1786, wrong,▁wrong,OK,"(1786,)",0.0285321877848717,7.655371405272815,False,False,False,0.03072690515108,0.0314409293795144,0.0026550889015197,0.5967741935483871,-0.0792322158813476,-0.0276895726239809,0.9408602150537636,0.271505376344086,0.8039480808413813,0.949765538945712,0.6292823553085327,0.8198487758636475,0.2540322580645161,2.9616107940673824,0.0096208262591962,4.43010752688172,0.0,0.0,low_gain
215,31274,21899,420,420,OK,"(21899,)",0.0181639314338725,7.911263327444753,False,False,False,0.0180965785377769,0.018578446199817,0.0026531517505645,0.3763440860215054,-0.0661284923553466,-0.0266457930687935,0.967741935483871,0.303763440860215,0.8796217479507129,0.9655011801730918,0.6292823553085327,0.8198487758636475,0.5295698924731183,2.306424617767333,0.0,5.075268817204301,0.0,0.0,low_gain
216,30460,26896, treadmill,▁treadmill,OK,"(26896,)",0.0278211068161713,7.244592930360507,False,False,False,0.025483287470315,0.0257727148071412,0.0026382803916931,0.5698924731182796,-0.0662359446287155,-0.0258974657263807,0.9623655913978496,0.282258064516129,0.832509181523294,0.95656333595594,0.6292823553085327,0.8198487758636475,0.2876344086021505,2.3117972314357758,0.0,4.645161290322581,0.0,0.0,low_gain
217,29298,6250, iPad,▁iPad,OK,"(6250,)",0.0218544201665027,6.649606597679917,False,False,False,0.0185886313838343,0.0191832277723537,0.0026357471942901,0.4408602150537634,-0.0564867556095123,-0.024725870419574,0.967741935483871,0.2688172043010752,0.8772739608354371,0.9588418568056648,0.6292823553085327,0.8198487758636475,0.4489247311827957,1.824337780475616,0.0,4.376344086021505,0.0,0.0,low_gain
218,28052,9462, României,▁României,OK,"(9462,)",0.0194348197149974,6.2097013009491775,False,False,False,0.0188379999130002,0.0191534683909467,0.0026257038116455,0.3978494623655914,-0.0616671442985534,-0.0226738353570302,0.978494623655914,0.2311827956989247,0.9031979311670936,0.96575295043273,0.6292823553085327,0.8198487758636475,0.5026881720430108,2.083357214927673,0.0,3.623655913978494,0.0,0.0,low_gain
219,30487,9909, unlikely,▁unlikely,OK,"(9909,)",0.0293126743567246,7.260396310128797,False,False,False,0.0319720803089039,0.0323826745953611,0.0026228725910186,0.6021505376344086,-0.0683545023202896,-0.0255973816558878,0.946236559139785,0.2795698924731182,0.8276420555455781,0.9444531864673484,0.6292823553085327,0.8198487758636475,0.2473118279569892,2.41772511601448,0.0039615166949631,4.591397849462365,0.0,0.0,low_gain
220,15139,18112, imagery,▁imagery,OK,"(18112,)",0.0232035109753249,3.8082077951841455,False,False,False,0.0220261262629621,0.0222468185488895,0.002615213394165,0.4569892473118279,-0.0452232956886291,-0.0153895738304302,0.989247311827957,0.1559139784946236,0.9007091986120617,0.9686671911880408,0.6292823553085327,0.8198487758636475,0.4287634408602151,1.2611647844314575,0.0,2.118279569892473,0.0,0.0,low_gain
221,14800,26191, Throw,▁Throw,OK,"(26191,)",0.0198353798078593,3.76030410778138,False,False,False,0.0185558691781054,0.0191372480764183,0.0026131570339202,0.3924731182795699,-0.0480286628007888,-0.0156090032028895,1.0,0.1424731182795699,0.9168717195801124,0.9576900078678208,0.6292823553085327,0.8198487758636475,0.5094086021505376,1.401433140039444,0.0,1.849462365591398,0.0,0.0,low_gain
222,29642,2716, military,▁military,OK,"(2716,)",0.0261317976299793,6.804062239905839,False,False,False,0.023514602773933,0.0237536814904982,0.0026119351387023,0.532258064516129,-0.0618608146905899,-0.0230197217515719,0.978494623655914,0.2688172043010752,0.8574595938451514,0.9607175452399684,0.6292823553085327,0.8198487758636475,0.3346774193548388,2.093040734529495,0.0,4.376344086021505,0.0,0.0,low_gain
223,30925,30375,bourgeois,bourgeois,OK,"(30375,)",0.0243167735636234,7.5819645001683185,False,False,False,0.0221762466494755,0.0225476178751196,0.002609759569168,0.5,-0.0658597201108932,-0.0270678042083658,0.9838709677419356,0.2956989247311828,0.8731692329578281,0.959081038552321,0.6292823553085327,0.8198487758636475,0.375,2.292986005544662,0.0,4.913978494623656,0.0,0.0,low_gain
224,30241,18116, Youtube,▁Youtube,OK,"(18116,)",0.0245628749250724,7.117367213451734,False,False,False,0.0205747709479383,0.0208642107825125,0.0025995969772338,0.4946236559139785,-0.0553580969572067,-0.0233458331836167,0.978494623655914,0.2983870967741935,0.8720274435572618,0.970750590086546,0.6292823553085327,0.8198487758636475,0.3817204301075269,1.767904847860336,0.0,4.967741935483871,0.0,0.0,low_gain
225,30419,11076, potatoes,▁potatoes,OK,"(11076,)",0.0272308695620747,7.220946501980546,False,False,False,0.0227940646550988,0.02351219070855,0.0025956332683563,0.553763440860215,-0.0610587149858474,-0.0257039701425901,0.956989247311828,0.293010752688172,0.8659728695892394,0.9547946498819826,0.6292823553085327,0.8198487758636475,0.3077956989247313,2.052935749292373,0.0,4.860215053763441,0.0,0.0,low_gain
226,9232,26216, clicked,▁clicked,OK,"(26216,)",0.0184565477473761,3.010562883910312,False,False,False,0.016589634200578,0.016749354139451,0.0025947988033294,0.3602150537634409,-0.0429800748825073,-0.0120204401913509,1.0,0.1155913978494623,0.9121821219910744,0.9746152635719904,0.6292823553085327,0.8198487758636475,0.5497311827956989,1.1490037441253662,0.0,1.311827956989247,0.0,0.0,low_gain
227,19830,4066, Anti,▁Anti,OK,"(4066,)",0.020256617032392,4.481554921916736,False,False,False,0.0188961432826134,0.0194557142514054,0.0025930106639862,0.4086021505376344,-0.0553300231695175,-0.0151530693295181,0.9838709677419356,0.1612903225806451,0.9116680422780242,0.9643870967741932,0.6292823553085327,0.8198487758636475,0.489247311827957,1.7665011584758756,0.0,2.225806451612903,0.0,0.0,low_gain
228,27994,18655, professionalism,▁professionalism,OK,"(18655,)",0.0257621271315441,6.188064712350085,False,False,False,0.0242251156158344,0.024577278443562,0.0025872886180877,0.5268817204301075,-0.0633849501609802,-0.0222763470424118,0.9838709677419356,0.2338709677419354,0.8595786600546811,0.9607175452399684,0.6292823553085327,0.8198487758636475,0.3413978494623657,2.169247508049011,0.0,3.677419354838709,0.0,0.0,low_gain
229,29898,20356, advertisements,▁advertisements,OK,"(20356,)",0.0243054990887001,6.93039001284107,False,False,False,0.0205846999281196,0.0209235587427693,0.0025853514671325,0.4946236559139785,-0.0602207034826278,-0.0251563188209328,0.978494623655914,0.2768817204301075,0.8573984402588933,0.97110936270653,0.6292823553085327,0.8198487758636475,0.3817204301075269,2.011035174131393,0.0,4.53763440860215,0.0,0.0,low_gain
230,31582,10287, terrorist,▁terrorist,OK,"(10287,)",0.0261866527859882,8.370535147682581,False,False,False,0.0244907336209409,0.0248515263039578,0.0025835037231445,0.5376344086021505,-0.0655714273452758,-0.0282587101382593,0.9086021505376344,0.336021505376344,0.8365802188513309,0.9593453973249408,0.6292823553085327,0.8198487758636475,0.3279569892473119,2.278571367263793,0.0435766836445953,5.720430107526881,0.0,0.0,low_gain
231,30083,15009, cheat,▁cheat,OK,"(15009,)",0.0260656573359043,7.034055907559651,False,False,False,0.0216154584320642,0.0218869905958893,0.0025607347488403,0.532258064516129,-0.0621596127748489,-0.0257946448300474,0.9731182795698924,0.2795698924731182,0.866227326946345,0.9685979543666402,0.6292823553085327,0.8198487758636475,0.3346774193548388,2.1079806387424465,0.0,4.591397849462365,0.0,0.0,low_gain
232,29300,14605, scandal,▁scandal,OK,"(14605,)",0.0301639215840447,6.650013939347318,False,False,False,0.0254704545262039,0.0259879513453411,0.002558559179306,0.6129032258064516,-0.0607959777116775,-0.0255260646984141,0.956989247311828,0.2688172043010752,0.8520697994991724,0.9693721479150276,0.6292823553085327,0.8198487758636475,0.2338709677419355,2.039798885583877,0.0,4.376344086021505,0.0,0.0,low_gain
233,27837,29736,muddy,muddy,OK,"(29736,)",0.0237268527268722,6.132555228728119,False,False,False,0.0225159730962527,0.0227767072057211,0.0025529563426971,0.4946236559139785,-0.0711457282304763,-0.0232746687627607,0.967741935483871,0.2096774193548387,0.8690424431566052,0.9558520849724624,0.6292823553085327,0.8198487758636475,0.3817204301075269,2.5572864115238185,0.0,3.193548387096774,0.0,0.0,low_gain
234,31914,10434, marijuana,▁marijuana,OK,"(10434,)",0.019455633424623,9.484878653159704,False,False,False,0.0184986434316122,0.0189172990860477,0.0025480389595031,0.4086021505376344,-0.0704502612352371,-0.0311739938233488,0.9623655913978496,0.3736559139784946,0.8673703116752144,0.9673894571203776,0.6292823553085327,0.8198487758636475,0.489247311827957,2.522513061761856,0.0,6.473118279569892,0.0,0.0,low_gain
235,1171,22665,pictured,pictured,OK,"(22665,)",0.0214934129227874,1.4667359295711722,False,False,False,0.0179309667118134,0.018269946338028,0.0025421380996704,0.4139784946236559,-0.0349529981613159,-0.0078678227240039,1.0,0.0618279569892473,0.9153395005387092,0.9853721479150276,0.6292823553085327,0.8198487758636475,0.4825268817204301,0.7476499080657959,0.0,0.2365591397849462,0.0,0.0,low_gain
236,30760,16850, mariage,▁mariage,OK,"(16850,)",0.0264798318987251,7.4471648194456606,False,False,False,0.0234231240646813,0.0238847988908008,0.0025412440299987,0.543010752688172,-0.0642389953136444,-0.0265408962644556,0.9731182795698924,0.2956989247311828,0.8430023636510404,0.9580676632572775,0.6292823553085327,0.8198487758636475,0.321236559139785,2.21194976568222,0.0,4.913978494623656,0.0,0.0,low_gain
237,26211,17468, forgive,▁forgive,OK,"(17468,)",0.0252034463228717,5.677943871867272,False,False,False,0.0231220292788679,0.0234515484302274,0.0025265514850616,0.5161290322580645,-0.0625911355018615,-0.0213967728358443,0.9731182795698924,0.2096774193548387,0.8807443530698762,0.9594398111723051,0.6292823553085327,0.8198487758636475,0.3548387096774194,2.129556775093078,0.0,3.193548387096774,0.0,0.0,low_gain
238,30281,3046, Twitter,▁Twitter,OK,"(3046,)",0.0201433001747054,7.139664785515877,False,False,False,0.0183264467344489,0.0189986563818429,0.0025168359279632,0.4193548387096774,-0.0668255537748336,-0.0248857675701059,0.956989247311828,0.2661290322580645,0.8855350960933276,0.9671628638867034,0.6292823553085327,0.8198487758636475,0.4758064516129032,2.3412776887416835,0.0,4.32258064516129,0.0,0.0,low_gain
239,30827,12527, Switzerland,▁Switzerland,OK,"(12527,)",0.0219237843508361,7.512057732510311,False,False,False,0.0203733168622498,0.0208358511488924,0.0025124549865722,0.4569892473118279,-0.0687626600265502,-0.0267166883073827,0.9623655913978496,0.282258064516129,0.8757951773963124,0.9685601888276946,0.6292823553085327,0.8198487758636475,0.4287634408602151,2.438133001327514,0.0,4.645161290322581,0.0,0.0,low_gain
240,29688,6722, virus,▁virus,OK,"(6722,)",0.0264793170636059,6.82579402929993,False,False,False,0.0237444780206167,0.0239800692245524,0.0025107562541961,0.543010752688172,-0.0636395364999771,-0.0233121841184554,0.9623655913978496,0.2661290322580645,0.8633341307107733,0.9572494099134538,0.6292823553085327,0.8198487758636475,0.321236559139785,2.181976824998855,0.0,4.32258064516129,0.0,0.0,low_gain
241,31134,18182, Religion,▁Religion,OK,"(18182,)",0.0229732098278179,7.783755568406915,False,False,False,0.0221457881953126,0.0223598842338849,0.0025096535682678,0.4731182795698925,-0.0638471543788909,-0.0282196790300389,0.9838709677419356,0.3091397849462365,0.8577929871416615,0.954461054287962,0.6292823553085327,0.8198487758636475,0.4086021505376344,2.192357718944549,0.0,5.182795698924731,0.0,0.0,low_gain
242,12035,7918, wondering,▁wondering,OK,"(7918,)",0.0165845741668055,3.3895728838059203,False,False,False,0.0162100862431269,0.0164946340104585,0.0025064051151275,0.3225806451612903,-0.0410172641277313,-0.0135670035116134,0.989247311827957,0.1370967741935483,0.9084653445548592,0.9761573564122736,0.6292823553085327,0.8198487758636475,0.5967741935483871,1.0508632063865662,0.0,1.7419354838709673,0.0,0.0,low_gain
243,30502,27130, premature,▁premature,OK,"(27130,)",0.0263987343077377,7.2703028864521855,False,False,False,0.0248947188418398,0.0255585139797579,0.002481997013092,0.5376344086021505,-0.0592996627092361,-0.0259296769096005,0.9408602150537636,0.2983870967741935,0.8698995968497049,0.9630778914240754,0.6292823553085327,0.8198487758636475,0.3279569892473119,1.964983135461807,0.0096208262591962,4.967741935483871,0.0,0.0,low_gain
244,30713,4544, laptop,▁laptop,OK,"(4544,)",0.0271301513798134,7.416237229149289,False,False,False,0.0218888620535532,0.0222523555319796,0.0024722516536712,0.5591397849462365,-0.0659817904233932,-0.0263042145518846,0.9408602150537636,0.2903225806451613,0.8589418452120681,0.9573752950432728,0.6292823553085327,0.8198487758636475,0.3010752688172044,2.299089521169662,0.0096208262591962,4.806451612903226,0.0,0.0,low_gain
245,31659,30775, Phuket,▁Phuket,OK,"(30775,)",0.0187496836948138,8.513522351300843,False,False,False,0.0196425847468837,0.0200855222440535,0.0024701952934265,0.3978494623655914,-0.0722596943378448,-0.0304377248851201,0.956989247311828,0.3198924731182795,0.8708069543315231,0.9524720692368214,0.6292823553085327,0.8198487758636475,0.5026881720430108,2.612984716892242,0.0,5.397849462365591,0.0,0.0,low_gain
246,7145,17701,Friend,Friend,OK,"(17701,)",0.0171481120089689,2.7044713045320203,False,False,False,0.017108505451551,0.0174134061221153,0.0024520456790924,0.3333333333333333,-0.0394120067358017,-0.013165573919973,0.9946236559139784,0.1075268817204301,0.9081208834036928,0.972437450826121,0.6292823553085327,0.8198487758636475,0.5833333333333334,0.9706003367900848,0.0,1.150537634408602,0.0,0.0,low_gain
247,23947,22912,Internet,Internet,OK,"(22912,)",0.0210977414122191,5.197260781641929,False,False,False,0.0187757082523838,0.0189448505319574,0.0024495720863342,0.4247311827956989,-0.0517677962779998,-0.0195725390347101,0.967741935483871,0.2069892473118279,0.9010792781574708,0.9652682926829268,0.6292823553085327,0.8198487758636475,0.4690860215053763,1.5883898138999937,0.0,3.139784946236559,0.0,0.0,low_gain
248,29598,6943, trailer,▁trailer,OK,"(6943,)",0.0272946487671585,6.782075062233915,False,False,False,0.0220309675380747,0.0224524614631488,0.0024355947971343,0.553763440860215,-0.056582361459732,-0.0253380601124096,0.956989247311828,0.282258064516129,0.8738012517300903,0.9696868607395752,0.6292823553085327,0.8198487758636475,0.3077956989247313,1.8291180729866023,0.0,4.645161290322581,0.0,0.0,low_gain
249,29861,2612, forget,▁forget,OK,"(2612,)",0.0304085730865437,6.911078647900652,False,False,False,0.0300286146261358,0.0303050792345436,0.0024325549602508,0.6236559139784946,-0.0641355514526367,-0.0267411944686725,0.9516129032258064,0.2741935483870967,0.8575040866208674,0.9349173878835564,0.6292823553085327,0.8198487758636475,0.2204301075268817,2.2067775726318355,0.0,4.483870967741935,0.0,0.0,low_gain
250,24588,10643,fewer,fewer,OK,"(10643,)",0.0287082407663586,5.323481517773802,False,False,False,0.0258078354020272,0.0261026745842349,0.0024309158325195,0.5860215053763441,-0.060475006699562,-0.0201579825852506,0.956989247311828,0.2016129032258064,0.8543554147855617,0.955543666404406,0.6292823553085327,0.8198487758636475,0.2674731182795699,2.023750334978103,0.0,3.032258064516129,0.0,0.0,low_gain
251,29082,19743, lazy,▁lazy,OK,"(19743,)",0.0233999122855483,6.569689981399044,False,False,False,0.021221383284497,0.0218526913273719,0.0024279356002807,0.478494623655914,-0.0590550899505615,-0.024857719418823,0.956989247311828,0.260752688172043,0.8580927931885765,0.9642360346184106,0.6292823553085327,0.8198487758636475,0.4018817204301075,1.952754497528076,0.0,4.21505376344086,0.0,0.0,low_gain
252,31934,24041, hackers,▁hackers,OK,"(24041,)",0.0267581389315666,9.686486145062975,False,False,False,0.0253722728580556,0.0257935293259159,0.0024247467517852,0.5645161290322581,-0.0778482854366302,-0.0365175700956775,0.9247311827956988,0.3736559139784946,0.8121288339601921,0.9538190401258853,0.6292823553085327,0.8198487758636475,0.2943548387096774,2.892414271831512,0.0265987549518958,6.473118279569892,0.0,0.0,low_gain
253,25161,4704,1%,1%,OK,"(4704,)",0.0244476934193923,5.439460652169361,False,False,False,0.0200768523318793,0.0206375045161093,0.0024194121360778,0.4946236559139785,-0.0540580302476882,-0.0209069969833538,0.978494623655914,0.2177419354838709,0.8788455519251351,0.9707757671125096,0.6292823553085327,0.8198487758636475,0.3817204301075269,1.7029015123844145,0.0,3.354838709677419,0.0,0.0,low_gain
254,26409,10706, HTML,▁HTML,OK,"(10706,)",0.0261406451944381,5.728529132181597,False,False,False,0.0232335415578657,0.0234788153120266,0.0024054646492004,0.532258064516129,-0.0575544536113739,-0.0217304335486504,0.9623655913978496,0.2258064516129032,0.8638871545150723,0.967301337529504,0.6292823553085327,0.8198487758636475,0.3346774193548388,1.8777226805686948,0.0,3.516129032258064,0.0,0.0,low_gain
255,28221,15709, necklace,▁necklace,OK,"(15709,)",0.0182625011250536,6.265594245926026,False,False,False,0.016802208397978,0.0173485458538096,0.0023963749408721,0.3763440860215054,-0.0590215623378753,-0.0212589377357113,0.9838709677419356,0.239247311827957,0.8894228497482652,0.9665774980330448,0.6292823553085327,0.8198487758636475,0.5295698924731183,1.951078116893768,0.0,3.78494623655914,0.0,0.0,low_gain
256,30575,28789, Religious,▁Religious,OK,"(28789,)",0.0192659190345195,7.322248937942648,False,False,False,0.0201383114501994,0.0205008909907392,0.0023932754993438,0.4032258064516129,-0.0657729357481002,-0.0280216031817979,0.978494623655914,0.2768817204301075,0.8695516087421885,0.9588796223446104,0.6292823553085327,0.8198487758636475,0.4959677419354839,2.2886467874050136,0.0,4.53763440860215,0.0,0.0,low_gain
257,24031,18545, voluntary,▁voluntary,OK,"(18545,)",0.0220217229538066,5.212276867640916,False,False,False,0.020960598543126,0.0211953104183238,0.0023872256278991,0.4408602150537634,-0.048170268535614,-0.0191212668213793,0.9946236559139784,0.2177419354838709,0.8786432167848888,0.973369000786782,0.6292823553085327,0.8198487758636475,0.4489247311827957,1.408513426780701,0.0,3.354838709677419,0.0,0.0,low_gain
258,31972,31926, schizophrenia,▁schizophrenia,OK,"(31926,)",0.0276231247971775,10.169895136582358,False,False,False,0.0267823139826456,0.0274769644583425,0.0023795366287231,0.5860215053763441,-0.0811497420072555,-0.0388231444102461,0.9032258064516128,0.3897849462365591,0.8144185074599554,0.9357293469708888,0.6292823553085327,0.8198487758636475,0.2674731182795699,3.0574871003627773,0.0492359932088285,6.795698924731182,0.0,0.0,low_gain
259,24011,20558, honesty,▁honesty,OK,"(20558,)",0.0167096508126105,5.207535132285087,False,False,False,0.0174298706234142,0.0176393101292271,0.0023728311061859,0.3387096774193548,-0.051973283290863,-0.0202439984967631,0.989247311827957,0.2016129032258064,0.9042930142210128,0.9752321007081036,0.6292823553085327,0.8198487758636475,0.5766129032258065,1.5986641645431516,0.0,3.032258064516129,0.0,0.0,low_gain
260,30990,28595,mediocr,mediocr,OK,"(28595,)",0.0283660105239319,7.659820209351649,False,False,False,0.0250856664872938,0.0258549669737456,0.0023677945137023,0.5913978494623656,-0.0714335292577743,-0.0295699415027454,0.9301075268817204,0.2903225806451613,0.8568528245386438,0.95590243902439,0.6292823553085327,0.8198487758636475,0.260752688172043,2.571676462888717,0.0209394453876627,4.806451612903226,0.0,0.0,low_gain
261,28799,14636, weekends,▁weekends,OK,"(14636,)",0.0183975150988948,6.464247419629045,False,False,False,0.0164766471873047,0.016937770350005,0.0023671388626098,0.3870967741935484,-0.0664892494678497,-0.0238466201930917,0.9623655913978496,0.2311827956989247,0.8756343540895944,0.967320220298977,0.6292823553085327,0.8198487758636475,0.5161290322580645,2.324462473392486,0.0,3.623655913978494,0.0,0.0,low_gain
262,25312,8332, vidéo,▁vidéo,OK,"(8332,)",0.0251352437080875,5.47119015775701,False,False,False,0.021627922852834,0.0218734331028435,0.0023591220378875,0.5161290322580645,-0.0606065988540649,-0.0209722188852166,0.9838709677419356,0.2043010752688172,0.8872866504997282,0.9630841856805664,0.6292823553085327,0.8198487758636475,0.3548387096774194,2.030329942703246,0.0,3.086021505376344,0.0,0.0,low_gain
263,23003,12806, Thai,▁Thai,OK,"(12806,)",0.0185104139790099,5.012597146534151,False,False,False,0.0189438478280139,0.0192628240072599,0.0023590326309204,0.3763440860215054,-0.0533164590597152,-0.0191176386289699,0.978494623655914,0.1908602150537634,0.8960652300984848,0.9542785208497244,0.6292823553085327,0.8198487758636475,0.5295698924731183,1.665822952985763,0.0,2.817204301075269,0.0,0.0,low_gain
264,31071,5562, religion,▁religion,OK,"(5562,)",0.0203526051214305,7.729048094121358,False,False,False,0.0214349403176256,0.0216542533648911,0.0023545026779174,0.4247311827956989,-0.0647691339254379,-0.0270282382606178,0.9731182795698924,0.3010752688172043,0.8716648901530183,0.963386309992132,0.6292823553085327,0.8198487758636475,0.4690860215053763,2.238456696271896,0.0,5.021505376344086,0.0,0.0,low_gain
265,19684,13414, brave,▁brave,OK,"(13414,)",0.0221313572699023,4.457332288065264,False,False,False,0.0202136900155775,0.0203374867798179,0.0023467540740966,0.4516129032258064,-0.0559208393096923,-0.0168430436682957,0.9946236559139784,0.1612903225806451,0.889142759239777,0.964022029897718,0.6292823553085327,0.8198487758636475,0.435483870967742,1.796041965484619,0.0,2.225806451612903,0.0,0.0,low_gain+sticky
266,22446,31836, subtract,▁subtract,OK,"(31836,)",0.0271508393829227,4.909070050524127,False,False,False,0.0236762383932708,0.0242592285397232,0.0023408234119415,0.543010752688172,-0.046810433268547,-0.0182996562091253,1.0,0.2123655913978494,0.8649507310760716,0.9711030684500392,0.6292823553085327,0.8198487758636475,0.321236559139785,1.340521663427353,0.0,3.247311827956989,0.0,0.0,low_gain
267,31539,17841, Venezuela,▁Venezuela,OK,"(17841,)",0.0218171735043807,8.292932035782004,False,False,False,0.0203446688190583,0.0206370507517168,0.0023332238197326,0.4623655913978494,-0.0726865977048873,-0.0308323957586801,0.9516129032258064,0.3118279569892473,0.863585105382947,0.950407553107789,0.6292823553085327,0.8198487758636475,0.4220430107526882,2.634329885244369,0.0,5.236559139784946,0.0,0.0,low_gain
268,25995,12345, Karl,▁Karl,OK,"(12345,)",0.0215471219712047,5.624725100494199,False,False,False,0.0203820335608656,0.0208556578364423,0.002331793308258,0.4462365591397849,-0.0619299858808517,-0.0222876347521299,0.967741935483871,0.2043010752688172,0.8792782164993381,0.9587285601888276,0.6292823553085327,0.8198487758636475,0.4422043010752688,2.096499294042587,0.0,3.086021505376344,0.0,0.0,low_gain
269,31754,8940, Vietnam,▁Vietnam,OK,"(8940,)",0.0181530891166579,8.775222716641142,False,False,False,0.018132786596975,0.018570686860751,0.0023272931575775,0.3870967741935484,-0.07058085501194,-0.0306057474946463,0.9408602150537636,0.336021505376344,0.8800357595005357,0.9649032258064516,0.6292823553085327,0.8198487758636475,0.5161290322580645,2.529042750597,0.0096208262591962,5.720430107526881,0.0,0.0,low_gain
270,28568,22187, improper,▁improper,OK,"(22187,)",0.0316108606595506,6.378832095901912,False,False,False,0.0320718467876475,0.0323384567614524,0.0023268461227416,0.6559139784946236,-0.0702336877584457,-0.0229095342338726,0.9408602150537636,0.2338709677419354,0.8378882917002454,0.9530007867820612,0.6292823553085327,0.8198487758636475,0.1801075268817205,2.5116843879222865,0.0096208262591962,3.677419354838709,0.0,0.0,low_gain
271,31110,31280, Picasso,▁Picasso,OK,"(31280,)",0.0225937182304038,7.760289759725652,False,False,False,0.0215120551086241,0.0221352159015594,0.0023217499256134,0.4731182795698925,-0.0676789134740829,-0.0275363870846327,0.967741935483871,0.2983870967741935,0.8459859916377194,0.9539260424862313,0.6292823553085327,0.8198487758636475,0.4086021505376344,2.383945673704147,0.0,4.967741935483871,0.0,0.0,low_gain
272,19182,19170, shocked,▁shocked,OK,"(19170,)",0.0237090979692756,4.3785455515307765,False,False,False,0.0222160838624482,0.0224938197161561,0.0023201704025268,0.478494623655914,-0.0507160723209381,-0.0172975729870539,0.967741935483871,0.1720430107526881,0.9127922116539788,0.9716947285601888,0.6292823553085327,0.8198487758636475,0.4018817204301075,1.5358036160469055,0.0,2.4408602150537635,0.0,0.0,low_gain
273,22507,24112,2:00,2:00,OK,"(24112,)",0.0201834332157847,4.920071116378231,False,False,False,0.0182283115322871,0.0185632806631826,0.0023199021816253,0.4139784946236559,-0.0567078739404678,-0.0186079041932218,0.967741935483871,0.1801075268817204,0.8865102331170576,0.9746845003933908,0.6292823553085327,0.8198487758636475,0.4825268817204301,1.8353936970233915,0.0,2.602150537634409,0.0,0.0,low_gain
274,3224,27283, pictur,▁pictur,OK,"(27283,)",0.0234337391311763,2.0359466950739584,False,False,False,0.0206793232630657,0.0208120249932812,0.0023097395896911,0.4569892473118279,-0.0345092564821243,-0.0113377103241541,0.9946236559139784,0.0940860215053763,0.9072760814363892,0.963663257277734,0.6292823553085327,0.8198487758636475,0.4287634408602151,0.7254628241062164,0.0,0.8817204301075268,0.0,0.0,low_gain
275,29357,27238, Coconut,▁Coconut,OK,"(27238,)",0.0191884692477923,6.677185512999052,False,False,False,0.018674521196273,0.0191380120413277,0.0023092031478881,0.3978494623655914,-0.0602641403675079,-0.0247365973329031,0.9731182795698924,0.2580645161290322,0.876571181579076,0.95960346184107,0.6292823553085327,0.8198487758636475,0.5026881720430108,2.0132070183753963,0.0,4.161290322580645,0.0,0.0,low_gain+sticky
276,31664,23138, Depression,▁Depression,OK,"(23138,)",0.0275771589288788,8.528556287642852,False,False,False,0.0263892072503284,0.0268172323703765,0.0022984147071838,0.5806451612903226,-0.0750702768564224,-0.0313309882917711,0.9032258064516128,0.3225806451612903,0.8540291344303104,0.9556129032258064,0.6292823553085327,0.8198487758636475,0.2741935483870967,2.7535138428211208,0.0492359932088285,5.451612903225806,0.0,0.0,low_gain
277,28896,21133, wasted,▁wasted,OK,"(21133,)",0.0279892540106209,6.501394812778759,False,False,False,0.024030279408219,0.0245375774239981,0.0022850036621093,0.5752688172043011,-0.0611838102340698,-0.0239495884987615,0.9516129032258064,0.2580645161290322,0.8718836942609927,0.9595908733280878,0.6292823553085327,0.8198487758636475,0.2809139784946236,2.0591905117034908,0.0,4.161290322580645,0.0,0.0,low_gain
278,31661,30567, Joomla,▁Joomla,OK,"(30567,)",0.0271586603054436,8.522795717731057,False,False,False,0.02448956011444,0.02483822293179,0.0022833943367004,0.5752688172043011,-0.0777634978294372,-0.0312820833216431,0.9408602150537636,0.3172043010752688,0.8229445481297466,0.9514083398898504,0.6292823553085327,0.8198487758636475,0.2809139784946236,2.8881748914718623,0.0096208262591962,5.344086021505376,0.0,0.0,low_gain
279,28615,27553, wrench,▁wrench,OK,"(27553,)",0.0216208956414653,6.396667699019114,False,False,False,0.0197828543442551,0.0205926805414179,0.0022702515125274,0.4516129032258064,-0.0646000206470489,-0.0219756086026468,0.9731182795698924,0.2365591397849462,0.8696587160609772,0.9596726986624704,0.6292823553085327,0.8198487758636475,0.435483870967742,2.230001032352447,0.0,3.731182795698925,0.0,0.0,low_gain
280,28823,21001, inappropriate,▁inappropriate,OK,"(21001,)",0.0305465044513825,6.473112293469008,False,False,False,0.0289579975989557,0.0293555038590585,0.0022467672824859,0.6290322580645161,-0.0630375146865844,-0.0227164376166559,0.967741935483871,0.2553763440860215,0.8645396561970172,0.9620267505900864,0.6292823553085327,0.8198487758636475,0.2137096774193549,2.151875734329223,0.0,4.10752688172043,0.0,0.0,low_gain
281,23381,21083, défaut,▁défaut,OK,"(21083,)",0.0258220829550297,5.079826427082862,False,False,False,0.0263359245433602,0.0270682592545786,0.0022446513175964,0.532258064516129,-0.0607094317674636,-0.0191411158089996,0.967741935483871,0.1854838709677419,0.8798121593222106,0.9528686073957512,0.6292823553085327,0.8198487758636475,0.3346774193548388,2.035471588373184,0.0,2.709677419354839,0.0,0.0,low_gain
282,25691,18914, tragedy,▁tragedy,OK,"(18914,)",0.025307895523566,5.554553353067973,False,False,False,0.0251857207346987,0.0254812226180107,0.0022415518760681,0.521505376344086,-0.0601785033941268,-0.0207849670481938,0.946236559139785,0.2096774193548387,0.8916188154119432,0.9528937844217152,0.6292823553085327,0.8198487758636475,0.3481182795698925,2.008925169706344,0.0039615166949631,3.193548387096774,0.0,0.0,low_gain
283,27224,3973, emotional,▁emotional,OK,"(3973,)",0.0218849546486331,5.939102058769554,False,False,False,0.0213369542873033,0.021621357208939,0.0022380352020263,0.4516129032258064,-0.0586745142936706,-0.0213733456468069,1.0,0.2284946236559139,0.8612903849414607,0.963254130605822,0.6292823553085327,0.8198487758636475,0.435483870967742,1.9337257146835325,0.0,3.569892473118279,0.0,0.0,low_gain
284,29591,11252, conservative,▁conservative,OK,"(11252,)",0.0223142705377071,6.778606355510732,False,False,False,0.021921248365474,0.0224102176325295,0.0022366940975189,0.4677419354838709,-0.0661904066801071,-0.0233929714848918,0.989247311827957,0.2526881720430107,0.8737401719295298,0.963254130605822,0.6292823553085327,0.8198487758636475,0.4153225806451613,2.3095203340053554,0.0,4.053763440860215,0.0,0.0,low_gain
285,22109,26347, Wheat,▁Wheat,OK,"(26347,)",0.0198559379625704,4.851493210241359,False,False,False,0.0181629481495067,0.0185503876337441,0.0022329688072204,0.4032258064516129,-0.0507664233446121,-0.0180948373451027,0.978494623655914,0.1908602150537634,0.8892130032239922,0.958533438237608,0.6292823553085327,0.8198487758636475,0.4959677419354839,1.538321167230606,0.0,2.817204301075269,0.0,0.0,low_gain
286,31150,22548, WhatsApp,▁WhatsApp,OK,"(22548,)",0.0262386407262535,7.795078505751907,False,False,False,0.0226932179222824,0.023243706553213,0.0022312998771667,0.553763440860215,-0.073616623878479,-0.0290072835901732,0.9623655913978496,0.2903225806451613,0.8584822931296218,0.9532336742722266,0.6292823553085327,0.8198487758636475,0.3077956989247313,2.6808311939239498,0.0,4.806451612903226,0.0,0.0,low_gain
287,31692,20910, Iceland,▁Iceland,OK,"(20910,)",0.0254700000648216,8.592368795514847,False,False,False,0.0235876950525468,0.0238391747397761,0.002230167388916,0.5376344086021505,-0.0728377550840377,-0.0312090999977563,0.9408602150537636,0.3306451612903225,0.8387752400580781,0.9647143981117228,0.6292823553085327,0.8198487758636475,0.3279569892473119,2.6418877542018886,0.0096208262591962,5.612903225806451,0.0,0.0,low_gain
288,30049,7562, depression,▁depression,OK,"(7562,)",0.0260231589918495,7.012828674333946,False,False,False,0.0241441915753067,0.024863524142132,0.0022263526916503,0.543010752688172,-0.0670746266841888,-0.0267923358948,0.935483870967742,0.2661290322580645,0.8634680665092472,0.956443745082612,0.6292823553085327,0.8198487758636475,0.321236559139785,2.3537313342094417,0.0152801358234295,4.32258064516129,0.0,0.0,low_gain
289,26877,13305, sixth,▁sixth,OK,"(13305,)",0.021642871873994,5.84519314317293,False,False,False,0.0211093028386433,0.021521803191913,0.0022246241569519,0.4516129032258064,-0.0632479488849639,-0.021185984534602,0.9946236559139784,0.2123655913978494,0.873343396718691,0.9538945712037764,0.6292823553085327,0.8198487758636475,0.435483870967742,2.162397444248199,0.0,3.247311827956989,0.0,0.0,low_gain
290,23140,17294, discomfort,▁discomfort,OK,"(17294,)",0.0258464336875946,5.034971696715202,False,False,False,0.0235354817041786,0.0239563664441467,0.0022241473197937,0.532258064516129,-0.0598123371601104,-0.0193955927125869,0.967741935483871,0.1854838709677419,0.8750747928724788,0.96,0.6292823553085327,0.8198487758636475,0.3346774193548388,1.9906168580055237,0.0,2.709677419354839,0.0,0.0,low_gain
291,19577,31788, shading,▁shading,OK,"(31788,)",0.0207552422038329,4.442065123909263,False,False,False,0.0208154843058637,0.0212128941089876,0.0022188127040863,0.4301075268817204,-0.0593789368867874,-0.0171117500592303,0.989247311827957,0.1505376344086021,0.8756110968376779,0.9626687647521636,0.6292823553085327,0.8198487758636475,0.4623655913978495,1.9689468443393705,0.0,2.010752688172043,0.0,0.0,low_gain
292,5291,15504,friend,friend,OK,"(15504,)",0.0158809281565168,2.4138567072729917,False,False,False,0.0153281342598699,0.0154387084066226,0.0022114515304565,0.3118279569892473,-0.0384384244680404,-0.0111427871129846,1.0,0.0940860215053763,0.9099290461973728,0.9796947285601886,0.6292823553085327,0.8198487758636475,0.6102150537634409,0.9219212234020232,0.0,0.8817204301075268,0.0,0.0,low_gain
293,28807,24111, unaware,▁unaware,OK,"(24111,)",0.0268409176058666,6.466831280980059,False,False,False,0.0264495133712727,0.0267869737199557,0.0022109746932983,0.5591397849462365,-0.06654092669487,-0.0225418104279425,0.956989247311828,0.2419354838709677,0.8387959295677148,0.95894256490952,0.6292823553085327,0.8198487758636475,0.3010752688172044,2.3270463347434998,0.0,3.838709677419355,0.0,0.0,low_gain
294,9721,4357, 6.,▁6.,OK,"(4357,)",0.0188032640084143,3.072556428370937,False,False,False,0.0169885102459179,0.0172484678927288,0.0022104978561401,0.3709677419354839,-0.0391124188899993,-0.0134121125103324,1.0,0.1290322580645161,0.907386819011505,0.980047206923682,0.6292823553085327,0.8198487758636475,0.5362903225806451,0.9556209444999696,0.0,1.5806451612903225,0.0,0.0,low_gain
295,28086,7194, photographs,▁photographs,OK,"(7194,)",0.0260162523036362,6.221070662621528,False,False,False,0.0261540443346064,0.0265991980991055,0.002195656299591,0.543010752688172,-0.0665988326072692,-0.022238330815428,0.9623655913978496,0.2284946236559139,0.8362774761336472,0.9547317073170732,0.6292823553085327,0.8198487758636475,0.321236559139785,2.329941630363464,0.0,3.569892473118279,0.0,0.0,low_gain+sticky
296,21452,23431, photographic,▁photographic,OK,"(23431,)",0.0264576142673851,4.740649754642159,False,False,False,0.0248816681485022,0.0254347300337206,0.0021781027317047,0.543010752688172,-0.0574205219745636,-0.0198940352727008,0.956989247311828,0.1774193548387097,0.8660764942230962,0.9525601888276946,0.6292823553085327,0.8198487758636475,0.321236559139785,1.87102609872818,0.0,2.548387096774194,0.0,0.0,low_gain+sticky
297,25337,2669, reality,▁reality,OK,"(2669,)",0.0218997835391952,5.47786382225252,False,False,False,0.0194905573321927,0.0198929681572862,0.0021679699420928,0.4516129032258064,-0.05697663128376,-0.0208508570988972,0.9838709677419356,0.2096774193548387,0.8922274588751723,0.9631660110149488,0.6292823553085327,0.8198487758636475,0.435483870967742,1.8488315641880035,0.0,3.193548387096774,0.0,0.0,low_gain
298,31670,7759, divorce,▁divorce,OK,"(7759,)",0.0321123490891148,8.534819445471069,False,False,False,0.0273447623175959,0.0276388791940545,0.0021617412567138,0.6774193548387096,-0.078407198190689,-0.0315816293480575,0.9408602150537636,0.3225806451612903,0.8551940482685376,0.9586530291109364,0.6292823553085327,0.8198487758636475,0.153225806451613,2.920359909534454,0.0096208262591962,5.451612903225806,0.0,0.0,low_gain
299,29317,9417, coconut,▁coconut,OK,"(9417,)",0.0226157187934844,6.660114813235498,False,False,False,0.0201003400869266,0.0206424376016022,0.0021508336067199,0.4677419354838709,-0.0584442317485809,-0.023961486995861,0.9731182795698924,0.2661290322580645,0.8838136905230091,0.9630275373721476,0.6292823553085327,0.8198487758636475,0.4153225806451613,1.9222115874290464,0.0,4.32258064516129,0.0,0.0,low_gain
300,25138,15170, stressful,▁stressful,OK,"(15170,)",0.0247073399604007,5.434892688387183,False,False,False,0.0230202285512801,0.0232309300091958,0.0021502971649169,0.5053763440860215,-0.0542354881763458,-0.019985818734733,0.967741935483871,0.2177419354838709,0.8870613975217745,0.9633359559402044,0.6292823553085327,0.8198487758636475,0.3682795698924732,1.711774408817291,0.0,3.354838709677419,0.0,0.0,low_gain
301,29601,14752, teens,▁teens,OK,"(14752,)",0.0193927773464751,6.783954504036133,False,False,False,0.0171562327492621,0.017706057076813,0.0021498501300811,0.4086021505376344,-0.0637436062097549,-0.0239846783299599,0.967741935483871,0.2553763440860215,0.8974934998489608,0.968893784421715,0.6292823553085327,0.8198487758636475,0.489247311827957,2.1871803104877467,0.0,4.10752688172043,0.0,0.0,low_gain
302,28245,10838, soldiers,▁soldiers,OK,"(10838,)",0.0261398646299557,6.272293872089795,False,False,False,0.0235716761440359,0.023886033924677,0.0021487176418304,0.5376344086021505,-0.0578114688396453,-0.0234685187698692,0.9731182795698924,0.2526881720430107,0.8831681542109276,0.9622785208497244,0.6292823553085327,0.8198487758636475,0.3279569892473119,1.890573441982269,0.0,4.053763440860215,0.0,0.0,low_gain
303,22069,12391, tags,▁tags,OK,"(12391,)",0.0243817898214504,4.844437774791512,False,False,False,0.0216601941213812,0.0220987519589803,0.0021482706069946,0.5053763440860215,-0.0607059597969055,-0.0201139261004745,0.9838709677419356,0.1720430107526881,0.8762066359609946,0.960912667191188,0.6292823553085327,0.8198487758636475,0.3682795698924732,2.0352979898452754,0.0,2.4408602150537635,0.0,0.0,low_gain
304,25569,20220, graduat,▁graduat,OK,"(20220,)",0.0184171314761843,5.526972172401284,False,False,False,0.0190035348297447,0.0196633640155997,0.0021416842937469,0.3817204301075269,-0.0562114864587783,-0.0201186954334218,0.9731182795698924,0.2096774193548387,0.8928266282548163,0.9631785995279308,0.6292823553085327,0.8198487758636475,0.5228494623655914,1.8105743229389188,0.0,3.193548387096774,0.0,0.0,low_gain
305,24311,13940, thankful,▁thankful,OK,"(13940,)",0.0237503496229007,5.2661886407483,False,False,False,0.0225635605153217,0.0227264350139966,0.0021401941776275,0.4946236559139785,-0.0624205470085144,-0.01959159938238,0.978494623655914,0.1881720430107527,0.8639943946481169,0.960365066876475,0.6292823553085327,0.8198487758636475,0.3817204301075269,2.12102735042572,0.0,2.763440860215054,0.0,0.0,low_gain
306,24250,1284, Internet,▁Internet,OK,"(1284,)",0.0224080653841136,5.256235916447896,False,False,False,0.0187452839266869,0.0189074364400679,0.0021387636661529,0.4569892473118279,-0.0516032129526138,-0.0195367256159423,0.9731182795698924,0.2123655913978494,0.8896600855235264,0.9696239181746656,0.6292823553085327,0.8198487758636475,0.4287634408602151,1.5801606476306913,0.0,3.247311827956989,0.0,0.0,low_gain
307,28577,27947, Sauna,▁Sauna,OK,"(27947,)",0.0248090252520576,6.381773320257023,False,False,False,0.0223279627420569,0.02275637112638,0.0021370351314544,0.5161290322580645,-0.0626892298460006,-0.0244066615899403,0.967741935483871,0.2446236559139785,0.8587958233163101,0.9542470495672698,0.6292823553085327,0.8198487758636475,0.3548387096774194,2.134461492300033,0.0,3.89247311827957,0.0,0.0,low_gain
308,16897,26856, japonais,▁japonais,OK,"(26856,)",0.0189132860110652,4.050663028353004,False,False,False,0.0191018558958525,0.0194133340671498,0.0021359920501708,0.3870967741935484,-0.0515508949756622,-0.016618453366782,0.989247311827957,0.1478494623655914,0.9011226198763026,0.9611014948859165,0.6292823553085327,0.8198487758636475,0.5161290322580645,1.5775447487831114,0.0,1.956989247311828,0.0,0.0,low_gain
309,29157,31593, Fool,▁Fool,OK,"(31593,)",0.0212411611310897,6.597573341861848,False,False,False,0.0198684128061417,0.0204598352473269,0.0021250247955322,0.4354838709677419,-0.0531611442565918,-0.0229997513114765,0.9623655913978496,0.2741935483870967,0.8418641897496614,0.9723808025177026,0.6292823553085327,0.8198487758636475,0.4556451612903226,1.6580572128295896,0.0,4.483870967741935,0.0,0.0,low_gain
310,31520,12263, Greece,▁Greece,OK,"(12263,)",0.0181079090522822,8.268155855837687,False,False,False,0.0181350025438493,0.0184761013395042,0.0021139681339263,0.3924731182795699,-0.0725942999124527,-0.0285168995139419,0.967741935483871,0.3064516129032258,0.8679496769735942,0.9659166011014948,0.6292823553085327,0.8198487758636475,0.5094086021505376,2.6297149956226344,0.0,5.129032258064516,0.0,0.0,low_gain
311,25189,15092, reject,▁reject,OK,"(15092,)",0.0290523220134037,5.446358708925144,False,False,False,0.0275992453098297,0.0280167848192235,0.0021115839481353,0.6021505376344086,-0.0633357763290405,-0.0216776001197035,0.9838709677419356,0.2016129032258064,0.866694478955655,0.9579103068450038,0.6292823553085327,0.8198487758636475,0.2473118279569892,2.166788816452026,0.0,3.032258064516129,0.0,0.0,low_gain
312,24024,8373, graph,▁graph,OK,"(8373,)",0.0230415095565139,5.21040472420313,False,False,False,0.0221623909729783,0.0226658589096479,0.002108097076416,0.478494623655914,-0.059826374053955,-0.0206335561890755,0.9731182795698924,0.1908602150537634,0.8731267323959501,0.9651927616050352,0.6292823553085327,0.8198487758636475,0.4018817204301075,1.9913187026977537,0.0,2.817204301075269,0.0,0.0,low_gain
313,24225,17262,error,error,OK,"(17262,)",0.025833545416914,5.250797003558212,False,False,False,0.0241066531468463,0.0244560203244609,0.0020938217639923,0.5268817204301075,-0.0520872473716735,-0.0193460727891614,0.946236559139785,0.2150537634408602,0.855895263268107,0.971398898505114,0.6292823553085327,0.8198487758636475,0.3413978494623657,1.604362368583679,0.0039615166949631,3.301075268817204,0.0,0.0,low_gain
314,31024,5281, marriage,▁marriage,OK,"(5281,)",0.0228597697791873,7.687223553337076,False,False,False,0.0224696787134293,0.0228316292006482,0.0020913481712341,0.478494623655914,-0.063126191496849,-0.028599295244422,0.9623655913978496,0.3064516129032258,0.8457290403240315,0.9560031471282452,0.6292823553085327,0.8198487758636475,0.4018817204301075,2.156309574842453,0.0,5.129032258064516,0.0,0.0,low_gain
315,24395,31794, simplistic,▁simplistic,OK,"(31794,)",0.0223392865830852,5.283336176026252,False,False,False,0.0211970886235596,0.0213995736132385,0.0020903646945953,0.4516129032258064,-0.0466344654560089,-0.0196404072546189,0.989247311827957,0.2258064516129032,0.8747060414696282,0.96601730920535,0.6292823553085327,0.8198487758636475,0.435483870967742,1.3317232728004456,0.0,3.516129032258064,0.0,0.0,low_gain
316,19283,16417, elevation,▁elevation,OK,"(16417,)",0.0203704912175414,4.395144083166635,False,False,False,0.018379379985153,0.0188678435740932,0.0020895600318908,0.4139784946236559,-0.0483598709106445,-0.0175049327394013,0.989247311827957,0.1747311827956989,0.8555845812093504,0.9581872541306056,0.6292823553085327,0.8198487758636475,0.4825268817204301,1.4179935455322266,0.0,2.4946236559139785,0.0,0.0,low_gain
317,5395,6917, humans,▁humans,OK,"(6917,)",0.0193102981374468,2.429802510366645,False,False,False,0.0177402464292382,0.0180668603348475,0.0020882189273834,0.3817204301075269,-0.0372788459062576,-0.0113293592647839,0.989247311827957,0.1021505376344086,0.9211199458826178,0.9719527930763178,0.6292823553085327,0.8198487758636475,0.5228494623655914,0.8639422953128815,0.0,1.043010752688172,0.0,0.0,low_gain
318,27485,20304, username,▁username,OK,"(20304,)",0.0218675210350944,6.016557754688366,False,False,False,0.0199761919436916,0.020279138639409,0.0020830035209655,0.4516129032258064,-0.0559225529432296,-0.0239883843929536,0.978494623655914,0.239247311827957,0.8804426138376812,0.9689630212431156,0.6292823553085327,0.8198487758636475,0.435483870967742,1.7961276471614835,0.0,3.78494623655914,0.0,0.0,low_gain
319,30523,31521, devastated,▁devastated,OK,"(31521,)",0.0204287389032943,7.280382211169888,False,False,False,0.0255756846038244,0.0262573838874857,0.0020774006843566,0.4408602150537634,-0.0738334506750106,-0.0262311299641927,0.9193548387096774,0.2553763440860215,0.8455238718129928,0.9457183320220298,0.6292823553085327,0.8198487758636475,0.4489247311827957,2.6916725337505336,0.032258064516129,4.10752688172043,0.0,0.0,low_gain
320,25326,5406,2%,2%,OK,"(5406,)",0.0199717517902133,5.473853964638966,False,False,False,0.0197572732164013,0.0201092463347219,0.0020706057548522,0.4139784946236559,-0.0559555739164352,-0.0200655466766767,0.9946236559139784,0.2096774193548387,0.8757054244736239,0.9719402045633356,0.6292823553085327,0.8198487758636475,0.4825268817204301,1.797778695821762,0.0,3.193548387096774,0.0,0.0,low_gain
321,23667,30721,wrongful,wrongful,OK,"(30721,)",0.0241722039878368,5.139720346658461,False,False,False,0.0231801471723023,0.0234624621688678,0.0020659565925598,0.5,-0.0578750520944595,-0.0195108062477522,0.956989247311828,0.1935483870967742,0.8756253965058931,0.9612777340676631,0.6292823553085327,0.8198487758636475,0.375,1.8937526047229765,0.0,2.870967741935484,0.0,0.0,low_gain
322,26085,3669, Technology,▁Technology,OK,"(3669,)",0.027039119184658,5.645924622012722,False,False,False,0.0242572535750686,0.024666569886669,0.0020654201507568,0.553763440860215,-0.0542894601821899,-0.02214971088594,0.9623655913978496,0.2311827956989247,0.8368378785077165,0.9606231313926042,0.6292823553085327,0.8198487758636475,0.3077956989247313,1.7144730091094968,0.0,3.623655913978494,0.0,0.0,low_gain
323,29968,13300, Hotels,▁Hotels,OK,"(13300,)",0.0218524845296977,6.963856524357231,False,False,False,0.0200052975967366,0.0204943985708298,0.0020542442798614,0.4569892473118279,-0.0610244423151016,-0.0253444926072192,0.9516129032258064,0.2741935483870967,0.8720958724133133,0.9592635719905585,0.6292823553085327,0.8198487758636475,0.4287634408602151,2.0512221157550807,0.0,4.483870967741935,0.0,0.0,low_gain
324,26820,28958, scissors,▁scissors,OK,"(28958,)",0.0207075420967353,5.830543348545668,False,False,False,0.0199899602961796,0.0205334373699721,0.002054214477539,0.4301075268817204,-0.0570409744977951,-0.020239512125651,0.978494623655914,0.2258064516129032,0.8807347461720347,0.9624169944925254,0.6292823553085327,0.8198487758636475,0.4623655913978495,1.852048724889755,0.0,3.516129032258064,0.0,0.0,low_gain
325,29402,30406, seizures,▁seizures,OK,"(30406,)",0.0256135757331566,6.698983407469205,False,False,False,0.025491823432266,0.025885917807138,0.0020491182804107,0.5376344086021505,-0.0663452595472335,-0.0247743360457881,0.9516129032258064,0.2526881720430107,0.831556903308713,0.9526797797010228,0.6292823553085327,0.8198487758636475,0.3279569892473119,2.317262977361678,0.0,4.053763440860215,0.0,0.0,low_gain
326,22892,15347, informal,▁informal,OK,"(15347,)",0.0232055651244296,4.990842337249427,False,False,False,0.022606506142565,0.0229411198887773,0.0020458698272705,0.4731182795698925,-0.0499243736267089,-0.0187531728898325,1.0,0.2043010752688172,0.8933837840581869,0.968642014162077,0.6292823553085327,0.8198487758636475,0.4086021505376344,1.4962186813354492,0.0,3.086021505376344,0.0,0.0,low_gain
327,12686,11873, expecting,▁expecting,OK,"(11873,)",0.0187144943222563,3.4731929722011725,False,False,False,0.0176769756181265,0.0181337494042611,0.0020452141761779,0.3763440860215054,-0.0429584830999374,-0.0142919613469031,0.989247311827957,0.1397849462365591,0.9205366551851204,0.9728969315499604,0.6292823553085327,0.8198487758636475,0.5295698924731183,1.147924154996872,0.0,1.7956989247311823,0.0,0.0,low_gain
328,10681,669, learn,▁learn,OK,"(669,)",0.017238477889889,3.2052503442892464,False,False,False,0.0185129735418545,0.0188212112713885,0.0020418465137481,0.3494623655913978,-0.0455297380685806,-0.0133712371831299,1.0,0.1182795698924731,0.882192456415895,0.9669740361919748,0.6292823553085327,0.8198487758636475,0.5631720430107526,1.2764869034290314,0.0,1.3655913978494625,0.0,0.0,low_gain
329,25031,18293, Zucker,▁Zucker,OK,"(18293,)",0.0173228547377612,5.414879651800279,False,False,False,0.0175478956712189,0.0180359336958136,0.0020374655723571,0.3602150537634409,-0.0545072704553604,-0.0220441565077791,0.9623655913978496,0.2069892473118279,0.8932721315404197,0.9641101494885916,0.6292823553085327,0.8198487758636475,0.5497311827956989,1.7253635227680204,0.0,3.139784946236559,0.0,0.0,low_gain
330,23141,18735,7:00,7:00,OK,"(18735,)",0.0133450147125028,5.035377572300614,False,False,False,0.0142248192782043,0.0145601187982866,0.0020349621772766,0.2741935483870967,-0.0479924976825714,-0.0185770033508218,0.9623655913978496,0.1989247311827957,0.9286003989445104,0.9767741935483868,0.6292823553085327,0.8198487758636475,0.6572580645161291,1.3996248841285706,0.0,2.978494623655914,0.0,0.0,low_gain
331,23424,23289, meme,▁meme,OK,"(23289,)",0.0224690841490863,5.08593203527953,False,False,False,0.021458928303052,0.021674386916622,0.0020294785499572,0.4569892473118279,-0.0481971353292465,-0.0176415331261132,0.989247311827957,0.2123655913978494,0.8728285348772451,0.9591691581431944,0.6292823553085327,0.8198487758636475,0.4287634408602151,1.409856766462326,0.0,3.247311827956989,0.0,0.0,low_gain
332,30482,29420, WWII,▁WWII,OK,"(29420,)",0.0238395608961582,7.256419414524716,False,False,False,0.0230394979958893,0.0234997112263915,0.0020180940628051,0.5,-0.0635706633329391,-0.0263849471205024,0.946236559139785,0.2849462365591398,0.8815779543682685,0.957633359559402,0.6292823553085327,0.8198487758636475,0.375,2.178533166646957,0.0039615166949631,4.698924731182796,0.0,0.0,low_gain
333,24607,12130, offensive,▁offensive,OK,"(12130,)",0.0267216169065044,5.3284431606210685,False,False,False,0.0252207129873255,0.0255887059755222,0.0020151138305664,0.5483870967741935,-0.0542570352554321,-0.0215957042991474,0.989247311827957,0.2150537634408602,0.8746621980080519,0.9658614726392328,0.6292823553085327,0.8198487758636475,0.3145161290322582,1.7128517627716062,0.0,3.301075268817204,0.0,0.0,low_gain
334,26755,29970, disconnected,▁disconnected,OK,"(29970,)",0.0246109657229915,5.812092414837336,False,False,False,0.0239005511806857,0.0246234718830354,0.0020104944705963,0.5161290322580645,-0.0641196072101593,-0.0219132704760438,0.946236559139785,0.2123655913978494,0.8759777379695738,0.9542344610542878,0.6292823553085327,0.8198487758636475,0.3548387096774194,2.2059803605079646,0.0039615166949631,3.247311827956989,0.0,0.0,low_gain
335,31711,29466, malaria,▁malaria,OK,"(29466,)",0.0294466743305806,8.6591906428978,False,False,False,0.0278704179230556,0.0283289279348106,0.0020104348659515,0.6290322580645161,-0.0803074687719345,-0.0331744747136228,0.9193548387096774,0.3198924731182795,0.8310792589731892,0.9505586152635718,0.6292823553085327,0.8198487758636475,0.2137096774193549,3.015373438596725,0.032258064516129,5.397849462365591,0.0,0.0,low_gain
336,29912,15687, forgot,▁forgot,OK,"(15687,)",0.0269192455596821,6.935793893311613,False,False,False,0.0235475404288179,0.0239853131514723,0.0020055770874023,0.5591397849462365,-0.0608664155006408,-0.0244233335859032,0.956989247311828,0.2795698924731182,0.86335417090627,0.9550527143981116,0.6292823553085327,0.8198487758636475,0.3010752688172044,2.043320775032043,0.0,4.591397849462365,0.0,0.0,low_gain
337,30981,7285, gender,▁gender,OK,"(7285,)",0.0236928097903728,7.654853581420836,False,False,False,0.0219834600725481,0.0226228503129815,0.0020049214363098,0.5,-0.0662422329187393,-0.0268598724437016,0.967741935483871,0.2983870967741935,0.84637981542065,0.9667285601888276,0.6292823553085327,0.8198487758636475,0.375,2.312111645936965,0.0,4.967741935483871,0.0,0.0,low_gain
338,8415,14385, Freunde,▁Freunde,OK,"(14385,)",0.0181418921037386,2.889881250678852,False,False,False,0.0170390317516942,0.0171844888758915,0.0020048916339874,0.3655913978494624,-0.0428513884544372,-0.012596337385075,0.9946236559139784,0.1102150537634408,0.9292988396018464,0.968239181746656,0.6292823553085327,0.8198487758636475,0.543010752688172,1.1425694227218628,0.0,1.204301075268817,0.0,0.0,low_gain
339,26317,21375, Tourist,▁Tourist,OK,"(21375,)",0.019882690786354,5.703299006787679,False,False,False,0.0184225145206656,0.0186029634168071,0.0020026564598083,0.4193548387096774,-0.0617541521787643,-0.0197328505336597,0.989247311827957,0.2069892473118279,0.900409791007914,0.968239181746656,0.6292823553085327,0.8198487758636475,0.4758064516129032,2.0877076089382167,0.0,3.139784946236559,0.0,0.0,low_gain
340,25914,13086, dirty,▁dirty,OK,"(13086,)",0.0231750905273422,5.606635148486783,False,False,False,0.0222921618210372,0.0228625334078265,0.0019994676113128,0.4838709677419355,-0.0603585094213485,-0.0212346171179125,0.967741935483871,0.2096774193548387,0.8965293716513283,0.9631660110149488,0.6292823553085327,0.8198487758636475,0.3951612903225807,2.017925471067428,0.0,3.193548387096774,0.0,0.0,low_gain
341,20870,16708, dismiss,▁dismiss,OK,"(16708,)",0.0251621703627289,4.64182065507417,False,False,False,0.0226337207901862,0.0230719652227176,0.0019935071468353,0.521505376344086,-0.0581321120262146,-0.0185320079326629,1.0,0.1693548387096774,0.873736674487459,0.9630338316286386,0.6292823553085327,0.8198487758636475,0.3481182795698925,1.9066056013107295,0.0,2.387096774193548,0.0,0.0,low_gain
342,7071,11608, substitute,▁substitute,OK,"(11608,)",0.0160648432710478,2.6921464643811666,False,False,False,0.016204679044344,0.0165564957805859,0.0019881725311279,0.3225806451612903,-0.0410472303628921,-0.0122901467225884,1.0,0.1021505376344086,0.9087645308019132,0.9699889850511408,0.6292823553085327,0.8198487758636475,0.5967741935483871,1.0523615181446075,0.0,1.043010752688172,0.0,0.0,low_gain
343,11608,19840, incomplete,▁incomplete,OK,"(19840,)",0.0231915051337852,3.332483864279204,False,False,False,0.0219847659269968,0.0224517151232688,0.0019863545894622,0.4731182795698925,-0.0490152686834335,-0.0122280707282404,0.9946236559139784,0.1236559139784946,0.8864232988080216,0.9642108575924468,0.6292823553085327,0.8198487758636475,0.4086021505376344,1.4507634341716766,0.0,1.4731182795698925,0.0,0.0,low_gain
344,30730,23859, Toilet,▁Toilet,OK,"(23859,)",0.0265711715705292,7.425488672269288,False,False,False,0.0233588917281038,0.0240416254407616,0.0019859075546264,0.5591397849462365,-0.0674345046281814,-0.0289567503877865,0.9731182795698924,0.2876344086021505,0.8364051106335374,0.9570746767512662,0.6292823553085327,0.8198487758636475,0.3010752688172044,2.3717252314090724,0.0,4.752688172043011,0.0,0.0,low_gain
345,30992,9310, Bitcoin,▁Bitcoin,OK,"(9310,)",0.0255950059060768,7.664135572410398,False,False,False,0.0232101555473061,0.0237679300449227,0.0019741952419281,0.5376344086021505,-0.0652181953191757,-0.0277725192167425,0.9623655913978496,0.303763440860215,0.8581481472189948,0.9639716758457908,0.6292823553085327,0.8198487758636475,0.3279569892473119,2.2609097659587856,0.0,5.075268817204301,0.0,0.0,low_gain
346,28567,24381, secular,▁secular,OK,"(24381,)",0.0244388138414711,6.377771671100329,False,False,False,0.0244178204767165,0.0247500285666476,0.0019711554050445,0.510752688172043,-0.0613995194435119,-0.0229510440621324,0.989247311827957,0.2473118279569892,0.8792535425620254,0.9559905586152636,0.6292823553085327,0.8198487758636475,0.3615591397849463,2.0699759721755977,0.0,3.946236559139785,0.0,0.0,low_gain
347,19066,6152, employer,▁employer,OK,"(6152,)",0.0250004803301185,4.3607669889286,False,False,False,0.0210081162632152,0.0213383900862868,0.001967430114746,0.510752688172043,-0.0500916838645935,-0.0172093670855286,0.989247311827957,0.1747311827956989,0.8813817877123498,0.9718961447678992,0.6292823553085327,0.8198487758636475,0.3615591397849463,1.5045841932296753,0.0,2.4946236559139785,0.0,0.0,low_gain
348,29145,9100, blame,▁blame,OK,"(9100,)",0.0235243034779384,6.593253014549132,False,False,False,0.0212028157967393,0.0216972187001218,0.0019508898258209,0.4946236559139785,-0.0631553828716278,-0.0245885983590156,0.967741935483871,0.2526881720430107,0.8987528741373899,0.9668922108575924,0.6292823553085327,0.8198487758636475,0.3817204301075269,2.15776914358139,0.0,4.053763440860215,0.0,0.0,low_gain
349,29383,24357, unhappy,▁unhappy,OK,"(24357,)",0.02805025070425,6.691408900045444,False,False,False,0.0308600209092581,0.0312706648662526,0.0019448995590209,0.5967741935483871,-0.0746671706438064,-0.0251634502282706,0.9247311827956988,0.2338709677419354,0.8480994944056423,0.9529189614476788,0.6292823553085327,0.8198487758636475,0.2540322580645161,2.7333585321903224,0.0265987549518958,3.677419354838709,0.0,0.0,low_gain
350,23486,12139,blog,blog,OK,"(12139,)",0.0169982277257468,5.100127126580926,False,False,False,0.017567507682308,0.0178966499784941,0.0019357204437255,0.3602150537634409,-0.0589649081230163,-0.0188187104399486,0.978494623655914,0.1801075268817204,0.9142998748151854,0.9701274586939416,0.6292823553085327,0.8198487758636475,0.5497311827956989,1.9482454061508176,0.0,2.602150537634409,0.0,0.0,low_gain
351,11799,1202, photo,▁photo,OK,"(1202,)",0.0212196416191516,3.355765432119369,False,False,False,0.0191861567317798,0.0195270648566625,0.0019262135028839,0.4354838709677419,-0.0496153086423873,-0.0139396501484737,0.989247311827957,0.1209677419354838,0.9042262234074502,0.9729409913453972,0.6292823553085327,0.8198487758636475,0.4556451612903226,1.4807654321193695,0.0,1.4193548387096773,0.0,0.0,low_gain
352,20096,23956, disturbing,▁disturbing,OK,"(23956,)",0.025796400547348,4.520235676598806,False,False,False,0.0232083914420937,0.0236504444832442,0.0019214749336242,0.5268817204301075,-0.049383208155632,-0.0178780161565349,0.9731182795698924,0.1854838709677419,0.9052321880956812,0.9702911093627063,0.6292823553085327,0.8198487758636475,0.3413978494623657,1.469160407781601,0.0,2.709677419354839,0.0,0.0,low_gain
353,27662,23524, selfie,▁selfie,OK,"(23524,)",0.0200164073577491,6.072601491405117,False,False,False,0.0187749423647439,0.0192864380216085,0.001920998096466,0.4247311827956989,-0.0628229975700378,-0.0224026342233022,0.9731182795698924,0.2231182795698924,0.8722985174534902,0.9644059795436662,0.6292823553085327,0.8198487758636475,0.4690860215053763,2.141149878501892,0.0,3.462365591397849,0.0,0.0,low_gain
354,22856,29588, hyperlink,▁hyperlink,OK,"(29588,)",0.021352425377856,4.983302234321512,False,False,False,0.0186151772417048,0.0194836388672551,0.0019190609455108,0.4408602150537634,-0.0521929264068603,-0.0201467394187886,0.9838709677419356,0.1962365591397849,0.8777267984193922,0.964966168371361,0.6292823553085327,0.8198487758636475,0.4489247311827957,1.6096463203430174,0.0,2.924731182795699,0.0,0.0,low_gain
355,22123,19870,5:00,5:00,OK,"(19870,)",0.0157086208382601,4.853929486005537,False,False,False,0.0169538281938081,0.0173150791275885,0.0019187331199645,0.3279569892473118,-0.052159234881401,-0.0182349938218311,0.9731182795698924,0.1827956989247312,0.8838618873407502,0.9680818253343824,0.6292823553085327,0.8198487758636475,0.5900537634408602,1.6079617440700529,0.0,2.655913978494624,0.0,0.0,low_gain
356,28809,26586,Exception,Exception,OK,"(26586,)",0.0214514592642425,6.468635830827939,False,False,False,0.0199959819675773,0.0205444542951481,0.0019106864929199,0.4569892473118279,-0.0661737918853759,-0.0228154672089443,0.967741935483871,0.2365591397849462,0.8658971359491148,0.971908733280881,0.6292823553085327,0.8198487758636475,0.4287634408602151,2.3086895942687984,0.0,3.731182795698925,0.0,0.0,low_gain
357,15339,10306, surprising,▁surprising,OK,"(10306,)",0.0210946852080924,3.834639675194217,False,False,False,0.0198896801279437,0.0205081917585865,0.0019105076789855,0.4408602150537634,-0.0571766644716262,-0.0160347921873933,0.9838709677419356,0.1263440860215053,0.9095991798572128,0.9595279307631784,0.6292823553085327,0.8198487758636475,0.4489247311827957,1.8588332235813136,0.0,1.5268817204301073,0.0,0.0,low_gain
358,23898,1709, prevent,▁prevent,OK,"(1709,)",0.0207747992328418,5.187951968562218,False,False,False,0.0198434801191412,0.020408801173651,0.0019089877605438,0.4301075268817204,-0.0527912974357605,-0.0180359684651897,0.978494623655914,0.2043010752688172,0.8723455484572076,0.9621715184893784,0.6292823553085327,0.8198487758636475,0.4623655913978495,1.639564871788025,0.0,3.086021505376344,0.0,0.0,low_gain
359,22726,6605, rice,▁rice,OK,"(6605,)",0.0199499133934256,4.957462060195144,False,False,False,0.017647605589641,0.0180149557449484,0.0019087195396423,0.4139784946236559,-0.0531546175479888,-0.0178870103692495,0.978494623655914,0.1908602150537634,0.9128233492184104,0.967433516915814,0.6292823553085327,0.8198487758636475,0.4825268817204301,1.6577308773994444,0.0,2.817204301075269,0.0,0.0,low_gain
360,28175,10089, Animal,▁Animal,OK,"(10089,)",0.0220395544523833,6.250179206171343,False,False,False,0.02164976106536,0.0221592308052124,0.0019039809703826,0.4569892473118279,-0.0542777776718139,-0.0219938075670632,0.9838709677419356,0.2553763440860215,0.8637703960270237,0.957608182533438,0.6292823553085327,0.8198487758636475,0.4287634408602151,1.713888883590698,0.0,4.10752688172043,0.0,0.0,low_gain
361,298,25825, *******,▁*******,OK,"(25825,)",0.0112887574459916,1.0965612947299916,False,False,False,0.0128780087476135,0.0132472934902355,0.0019014477729797,0.2150537634408602,-0.0273075699806213,-0.0075271129608154,1.0,0.043010752688172,0.946339853086773,0.9871723052714396,0.6292823553085327,0.8198487758636475,0.7311827956989247,0.3653784990310668,0.0,0.0,0.0,0.0,low_gain
362,26472,12359, manque,▁manque,OK,"(12359,)",0.0323288505276044,5.74542704256632,False,False,False,0.0319099685838145,0.0325440469608512,0.001896858215332,0.6666666666666666,-0.0580268204212188,-0.0221458029362463,0.9516129032258064,0.2338709677419354,0.8572598116900452,0.9452651455546812,0.6292823553085327,0.8198487758636475,0.1666666666666667,1.9013410210609436,0.0,3.677419354838709,0.0,0.0,low_gain
363,11931,2001, Click,▁Click,OK,"(2001,)",0.0174924597544695,3.37487924131014,False,False,False,0.0177439116342093,0.0179779069718494,0.0018875002861022,0.3602150537634409,-0.0481158643960952,-0.0133873913236843,0.9838709677419356,0.1209677419354838,0.92311998100461,0.9688623131392604,0.6292823553085327,0.8198487758636475,0.5497311827956989,1.4057932198047638,0.0,1.4193548387096773,0.0,0.0,low_gain
364,6889,966, almost,▁almost,OK,"(966,)",0.0212355401567233,2.6620869687808457,False,False,False,0.0199295620444,0.0201173971096674,0.0018868744373321,0.4301075268817204,-0.0431342124938964,-0.0122484606440349,0.9946236559139784,0.1021505376344086,0.910454356093614,0.9707883556254916,0.6292823553085327,0.8198487758636475,0.4623655913978495,1.1567106246948242,0.0,1.043010752688172,0.0,0.0,low_gain
365,28886,19239, stickers,▁stickers,OK,"(19239,)",0.0196162781407756,6.497958431961716,False,False,False,0.0188711452227766,0.0194678261715878,0.0018857419490814,0.4193548387096774,-0.0647441148757934,-0.0224309111795117,0.989247311827957,0.239247311827957,0.87642058497006,0.966029897718332,0.6292823553085327,0.8198487758636475,0.4758064516129032,2.2372057437896724,0.0,3.78494623655914,0.0,0.0,low_gain
366,19600,8565, difficulty,▁difficulty,OK,"(8565,)",0.0281339944610672,4.445266072788545,False,False,False,0.0237702695272302,0.0240447825642042,0.001885712146759,0.5806451612903226,-0.055679515004158,-0.0183545242073715,0.9838709677419356,0.1693548387096774,0.8767482229821493,0.9647458693941776,0.6292823553085327,0.8198487758636475,0.2741935483870967,1.7839757502079008,0.0,2.387096774193548,0.0,0.0,low_gain
367,23282,10302, differently,▁differently,OK,"(10302,)",0.0236353307962417,5.0591486128427645,False,False,False,0.0285712555851987,0.028949122114848,0.0018786191940307,0.5,-0.06486576795578,-0.0189444217630611,0.956989247311828,0.1720430107526881,0.8396769750697312,0.9527427222659324,0.6292823553085327,0.8198487758636475,0.375,2.243288397789001,0.0,2.4408602150537635,0.0,0.0,low_gain
368,16946,10553, excuse,▁excuse,OK,"(10553,)",0.0301402734412301,4.056986528378661,False,False,False,0.0272912304568034,0.0275805095831553,0.0018773674964904,0.6129032258064516,-0.0476451069116592,-0.0153696847859249,0.9946236559139784,0.1720430107526881,0.8595967523077583,0.966439024390244,0.6292823553085327,0.8198487758636475,0.2338709677419355,1.382255345582962,0.0,2.4408602150537635,0.0,0.0,low_gain
369,29153,10002, Remove,▁Remove,OK,"(10002,)",0.0254305080060035,6.596798109751875,False,False,False,0.0229998807753286,0.0235002963773665,0.0018646717071533,0.532258064516129,-0.0609413385391235,-0.0237712837675566,0.9838709677419356,0.260752688172043,0.8724356112798264,0.9547694728560188,0.6292823553085327,0.8198487758636475,0.3346774193548388,2.0470669269561763,0.0,4.21505376344086,0.0,0.0,low_gain
370,7,841, someone,▁someone,OK,"(841,)",0.0146951130721517,0.7969815676571221,False,False,False,0.013424408531958,0.0139315677906877,0.0018630623817443,0.2795698924731182,-0.0229288786649703,-0.004592792641732,1.0,0.0349462365591397,0.92720249938721,0.9820361919748228,0.6292823553085327,0.8198487758636475,0.6505376344086022,0.1464439332485198,0.0,0.0,0.0,0.0,high_preservation+low_gain
371,25671,21094,Graph,Graph,OK,"(21094,)",0.021886037730722,5.548621819544864,False,False,False,0.0215649829115918,0.0220576768280357,0.0018620789051055,0.4623655913978494,-0.0618864148855209,-0.0209563377723898,0.9623655913978496,0.2016129032258064,0.88172996766268,0.9556695515342248,0.6292823553085327,0.8198487758636475,0.4220430107526882,2.0943207442760463,0.0,3.032258064516129,0.0,0.0,low_gain
372,31548,16887, Nokia,▁Nokia,OK,"(16887,)",0.0238758969130695,8.313086968275808,False,False,False,0.0225601151425351,0.023105905261091,0.0018516182899475,0.521505376344086,-0.0810198038816452,-0.030147946329527,0.956989247311828,0.2956989247311828,0.8593042362877766,0.9385995279307632,0.6292823553085327,0.8198487758636475,0.3481182795698925,3.05099019408226,0.0,4.913978494623656,0.0,0.0,low_gain
373,23877,8263, opposition,▁opposition,OK,"(8263,)",0.0252254555943191,5.183493483451105,False,False,False,0.025232910148559,0.0254235626548849,0.0018457770347595,0.521505376344086,-0.053911805152893,-0.0181802950238668,0.989247311827957,0.2069892473118279,0.8506594891875178,0.962486231313926,0.6292823553085327,0.8198487758636475,0.3481182795698925,1.695590257644653,0.0,3.139784946236559,0.0,0.0,low_gain
374,28141,10888, hesitate,▁hesitate,OK,"(10888,)",0.0294249484135258,6.239600532157446,False,False,False,0.0264793495016713,0.0271073546140424,0.001839280128479,0.6129032258064516,-0.0611898601055145,-0.0241728841617543,0.967741935483871,0.2473118279569892,0.8570599705063809,0.9604594807238396,0.6292823553085327,0.8198487758636475,0.2338709677419355,2.059493005275726,0.0,3.946236559139785,0.0,0.0,low_gain
375,21124,9007, semaine,▁semaine,OK,"(9007,)",0.0131598548863523,4.683946263405584,False,False,False,0.0160640412440863,0.0163309659047793,0.0018343925476074,0.2849462365591398,-0.0584369897842407,-0.0178052353602583,0.9623655913978496,0.1559139784946236,0.9146802696011336,0.9688434303697874,0.6292823553085327,0.8198487758636475,0.6438172043010754,1.921849489212036,0.0,2.118279569892473,0.0,0.0,low_gain
376,19614,24407, hardship,▁hardship,OK,"(24407,)",0.0250892187478721,4.44741553324525,False,False,False,0.0248878572576789,0.025373859751609,0.0018336772918701,0.521505376344086,-0.0563945472240448,-0.016103123785347,0.9946236559139784,0.1639784946236559,0.8742074124816772,0.9615420928402832,0.6292823553085327,0.8198487758636475,0.3481182795698925,1.81972736120224,0.0,2.279569892473118,0.0,0.0,low_gain
377,23434,6950, Map,▁Map,OK,"(6950,)",0.0223706301982684,5.088050075115696,False,False,False,0.0208082545188165,0.0213926886358568,0.0018323361873626,0.4623655913978494,-0.0515997111797332,-0.019427006283114,0.978494623655914,0.2043010752688172,0.890778440586502,0.9601762391817464,0.6292823553085327,0.8198487758636475,0.4220430107526882,1.5799855589866636,0.0,3.086021505376344,0.0,0.0,low_gain
378,28364,19678, excluded,▁excluded,OK,"(19678,)",0.0299799650266606,6.306439780419872,False,False,False,0.0277136259822435,0.0283325487567532,0.0018294155597686,0.6236559139784946,-0.0606449246406555,-0.0248136023680369,0.956989247311828,0.2526881720430107,0.8695718850519178,0.9559653815892996,0.6292823553085327,0.8198487758636475,0.2204301075268817,2.0322462320327754,0.0,4.053763440860215,0.0,0.0,low_gain
379,24756,6170,7%,7%,OK,"(6170,)",0.0240854355276271,5.356382581495469,False,False,False,0.0220566281387882,0.0222395906845728,0.0018262267112731,0.5053763440860215,-0.0601921677589416,-0.0210680871881464,0.9838709677419356,0.1989247311827957,0.8736411957946284,0.9625554681353266,0.6292823553085327,0.8198487758636475,0.3682795698924732,2.009608387947082,0.0,2.978494623655914,0.0,0.0,low_gain
380,27213,17313, tolerance,▁tolerance,OK,"(17313,)",0.0235650546848773,5.934863109421986,False,False,False,0.0243063690841838,0.0246644109807988,0.0018238425254821,0.5,-0.0651757568120956,-0.0215195459063335,0.9946236559139784,0.2150537634408602,0.8630546895164248,0.962077104642014,0.6292823553085327,0.8198487758636475,0.375,2.2587878406047817,0.0,3.301075268817204,0.0,0.0,low_gain
381,18275,7891, shade,▁shade,OK,"(7891,)",0.0206622954658282,4.243992286343728,False,False,False,0.01997150624952,0.0204976242716594,0.0018202662467956,0.4301075268817204,-0.0532669425010681,-0.0160198990375764,0.989247311827957,0.1559139784946236,0.8836413271331705,0.9713359559402044,0.6292823553085327,0.8198487758636475,0.4623655913978495,1.6633471250534055,0.0,2.118279569892473,0.0,0.0,low_gain
382,24527,13217, amateur,▁amateur,OK,"(13217,)",0.0214533921771792,5.311534087183654,False,False,False,0.0186636407849609,0.0190960936328416,0.0018173456192016,0.4462365591397849,-0.0535156279802322,-0.017996790908998,0.989247311827957,0.2096774193548387,0.8636595551519316,0.9702659323367426,0.6292823553085327,0.8198487758636475,0.4422043010752688,1.6757813990116115,0.0,3.193548387096774,0.0,0.0,low_gain
383,26679,2721, Thursday,▁Thursday,OK,"(2721,)",0.0182414271818694,5.793514342718226,False,False,False,0.018084555543879,0.0185275596957052,0.0018158555030822,0.3924731182795699,-0.0639616847038269,-0.0226254485627656,0.956989247311828,0.2043010752688172,0.886745624249876,0.9659228953579856,0.6292823553085327,0.8198487758636475,0.5094086021505376,2.1980842351913448,0.0,3.086021505376344,0.0,0.0,low_gain
384,11870,8488, puțin,▁puțin,OK,"(8488,)",0.0181137887700911,3.36592899983929,False,False,False,0.0180166235534093,0.0184153225473178,0.0018143951892852,0.3709677419354839,-0.0449798703193664,-0.0142837628241508,0.978494623655914,0.1290322580645161,0.9138685974120996,0.965771833202203,0.6292823553085327,0.8198487758636475,0.5362903225806451,1.2489935159683228,0.0,1.5806451612903225,0.0,0.0,low_gain
385,20111,29585,opposition,opposition,OK,"(29585,)",0.0231123109338104,4.523052593713166,False,False,False,0.0230740137318129,0.0233807382724618,0.0018141269683837,0.478494623655914,-0.0525309443473815,-0.0183271797754431,0.989247311827957,0.1747311827956989,0.8506594891875178,0.9632730133752948,0.6292823553085327,0.8198487758636475,0.4018817204301075,1.6265472173690794,0.0,2.4946236559139785,0.0,0.0,low_gain
386,20568,761, training,▁training,OK,"(761,)",0.0224623662169261,4.597856647224837,False,False,False,0.0205883635308152,0.0211981075104846,0.001810222864151,0.4623655913978494,-0.0493227243423461,-0.0181255798826935,0.9946236559139784,0.1854838709677419,0.8633505996785009,0.9742627852084972,0.6292823553085327,0.8198487758636475,0.4220430107526882,1.4661362171173096,0.0,2.709677419354839,0.0,0.0,low_gain
387,19864,15240, warned,▁warned,OK,"(15240,)",0.0216724722856475,4.486706304614262,False,False,False,0.0210133613117279,0.0214465324596692,0.0018097162246704,0.4516129032258064,-0.0543577820062637,-0.0175584096421477,0.9838709677419356,0.1666666666666666,0.8978375625573592,0.9626750590086544,0.6292823553085327,0.8198487758636475,0.435483870967742,1.7178891003131864,0.0,2.333333333333333,0.0,0.0,low_gain
388,8632,28310, Illustration,▁Illustration,OK,"(28310,)",0.0241946374296501,2.9242960736956647,False,False,False,0.0206050409745144,0.0210839658975601,0.0018017292022705,0.4946236559139785,-0.0467654913663864,-0.0155941042848812,0.978494623655914,0.1102150537634408,0.9010704533880252,0.9666404405979544,0.6292823553085327,0.8198487758636475,0.3817204301075269,1.338274568319321,0.0,1.204301075268817,0.0,0.0,low_gain
389,31252,23978, £5,▁£5,OK,"(23978,)",0.0220604344721763,7.884343037041284,False,False,False,0.0212575682709293,0.0215791443022348,0.0017982721328735,0.4677419354838709,-0.0624986886978149,-0.0286066000179577,0.9623655913978496,0.3172043010752688,0.8612504226075836,0.9612336742722264,0.6292823553085327,0.8198487758636475,0.4153225806451613,2.124934434890746,0.0,5.344086021505376,0.0,0.0,low_gain
390,14580,12540, humanity,▁humanity,OK,"(12540,)",0.020050070546968,3.727542600644532,False,False,False,0.0180483976359008,0.0184802281600172,0.0017937421798706,0.4086021505376344,-0.0434755831956863,-0.0143357992813151,0.9946236559139784,0.1532258064516129,0.9085739423447414,0.97282769472856,0.6292823553085327,0.8198487758636475,0.489247311827957,1.173779159784317,0.0,2.064516129032258,0.0,0.0,low_gain
391,29063,29256, Potato,▁Potato,OK,"(29256,)",0.024973562640208,6.561915351818966,False,False,False,0.0214648368538066,0.0218596695571817,0.0017895102500915,0.521505376344086,-0.0578243285417556,-0.0237698263378553,0.978494623655914,0.2661290322580645,0.862105274186915,0.9573501180173092,0.6292823553085327,0.8198487758636475,0.3481182795698925,1.891216427087784,0.0,4.32258064516129,0.0,0.0,low_gain
392,22576,1396, internet,▁internet,OK,"(1396,)",0.0219594023400737,4.930291494374634,False,False,False,0.0192566108639522,0.0193917762528183,0.0017875432968139,0.4516129032258064,-0.0481757223606109,-0.0182990925286405,0.978494623655914,0.2043010752688172,0.8967655744268215,0.96597476943435,0.6292823553085327,0.8198487758636475,0.435483870967742,1.408786118030548,0.0,3.086021505376344,0.0,0.0,low_gain
393,29274,16271, Fehler,▁Fehler,OK,"(16271,)",0.0252021675709114,6.641720055572447,False,False,False,0.0209649309355725,0.0213563555991777,0.0017820596694946,0.5268817204301075,-0.0584795624017715,-0.023457371739931,0.956989247311828,0.2688172043010752,0.8921517695064668,0.9612147915027536,0.6292823553085327,0.8198487758636475,0.3413978494623657,1.923978120088577,0.0,4.376344086021505,0.0,0.0,low_gain
394,21581,1268, hair,▁hair,OK,"(1268,)",0.0191175451922801,4.760397582605321,False,False,False,0.0177232852225662,0.0181441270215536,0.0017798244953155,0.4032258064516129,-0.0564713925123214,-0.0167789577796895,0.9731182795698924,0.1720430107526881,0.8978368394575217,0.970750590086546,0.6292823553085327,0.8198487758636475,0.4959677419354839,1.8235696256160732,0.0,2.4408602150537635,0.0,0.0,low_gain
395,27387,19684, (30,▁(30,OK,"(19684,)",0.0209570603184802,5.990926922649464,False,False,False,0.0203678539042831,0.021011505876818,0.00177863240242,0.4408602150537634,-0.0572916567325592,-0.0224200977433112,0.9731182795698924,0.2338709677419354,0.8530277149410576,0.9656081825334382,0.6292823553085327,0.8198487758636475,0.4489247311827957,1.86458283662796,0.0,3.677419354838709,0.0,0.0,low_gain
396,27585,21643, outdated,▁outdated,OK,"(21643,)",0.0299211297704968,6.047835349716166,False,False,False,0.0284429096406505,0.0288621119914516,0.0017740726470947,0.6182795698924731,-0.0553384274244308,-0.0238335097348818,0.967741935483871,0.2526881720430107,0.8499966575078939,0.9520062942564907,0.6292823553085327,0.8198487758636475,0.2271505376344086,1.766921371221542,0.0,4.053763440860215,0.0,0.0,low_gain
397,25994,10617, instructor,▁instructor,OK,"(10617,)",0.0190937013555598,5.624593218808533,False,False,False,0.0203454766863135,0.0209707348577437,0.0017666816711425,0.4086021505376344,-0.0620617568492889,-0.0210737448225739,0.9838709677419356,0.2016129032258064,0.8953356223624378,0.943597167584579,0.6292823553085327,0.8198487758636475,0.489247311827957,2.1030878424644466,0.0,3.032258064516129,0.0,0.0,low_gain
398,12792,20660, Trial,▁Trial,OK,"(20660,)",0.0144788528001436,3.4870039468170493,False,False,False,0.0178959783046476,0.0181577747227043,0.0017615556716918,0.3010752688172043,-0.0467293262481689,-0.0148474378611451,0.9946236559139784,0.1263440860215053,0.9076397268689584,0.9620959874114868,0.6292823553085327,0.8198487758636475,0.6236559139784946,1.3364663124084473,0.0,1.5268817204301073,0.0,0.0,low_gain
399,19732,3915, reduced,▁reduced,OK,"(3915,)",0.0232171994623958,4.467039976389177,False,False,False,0.0196012242506909,0.02006620553232,0.0017554759979248,0.478494623655914,-0.0492601543664932,-0.0170507350916503,0.989247311827957,0.1801075268817204,0.9002667648114829,0.9692525570416992,0.6292823553085327,0.8198487758636475,0.4018817204301075,1.4630077183246613,0.0,2.602150537634409,0.0,0.0,low_gain
400,27848,20832, objection,▁objection,OK,"(20832,)",0.0307525232033703,6.136112680678727,False,False,False,0.0295085435913455,0.0298913178905364,0.001752883195877,0.6397849462365591,-0.0597921460866928,-0.0224818536030348,0.9623655913978496,0.2473118279569892,0.8395403239575817,0.9533721479150272,0.6292823553085327,0.8198487758636475,0.2002688172043011,1.9896073043346405,0.0,3.946236559139785,0.0,0.0,low_gain
401,4043,26292, menschliche,▁menschliche,OK,"(26292,)",0.0195036374913748,2.2035616873413,False,False,False,0.0194071486432065,0.0197083027132095,0.0017461776733398,0.3924731182795699,-0.037323921918869,-0.0111148998301516,0.9946236559139784,0.0913978494623656,0.8927053245677893,0.9672698662470494,0.6292823553085327,0.8198487758636475,0.5094086021505376,0.8661960959434509,0.0,0.8279569892473118,0.0,0.0,low_gain
402,23314,1218, computer,▁computer,OK,"(1218,)",0.0189535596357878,5.065258883660839,False,False,False,0.0183616589794876,0.0185773681889298,0.0017459690570831,0.3924731182795699,-0.0483213067054748,-0.0195726630508258,0.967741935483871,0.2069892473118279,0.872010295761115,0.9704107002360344,0.6292823553085327,0.8198487758636475,0.5094086021505376,1.416065335273743,0.0,3.139784946236559,0.0,0.0,low_gain
403,14018,1620, Web,▁Web,OK,"(1620,)",0.0153466773369619,3.651920287519373,False,False,False,0.0154582704267194,0.0158012704823606,0.0017459094524383,0.3225806451612903,-0.0505652874708175,-0.0133632857312438,0.9838709677419356,0.1263440860215053,0.9144161020462104,0.958552321007081,0.6292823553085327,0.8198487758636475,0.5967741935483871,1.5282643735408783,0.0,1.5268817204301073,0.0,0.0,low_gain
404,17183,431, 6,▁6,OK,"(431,)",0.015067689345088,4.092511532768127,False,False,False,0.0160801288902118,0.0163973951211539,0.001739501953125,0.3172043010752688,-0.0506405532360076,-0.0160076002920827,1.0,0.1478494623655914,0.9189684877517956,0.9684217151848936,0.6292823553085327,0.8198487758636475,0.603494623655914,1.5320276618003843,0.0,1.956989247311828,0.0,0.0,low_gain
405,25696,28742, misconduct,▁misconduct,OK,"(28742,)",0.0228033594546779,5.556126763743738,False,False,False,0.0217303500701022,0.022165324579003,0.0017385184764862,0.4838709677419355,-0.0625741481781005,-0.0212457260136963,0.9731182795698924,0.2016129032258064,0.8908587932113026,0.9685916601101492,0.6292823553085327,0.8198487758636475,0.3951612903225807,2.128707408905029,0.0,3.032258064516129,0.0,0.0,low_gain
406,28613,22385, sticker,▁sticker,OK,"(22385,)",0.0221894959208144,6.395474886701953,False,False,False,0.0187934656297006,0.0192261601007112,0.001735508441925,0.4731182795698925,-0.0640385299921035,-0.0232617976844951,0.9623655913978496,0.239247311827957,0.8806882169110621,0.9619763965381588,0.6292823553085327,0.8198487758636475,0.4086021505376344,2.2019264996051784,0.0,3.78494623655914,0.0,0.0,low_gain
407,28616,4601, Instagram,▁Instagram,OK,"(4601,)",0.0196616718044845,6.397207050554213,False,False,False,0.0187732559698884,0.0194011614207298,0.0017295777797698,0.4247311827956989,-0.0660893023014068,-0.0233250827558578,0.9731182795698924,0.2311827956989247,0.8601185500047887,0.965230527143981,0.6292823553085327,0.8198487758636475,0.4690860215053763,2.3044651150703426,0.0,3.623655913978494,0.0,0.0,low_gain
408,20956,14092, Independent,▁Independent,OK,"(14092,)",0.0238938410996749,4.654800651214456,False,False,False,0.0236821437394747,0.0240182588177342,0.0017260611057281,0.4946236559139785,-0.0512680560350418,-0.0197803554355457,0.9838709677419356,0.1854838709677419,0.8356006251714594,0.95775295043273,0.6292823553085327,0.8198487758636475,0.3817204301075269,1.5634028017520902,0.0,2.709677419354839,0.0,0.0,low_gain
409,31849,15856, Avoid,▁Avoid,OK,"(15856,)",0.0260648092515366,9.077567482355562,False,False,False,0.0268302034306269,0.0279268561511911,0.0017241537570953,0.5591397849462365,-0.0723266750574112,-0.0318437574371214,0.9408602150537636,0.3575268817204301,0.8330945677346066,0.9435279307631784,0.6292823553085327,0.8198487758636475,0.3010752688172044,2.6163337528705592,0.0096208262591962,6.150537634408602,0.0,0.0,low_gain
410,31863,25659, $60,▁$60,OK,"(25659,)",0.0274449165950539,9.16825085574783,False,False,False,0.0248348272295408,0.0256458926264957,0.0017231702804565,0.5860215053763441,-0.0715865790843963,-0.0343221599055874,0.9408602150537636,0.3655913978494624,0.8086634296389179,0.9553611329661684,0.6292823553085327,0.8198487758636475,0.2674731182795699,2.5793289542198177,0.0096208262591962,6.311827956989247,0.0,0.0,low_gain
411,23287,23042, typo,▁typo,OK,"(23042,)",0.0274339361376659,5.060298447326947,False,False,False,0.0240375659158152,0.0244771246948549,0.0017200410366058,0.5591397849462365,-0.0448618829250335,-0.0198284493338677,1.0,0.2258064516129032,0.8583762483248802,0.9608182533438238,0.6292823553085327,0.8198487758636475,0.3010752688172044,1.2430941462516785,0.0,3.516129032258064,0.0,0.0,low_gain
412,21353,6401, opposite,▁opposite,OK,"(6401,)",0.0224442037042751,4.722175224493908,False,False,False,0.0216006252073472,0.0219443450050969,0.0017147660255432,0.4731182795698925,-0.0585295259952545,-0.0174605718222997,0.978494623655914,0.1693548387096774,0.8817488272870135,0.9661117230527144,0.6292823553085327,0.8198487758636475,0.4086021505376344,1.9264762997627256,0.0,2.387096774193548,0.0,0.0,low_gain
413,21610,21744, visualization,▁visualization,OK,"(21744,)",0.025813986665459,4.766042932387322,False,False,False,0.0237127095460891,0.0242825581501889,0.0017144381999969,0.5376344086021505,-0.0556434392929077,-0.0182428863099826,0.989247311827957,0.1827956989247312,0.8879640917474977,0.9638206136900076,0.6292823553085327,0.8198487758636475,0.3279569892473119,1.7821719646453855,0.0,2.655913978494624,0.0,0.0,low_gain
414,31280,31334,Vaccin,Vaccin,OK,"(31334,)",0.0249382106366977,7.912907104979278,False,False,False,0.0241095675255662,0.0245817693010453,0.0017140209674835,0.5268817204301075,-0.0623979270458221,-0.0290479926011895,0.967741935483871,0.3225806451612903,0.8495912788847028,0.9581746656176238,0.6292823553085327,0.8198487758636475,0.3413978494623657,2.1198963522911067,0.0,5.451612903225806,0.0,0.0,low_gain
415,23946,8986, paragraph,▁paragraph,OK,"(8986,)",0.0209283822887046,5.197238950639642,False,False,False,0.0206271807352701,0.0208188272932524,0.0017089545726776,0.4408602150537634,-0.0564716607332229,-0.0204663456127207,0.9731182795698924,0.1962365591397849,0.8876672813999097,0.963386309992132,0.6292823553085327,0.8198487758636475,0.4489247311827957,1.823583036661148,0.0,2.924731182795699,0.0,0.0,low_gain
416,31247,11337, Christians,▁Christians,OK,"(11337,)",0.0233912495195224,7.881744345029194,False,False,False,0.0212547468241824,0.0216931755183845,0.0017084777355194,0.4946236559139785,-0.0609682202339172,-0.0301196479028271,0.967741935483871,0.3225806451612903,0.857046851409329,0.9637199055861524,0.6292823553085327,0.8198487758636475,0.3817204301075269,2.0484110116958614,0.0,5.451612903225806,0.0,0.0,low_gain
417,31509,30629, Slovakia,▁Slovakia,OK,"(30629,)",0.0176683888720568,8.245799592425746,False,False,False,0.017944705261979,0.018293597845621,0.0017058551311492,0.3924731182795699,-0.0732224434614181,-0.0299452117053411,0.9516129032258064,0.303763440860215,0.8797579415915369,0.9632667191188038,0.6292823553085327,0.8198487758636475,0.5094086021505376,2.661122173070907,0.0,5.075268817204301,0.0,0.0,low_gain
418,17717,30901,Editura,Editura,OK,"(30901,)",0.0155926600018496,4.165286658592121,False,False,False,0.0181751081379511,0.0185638060492853,0.001705527305603,0.3279569892473118,-0.05021433532238,-0.0167615269460985,0.9946236559139784,0.1532258064516129,0.898769106990885,0.9628764752163648,0.6292823553085327,0.8198487758636475,0.5900537634408602,1.5107167661190033,0.0,2.064516129032258,0.0,0.0,low_gain
419,26101,14251,pixel,pixel,OK,"(14251,)",0.0213176845783187,5.649912680669497,False,False,False,0.0198961477125844,0.0203902102926725,0.0017041563987731,0.4516129032258064,-0.0593423396348953,-0.0217545477933781,0.967741935483871,0.2123655913978494,0.8688378501740086,0.9642549173878836,0.6292823553085327,0.8198487758636475,0.435483870967742,1.967116981744766,0.0,3.247311827956989,0.0,0.0,low_gain
420,26206,7967, comic,▁comic,OK,"(7967,)",0.0239706948399543,5.676536090271447,False,False,False,0.0204571014450442,0.021073612154171,0.0017023384571075,0.5,-0.0546328723430633,-0.0219476803015637,0.9731182795698924,0.2284946236559139,0.8898070813904946,0.9637576711250982,0.6292823553085327,0.8198487758636475,0.375,1.7316436171531675,0.0,3.569892473118279,0.0,0.0,low_gain
421,30503,27252, contradiction,▁contradiction,OK,"(27252,)",0.0279804958771633,7.271279034198983,False,False,False,0.0277926790457899,0.0282705945353354,0.0017012655735015,0.5913978494623656,-0.0658132433891296,-0.0279302930319181,0.9301075268817204,0.2849462365591398,0.8376310452437667,0.9602832415420928,0.6292823553085327,0.8198487758636475,0.260752688172043,2.290662169456481,0.0209394453876627,4.698924731182796,0.0,0.0,low_gain
422,24326,30143, bénévole,▁bénévole,OK,"(30143,)",0.0167072562200407,5.270116213508832,False,False,False,0.019218910124994,0.0196806246875434,0.0017004907131195,0.3548387096774194,-0.0547033995389938,-0.0184330395472946,0.989247311827957,0.1989247311827957,0.9139776084018892,0.9620267505900864,0.6292823553085327,0.8198487758636475,0.5564516129032258,1.7351699769496916,0.0,2.978494623655914,0.0,0.0,low_gain
423,26494,30041, mammals,▁mammals,OK,"(30041,)",0.0242488712312713,5.750936413644462,False,False,False,0.0218625818529436,0.0223663978038295,0.0016987323760986,0.5161290322580645,-0.0651262551546096,-0.0218538529770348,0.956989247311828,0.2069892473118279,0.8942126188005073,0.9600629425649094,0.6292823553085327,0.8198487758636475,0.3548387096774194,2.256312757730484,0.0,3.139784946236559,0.0,0.0,low_gain
424,14300,7528, clicking,▁clicking,OK,"(7528,)",0.0208197567812217,3.6908452802447855,False,False,False,0.0184291988931676,0.0187416070251054,0.0016933977603912,0.4301075268817204,-0.0475803464651107,-0.0150961017095914,0.978494623655914,0.1424731182795699,0.8851694289326413,0.9714744295830054,0.6292823553085327,0.8198487758636475,0.4623655913978495,1.379017323255539,0.0,1.849462365591398,0.0,0.0,low_gain
425,12279,20440, visuel,▁visuel,OK,"(20440,)",0.0180873819336455,3.4198286260968893,False,False,False,0.0179239960126979,0.0183580610700832,0.0016873180866241,0.3763440860215054,-0.0483428090810775,-0.0137516852988991,0.989247311827957,0.1236559139784946,0.8990153593784056,0.9617560975609756,0.6292823553085327,0.8198487758636475,0.5295698924731183,1.4171404540538788,0.0,1.4731182795698925,0.0,0.0,low_gain
426,7289,4777, edit,▁edit,OK,"(4777,)",0.0170905570429499,2.727530780979382,False,False,False,0.0160211972011032,0.0162873075854393,0.0016850233078002,0.3494623655913978,-0.0413516908884048,-0.0122762287175783,0.989247311827957,0.1048387096774193,0.908854209938904,0.9740865460267504,0.6292823553085327,0.8198487758636475,0.5631720430107526,1.0675845444202423,0.0,1.096774193548387,0.0,0.0,low_gain
427,29192,21760, controversy,▁controversy,OK,"(21760,)",0.0296440955772194,6.609422476060928,False,False,False,0.0312655159542637,0.0317013677089445,0.0016822814941406,0.6182795698924731,-0.0590432882308959,-0.0258767646487041,0.9516129032258064,0.271505376344086,0.8534786636111517,0.9631660110149488,0.6292823553085327,0.8198487758636475,0.2271505376344086,1.9521644115448,0.0,4.43010752688172,0.0,0.0,low_gain
428,19806,27062, pantalon,▁pantalon,OK,"(27062,)",0.0216047077650024,4.479369024115224,False,False,False,0.0195152150687351,0.0199003386241133,0.001680850982666,0.4516129032258064,-0.0531357675790786,-0.0158208073467336,0.978494623655914,0.1693548387096774,0.9026357284219998,0.9596601101494884,0.6292823553085327,0.8198487758636475,0.435483870967742,1.6567883789539335,0.0,2.387096774193548,0.0,0.0,low_gain
429,18964,10753, offense,▁offense,OK,"(10753,)",0.0228352447030364,4.344083379673702,False,False,False,0.019339257670987,0.0197563709751252,0.0016806721687316,0.478494623655914,-0.0554031729698181,-0.0173302988211313,0.9731182795698924,0.1586021505376344,0.9091285746772504,0.966136900078678,0.6292823553085327,0.8198487758636475,0.4018817204301075,1.7701586484909055,0.0,2.172043010752688,0.0,0.0,low_gain
430,21394,17896, anonymous,▁anonymous,OK,"(17896,)",0.0199484776665446,4.729598718625243,False,False,False,0.0187804646069003,0.0190260703525235,0.0016794204711914,0.4139784946236559,-0.0485973507165908,-0.0185394165336444,0.9946236559139784,0.1908602150537634,0.9048290525577,0.9720723839496458,0.6292823553085327,0.8198487758636475,0.4825268817204301,1.429867535829544,0.0,2.817204301075269,0.0,0.0,low_gain
431,29711,5157, injuries,▁injuries,OK,"(5157,)",0.0206544838124705,6.838699261313721,False,False,False,0.0215078839050826,0.0220483551102299,0.0016768276691436,0.4516129032258064,-0.0720597803592681,-0.0237531979237833,0.935483870967742,0.239247311827957,0.8830569148930675,0.9509110936270652,0.6292823553085327,0.8198487758636475,0.435483870967742,2.602989017963409,0.0152801358234295,3.78494623655914,0.0,0.0,low_gain
432,4512,8218, 1-,▁1-,OK,"(8218,)",0.0118513898102826,2.287189527544924,False,False,False,0.0143582216834509,0.0148688207070032,0.0016708374023437,0.2365591397849462,-0.0329480916261673,-0.0118255291574744,1.0,0.0967741935483871,0.911731999720795,0.9756223446105426,0.6292823553085327,0.8198487758636475,0.7043010752688172,0.6474045813083649,0.0,0.9354838709677418,0.0,0.0,low_gain
433,2818,6277, frei,▁frei,OK,"(6277,)",0.0138518720064111,1.950870603002528,False,False,False,0.0158996066098572,0.0160327002566347,0.0016683340072631,0.2795698924731182,-0.035899132490158,-0.0091600844296075,1.0,0.075268817204301,0.9217480687700412,0.9689819040125884,0.6292823553085327,0.8198487758636475,0.6505376344086022,0.794956624507904,0.0,0.5053763440860215,0.0,0.0,low_gain
434,31209,27254, poultry,▁poultry,OK,"(27254,)",0.0236440601528331,7.841513920855778,False,False,False,0.0226908095421329,0.0233125343758572,0.0016656816005706,0.5053763440860215,-0.0658087730407714,-0.027033685035603,0.9623655913978496,0.3091397849462365,0.8643950805009338,0.951741935483871,0.6292823553085327,0.8198487758636475,0.3682795698924732,2.2904386520385738,0.0,5.182795698924731,0.0,0.0,low_gain
435,17137,11215, shades,▁shades,OK,"(11215,)",0.0179941361709948,4.086784566281944,False,False,False,0.0174949178772587,0.0181045591510752,0.0016629099845886,0.3709677419354839,-0.0443432182073593,-0.0164304526262385,0.989247311827957,0.1666666666666666,0.8974269746639101,0.9768056648308416,0.6292823553085327,0.8198487758636475,0.5362903225806451,1.2171609103679657,0.0,2.333333333333333,0.0,0.0,low_gain
436,30110,15986, vague,▁vague,OK,"(15986,)",0.0292877469732556,7.0489792666768505,False,False,False,0.0299784169402173,0.030529051057754,0.0016579627990722,0.6182795698924731,-0.0656838864088058,-0.0259098583652127,0.9838709677419356,0.2768817204301075,0.8502488275083706,0.9479968528717546,0.6292823553085327,0.8198487758636475,0.2271505376344086,2.284194320440292,0.0,4.53763440860215,0.0,0.0,low_gain
437,28649,9268, delete,▁delete,OK,"(9268,)",0.0257743736749054,6.4081432819366455,False,False,False,0.0237662261852654,0.0244305590468068,0.0016569793224334,0.543010752688172,-0.0606628656387329,-0.0237319036837547,0.9838709677419356,0.2526881720430107,0.8576550669155116,0.9539071597167582,0.6292823553085327,0.8198487758636475,0.321236559139785,2.033143281936645,0.0,4.053763440860215,0.0,0.0,low_gain
438,25418,17759, Schweiz,▁Schweiz,OK,"(17759,)",0.016964055894203,5.492538383250595,False,False,False,0.0177769808359043,0.0181631484339314,0.0016555190086364,0.3655913978494624,-0.0594206601381301,-0.020943013891097,0.9623655913978496,0.1989247311827957,0.8826686102803253,0.967200629425649,0.6292823553085327,0.8198487758636475,0.543010752688172,1.9710330069065087,0.0,2.978494623655914,0.0,0.0,low_gain
439,28333,28963, unwilling,▁unwilling,OK,"(28963,)",0.0266073063977303,6.297232115781435,False,False,False,0.0272772283323349,0.0280372868942958,0.0016531944274902,0.5645161290322581,-0.0654338896274566,-0.0237544201394563,0.989247311827957,0.2365591397849462,0.8544635551041185,0.955543666404406,0.6292823553085327,0.8198487758636475,0.2943548387096774,2.271694481372833,0.0,3.731182795698925,0.0,0.0,low_gain
440,27017,30908, Sexual,▁Sexual,OK,"(30908,)",0.0212549869411735,5.882051633250329,False,False,False,0.0210105704684411,0.0215032252893652,0.0016518235206604,0.4462365591397849,-0.0541732907295227,-0.0222044728135549,0.9838709677419356,0.2365591397849462,0.8751673053802612,0.9546435877261996,0.6292823553085327,0.8198487758636475,0.4422043010752688,1.708664536476135,0.0,3.731182795698925,0.0,0.0,low_gain
441,29496,11457, grape,▁grape,OK,"(11457,)",0.0212927447611926,6.741672401466676,False,False,False,0.0191313733336746,0.0194442816959914,0.0016486644744873,0.4569892473118279,-0.0641076415777206,-0.0254343296250989,0.9731182795698924,0.2553763440860215,0.8585130174941463,0.9539889850511408,0.6292823553085327,0.8198487758636475,0.4287634408602151,2.205382078886032,0.0,4.10752688172043,0.0,0.0,low_gain
442,20214,18065, Brazilian,▁Brazilian,OK,"(18065,)",0.018103026919147,4.538327041813122,False,False,False,0.017152414046308,0.0173797174807517,0.0016453862190246,0.3817204301075269,-0.0525676161050796,-0.0182601928070027,0.9731182795698924,0.1693548387096774,0.9136329701650484,0.9715562549173878,0.6292823553085327,0.8198487758636475,0.5228494623655914,1.6283808052539823,0.0,2.387096774193548,0.0,0.0,low_gain
443,31174,25143,nonsense,nonsense,OK,"(25143,)",0.0211800912375091,7.8172398844072895,False,False,False,0.0219436771767113,0.0222884503103071,0.0016438364982604,0.4569892473118279,-0.0662641525268554,-0.02794244340671,0.956989247311828,0.303763440860215,0.8628531660188526,0.9562549173878834,0.6292823553085327,0.8198487758636475,0.4287634408602151,2.313207626342773,0.0,5.075268817204301,0.0,0.0,low_gain
444,29424,22842, Volvo,▁Volvo,OK,"(22842,)",0.0231626535295158,6.708065285477586,False,False,False,0.020955918937601,0.0214092042497409,0.001643568277359,0.489247311827957,-0.0588656067848205,-0.0253639583305646,0.9731182795698924,0.2688172043010752,0.8788561918227443,0.9609944925255705,0.6292823553085327,0.8198487758636475,0.3884408602150538,1.943280339241028,0.0,4.376344086021505,0.0,0.0,low_gain
445,16885,6044, loose,▁loose,OK,"(6044,)",0.0184017331289347,4.048498371916432,False,False,False,0.0182246636318904,0.0184623791325476,0.0016289949417114,0.3924731182795699,-0.0570183545351028,-0.0148498672311024,0.9946236559139784,0.1344086021505376,0.8994446298105142,0.9641101494885916,0.6292823553085327,0.8198487758636475,0.5094086021505376,1.850917726755142,0.0,1.6881720430107523,0.0,0.0,low_gain
446,24016,25525, unbelievable,▁unbelievable,OK,"(25525,)",0.0211054661982162,5.208744393561476,False,False,False,0.0195152871711279,0.0199423413122853,0.0016287267208099,0.4408602150537634,-0.0513254255056381,-0.0190528294732493,0.9731182795698924,0.2096774193548387,0.8828160783757586,0.9756852871754524,0.6292823553085327,0.8198487758636475,0.4489247311827957,1.566271275281906,0.0,3.193548387096774,0.0,0.0,low_gain
447,28493,21562, dumb,▁dumb,OK,"(21562,)",0.0201836187592757,6.3539008520623685,False,False,False,0.021030927858045,0.0216408807744262,0.0016235411167144,0.4301075268817204,-0.0589059740304946,-0.0206509806135649,0.9731182795698924,0.2473118279569892,0.885449888369618,0.966023603461841,0.6292823553085327,0.8198487758636475,0.4623655913978495,1.9452987015247345,0.0,3.946236559139785,0.0,0.0,low_gain
448,23746,9413,graph,graph,OK,"(9413,)",0.0175758176192801,5.155047725926163,False,False,False,0.0191603041784737,0.0197471673450162,0.0016206502914428,0.3763440860215054,-0.0572407394647598,-0.0190379805462334,0.9623655913978496,0.1881720430107527,0.8844267168566821,0.9635877261998425,0.6292823553085327,0.8198487758636475,0.5295698924731183,1.862036973237991,0.0,2.763440860215054,0.0,0.0,low_gain
449,1387,10843, somebody,▁somebody,OK,"(10843,)",0.0143164256487482,1.5394396964580783,False,False,False,0.0134720928886885,0.0139816345707062,0.0016206502914428,0.2849462365591398,-0.0310307294130325,-0.006843860431384,1.0,0.0672043010752688,0.9335753848551314,0.9776239181746657,0.6292823553085327,0.8198487758636475,0.6438172043010754,0.5515364706516266,0.0,0.3440860215053762,0.0,0.0,low_gain
450,29558,3075, videos,▁videos,OK,"(3075,)",0.0232819393277168,6.765090218795242,False,False,False,0.0232000959816799,0.02358843402196,0.0016182661056518,0.5,-0.0667265355587005,-0.025017406991733,0.9731182795698924,0.2526881720430107,0.8347129684709286,0.9571864673485444,0.6292823553085327,0.8198487758636475,0.375,2.336326777935028,0.0,4.053763440860215,0.0,0.0,low_gain
451,17832,11936, ridic,▁ridic,OK,"(11936,)",0.0263911416774155,4.182674232349601,False,False,False,0.0209432837142739,0.0212693028552557,0.0016074180603027,0.543010752688172,-0.0473362803459167,-0.0165346396225754,1.0,0.1747311827956989,0.8875345261725989,0.9705743509047992,0.6292823553085327,0.8198487758636475,0.321236559139785,1.3668140172958374,0.0,2.4946236559139785,0.0,0.0,low_gain
452,28946,18216, unfair,▁unfair,OK,"(18216,)",0.0301633551316235,6.522058664791045,False,False,False,0.0302181625238028,0.0307316260953103,0.0016034245491027,0.6397849462365591,-0.0685863345861435,-0.0246980872846418,0.9516129032258064,0.2446236559139785,0.8432551829656568,0.952226593233674,0.6292823553085327,0.8198487758636475,0.2002688172043011,2.4293167293071742,0.0,3.89247311827957,0.0,0.0,low_gain
453,20791,19832,Sadly,Sadly,OK,"(19832,)",0.0242657276571437,4.630350016778515,False,False,False,0.0248662549000914,0.0254248087444613,0.0016030669212341,0.5053763440860215,-0.0521231293678283,-0.0180895040112157,0.978494623655914,0.1827956989247312,0.8730813689490009,0.961944925255704,0.6292823553085327,0.8198487758636475,0.3682795698924732,1.6061564683914182,0.0,2.655913978494624,0.0,0.0,low_gain
454,18685,7599, quotes,▁quotes,OK,"(7599,)",0.0245848064781517,4.304520963340677,False,False,False,0.0233500522951925,0.0236574497915083,0.0016030371189117,0.510752688172043,-0.0511173009872436,-0.0181700526386178,0.9946236559139784,0.1693548387096774,0.8865303323411123,0.9729409913453972,0.6292823553085327,0.8198487758636475,0.3615591397849463,1.5558650493621826,0.0,2.387096774193548,0.0,0.0,low_gain
455,25035,25106, imposibil,▁imposibil,OK,"(25106,)",0.027528122419952,5.415531737830049,False,False,False,0.027815866854883,0.0280560424891851,0.0015915036201477,0.5698924731182796,-0.0511600971221923,-0.0220249804758256,0.967741935483871,0.2284946236559139,0.854593801617707,0.9494067663257276,0.6292823553085327,0.8198487758636475,0.2876344086021505,1.5580048561096191,0.0,3.569892473118279,0.0,0.0,low_gain
456,20694,27374, avatar,▁avatar,OK,"(27374,)",0.0145701889789873,4.6156122604365,False,False,False,0.0165229499019602,0.0167757626823199,0.0015903711318969,0.3064516129032258,-0.0468552559614181,-0.0175675887574431,1.0,0.1827956989247312,0.914892329696338,0.973476003147128,0.6292823553085327,0.8198487758636475,0.6169354838709677,1.3427627980709076,0.0,2.655913978494624,0.0,0.0,low_gain
457,28821,17957, emotionally,▁emotionally,OK,"(17957,)",0.0172475338623087,6.472978176609162,False,False,False,0.0174661192201798,0.0176688419875278,0.0015887916088104,0.3763440860215054,-0.063169240951538,-0.0216036352419084,0.9946236559139784,0.239247311827957,0.8894852724485237,0.9684783634933122,0.6292823553085327,0.8198487758636475,0.5295698924731183,2.158462047576904,0.0,3.78494623655914,0.0,0.0,low_gain
458,29313,15428, Chile,▁Chile,OK,"(15428,)",0.0144403134622881,6.658098346443586,False,False,False,0.0167111132734565,0.0171379637654109,0.0015876591205596,0.3225806451612903,-0.0655275583267211,-0.0233718134382719,0.967741935483871,0.239247311827957,0.8829671619703793,0.9638206136900076,0.6292823553085327,0.8198487758636475,0.5967741935483871,2.276377916336059,0.0,3.78494623655914,0.0,0.0,low_gain
459,29742,5343, YouTube,▁YouTube,OK,"(5343,)",0.0223851414617671,6.855481207370757,False,False,False,0.0188092326605191,0.0192797039785692,0.0015847086906433,0.4731182795698925,-0.0571096241474151,-0.0242720467429007,0.9731182795698924,0.2795698924731182,0.8884375745696708,0.966136900078678,0.6292823553085327,0.8198487758636475,0.4086021505376344,1.8554812073707576,0.0,4.591397849462365,0.0,0.0,low_gain
460,25802,18410, posters,▁posters,OK,"(18410,)",0.0230022094903453,5.579363993419113,False,False,False,0.0201726914733968,0.0207304507493972,0.0015842616558074,0.4838709677419355,-0.0555120110511779,-0.0219496619957749,0.9731182795698924,0.2204301075268817,0.8576479982456715,0.964040912667191,0.6292823553085327,0.8198487758636475,0.3951612903225807,1.7756005525588987,0.0,3.408602150537634,0.0,0.0,low_gain
461,30817,17646, unemployment,▁unemployment,OK,"(17646,)",0.0266589416691692,7.503641356113743,False,False,False,0.0249534899829536,0.0253354061034417,0.0015766322612762,0.5752688172043011,-0.0736226290464401,-0.0292411936867621,0.946236559139785,0.2768817204301075,0.8663699104285904,0.9542407553107788,0.6292823553085327,0.8198487758636475,0.2809139784946236,2.681131452322006,0.0039615166949631,4.53763440860215,0.0,0.0,low_gain
462,29885,29541,Thousands,Thousands,OK,"(29541,)",0.0223046677407398,6.925464510917663,False,False,False,0.0235094221368912,0.0237229054653516,0.0015742182731628,0.4731182795698925,-0.0585092902183532,-0.0244378341782477,0.9516129032258064,0.2795698924731182,0.845846374340522,0.955147128245476,0.6292823553085327,0.8198487758636475,0.4086021505376344,1.9254645109176636,0.0,4.591397849462365,0.0,0.0,low_gain
463,22249,24326, condemn,▁condemn,OK,"(24326,)",0.0254608594361812,4.876385446197244,False,False,False,0.0235479374726613,0.023989523610761,0.0015724599361419,0.532258064516129,-0.0544900745153427,-0.0179712532028075,0.9946236559139784,0.1908602150537634,0.8981278502492702,0.9638772619984264,0.6292823553085327,0.8198487758636475,0.3346774193548388,1.7245037257671354,0.0,2.817204301075269,0.0,0.0,low_gain
464,22772,3400, rare,▁rare,OK,"(3400,)",0.0267925608462543,4.967954905122839,False,False,False,0.0247479263813264,0.0252718230088551,0.0015709996223449,0.553763440860215,-0.0493322163820266,-0.0199526974590875,0.978494623655914,0.2096774193548387,0.8607984114234427,0.9671188040912666,0.6292823553085327,0.8198487758636475,0.3077956989247313,1.4666108191013336,0.0,3.193548387096774,0.0,0.0,low_gain
465,9823,4216, brown,▁brown,OK,"(4216,)",0.0161010275284449,3.084967445301753,False,False,False,0.0159937332394302,0.0164134569706455,0.0015704035758972,0.3333333333333333,-0.0427208542823791,-0.0132846040751344,0.9731182795698924,0.1182795698924731,0.9032214983189404,0.9614712218284474,0.6292823553085327,0.8198487758636475,0.5833333333333334,1.1360427141189575,0.0,1.3655913978494625,0.0,0.0,low_gain
466,21967,6748, breast,▁breast,OK,"(6748,)",0.0176434403225298,4.828397938961624,False,False,False,0.0170741670875139,0.0174961336838301,0.0015699565410614,0.3709677419354839,-0.0494980663061142,-0.0182323558356172,0.989247311827957,0.1908602150537634,0.899344310775914,0.9667411487018094,0.6292823553085327,0.8198487758636475,0.5362903225806451,1.4749033153057098,0.0,2.817204301075269,0.0,0.0,low_gain
467,29276,5725, Zealand,▁Zealand,OK,"(5725,)",0.0198202199272571,6.642987586798205,False,False,False,0.0194912274037638,0.0199951551934724,0.0015559494495391,0.4354838709677419,-0.0701984614133834,-0.0243252858679781,0.9516129032258064,0.2338709677419354,0.8648248821900658,0.952887490165224,0.6292823553085327,0.8198487758636475,0.4556451612903226,2.5099230706691738,0.0,3.677419354838709,0.0,0.0,low_gain
468,26413,29361, tripod,▁tripod,OK,"(29361,)",0.0191471483518359,5.729531017362429,False,False,False,0.0177282147830532,0.0182485455466854,0.0015554428100585,0.4139784946236559,-0.0621443837881088,-0.0211123801687712,0.9838709677419356,0.2069892473118279,0.8975301860978596,0.960755310778914,0.6292823553085327,0.8198487758636475,0.4825268817204301,2.107219189405441,0.0,3.139784946236559,0.0,0.0,low_gain
469,30045,28216, antivirus,▁antivirus,OK,"(28216,)",0.0236633037687629,7.009930637305107,False,False,False,0.0208556966115069,0.0212117923844245,0.0015550255775451,0.510752688172043,-0.0685871243476867,-0.0256938267779606,0.946236559139785,0.260752688172043,0.8536932324200779,0.9661557828481508,0.6292823553085327,0.8198487758636475,0.3615591397849463,2.429356217384338,0.0039615166949631,4.21505376344086,0.0,0.0,low_gain
470,15849,25186, Shade,▁Shade,OK,"(25186,)",0.0219913171584247,3.900489890126772,False,False,False,0.0200234782952134,0.0205866181722251,0.0015490651130676,0.4569892473118279,-0.0481442064046859,-0.0150760524375464,0.9838709677419356,0.1532258064516129,0.8808925590222864,0.9615861526357198,0.6292823553085327,0.8198487758636475,0.4287634408602151,1.4072103202342987,0.0,2.064516129032258,0.0,0.0,low_gain
471,261,936, human,▁human,OK,"(936,)",0.0141067429575868,1.0712054019333217,False,False,False,0.0146803666827499,0.0149147693187959,0.0015489161014556,0.2795698924731182,-0.0284133553504943,-0.005833287072438,1.0,0.0456989247311828,0.9282531044225524,0.9823634933123524,0.6292823553085327,0.8198487758636475,0.6505376344086022,0.4206677675247192,0.0,0.0,0.0,0.0,low_gain
472,20521,16973, troubles,▁troubles,OK,"(16973,)",0.0223007760461299,4.589171345195463,False,False,False,0.0207556042299475,0.0212010239721626,0.0015391409397125,0.4677419354838709,-0.0525092333555221,-0.0169249898002993,0.9731182795698924,0.1774193548387097,0.8896541679105705,0.9667726199842644,0.6292823553085327,0.8198487758636475,0.4153225806451613,1.6254616677761076,0.0,2.548387096774194,0.0,0.0,low_gain
473,19559,14537, stiff,▁stiff,OK,"(14537,)",0.0211312186413554,4.440481367611115,False,False,False,0.0181325766988979,0.0185238670918249,0.0015380978584289,0.4462365591397849,-0.0543741434812545,-0.0150541387578492,0.978494623655914,0.1639784946236559,0.9071591015912478,0.9667789142407552,0.6292823553085327,0.8198487758636475,0.4422043010752688,1.7187071740627289,0.0,2.279569892473118,0.0,0.0,low_gain
474,15901,12405, 6-,▁6-,OK,"(12405,)",0.0179824665829699,3.9074659136033834,False,False,False,0.0177160644082612,0.0180841104317736,0.0015324056148529,0.3763440860215054,-0.0473428666591644,-0.0158076148520233,0.9946236559139784,0.1505376344086021,0.9091636523979392,0.9714303697875688,0.6292823553085327,0.8198487758636475,0.5295698924731183,1.3671433329582214,0.0,2.010752688172043,0.0,0.0,low_gain
475,22866,15847, vanity,▁vanity,OK,"(15847,)",0.018859736477175,4.98482790172741,False,False,False,0.0196193551184028,0.0200435898957713,0.0015313923358917,0.4032258064516129,-0.056658923625946,-0.0178244351058877,0.989247311827957,0.1827956989247312,0.891628053381296,0.9619826907946498,0.6292823553085327,0.8198487758636475,0.4959677419354839,1.832946181297302,0.0,2.655913978494624,0.0,0.0,low_gain
476,30669,14645, enemies,▁enemies,OK,"(14645,)",0.024322857243079,7.38404411750455,False,False,False,0.0215378735334642,0.0221139524252183,0.0015308260917663,0.521505376344086,-0.0656647533178329,-0.0265103431158168,0.9516129032258064,0.2876344086021505,0.8644499475457474,0.9588292682926828,0.6292823553085327,0.8198487758636475,0.3481182795698925,2.283237665891647,0.0,4.752688172043011,0.0,0.0,low_gain
477,30414,8611, everybody,▁everybody,OK,"(8611,)",0.0204571432403979,7.217440451024681,False,False,False,0.0200659765671658,0.0205661460597028,0.0015307664871215,0.4354838709677419,-0.056956335902214,-0.0256609157208473,0.989247311827957,0.2956989247311828,0.8579393336944898,0.962895357985838,0.6292823553085327,0.8198487758636475,0.4556451612903226,1.8478167951107023,0.0,4.913978494623656,0.0,0.0,low_gain
478,21670,654,ți,ți,OK,"(654,)",0.0180668762133967,4.775420207490203,False,False,False,0.0205065269944488,0.0208096384040771,0.0015304684638977,0.3870967741935484,-0.0563686192035675,-0.0180028699418549,0.9838709677419356,0.1720430107526881,0.913558225253273,0.956575924468922,0.6292823553085327,0.8198487758636475,0.5161290322580645,1.818430960178375,0.0,2.4408602150537635,0.0,0.0,low_gain
479,25887,13426, jersey,▁jersey,OK,"(13426,)",0.0168354015036295,5.600808087856539,False,False,False,0.0165057223971172,0.0168462203394982,0.0015276074409484,0.3655913978494624,-0.0594355165958404,-0.0208647824743742,0.978494623655914,0.2043010752688172,0.901509832460719,0.9724878048780486,0.6292823553085327,0.8198487758636475,0.543010752688172,1.9717758297920225,0.0,3.086021505376344,0.0,0.0,low_gain
480,21240,26515,fotograf,fotograf,OK,"(26515,)",0.0227428023693382,4.703018490345247,False,False,False,0.0196083981183267,0.0199288467886627,0.0015170574188232,0.478494623655914,-0.0539797246456146,-0.0182418887333203,0.9731182795698924,0.1801075268817204,0.8711338397294959,0.9747726199842642,0.6292823553085327,0.8198487758636475,0.4018817204301075,1.698986232280731,0.0,2.602150537634409,0.0,0.0,low_gain
481,25830,26322, primitive,▁primitive,OK,"(26322,)",0.0238116736293479,5.583593508569143,False,False,False,0.0222134776012871,0.0224957559057461,0.0015108585357666,0.5053763440860215,-0.0593600422143936,-0.0206775123714118,0.978494623655914,0.2123655913978494,0.8886156784867909,0.9622596380802516,0.6292823553085327,0.8198487758636475,0.3682795698924732,1.9680021107196808,0.0,3.247311827956989,0.0,0.0,low_gain
482,26159,29594, shaving,▁shaving,OK,"(29594,)",0.0181639264988642,5.662294557017664,False,False,False,0.0193366171211324,0.0197771854938999,0.0015063285827636,0.3978494623655914,-0.0646975040435791,-0.0204392440857425,0.967741935483871,0.1962365591397849,0.8865108824311975,0.9579040125885128,0.6292823553085327,0.8198487758636475,0.5026881720430108,2.234875202178954,0.0,2.924731182795699,0.0,0.0,low_gain
483,26509,17947, abnormal,▁abnormal,OK,"(17947,)",0.0274737222620876,5.753963281710941,False,False,False,0.0238446686216579,0.0243424276510874,0.0015059113502502,0.5752688172043011,-0.0559125989675521,-0.0200250014182059,0.9731182795698924,0.2338709677419354,0.882982760266874,0.9634051927616047,0.6292823553085327,0.8198487758636475,0.2809139784946236,1.795629948377609,0.0,3.677419354838709,0.0,0.0,low_gain
484,31510,22017, Hyundai,▁Hyundai,OK,"(22017,)",0.024214205426234,8.245816422288,False,False,False,0.0221626450938563,0.0228328429242616,0.0015046596527099,0.521505376344086,-0.0673144608736038,-0.0292328195546263,0.9247311827956988,0.325268817204301,0.876687984338543,0.9602958300550748,0.6292823553085327,0.8198487758636475,0.3481182795698925,2.3657230436801906,0.0265987549518958,5.505376344086021,0.0,0.0,low_gain
485,26864,27203, MVP,▁MVP,OK,"(27203,)",0.0169460791333388,5.843020116449684,False,False,False,0.0175704073200943,0.0182462863383754,0.0015041530132293,0.3655913978494624,-0.0567528754472732,-0.020113278781214,0.9838709677419356,0.2231182795698924,0.8859129083798565,0.96681038552321,0.6292823553085327,0.8198487758636475,0.543010752688172,1.8376437723636625,0.0,3.462365591397849,0.0,0.0,low_gain
486,30592,13391, veterans,▁veterans,OK,"(13391,)",0.0213014070625587,7.332290811243877,False,False,False,0.0201013032146679,0.0206534864120585,0.001501977443695,0.4623655913978494,-0.0663769990205764,-0.026050341385667,0.978494623655914,0.2795698924731182,0.8830931584277805,0.966124311565696,0.6292823553085327,0.8198487758636475,0.4220430107526882,2.3188499510288234,0.0,4.591397849462365,0.0,0.0,low_gain
487,29770,17025, defeated,▁defeated,OK,"(17025,)",0.0259531931050362,6.867979908468498,False,False,False,0.0280643691939692,0.0284818580714605,0.0015007853507995,0.5645161290322581,-0.075467973947525,-0.0252834513623227,0.935483870967742,0.239247311827957,0.8683975414015241,0.9447049567269864,0.6292823553085327,0.8198487758636475,0.2943548387096774,2.7733986973762508,0.0152801358234295,3.78494623655914,0.0,0.0,low_gain
488,30639,28788, Buddhism,▁Buddhism,OK,"(28788,)",0.0265136503644527,7.364382086582081,False,False,False,0.0253102128864616,0.0257105087080309,0.0014976561069488,0.5645161290322581,-0.0641962438821792,-0.0277504241594704,0.989247311827957,0.293010752688172,0.8343108216612968,0.9621022816679778,0.6292823553085327,0.8198487758636475,0.2943548387096774,2.2098121941089626,0.0,4.860215053763441,0.0,0.0,low_gain
489,11728,31821, Assignment,▁Assignment,OK,"(31821,)",0.0226348459239928,3.347143093104004,False,False,False,0.0206511655161457,0.0211950729611099,0.0014913976192474,0.4677419354838709,-0.0448729693889617,-0.0158660713062491,0.9946236559139784,0.1344086021505376,0.8870533253664457,0.9649409913453972,0.6292823553085327,0.8198487758636475,0.4153225806451613,1.2436484694480896,0.0,1.6881720430107523,0.0,0.0,low_gain
490,27396,6406, chairs,▁chairs,OK,"(6406,)",0.0227172237810909,5.99317045269474,False,False,False,0.0180601850953153,0.0188530588983207,0.0014913082122802,0.478494623655914,-0.0539763122797012,-0.0212852246658776,0.9731182795698924,0.2446236559139785,0.8895982383517101,0.970209284028324,0.6292823553085327,0.8198487758636475,0.4018817204301075,1.6988156139850614,0.0,3.89247311827957,0.0,0.0,low_gain
491,28414,22319,_______,_______,OK,"(22319,)",0.0229708812890514,6.322402224745801,False,False,False,0.0213351438763321,0.0218206336421351,0.001489520072937,0.4838709677419355,-0.0542437434196472,-0.0226633616032138,1.0,0.260752688172043,0.8517214424631673,0.9678867033831628,0.6292823553085327,0.8198487758636475,0.3951612903225807,1.7121871709823606,0.0,4.21505376344086,0.0,0.0,low_gain
492,31037,15212, Vom,▁Vom,OK,"(15212,)",0.0252825752621696,7.699727312059272,False,False,False,0.0243557085913996,0.0247936495529708,0.0014861226081848,0.5483870967741935,-0.0724580436944961,-0.0275965836099399,0.9408602150537636,0.2876344086021505,0.8531892170761944,0.946996066089693,0.6292823553085327,0.8198487758636475,0.3145161290322582,2.6229021847248077,0.0096208262591962,4.752688172043011,0.0,0.0,low_gain
493,16771,11372, (6,▁(6,OK,"(11372,)",0.0208012214831767,4.032602172064525,False,False,False,0.0196459607411456,0.01998660368945,0.0014857053756713,0.4354838709677419,-0.0491735488176345,-0.0170959227828569,1.0,0.1559139784946236,0.873209652763031,0.9750118017309204,0.6292823553085327,0.8198487758636475,0.4556451612903226,1.4586774408817291,0.0,2.118279569892473,0.0,0.0,low_gain
494,25860,1302, photos,▁photos,OK,"(1302,)",0.0232501437186553,5.592379246027239,False,False,False,0.022847637373914,0.0231787953325497,0.0014823079109191,0.4946236559139785,-0.0592669397592544,-0.0210458572192858,0.967741935483871,0.2123655913978494,0.8643174284326692,0.9670999213217936,0.6292823553085327,0.8198487758636475,0.3817204301075269,1.9633469879627223,0.0,3.247311827956989,0.0,0.0,low_gain
495,31733,21431, $300,▁$300,OK,"(21431,)",0.0251695857173012,8.722761444996221,False,False,False,0.0246985767797757,0.0254291057266214,0.0014821887016296,0.5483870967741935,-0.074639156460762,-0.0307667486129268,0.9408602150537636,0.3333333333333333,0.8296583825496235,0.9477199055861524,0.6292823553085327,0.8198487758636475,0.3145161290322582,2.7319578230381008,0.0096208262591962,5.666666666666666,0.0,0.0,low_gain
496,29253,17641, luggage,▁luggage,OK,"(17641,)",0.0218114196773498,6.634359492409613,False,False,False,0.0201603369687193,0.0205508018693616,0.00148206949234,0.4677419354838709,-0.0611549317836761,-0.024097527227094,0.978494623655914,0.2580645161290322,0.884524940377467,0.965104642014162,0.6292823553085327,0.8198487758636475,0.4153225806451613,2.057746589183807,0.0,4.161290322580645,0.0,0.0,low_gain
497,17452,15943, contrary,▁contrary,OK,"(15943,)",0.0285146741937565,4.130032688699743,False,False,False,0.024975192642981,0.0255065217453946,0.0014807283878326,0.5913978494623656,-0.0507189333438873,-0.0170110877483121,0.9838709677419356,0.1666666666666666,0.8744825888626984,0.9634303697875686,0.6292823553085327,0.8198487758636475,0.260752688172043,1.5359466671943665,0.0,2.333333333333333,0.0,0.0,low_gain+sticky
498,22654,28071,thighs,thighs,OK,"(28071,)",0.0259288696592213,4.9455030820062085,False,False,False,0.0217909210471696,0.0221428803859218,0.0014778673648834,0.543010752688172,-0.0539907068014144,-0.0191625465628921,0.956989247311828,0.1962365591397849,0.8633976159250785,0.9679370574350904,0.6292823553085327,0.8198487758636475,0.321236559139785,1.6995353400707245,0.0,2.924731182795699,0.0,0.0,low_gain
499,28351,8719, laugh,▁laugh,OK,"(8719,)",0.0199918276359958,6.30268374886564,False,False,False,0.0186832580835588,0.0191440474922939,0.0014746189117431,0.4193548387096774,-0.0490106642246246,-0.0226419853266849,0.9731182795698924,0.2688172043010752,0.8827340286799104,0.9678237608182532,0.6292823553085327,0.8198487758636475,0.4758064516129032,1.4505332112312317,0.0,4.376344086021505,0.0,0.0,low_gain
500,138,5,.,.,OK,"(5,)",-0.0017425554093494,0.9663978494623656,False,False,False,0.0036079718541073,0.0044925885815774,-0.0026114881038665,0.0268817204301075,-0.0095030665397644,-0.0011978460255489,1.0,0.0026881720430107,0.9740963207352126,0.9906026750590086,0.6292823553085327,0.8198487758636475,0.9663978494623656,0.0,0.0,0.0,0.0,0.0,high_preservation
501,55,3704,»,»,OK,"(3704,)",5.578857756430094e-05,0.8991935483870968,False,False,False,0.0055686932417654,0.0063430308013833,-0.0034077763557434,0.0806451612903225,-0.0113738626241683,-0.0025207663095125,1.0,0.0080645161290322,0.9669551047970883,0.9890983477576708,0.6292823553085327,0.8198487758636475,0.8991935483870968,0.0,0.0,0.0,0.0,0.0,high_preservation
502,122,5174,‘,‘,OK,"(5174,)",-0.0015087556774898,0.952956989247312,False,False,False,0.0038799912698807,0.0046686635863396,-0.0028144121170043,0.0376344086021505,-0.0115212798118591,-0.0028137708863904,1.0,0.0053763440860215,0.982169051592583,0.994360346184107,0.6292823553085327,0.8198487758636475,0.952956989247312,0.0,0.0,0.0,0.0,0.0,high_preservation
503,142,15425,=>,=>,OK,"(15425,)",-0.0023045333322658,0.9663978494623656,False,False,False,0.0046685182599611,0.0057222191044079,-0.0030725002288818,0.0268817204301075,-0.0115223824977874,-0.002493836866912,1.0,0.0080645161290322,0.9687536311786482,0.9915971675845788,0.6292823553085327,0.8198487758636475,0.9663978494623656,0.0,0.0,0.0,0.0,0.0,high_preservation
504,73,96," ""","▁""",OK,"(96,)",0.0002401119358437,0.9260752688172044,False,False,False,0.0053311338027318,0.0060149157239544,-0.0021092891693115,0.0591397849462365,-0.012151762843132,-0.0022507053549571,1.0,0.010752688172043,0.9589960334284628,0.9935987411487016,0.6292823553085327,0.8198487758636475,0.9260752688172044,0.0,0.0,0.0,0.0,0.0,high_preservation
505,171,6,",",",",OK,"(6,)",-0.0023678804277091,0.9865591397849462,False,False,False,0.0031019907484772,0.0037100408025967,-0.0022854208946228,0.010752688172043,-0.0124018788337707,-0.0024264945137885,1.0,0.0053763440860215,0.9824322451762968,0.9941085759244688,0.6292823553085327,0.8198487758636475,0.9865591397849462,0.0,0.0,0.0,0.0,0.0,high_preservation
506,100,87,/,/,OK,"(87,)",-0.0021731152409507,0.939516129032258,False,False,False,0.0045875330125131,0.0055507472766342,-0.0039396286010742,0.0483870967741935,-0.0130568295717239,-0.0024784736094936,1.0,0.0161290322580645,0.9758308306454432,0.9895641227380014,0.6292823553085327,0.8198487758636475,0.939516129032258,0.0,0.0,0.0,0.0,0.0,high_preservation
507,144,1303,://,://,OK,"(1303,)",-0.0035271795686855,0.9663978494623656,False,False,False,0.0035094397683297,0.0045052763595375,-0.0042070746421813,0.0268817204301075,-0.0132838189601898,-0.0028949543353049,1.0,0.0134408602150537,0.9721330604049566,0.9927616050354052,0.6292823553085327,0.8198487758636475,0.9663978494623656,0.0,0.0,0.0,0.0,0.0,high_preservation
508,108,8512,""")",""")",OK,"(8512,)",-0.0010665746385692,0.946236559139785,False,False,False,0.0055992560040566,0.0062375012584911,-0.0025437176227569,0.043010752688172,-0.0134678930044174,-0.0031525383713424,1.0,0.0134408602150537,0.9774151719037047,0.991741935483871,0.6292823553085327,0.8198487758636475,0.946236559139785,0.0,0.0,0.0,0.0,0.0,high_preservation
509,59,10011,"...""","...""",OK,"(10011,)",0.0015674967118488,0.9126344086021506,False,False,False,0.0074985288484122,0.0080685008277175,-0.0012479722499847,0.0698924731182795,-0.013583093881607,-0.0037455645299726,1.0,0.010752688172043,0.9682011091170936,0.993573564122738,0.6292823553085327,0.8198487758636475,0.9126344086021506,0.0,0.0,0.0,0.0,0.0,high_preservation
510,139,117,;,;,OK,"(117,)",-0.0019689830240382,0.9663978494623656,False,False,False,0.0042272982417896,0.0048940688051203,-0.0026323497295379,0.0268817204301075,-0.0136143863201141,-0.0022084264345066,1.0,0.0053763440860215,0.987446263721004,0.9906215578284816,0.6292823553085327,0.8198487758636475,0.9663978494623656,0.0,0.0,0.0,0.0,0.0,high_preservation
511,58,1280,""".",""".",OK,"(1280,)",0.0016660130152138,0.9059139784946236,False,False,False,0.0070170119244565,0.0077227982141638,-0.0014165937900543,0.075268817204301,-0.0136166810989379,-0.0032846809074442,1.0,0.010752688172043,0.97213520019019,0.9912950432730132,0.6292823553085327,0.8198487758636475,0.9059139784946236,0.0,0.0,0.0,0.0,0.0,high_preservation
512,173,458, ‘,▁‘,OK,"(458,)",-0.0028782668052822,0.9865591397849462,False,False,False,0.002926020852981,0.0036339593190018,-0.0027313232421875,0.010752688172043,-0.013691559433937,-0.0023018019173734,1.0,0.0080645161290322,0.9867513795342971,0.994360346184107,0.6292823553085327,0.8198487758636475,0.9865591397849462,0.0,0.0,0.0,0.0,0.0,high_preservation
513,104,121,"""","""",OK,"(121,)",0.0008123746161819,0.946236559139785,False,False,False,0.0057360190217212,0.0062149913721187,-0.0006508529186248,0.043010752688172,-0.0137462019920349,-0.0032132210270051,1.0,0.0053763440860215,0.958995930128486,0.9935987411487016,0.6292823553085327,0.8198487758636475,0.946236559139785,0.0,0.0,0.0,0.0,0.0,high_preservation
514,40,17592,"=""","=""",OK,"(17592,)",-0.000600650273664,0.885752688172043,False,False,False,0.0069718884844933,0.00805042828283,-0.004482090473175,0.0913978494623656,-0.013769045472145,-0.0032467371033084,1.0,0.0080645161290322,0.9604103871963514,0.9922014162077104,0.6292823553085327,0.8198487758636475,0.885752688172043,0.0,0.0,0.0,0.0,0.0,high_preservation
515,140,1697, •,▁•,OK,"(1697,)",-0.0021252418157233,0.9663978494623656,False,False,False,0.0030991289243903,0.0039499810626429,-0.0027806162834167,0.0268817204301075,-0.0137742310762405,-0.0028448627200177,1.0,0.010752688172043,0.972419835897657,0.994102281667978,0.6292823553085327,0.8198487758636475,0.9663978494623656,0.0,0.0,0.0,0.0,0.0,high_preservation
516,110,908,],],OK,"(908,)",-0.0020721057409881,0.946236559139785,False,False,False,0.0048351209330302,0.0057720868818221,-0.003530740737915,0.043010752688172,-0.0138380527496337,-0.003502720145769,1.0,0.010752688172043,0.9699191500595968,0.9843335955940202,0.6292823553085327,0.8198487758636475,0.946236559139785,0.0,0.0,0.0,0.0,0.0,high_preservation
517,25,535,".""",".""",OK,"(535,)",0.0035673341763916,0.8655913978494624,False,False,False,0.0070329055350313,0.0075420468084273,-0.001097023487091,0.1075268817204301,-0.0142397284507751,-0.0032398332190769,0.9946236559139784,0.010752688172043,0.9764410531226032,0.9887521636506686,0.6292823553085327,0.8198487758636475,0.8655913978494624,0.0,0.0,0.0,0.0,0.0,high_preservation
518,87,14052, >>,▁>>,OK,"(14052,)",-0.0022454593771247,0.9327956989247312,False,False,False,0.0066690151729891,0.0077971135095883,-0.0042169988155364,0.053763440860215,-0.0143326520919799,-0.0035733279361519,1.0,0.010752688172043,0.9605020585471804,0.9852714398111722,0.6292823553085327,0.8198487758636475,0.9327956989247312,0.0,0.0,0.0,0.0,0.0,high_preservation
519,53,1168, »,▁»,OK,"(1168,)",0.0015241199443417,0.8991935483870968,False,False,False,0.006866025828546,0.0074331428735486,-0.0017913579940795,0.0806451612903225,-0.0143356025218963,-0.0032819192255696,1.0,0.0161290322580645,0.9669550605256696,0.9900739575137686,0.6292823553085327,0.8198487758636475,0.8991935483870968,0.0,0.0,0.0,0.0,0.0,high_preservation
520,172,1820, |,▁|,OK,"(1820,)",-0.0026344249485641,0.9865591397849462,False,False,False,0.0045200720910103,0.005124496516361,-0.0024493932723999,0.010752688172043,-0.0144533216953277,-0.0032166386804273,1.0,0.0134408602150537,0.9831321763047268,0.9932273800157356,0.6292823553085327,0.8198487758636475,0.9865591397849462,0.0,0.0,0.0,0.0,0.0,high_preservation
521,136,10,:,:,OK,"(10,)",-0.0015084067579879,0.9663978494623656,False,False,False,0.0042060738609683,0.0048666993776957,-0.0021284818649291,0.0268817204301075,-0.0144802182912826,-0.0027963666505711,0.9946236559139784,0.0134408602150537,0.9890200683816334,0.9925853658536584,0.6292823553085327,0.8198487758636475,0.9663978494623656,0.0,0.0,0.0,0.0,0.0,high_preservation
522,119,233,...,...,OK,"(233,)",-0.0007608082826419,0.952956989247312,False,False,False,0.0053154891857536,0.0059220433555623,-0.0019033253192901,0.0376344086021505,-0.0147840678691864,-0.0031472829080397,0.9946236559139784,0.010752688172043,0.970873656602248,0.9896459480723838,0.6292823553085327,0.8198487758636475,0.952956989247312,0.0,0.0,0.0,0.0,0.0,high_preservation
523,174,31,',',OK,"(31,)",-0.0030838454602867,0.9865591397849462,False,False,False,0.0029001788746926,0.003752054546469,-0.0028647482395172,0.010752688172043,-0.0151346325874328,-0.0027029754654053,1.0,0.010752688172043,0.98718371945143,0.995021243115657,0.6292823553085327,0.8198487758636475,0.9865591397849462,0.0,0.0,0.0,0.0,0.0,high_preservation
524,60,13679,"],","],",OK,"(13679,)",3.999134385457564e-05,0.9126344086021506,False,False,False,0.0054216330410331,0.0063163019636625,-0.0026973187923431,0.0698924731182795,-0.0151462703943252,-0.0038087935216965,0.989247311827957,0.0188172043010752,0.9744948815599358,0.984503540519276,0.6292823553085327,0.8198487758636475,0.9126344086021506,0.0,0.0,0.0,0.0,0.0,high_preservation
525,45,1686,""",",""",",OK,"(1686,)",0.0018495466600182,0.8924731182795699,False,False,False,0.0072660303564481,0.0078563518742079,-0.0016940236091613,0.086021505376344,-0.015150099992752,-0.0034905348413734,1.0,0.010752688172043,0.9646431332594788,0.9919811172305272,0.6292823553085327,0.8198487758636475,0.8924731182795699,0.0,0.0,0.0,0.0,0.0,high_preservation
526,84,575,­,­,OK,"(575,)",-0.0013503503495006,0.9327956989247312,False,False,False,0.00469949537067,0.0056342487373659,-0.0032775700092315,0.053763440860215,-0.015219047665596,-0.003421478694485,1.0,0.0080645161290322,0.97371445023531,0.9906593233674272,0.6292823553085327,0.8198487758636475,0.9327956989247312,0.0,0.0,0.0,0.0,0.0,high_preservation
527,121,13114,->,->,OK,"(13114,)",-0.0011969324882312,0.952956989247312,False,False,False,0.0052313668433056,0.0060178353901832,-0.0023134648799896,0.0376344086021505,-0.015303760766983,-0.0033874985992267,1.0,0.0134408602150537,0.970054236914955,0.9936742722265932,0.6292823553085327,0.8198487758636475,0.952956989247312,0.0,0.0,0.0,0.0,0.0,high_preservation
528,96,735,“,“,OK,"(735,)",-0.0008203304583026,0.939516129032258,False,False,False,0.0055868933277745,0.0062869965068755,-0.0024535357952117,0.0483870967741935,-0.0157229900360107,-0.0040009835714934,1.0,0.0161290322580645,0.9475543066424392,0.9906593233674272,0.6292823553085327,0.8198487758636475,0.939516129032258,0.0,0.0,0.0,0.0,0.0,high_preservation
529,167,29947,•,•,OK,"(29947,)",-0.0037428013740047,0.9798387096774194,False,False,False,0.0028921125396605,0.004198686410022,-0.0037613809108734,0.0161290322580645,-0.0157574415206909,-0.0031899108040717,0.9946236559139784,0.010752688172043,0.9724197768690988,0.9919118804091264,0.6292823553085327,0.8198487758636475,0.9798387096774194,0.0,0.0,0.0,0.0,0.0,high_preservation
530,107,14125,......,......,OK,"(14125,)",-0.0011246943826316,0.946236559139785,False,False,False,0.0059080393083633,0.0066691555323139,-0.0024871528148651,0.043010752688172,-0.0157615840435028,-0.0033283137506054,1.0,0.0188172043010752,0.9773738076415712,0.9881290322580644,0.6292823553085327,0.8198487758636475,0.946236559139785,0.0,0.0,0.0,0.0,0.0,high_preservation
531,135,14011, **,▁**,OK,"(14011,)",-0.0011533217724933,0.9663978494623656,False,False,False,0.0057075885675286,0.0062194106078916,-0.0017088055610656,0.0268817204301075,-0.0157720446586608,-0.0036734512416265,1.0,0.010752688172043,0.9667821953930866,0.9915531077891424,0.6292823553085327,0.8198487758636475,0.9663978494623656,0.0,0.0,0.0,0.0,0.0,high_preservation
532,143,5506," »,","▁»,",OK,"(5506,)",-0.0029660636779441,0.9663978494623656,False,False,False,0.004432326362979,0.0054452904770451,-0.0035187005996704,0.0268817204301075,-0.0158289819955825,-0.0047264897054241,1.0,0.0188172043010752,0.9703736109289016,0.9901117230527142,0.6292823553085327,0.8198487758636475,0.9663978494623656,0.0,0.0,0.0,0.0,0.0,high_preservation
533,137,9374,.....,.....,OK,"(9374,)",-0.0018215874430312,0.9663978494623656,False,False,False,0.0055146270221279,0.0063400077883915,-0.0023740828037261,0.0268817204301075,-0.0158318132162094,-0.00340356749873,1.0,0.0188172043010752,0.9852862612063872,0.9901243115656962,0.6292823553085327,0.8198487758636475,0.9663978494623656,0.0,0.0,0.0,0.0,0.0,high_preservation
534,85,30345,##,##,OK,"(30345,)",-0.0015570071035174,0.9327956989247312,False,False,False,0.0057877606602125,0.0065462819991573,-0.0034498274326324,0.053763440860215,-0.0159070342779159,-0.0038089425333084,0.9946236559139784,0.0134408602150537,0.967079743597652,0.9901683713611328,0.6292823553085327,0.8198487758636475,0.9327956989247312,0.0,0.0,0.0,0.0,0.0,high_preservation
535,106,9175,|,|,OK,"(9175,)",-0.0008685165996192,0.946236559139785,False,False,False,0.0038275260438201,0.0047847471570455,-0.0022225081920623,0.043010752688172,-0.0159309208393096,-0.0035633944695995,1.0,0.0188172043010752,0.9849584756229026,0.9921699449252556,0.6292823553085327,0.8198487758636475,0.946236559139785,0.0,0.0,0.0,0.0,0.0,high_preservation
536,97,532,the,the,OK,"(532,)",-0.0012748173648311,0.939516129032258,False,False,False,0.0063530695374293,0.0072462858371837,-0.002895563840866,0.0483870967741935,-0.0159721672534942,-0.003565703989357,1.0,0.0161290322580645,0.9470037767947228,0.9812431156569628,0.6292823553085327,0.8198487758636475,0.939516129032258,0.0,0.0,0.0,0.0,0.0,high_preservation
537,99,3155,>,>,OK,"(3155,)",-0.0015866845125152,0.939516129032258,False,False,False,0.0053495673402663,0.0061866991942928,-0.0032042562961578,0.0483870967741935,-0.0160356611013412,-0.0033515582802475,1.0,0.0161290322580645,0.9653650672829645,0.9878457907159716,0.6292823553085327,0.8198487758636475,0.939516129032258,0.0,0.0,0.0,0.0,0.0,high_preservation
538,86,11439,...),...),OK,"(11439,)",-0.0018702235513476,0.9327956989247312,False,False,False,0.0053820456227948,0.0062816216740556,-0.0037488341331481,0.053763440860215,-0.016191229224205,-0.0054680916570848,1.0,0.0161290322580645,0.966713810808454,0.9866687647521634,0.6292823553085327,0.8198487758636475,0.9327956989247312,0.0,0.0,0.0,0.0,0.0,high_preservation
539,20,31373,hingeg,hingeg,OK,"(31373,)",0.0010693233980927,0.8521505376344086,False,False,False,0.0071928360128915,0.0081677653135791,-0.0040329694747924,0.1182795698924731,-0.0162337124347686,-0.0046938362941947,1.0,0.0241935483870967,0.9540082235635804,0.9802800944138472,0.6292823553085327,0.8198487758636475,0.8521505376344086,0.0,0.0,0.0,0.0,0.0,high_preservation
540,81,976,",""",",""",OK,"(976,)",-0.0001423526995925,0.9327956989247312,False,False,False,0.0054373653024755,0.0061019933031451,-0.0020185112953186,0.053763440860215,-0.0162402689456939,-0.0033624364483741,1.0,0.0134408602150537,0.9707139253238566,0.9915845790715972,0.6292823553085327,0.8198487758636475,0.9327956989247312,0.0,0.0,0.0,0.0,0.0,high_preservation
541,120,105, “,▁“,OK,"(105,)",-0.0012232680554671,0.952956989247312,False,False,False,0.0055743617716655,0.0064033279495854,-0.0022905468940734,0.0376344086021505,-0.0162888318300247,-0.0046064606917801,1.0,0.0134408602150537,0.9475543066424392,0.990269079464988,0.6292823553085327,0.8198487758636475,0.952956989247312,0.0,0.0,0.0,0.0,0.0,high_preservation
542,164,2824,....,....,OK,"(2824,)",-0.0013160340247615,0.9798387096774194,False,False,False,0.0060327846196389,0.0064433497446839,-0.0013073682785034,0.0161290322580645,-0.0163023471832275,-0.0035441017919971,1.0,0.0161290322580645,0.953446183147022,0.9883682140047204,0.6292823553085327,0.8198487758636475,0.9798387096774194,0.0,0.0,0.0,0.0,0.0,high_preservation
543,165,19844,**,**,OK,"(19844,)",-0.0022641427574619,0.9798387096774194,False,False,False,0.0056788781958241,0.0062865864846014,-0.0022538304328918,0.0161290322580645,-0.0163352787494659,-0.0047355508932503,1.0,0.010752688172043,0.9667821953930866,0.990508261211644,0.6292823553085327,0.8198487758636475,0.9798387096774194,0.0,0.0,0.0,0.0,0.0,high_preservation
544,46,189,th,th,OK,"(189,)",0.0006180953274491,0.8924731182795699,False,False,False,0.0067325497186312,0.0076142479014653,-0.0028661787509918,0.086021505376344,-0.0163360238075256,-0.0029252988676871,0.9946236559139784,0.021505376344086,0.9704705948499648,0.9863225806451612,0.6292823553085327,0.8198487758636475,0.8924731182795699,0.0,0.0,0.0,0.0,0.0,high_preservation
545,74,153,”,”,OK,"(153,)",-6.98277466399692e-05,0.9260752688172044,False,False,False,0.0071592013682088,0.007798473681173,-0.0022076666355133,0.0591397849462365,-0.0163830071687698,-0.0046480185883019,1.0,0.010752688172043,0.9543798230943628,0.9935798583792288,0.6292823553085327,0.8198487758636475,0.9260752688172044,0.0,0.0,0.0,0.0,0.0,high_preservation
546,33,3670,);,);,OK,"(3670,)",0.0006379153859871,0.8723118279569892,False,False,False,0.0064134405505272,0.0073661105607145,-0.003650426864624,0.1021505376344086,-0.0163836926221847,-0.0054319295831905,0.9946236559139784,0.021505376344086,0.9451151433191256,0.9864484657749802,0.6292823553085327,0.8198487758636475,0.8723118279569892,0.0,0.0,0.0,0.0,0.0,high_preservation
547,11,16463,...).,...).,OK,"(16463,)",0.0029560441451687,0.8185483870967742,False,False,False,0.0085660441908785,0.009497084444569,-0.0034814476966857,0.1451612903225806,-0.0164114534854888,-0.0055374570431247,1.0,0.021505376344086,0.9581629338728151,0.985674272226593,0.6292823553085327,0.8198487758636475,0.8185483870967742,0.0,0.0,0.0,0.0,0.0,high_preservation
548,16,673, «,▁«,OK,"(673,)",0.003555366100483,0.831989247311828,False,False,False,0.0096829163451348,0.0102067205213731,-0.0023422241210937,0.1344086021505376,-0.0164567977190017,-0.004259039958318,1.0,0.0188172043010752,0.9494812791665638,0.9844657749803304,0.6292823553085327,0.8198487758636475,0.831989247311828,0.0,0.0,0.0,0.0,0.0,high_preservation
549,80,29511,/01/,/01/,OK,"(29511,)",-8.817878301425625e-05,0.9327956989247312,False,False,False,0.0070748430105947,0.007723587655252,-0.0019515752792358,0.053763440860215,-0.0164955109357833,-0.0047665978631665,1.0,0.0134408602150537,0.9486672605923424,0.984503540519276,0.6292823553085327,0.8198487758636475,0.9327956989247312,0.0,0.0,0.0,0.0,0.0,high_preservation
550,152,10647,***,***,OK,"(10647,)",-0.0006006297645389,0.9731182795698924,False,False,False,0.0063986193428757,0.006856602206025,-0.0008464157581329,0.021505376344086,-0.0165896564722061,-0.0044970531617441,1.0,0.010752688172043,0.9641592466539294,0.9917545239968528,0.6292823553085327,0.8198487758636475,0.9731182795698924,0.0,0.0,0.0,0.0,0.0,high_preservation
551,153,12512,"»,","»,",OK,"(12512,)",-0.0030386981544315,0.9731182795698924,False,False,False,0.0039956114625418,0.0051202852559346,-0.0032787024974823,0.021505376344086,-0.0167052894830703,-0.0047538559282979,1.0,0.010752688172043,0.9738842606400084,0.9933973249409912,0.6292823553085327,0.8198487758636475,0.9731182795698924,0.0,0.0,0.0,0.0,0.0,high_preservation
552,112,9031,igh,igh,OK,"(9031,)",-0.0041491122896312,0.946236559139785,False,False,False,0.0044125538038951,0.0058881291138228,-0.0054603815078735,0.043010752688172,-0.0167853683233261,-0.0038594600333962,1.0,0.0188172043010752,0.9719404354625276,0.9767616050354052,0.6292823553085327,0.8198487758636475,0.946236559139785,0.0,0.0,0.0,0.0,0.0,high_preservation
553,141,61,),),OK,"(61,)",-0.0024153338965549,0.9663978494623656,False,False,False,0.0050039667916554,0.005665109522881,-0.0029176473617553,0.0268817204301075,-0.0168354511260986,-0.0043442524889464,1.0,0.0161290322580645,0.9800619829375,0.9915468135326514,0.6292823553085327,0.8198487758636475,0.9663978494623656,0.0,0.0,0.0,0.0,0.0,high_preservation
554,90,10997,Î,Î,OK,"(10997,)",-0.0028114412420539,0.9327956989247312,False,False,False,0.0038203433636696,0.0050718104967506,-0.0046400129795074,0.053763440860215,-0.017192006111145,-0.0041028966185867,1.0,0.021505376344086,0.9726053036274082,0.9853343823760816,0.6292823553085327,0.8198487758636475,0.9327956989247312,0.0,0.0,0.0,0.0,0.0,high_preservation
555,105,4275,].,].,OK,"(4275,)",-0.0008660869652866,0.946236559139785,False,False,False,0.0052758974413717,0.005971529791432,-0.0021564960479736,0.043010752688172,-0.0172025710344314,-0.0040176610151926,1.0,0.010752688172043,0.960702873702054,0.9840062942564908,0.6292823553085327,0.8198487758636475,0.946236559139785,0.0,0.0,0.0,0.0,0.0,high_preservation
556,34,7474,«,«,OK,"(7474,)",0.0004441421759384,0.8723118279569892,False,False,False,0.0064485196464805,0.0074871166418957,-0.0038026869297027,0.1021505376344086,-0.0172139555215835,-0.0046515397487148,1.0,0.0241935483870967,0.9494812791665638,0.9900613690007868,0.6292823553085327,0.8198487758636475,0.8723118279569892,0.0,0.0,0.0,0.0,0.0,high_preservation
557,129,2423,=,=,OK,"(2423,)",-0.0041583992060153,0.9596774193548387,False,False,False,0.0044918790940315,0.005948945239026,-0.0049014687538146,0.032258064516129,-0.0173966735601425,-0.0042385894765136,1.0,0.0241935483870967,0.9707280626635366,0.9901243115656962,0.6292823553085327,0.8198487758636475,0.9596774193548387,0.0,0.0,0.0,0.0,0.0,high_preservation
558,54,4600,"“,","“,",OK,"(4600,)",0.0005454876730518,0.8991935483870968,False,False,False,0.0061138568706409,0.0068804660151081,-0.00261652469635,0.0806451612903225,-0.0174049139022827,-0.0045321981112162,1.0,0.021505376344086,0.9429910744392916,0.9907789142407551,0.6292823553085327,0.8198487758636475,0.8991935483870968,0.0,0.0,0.0,0.0,0.0,high_preservation
559,19,485,ity,ity,OK,"(485,)",0.0023739617838654,0.8521505376344086,False,False,False,0.0068683500892372,0.0077203664407935,-0.0026656985282897,0.1182795698924731,-0.0174863636493682,-0.0043954775538495,1.0,0.0241935483870967,0.9603217558162682,0.988588512981904,0.6292823553085327,0.8198487758636475,0.8521505376344086,0.0,0.0,0.0,0.0,0.0,high_preservation
560,47,2490, >,▁>,OK,"(2490,)",0.0003857892046692,0.8924731182795699,False,False,False,0.0067677577977539,0.0076349380836691,-0.0030392110347747,0.086021505376344,-0.0175215005874633,-0.003505193097617,1.0,0.0188172043010752,0.9653650230115456,0.986593233674272,0.6292823553085327,0.8198487758636475,0.8924731182795699,0.0,0.0,0.0,0.0,0.0,high_preservation
561,123,7697, există,▁există,OK,"(7697,)",-0.0020292718644424,0.952956989247312,False,False,False,0.0050009995378473,0.0059512778315492,-0.0030285716056823,0.0376344086021505,-0.0176484137773513,-0.0042243910733089,1.0,0.0134408602150537,0.9875397649571358,0.986479937057435,0.6292823553085327,0.8198487758636475,0.952956989247312,0.0,0.0,0.0,0.0,0.0,high_preservation
562,111,3274, =,▁=,OK,"(3274,)",-0.0031426029259799,0.946236559139785,False,False,False,0.0056078727206876,0.0066510136089017,-0.0044097304344177,0.043010752688172,-0.0176682025194168,-0.0048357366874653,1.0,0.0241935483870967,0.9687369408538272,0.9868764752163648,0.6292823553085327,0.8198487758636475,0.946236559139785,0.0,0.0,0.0,0.0,0.0,high_preservation
563,109,1141,”.,”.,OK,"(1141,)",-0.0022464776391624,0.946236559139785,False,False,False,0.0053811755872541,0.0063555138085478,-0.003505527973175,0.043010752688172,-0.0178297460079193,-0.0048012650141152,1.0,0.0188172043010752,0.9472748802052304,0.9805318646734854,0.6292823553085327,0.8198487758636475,0.946236559139785,0.0,0.0,0.0,0.0,0.0,high_preservation
564,88,184,&,&,OK,"(184,)",-0.0025522429936675,0.9327956989247312,False,False,False,0.0058139873448238,0.0069895143150001,-0.0043479800224304,0.053763440860215,-0.0178487002849578,-0.0050193106615415,1.0,0.021505376344086,0.967237408876508,0.9873107789142408,0.6292823553085327,0.8198487758636475,0.9327956989247312,0.0,0.0,0.0,0.0,0.0,high_preservation
565,17,41, (,▁(,OK,"(41,)",0.0035263130501393,0.8387096774193549,False,False,False,0.0078763035676812,0.0086703918954377,-0.0020317733287811,0.1290322580645161,-0.0178705304861068,-0.0043086105136461,0.9946236559139784,0.0161290322580645,0.9393210181068626,0.9883178599527932,0.6292823553085327,0.8198487758636475,0.8387096774193549,0.0,0.0,0.0,0.0,0.0,high_preservation
566,12,1220,+,+,OK,"(1220,)",0.0027514556723256,0.8185483870967742,False,False,False,0.0073688482084581,0.0083436693555565,-0.0036129355430603,0.1451612903225806,-0.017873466014862,-0.0055963890526884,1.0,0.021505376344086,0.9520941045079964,0.9885381589299762,0.6292823553085327,0.8198487758636475,0.8185483870967742,0.0,0.0,0.0,0.0,0.0,high_preservation
567,83,7067,“.,“.,OK,"(7067,)",-0.0006912749701289,0.9327956989247312,False,False,False,0.006012953257048,0.0067984019556353,-0.0024852454662323,0.053763440860215,-0.0178840309381485,-0.0045913675779937,1.0,0.0134408602150537,0.9706887791580786,0.9925224232887492,0.6292823553085327,0.8198487758636475,0.9327956989247312,0.0,0.0,0.0,0.0,0.0,high_preservation
568,10,1768, +,▁+,OK,"(1768,)",0.0023644305605401,0.8051075268817205,False,False,False,0.0072838029553813,0.0083847856649788,-0.0045369267463684,0.1559139784946236,-0.0178868323564529,-0.0058121133235193,0.9946236559139784,0.0241935483870967,0.9666947888555852,0.9885381589299762,0.6292823553085327,0.8198487758636475,0.8051075268817205,0.0,0.0,0.0,0.0,0.0,high_preservation
569,29,104,–,–,OK,"(104,)",0.0003940790010395,0.8655913978494624,False,False,False,0.0063658026597833,0.0074947354614093,-0.0040779113769531,0.1075268817204301,-0.0180870741605758,-0.0051684546214278,1.0,0.0241935483870967,0.963039474905558,0.9874051927616048,0.6292823553085327,0.8198487758636475,0.8655913978494624,0.0,0.0,0.0,0.0,0.0,high_preservation
570,98,25526,„,„,OK,"(25526,)",-0.0014333195263339,0.939516129032258,False,False,False,0.0057971338110585,0.0067471659952594,-0.0029463469982147,0.0483870967741935,-0.0181265473365783,-0.0048064313909058,1.0,0.0188172043010752,0.9598922787842064,0.9861211644374508,0.6292823553085327,0.8198487758636475,0.939516129032258,0.0,0.0,0.0,0.0,0.0,high_preservation
571,82,19794,........,........,OK,"(19794,)",-0.0003954824500827,0.9327956989247312,False,False,False,0.0063569901450987,0.0072368626953453,-0.0021754503250122,0.053763440860215,-0.0181640833616256,-0.0048430190291456,1.0,0.021505376344086,0.968283763855663,0.9865239968528716,0.6292823553085327,0.8198487758636475,0.9327956989247312,0.0,0.0,0.0,0.0,0.0,high_preservation
572,145,7184,н,н,OK,"(7184,)",-0.0038334952887668,0.9663978494623656,False,False,False,0.0035746161655713,0.0048406484626954,-0.0042667686939239,0.0268817204301075,-0.0182162523269653,-0.0036619815134233,1.0,0.021505376344086,0.9692328840423816,0.9901872541306056,0.6292823553085327,0.8198487758636475,0.9663978494623656,0.0,0.0,0.0,0.0,0.0,high_preservation
573,9,137,).,).,OK,"(137,)",0.0045115336615552,0.8051075268817205,False,False,False,0.0078720343048854,0.0086679056447039,-0.0023718476295471,0.1559139784946236,-0.0182463526725769,-0.006618429896652,0.9946236559139784,0.0241935483870967,0.9568000382505056,0.9852336742722264,0.6292823553085327,0.8198487758636475,0.8051075268817205,0.0,0.0,0.0,0.0,0.0,high_preservation
574,28,20462,...”,...”,OK,"(20462,)",0.0008499494803849,0.8655913978494624,False,False,False,0.0069243299063815,0.0076425934350618,-0.0036098659038543,0.1075268817204301,-0.0183305740356445,-0.0051081834300871,1.0,0.021505376344086,0.9579881060406727,0.991748229740362,0.6292823553085327,0.8198487758636475,0.8655913978494624,0.0,0.0,0.0,0.0,0.0,high_preservation
575,66,18,-,-,OK,"(18,)",-0.0014730072550235,0.9193548387096776,False,False,False,0.0046313363377765,0.0056768008457717,-0.0037809312343597,0.064516129032258,-0.0183576494455337,-0.0035781571941991,1.0,0.0241935483870967,0.97461403070459,0.9884689221085758,0.6292823553085327,0.8198487758636475,0.9193548387096776,0.0,0.0,0.0,0.0,0.0,high_preservation
576,48,12137,there,there,OK,"(12137,)",-0.0001323830296275,0.8924731182795699,False,False,False,0.0061759306218034,0.0071290191463244,-0.0035145580768585,0.086021505376344,-0.0183780044317245,-0.0034259980724703,1.0,0.0241935483870967,0.9899997506043418,0.9838867033831628,0.6292823553085327,0.8198487758636475,0.8924731182795699,0.0,0.0,0.0,0.0,0.0,high_preservation
577,65,201,"),","),",OK,"(201,)",-0.0008474445871768,0.9193548387096776,False,False,False,0.0061579316213566,0.0069893561704184,-0.0031469762325286,0.064516129032258,-0.0185254961252212,-0.0044621479126714,0.989247311827957,0.0241935483870967,0.9622282897021286,0.9884248623131392,0.6292823553085327,0.8198487758636475,0.9193548387096776,0.0,0.0,0.0,0.0,0.0,high_preservation
578,6,16937,”).,”).,OK,"(16937,)",0.0039285798867543,0.7916666666666667,False,False,False,0.0093266383935046,0.0100851908165921,-0.0034769475460052,0.1666666666666666,-0.0185561180114746,-0.0055676089820041,1.0,0.0241935483870967,0.946918819942385,0.9895137686860738,0.6292823553085327,0.8198487758636475,0.7916666666666667,0.0,0.0,0.0,0.0,0.0,high_preservation
579,75,1956,°,°,OK,"(1956,)",-0.0037973532192809,0.9260752688172044,False,False,False,0.0035978638997641,0.0051728631219556,-0.0058242976665496,0.0591397849462365,-0.0186008960008621,-0.0041875544414725,1.0,0.0241935483870967,0.980250652966532,0.9920818253343822,0.6292823553085327,0.8198487758636475,0.9260752688172044,0.0,0.0,0.0,0.0,0.0,high_preservation
580,30,22354,................,................,OK,"(22354,)",0.0002085126055184,0.8655913978494624,False,False,False,0.0075641234395324,0.0085321826639995,-0.0042217671871185,0.1075268817204301,-0.018921285867691,-0.0057241842951825,1.0,0.021505376344086,0.944296313917414,0.9874177812745868,0.6292823553085327,0.8198487758636475,0.8655913978494624,0.0,0.0,0.0,0.0,0.0,high_preservation
581,180,3416, €,▁€,OK,"(3416,)",-0.00631607894295,0.9932795698924732,False,False,False,0.0024082037389919,0.0040335475757557,-0.0056374371051788,0.0053763440860215,-0.0189491808414459,-0.0046100670932441,1.0,0.0241935483870967,0.9688476341575244,0.9884689221085758,0.6292823553085327,0.8198487758636475,0.9932795698924732,0.0,0.0,0.0,0.0,0.0,high_preservation
582,27,23430, (...),▁(...),OK,"(23430,)",0.0018676630271378,0.8655913978494624,False,False,False,0.0075613692883522,0.0084335397007644,-0.0025581717491149,0.1075268817204301,-0.0190101861953735,-0.0069302583253511,1.0,0.0188172043010752,0.9632554013713222,0.9907726199842642,0.6292823553085327,0.8198487758636475,0.8655913978494624,0.0,0.0,0.0,0.0,0.0,high_preservation
583,95,21905,*****,*****,OK,"(21905,)",-0.0005698583299113,0.939516129032258,False,False,False,0.008038786149794,0.0085681274693499,-0.0020371377468109,0.0483870967741935,-0.019041508436203,-0.0042785822704274,0.9946236559139784,0.0241935483870967,0.9615610603949216,0.9862533438237608,0.6292823553085327,0.8198487758636475,0.939516129032258,0.0,0.0,0.0,0.0,0.0,high_preservation
584,67,29580, pertain,▁pertain,OK,"(29580,)",-0.0022025740675387,0.9193548387096776,False,False,False,0.0055035573820913,0.0070013309358268,-0.004474252462387,0.064516129032258,-0.019082561135292,-0.0043615843019177,1.0,0.0241935483870967,0.9656826851973052,0.9879653815892996,0.6292823553085327,0.8198487758636475,0.9193548387096776,0.0,0.0,0.0,0.0,0.0,high_preservation
585,26,31911,/05/,/05/,OK,"(31911,)",0.00300406804809,0.8655913978494624,False,False,False,0.0081863307183788,0.0087595287189688,-0.0014149546623229,0.1075268817204301,-0.0191464275121688,-0.0046465816677257,1.0,0.0241935483870967,0.9563813339303088,0.9856365066876474,0.6292823553085327,0.8198487758636475,0.8655913978494624,0.0,0.0,0.0,0.0,0.0,high_preservation
586,23,21984,wobe,wobe,OK,"(21984,)",-0.0009878819988619,0.8588709677419355,False,False,False,0.0066621292342421,0.0081372945218957,-0.0056709051132202,0.1129032258064516,-0.0192427635192871,-0.0043471737574505,1.0,0.0241935483870967,0.9451915557876692,0.988047206923682,0.6292823553085327,0.8198487758636475,0.8588709677419355,0.0,0.0,0.0,0.0,0.0,high_preservation
587,68,31510,Uneori,Uneori,OK,"(31510,)",-0.0051859795085845,0.9193548387096776,False,False,False,0.0047244165212877,0.0065976942098268,-0.0074496269226074,0.064516129032258,-0.0192431807518005,-0.0044362942377726,0.9946236559139784,0.0241935483870967,0.9521827358880794,0.9807458693941776,0.6292823553085327,0.8198487758636475,0.9193548387096776,0.0,0.0,0.0,0.0,0.0,high_preservation
588,154,1935,*,*,OK,"(1935,)",-0.0032298129973232,0.9731182795698924,False,False,False,0.0049899989558804,0.0059585417470624,-0.0033401846885681,0.021505376344086,-0.0192979425191879,-0.0062391818851552,1.0,0.021505376344086,0.9676665317372208,0.9927616050354052,0.6292823553085327,0.8198487758636475,0.9731182795698924,0.0,0.0,0.0,0.0,0.0,high_preservation
589,61,8836,altă,altă,OK,"(8836,)",-0.0031097714058173,0.9126344086021506,False,False,False,0.0058106296165015,0.0075566986555694,-0.0056358277797698,0.0698924731182795,-0.0193713456392288,-0.0054777222935871,0.9946236559139784,0.0241935483870967,0.94742890047062,0.9792352478363492,0.6292823553085327,0.8198487758636475,0.9126344086021506,0.0,0.0,0.0,0.0,0.0,high_preservation
590,22,290, There,▁There,OK,"(290,)",0.0032501952542412,0.8588709677419355,False,False,False,0.0071872937422926,0.0080289539470467,-0.0014228820800781,0.1129032258064516,-0.0194416791200637,-0.004683522447463,0.9946236559139784,0.0268817204301075,0.9653633259404985,0.9891801730920532,0.6292823553085327,0.8198487758636475,0.8588709677419355,0.0,0.0,0.0,0.0,0.0,high_preservation
591,38,1239,.”,.”,OK,"(1239,)",0.0022350141357991,0.8790322580645161,False,False,False,0.0087536892262838,0.0092588776862749,-0.0016289353370666,0.0967741935483871,-0.019495204091072,-0.0054008069858756,1.0,0.021505376344086,0.9375701572860206,0.989759244689221,0.6292823553085327,0.8198487758636475,0.8790322580645161,0.0,0.0,0.0,0.0,0.0,high_preservation
592,166,1429, *,▁*,OK,"(1429,)",-0.0028738625107272,0.9798387096774194,False,False,False,0.0045430275701707,0.0054773463997789,-0.0027036964893341,0.0161290322580645,-0.0195323526859283,-0.0052699257609664,1.0,0.021505376344086,0.9690921599597192,0.9915594020456332,0.6292823553085327,0.8198487758636475,0.9798387096774194,0.0,0.0,0.0,0.0,0.0,high_preservation
593,89,28448, senzati,▁senzati,OK,"(28448,)",-0.002918210297182,0.9327956989247312,False,False,False,0.0051402895040409,0.0063964897586453,-0.0046270787715911,0.053763440860215,-0.0195860713720321,-0.0028295670786211,1.0,0.0268817204301075,0.9682955843244352,0.9873233674272224,0.6292823553085327,0.8198487758636475,0.9327956989247312,0.0,0.0,0.0,0.0,0.0,high_preservation
594,32,12887,!!!!,!!!!,OK,"(12887,)",0.0021740440559643,0.8723118279569892,False,False,False,0.0077003706847467,0.0083032686223265,-0.0019530951976776,0.1021505376344086,-0.0196077525615692,-0.0058483981317089,1.0,0.0295698924731182,0.9579176259422252,0.9879779701022816,0.6292823553085327,0.8198487758636475,0.8723118279569892,0.0,0.0,0.0,0.0,0.0,high_preservation
595,13,232,and,and,OK,"(232,)",0.001201430179419,0.8185483870967742,False,False,False,0.0071194490758321,0.0085114775806344,-0.0050758421421051,0.1451612903225806,-0.0196158438920974,-0.0057760425793227,1.0,0.0241935483870967,0.9804101481306908,0.984,0.6292823553085327,0.8198487758636475,0.8185483870967742,0.0,0.0,0.0,0.0,0.0,high_preservation
596,14,31497,/09/,/09/,OK,"(31497,)",0.0026207513706658,0.8252688172043011,False,False,False,0.0075952024549566,0.0084298560696263,-0.0033855140209198,0.1397849462365591,-0.0196596384048461,-0.0051128732901747,1.0,0.0241935483870967,0.9518578574610844,0.987008654602675,0.6292823553085327,0.8198487758636475,0.8252688172043011,0.0,0.0,0.0,0.0,0.0,high_preservation
597,128,22,’,’,OK,"(22,)",-0.0020336314555137,0.9596774193548387,False,False,False,0.0040356683474715,0.004819348935158,-0.0026579201221466,0.032258064516129,-0.0197722911834716,-0.0052256347030721,1.0,0.0268817204301075,0.9637103344690916,0.9930007867820612,0.6292823553085327,0.8198487758636475,0.9596774193548387,0.0,0.0,0.0,0.0,0.0,high_preservation
598,49,155,it,it,OK,"(155,)",-0.0008480925072905,0.8924731182795699,False,False,False,0.0067645665458453,0.0078062210031735,-0.0041544735431671,0.086021505376344,-0.0198938846588134,-0.0045156530154648,1.0,0.0241935483870967,0.9623804653250756,0.9801479150275372,0.6292823553085327,0.8198487758636475,0.8924731182795699,0.0,0.0,0.0,0.0,0.0,high_preservation
599,37,37, The,▁The,OK,"(37,)",0.0022934341382595,0.8790322580645161,False,False,False,0.0085569653780229,0.0090854538063849,-0.0015470683574676,0.0967741935483871,-0.0199641436338424,-0.0058853879410733,1.0,0.0268817204301075,0.941002431829025,0.9809095200629424,0.6292823553085327,0.8198487758636475,0.8790322580645161,0.0,0.0,0.0,0.0,0.0,high_preservation
600,91,6546,atory,atory,OK,"(6546,)",-0.003542915891896,0.9331143687489212,False,False,False,0.0047863112982883,0.0062301697269562,-0.0054928660392761,0.0591397849462365,-0.0201407819986343,-0.0055425439470557,1.0,0.0268817204301075,0.9673960038551552,0.988040912667191,0.6292823553085327,0.8198487758636475,0.9260752688172044,0.0070390999317168,0.0,0.0,0.0,0.0,high_preservation
601,56,5280, privind,▁privind,OK,"(5280,)",-0.0019344825257537,0.9005843567591841,False,False,False,0.0070961468642757,0.0084689237097258,-0.0052274465560913,0.086021505376344,-0.0201622247695922,-0.0044516119905697,1.0,0.0295698924731182,0.9475609621123726,0.9807899291896144,0.6292823553085327,0.8198487758636475,0.8924731182795699,0.0081112384796142,0.0,0.0,0.0,0.0,high_preservation
602,115,10443,û,û,OK,"(10443,)",-0.0029374457174731,0.948783697620515,False,False,False,0.0037850719946686,0.005094477085657,-0.0043475329875946,0.0483870967741935,-0.0201853513717651,-0.0053513703807707,1.0,0.0295698924731182,0.9497698107588696,0.9900928402832416,0.6292823553085327,0.8198487758636475,0.939516129032258,0.0092675685882568,0.0,0.0,0.0,0.0,high_preservation
603,51,132, there,▁there,OK,"(132,)",0.0002208634089398,0.8951335055853731,False,False,False,0.0061999371936244,0.0071083015652113,-0.0033396482467651,0.0913978494623656,-0.0201876163482666,-0.0033312673850726,1.0,0.0295698924731182,0.9872126286877908,0.9895641227380014,0.6292823553085327,0.8198487758636475,0.885752688172043,0.00938081741333,0.0,0.0,0.0,0.0,high_preservation
604,3,21163, angegeben,▁angegeben,OK,"(21163,)",0.0053968984273172,0.7274297168177943,False,False,False,0.010227160748615,0.0116141488154729,-0.004883736371994,0.2258064516129032,-0.0201937556266784,-0.0067709117166457,0.989247311827957,0.0295698924731182,0.9408653232455496,0.9803980808793898,0.6292823553085327,0.8198487758636475,0.717741935483871,0.0096877813339233,0.0,0.0,0.0,0.0,high_preservation
605,133,8, the,▁the,OK,"(8,)",-0.0016536918218417,0.9637549070901767,False,False,False,0.006076283833032,0.0067886620439508,-0.0025246143341064,0.0376344086021505,-0.0202159583568573,-0.0044808121778631,1.0,0.0268817204301075,0.9686146336813114,0.9821935483870966,0.6292823553085327,0.8198487758636475,0.952956989247312,0.0107979178428649,0.0,0.0,0.0,0.0,high_preservation
606,118,17065,!!!!!,!!!!!,OK,"(17065,)",-0.0012697897130443,0.9527697582398692,False,False,False,0.0072554961968493,0.007851947219141,-0.0026758909225463,0.0483870967741935,-0.0202650725841522,-0.0061899510122114,1.0,0.0268817204301075,0.9626095846735891,0.9860204563335956,0.6292823553085327,0.8198487758636475,0.939516129032258,0.013253629207611,0.0,0.0,0.0,0.0,high_preservation
607,114,18608, thé,▁thé,OK,"(18608,)",-0.0008159574561862,0.947745825334262,False,False,False,0.0062371713499869,0.0070219982054925,-0.0024891793727874,0.053763440860215,-0.0202990025281906,-0.0039771301772004,1.0,0.0268817204301075,0.9649790795411296,0.9832509834775766,0.6292823553085327,0.8198487758636475,0.9327956989247312,0.0149501264095306,0.0,0.0,0.0,0.0,high_preservation
608,5,13308," (""","▁(""",OK,"(13308,)",0.0091761440839818,0.7417065257667214,False,False,False,0.0123412464895556,0.0128137700019344,-0.0008281171321868,0.2204301075268817,-0.0203448832035064,-0.0052177422149207,1.0,0.0268817204301075,0.9130229838021208,0.9829740361919748,0.6292823553085327,0.8198487758636475,0.7244623655913979,0.0172441601753234,0.0,0.0,0.0,0.0,high_preservation
609,161,17109,ența,ența,OK,"(17109,)",-0.0057247295495002,0.9776979300283616,False,False,False,0.0031355790874009,0.0049313499081519,-0.0063196122646331,0.032258064516129,-0.0203604102134704,-0.0038022302812145,1.0,0.0349462365591397,0.9723410770439264,0.990690794649882,0.6292823553085327,0.8198487758636475,0.9596774193548387,0.0180205106735229,0.0,0.0,0.0,0.0,high_preservation
610,64,31095, desfaso,▁desfaso,OK,"(31095,)",0.0010386304268913,0.9180000953135952,False,False,False,0.0074604307451555,0.0079556652294692,-0.0019748210906982,0.0806451612903225,-0.0203761309385299,-0.0030459643051188,1.0,0.0268817204301075,0.9630212645953644,0.9855798583792288,0.6292823553085327,0.8198487758636475,0.8991935483870968,0.0188065469264983,0.0,0.0,0.0,0.0,high_preservation
611,151,6091,atii,atii,OK,"(6091,)",-0.005523061447887,0.972740307290067,False,False,False,0.0043313383094726,0.0057237814831477,-0.0063849985599517,0.0376344086021505,-0.0203956663608551,-0.0043032057182763,0.9946236559139784,0.0268817204301075,0.9679046234265754,0.9871785995279306,0.6292823553085327,0.8198487758636475,0.952956989247312,0.0197833180427551,0.0,0.0,0.0,0.0,high_preservation
612,76,13947, reprezinta,▁reprezinta,OK,"(13947,)",-0.0006373481324283,0.9273431297912392,False,False,False,0.0067285158300912,0.0075803197199298,-0.0033793598413467,0.075268817204301,-0.0204285830259323,-0.0035724639892578,1.0,0.0268817204301075,0.9563636548771388,0.9873044846577498,0.6292823553085327,0.8198487758636475,0.9059139784946236,0.0214291512966155,0.0,0.0,0.0,0.0,high_preservation
613,93,19414,во,во,OK,"(19414,)",-0.0016105953804267,0.9366042078823172,False,False,False,0.005991228165165,0.0068718576303092,-0.0040812492370605,0.0698924731182795,-0.0204793959856033,-0.0044789673179708,1.0,0.0295698924731182,0.9601781983628136,0.9895830055074742,0.6292823553085327,0.8198487758636475,0.9126344086021506,0.0239697992801666,0.0,0.0,0.0,0.0,high_preservation
614,2,8186, (“,▁(“,OK,"(8186,)",0.0094345424204103,0.7241119540506794,False,False,False,0.0117833805020137,0.0122123458372649,-0.0016357004642486,0.2419354838709677,-0.0205306261777877,-0.0061367551485697,1.0,0.0268817204301075,0.9147353432459008,0.988720692368214,0.6292823553085327,0.8198487758636475,0.6975806451612904,0.026531308889389,0.0,0.0,0.0,0.0,high_preservation
615,8,31064,/03/,/03/,OK,"(31064,)",0.006695726289544,0.8002815451673282,False,False,False,0.009350709216569,0.0099119942995809,-0.0014152824878692,0.1827956989247312,-0.0205755233764648,-0.0046237514865013,1.0,0.0268817204301075,0.964657978941857,0.9878898505114084,0.6292823553085327,0.8198487758636475,0.771505376344086,0.0287761688232421,0.0,0.0,0.0,0.0,high_preservation
616,24,11, and,▁and,OK,"(11,)",0.0026152466253567,0.8616326637165521,False,False,False,0.0072612478848426,0.0082097398017042,-0.0030755400657653,0.1344086021505376,-0.0205928683280944,-0.0058928519807836,0.9946236559139784,0.0295698924731182,0.9620296881181856,0.9881353265145554,0.6292823553085327,0.8198487758636475,0.831989247311828,0.0296434164047241,0.0,0.0,0.0,0.0,high_preservation
617,72,31797,scrisă,scrisă,OK,"(31797,)",-0.0021440383006808,0.925425337527388,False,False,False,0.0051558583333928,0.006734806203073,-0.0054121613502502,0.086021505376344,-0.0206590443849563,-0.0041920084466216,1.0,0.032258064516129,0.9648862718905564,0.9818662470495672,0.6292823553085327,0.8198487758636475,0.8924731182795699,0.0329522192478179,0.0,0.0,0.0,0.0,high_preservation
618,94,14960, acea,▁acea,OK,"(14960,)",-0.0008980409672824,0.9391716715469156,False,False,False,0.0064724082908322,0.0075049675920958,-0.0036282241344451,0.075268817204301,-0.0206651538610458,-0.0041328892912915,1.0,0.0349462365591397,0.9486529461669878,0.9842328874901652,0.6292823553085327,0.8198487758636475,0.9059139784946236,0.0332576930522918,0.0,0.0,0.0,0.0,high_preservation
619,189,3378,€,€,OK,"(3378,)",-0.0058866363940059,1.0065071028406902,False,False,False,0.0027551553262177,0.0041838310739045,-0.0059285163879394,0.021505376344086,-0.0206677764654159,-0.0051847074621467,1.0,0.032258064516129,0.9688476341575244,0.9897214791502752,0.6292823553085327,0.8198487758636475,0.9731182795698924,0.0333888232707977,0.0,0.0,0.0,0.0,high_preservation
620,155,3401,această,această,OK,"(3401,)",-0.0042374006682826,0.973437668815736,False,False,False,0.0050565049212466,0.0064938219003779,-0.0056228339672088,0.0483870967741935,-0.0206784307956695,-0.0063047822444669,0.9946236559139784,0.0349462365591397,0.962796601902992,0.9829614476789929,0.6292823553085327,0.8198487758636475,0.939516129032258,0.0339215397834777,0.0,0.0,0.0,0.0,high_preservation
621,102,28863,Fiind,Fiind,OK,"(28863,)",-0.002522008257207,0.9409389492645058,False,False,False,0.0068975707856557,0.0083798939181912,-0.0052504241466522,0.075268817204301,-0.0207004994153976,-0.00487458321356,1.0,0.0349462365591397,0.9491688852796204,0.9780456333595592,0.6292823553085327,0.8198487758636475,0.9059139784946236,0.0350249707698821,0.0,0.0,0.0,0.0,high_preservation
622,177,7043,aine,aine,OK,"(7043,)",-0.0043033537204547,0.988011017281522,False,False,False,0.0036149255691036,0.0051960653515272,-0.005150020122528,0.0376344086021505,-0.0207010805606842,-0.0041075823127582,1.0,0.043010752688172,0.9757569268906222,0.9889913453973248,0.6292823553085327,0.8198487758636475,0.952956989247312,0.0350540280342101,0.0,0.0,0.0,0.0,high_preservation
623,69,7392,ehr,ehr,OK,"(7392,)",-0.0016492350447562,0.919410470993288,False,False,False,0.0057115795150879,0.0070939579958556,-0.0054475665092468,0.0967741935483871,-0.0208075642585754,-0.0038866432764196,1.0,0.0295698924731182,0.9646971148759196,0.9848308418568056,0.6292823553085327,0.8198487758636475,0.8790322580645161,0.0403782129287719,0.0,0.0,0.0,0.0,high_preservation
624,117,7085,its,its,OK,"(7085,)",-0.0005071954300967,0.9502998587264808,False,False,False,0.005620922773115,0.0066684776095933,-0.0032262504100799,0.075268817204301,-0.0208877176046371,-0.0054106016953786,1.0,0.0349462365591397,0.960108441364203,0.9861652242328874,0.6292823553085327,0.8198487758636475,0.9059139784946236,0.0443858802318572,0.0,0.0,0.0,0.0,high_preservation
625,160,10421,izate,izate,OK,"(10421,)",-0.0045951474898604,0.977475877090167,False,False,False,0.0049242878793388,0.0067515901980861,-0.0062386393547058,0.053763440860215,-0.0208936035633087,-0.0047097446457032,0.9946236559139784,0.0349462365591397,0.961092550728774,0.9811549960660896,0.6292823553085327,0.8198487758636475,0.9327956989247312,0.0446801781654357,0.0,0.0,0.0,0.0,high_preservation
626,163,69, our,▁our,OK,"(69,)",-0.0013554100387839,0.9792178228337278,False,False,False,0.0061096641966091,0.0069663490979902,-0.0029971599578857,0.053763440860215,-0.0209284424781799,-0.0052637643711541,1.0,0.0268817204301075,0.9454123816237604,0.980292682926829,0.6292823553085327,0.8198487758636475,0.9327956989247312,0.0464221239089965,0.0,0.0,0.0,0.0,high_preservation
627,39,23296, [...],▁[...],OK,"(23296,)",0.0009204248026494,0.8856615376087927,False,False,False,0.0075897433424508,0.008858363795024,-0.0044842362403869,0.1290322580645161,-0.0209390372037887,-0.0087794142384682,1.0,0.032258064516129,0.9597210221798332,0.990583792289536,0.6292823553085327,0.8198487758636475,0.8387096774193549,0.0469518601894378,0.0,0.0,0.0,0.0,high_preservation
628,132,4720,"!""","!""",OK,"(4720,)",0.0003324780412899,0.9616165520042502,False,False,False,0.0066825129011625,0.0074731069867328,-0.0021131634712219,0.0698924731182795,-0.0209796428680419,-0.0059152088498556,0.9946236559139784,0.0268817204301075,0.9594758913349174,0.9887899291896144,0.6292823553085327,0.8198487758636475,0.9126344086021506,0.0489821434020995,0.0,0.0,0.0,0.0,high_preservation
629,202,6889, ihm,▁ihm,OK,"(6889,)",-0.0052246602472438,1.0163500584581846,False,False,False,0.0032314079743559,0.0050179783695487,-0.0055187940597534,0.0268817204301075,-0.0209990441799163,-0.0038759900677588,1.0,0.0376344086021505,0.9737536009265124,0.9886136900078676,0.6292823553085327,0.8198487758636475,0.9663978494623656,0.049952208995819,0.0,0.0,0.0,0.0,high_preservation
630,204,3158,!!!,!!!,OK,"(3158,)",-0.0030197980102672,1.0171875037172788,False,False,False,0.0054726035043757,0.0065259032992906,-0.0033130943775177,0.0268817204301075,-0.0210157930850982,-0.0057115058104197,0.9946236559139784,0.032258064516129,0.9616560668592868,0.98909205350118,0.6292823553085327,0.8198487758636475,0.9663978494623656,0.0507896542549133,0.0,0.0,0.0,0.0,high_preservation
631,71,642,",”",",”",OK,"(642,)",0.0012573000324028,0.924309221326664,False,False,False,0.0080542405766825,0.0087962374892286,-0.0027982294559478,0.1021505376344086,-0.0210399478673934,-0.0056223536050447,0.9946236559139784,0.0295698924731182,0.9580956708307872,0.9903949645948072,0.6292823553085327,0.8198487758636475,0.8723118279569892,0.0519973933696746,0.0,0.0,0.0,0.0,high_preservation
632,62,7238,There,There,OK,"(7238,)",0.0023367667390454,0.9145377720555952,False,False,False,0.007241262864041,0.0082677005119221,-0.0022527277469635,0.1129032258064516,-0.0211133360862731,-0.0049936595142528,1.0,0.0376344086021505,0.9699758322325736,0.9801605035405192,0.6292823553085327,0.8198487758636475,0.8588709677419355,0.0556668043136596,0.0,0.0,0.0,0.0,high_preservation
633,170,30759,Produsele,Produsele,OK,"(30759,)",-0.0056491935365302,0.9841046522381486,False,False,False,0.0039722828134413,0.0061831070530799,-0.0075481534004211,0.0591397849462365,-0.0211605876684188,-0.0050890355981806,0.9946236559139784,0.0295698924731182,0.9693889850644466,0.9871723052714396,0.6292823553085327,0.8198487758636475,0.9260752688172044,0.0580293834209441,0.0,0.0,0.0,0.0,high_preservation
634,52,79, they,▁they,OK,"(79,)",0.0043862232998494,0.8973768305393958,False,False,False,0.0085992917258252,0.0090644579100352,-0.0010067224502563,0.1290322580645161,-0.0211733430624008,-0.0057975217219321,1.0,0.0349462365591397,0.9528136626320156,0.9862596380802516,0.6292823553085327,0.8198487758636475,0.8387096774193549,0.0586671531200408,0.0,0.0,0.0,0.0,high_preservation
635,31,4841, ».,▁».,OK,"(4841,)",0.0030355398613278,0.8716708117274828,False,False,False,0.0084477866529136,0.0094733805425705,-0.003431499004364,0.1505376344086021,-0.0211968570947647,-0.0060233938437636,1.0,0.0349462365591397,0.9564142718657644,0.9861274586939418,0.6292823553085327,0.8198487758636475,0.8118279569892474,0.0598428547382354,0.0,0.0,0.0,0.0,high_preservation
636,176,21444, jumatate,▁jumatate,OK,"(21444,)",-0.002081679713021,0.9875348995449724,False,False,False,0.0058218477874673,0.0068238760514925,-0.0039772093296051,0.0591397849462365,-0.0212291926145553,-0.0053928366271398,0.9946236559139784,0.0376344086021505,0.9658214318232696,0.9812053501180172,0.6292823553085327,0.8198487758636475,0.9260752688172044,0.0614596307277679,0.0,0.0,0.0,0.0,high_preservation
637,198,4819,!),!),OK,"(4819,)",-0.0027582932944579,1.0156787483281986,False,False,False,0.0055713615109843,0.006337325419149,-0.0035772919654846,0.0376344086021505,-0.0212544351816177,-0.00688454797191,1.0,0.0349462365591397,0.9647839016135604,0.9882800944138472,0.6292823553085327,0.8198487758636475,0.952956989247312,0.0627217590808868,0.0,0.0,0.0,0.0,high_preservation
638,92,5425,oir,oir,OK,"(5425,)",-0.0009778450894099,0.9355156396024972,False,False,False,0.0061424060534405,0.0075824662882794,-0.0050221681594848,0.1021505376344086,-0.0212640762329101,-0.0041209158077034,1.0,0.032258064516129,0.9607044822302642,0.9856239181746655,0.6292823553085327,0.8198487758636475,0.8723118279569892,0.0632038116455077,0.0,0.0,0.0,0.0,high_preservation
639,159,55,!,!,OK,"(55,)",4.1472519277244114e-05,0.9770399988979422,False,False,False,0.0065191649301077,0.0070438747124005,-0.0023887455463409,0.0698924731182795,-0.0212881118059158,-0.0064147310231321,1.0,0.0268817204301075,0.9371531500368708,0.9851455546813532,0.6292823553085327,0.8198487758636475,0.9126344086021506,0.0644055902957916,0.0,0.0,0.0,0.0,high_preservation
640,162,31955,regulă,regulă,OK,"(31955,)",-0.0036808569184554,0.978072649368676,False,False,False,0.0053556547049553,0.0071268225869824,-0.0061100423336029,0.0698924731182795,-0.0213087648153305,-0.0049954245808303,1.0,0.0403225806451612,0.9503734515517944,0.9798583792289534,0.6292823553085327,0.8198487758636475,0.9126344086021506,0.0654382407665252,0.0,0.0,0.0,0.0,high_preservation
641,150,784, [,▁[,OK,"(784,)",-0.0004098483791915,0.9716554578914436,False,False,False,0.0059155437254136,0.0071305007703842,-0.0031075477600097,0.075268817204301,-0.0213148295879364,-0.004736977879719,1.0,0.0349462365591397,0.9422489231346348,0.9898158929976396,0.6292823553085327,0.8198487758636475,0.9059139784946236,0.06574147939682,0.0,0.0,0.0,0.0,high_preservation
642,208,22376, linguri,▁linguri,OK,"(22376,)",-0.0044610147114082,1.0190717427320377,False,False,False,0.004533504606575,0.0060362444129041,-0.005276620388031,0.0376344086021505,-0.0213222950696945,-0.0035014665254982,1.0,0.032258064516129,0.9738413321210836,0.9812557041699448,0.6292823553085327,0.8198487758636475,0.952956989247312,0.0661147534847259,0.0,0.0,0.0,0.0,high_preservation
643,44,13, of,▁of,OK,"(13,)",0.0023629076378319,0.8917806866348431,False,False,False,0.0069230403951419,0.0078393887448054,-0.0035598278045654,0.1397849462365591,-0.0213302373886108,-0.005570271002349,1.0,0.0268817204301075,0.9585077787096092,0.99028166797797,0.6292823553085327,0.8198487758636475,0.8252688172043011,0.0665118694305419,0.0,0.0,0.0,0.0,high_preservation
644,124,19117,vious,vious,OK,"(19117,)",0.0002095571528839,0.9532592101122744,False,False,False,0.0067582146454882,0.0076941021027103,-0.003292828798294,0.0913978494623656,-0.0213501304388046,-0.0052150080921829,1.0,0.0268817204301075,0.954016339990328,0.9852525570416992,0.6292823553085327,0.8198487758636475,0.885752688172043,0.0675065219402313,0.0,0.0,0.0,0.0,high_preservation
645,197,18955, thereof,▁thereof,OK,"(18955,)",-0.0037953050787089,1.0154358529916374,False,False,False,0.0041018062701789,0.0054918224773099,-0.0048766434192657,0.043010752688172,-0.021383985877037,-0.005050229769881,1.0,0.043010752688172,0.957356884153946,0.989482297403619,0.6292823553085327,0.8198487758636475,0.946236559139785,0.0691992938518523,0.0,0.0,0.0,0.0,high_preservation
646,210,30922,rith,rith,OK,"(30922,)",-0.0035261903639121,1.0221562830991642,False,False,False,0.0044957407379663,0.0058437355103031,-0.0043387115001678,0.0376344086021505,-0.021383985877037,-0.0053856132491942,0.9946236559139784,0.0268817204301075,0.9712586851300128,0.9842014162077104,0.6292823553085327,0.8198487758636475,0.952956989247312,0.0691992938518523,0.0,0.0,0.0,0.0,high_preservation
647,186,1241,"”,","”,",OK,"(1241,)",-0.001403065442398,1.0027333453137388,False,False,False,0.0056063585704372,0.0066416005613983,-0.0030212998390197,0.053763440860215,-0.0213987529277801,-0.0059406747741083,1.0,0.0376344086021505,0.9550317787621444,0.9916915814319432,0.6292823553085327,0.8198487758636475,0.9327956989247312,0.0699376463890075,0.0,0.0,0.0,0.0,high_preservation
648,216,3229,$,$,OK,"(3229,)",-0.0023505769189326,1.0315276297830769,False,False,False,0.0047984943594983,0.0055555739710407,-0.0028916299343109,0.032258064516129,-0.0214370042085647,-0.004519143091735,1.0,0.032258064516129,0.9692331496708936,0.9916664044059796,0.6292823553085327,0.8198487758636475,0.9596774193548387,0.0718502104282378,0.0,0.0,0.0,0.0,high_preservation
649,231,1757,е,е,OK,"(1757,)",-0.0044015461799278,1.040903446815347,False,False,False,0.0031531547666877,0.004410165452188,-0.0046711266040802,0.0268817204301075,-0.0214901119470596,-0.0039576820788844,1.0,0.0295698924731182,0.9701354897252678,0.990533438237608,0.6292823553085327,0.8198487758636475,0.9663978494623656,0.0745055973529815,0.0,0.0,0.0,0.0,high_preservation
650,192,15648, lorsqu,▁lorsqu,OK,"(15648,)",-0.0043744530969409,1.0077170386750212,False,False,False,0.0057111403314016,0.0071374809229245,-0.0059877038002014,0.053763440860215,-0.0214984267950058,-0.0050421280245627,1.0,0.032258064516129,0.9464936815093484,0.9853092053501178,0.6292823553085327,0.8198487758636475,0.9327956989247312,0.0749213397502898,0.0,0.0,0.0,0.0,high_preservation
651,185,6306,[,[,OK,"(6306,)",-0.0012654514722926,1.0010033140900314,False,False,False,0.0059970457066771,0.006782845784259,-0.0031475126743316,0.0591397849462365,-0.0214985609054565,-0.0049746568484972,1.0,0.0268817204301075,0.9422490264346116,0.990583792289536,0.6292823553085327,0.8198487758636475,0.9260752688172044,0.0749280452728271,0.0,0.0,0.0,0.0,high_preservation
652,70,16702,++,++,OK,"(16702,)",0.0002683489873845,0.9209631399441792,False,False,False,0.006194755755445,0.0075801594923901,-0.0048389136791229,0.1236559139784946,-0.0215106606483459,-0.0057844051750757,1.0,0.0403225806451612,0.9600188950414684,0.990816679779701,0.6292823553085327,0.8198487758636475,0.8454301075268817,0.0755330324172973,0.0,0.0,0.0,0.0,high_preservation
653,196,5341,pping,pping,OK,"(5341,)",-0.0033951274329616,1.0151311178361215,False,False,False,0.004876908916299,0.0060152757552362,-0.0047388672828674,0.0483870967741935,-0.0215122997760772,-0.0075377366876089,0.989247311827957,0.0376344086021505,0.9621567028182152,0.9679244689221086,0.6292823553085327,0.8198487758636475,0.939516129032258,0.0756149888038635,0.0,0.0,0.0,0.0,high_preservation
654,149,135, them,▁them,OK,"(135,)",0.0009959083090546,0.9698270725947554,False,False,False,0.0064792262931023,0.0072564058085923,-0.0022278130054473,0.086021505376344,-0.0215470790863037,-0.0053939207266735,1.0,0.0376344086021505,0.96636540950103,0.98948859166011,0.6292823553085327,0.8198487758636475,0.8924731182795699,0.0773539543151855,0.0,0.0,0.0,0.0,high_preservation
655,178,395, „,▁„,OK,"(395,)",0.000338296199678,0.9902498782962882,False,False,False,0.0068364699361144,0.0074861060868027,-0.0020787119865417,0.0698924731182795,-0.0215523093938827,-0.0059851071526927,1.0,0.0349462365591397,0.9598924115984624,0.981608182533438,0.6292823553085327,0.8198487758636475,0.9126344086021506,0.0776154696941375,0.0,0.0,0.0,0.0,high_preservation
656,206,1325,ées,ées,OK,"(1325,)",-0.0039525560313655,1.018385531440858,False,False,False,0.0046626361467505,0.0062129779528546,-0.0052930414676666,0.0483870967741935,-0.0215773880481719,-0.0056217665313392,1.0,0.0376344086021505,0.9775575340288571,0.9886514555468136,0.6292823553085327,0.8198487758636475,0.939516129032258,0.0788694024085998,0.0,0.0,0.0,0.0,high_preservation
657,240,13602,ffen,ffen,OK,"(13602,)",-0.0070595251616611,1.0472505964258665,False,False,False,0.0025009689151599,0.0045959010560025,-0.007322758436203,0.0268817204301075,-0.02161705493927,-0.003795878541085,1.0,0.0295698924731182,0.9666253417569052,0.9860519276160504,0.6292823553085327,0.8198487758636475,0.9663978494623656,0.0808527469635009,0.0,0.0,0.0,0.0,high_preservation
658,169,30527,intitulé,intitulé,OK,"(30527,)",-0.0032953894426745,0.9825392596183284,False,False,False,0.0047479630798421,0.0066268758107257,-0.0062443017959594,0.0806451612903225,-0.0216669142246246,-0.0053791910089472,1.0,0.0376344086021505,0.9667602662837284,0.9887584579071595,0.6292823553085327,0.8198487758636475,0.8991935483870968,0.0833457112312316,0.0,0.0,0.0,0.0,high_preservation
659,205,15742,ón,ón,OK,"(15742,)",-0.003159705221012,1.0183810546833982,False,False,False,0.0042652534220808,0.0054978494362164,-0.0047622919082641,0.053763440860215,-0.0217117071151733,-0.0051424782122335,1.0,0.0295698924731182,0.9695942716326014,0.9880786782061368,0.6292823553085327,0.8198487758636475,0.9327956989247312,0.0855853557586669,0.0,0.0,0.0,0.0,high_preservation
660,238,7372,ès,ès,OK,"(7372,)",-0.005284961264941,1.04653607933752,False,False,False,0.0026406371785748,0.0045103642248338,-0.0058110058307647,0.032258064516129,-0.0217371731996536,-0.0044093048700722,1.0,0.032258064516129,0.9768611741281962,0.9853406766325729,0.6292823553085327,0.8198487758636475,0.9596774193548387,0.0868586599826812,0.0,0.0,0.0,0.0,high_preservation
661,253,5115,è,è,OK,"(5115,)",-0.0057958398935615,1.0601326566870497,False,False,False,0.0021367186820635,0.0038608943903318,-0.0057840943336486,0.021505376344086,-0.0217402875423431,-0.004874385492776,1.0,0.0349462365591397,0.9822891451941678,0.9907537372147912,0.6292823553085327,0.8198487758636475,0.9731182795698924,0.0870143771171569,0.0,0.0,0.0,0.0,high_preservation
662,131,6810,!”,!”,OK,"(6810,)",0.0011924032402294,0.9607447956198004,False,False,False,0.0071371407598577,0.0079451831438208,-0.0028266906738281,0.1021505376344086,-0.0217686593532562,-0.0079208942510748,1.0,0.032258064516129,0.9485679893146504,0.9902124311565697,0.6292823553085327,0.8198487758636475,0.8723118279569892,0.0884329676628112,0.0,0.0,0.0,0.0,high_preservation
663,222,5663,iţi,iţi,OK,"(5663,)",-0.0034834953004954,1.0355047368875114,False,False,False,0.0045881240919072,0.0058499103592288,-0.0045447647571563,0.043010752688172,-0.0217853635549545,-0.0039549421879553,1.0,0.0295698924731182,0.9779197332617516,0.9830306845003934,0.6292823553085327,0.8198487758636475,0.946236559139785,0.0892681777477264,0.0,0.0,0.0,0.0,high_preservation
664,126,30917, implique,▁implique,OK,"(30917,)",-0.0009966858612593,0.9556828647531488,False,False,False,0.0073136413289654,0.008599470379532,-0.0052829384803771,0.1075268817204301,-0.0218018293380737,-0.0060719174723471,0.989247311827957,0.0376344086021505,0.9744026937092232,0.9873422501966954,0.6292823553085327,0.8198487758636475,0.8655913978494624,0.0900914669036865,0.0,0.0,0.0,0.0,high_preservation
665,42,599,(,(,OK,"(599,)",0.0047390783746396,0.888561265122506,False,False,False,0.0094086588710866,0.0100539169644796,-0.0022352635860443,0.1612903225806451,-0.0218034833669662,-0.0057877379079018,1.0,0.0295698924731182,0.9393210181068626,0.987147128245476,0.6292823553085327,0.8198487758636475,0.7983870967741936,0.0901741683483123,0.0,0.0,0.0,0.0,high_preservation
666,43,17332,namely,namely,OK,"(17332,)",0.0025244238395844,0.8886052235480278,False,False,False,0.0080542460244189,0.0092796276333511,-0.0044498741626739,0.1612903225806451,-0.0218043625354766,-0.0072834152047352,1.0,0.0403225806451612,0.9595131973836776,0.9882045633359556,0.6292823553085327,0.8198487758636475,0.7983870967741936,0.0902181267738342,0.0,0.0,0.0,0.0,high_preservation
667,203,27365,tuşi,tuşi,OK,"(27365,)",-0.0036136889569861,1.0165534208538711,False,False,False,0.0047082048590465,0.0062380266445939,-0.0054802000522613,0.0591397849462365,-0.0218095630407333,-0.0050096076021912,1.0,0.0295698924731182,0.9620641017675952,0.986599527930763,0.6292823553085327,0.8198487758636475,0.9260752688172044,0.0904781520366668,0.0,0.0,0.0,0.0,high_preservation
668,223,20351,üchte,üchte,OK,"(20351,)",-0.0055021084124042,1.0381549019967355,False,False,False,0.0040507712351378,0.0060643675506755,-0.0068228244781494,0.0483870967741935,-0.0219727754592895,-0.0037693192241012,1.0,0.0376344086021505,0.9500128903613893,0.979518489378442,0.6292823553085327,0.8198487758636475,0.939516129032258,0.0986387729644775,0.0,0.0,0.0,0.0,high_preservation
669,224,34, it,▁it,OK,"(34,)",-0.0024958512956096,1.0387733001862802,False,False,False,0.0044924744995691,0.0056458150827756,-0.0038159489631652,0.0483870967741935,-0.0219851434230804,-0.0042584516027922,1.0,0.0349462365591397,0.9623804653250756,0.985812745869394,0.6292823553085327,0.8198487758636475,0.939516129032258,0.0992571711540221,0.0,0.0,0.0,0.0,high_preservation
670,225,8724, в,▁в,OK,"(8724,)",-0.0037955074781371,1.0388694126759803,False,False,False,0.0038451562004704,0.0054495879398879,-0.0051155090332031,0.0483870967741935,-0.0219870656728744,-0.0055563433836865,1.0,0.0349462365591397,0.9685393575125132,0.986461054287962,0.6292823553085327,0.8198487758636475,0.939516129032258,0.0993532836437225,0.0,0.0,0.0,0.0,high_preservation
671,134,17132,itty,itty,OK,"(17132,)",0.0001803531361523,0.9658491819776516,False,False,False,0.0064094999144154,0.0076389809449513,-0.0040957331657409,0.1075268817204301,-0.0220051556825637,-0.0059548924046178,1.0,0.0376344086021505,0.9645918964709924,0.9856302124311564,0.6292823553085327,0.8198487758636475,0.8655913978494624,0.100257784128189,0.0,0.0,0.0,0.0,high_preservation
672,257,10192, ridicat,▁ridicat,OK,"(10192,)",-0.0056034656461849,1.0677173413256162,False,False,False,0.0038166847280276,0.0054452223803407,-0.005846232175827,0.0268817204301075,-0.022026389837265,-0.0051969171211283,1.0,0.0403225806451612,0.9532611581314568,0.9846986624704954,0.6292823553085327,0.8198487758636475,0.9663978494623656,0.1013194918632507,0.0,0.0,0.0,0.0,high_preservation
673,50,10889, somit,▁somit,OK,"(10889,)",0.0046400641401608,0.8935345212618511,False,False,False,0.0089560545259906,0.0096699714019734,-0.0025914013385772,0.1666666666666666,-0.0220373570919036,-0.0058483244270406,1.0,0.0349462365591397,0.9471591252026708,0.9833391030684498,0.6292823553085327,0.8198487758636475,0.7916666666666667,0.1018678545951843,0.0,0.0,0.0,0.0,high_preservation
674,168,20637, gewisse,▁gewisse,OK,"(20637,)",-0.0006896539080527,0.9812145271608906,False,False,False,0.0071497841547894,0.0082370326403648,-0.0044261813163757,0.0967741935483871,-0.0220436453819274,-0.0059841143828566,1.0,0.0403225806451612,0.9507244648729166,0.9832006294256488,0.6292823553085327,0.8198487758636475,0.8790322580645161,0.1021822690963744,0.0,0.0,0.0,0.0,high_preservation
675,242,2197,ities,ities,OK,"(2197,)",-0.002296749686682,1.0488986456266014,False,False,False,0.0051683257984858,0.0062414316400404,-0.0033446252346038,0.043010752688172,-0.0220532417297363,-0.0051457273062839,1.0,0.0376344086021505,0.9721518905150108,0.9890983477576708,0.6292823553085327,0.8198487758636475,0.946236559139785,0.1026620864868163,0.0,0.0,0.0,0.0,high_preservation
676,4,886, Some,▁Some,OK,"(886,)",0.0140203217184671,0.7288914310034885,False,False,False,0.0147692035603266,0.0152891247823674,7.179379463195801e-05,0.3010752688172043,-0.0221047103404998,-0.0051020729926324,1.0,0.0376344086021505,0.9390362790994188,0.9836475216365064,0.6292823553085327,0.8198487758636475,0.6236559139784946,0.1052355170249938,0.0,0.0,0.0,0.0,high_preservation
677,207,6872,eşti,eşti,OK,"(6872,)",-0.002849687283398,1.0189785720199669,False,False,False,0.0045981934314133,0.0061928625068356,-0.0052379667758941,0.0698924731182795,-0.0221268832683563,-0.0042911014890158,1.0,0.032258064516129,0.9693300598062592,0.9793800157356412,0.6292823553085327,0.8198487758636475,0.9126344086021506,0.1063441634178161,0.0,0.0,0.0,0.0,high_preservation
678,190,17119, erhält,▁erhält,OK,"(17119,)",-0.003121325998537,1.0068400732932552,False,False,False,0.0058144500819585,0.0073629816373189,-0.0060459375381469,0.0806451612903225,-0.0221529304981231,-0.0064380476551671,1.0,0.0456989247311828,0.9402452725134554,0.9800849724626276,0.6292823553085327,0.8198487758636475,0.8991935483870968,0.1076465249061584,0.0,0.0,0.0,0.0,high_preservation
679,267,6376,eşte,eşte,OK,"(6376,)",-0.0067728737589492,1.07519250883851,False,False,False,0.0030805595139021,0.0049131728949085,-0.0070081651210784,0.0268817204301075,-0.0221758931875228,-0.0047459512628534,1.0,0.0295698924731182,0.961774183004173,0.9803619197482296,0.6292823553085327,0.8198487758636475,0.9663978494623656,0.1087946593761443,0.0,0.0,0.0,0.0,high_preservation
680,21,10573,lorsque,lorsque,OK,"(10573,)",0.0058410145903146,0.8565602251278457,False,False,False,0.0104977892291161,0.011359705880124,-0.0032621026039123,0.2043010752688172,-0.0222387313842773,-0.0057505670414176,0.9946236559139784,0.0403225806451612,0.9302276096931384,0.9838174665617624,0.6292823553085327,0.8198487758636475,0.7446236559139785,0.1119365692138671,0.0,0.0,0.0,0.0,high_preservation
681,183,1853, THE,▁THE,OK,"(1853,)",0.0013056455921101,0.9989573462035066,False,False,False,0.0077810252225527,0.0084756859528121,-0.0021510422229766,0.0913978494623656,-0.0222640931606292,-0.0062954409789013,1.0,0.032258064516129,0.9508117533533016,0.9795121951219512,0.6292823553085327,0.8198487758636475,0.885752688172043,0.1132046580314636,0.0,0.0,0.0,0.0,high_preservation
682,218,106,on,on,OK,"(106,)",-0.0006310551397262,1.0327934449718843,False,False,False,0.0059047956620493,0.0066522239677367,-0.0027434229850769,0.064516129032258,-0.0222687721252441,-0.0048374600948825,1.0,0.0295698924731182,0.9508555820577383,0.987380015735641,0.6292823553085327,0.8198487758636475,0.9193548387096776,0.113438606262207,0.0,0.0,0.0,0.0,high_preservation
683,193,13040,Ainsi,Ainsi,OK,"(13040,)",-0.0025247920264479,1.0080366301280197,False,False,False,0.0071628785902454,0.0085095670274508,-0.0057103037834167,0.086021505376344,-0.0223112702369689,-0.0076664404202533,1.0,0.043010752688172,0.9605176716008146,0.9874240755310776,0.6292823553085327,0.8198487758636475,0.8924731182795699,0.1155635118484496,0.0,0.0,0.0,0.0,high_preservation
684,157,11903,anumite,anumite,OK,"(11903,)",-0.0004560506151568,0.9758232678136518,False,False,False,0.0074617667223817,0.0086160824503949,-0.0049842596054077,0.1129032258064516,-0.0223390460014343,-0.0052746845188961,1.0,0.032258064516129,0.9444252765598627,0.9862722265932334,0.6292823553085327,0.8198487758636475,0.8588709677419355,0.1169523000717162,0.0,0.0,0.0,0.0,high_preservation
685,215,10646,tial,tial,OK,"(10646,)",-0.0013333533159507,1.0303414524883352,False,False,False,0.0063269268120488,0.0074385555200679,-0.0037102699279785,0.0698924731182795,-0.0223541408777236,-0.0043063827099338,1.0,0.0403225806451612,0.9597923581923744,0.9806514555468132,0.6292823553085327,0.8198487758636475,0.9126344086021506,0.1177070438861846,0.0,0.0,0.0,0.0,high_preservation
686,35,270, here,▁here,OK,"(270,)",0.0079331102871125,0.8760181742329751,False,False,False,0.0114048655315112,0.0119298783040815,-0.0006263554096221,0.1935483870967742,-0.0223590731620788,-0.0053340744587682,1.0,0.0403225806451612,0.9491571238394062,0.976119590873328,0.6292823553085327,0.8198487758636475,0.7580645161290323,0.1179536581039428,0.0,0.0,0.0,0.0,high_preservation
687,228,15188,wirken,wirken,OK,"(15188,)",-0.0029292724065242,1.0395101433800114,False,False,False,0.0054369748279612,0.0067005453891651,-0.0050349235534667,0.064516129032258,-0.0224031060934066,-0.004462029023837,1.0,0.0349462365591397,0.9684174487827648,0.9890983477576708,0.6292823553085327,0.8198487758636475,0.9193548387096776,0.1201553046703338,0.0,0.0,0.0,0.0,high_preservation
688,130,2932, thus,▁thus,OK,"(2932,)",0.0022597203331608,0.960489954999698,False,False,False,0.0078572262358921,0.0089388202915909,-0.0038779079914093,0.1451612903225806,-0.0224087238311767,-0.0067378727979557,1.0,0.0510752688172043,0.9406391405678044,0.988934697088906,0.6292823553085327,0.8198487758636475,0.8185483870967742,0.1204361915588378,0.0,0.021505376344086,0.0,0.0,high_preservation
689,264,22863,țul,țul,OK,"(22863,)",-0.0074221444065852,1.0734617261476411,False,False,False,0.0033584104109835,0.0055840388741544,-0.0081833600997924,0.0376344086021505,-0.0224100947380065,-0.0044595720947429,1.0,0.032258064516129,0.962286049146292,0.9859952793076318,0.6292823553085327,0.8198487758636475,0.952956989247312,0.1205047369003295,0.0,0.0,0.0,0.0,high_preservation
690,308,18123,adică,adică,OK,"(18123,)",-0.0072551198063358,1.1009856866252037,False,False,False,0.0028077557843218,0.004885987568927,-0.0069404244422912,0.0161290322580645,-0.0224229395389556,-0.0059984720522357,1.0,0.0376344086021505,0.9662276073319964,0.9881038552321006,0.6292823553085327,0.8198487758636475,0.9798387096774194,0.1211469769477844,0.0,0.0,0.0,0.0,high_preservation
691,146,38, as,▁as,OK,"(38,)",0.0027512676372963,0.967158974819286,False,False,False,0.0078582116352614,0.0086950704615603,-0.0023097991943359,0.1236559139784946,-0.022434577345848,-0.0057055626505164,1.0,0.043010752688172,0.9585182120072646,0.985560975609756,0.6292823553085327,0.8198487758636475,0.8454301075268817,0.1217288672924041,0.0,0.0,0.0,0.0,high_preservation
692,41,68, but,▁but,OK,"(68,)",0.0080801949225446,0.8866024754380667,False,False,False,0.0117950258396005,0.0120587421040381,-0.0002065896987915,0.1881720430107527,-0.0224363505840301,-0.0068231635196234,1.0,0.0295698924731182,0.9529173315372912,0.9859323367427222,0.6292823553085327,0.8198487758636475,0.7647849462365591,0.1218175292015075,0.0,0.0,0.0,0.0,high_preservation
693,199,14738,Potrivit,Potrivit,OK,"(14738,)",-0.0037817981054065,1.0158187615615064,False,False,False,0.0065471648529011,0.0082739913655865,-0.0069595277309417,0.086021505376344,-0.0224669128656387,-0.0063304058326187,1.0,0.0403225806451612,0.9522007395983196,0.9767364280094412,0.6292823553085327,0.8198487758636475,0.8924731182795699,0.1233456432819366,0.0,0.0,0.0,0.0,high_preservation
694,250,5060,decât,decât,OK,"(5060,)",-0.0034417178922442,1.0562531009156215,False,False,False,0.0057409702129261,0.0069217255679509,-0.0050064325332641,0.053763440860215,-0.0224691480398178,-0.0053873895316995,1.0,0.0376344086021505,0.94418005717211,0.979675845790716,0.6292823553085327,0.8198487758636475,0.9327956989247312,0.1234574019908904,0.0,0.0,0.0,0.0,high_preservation
695,214,16321, deschide,▁deschide,OK,"(16321,)",-0.0027340786030856,1.0300151106490882,False,False,False,0.0056540230589528,0.0071205407060602,-0.0053734183311462,0.075268817204301,-0.0224820226430892,-0.0049236657158021,1.0,0.0403225806451612,0.9565593640617316,0.9796569630212428,0.6292823553085327,0.8198487758636475,0.9059139784946236,0.1241011321544647,0.0,0.0,0.0,0.0,high_preservation
696,303,1603,!!,!!,OK,"(1603,)",-0.0029342499551593,1.0982788842852398,False,False,False,0.0044872344181101,0.005171335833047,-0.0028843581676483,0.021505376344086,-0.0225032120943069,-0.0059810210299748,1.0,0.032258064516129,0.9663526445753272,0.9884374508261212,0.6292823553085327,0.8198487758636475,0.9731182795698924,0.1251606047153472,0.0,0.0,0.0,0.0,high_preservation
697,79,20651,pertaining,pertaining,OK,"(20651,)",0.0015990510422696,0.9312180806231756,False,False,False,0.00763532487295,0.0088023133175347,-0.00507053732872,0.1559139784946236,-0.0225222110748291,-0.0059874086610732,1.0,0.032258064516129,0.9639383322750004,0.985554681353265,0.6292823553085327,0.8198487758636475,0.8051075268817205,0.126110553741455,0.0,0.0,0.0,0.0,high_preservation
698,219,6031,tting,tting,OK,"(6031,)",-0.000128705935773,1.0328522917403968,False,False,False,0.0069932929610693,0.0076612540150201,-0.0027652084827423,0.075268817204301,-0.0225387662649154,-0.0045742459835544,0.9946236559139784,0.0349462365591397,0.950807370482858,0.9840755310778914,0.6292823553085327,0.8198487758636475,0.9059139784946236,0.1269383132457733,0.0,0.0,0.0,0.0,high_preservation
699,288,289, sich,▁sich,OK,"(289,)",-0.0048432781811683,1.089379152944011,False,False,False,0.004338258536913,0.0058076298365028,-0.0053264796733856,0.032258064516129,-0.0225940346717834,-0.0041690260492345,1.0,0.0456989247311828,0.9534912662083196,0.9845413060582218,0.6292823553085327,0.8198487758636475,0.9596774193548387,0.1297017335891723,0.0,0.0,0.0,0.0,high_preservation
700,158,634,The,The,OK,"(634,)",0.0016341640904385,0.9762717799473836,False,False,False,0.0088286975058176,0.0098454056568043,-0.0034177899360656,0.1236559139784946,-0.02261683344841,-0.0072885139655041,1.0,0.0349462365591397,0.9443157343130498,0.9760251770259636,0.6292823553085327,0.8198487758636475,0.8454301075268817,0.1308416724205016,0.0,0.0,0.0,0.0,high_preservation
701,116,4065,with,with,OK,"(4065,)",0.0023636268752236,0.949995791719806,False,False,False,0.0086111758024461,0.009483094657621,-0.0037629902362823,0.1451612903225806,-0.0226289480924606,-0.0063894000104678,1.0,0.0403225806451612,0.964186488333522,0.985038552321007,0.6292823553085327,0.8198487758636475,0.8185483870967742,0.1314474046230316,0.0,0.0,0.0,0.0,high_preservation
702,57,1433,ence,ence,OK,"(1433,)",0.0044561376414632,0.9031330850175632,False,False,False,0.0105545394202714,0.0116396381329464,-0.0035520195960998,0.1827956989247312,-0.0226325541734695,-0.0052777073716604,1.0,0.0376344086021505,0.9397413014409908,0.9739228953579856,0.6292823553085327,0.8198487758636475,0.771505376344086,0.1316277086734771,0.0,0.0,0.0,0.0,high_preservation
703,194,24840,poţi,poţi,OK,"(24840,)",-0.0002254626202967,1.0106987097570972,False,False,False,0.0072741373892753,0.0084482940935319,-0.0039325058460235,0.0967741935483871,-0.0226333290338516,-0.0046936581211705,1.0,0.0376344086021505,0.9373038056744448,0.9839055861526356,0.6292823553085327,0.8198487758636475,0.8790322580645161,0.1316664516925811,0.0,0.0,0.0,0.0,high_preservation
704,297,2795,и,и,OK,"(2795,)",-0.0025896079357593,1.0961703571581072,False,False,False,0.0056432286898295,0.0064059888483375,-0.0030660182237625,0.032258064516129,-0.0227298587560653,-0.0060287191662737,1.0,0.0349462365591397,0.9665746362254428,0.9872918961447678,0.6292823553085327,0.8198487758636475,0.9596774193548387,0.1364929378032684,0.0,0.0,0.0,0.0,high_preservation
705,15,17134, (+,▁(+,OK,"(17134,)",0.0072282968669809,0.8278188141443397,False,False,False,0.0111761661947414,0.0121923723528462,-0.0040003359317779,0.2473118279569892,-0.0227391719818115,-0.006458326693504,1.0,0.032258064516129,0.9392829742011256,0.9838867033831628,0.6292823553085327,0.8198487758636475,0.6908602150537635,0.1369585990905761,0.0,0.0,0.0,0.0,high_preservation
706,279,1439,â,â,OK,"(1439,)",-0.0048185871894,1.0848052286973564,False,False,False,0.0043980061046538,0.0058223736542527,-0.005830556154251,0.043010752688172,-0.0227713733911514,-0.0050269102537503,1.0,0.032258064516129,0.9651596626576928,0.976906372934697,0.6292823553085327,0.8198487758636475,0.946236559139785,0.1385686695575713,0.0,0.0,0.0,0.0,high_preservation
707,63,3553, regard,▁regard,OK,"(3553,)",0.0023797149619748,0.9173689157732072,False,False,False,0.0087290029692393,0.0098904762216793,-0.005352109670639,0.1774193548387097,-0.0227828621864318,-0.0063606221829691,1.0,0.0403225806451612,0.9584838278721344,0.9806703383162862,0.6292823553085327,0.8198487758636475,0.7782258064516129,0.1391431093215942,0.0,0.0,0.0,0.0,high_preservation
708,256,18402,èrent,èrent,OK,"(18402,)",-0.0037992695086104,1.0662353823902786,False,False,False,0.0053770678338184,0.0069434541848398,-0.0056160986423492,0.0591397849462365,-0.0228032022714614,-0.0050450050702659,0.9946236559139784,0.032258064516129,0.980663587245168,0.9728339889850508,0.6292823553085327,0.8198487758636475,0.9260752688172044,0.1401601135730743,0.0,0.0,0.0,0.0,high_preservation
709,273,144,at,at,OK,"(144,)",-0.0023060373240901,1.0805084724580087,False,False,False,0.0061678120525934,0.0070388394017373,-0.003584399819374,0.0483870967741935,-0.022819846868515,-0.004959136888545,1.0,0.0456989247311828,0.9494464965886658,0.9895578284815104,0.6292823553085327,0.8198487758636475,0.939516129032258,0.1409923434257507,0.0,0.0,0.0,0.0,high_preservation
710,184,1628,ations,ations,OK,"(1628,)",-0.0021506315277468,1.0003416384420087,False,False,False,0.0048298148378249,0.0065680075717228,-0.0066543221473693,0.1129032258064516,-0.0228294134140014,-0.0056562821070353,1.0,0.0403225806451612,0.9679273936928868,0.9880975609756096,0.6292823553085327,0.8198487758636475,0.8588709677419355,0.1414706707000732,0.0,0.0,0.0,0.0,high_preservation
711,497,3820,ell,ell,OK,"(3820,)",-0.0027973191552264,1.197148912055518,False,False,False,0.0053606638985295,0.0065978715817133,-0.0046122670173645,0.0591397849462365,-0.0228408277034759,-0.0053414728051872,1.0,0.0564516129032258,0.9677379562925992,0.9870527143981116,0.6292823553085327,0.8198487758636475,0.9260752688172044,0.1420413851737975,0.0,0.129032258064516,0.0,0.0,high_preservation
712,156,2610,izing,izing,OK,"(2610,)",-0.0009565915151308,0.9751497096912836,False,False,False,0.0062237992402045,0.0079998441280857,-0.0065338611602783,0.1344086021505376,-0.0228632092475891,-0.0052515672099205,1.0,0.0376344086021505,0.9611532911151248,0.9852273800157356,0.6292823553085327,0.8198487758636475,0.831989247311828,0.1431604623794555,0.0,0.0,0.0,0.0,high_preservation
713,255,26493, ține,▁ține,OK,"(26493,)",-0.0016427411667762,1.06368504224285,False,False,False,0.0056838194529215,0.0068197827185353,-0.0037242174148559,0.064516129032258,-0.0228866040706634,-0.0046371378565347,1.0,0.0403225806451612,0.9637191297242584,0.9871723052714396,0.6292823553085327,0.8198487758636475,0.9193548387096776,0.1443302035331725,0.0,0.0,0.0,0.0,high_preservation
714,217,15067,iene,iene,OK,"(15067,)",-0.0009499394525122,1.0325706405665285,False,False,False,0.0059606407278327,0.0073257354638909,-0.004373013973236,0.0913978494623656,-0.0229363590478897,-0.0045948092655469,1.0,0.0295698924731182,0.9674524203996204,0.9808780487804876,0.6292823553085327,0.8198487758636475,0.885752688172043,0.1468179523944854,0.0,0.0,0.0,0.0,high_preservation
715,295,12641,emis,emis,OK,"(12641,)",-0.0054154479856132,1.0941132390370931,False,False,False,0.0036883496789522,0.0053696408066698,-0.0064181089401245,0.043010752688172,-0.0229575335979461,-0.0050201624311426,1.0,0.0349462365591397,0.9550360140611928,0.9823131392604249,0.6292823553085327,0.8198487758636475,0.946236559139785,0.1478766798973083,0.0,0.0,0.0,0.0,high_preservation
716,254,19213,ntă,ntă,OK,"(19213,)",-0.003650845979811,1.0622791112751089,False,False,False,0.0055716239636944,0.0072284558767913,-0.005995824933052,0.0698924731182795,-0.0229928940534591,-0.005067939078936,0.9946236559139784,0.0349462365591397,0.962524480249856,0.9791408339889848,0.6292823553085327,0.8198487758636475,0.9126344086021506,0.1496447026729583,0.0,0.0,0.0,0.0,high_preservation
717,270,107,h,h,OK,"(107,)",-0.0012697318068114,1.0771109961694283,False,False,False,0.0057175428636612,0.0068017635294186,-0.0038834810256958,0.075268817204301,-0.0229938328266143,-0.0062269459488571,0.9946236559139784,0.0510752688172043,0.9612994015537202,0.9831880409126672,0.6292823553085327,0.8198487758636475,0.9059139784946236,0.1496916413307189,0.0,0.021505376344086,0.0,0.0,high_preservation
718,147,969,by,by,OK,"(969,)",0.0018659996169228,0.9686699269279356,False,False,False,0.0075820530614545,0.0086156016075482,-0.004241943359375,0.1451612903225806,-0.0230024307966232,-0.005651512774088,0.9946236559139784,0.0376344086021505,0.948672425591182,0.9865491738788356,0.6292823553085327,0.8198487758636475,0.8185483870967742,0.1501215398311614,0.0,0.0,0.0,0.0,high_preservation
719,148,1836,ach,ach,OK,"(1836,)",0.001370918222012,0.9688837585910676,False,False,False,0.008854432612337,0.0100909766330513,-0.0047368109226226,0.1451612903225806,-0.0230067074298858,-0.0063019513442952,0.9946236559139784,0.032258064516129,0.94009433649023,0.9636884343036978,0.6292823553085327,0.8198487758636475,0.8185483870967742,0.1503353714942931,0.0,0.0,0.0,0.0,high_preservation
720,200,27285, furnizat,▁furnizat,OK,"(27285,)",-0.001059676794916,1.0159915893949487,False,False,False,0.0072683398762056,0.0086255933969251,-0.005285620689392,0.1075268817204301,-0.0230080038309097,-0.0063152566391934,1.0,0.0403225806451612,0.9301564802805508,0.9764657749803304,0.6292823553085327,0.8198487758636475,0.8655913978494624,0.1504001915454864,0.0,0.0,0.0,0.0,high_preservation
721,195,17482, (0,▁(0,OK,"(17482,)",0.0011882411135781,1.011428847428291,False,False,False,0.007832736898494,0.0087864306024325,-0.0033043622970581,0.1129032258064516,-0.0230511575937271,-0.0067512908930419,0.9946236559139784,0.0456989247311828,0.9468362389895136,0.984799370574351,0.6292823553085327,0.8198487758636475,0.8588709677419355,0.1525578796863555,0.0,0.0,0.0,0.0,high_preservation
722,236,15271,oară,oară,OK,"(15271,)",-0.0027692187537429,1.0454564261180097,False,False,False,0.0044101479873862,0.0061553912137144,-0.0059173107147216,0.086021505376344,-0.0230596661567688,-0.0054436912459711,1.0,0.0349462365591397,0.952601484479695,0.9789897718332022,0.6292823553085327,0.8198487758636475,0.8924731182795699,0.1529833078384399,0.0,0.0,0.0,0.0,high_preservation
723,244,8048,this,this,OK,"(8048,)",-0.0006199050654647,1.050612227891081,False,False,False,0.0060655747049598,0.0071412395405512,-0.0037628412246704,0.086021505376344,-0.0231627821922302,-0.0051014359279345,1.0,0.043010752688172,0.9381500981128422,0.984497246262785,0.6292823553085327,0.8198487758636475,0.8924731182795699,0.1581391096115112,0.0,0.0,0.0,0.0,high_preservation
724,263,3091, soit,▁soit,OK,"(3091,)",-0.0018138434938205,1.0724692703575216,False,False,False,0.0058283656835556,0.0068643214882061,-0.0041486322879791,0.0698924731182795,-0.0231966972351074,-0.0050424904592575,0.9946236559139784,0.0456989247311828,0.955986359090494,0.9853847364280092,0.6292823553085327,0.8198487758636475,0.9126344086021506,0.159834861755371,0.0,0.0,0.0,0.0,high_preservation
725,292,25495, inchis,▁inchis,OK,"(25495,)",-0.0042495046251563,1.0929643466908443,False,False,False,0.0048047473994634,0.0062527779930381,-0.005777508020401,0.053763440860215,-0.0232033729553222,-0.0045950406341142,1.0,0.0483870967741935,0.963155288936676,0.9784295830055074,0.6292823553085327,0.8198487758636475,0.9327956989247312,0.1601686477661132,0.0,0.0,0.0,0.0,high_preservation
726,294,26757,niei,niei,OK,"(26757,)",-0.0015702646666316,1.0938770428139677,False,False,False,0.0053727477788925,0.0063661593262867,-0.0030973553657531,0.053763440860215,-0.0232216268777847,-0.0059531677153802,1.0,0.043010752688172,0.9677626449870514,0.9810416994492523,0.6292823553085327,0.8198487758636475,0.9327956989247312,0.1610813438892364,0.0,0.0,0.0,0.0,high_preservation
727,265,2044,о,о,OK,"(2044,)",-0.0016497645727408,1.0744488896221245,False,False,False,0.0056696101542442,0.0068210943411755,-0.0039825737476348,0.0698924731182795,-0.0232362896203994,-0.0075429767690679,1.0,0.043010752688172,0.9614194656410258,0.9859638080251768,0.6292823553085327,0.8198487758636475,0.9126344086021506,0.1618144810199737,0.0,0.0,0.0,0.0,high_preservation
728,386,7079,′′,′′,OK,"(7079,)",-0.0061097157177745,1.1357389134104534,False,False,False,0.0030189265487014,0.0048274933010019,-0.0060223639011383,0.021505376344086,-0.0232524126768112,-0.006548080072608,1.0,0.0456989247311828,0.971721232911786,0.9880786782061368,0.6292823553085327,0.8198487758636475,0.9731182795698924,0.1626206338405608,0.0,0.0,0.0,0.0,high_preservation
729,296,12610,ţei,ţei,OK,"(12610,)",-0.0035725567930488,1.0957478836018553,False,False,False,0.0044877569201172,0.0059805472371398,-0.0050977766513824,0.053763440860215,-0.0232590436935424,-0.005451238283547,1.0,0.0349462365591397,0.9622825221899418,0.9852336742722264,0.6292823553085327,0.8198487758636475,0.9327956989247312,0.162952184677124,0.0,0.0,0.0,0.0,high_preservation
730,287,26502,jenigen,jenigen,OK,"(26502,)",-0.0023754635565383,1.0892427752735794,False,False,False,0.0053056496125395,0.0065683842666687,-0.0041692852973937,0.0591397849462365,-0.0232633501291275,-0.0050207998162956,1.0,0.032258064516129,0.9533436652986308,0.9840755310778914,0.6292823553085327,0.8198487758636475,0.9260752688172044,0.1631675064563751,0.0,0.0,0.0,0.0,high_preservation
731,348,16607,Acesta,Acesta,OK,"(16607,)",-0.0012911288488295,1.118953482438159,False,False,False,0.0061859307430123,0.0076159479156617,-0.0049651861190795,0.0967741935483871,-0.0232930481433868,-0.0064759353796641,0.9946236559139784,0.053763440860215,0.9619562270775508,0.977428796223446,0.6292823553085327,0.8198487758636475,0.8790322580645161,0.164652407169342,0.0,0.075268817204301,0.0,0.0,high_preservation
732,381,8991,Th,Th,OK,"(8991,)",-0.0009679932107207,1.1325239827555993,False,False,False,0.0072196943144644,0.0081608758498263,-0.0041042864322662,0.086021505376344,-0.0232956409454345,-0.0060719748338063,0.9946236559139784,0.053763440860215,0.9459700981984336,0.9802360346184106,0.6292823553085327,0.8198487758636475,0.8924731182795699,0.1647820472717285,0.0,0.075268817204301,0.0,0.0,high_preservation
733,346,18457, varsta,▁varsta,OK,"(18457,)",-0.0046086971397681,1.1179975716657535,False,False,False,0.0056950900182929,0.0069455201587369,-0.0053253769874572,0.0376344086021505,-0.0233008116483688,-0.0054021878268129,1.0,0.0483870967741935,0.9554631889794865,0.9873107789142408,0.6292823553085327,0.8198487758636475,0.952956989247312,0.1650405824184417,0.0,0.0,0.0,0.0,high_preservation
734,272,229, ist,▁ist,OK,"(229,)",-0.0015460510007155,1.0781130851596914,False,False,False,0.0053319235642751,0.006460633970076,-0.003875195980072,0.0698924731182795,-0.0233095735311508,-0.0046211535571723,0.9946236559139784,0.0349462365591397,0.9676067062935216,0.982401258851298,0.6292823553085327,0.8198487758636475,0.9126344086021506,0.1654786765575408,0.0,0.0,0.0,0.0,high_preservation
735,280,7830,ulation,ulation,OK,"(7830,)",-0.0030466875962672,1.0849825268791569,False,False,False,0.0045388908155502,0.0060634238104666,-0.0051068663597106,0.064516129032258,-0.0233125537633895,-0.0050808668777506,1.0,0.0403225806451612,0.9659097533034228,0.9887269866247048,0.6292823553085327,0.8198487758636475,0.9193548387096776,0.1656276881694793,0.0,0.0,0.0,0.0,high_preservation
736,334,5290,izat,izat,OK,"(5290,)",-0.003463719224417,1.1123477899900047,False,False,False,0.0037798075586236,0.0053192349851772,-0.0044481456279754,0.043010752688172,-0.0233222246170043,-0.0042842530435131,0.9946236559139784,0.032258064516129,0.98043976570975,0.9870212431156568,0.6292823553085327,0.8198487758636475,0.946236559139785,0.1661112308502197,0.0,0.0,0.0,0.0,high_preservation
737,304,11555,ţine,ţine,OK,"(11555,)",-0.0055437606268672,1.0991639748055448,False,False,False,0.003494153900813,0.005680961314068,-0.0070655643939971,0.053763440860215,-0.0233273655176162,-0.0047333788487219,1.0,0.0483870967741935,0.95996225713991,0.9789520062942566,0.6292823553085327,0.8198487758636475,0.9327956989247312,0.1663682758808135,0.0,0.0,0.0,0.0,high_preservation
738,306,23158, pierdere,▁pierdere,OK,"(23158,)",-0.0029921684854774,1.0996341064412107,False,False,False,0.0060236836953829,0.007308917981322,-0.0045135021209716,0.053763440860215,-0.0233367681503295,-0.0040993658445214,1.0,0.043010752688172,0.9440800923088594,0.9818284815106212,0.6292823553085327,0.8198487758636475,0.9327956989247312,0.1668384075164794,0.0,0.0,0.0,0.0,high_preservation
739,237,12469,iding,iding,OK,"(12469,)",1.3851518592527048e-05,1.0460129716703968,False,False,False,0.0062822568160231,0.0074613884251604,-0.0036578774452209,0.0967741935483871,-0.0233396142721176,-0.0050760026900999,1.0,0.0483870967741935,0.9510115207512684,0.9862155782848152,0.6292823553085327,0.8198487758636475,0.8790322580645161,0.1669807136058807,0.0,0.0,0.0,0.0,high_preservation
740,337,8202,ê,ê,OK,"(8202,)",-0.0055709132904647,1.1135011398664083,False,False,False,0.0027541952427997,0.0046215046157119,-0.0065541863441467,0.043010752688172,-0.0233452916145324,-0.0051263195853079,1.0,0.0349462365591397,0.9722349141820688,0.9855106215578282,0.6292823553085327,0.8198487758636475,0.946236559139785,0.1672645807266235,0.0,0.0,0.0,0.0,high_preservation
741,251,17,t,t,OK,"(17,)",0.0003178697119476,1.059806244347685,False,False,False,0.0071858879058591,0.0080616567083584,-0.0028158724308013,0.086021505376344,-0.0233466625213623,-0.0044076561286885,0.9946236559139784,0.0349462365591397,0.9549094715896288,0.9773217938630998,0.6292823553085327,0.8198487758636475,0.8924731182795699,0.1673331260681152,0.0,0.0,0.0,0.0,high_preservation
742,370,30412,cuprinse,cuprinse,OK,"(30412,)",-0.0058223098035781,1.1289223644041246,False,False,False,0.0029251673208769,0.0045651831934528,-0.0062659680843353,0.032258064516129,-0.0233848989009857,-0.0038010529292527,1.0,0.032258064516129,0.9787668078285444,0.985686860739575,0.6292823553085327,0.8198487758636475,0.9596774193548387,0.1692449450492858,0.0,0.0,0.0,0.0,high_preservation
743,125,24, that,▁that,OK,"(24,)",0.0032811962148194,0.9542284345114104,False,False,False,0.0079532401856555,0.0092276932411296,-0.0041516721248626,0.1720430107526881,-0.0233856439590454,-0.0072240839081425,1.0,0.0456989247311828,0.9431756714978096,0.988066089693155,0.6292823553085327,0.8198487758636475,0.7849462365591398,0.1692821979522704,0.0,0.0,0.0,0.0,high_preservation
744,188,8654,lik,lik,OK,"(8654,)",0.0050031553112691,1.003663827975591,False,False,False,0.0095691214646062,0.01068000287138,-0.0035039335489273,0.1935483870967742,-0.0234066098928451,-0.0060493420529109,1.0,0.053763440860215,0.9368288176240386,0.9821872541306056,0.6292823553085327,0.8198487758636475,0.7580645161290323,0.1703304946422576,0.0,0.075268817204301,0.0,0.0,high_preservation
745,311,19877, măsură,▁măsură,OK,"(19877,)",-0.0032543447309283,1.1036626353699674,False,False,False,0.0047594233546205,0.0061365500573189,-0.0047716498374938,0.053763440860215,-0.0234173387289047,-0.0043561336814716,1.0,0.032258064516129,0.9516970784257852,0.9863855232100708,0.6292823553085327,0.8198487758636475,0.9327956989247312,0.1708669364452361,0.0,0.0,0.0,0.0,high_preservation
746,312,2970,ère,ère,OK,"(2970,)",-0.0034236621552257,1.1040306940514557,False,False,False,0.0043563546352489,0.006012160611409,-0.0049405992031097,0.053763440860215,-0.0234246999025344,-0.0056541071784111,0.9946236559139784,0.0483870967741935,0.9657844356744404,0.986479937057435,0.6292823553085327,0.8198487758636475,0.9327956989247312,0.1712349951267242,0.0,0.0,0.0,0.0,high_preservation
747,271,20568,stellte,stellte,OK,"(20568,)",-0.0030009896925059,1.0777897235526832,False,False,False,0.0057063320631621,0.0072543156403367,-0.0055925548076629,0.075268817204301,-0.0234375149011611,-0.0048123466712172,1.0,0.0295698924731182,0.9637021442566468,0.980588512981904,0.6292823553085327,0.8198487758636475,0.9059139784946236,0.1718757450580596,0.0,0.0,0.0,0.0,high_preservation
748,378,25205,izeze,izeze,OK,"(25205,)",-0.0045111841972797,1.1316917452120012,False,False,False,0.0039026653894814,0.0055042183206927,-0.004952073097229,0.032258064516129,-0.0234402865171432,-0.0048538968768171,1.0,0.0376344086021505,0.9634045517806628,0.98843115656963,0.6292823553085327,0.8198487758636475,0.9596774193548387,0.1720143258571624,0.0,0.0,0.0,0.0,high_preservation
749,226,48, this,▁this,OK,"(48,)",0.0020532122863236,1.0390816837228751,False,False,False,0.008396928989759,0.0090417817074765,-0.0021496415138244,0.1075268817204301,-0.0234698057174682,-0.0058837555428986,1.0,0.043010752688172,0.9381499948128657,0.9866750590086544,0.6292823553085327,0.8198487758636475,0.8655913978494624,0.173490285873413,0.0,0.0,0.0,0.0,high_preservation
750,284,8867,stoff,stoff,OK,"(8867,)",-0.0030469533256305,1.0883330465644918,False,False,False,0.0047989857773627,0.0060681848115818,-0.0053658783435821,0.0698924731182795,-0.0235139727592468,-0.0039399522607044,1.0,0.0376344086021505,0.948347842306978,0.9852336742722264,0.6292823553085327,0.8198487758636475,0.9126344086021506,0.1756986379623412,0.0,0.0,0.0,0.0,high_preservation
751,181,81, about,▁about,OK,"(81,)",0.002535366483273,0.9946508465274688,False,False,False,0.0076500460986168,0.0086112666514612,-0.0035465955734252,0.1451612903225806,-0.0235220491886138,-0.0060980387272373,1.0,0.0349462365591397,0.9584381102538362,0.9840755310778914,0.6292823553085327,0.8198487758636475,0.8185483870967742,0.1761024594306945,0.0,0.0,0.0,0.0,high_preservation
752,276,19288, fizice,▁fizice,OK,"(19288,)",-0.0007321016362277,1.0823718306197914,False,False,False,0.006332855391246,0.0072995770362115,-0.0033190846443176,0.075268817204301,-0.0235291570425033,-0.0052307834548334,1.0,0.0483870967741935,0.9304090339666556,0.987782848151062,0.6292823553085327,0.8198487758636475,0.9059139784946236,0.1764578521251678,0.0,0.0,0.0,0.0,high_preservation
753,375,9,a,a,OK,"(9,)",-0.0037080284889026,1.130472078759183,False,False,False,0.0044769671975925,0.0056357449421318,-0.0044122338294982,0.0376344086021505,-0.0235503017902374,-0.0048088251903492,1.0,0.032258064516129,0.953217388455578,0.97844846577498,0.6292823553085327,0.8198487758636475,0.952956989247312,0.1775150895118713,0.0,0.0,0.0,0.0,high_preservation
754,78,6986, occurs,▁occurs,OK,"(6986,)",0.006372512676703,0.9289910508099424,False,False,False,0.0094072017618404,0.010444057404354,-0.0023960769176483,0.1989247311827957,-0.0235529392957687,-0.0040841737101154,1.0,0.0349462365591397,0.9601900631030046,0.9889284028324152,0.6292823553085327,0.8198487758636475,0.7513440860215054,0.1776469647884368,0.0,0.0,0.0,0.0,high_preservation
755,316,1636, --,▁--,OK,"(1636,)",-0.0002882258465854,1.1058441602414653,False,False,False,0.0059593864666518,0.0067622440476571,-0.0028732419013977,0.075268817204301,-0.0235684961080551,-0.0059923000874057,0.9946236559139784,0.0510752688172043,0.9557526060001644,0.9882234461054288,0.6292823553085327,0.8198487758636475,0.9059139784946236,0.1784248054027557,0.0,0.021505376344086,0.0,0.0,high_preservation
756,233,23647,aveam,aveam,OK,"(23647,)",0.000191583396286,1.0444431215204215,False,False,False,0.0067012451028311,0.0077401263419017,-0.0040059089660644,0.1075268817204301,-0.0235770344734191,-0.0058990563115765,1.0,0.0376344086021505,0.9539798455842432,0.9827411487018096,0.6292823553085327,0.8198487758636475,0.8655913978494624,0.1788517236709594,0.0,0.0,0.0,0.0,high_preservation
757,724,19391, jumătate,▁jumătate,OK,"(19391,)",-0.0055882852965144,1.2946256607450466,False,False,False,0.0048314924201657,0.0067006038722171,-0.0070974230766296,0.053763440860215,-0.0235806852579116,-0.0066962200467304,1.0,0.0591397849462365,0.9666835291581156,0.9825963808025177,0.6292823553085327,0.8198487758636475,0.9327956989247312,0.179034262895584,0.0,0.1827956989247312,0.0,0.0,high_preservation
758,262,17512,odată,odată,OK,"(17512,)",-0.0038420651067969,1.0717644262057475,False,False,False,0.0067404590306743,0.0085970394072994,-0.0069638490676879,0.086021505376344,-0.0235858261585235,-0.0051156445857017,0.9946236559139784,0.032258064516129,0.954438320395503,0.9806136900078676,0.6292823553085327,0.8198487758636475,0.8924731182795699,0.1792913079261779,0.0,0.0,0.0,0.0,high_preservation
759,209,3713,This,This,OK,"(3713,)",0.0033823224084992,1.019996997169269,False,False,False,0.0087222081999624,0.0093876886111433,-0.0026957988739013,0.1451612903225806,-0.0235988646745681,-0.0072572022996922,1.0,0.0510752688172043,0.951174823257429,0.9851077891424074,0.6292823553085327,0.8198487758636475,0.8185483870967742,0.1799432337284087,0.0,0.021505376344086,0.0,0.0,high_preservation
760,230,1727, seem,▁seem,OK,"(1727,)",0.0015795903100121,1.0398155595025709,False,False,False,0.0077057661869192,0.0083848701048922,-0.0028846263885498,0.1129032258064516,-0.0236188918352127,-0.0043383378495452,1.0,0.043010752688172,0.9610065461195292,0.987147128245476,0.6292823553085327,0.8198487758636475,0.8588709677419355,0.1809445917606353,0.0,0.0,0.0,0.0,high_preservation
761,395,27146, urmatoare,▁urmatoare,OK,"(27146,)",-0.0033232911940543,1.1407196137212938,False,False,False,0.0043081093219018,0.0053338370015544,-0.0037551522254943,0.032258064516129,-0.0236208438873291,-0.0057902887303342,1.0,0.043010752688172,0.9576529714016966,0.9846231313926042,0.6292823553085327,0.8198487758636475,0.9596774193548387,0.181042194366455,0.0,0.0,0.0,0.0,high_preservation
762,324,3633,î,î,OK,"(3633,)",-0.0033814849071605,1.1080323944809616,False,False,False,0.0030345886304814,0.0045649039168511,-0.0051565170288085,0.0591397849462365,-0.0236391425132751,-0.0045359275674307,1.0,0.0376344086021505,0.963064296414266,0.9876129032258064,0.6292823553085327,0.8198487758636475,0.9260752688172044,0.1819571256637573,0.0,0.0,0.0,0.0,high_preservation
763,398,17774,′,′,OK,"(17774,)",-0.0039684064205615,1.1421642812990374,False,False,False,0.0044890787973198,0.0056401612938091,-0.0043988227844238,0.032258064516129,-0.0236497372388839,-0.0084395017675174,1.0,0.0456989247311828,0.96254364977412,0.9925727773406764,0.6292823553085327,0.8198487758636475,0.9596774193548387,0.1824868619441985,0.0,0.0,0.0,0.0,high_preservation
764,310,4611,TH,TH,OK,"(4611,)",-0.0020628674857078,1.1019542044208896,False,False,False,0.0058845749465368,0.0069680609690245,-0.0041060745716094,0.064516129032258,-0.0236519873142242,-0.0060656375141553,0.9946236559139784,0.0403225806451612,0.9509796010584411,0.979411487018096,0.6292823553085327,0.8198487758636475,0.9193548387096776,0.1825993657112121,0.0,0.0,0.0,0.0,high_preservation
765,390,8827, hatten,▁hatten,OK,"(8827,)",-0.0034338523143081,1.1378123920450929,False,False,False,0.0051888075246605,0.0065751503552159,-0.0049385130405426,0.053763440860215,-0.0236702263355255,-0.0046179278563427,1.0,0.0510752688172043,0.9529494578300718,0.9813564122738,0.6292823553085327,0.8198487758636475,0.9327956989247312,0.1835113167762756,0.0,0.021505376344086,0.0,0.0,high_preservation
766,389,17657,ер,ер,OK,"(17657,)",-0.0043660764332099,1.1372796742505924,False,False,False,0.005060127185237,0.0063613502569096,-0.0050634741783142,0.0376344086021505,-0.0236864537000656,-0.0041191625979638,1.0,0.0403225806451612,0.952466545195732,0.9853847364280092,0.6292823553085327,0.8198487758636475,0.952956989247312,0.1843226850032806,0.0,0.0,0.0,0.0,high_preservation
767,336,76,u,u,OK,"(76,)",-0.0033974589519603,1.113277603221196,False,False,False,0.0065276283089832,0.0077228129550974,-0.0051672458648681,0.0591397849462365,-0.0237440466880798,-0.0047453084299641,1.0,0.0349462365591397,0.9535336929845004,0.9786750590086544,0.6292823553085327,0.8198487758636475,0.9260752688172044,0.1872023344039916,0.0,0.0,0.0,0.0,high_preservation
768,365,343,ist,ist,OK,"(343,)",-0.0022212839895679,1.1269300599252023,False,False,False,0.0051625753923129,0.0063739252346818,-0.0034532248973846,0.0483870967741935,-0.0237482786178588,-0.0054247324825615,0.9946236559139784,0.0403225806451612,0.9724897404676626,0.982401258851298,0.6292823553085327,0.8198487758636475,0.939516129032258,0.1874139308929443,0.0,0.0,0.0,0.0,high_preservation
769,396,20249,țiilor,țiilor,OK,"(20249,)",-0.0082816702063365,1.1410504130906955,False,False,False,0.0020143953702783,0.0044287034580784,-0.0089752972126007,0.0376344086021505,-0.0237618684768676,-0.0039561788241068,1.0,0.043010752688172,0.9803259291353305,0.986479937057435,0.6292823553085327,0.8198487758636475,0.952956989247312,0.1880934238433837,0.0,0.0,0.0,0.0,high_preservation
770,241,29097,oarelor,oarelor,OK,"(29097,)",-3.0702160250751977e-06,1.0478107775411298,False,False,False,0.0076534323474412,0.008944855742557,-0.0044592916965484,0.1129032258064516,-0.0237787961959838,-0.0057551867218427,0.9946236559139784,0.0456989247311828,0.9543138439234746,0.9826341463414636,0.6292823553085327,0.8198487758636475,0.8588709677419355,0.1889398097991943,0.0,0.0,0.0,0.0,high_preservation
771,249,20380, thru,▁thru,OK,"(20380,)",0.0011972918225231,1.0552621096052148,False,False,False,0.006936863385221,0.0079697042062718,-0.0029893815517425,0.1075268817204301,-0.023793414235115,-0.0064136808918368,1.0,0.043010752688172,0.9572748049438188,0.9833768686073956,0.6292823553085327,0.8198487758636475,0.8655913978494624,0.1896707117557525,0.0,0.0,0.0,0.0,high_preservation
772,376,14324, sufer,▁sufer,OK,"(14324,)",0.0011721593397919,1.1306315096475743,False,False,False,0.0076130607756235,0.0087570812432996,-0.0051649510860443,0.1505376344086021,-0.0237954258918762,-0.0057818303185124,1.0,0.0564516129032258,0.939497129810145,0.9765350118017307,0.6292823553085327,0.8198487758636475,0.8118279569892474,0.189771294593811,0.0,0.129032258064516,0.0,0.0,high_preservation
773,211,6279,that,that,OK,"(6279,)",0.002963036771423,1.0232275625069935,False,False,False,0.0074358926985853,0.0084200655260393,-0.0033739507198333,0.1505376344086021,-0.0237978845834732,-0.0071758893869256,0.9946236559139784,0.0510752688172043,0.943175568197833,0.988066089693155,0.6292823553085327,0.8198487758636475,0.8118279569892474,0.1898942291736602,0.0,0.021505376344086,0.0,0.0,high_preservation
774,340,21302,ени,ени,OK,"(21302,)",-0.0028955796473128,1.1160112212422073,False,False,False,0.0049710065446874,0.0064445490478187,-0.0046626329421997,0.0591397849462365,-0.0237987190485,-0.0054485387699578,1.0,0.0376344086021505,0.9520694748421022,0.9840944138473642,0.6292823553085327,0.8198487758636475,0.9260752688172044,0.189935952425003,0.0,0.0,0.0,0.0,high_preservation
775,221,57, by,▁by,OK,"(57,)",7.475384621210071e-05,1.0354629174996448,False,False,False,0.0066203800260379,0.0077378169823718,-0.0049180090427398,0.1236559139784946,-0.0238006561994552,-0.005267475240974,1.0,0.0376344086021505,0.9575015188785873,0.9891109362706528,0.6292823553085327,0.8198487758636475,0.8454301075268817,0.190032809972763,0.0,0.0,0.0,0.0,high_preservation
776,269,4632,ened,ened,OK,"(4632,)",-0.000566488616569,1.076008270504654,False,False,False,0.0068807023507292,0.0079249515328356,-0.0039461255073547,0.0913978494623656,-0.0238051116466522,-0.0053191165770253,0.9946236559139784,0.0403225806451612,0.9532610991028988,0.9820487804878048,0.6292823553085327,0.8198487758636475,0.885752688172043,0.190255582332611,0.0,0.0,0.0,0.0,high_preservation
777,379,23088, conțin,▁conțin,OK,"(23088,)",-0.0059515035921527,1.1320083756600656,False,False,False,0.0045136719621637,0.0061999386356722,-0.0071783661842346,0.0483870967741935,-0.0238498449325561,-0.0042944768423675,1.0,0.0376344086021505,0.9457513826332964,0.983842643587726,0.6292823553085327,0.8198487758636475,0.939516129032258,0.1924922466278076,0.0,0.0,0.0,0.0,high_preservation
778,393,257,ation,ation,OK,"(257,)",-0.0040926421041129,1.1388167226186363,False,False,False,0.0045745856659386,0.0058461696870865,-0.0050505995750427,0.043010752688172,-0.023851603269577,-0.0041732723994921,1.0,0.0349462365591397,0.971615158592765,0.9878143194335168,0.6292823553085327,0.8198487758636475,0.946236559139785,0.1925801634788513,0.0,0.0,0.0,0.0,high_preservation
779,252,6010,atur,atur,OK,"(6010,)",-0.0010884852098521,1.059909781781576,False,False,False,0.0080390586968391,0.0095121975867978,-0.0052705109119415,0.1075268817204301,-0.0238863676786422,-0.0058409856852664,0.9946236559139784,0.0456989247311828,0.9626684509032184,0.9671188040912666,0.6292823553085327,0.8198487758636475,0.8655913978494624,0.1943183839321136,0.0,0.0,0.0,0.0,high_preservation
780,113,30941, betreffend,▁betreffend,OK,"(30941,)",0.0014958618068566,0.9464626623097286,False,False,False,0.0077983293161597,0.0094791687624428,-0.0072552561759948,0.1989247311827957,-0.0239023715257644,-0.0065578728593805,1.0,0.0376344086021505,0.9580036748228884,0.9868009441384734,0.6292823553085327,0.8198487758636475,0.7513440860215054,0.1951185762882232,0.0,0.0,0.0,0.0,high_preservation
781,368,3077,ige,ige,OK,"(3077,)",-0.0028783653372077,1.127988035960864,False,False,False,0.0057182550750752,0.0068524798718831,-0.0043713450431823,0.053763440860215,-0.0239038467407226,-0.0037159221146696,1.0,0.032258064516129,0.97360771184501,0.9844783634933124,0.6292823553085327,0.8198487758636475,0.9327956989247312,0.1951923370361327,0.0,0.0,0.0,0.0,high_preservation
782,101,42, or,▁or,OK,"(42,)",0.0079554394448316,0.9405036815392074,False,False,False,0.0109912394195474,0.0114688866881914,-0.001063734292984,0.2043010752688172,-0.0239176005125045,-0.0059293809757437,1.0,0.0456989247311828,0.9401208107985662,0.981236821400472,0.6292823553085327,0.8198487758636475,0.7446236559139785,0.1958800256252288,0.0,0.0,0.0,0.0,high_preservation
783,248,10779,got,got,OK,"(10779,)",0.0002073177887547,1.054771109934776,False,False,False,0.0070409572893573,0.008151618383264,-0.004241943359375,0.1129032258064516,-0.0239180028438568,-0.0057402358901116,0.9946236559139784,0.0403225806451612,0.954347239330256,0.9809598741148702,0.6292823553085327,0.8198487758636475,0.8588709677419355,0.1959001421928405,0.0,0.0,0.0,0.0,high_preservation
784,259,4890,ising,ising,OK,"(4890,)",-0.0017614368068915,1.0692975197428016,False,False,False,0.0068196454035338,0.0080964273662977,-0.0056719779968261,0.1021505376344086,-0.0239397138357162,-0.007115561795491,0.9946236559139784,0.0403225806451612,0.9485707931711632,0.984490952006294,0.6292823553085327,0.8198487758636475,0.8723118279569892,0.1969856917858123,0.0,0.0,0.0,0.0,high_preservation
785,372,29888,trucât,trucât,OK,"(29888,)",-0.004392377703741,1.1300391807991972,False,False,False,0.0041711716562189,0.0058920095043797,-0.0058833062648773,0.053763440860215,-0.0239448696374893,-0.005725255256058,0.989247311827957,0.0456989247311828,0.9630823148816454,0.984900078678206,0.6292823553085327,0.8198487758636475,0.9327956989247312,0.1972434818744659,0.0,0.0,0.0,0.0,high_preservation
786,239,28, with,▁with,OK,"(28,)",0.0029594724617337,1.046701374553865,False,False,False,0.0086962473328395,0.009905342293042,-0.0049803853034973,0.1827956989247312,-0.0239985436201095,-0.0060311443703148,1.0,0.053763440860215,0.9641865916334986,0.985038552321007,0.6292823553085327,0.8198487758636475,0.771505376344086,0.1999271810054778,0.0,0.075268817204301,0.0,0.0,high_preservation
787,320,2338,see,see,OK,"(2338,)",7.967264741979641e-05,1.107118934072474,False,False,False,0.0065939035466922,0.0073024435068971,-0.0024825632572174,0.075268817204301,-0.024024099111557,-0.0052859818422666,1.0,0.0403225806451612,0.9706713067048623,0.9859763965381588,0.6292823553085327,0.8198487758636475,0.9059139784946236,0.2012049555778503,0.0,0.0,0.0,0.0,high_preservation
788,411,19700,occupe,occupe,OK,"(19700,)",-0.0048544557745097,1.1487028980126943,False,False,False,0.0034510225698512,0.0051991138406979,-0.0058025270700454,0.043010752688172,-0.0240493267774581,-0.0039959610790334,0.9946236559139784,0.0349462365591397,0.9567140779126792,0.9878520849724624,0.6292823553085327,0.8198487758636475,0.946236559139785,0.2024663388729095,0.0,0.0,0.0,0.0,high_preservation
789,413,217, see,▁see,OK,"(217,)",-0.0009077267701266,1.1500514531007378,False,False,False,0.0064134298152821,0.0070783391755114,-0.0018544495105743,0.043010752688172,-0.024076297879219,-0.0055917953291246,1.0,0.043010752688172,0.970671410004839,0.98162077104642,0.6292823553085327,0.8198487758636475,0.946236559139785,0.2038148939609527,0.0,0.0,0.0,0.0,high_preservation
790,341,11294,euer,euer,OK,"(11294,)",-0.0047453265837443,1.11655435574952,False,False,False,0.004267591943023,0.0060196988364701,-0.0070360302925109,0.0698924731182795,-0.0240783989429473,-0.0041493030004603,1.0,0.032258064516129,0.9792399069650896,0.9818599527930764,0.6292823553085327,0.8198487758636475,0.9126344086021506,0.2039199471473693,0.0,0.0,0.0,0.0,high_preservation
791,301,11258,through,through,OK,"(11258,)",-0.0004558872391459,1.0966411697608167,False,False,False,0.0058389041692979,0.0067688974962439,-0.0035527944564819,0.086021505376344,-0.0240833610296249,-0.0065568281758216,0.9946236559139784,0.0403225806451612,0.9652129654457152,0.9833642800944136,0.6292823553085327,0.8198487758636475,0.8924731182795699,0.2041680514812469,0.0,0.0,0.0,0.0,high_preservation
792,638,15406,ggi,ggi,OK,"(15406,)",-0.0056474920802859,1.2660943561343736,False,False,False,0.0043952426602763,0.0064546619692156,-0.0071313977241516,0.053763440860215,-0.0240853279829025,-0.0068798273481348,1.0,0.0564516129032258,0.9466330922065924,0.9753768686073956,0.6292823553085327,0.8198487758636475,0.9327956989247312,0.2042663991451263,0.0,0.129032258064516,0.0,0.0,high_preservation
793,330,9923,ţă,ţă,OK,"(9923,)",-0.0027649918070403,1.110638588346461,False,False,False,0.0052184360001676,0.0066069422229643,-0.0053237080574035,0.075268817204301,-0.0240944921970367,-0.0048270917707873,1.0,0.032258064516129,0.9569445254037516,0.9814130605822188,0.6292823553085327,0.8198487758636475,0.9059139784946236,0.2047246098518371,0.0,0.0,0.0,0.0,high_preservation
794,429,12138, réaliser,▁réaliser,OK,"(12138,)",-0.0067397792573257,1.1581189481801883,False,False,False,0.0048281824396502,0.0064910363445999,-0.0074163377285003,0.0376344086021505,-0.0241032391786575,-0.0044830377383898,1.0,0.0403225806451612,0.9650174185896572,0.98188512981904,0.6292823553085327,0.8198487758636475,0.952956989247312,0.2051619589328765,0.0,0.0,0.0,0.0,high_preservation
795,363,2940, Their,▁Their,OK,"(2940,)",0.0052192312975724,1.1259920138825652,False,False,False,0.0106597432205753,0.011329670106211,-0.0019088089466094,0.1666666666666666,-0.0241058617830276,-0.0081312400038524,0.9946236559139784,0.0564516129032258,0.9455404145664182,0.9813941778127456,0.6292823553085327,0.8198487758636475,0.7916666666666667,0.2052930891513824,0.0,0.129032258064516,0.0,0.0,high_preservation
796,331,94, It,▁It,OK,"(94,)",-0.0013081052771178,1.111383646406153,False,False,False,0.0055364447255288,0.0068293205832922,-0.0038660764694213,0.075268817204301,-0.0241093933582305,-0.0071977123778353,0.9946236559139784,0.043010752688172,0.947499218240533,0.9862659323367424,0.6292823553085327,0.8198487758636475,0.9059139784946236,0.2054696679115295,0.0,0.0,0.0,0.0,high_preservation
797,406,3925,avait,avait,OK,"(3925,)",-0.0032628706626353,1.146509441957679,False,False,False,0.0062573165983282,0.007559258771199,-0.0052830278873443,0.064516129032258,-0.0241129845380783,-0.0055642730446272,1.0,0.0510752688172043,0.9668794892140806,0.9769819040125884,0.6292823553085327,0.8198487758636475,0.9193548387096776,0.2056492269039153,0.0,0.021505376344086,0.0,0.0,high_preservation
798,245,9359, parce,▁parce,OK,"(9359,)",0.00718343309978,1.0527929692499098,False,False,False,0.0106720533422244,0.0111589792274659,-0.000750333070755,0.1827956989247312,-0.0241203755140304,-0.0063471720423749,0.9946236559139784,0.053763440860215,0.929144007693782,0.980311565696302,0.6292823553085327,0.8198487758636475,0.771505376344086,0.2060187757015228,0.0,0.075268817204301,0.0,0.0,high_preservation
799,281,28527, élabor,▁élabor,OK,"(28527,)",-0.001732098166981,1.0855412819693164,False,False,False,0.0069410567001629,0.008284875141677,-0.0053642988204956,0.0967741935483871,-0.024130180478096,-0.006101979042894,1.0,0.0349462365591397,0.9581287858519172,0.9853343823760816,0.6292823553085327,0.8198487758636475,0.8790322580645161,0.2065090239048004,0.0,0.0,0.0,0.0,high_preservation
800,18023,25281,whichever,whichever,OK,"(25281,)",0.0045669343202344,4.209776156692094,False,False,False,0.0126434122362444,0.0141158283397715,-0.0048133432865142,0.2419354838709677,-0.0543299317359924,-0.0153879298958727,0.9946236559139784,0.1397849462365591,0.8905344607984705,0.9486892210857591,0.6292823553085327,0.8198487758636475,0.6975806451612904,1.7164965867996214,0.0,1.7956989247311823,0.0,0.0,random
801,3710,10878,anna,anna,OK,"(10878,)",0.0007734464781899,2.1370883394954028,False,False,False,0.0085294578344591,0.0098001442609294,-0.0046714544296264,0.1451612903225806,-0.0362632721662521,-0.0096018452157256,1.0,0.075268817204301,0.9227588590429024,0.9766294256490952,0.6292823553085327,0.8198487758636475,0.8185483870967742,0.8131636083126068,0.0,0.5053763440860215,0.0,0.0,random
802,12826,30508, varietat,▁varietat,OK,"(30508,)",0.0006767107273942,3.490845466172823,False,False,False,0.010234625589463,0.0121105909347534,-0.0077356696128845,0.2150537634408602,-0.0468061566352844,-0.0146589333652168,0.989247311827957,0.1209677419354838,0.9011482235134064,0.9553674272226592,0.6292823553085327,0.8198487758636475,0.7311827956989247,1.3403078317642212,0.0,1.4193548387096773,0.0,0.0,random
803,12866,11500,Str,Str,OK,"(11500,)",-0.0013353643398131,3.495463348845,False,False,False,0.0091297674563623,0.010918292146857,-0.007068395614624,0.1612903225806451,-0.0466296970844268,-0.0147171321735587,0.978494623655914,0.1182795698924731,0.9386872137207164,0.9431250983477574,0.6292823553085327,0.8198487758636475,0.7983870967741936,1.331484854221344,0.0,1.3655913978494625,0.0,0.0,random
804,25689,14416,gruppe,gruppe,OK,"(14416,)",0.0039981488258607,5.554272969563802,False,False,False,0.0114421035333346,0.0130226828398243,-0.0056841373443603,0.2580645161290322,-0.0644187927246093,-0.0196617290537844,0.967741935483871,0.1827956989247312,0.8990241103621532,0.9692273800157356,0.6292823553085327,0.8198487758636475,0.6774193548387097,2.2209396362304683,0.0,2.655913978494624,0.0,0.0,random
805,22732,8844, pray,▁pray,OK,"(8844,)",0.0168210825612468,4.958643459504651,False,False,False,0.0189129059673637,0.0194503735470515,-0.0012122094631195,0.4193548387096774,-0.058688998222351,-0.01785966145095,0.978494623655914,0.1774193548387097,0.887174142067868,0.9678363493312352,0.6292823553085327,0.8198487758636475,0.4758064516129032,1.9344499111175533,0.0,2.548387096774194,0.0,0.0,random
806,31950,30588, Childhood,▁Childhood,OK,"(30588,)",0.0004472026020608,9.840899203699998,False,False,False,0.0105056713024775,0.0129078451984672,-0.0083575546741485,0.2526881720430107,-0.0765930265188217,-0.0306216279665629,0.935483870967742,0.3655913978494624,0.8997269634042122,0.9621211644374508,0.6292823553085327,0.8198487758636475,0.6841397849462366,2.8296513259410854,0.0152801358234295,6.311827956989247,0.0,0.0,random
807,13519,2893, quarter,▁quarter,OK,"(2893,)",0.0037222496364065,3.5832853339692594,False,False,False,0.0110356899038437,0.0128005316821477,-0.0075815618038177,0.2795698924731182,-0.0534936636686325,-0.0140191121127015,0.9946236559139784,0.1129032258064516,0.9255431475886612,0.970486231313926,0.6292823553085327,0.8198487758636475,0.6505376344086022,1.6746831834316251,0.0,1.258064516129032,0.0,0.0,random
808,4510,7103, expressed,▁expressed,OK,"(7103,)",0.0064404434173978,2.286868780851364,False,False,False,0.0108732335990475,0.0120726474510726,-0.0038882791996002,0.2473118279569892,-0.0407373756170272,-0.0091881546922909,1.0,0.0779569892473118,0.932540201030609,0.9740991345397324,0.6292823553085327,0.8198487758636475,0.6908602150537635,1.036868780851364,0.0,0.5591397849462365,0.0,0.0,random
809,4053,18115, schimbare,▁schimbare,OK,"(18115,)",0.0016512016615559,2.2052008663454363,False,False,False,0.0087904515125418,0.0105673521757125,-0.0054056942462921,0.1774193548387097,-0.0362814366817474,-0.0088306242419827,1.0,0.0806451612903225,0.9390842102886482,0.9743005507474428,0.6292823553085327,0.8198487758636475,0.7782258064516129,0.8140718340873718,0.0,0.6129032258064515,0.0,0.0,random
810,17621,20508,revealing,revealing,OK,"(20508,)",0.0080086479824717,4.153760225862585,False,False,False,0.014966026429207,0.0163799713375747,-0.006562054157257,0.3494623655913978,-0.0580483227968215,-0.0162056870357964,0.9946236559139784,0.1344086021505376,0.8965601107729924,0.964072383949646,0.6292823553085327,0.8198487758636475,0.5631720430107526,1.9024161398410795,0.0,1.6881720430107523,0.0,0.0,random
811,9776,9149, Source,▁Source,OK,"(9149,)",0.0103675459181108,3.0803377570644503,False,False,False,0.0151608653606907,0.0160011354313101,-0.0021246969699859,0.2903225806451613,-0.0404777228832244,-0.0135126463187638,0.989247311827957,0.1209677419354838,0.9257739787653616,0.9710904799370572,0.6292823553085327,0.8198487758636475,0.6370967741935485,1.0238861441612244,0.0,1.4193548387096773,0.0,0.0,random
812,13884,23102,ouille,ouille,OK,"(23102,)",-0.0008561759866693,3.6336764161304753,False,False,False,0.0096048874560222,0.0116765470274033,-0.008137822151184,0.1881720430107527,-0.0425391197204589,-0.0137172786779301,0.9838709677419356,0.1370967741935483,0.9253808780822682,0.9712981904012588,0.6292823553085327,0.8198487758636475,0.7647849462365591,1.1269559860229492,0.0,1.7419354838709673,0.0,0.0,random
813,14377,19309, exig,▁exig,OK,"(19309,)",0.0008512165277234,3.698987987733656,False,False,False,0.0097752227898566,0.0122011308708498,-0.0088247954845428,0.2419354838709677,-0.0484152436256408,-0.0136934393836605,0.9946236559139784,0.1290322580645161,0.9331325083403664,0.9665019669551532,0.6292823553085327,0.8198487758636475,0.6975806451612904,1.4207621812820437,0.0,1.5806451612903225,0.0,0.0,random
814,4580,16746, tendance,▁tendance,OK,"(16746,)",4.7046026234986646e-05,2.2978146146702514,False,False,False,0.0101639176568677,0.0120825344516384,-0.0091215372085571,0.2204301075268817,-0.0370584428310394,-0.0087463378265339,1.0,0.086021505376344,0.9367920280751628,0.9688308418568056,0.6292823553085327,0.8198487758636475,0.7244623655913979,0.8529221415519714,0.0,0.7204301075268817,0.0,0.0,random
815,1700,275, And,▁And,OK,"(275,)",0.000561248214655,1.6478285334443534,False,False,False,0.0063939032054716,0.0077170582227809,-0.004526138305664,0.1344086021505376,-0.0326608717441558,-0.0087247250541563,1.0,0.0591397849462365,0.9608882381318286,0.9739606608969316,0.6292823553085327,0.8198487758636475,0.831989247311828,0.6330435872077942,0.0,0.1827956989247312,0.0,0.0,random
816,30072,15921, Parents,▁Parents,OK,"(15921,)",0.0100308293857241,7.029114785053396,False,False,False,0.0152549825368389,0.0160235094447289,-0.0028338730335235,0.3172043010752688,-0.0599102526903152,-0.0252539941700555,0.978494623655914,0.271505376344086,0.8798312107893579,0.9625995279307632,0.6292823553085327,0.8198487758636475,0.603494623655914,1.995512634515762,0.0,4.43010752688172,0.0,0.0,random
817,13169,6102, rod,▁rod,OK,"(6102,)",0.009483547220307,3.532725070753405,False,False,False,0.0134421361069525,0.0147183543892316,-0.0033425986766815,0.3064516129032258,-0.0499286949634552,-0.0140820392357405,0.9838709677419356,0.1209677419354838,0.8939580876577042,0.96152321007081,0.6292823553085327,0.8198487758636475,0.6169354838709677,1.49643474817276,0.0,1.4193548387096773,0.0,0.0,random
818,29024,30751, Grammar,▁Grammar,OK,"(30751,)",0.0211661336242511,6.546017516043879,False,False,False,0.0228455521727121,0.0234149130441809,-0.0001319348812103,0.4946236559139785,-0.0686622858047485,-0.0257180015886983,0.956989247311828,0.2365591397849462,0.8636446947124139,0.9507033831628638,0.6292823553085327,0.8198487758636475,0.3817204301075269,2.4331142902374263,0.0,3.731182795698925,0.0,0.0,random
819,22506,16425, pierre,▁pierre,OK,"(16425,)",0.0037022695746473,4.919915629971412,False,False,False,0.0107983333128754,0.0120472800667567,-0.0047259330749511,0.2204301075268817,-0.0518660545349121,-0.0171161890029907,0.9946236559139784,0.1801075268817204,0.9151696311054528,0.96971833202203,0.6292823553085327,0.8198487758636475,0.7244623655913979,1.5933027267456052,0.0,2.602150537634409,0.0,0.0,random
820,19005,29810, pragmatic,▁pragmatic,OK,"(29810,)",0.0108912314218218,4.350264046461351,False,False,False,0.0165618613202084,0.0176637079767001,-0.0042356550693511,0.3494623655913978,-0.0469246357679367,-0.017450027888821,0.9946236559139784,0.1720430107526881,0.8893838023570398,0.9672383949645946,0.6292823553085327,0.8198487758636475,0.5631720430107526,1.346231788396835,0.0,2.4408602150537635,0.0,0.0,random
821,13298,4758, picked,▁picked,OK,"(4758,)",0.0041929474200612,3.5516027670393706,False,False,False,0.0100000197848966,0.011200877126827,-0.0042124390602111,0.2150537634408602,-0.046946033835411,-0.0148420785703966,1.0,0.1236559139784946,0.9109138491475024,0.9794618410700234,0.6292823553085327,0.8198487758636475,0.7311827956989247,1.3473016917705536,0.0,1.4731182795698925,0.0,0.0,random
822,10163,31830,Übertragung,Übertragung,OK,"(31830,)",0.0044488463190294,3.1339967616142763,False,False,False,0.0114470242813069,0.0126271952864944,-0.0046832859516143,0.2258064516129032,-0.0431638062000274,-0.011534087440019,0.9946236559139784,0.1129032258064516,0.9478400638925112,0.9667474429583004,0.6292823553085327,0.8198487758636475,0.717741935483871,1.1581903100013733,0.0,1.258064516129032,0.0,0.0,random
823,15300,2077, concept,▁concept,OK,"(2077,)",0.0132376316654425,3.827753076309799,False,False,False,0.0168224345612269,0.0179337348027895,-0.0045555830001831,0.3978494623655914,-0.0419851690530777,-0.0150012479674431,0.9946236559139784,0.1612903225806451,0.8930914008524612,0.9717576711250984,0.6292823553085327,0.8198487758636475,0.5026881720430108,1.0992584526538849,0.0,2.225806451612903,0.0,0.0,random
824,17718,1537, More,▁More,OK,"(1537,)",-0.0019194961875997,4.165400748611779,False,False,False,0.0103343260544602,0.0131300242357356,-0.0118750631809234,0.2473118279569892,-0.0482004880905151,-0.015709029410475,0.9946236559139784,0.1532258064516129,0.9227130381246272,0.9600566483084184,0.6292823553085327,0.8198487758636475,0.6908602150537635,1.4100244045257568,0.0,2.064516129032258,0.0,0.0,random
825,17519,18477,gruppen,gruppen,OK,"(18477,)",0.0023384579567499,4.139450184119645,False,False,False,0.0122439465535584,0.013811283855028,-0.0069038122892379,0.2365591397849462,-0.0517137348651886,-0.0169641115973072,0.9731182795698924,0.1424731182795699,0.9216073151730988,0.964966168371361,0.6292823553085327,0.8198487758636475,0.7043010752688172,1.5856867432594297,0.0,1.849462365591398,0.0,0.0,random
826,18000,29045,6.7,6.7,OK,"(29045,)",0.0109583678104544,4.206533625561704,False,False,False,0.0145018044658886,0.0153084187417901,-0.0021482706069946,0.3172043010752688,-0.0550715327262878,-0.0163080044971999,0.9731182795698924,0.1424731182795699,0.9045232108407129,0.97024704956727,0.6292823553085327,0.8198487758636475,0.603494623655914,1.753576636314392,0.0,1.849462365591398,0.0,0.0,random
827,28375,24426, Printer,▁Printer,OK,"(24426,)",0.0157157621556712,6.308822476094768,False,False,False,0.0179721059337739,0.0192858958116141,-0.0038302540779113,0.4516129032258064,-0.0606925785541534,-0.0238526207144542,0.978494623655914,0.2419354838709677,0.871697724788497,0.9650228166797796,0.6292823553085327,0.8198487758636475,0.435483870967742,2.034628927707672,0.0,3.838709677419355,0.0,0.0,random
828,29242,9957, 1991,▁1991,OK,"(9957,)",0.0085671081337877,6.630531505871844,False,False,False,0.012585771981106,0.0133651579900454,-0.0024851560592651,0.2795698924731182,-0.0585246086120605,-0.0229959433437675,0.978494623655914,0.2526881720430107,0.9018964695166932,0.9701589299763964,0.6292823553085327,0.8198487758636475,0.6505376344086022,1.9262304306030271,0.0,4.053763440860215,0.0,0.0,random
829,3488,162,ve,ve,OK,"(162,)",-0.0019446754087043,2.092890018096534,False,False,False,0.0061776783838067,0.0072803381950624,-0.0047590434551239,0.0913978494623656,-0.0351104885339736,-0.007672038770491,0.9946236559139784,0.0725806451612903,0.9258906929819912,0.9823005507474428,0.6292823553085327,0.8198487758636475,0.885752688172043,0.7555244266986847,0.0,0.4516129032258065,0.0,0.0,random
830,25556,15759,income,income,OK,"(15759,)",0.0032725162002989,5.5227492538190655,False,False,False,0.0113603940574071,0.0132843018859945,-0.0079735517501831,0.2795698924731182,-0.054648533463478,-0.0190940175646094,0.9838709677419356,0.2069892473118279,0.8851344249976498,0.968541306058222,0.6292823553085327,0.8198487758636475,0.6505376344086022,1.7324266731739042,0.0,3.139784946236559,0.0,0.0,random
831,30746,11615, recruitment,▁recruitment,OK,"(11615,)",0.0103632650548411,7.437645861538508,False,False,False,0.01861098280517,0.0209695917944754,-0.0089141428470611,0.4516129032258064,-0.0660647451877594,-0.0241536469228806,0.9623655913978496,0.2849462365591398,0.8882589836669453,0.9571361132966169,0.6292823553085327,0.8198487758636475,0.435483870967742,2.303237259387969,0.0,4.698924731182796,0.0,0.0,random
832,26534,11020, Canon,▁Canon,OK,"(11020,)",0.0112540034757506,5.758870099500943,False,False,False,0.0161148401037339,0.0176558563465713,-0.005159169435501,0.3870967741935484,-0.0588333159685134,-0.0201128208509055,0.9946236559139784,0.2150537634408602,0.8924045888210831,0.958791502753737,0.6292823553085327,0.8198487758636475,0.5161290322580645,1.9416657984256744,0.0,3.301075268817204,0.0,0.0,random
833,26609,30925,inflated,inflated,OK,"(30925,)",0.0034225934295244,5.772080698320942,False,False,False,0.0124530059996471,0.0137884075282722,-0.0054236054420471,0.2365591397849462,-0.0596351623535156,-0.0206955789878804,0.989247311827957,0.2043010752688172,0.8989767842156456,0.9642612116443744,0.6292823553085327,0.8198487758636475,0.7043010752688172,1.981758117675781,0.0,3.086021505376344,0.0,0.0,random
834,9176,4159, Mu,▁Mu,OK,"(4159,)",-0.0006081290943648,3.001281008284579,False,False,False,0.0085775400361707,0.0099253715366445,-0.0055181384086608,0.1397849462365591,-0.0415847599506378,-0.0123451839211166,1.0,0.1048387096774193,0.9342606178725784,0.9620141620771046,0.6292823553085327,0.8198487758636475,0.8252688172043011,1.0792379975318909,0.0,1.096774193548387,0.0,0.0,random
835,14676,30142,bottom,bottom,OK,"(30142,)",0.0079948168368108,3.7420247572083625,False,False,False,0.0134391300780798,0.0142619702764736,-0.0024244487285614,0.2580645161290322,-0.0496792048215866,-0.0128164611836915,0.989247311827957,0.1290322580645161,0.9246440098335674,0.9604972462627852,0.6292823553085327,0.8198487758636475,0.6774193548387097,1.4839602410793304,0.0,1.5806451612903225,0.0,0.0,random
836,3801,5333, occasion,▁occasion,OK,"(5333,)",0.0099787497792833,2.1572791950036123,False,False,False,0.0128444056677561,0.0136089424292246,-0.0022067129611968,0.2849462365591398,-0.0412369817495346,-0.0091542950881424,1.0,0.0725806451612903,0.9182714047512972,0.9788890637293468,0.6292823553085327,0.8198487758636475,0.6438172043010754,1.0618490874767303,0.0,0.4516129032258065,0.0,0.0,random
837,5801,10968, tro,▁tro,OK,"(10968,)",0.0123570714746752,2.493100619444283,False,False,False,0.0163000546475892,0.0167043290791973,-0.0004535913467407,0.2903225806451613,-0.0341093242168426,-0.01093582184084,0.9838709677419356,0.1075268817204301,0.8618219813791465,0.9399779701022816,0.6292823553085327,0.8198487758636475,0.6370967741935485,0.7054662108421326,0.0,1.150537634408602,0.0,0.0,random
838,17075,24425,ffentlich,ffentlich,OK,"(24425,)",0.0054722837542974,4.078723616497491,False,False,False,0.0116073109449878,0.0134220482200704,-0.0069288313388824,0.2956989247311828,-0.0476766228675842,-0.0153078154851031,0.9946236559139784,0.1532258064516129,0.9290965487330186,0.9662627852084972,0.6292823553085327,0.8198487758636475,0.6303763440860216,1.3838311433792114,0.0,2.064516129032258,0.0,0.0,random
839,30524,17999, Scripture,▁Scripture,OK,"(17999,)",0.0139251861200537,7.280383406146879,False,False,False,0.0173173646132151,0.0181036391245421,-0.0019409358501434,0.3817204301075269,-0.0643979907035827,-0.0253762509874118,0.989247311827957,0.2768817204301075,0.8770355740032919,0.9695357985837922,0.6292823553085327,0.8198487758636475,0.5228494623655914,2.2198995351791377,0.0,4.53763440860215,0.0,0.0,random
840,9535,13020, decembrie,▁decembrie,OK,"(13020,)",0.0012894426782925,3.048923122626479,False,False,False,0.0084451227098382,0.0096966499282467,-0.0050446987152099,0.1666666666666666,-0.0399838387966156,-0.0106328456632552,1.0,0.1129032258064516,0.9428863282628294,0.9712918961447676,0.6292823553085327,0.8198487758636475,0.7916666666666667,0.99919193983078,0.0,1.258064516129032,0.0,0.0,random
841,6688,3156, Gi,▁Gi,OK,"(3156,)",-0.0028359823569815,2.6335447510724426,False,False,False,0.0060584501874062,0.0078472197055816,-0.0071123838424682,0.1236559139784946,-0.0381278842687606,-0.0104870642385175,1.0,0.0940860215053763,0.9454434158882152,0.9699071597167584,0.6292823553085327,0.8198487758636475,0.8454301075268817,0.906394213438034,0.0,0.8817204301075268,0.0,0.0,random
842,23239,31006, saturation,▁saturation,OK,"(31006,)",0.0038509693837934,5.051570112987231,False,False,False,0.0136587296121863,0.015794773255625,-0.0084778368473052,0.3064516129032258,-0.05987548828125,-0.0191813989352154,0.9731182795698924,0.1720430107526881,0.8804697964887158,0.9655641227380014,0.6292823553085327,0.8198487758636475,0.6169354838709677,1.9937744140625,0.0,2.4408602150537635,0.0,0.0,random
843,19323,16019, gutter,▁gutter,OK,"(16019,)",0.0061666129737771,4.402216167860134,False,False,False,0.0115481733634907,0.0128695445676003,-0.003767192363739,0.2473118279569892,-0.048635721206665,-0.0158971756376246,0.9946236559139784,0.1639784946236559,0.925760815396891,0.9721730920535008,0.6292823553085327,0.8198487758636475,0.6908602150537635,1.431786060333252,0.0,2.279569892473118,0.0,0.0,random
844,11825,9172, Eye,▁Eye,OK,"(9172,)",0.0067856970573625,3.360487725465528,False,False,False,0.0116884908688965,0.0121679344484882,-0.0013336539268493,0.2096774193548387,-0.0472903996706008,-0.0121955932468496,1.0,0.1129032258064516,0.9339867106055578,0.967200629425649,0.6292823553085327,0.8198487758636475,0.7379032258064516,1.3645199835300446,0.0,1.258064516129032,0.0,0.0,random
845,6635,1650, ihr,▁ihr,OK,"(1650,)",-0.0007592442615698,2.623896287654036,False,False,False,0.009169705612685,0.0105386381187746,-0.0056232511997222,0.1344086021505376,-0.0371284633874893,-0.0116099522959801,1.0,0.0967741935483871,0.9424411053628772,0.9757293469708892,0.6292823553085327,0.8198487758636475,0.831989247311828,0.8564231693744659,0.0,0.9354838709677418,0.0,0.0,random
846,20503,24383, Prospect,▁Prospect,OK,"(24383,)",0.0041983566617452,4.586999757315523,False,False,False,0.0128928969303766,0.0148957966155903,-0.0082321166992187,0.2956989247311828,-0.0470894575119018,-0.0159658860134822,0.9838709677419356,0.1801075268817204,0.9191597255231074,0.9613595594020456,0.6292823553085327,0.8198487758636475,0.6303763440860216,1.3544728755950928,0.0,2.602150537634409,0.0,0.0,random
847,8812,11084, parfois,▁parfois,OK,"(11084,)",0.0120742850165854,2.9512465445585145,False,False,False,0.0157699314176395,0.0166135936655024,-0.0030067265033721,0.3440860215053763,-0.042465791106224,-0.0108641751350895,1.0,0.1129032258064516,0.8972025776000494,0.9682014162077104,0.6292823553085327,0.8198487758636475,0.5698924731182795,1.123289555311203,0.0,1.258064516129032,0.0,0.0,random
848,30039,18025, Railway,▁Railway,OK,"(18025,)",0.0126648953364741,7.003813121267544,False,False,False,0.0183521010862883,0.019605482938469,-0.0034710764884948,0.3870967741935484,-0.064377337694168,-0.0237346355633069,0.967741935483871,0.2634408602150537,0.881613932274469,0.9516978756884342,0.6292823553085327,0.8198487758636475,0.5161290322580645,2.218866884708404,0.0,4.268817204301075,0.0,0.0,random
849,9156,20559, Arriv,▁Arriv,OK,"(20559,)",-0.0005634646101664,2.9980564546841446,False,False,False,0.0080925615564469,0.0094608390523541,-0.0052683651447296,0.1344086021505376,-0.0403105914592742,-0.011668284413635,1.0,0.1075268817204301,0.9528558680511028,0.971411487018096,0.6292823553085327,0.8198487758636475,0.831989247311828,1.0155295729637146,0.0,1.150537634408602,0.0,0.0,random
850,27539,17362,chip,chip,OK,"(17362,)",0.0043365420433141,6.034071736488897,False,False,False,0.012609447843285,0.0141681889372487,-0.0061467885971069,0.2688172043010752,-0.0591505914926528,-0.0209074398522735,0.946236559139785,0.2204301075268817,0.9069771460607068,0.9583446105428794,0.6292823553085327,0.8198487758636475,0.663978494623656,1.9575295746326444,0.0039615166949631,3.408602150537634,0.0,0.0,random
851,16765,18190, Organ,▁Organ,OK,"(18190,)",0.0049098746510603,4.032403723847481,False,False,False,0.0120722688333962,0.0136796652629811,-0.0057969689369201,0.2688172043010752,-0.0546803325414657,-0.0146481019835318,0.9946236559139784,0.1317204301075268,0.9375897252530516,0.961573564122738,0.6292823553085327,0.8198487758636475,0.663978494623656,1.7340166270732875,0.0,1.6344086021505373,0.0,0.0,random
852,16097,26709, Investition,▁Investition,OK,"(26709,)",0.0046657936066709,3.937289091207648,False,False,False,0.011838607730404,0.0135280537989831,-0.0055649280548095,0.2526881720430107,-0.0480737388134002,-0.0143411909380266,0.9946236559139784,0.1424731182795699,0.9142222817754788,0.9685035405192762,0.6292823553085327,0.8198487758636475,0.6841397849462366,1.4036869406700134,0.0,1.849462365591398,0.0,0.0,random
853,20967,7559, Hat,▁Hat,OK,"(7559,)",0.0090838187484331,4.656185714147424,False,False,False,0.0139396589609884,0.014551477246387,-0.0001793503761291,0.2365591397849462,-0.0512957572937011,-0.0169985249478329,0.989247311827957,0.1693548387096774,0.9181763097440948,0.9610196695515342,0.6292823553085327,0.8198487758636475,0.7043010752688172,1.5647878646850584,0.0,2.387096774193548,0.0,0.0,random
854,12667,5737, ultimate,▁ultimate,OK,"(5737,)",0.0049991404737836,3.471215421474108,False,False,False,0.0107885634386411,0.0119189767427341,-0.0034328699111938,0.2150537634408602,-0.0464135557413101,-0.0124380566099638,1.0,0.1209677419354838,0.94728711387391,0.9680440597954366,0.6292823553085327,0.8198487758636475,0.7311827956989247,1.320677787065506,0.0,1.4193548387096773,0.0,0.0,random
855,7359,4157, owned,▁owned,OK,"(4157,)",0.0067825037625528,2.737788091423691,False,False,False,0.0123547592791177,0.0131358895250546,-0.0025307834148406,0.2258064516129032,-0.0395407080650329,-0.0097219982454853,1.0,0.1021505376344086,0.942015863629864,0.9785680566483084,0.6292823553085327,0.8198487758636475,0.717741935483871,0.977035403251648,0.0,1.043010752688172,0.0,0.0,random
856,17828,24036, dizaine,▁dizaine,OK,"(24036,)",0.0133251809464987,4.181680247988751,False,False,False,0.017453949297628,0.0183772428702282,-0.0038520097732543,0.3924731182795699,-0.0489293038845062,-0.0169750958360651,0.967741935483871,0.1612903225806451,0.9004941428175305,0.962750590086546,0.6292823553085327,0.8198487758636475,0.5094086021505376,1.4464651942253113,0.0,2.225806451612903,0.0,0.0,random
857,13856,17019, substrate,▁substrate,OK,"(17019,)",0.0012999748911267,3.630401495002931,False,False,False,0.0093946636364024,0.0113772299661431,-0.0069190859794616,0.2150537634408602,-0.0506725460290908,-0.0131571908150949,1.0,0.1182795698924731,0.935690215765613,0.9737088906372932,0.6292823553085327,0.8198487758636475,0.7311827956989247,1.533627301454544,0.0,1.3655913978494625,0.0,0.0,random
858,25562,23005, niedrig,▁niedrig,OK,"(23005,)",0.0160020663372931,5.5247434345624775,False,False,False,0.0196320308792975,0.0204597362267073,-0.0026815235614776,0.4354838709677419,-0.0618120729923248,-0.0207867587125429,0.9731182795698924,0.1989247311827957,0.8964025930655316,0.9634618410700232,0.6292823553085327,0.8198487758636475,0.4556451612903226,2.090603649616241,0.0,2.978494623655914,0.0,0.0,random
859,3030,28569,kho,kho,OK,"(28569,)",0.0022784339804803,1.9977185046801005,False,False,False,0.0102739327697343,0.0113841854436423,-0.004092127084732,0.1612903225806451,-0.0338791012763977,-0.0093123784629247,0.989247311827957,0.075268817204301,0.9309004319562316,0.9683776553894572,0.6292823553085327,0.8198487758636475,0.7983870967741936,0.6939550638198853,0.0,0.5053763440860215,0.0,0.0,random
860,29714,10593,450,450,OK,"(10593,)",0.0093866959374438,6.841004216542808,False,False,False,0.0151705011244743,0.0166872448177747,-0.00443896651268,0.3440860215053763,-0.0675727725028991,-0.0230062802632649,0.967741935483871,0.2446236559139785,0.8749352641181186,0.9569095200629426,0.6292823553085327,0.8198487758636475,0.5698924731182795,2.378638625144958,0.0,3.89247311827957,0.0,0.0,random
861,31202,11926, easiest,▁easiest,OK,"(11926,)",0.0048146160219305,7.839262515626927,False,False,False,0.0133834801694398,0.0150854843918995,-0.0063125193119049,0.2849462365591398,-0.062403529882431,-0.0280667261410784,0.9516129032258064,0.303763440860215,0.8619715007169755,0.9650731707317072,0.6292823553085327,0.8198487758636475,0.6438172043010754,2.120176494121551,0.0,5.075268817204301,0.0,0.0,random
862,22168,18974,filtration,filtration,OK,"(18974,)",0.0088013545559939,4.860381560620441,False,False,False,0.0142669722598086,0.0158901647213966,-0.008073478937149,0.3924731182795699,-0.0549764484167099,-0.0182138338524808,0.978494623655914,0.1801075268817204,0.9131119398392744,0.9680440597954366,0.6292823553085327,0.8198487758636475,0.5094086021505376,1.7488224208354948,0.0,2.602150537634409,0.0,0.0,random
863,14947,7309, Down,▁Down,OK,"(7309,)",0.0058530073492757,3.7822480208130287,False,False,False,0.0129492457515449,0.0138812832614426,-0.0035246908664703,0.2419354838709677,-0.0543815195560455,-0.0127537365882627,0.978494623655914,0.1182795698924731,0.9202106257012408,0.9618630999213216,0.6292823553085327,0.8198487758636475,0.6975806451612904,1.7190759778022764,0.0,1.3655913978494625,0.0,0.0,random
864,1884,437, since,▁since,OK,"(437,)",0.0087361970335565,1.7104558403133063,False,False,False,0.0107895861710271,0.0115674407251419,-0.002162218093872,0.2526881720430107,-0.0347198694944381,-0.0097971654707385,0.989247311827957,0.064516129032258,0.9236560340984368,0.97950590086546,0.6292823553085327,0.8198487758636475,0.6841397849462366,0.7359934747219086,0.0,0.2903225806451612,0.0,0.0,random
865,16291,18847, Aktion,▁Aktion,OK,"(18847,)",0.0058792960499563,3.9652486863315737,False,False,False,0.0121416324569332,0.0137778198526751,-0.0059968531131744,0.2903225806451613,-0.0527995973825454,-0.0159500689916713,0.989247311827957,0.1344086021505376,0.9220362166767186,0.9631156569630211,0.6292823553085327,0.8198487758636475,0.6370967741935485,1.6399798691272731,0.0,1.6881720430107523,0.0,0.0,random
866,16122,8860,liable,liable,OK,"(8860,)",0.0096524499516974,3.939739478211249,False,False,False,0.0141137767863529,0.0153309895146277,-0.0050314664840698,0.3440860215053763,-0.0504076927900314,-0.0149999449970901,1.0,0.1424731182795699,0.8878531328152888,0.9723304484657748,0.6292823553085327,0.8198487758636475,0.5698924731182795,1.5203846395015717,0.0,1.849462365591398,0.0,0.0,random
867,9196,10255,RD,RD,OK,"(10255,)",0.0019092636964013,3.004197660633313,False,False,False,0.0092823758561124,0.0105256720255779,-0.0046174526214599,0.1774193548387097,-0.0468850284814834,-0.0105366735689101,1.0,0.0940860215053763,0.937110575689295,0.9697372147915028,0.6292823553085327,0.8198487758636475,0.7782258064516129,1.344251424074173,0.0,0.8817204301075268,0.0,0.0,random
868,2392,17155,ashi,ashi,OK,"(17155,)",0.0002379861249718,1.8452199697494505,False,False,False,0.008046733115309,0.0092357230442826,-0.0040807723999023,0.1182795698924731,-0.031904399394989,-0.0079137048413676,1.0,0.0698924731182795,0.9534100576694258,0.9735641227380016,0.6292823553085327,0.8198487758636475,0.8521505376344086,0.5952199697494507,0.0,0.3978494623655912,0.0,0.0,random
869,19501,16563, instinct,▁instinct,OK,"(16563,)",0.0096782944776037,4.432007545104591,False,False,False,0.0141914696783147,0.0152985560958103,-0.0036934614181518,0.3118279569892473,-0.0443928390741348,-0.0163508611981586,1.0,0.1801075268817204,0.9126491411861288,0.9763147128245474,0.6292823553085327,0.8198487758636475,0.6102150537634409,1.219641953706741,0.0,2.602150537634409,0.0,0.0,random
870,31412,29662, Pumpkin,▁Pumpkin,OK,"(29662,)",0.0072466116999426,8.095362009861136,False,False,False,0.0143498183899028,0.0157627615556922,-0.0038327574729919,0.2903225806451613,-0.06873519718647,-0.0274625542343303,0.956989247311828,0.3010752688172043,0.8721777450234869,0.9647018095987412,0.6292823553085327,0.8198487758636475,0.6370967741935485,2.436759859323501,0.0,5.021505376344086,0.0,0.0,random
871,9216,8843,rov,rov,OK,"(8843,)",-4.341282671497604e-05,3.0088441375122272,False,False,False,0.0088063305424105,0.0102740426858266,-0.0052617192268371,0.1451612903225806,-0.040795162320137,-0.0115210218455201,1.0,0.1075268817204301,0.9490089326441355,0.9687364280094414,0.6292823553085327,0.8198487758636475,0.8185483870967742,1.0397581160068512,0.0,1.150537634408602,0.0,0.0,random
872,13359,24481, Betreuung,▁Betreuung,OK,"(24481,)",0.0021113826062089,3.5611013071511377,False,False,False,0.0096983271901325,0.0112860552085343,-0.0060694515705108,0.2150537634408602,-0.0514370799064636,-0.012952568069581,0.9838709677419356,0.1129032258064516,0.9535074252761172,0.9638332022029896,0.6292823553085327,0.8198487758636475,0.7311827956989247,1.571853995323181,0.0,1.258064516129032,0.0,0.0,random
873,13511,6339, yield,▁yield,OK,"(6339,)",0.0098397051134417,3.5821627365645536,False,False,False,0.0126165717199284,0.0137999576907004,-0.0038308203220367,0.3225806451612903,-0.0491701364517211,-0.0139966953185296,1.0,0.1263440860215053,0.9117474652030336,0.9749173878835562,0.6292823553085327,0.8198487758636475,0.5967741935483871,1.4585068225860596,0.0,1.5268817204301073,0.0,0.0,random
874,17605,31087,interprétation,interprétation,OK,"(31087,)",0.0062943913202772,4.150703077995649,False,False,False,0.0138332891848779,0.0161964284476413,-0.0086086690425872,0.3440860215053763,-0.046024814248085,-0.0164215558318681,1.0,0.1639784946236559,0.913112648181972,0.9567332808811958,0.6292823553085327,0.8198487758636475,0.5698924731182795,1.301240712404251,0.0,2.279569892473118,0.0,0.0,random
875,23150,14212, Vincent,▁Vincent,OK,"(14212,)",0.0112520197786951,5.036162067164657,False,False,False,0.0150760468295825,0.0159916070199781,-0.0021540224552154,0.3172043010752688,-0.0490834563970565,-0.0191786686579386,0.9838709677419356,0.1989247311827957,0.9094472993770568,0.9660550747442956,0.6292823553085327,0.8198487758636475,0.603494623655914,1.454172819852829,0.0,2.978494623655914,0.0,0.0,random
876,9989,15378, Ergebnis,▁Ergebnis,OK,"(15378,)",0.0082906762518549,3.1092972841955,False,False,False,0.0134937268111013,0.0147878482777585,-0.0053755640983581,0.3172043010752688,-0.0438794940710067,-0.0133560190918625,1.0,0.1155913978494623,0.9049396130471412,0.9636317859952792,0.6292823553085327,0.8198487758636475,0.603494623655914,1.1939747035503387,0.0,1.311827956989247,0.0,0.0,random
877,31105,11217, gluten,▁gluten,OK,"(11217,)",0.0168602612790881,7.757759867462656,False,False,False,0.0195601486390636,0.0204820475911581,-0.0035303235054016,0.478494623655914,-0.0706829279661178,-0.0285706955899474,0.935483870967742,0.2903225806451613,0.8640499700356282,0.9532903225806452,0.6292823553085327,0.8198487758636475,0.4018817204301075,2.5341463983058925,0.0152801358234295,4.806451612903226,0.0,0.0,random
878,12975,26574, physiological,▁physiological,OK,"(26574,)",0.0146137089658808,3.508138340647502,False,False,False,0.0180784534382563,0.0189791248049787,-0.0035394430160522,0.4086021505376344,-0.0455391108989715,-0.0152721004460447,1.0,0.1370967741935483,0.886064670802896,0.9610196695515342,0.6292823553085327,0.8198487758636475,0.489247311827957,1.276955544948578,0.0,1.7419354838709673,0.0,0.0,random
879,27796,18236, masculin,▁masculin,OK,"(18236,)",0.0111566138844336,6.1150759150904985,False,False,False,0.0144396951442123,0.0154140221495782,-0.0027565360069274,0.3387096774193548,-0.0604466795921325,-0.0205974559630117,0.9946236559139784,0.2258064516129032,0.9004773049213143,0.9637513768686072,0.6292823553085327,0.8198487758636475,0.5766129032258065,2.022333979606628,0.0,3.516129032258064,0.0,0.0,random
880,10847,16720,gain,gain,OK,"(16720,)",-0.0002360631381311,3.228841181724302,False,False,False,0.0088737731979739,0.011047036737524,-0.0084870606660842,0.2096774193548387,-0.0446574687957763,-0.011830566070413,1.0,0.1129032258064516,0.904227964749916,0.9665649095200628,0.6292823553085327,0.8198487758636475,0.7379032258064516,1.2328734397888184,0.0,1.258064516129032,0.0,0.0,random
881,30003,27885, Marketplace,▁Marketplace,OK,"(27885,)",-0.0026343503145761,6.981634329083144,False,False,False,0.0090444621539885,0.0122465649920125,-0.0127105116844177,0.2634408602150537,-0.061917632818222,-0.0228160248007825,0.956989247311828,0.260752688172043,0.919650429927125,0.964588512981904,0.6292823553085327,0.8198487758636475,0.6706989247311829,2.095881640911102,0.0,4.21505376344086,0.0,0.0,random
882,22481,27898, Breite,▁Breite,OK,"(27898,)",0.0005758312360573,4.915973681596018,False,False,False,0.0092734340378033,0.0105941377339824,-0.0037165284156799,0.1344086021505376,-0.0485614091157913,-0.0171764419283918,0.9731182795698924,0.1827956989247312,0.9260009435715024,0.9634051927616047,0.6292823553085327,0.8198487758636475,0.831989247311828,1.428070455789566,0.0,2.655913978494624,0.0,0.0,random
883,8099,21591,edel,edel,OK,"(21591,)",-0.0010995420316855,2.845403244098028,False,False,False,0.0076982787539882,0.0097135097108861,-0.0070458054542541,0.1666666666666666,-0.0477413982152938,-0.0092477619007069,0.9946236559139784,0.0833333333333333,0.9395281198031812,0.9660802517702596,0.6292823553085327,0.8198487758636475,0.7916666666666667,1.3870699107646942,0.0,0.6666666666666665,0.0,0.0,random
884,3670,17122, durchgeführt,▁durchgeführt,OK,"(17122,)",-0.0024516401752348,2.130067522807788,False,False,False,0.0073998913329134,0.0092883781399778,-0.0069559812545776,0.1290322580645161,-0.0389454364776611,-0.0094256340175546,0.9946236559139784,0.0672043010752688,0.93340213603692,0.9748418568056648,0.6292823553085327,0.8198487758636475,0.8387096774193549,0.9472718238830566,0.0,0.3440860215053762,0.0,0.0,random
885,20769,19527, torque,▁torque,OK,"(19527,)",0.0193021779419273,4.627953698558192,False,False,False,0.0221264256585028,0.0229981839656829,-0.0034099221229553,0.510752688172043,-0.0565106868743896,-0.0178778876540481,0.9946236559139784,0.1720430107526881,0.8582655845354622,0.9491424075531076,0.6292823553085327,0.8198487758636475,0.3615591397849463,1.8255343437194824,0.0,2.4408602150537635,0.0,0.0,random
886,5157,245, une,▁une,OK,"(245,)",0.0053123372456719,2.3924989818885765,False,False,False,0.0116511346191488,0.0125250393344509,-0.0017723143100738,0.1774193548387097,-0.035726323723793,-0.0097575415206211,0.9946236559139784,0.0913978494623656,0.9209662797885776,0.9635373721479148,0.6292823553085327,0.8198487758636475,0.7782258064516129,0.7863161861896515,0.0,0.8279569892473118,0.0,0.0,random
887,20508,29785, latch,▁latch,OK,"(29785,)",0.0004193085576257,4.587511612202532,False,False,False,0.0098527327019681,0.0118785277810148,-0.007709577679634,0.2096774193548387,-0.047099694609642,-0.0169431269168853,0.9838709677419356,0.1747311827956989,0.9489949133615716,0.974029897718332,0.6292823553085327,0.8198487758636475,0.7379032258064516,1.3549847304821014,0.0,2.4946236559139785,0.0,0.0,random
888,13174,3361, foundation,▁foundation,OK,"(3361,)",0.0088695311818712,3.533408417176175,False,False,False,0.0121032802327986,0.0129482816624385,-0.0030150711536407,0.2849462365591398,-0.0472541898488998,-0.0147383235475068,0.9946236559139784,0.1263440860215053,0.9187026969115224,0.9770259638080252,0.6292823553085327,0.8198487758636475,0.6438172043010754,1.362709492444992,0.0,1.5268817204301073,0.0,0.0,random
889,4996,2005, stuff,▁stuff,OK,"(2005,)",0.0031916854762902,2.367086464679369,False,False,False,0.0098531246185302,0.0111015048078311,-0.0049130022525787,0.1989247311827957,-0.0368309766054153,-0.0099671149766573,0.9946236559139784,0.0887096774193548,0.9345845370855034,0.976107002360346,0.6292823553085327,0.8198487758636475,0.7513440860215054,0.8415488302707672,0.0,0.7741935483870968,0.0,0.0,random
890,19587,20241, Bali,▁Bali,OK,"(20241,)",0.0056855620235525,4.443161367088235,False,False,False,0.0115309931257719,0.0128472408940715,-0.0042543411254882,0.2526881720430107,-0.0538901090621948,-0.0166053086198786,0.989247311827957,0.1532258064516129,0.9298919733114178,0.961963808025177,0.6292823553085327,0.8198487758636475,0.6841397849462366,1.694505453109741,0.0,2.064516129032258,0.0,0.0,random
891,26234,13836, Rapid,▁Rapid,OK,"(13836,)",5.800168841115904e-05,5.68328532768834,False,False,False,0.0108805015202491,0.0135455243690039,-0.0106579065322875,0.2741935483870967,-0.0598753839731216,-0.0194877091274466,0.989247311827957,0.2016129032258064,0.9444091174920656,0.9532399685287176,0.6292823553085327,0.8198487758636475,0.6572580645161291,1.993769198656082,0.0,3.032258064516129,0.0,0.0,random
892,17720,25667, Operator,▁Operator,OK,"(25667,)",0.020619327270536,4.165458220628,False,False,False,0.0191491686849183,0.0197078036044233,-0.0001963973045349,0.4623655913978494,-0.0460510998964309,-0.0166943361682276,1.0,0.1720430107526881,0.903724288820242,0.9687238394964592,0.6292823553085327,0.8198487758636475,0.4220430107526882,1.3025549948215485,0.0,2.4408602150537635,0.0,0.0,random
893,11666,27996, slujb,▁slujb,OK,"(27996,)",0.00262913707123,3.339148543214285,False,False,False,0.0104482643386369,0.0117434513184332,-0.0044631659984588,0.1881720430107527,-0.0463259816169738,-0.0111372079900515,1.0,0.1129032258064516,0.9355064893783276,0.9676412273800156,0.6292823553085327,0.8198487758636475,0.7647849462365591,1.3162990808486938,0.0,1.258064516129032,0.0,0.0,random
894,10790,21371, comerciale,▁comerciale,OK,"(21371,)",0.0065322142214544,3.218928177830993,False,False,False,0.0140473078335485,0.0151482360657825,-0.0041413307189941,0.2580645161290322,-0.0445936173200607,-0.013586337207466,0.9838709677419356,0.1155913978494623,0.9078666178894014,0.9584075531077888,0.6292823553085327,0.8198487758636475,0.6774193548387097,1.2296808660030365,0.0,1.311827956989247,0.0,0.0,random
895,2286,12546,irk,irk,OK,"(12546,)",0.0057402525457643,1.8169471169671705,False,False,False,0.0114888268452818,0.0129851887943924,-0.0062613487243652,0.2741935483870967,-0.0341615229845047,-0.0100712343569724,0.9946236559139784,0.0725806451612903,0.932512915079598,0.9749173878835562,0.6292823553085327,0.8198487758636475,0.6572580645161291,0.708076149225235,0.0,0.4516129032258065,0.0,0.0,random
896,17750,18893, Gamb,▁Gamb,OK,"(18893,)",-0.0046564604085619,4.171066876701129,False,False,False,0.0064936953206216,0.0093655733652012,-0.0097273290157318,0.1505376344086021,-0.0491202622652053,-0.0153146200282599,0.9838709677419356,0.1451612903225806,0.9281928510218064,0.9629142407553106,0.6292823553085327,0.8198487758636475,0.8118279569892474,1.4560131132602692,0.0,1.903225806451613,0.0,0.0,random
897,22948,12838, Andy,▁Andy,OK,"(12838,)",-0.0015113574843252,5.002071762597689,False,False,False,0.0091286658920267,0.0107474134814354,-0.0069743394851684,0.1612903225806451,-0.0520306825637817,-0.0168849156107953,0.9946236559139784,0.1801075268817204,0.9045520610485156,0.967458693941778,0.6292823553085327,0.8198487758636475,0.7983870967741936,1.6015341281890867,0.0,2.602150537634409,0.0,0.0,random
898,9706,1024,ha,ha,OK,"(1024,)",-0.0035305493941871,3.071079204159398,False,False,False,0.0064348314077623,0.0075932097050451,-0.004795491695404,0.075268817204301,-0.0499699711799621,-0.0106661242823446,0.9838709677419356,0.0833333333333333,0.9404722815910144,0.9639842643587724,0.6292823553085327,0.8198487758636475,0.9059139784946236,1.498498558998108,0.0,0.6666666666666665,0.0,0.0,random
899,30572,21894, Norwegian,▁Norwegian,OK,"(21894,)",0.0001649375404081,7.321243726438091,False,False,False,0.0106319802743132,0.0122474858196832,-0.0068968832492828,0.2096774193548387,-0.0684410035610199,-0.024886486030394,0.9623655913978496,0.2580645161290322,0.91290438067163,0.9580298977183318,0.6292823553085327,0.8198487758636475,0.7379032258064516,2.4220501780509944,0.0,4.161290322580645,0.0,0.0,random
900,20689,21032,War,War,OK,"(21032,)",0.0101633155858644,4.614855930369387,False,False,False,0.0150299985562601,0.0157197305271702,-0.002447634935379,0.3010752688172043,-0.0488562583923339,-0.0180228538410637,0.989247311827957,0.1774193548387097,0.9029802043303052,0.962347757671125,0.6292823553085327,0.8198487758636475,0.6236559139784946,1.4428129196166992,0.0,2.548387096774194,0.0,0.0,random
901,10290,17943,evoke,evoke,OK,"(17943,)",-0.0002487720821493,3.1495807164458816,False,False,False,0.0077888955993037,0.010083526212682,-0.0091637074947357,0.2150537634408602,-0.0367550551891326,-0.0100219586203175,1.0,0.1290322580645161,0.9519485400835638,0.9771329661683712,0.6292823553085327,0.8198487758636475,0.7311827956989247,0.8377527594566345,0.0,1.5806451612903225,0.0,0.0,random
902,23385,17884, citoyen,▁citoyen,OK,"(17884,)",0.0035419331523039,5.080209598425896,False,False,False,0.0123904182385372,0.0139354600380825,-0.007084846496582,0.2688172043010752,-0.0562816113233566,-0.0183350264385182,1.0,0.1801075268817204,0.915603668093633,0.9555940204563336,0.6292823553085327,0.8198487758636475,0.663978494623656,1.8140805661678312,0.0,2.602150537634409,0.0,0.0,random
903,2413,14468,dreh,dreh,OK,"(14468,)",-0.0009784102840449,1.851941010323904,False,False,False,0.0082791766492269,0.0097760144741304,-0.0062313079833984,0.1397849462365591,-0.0347269922494888,-0.0076766219190371,1.0,0.064516129032258,0.9518329769238182,0.9755216365066876,0.6292823553085327,0.8198487758636475,0.8252688172043011,0.7363496124744415,0.0,0.2903225806451612,0.0,0.0,random
904,1046,524,ch,ch,OK,"(524,)",0.0029634304424767,1.4230504837087403,False,False,False,0.0090610969771621,0.0104191848026808,-0.0042371749877929,0.1720430107526881,-0.028030902147293,-0.0071556186804207,0.9946236559139784,0.0618279569892473,0.9389620064161088,0.9772462627852084,0.6292823553085327,0.8198487758636475,0.7849462365591398,0.4015451073646545,0.0,0.2365591397849462,0.0,0.0,random
905,21820,11276, niche,▁niche,OK,"(11276,)",0.0067799304521852,4.801122571511935,False,False,False,0.0125329130759803,0.0142048989893287,-0.0057993233203887,0.3064516129032258,-0.054866537451744,-0.017616956785161,0.9838709677419356,0.1720430107526881,0.9077159622518272,0.9695169158143192,0.6292823553085327,0.8198487758636475,0.6169354838709677,1.7433268725872038,0.0,2.4408602150537635,0.0,0.0,random
906,20526,12562, professionnel,▁professionnel,OK,"(12562,)",0.0125477153767821,4.5897768851249445,False,False,False,0.0179238849750129,0.0192322109335212,-0.0053235292434692,0.4139784946236559,-0.0565536022186279,-0.0178214773055045,0.9946236559139784,0.1639784946236559,0.8756731801237267,0.9621966955153424,0.6292823553085327,0.8198487758636475,0.4825268817204301,1.8276801109313965,0.0,2.279569892473118,0.0,0.0,random
907,25327,7575, Job,▁Job,OK,"(7575,)",0.0120628625074381,5.474215960310351,False,False,False,0.0153187643135747,0.0160944517902148,-0.0014293193817138,0.3279569892473118,-0.0581133514642715,-0.0191088588007034,0.9838709677419356,0.1989247311827957,0.9037532423280216,0.965897718332022,0.6292823553085327,0.8198487758636475,0.5900537634408602,1.905667573213577,0.0,2.978494623655914,0.0,0.0,random
908,1827,23701, destiné,▁destiné,OK,"(23701,)",-0.0056743863929984,1.6925202050516683,False,False,False,0.0047778226034615,0.0069356954866839,-0.0084119737148284,0.086021505376344,-0.031269758939743,-0.0059304535388946,1.0,0.0618279569892473,0.9501176365378512,0.968914191840998,0.6292823553085327,0.8198487758636475,0.8924731182795699,0.5634879469871521,0.0,0.2365591397849462,0.0,0.0,random
909,8935,27764, exceptionnelle,▁exceptionnelle,OK,"(27764,)",0.0028314198457425,2.968467790913838,False,False,False,0.0094119565140816,0.0108651981879306,-0.0046786069869995,0.1935483870967742,-0.0433478504419326,-0.0125210339664131,1.0,0.1021505376344086,0.9403908812093064,0.9760944138473644,0.6292823553085327,0.8198487758636475,0.7580645161290323,1.167392522096634,0.0,1.043010752688172,0.0,0.0,random
910,17789,577, play,▁play,OK,"(577,)",0.0028979036836854,4.176707267440776,False,False,False,0.0103273561564824,0.0121269421551817,-0.0070530772209167,0.2419354838709677,-0.042915865778923,-0.0156722039945663,0.9946236559139784,0.1666666666666666,0.9291686816310948,0.9711534225019668,0.6292823553085327,0.8198487758636475,0.6975806451612904,1.1457932889461515,0.0,2.333333333333333,0.0,0.0,random
911,21884,4398, Table,▁Table,OK,"(4398,)",0.0113608265435823,4.814537707195488,False,False,False,0.015151562069052,0.0159624037883614,-0.0013192594051361,0.3010752688172043,-0.0474735498428344,-0.0191639921357554,0.9731182795698924,0.1908602150537634,0.9090671702196204,0.9613469708890636,0.6292823553085327,0.8198487758636475,0.6236559139784946,1.3736774921417236,0.0,2.817204301075269,0.0,0.0,random
912,23309,24627, Worldwide,▁Worldwide,OK,"(24627,)",0.0104340178351248,5.064313906495289,False,False,False,0.0160631468539596,0.0168993367302802,-0.0038309693336486,0.3387096774193548,-0.0534099340438842,-0.0186233863394747,0.9946236559139784,0.1908602150537634,0.8974546738148281,0.9650354051927617,0.6292823553085327,0.8198487758636475,0.5766129032258065,1.6704967021942136,0.0,2.817204301075269,0.0,0.0,random
913,19325,14301, Cred,▁Cred,OK,"(14301,)",0.0070730802032255,4.402619803464541,False,False,False,0.0132986951258874,0.0146024364938018,-0.0040095150470733,0.2741935483870967,-0.0525416433811187,-0.0153067153628154,1.0,0.1559139784946236,0.9107534537978312,0.9576585365853656,0.6292823553085327,0.8198487758636475,0.6572580645161291,1.6270821690559385,0.0,2.118279569892473,0.0,0.0,random
914,14720,4727, formal,▁formal,OK,"(4727,)",0.0112016075000327,3.747751491364612,False,False,False,0.0180418284669999,0.0194417888759284,-0.0053544044494628,0.3763440860215054,-0.0452238470315933,-0.015410792122605,1.0,0.1478494623655914,0.8816708358045393,0.9602706530291109,0.6292823553085327,0.8198487758636475,0.5295698924731183,1.261192351579666,0.0,1.956989247311828,0.0,0.0,random
915,28496,19248, Arabic,▁Arabic,OK,"(19248,)",0.0111959532544177,6.355060920279513,False,False,False,0.0190480002152022,0.0200928116357454,-0.0046882331371307,0.3763440860215054,-0.0586603581905365,-0.0225516692284614,0.978494623655914,0.2446236559139785,0.8927806450080066,0.9589173878835562,0.6292823553085327,0.8198487758636475,0.5295698924731183,1.9330179095268247,0.0,3.89247311827957,0.0,0.0,random
916,29712,25883, cabbage,▁cabbage,OK,"(25883,)",0.0150874990929839,6.838960052818379,False,False,False,0.0185125140092706,0.0194094616879699,-0.0025238096714019,0.4139784946236559,-0.0617523193359375,-0.0248339724156164,0.9731182795698924,0.2634408602150537,0.8897331923928128,0.9596852871754522,0.6292823553085327,0.8198487758636475,0.4825268817204301,2.0876159667968746,0.0,4.268817204301075,0.0,0.0,random
917,25055,27287, Sergi,▁Sergi,OK,"(27287,)",-0.0001373357510053,5.420125483825642,False,False,False,0.0108265372053269,0.0124210848282742,-0.0074940919876098,0.2043010752688172,-0.0571659505367279,-0.0182544390360514,0.967741935483871,0.1908602150537634,0.9383277593157764,0.9672258064516128,0.6292823553085327,0.8198487758636475,0.7446236559139785,1.858297526836395,0.0,2.817204301075269,0.0,0.0,random
918,15504,25045, Timber,▁Timber,OK,"(25045,)",0.0047513140465623,3.854195790906106,False,False,False,0.0101293926277468,0.0114846694213087,-0.0037278234958648,0.2150537634408602,-0.0454710125923156,-0.0151551397897863,0.989247311827957,0.1424731182795699,0.9346852693200102,0.9612588512981902,0.6292823553085327,0.8198487758636475,0.7311827956989247,1.2735506296157837,0.0,1.849462365591398,0.0,0.0,random
919,25702,26132, 10:30,▁10:30,OK,"(26132,)",0.0121805183269003,5.557529211094909,False,False,False,0.0147191962247253,0.0152326197393478,-0.0004997849464416,0.3118279569892473,-0.0582218915224075,-0.0208173381384982,0.946236559139785,0.2016129032258064,0.9230333565955042,0.966671911880409,0.6292823553085327,0.8198487758636475,0.6102150537634409,1.9110945761203764,0.0039615166949631,3.032258064516129,0.0,0.0,random
920,10416,10049,show,show,OK,"(10049,)",-0.0017312261205847,3.1691845559304763,False,False,False,0.0075671805809902,0.0093329343744503,-0.007266342639923,0.1505376344086021,-0.0398353040218353,-0.0132773082743408,1.0,0.1182795698924731,0.9271643669386358,0.9812557041699448,0.6292823553085327,0.8198487758636475,0.8118279569892474,0.9917652010917664,0.0,1.3655913978494625,0.0,0.0,random
921,28366,22343, Perth,▁Perth,OK,"(22343,)",0.0117550435405905,6.306557621366235,False,False,False,0.0173070296164481,0.0182942305841753,-0.0028133988380432,0.3494623655913978,-0.0580935180187225,-0.0222360728889383,0.9623655913978496,0.2419354838709677,0.9068010786288432,0.95775295043273,0.6292823553085327,0.8198487758636475,0.5631720430107526,1.9046759009361265,0.0,3.838709677419355,0.0,0.0,random
922,20317,13667, Lamp,▁Lamp,OK,"(13667,)",0.0145473587256605,4.554640536667199,False,False,False,0.0183115583914582,0.0190994004088063,-0.0007514953613281,0.3494623655913978,-0.0434852838516235,-0.0183144689247172,0.978494623655914,0.1908602150537634,0.8963909054110152,0.9583949645948072,0.6292823553085327,0.8198487758636475,0.5631720430107526,1.1742641925811768,0.0,2.817204301075269,0.0,0.0,random
923,30837,29126,crashing,crashing,OK,"(29126,)",0.0102069438144724,7.520947553778207,False,False,False,0.0176441925828174,0.0188798574350213,-0.0049414634704589,0.3763440860215054,-0.0733759403228759,-0.024963859268414,0.967741935483871,0.2661290322580645,0.8902997780083499,0.9488717545239966,0.6292823553085327,0.8198487758636475,0.5295698924731183,2.6687970161437984,0.0,4.32258064516129,0.0,0.0,random
924,14445,5334, grant,▁grant,OK,"(5334,)",0.0004700626096417,3.707550374410485,False,False,False,0.0083879131463266,0.0100035750737754,-0.0061597526073455,0.1774193548387097,-0.0448230504989624,-0.013849603232517,0.9946236559139784,0.1344086021505376,0.935562477965746,0.9781715184893782,0.6292823553085327,0.8198487758636475,0.7782258064516129,1.24115252494812,0.0,1.6881720430107523,0.0,0.0,random
925,14657,29582,Help,Help,OK,"(29582,)",0.0113277730682203,3.7396302175137297,False,False,False,0.0142033539151632,0.0149621622216316,-0.0024003386497497,0.3225806451612903,-0.0480184108018875,-0.0142776741776415,0.9946236559139784,0.1370967741935483,0.904362033362646,0.9742124311565694,0.6292823553085327,0.8198487758636475,0.5967741935483871,1.4009205400943756,0.0,1.7419354838709673,0.0,0.0,random
926,5572,31142,tehnică,tehnică,OK,"(31142,)",0.0063392710060842,2.458435085191521,False,False,False,0.0127962721932318,0.0139147113728266,-0.004664659500122,0.2580645161290322,-0.0379859060049057,-0.0108011566823528,1.0,0.0940860215053763,0.9268844387586824,0.9659669551534222,0.6292823553085327,0.8198487758636475,0.6774193548387097,0.899295300245285,0.0,0.8817204301075268,0.0,0.0,random
927,8525,8876, stare,▁stare,OK,"(8876,)",0.0032916846294556,2.906092467487499,False,False,False,0.0094290840369398,0.0101467694646568,-0.002869427204132,0.1612903225806451,-0.0380680859088897,-0.0105683217125554,0.9946236559139784,0.1102150537634408,0.9559381032441948,0.9760251770259636,0.6292823553085327,0.8198487758636475,0.7983870967741936,0.9034042954444884,0.0,1.204301075268817,0.0,0.0,random
928,28020,14469, harness,▁harness,OK,"(14469,)",0.0151881805350703,6.197440446064036,False,False,False,0.0175960256207373,0.0185631962232692,-0.0025202929973602,0.4193548387096774,-0.0651853680610656,-0.019978876395892,0.989247311827957,0.2231182795698924,0.8827651367300628,0.9672572777340676,0.6292823553085327,0.8198487758636475,0.4758064516129032,2.2592684030532832,0.0,3.462365591397849,0.0,0.0,random
929,17136,10504, Bureau,▁Bureau,OK,"(10504,)",-0.0003201541400724,4.086719393730163,False,False,False,0.0084809633672878,0.0104639121601658,-0.007410854101181,0.1935483870967742,-0.0517343878746032,-0.0145174800067819,0.9838709677419356,0.1370967741935483,0.9350209204588704,0.9710338316286388,0.6292823553085327,0.8198487758636475,0.7580645161290323,1.5867193937301634,0.0,1.7419354838709673,0.0,0.0,random
930,16009,30456, Dienstleistung,▁Dienstleistung,OK,"(30456,)",0.0066747073204286,3.924698939887426,False,False,False,0.0129918742884871,0.0140877303577238,-0.0036694109439849,0.2580645161290322,-0.0511821508407592,-0.0134274039858131,0.9838709677419356,0.1344086021505376,0.9398116192109032,0.967313926042486,0.6292823553085327,0.8198487758636475,0.6774193548387097,1.559107542037964,0.0,1.6881720430107523,0.0,0.0,random
931,17562,24574, Gegner,▁Gegner,OK,"(24574,)",0.007152857783661,4.144698488455947,False,False,False,0.0133711285488579,0.0144151774465396,-0.0038180351257324,0.2688172043010752,-0.0493993461132049,-0.0176083708322176,0.9731182795698924,0.1505376344086021,0.9227064121689732,0.969800157356412,0.6292823553085327,0.8198487758636475,0.663978494623656,1.4699673056602478,0.0,2.010752688172043,0.0,0.0,random
932,26146,19720, statistic,▁statistic,OK,"(19720,)",0.0168319152888431,5.658539836124707,False,False,False,0.0224879430506819,0.0239565624024278,-0.003982663154602,0.4731182795698925,-0.0568267107009887,-0.0227974467380072,0.9516129032258064,0.2204301075268817,0.8697322951587286,0.9514649881982687,0.6292823553085327,0.8198487758636475,0.4086021505376344,1.8413355350494385,0.0,3.408602150537634,0.0,0.0,random
933,1397,1658, bine,▁bine,OK,"(1658,)",-0.0075554506592853,1.542748614665001,False,False,False,0.0037853932508858,0.0061488794062727,-0.009078562259674,0.0591397849462365,-0.0286775529384613,-0.0074825216365116,0.989247311827957,0.0591397849462365,0.946028669285272,0.9814004720692366,0.6292823553085327,0.8198487758636475,0.9260752688172044,0.4338776469230651,0.0,0.1827956989247312,0.0,0.0,random
934,13729,25691,Alb,Alb,OK,"(25691,)",-0.0001430849234263,3.611908466585221,False,False,False,0.009293633443053,0.0109195242966375,-0.0060217678546905,0.1666666666666666,-0.0490930080413818,-0.0119687155369789,0.989247311827957,0.1182795698924731,0.9268468375671322,0.9635121951219512,0.6292823553085327,0.8198487758636475,0.7916666666666667,1.4546504020690918,0.0,1.3655913978494625,0.0,0.0,random
935,28681,24878, epidemic,▁epidemic,OK,"(24878,)",0.0138848415305537,6.4201474971668695,False,False,False,0.017683228177409,0.0187740236200312,-0.003869742155075,0.4193548387096774,-0.0642631649971008,-0.0232247860841853,0.956989247311828,0.2365591397849462,0.9072107810939204,0.961661683713611,0.6292823553085327,0.8198487758636475,0.4758064516129032,2.213158249855041,0.0,3.731182795698925,0.0,0.0,random
936,24421,8949, ceramic,▁ceramic,OK,"(8949,)",0.0108738047701697,5.290952507206189,False,False,False,0.0155198373781737,0.0167320471617483,-0.0041121244430541,0.3548387096774194,-0.0551201254129409,-0.0190051688301947,0.989247311827957,0.1989247311827957,0.8931477731255075,0.9616490952006292,0.6292823553085327,0.8198487758636475,0.5564516129032258,1.7560062706470487,0.0,2.978494623655914,0.0,0.0,random
937,14639,4813, obvious,▁obvious,OK,"(4813,)",0.0073205921438432,3.7371131406035474,False,False,False,0.0120463986550607,0.0125553772975039,-0.0020686388015747,0.2258064516129032,-0.038021832704544,-0.0151522326213057,0.9946236559139784,0.1559139784946236,0.9432410751402556,0.976119590873328,0.6292823553085327,0.8198487758636475,0.717741935483871,0.9010916352272034,0.0,2.118279569892473,0.0,0.0,random
938,7498,11018,standing,standing,OK,"(11018,)",0.0015418437860345,2.75985090450574,False,False,False,0.009372920599035,0.0108089439010107,-0.0057601332664489,0.1827956989247312,-0.036756157875061,-0.0111178835873962,1.0,0.1075268817204301,0.9472767100905336,0.9778568056648308,0.6292823553085327,0.8198487758636475,0.771505376344086,0.8378078937530518,0.0,1.150537634408602,0.0,0.0,random
939,28966,9071, Economic,▁Economic,OK,"(9071,)",0.0191607453169361,6.526095377029371,False,False,False,0.0228666100771196,0.02402793351681,-0.0033227801322937,0.5161290322580645,-0.066458523273468,-0.0239478186253578,0.9408602150537636,0.2419354838709677,0.8670933201660295,0.9463162863886702,0.6292823553085327,0.8198487758636475,0.3548387096774194,2.3229261636734004,0.0096208262591962,3.838709677419355,0.0,0.0,random
940,31596,25662, conspiracy,▁conspiracy,OK,"(25662,)",0.0156978947100459,8.390039714484411,False,False,False,0.0208923113282008,0.0222115516662597,-0.0050168335437774,0.478494623655914,-0.0642000585794448,-0.0298377942013484,0.946236559139785,0.3387096774193548,0.860154970625176,0.9566640440597952,0.6292823553085327,0.8198487758636475,0.4018817204301075,2.210002928972244,0.0039615166949631,5.774193548387096,0.0,0.0,random
941,23854,22218, Improvement,▁Improvement,OK,"(22218,)",0.0039584134855578,5.178507638233964,False,False,False,0.0142472397576096,0.0165378826279794,-0.009567379951477,0.3225806451612903,-0.0520647764205932,-0.0188754303480989,0.989247311827957,0.1989247311827957,0.8893743873020126,0.9617309205350116,0.6292823553085327,0.8198487758636475,0.5967741935483871,1.6032388210296629,0.0,2.978494623655914,0.0,0.0,random
942,15945,14012, Lehr,▁Lehr,OK,"(14012,)",0.0014710647604798,3.916269442727488,False,False,False,0.0094731177694054,0.0109164336676238,-0.005212128162384,0.1827956989247312,-0.049131840467453,-0.0139074719721271,0.9946236559139784,0.1344086021505376,0.9446784943172468,0.9647269866247048,0.6292823553085327,0.8198487758636475,0.771505376344086,1.45659202337265,0.0,1.6881720430107523,0.0,0.0,random
943,12330,27966, proprietor,▁proprietor,OK,"(27966,)",0.008605267540101,3.427035162525792,False,False,False,0.0130143066247304,0.0138947797077958,-0.0030564069747924,0.2903225806451613,-0.05708909034729,-0.0131348656710758,0.9946236559139784,0.0967741935483871,0.9404644307927787,0.9730479937057436,0.6292823553085327,0.8198487758636475,0.6370967741935485,1.8544545173645015,0.0,0.9354838709677418,0.0,0.0,random
944,8081,23390, Interesting,▁Interesting,OK,"(23390,)",0.0076099455036142,2.8432528062533304,False,False,False,0.0133498056280997,0.0148021862391502,-0.0061677694320678,0.3118279569892473,-0.0362736582756042,-0.013801582077498,0.9946236559139784,0.1209677419354838,0.9237844212124436,0.9675216365066877,0.6292823553085327,0.8198487758636475,0.6102150537634409,0.8136829137802124,0.0,1.4193548387096773,0.0,0.0,random
945,8526,7907, placement,▁placement,OK,"(7907,)",0.0035970646527505,2.906099687340439,False,False,False,0.0097876255230237,0.0112667250376875,-0.0055479109287261,0.2258064516129032,-0.0429069399833679,-0.0124139090379079,0.9838709677419356,0.1021505376344086,0.9398491613738956,0.97011487018096,0.6292823553085327,0.8198487758636475,0.717741935483871,1.145346999168396,0.0,1.043010752688172,0.0,0.0,random
946,18440,17411, Gerade,▁Gerade,OK,"(17411,)",-0.0019711397508139,4.267108714067808,False,False,False,0.0082013909855196,0.0103511981746201,-0.0081556439399719,0.1720430107526881,-0.0483529269695282,-0.0149065800892409,1.0,0.1532258064516129,0.93614877911971,0.9625554681353266,0.6292823553085327,0.8198487758636475,0.7849462365591398,1.41764634847641,0.0,2.064516129032258,0.0,0.0,random
947,22259,5894, Drive,▁Drive,OK,"(5894,)",0.0126837763654929,4.87778754932906,False,False,False,0.0161737831689978,0.0175444538234382,-0.0043819844722747,0.3978494623655914,-0.0565342456102371,-0.0180056460442081,0.978494623655914,0.1774193548387097,0.906604041301692,0.9633800157356412,0.6292823553085327,0.8198487758636475,0.5026881720430108,1.826712280511856,0.0,2.548387096774194,0.0,0.0,random
948,26699,25334, catastrophe,▁catastrophe,OK,"(25334,)",0.0206810940738006,5.799164881072748,False,False,False,0.0226654734021873,0.0232554622875746,0.000295341014862,0.4623655913978494,-0.054650530219078,-0.021489744545311,0.9301075268817204,0.2311827956989247,0.8841189419544148,0.9593013375295044,0.6292823553085327,0.8198487758636475,0.4220430107526882,1.732526510953903,0.0209394453876627,3.623655913978494,0.0,0.0,random
949,12125,12091,second,second,OK,"(12091,)",0.0028885114096826,3.400611664018323,False,False,False,0.0087525615448592,0.0101832933323357,-0.0047270059585571,0.1935483870967742,-0.0412380397319793,-0.0124624137596417,0.9946236559139784,0.1290322580645161,0.9518028428448756,0.97348859166011,0.6292823553085327,0.8198487758636475,0.7580645161290323,1.0619019865989685,0.0,1.5806451612903225,0.0,0.0,random
950,2612,23712,masă,masă,OK,"(23712,)",-0.000343272618709,1.9022719110212016,False,False,False,0.0085043404051052,0.0102568791117719,-0.0058079361915588,0.1451612903225806,-0.0358680188655853,-0.0067759124181603,0.9946236559139784,0.064516129032258,0.9339839952918824,0.9694665617623917,0.6292823553085327,0.8198487758636475,0.8185483870967742,0.7934009432792664,0.0,0.2903225806451612,0.0,0.0,random
951,22680,14451, Standards,▁Standards,OK,"(14451,)",0.0136707533831878,4.951910369819211,False,False,False,0.0177529978175317,0.019411991680822,-0.0065198093652725,0.4623655913978494,-0.0585543364286422,-0.0193383472581063,0.978494623655914,0.1801075268817204,0.870912157979311,0.9632163650668764,0.6292823553085327,0.8198487758636475,0.4220430107526882,1.9277168214321132,0.0,2.602150537634409,0.0,0.0,random
952,15745,28722,implication,implication,OK,"(28722,)",0.013864393083639,3.8876356149232514,False,False,False,0.0169708832938184,0.0179267661866321,-0.0022425949573516,0.3655913978494624,-0.0434516370296478,-0.0152009578161342,0.978494623655914,0.1586021505376344,0.9280291648300176,0.9746404405979542,0.6292823553085327,0.8198487758636475,0.543010752688172,1.1725818514823914,0.0,2.172043010752688,0.0,0.0,random
953,29926,1619, Christmas,▁Christmas,OK,"(1619,)",0.006690671006518,6.94182662201184,False,False,False,0.0132738835709069,0.0146594646797385,-0.0055758357048034,0.3064516129032258,-0.0611214786767959,-0.0247938270850848,0.967741935483871,0.2634408602150537,0.8967812760232932,0.9663571990558611,0.6292823553085327,0.8198487758636475,0.6169354838709677,2.056073933839797,0.0,4.268817204301075,0.0,0.0,random
954,20374,26531,syndic,syndic,OK,"(26531,)",-0.0003062830657087,4.565096085430473,False,False,False,0.0084630124351029,0.0113980084337213,-0.0098621547222137,0.2473118279569892,-0.056194394826889,-0.0155726735309887,0.9838709677419356,0.1532258064516129,0.941215879095346,0.9682706530291108,0.6292823553085327,0.8198487758636475,0.6908602150537635,1.809719741344452,0.0,2.064516129032258,0.0,0.0,random
955,27523,28342, aquatic,▁aquatic,OK,"(28342,)",0.0094083920041079,6.028755685014109,False,False,False,0.0162504595774476,0.017742992729269,-0.0040131211280822,0.3279569892473118,-0.0595267266035079,-0.0215695526010246,0.9838709677419356,0.2231182795698924,0.898870414753834,0.957897718332022,0.6292823553085327,0.8198487758636475,0.5900537634408602,1.9763363301754,0.0,3.462365591397849,0.0,0.0,random
956,6787,7247,avoir,avoir,OK,"(7247,)",0.0020108792089646,2.6489204822048062,False,False,False,0.0113742558225508,0.0128820242099864,-0.0057111680507659,0.1935483870967742,-0.0391074419021606,-0.0099516357145001,0.9838709677419356,0.0967741935483871,0.9130824550744712,0.9619889850511408,0.6292823553085327,0.8198487758636475,0.7580645161290323,0.9553720951080322,0.0,0.9354838709677418,0.0,0.0,random
957,23396,18922, biscuit,▁biscuit,OK,"(18922,)",0.0069322021577947,5.081699104078354,False,False,False,0.0128433981569864,0.0141106249504191,-0.0046406686305999,0.2849462365591398,-0.0534888207912445,-0.0175821441476063,0.9623655913978496,0.1881720430107527,0.9346707187804228,0.9691707317073168,0.6292823553085327,0.8198487758636475,0.6438172043010754,1.6744410395622251,0.0,2.763440860215054,0.0,0.0,random
958,23384,25383,compatible,compatible,OK,"(25383,)",0.0067304289148699,5.080120744243745,False,False,False,0.015018237053707,0.0177023635115674,-0.0096088051795959,0.3870967741935484,-0.0603120923042297,-0.0194879933711021,0.978494623655914,0.1774193548387097,0.874746387489133,0.9573941778127458,0.6292823553085327,0.8198487758636475,0.5161290322580645,2.0156046152114864,0.0,2.548387096774194,0.0,0.0,random
959,30473,29306, Sneak,▁Sneak,OK,"(29306,)",0.007702261361704,7.250552109813176,False,False,False,0.0121766606005289,0.0133094600131434,-0.002635896205902,0.2688172043010752,-0.0620540529489517,-0.0242486173106778,0.9731182795698924,0.2741935483870967,0.9081407317563756,0.9627191188040912,0.6292823553085327,0.8198487758636475,0.663978494623656,2.1027026474475856,0.0,4.483870967741935,0.0,0.0,random
960,20682,2399, diverse,▁diverse,OK,"(2399,)",0.0139609504931716,4.614266700001172,False,False,False,0.0226549776971981,0.0241371542215347,-0.0052433311939239,0.4462365591397849,-0.0621509253978729,-0.0163928648476959,0.989247311827957,0.1532258064516129,0.8650432730981331,0.9404374508261212,0.6292823553085327,0.8198487758636475,0.4422043010752688,2.107546269893646,0.0,2.064516129032258,0.0,0.0,random
961,4340,1724,aux,aux,OK,"(1724,)",0.0004062590499718,2.25855672199239,False,False,False,0.0057663744495761,0.0077692422495093,-0.0060730874538421,0.1666666666666666,-0.0370797365903854,-0.0076140629988844,1.0,0.0806451612903225,0.959656577751458,0.981123524783635,0.6292823553085327,0.8198487758636475,0.7916666666666667,0.8539868295192719,0.0,0.6129032258064515,0.0,0.0,random
962,27159,11278, backyard,▁backyard,OK,"(11278,)",0.0040806007000707,5.92176338165037,False,False,False,0.0101827028938519,0.0123116359595329,-0.0070419907569885,0.2741935483870967,-0.0517417192459106,-0.0213703894486991,0.9838709677419356,0.2338709677419354,0.9311066777384563,0.9745271439811172,0.6292823553085327,0.8198487758636475,0.6572580645161291,1.587085962295532,0.0,3.677419354838709,0.0,0.0,random
963,29289,15221, Cruise,▁Cruise,OK,"(15221,)",0.0043134770486303,6.645855114985538,False,False,False,0.0127034724079152,0.0145864882456359,-0.0067234635353088,0.2795698924731182,-0.0588310807943344,-0.0229806121318571,0.9838709677419356,0.2526881720430107,0.9297244502633484,0.9572619984264358,0.6292823553085327,0.8198487758636475,0.6505376344086022,1.9415540397167204,0.0,4.053763440860215,0.0,0.0,random
964,28794,636, University,▁University,OK,"(636,)",0.014997647534455,6.46244851459739,False,False,False,0.0164426408147299,0.0170663470222104,-0.0014646351337432,0.3870967741935484,-0.0578511208295822,-0.0224728609925957,0.9838709677419356,0.2526881720430107,0.8704299241733897,0.9695232100708104,0.6292823553085327,0.8198487758636475,0.5161290322580645,1.8925560414791105,0.0,4.053763440860215,0.0,0.0,random
965,9149,22256, ministrul,▁ministrul,OK,"(22256,)",0.0054804087967,2.997265113297329,False,False,False,0.0112154001510271,0.0123606002138506,-0.0050451755523681,0.2526881720430107,-0.0421764850616455,-0.0113864396848986,1.0,0.1102150537634408,0.929476781190432,0.9741180173092052,0.6292823553085327,0.8198487758636475,0.6841397849462366,1.1088242530822754,0.0,1.204301075268817,0.0,0.0,random
966,20496,331, data,▁data,OK,"(331,)",0.0127608290603083,4.585741746810174,False,False,False,0.0180722068073929,0.0192579244093228,-0.0054840743541717,0.4193548387096774,-0.0544567704200744,-0.0170441212192658,0.9946236559139784,0.1693548387096774,0.8714872141929446,0.9626939417781272,0.6292823553085327,0.8198487758636475,0.4758064516129032,1.722838521003723,0.0,2.387096774193548,0.0,0.0,random
967,21952,13949, Kurz,▁Kurz,OK,"(13949,)",0.0053283097843329,4.826032861906995,False,False,False,0.0128512461018818,0.0147744880248141,-0.008590281009674,0.3333333333333333,-0.0549615174531936,-0.0186272375686194,0.978494623655914,0.1747311827956989,0.9187106362525956,0.959628638867034,0.6292823553085327,0.8198487758636475,0.5833333333333334,1.748075872659683,0.0,2.4946236559139785,0.0,0.0,random
968,4280,10325,ließ,ließ,OK,"(10325,)",-0.0072408161096034,2.24635561916136,False,False,False,0.0033356568185232,0.0057019863718299,-0.0085912346839904,0.064516129032258,-0.0375077575445175,-0.0094402772124095,1.0,0.0725806451612903,0.964787900798376,0.9823320220298976,0.6292823553085327,0.8198487758636475,0.9193548387096776,0.8753878772258759,0.0,0.4516129032258065,0.0,0.0,random
969,9115,11272,edit,edit,OK,"(11272,)",0.0122540518321016,2.992372837758833,False,False,False,0.0160738058308119,0.0164865003798597,-0.0009981989860534,0.3118279569892473,-0.0467829406261444,-0.0114255255909376,0.989247311827957,0.1021505376344086,0.908854209938904,0.9508166797797007,0.6292823553085327,0.8198487758636475,0.6102150537634409,1.3391470313072205,0.0,1.043010752688172,0.0,0.0,random
970,13487,2042, Star,▁Star,OK,"(2042,)",0.0072679213618719,3.57871171095038,False,False,False,0.0151133437951405,0.0162830192555663,-0.0051493346691131,0.2956989247311828,-0.0473538041114807,-0.0158970035532469,0.989247311827957,0.1290322580645161,0.9370724579978604,0.956324154209284,0.6292823553085327,0.8198487758636475,0.6303763440860216,1.3676902055740356,0.0,1.5806451612903225,0.0,0.0,random
971,5252,14137,tanz,tanz,OK,"(14137,)",-0.00461796088725,2.407634059267659,False,False,False,0.0051967461583434,0.0068818667242603,-0.0065463483333587,0.075268817204301,-0.0367010682821273,-0.0092978461455273,0.9946236559139784,0.0833333333333333,0.9478918171808816,0.9791723052714396,0.6292823553085327,0.8198487758636475,0.9059139784946236,0.835053414106369,0.0,0.6666666666666665,0.0,0.0,random
972,23873,7572, terrain,▁terrain,OK,"(7572,)",0.0176079840829936,5.182324397628025,False,False,False,0.0189386993967076,0.019452505534695,-0.0008400678634643,0.4247311827956989,-0.055770143866539,-0.0187320347114275,0.9731182795698924,0.1962365591397849,0.8723027675096782,0.9615924468922108,0.6292823553085327,0.8198487758636475,0.4690860215053763,1.78850719332695,0.0,2.924731182795699,0.0,0.0,random
973,1766,27205, usoara,▁usoara,OK,"(27205,)",-0.0032381809526874,1.6690644858985817,False,False,False,0.0061698737003469,0.0074854081356397,-0.0043258368968963,0.0483870967741935,-0.0266339778900146,-0.0064699454333192,1.0,0.0698924731182795,0.9539522792475806,0.9858945712037764,0.6292823553085327,0.8198487758636475,0.939516129032258,0.3316988945007324,0.0,0.3978494623655912,0.0,0.0,random
974,20030,23630, elbow,▁elbow,OK,"(23630,)",0.0124416117225923,4.5087905577434,False,False,False,0.0146238212623903,0.015029211518585,0.0006788969039916,0.2903225806451613,-0.0550682842731475,-0.0171871358348477,0.989247311827957,0.1559139784946236,0.9116799365324942,0.9676538158929976,0.6292823553085327,0.8198487758636475,0.6370967741935485,1.753414213657379,0.0,2.118279569892473,0.0,0.0,random
975,8798,4254,UL,UL,OK,"(4254,)",-0.0011630950195174,2.948682138035374,False,False,False,0.0073709172266785,0.0090578525297103,-0.0063877999782562,0.1451612903225806,-0.0406671911478042,-0.0113926308770333,0.989247311827957,0.1048387096774193,0.9474130365456136,0.967219512195122,0.6292823553085327,0.8198487758636475,0.8185483870967742,1.033359557390213,0.0,1.096774193548387,0.0,0.0,random
976,16396,29025, kompetente,▁kompetente,OK,"(29025,)",0.008207162461614,3.9815005929239327,False,False,False,0.0141775864426807,0.0155029675011993,-0.0054874122142791,0.3279569892473118,-0.0540654957294464,-0.0148589973167706,0.989247311827957,0.1344086021505376,0.9010323652108702,0.9601699449252556,0.6292823553085327,0.8198487758636475,0.5900537634408602,1.7032747864723203,0.0,1.6881720430107523,0.0,0.0,random
977,13222,14617, Oracle,▁Oracle,OK,"(14617,)",0.0046543686300195,3.5402578320554507,False,False,False,0.0112144258073581,0.0127433836460113,-0.0054424703121185,0.2473118279569892,-0.0453750491142272,-0.0138790126769773,1.0,0.1290322580645161,0.9282452388671772,0.9654319433516916,0.6292823553085327,0.8198487758636475,0.6908602150537635,1.2687524557113647,0.0,1.5806451612903225,0.0,0.0,random
978,1612,28378,izaţi,izaţi,OK,"(28378,)",-0.0040742750690188,1.6131781374895444,False,False,False,0.0062153360215566,0.0085388271398441,-0.008410021662712,0.1182795698924731,-0.031564638018608,-0.0080832829398493,1.0,0.0591397849462365,0.9493454987256472,0.970983477576711,0.6292823553085327,0.8198487758636475,0.8521505376344086,0.5782319009304047,0.0,0.1827956989247312,0.0,0.0,random
979,5711,6302,GA,GA,OK,"(6302,)",-0.0029979778874304,2.4806921917905087,False,False,False,0.0067636660670721,0.0081639174492128,-0.0059016942977905,0.0967741935483871,-0.0386998653411865,-0.0104327717775939,1.0,0.0833333333333333,0.9313605152957016,0.9653186467348543,0.6292823553085327,0.8198487758636475,0.8790322580645161,0.9349932670593262,0.0,0.6666666666666665,0.0,0.0,random
980,9815,22416,kenntnis,kenntnis,OK,"(22416,)",0.0068900586937063,3.0835443908168423,False,False,False,0.0131876109748758,0.0146341948739943,-0.0052293539047241,0.2849462365591398,-0.0425579845905303,-0.0123577130738125,0.989247311827957,0.1155913978494623,0.919101316764804,0.9657214791502752,0.6292823553085327,0.8198487758636475,0.6438172043010754,1.1278992295265198,0.0,1.311827956989247,0.0,0.0,random
981,21529,11108, simulation,▁simulation,OK,"(11108,)",0.0118819480221117,4.752746067059937,False,False,False,0.0151520490005452,0.0161276118409249,-0.0024795532226562,0.3387096774193548,-0.0514796525239944,-0.0187603847313952,0.9946236559139784,0.1801075268817204,0.9031174604851766,0.9721290322580644,0.6292823553085327,0.8198487758636475,0.5766129032258065,1.573982626199722,0.0,2.602150537634409,0.0,0.0,random
982,23243,31653, whimsical,▁whimsical,OK,"(31653,)",0.0141622138359854,5.053077807669999,False,False,False,0.0152372650561794,0.0155961958951847,0.0005647540092468,0.3225806451612903,-0.0506314486265182,-0.0174351763981644,1.0,0.1962365591397849,0.8948825339071106,0.9682077104642014,0.6292823553085327,0.8198487758636475,0.5967741935483871,1.5315724313259125,0.0,2.924731182795699,0.0,0.0,random
983,17413,27545, Wilhelm,▁Wilhelm,OK,"(27545,)",0.0119148129977846,4.124399477756152,False,False,False,0.0156801227600343,0.0162180469882103,-0.0015965402126312,0.3172043010752688,-0.0469772368669509,-0.0168011002643134,0.9946236559139784,0.1586021505376344,0.910097897388001,0.9678237608182532,0.6292823553085327,0.8198487758636475,0.603494623655914,1.3488618433475494,0.0,2.172043010752688,0.0,0.0,random
984,17155,27729,exposing,exposing,OK,"(27729,)",0.0039003572556921,4.089409695838087,False,False,False,0.0119831836031329,0.0136939835163854,-0.0073812007904052,0.2795698924731182,-0.0539387315511703,-0.0148837181829637,1.0,0.1370967741935483,0.9388376922726156,0.9677545239968528,0.6292823553085327,0.8198487758636475,0.6505376344086022,1.6969365775585172,0.0,1.7419354838709673,0.0,0.0,random
985,5257,13859, adhere,▁adhere,OK,"(13859,)",0.0020952754523805,2.40837596404937,False,False,False,0.0098292816390273,0.0113600075885813,-0.0069089829921722,0.2204301075268817,-0.0403449386358261,-0.0095038199296561,1.0,0.0833333333333333,0.9334635404945504,0.982917387883556,0.6292823553085327,0.8198487758636475,0.7244623655913979,1.0172469317913055,0.0,0.6666666666666665,0.0,0.0,random
986,29564,23363, unhealthy,▁unhealthy,OK,"(23363,)",0.0220947040024624,6.768114471678418,False,False,False,0.0251033118655604,0.025729063537813,-0.0009341537952423,0.5268817204301075,-0.0663045644760131,-0.0255182824468099,0.946236559139785,0.2553763440860215,0.8515203174083629,0.9504453186467346,0.6292823553085327,0.8198487758636475,0.3413978494623657,2.3152282238006587,0.0039615166949631,4.10752688172043,0.0,0.0,random
987,18779,3423, nun,▁nun,OK,"(3423,)",0.001019271214803,4.3159235369774605,False,False,False,0.0089623271137155,0.0106047045799993,-0.0049618482589721,0.1666666666666666,-0.0470442771911621,-0.0159521112518925,0.9946236559139784,0.1586021505376344,0.9301298731579586,0.9719339103068448,0.6292823553085327,0.8198487758636475,0.7916666666666667,1.3522138595581057,0.0,2.172043010752688,0.0,0.0,random
988,24084,21825, Patch,▁Patch,OK,"(21825,)",0.0142689616128962,5.222600007569918,False,False,False,0.0161917533284874,0.0168850018132117,-0.0017261803150177,0.3763440860215054,-0.0564412474632263,-0.0182002270093528,0.978494623655914,0.1935483870967742,0.9113035704456408,0.9649535798583792,0.6292823553085327,0.8198487758636475,0.5295698924731183,1.822062373161316,0.0,2.870967741935484,0.0,0.0,random
989,25018,22455, hypothesis,▁hypothesis,OK,"(22455,)",0.0192647260603725,5.412996260389205,False,False,False,0.0216523876754186,0.0224847085373376,-0.0020574927330017,0.478494623655914,-0.0520502477884292,-0.0195647394785317,0.967741935483871,0.2204301075268817,0.8926727850751014,0.96958615263572,0.6292823553085327,0.8198487758636475,0.4018817204301075,1.6025123894214628,0.0,3.408602150537634,0.0,0.0,random
990,25046,5044, satisfaction,▁satisfaction,OK,"(5044,)",0.0051010722194307,5.41830258952674,False,False,False,0.0134114957945321,0.014807849321314,-0.0065653026103973,0.2849462365591398,-0.0516187399625778,-0.0179197150532917,1.0,0.2096774193548387,0.8871230676079165,0.9707883556254916,0.6292823553085327,0.8198487758636475,0.6438172043010754,1.5809369981288908,0.0,3.193548387096774,0.0,0.0,random
991,11558,31355, liebevoll,▁liebevoll,OK,"(31355,)",-0.0042255469307463,3.3267784724312444,False,False,False,0.0084962516382176,0.0104804152763018,-0.0082388222217559,0.1236559139784946,-0.0433904081583023,-0.0125154080570385,0.9946236559139784,0.1155913978494623,0.9491893681893032,0.9561353265145554,0.6292823553085327,0.8198487758636475,0.8454301075268817,1.1695204079151154,0.0,1.311827956989247,0.0,0.0,random
992,9063,31439,dispoziție,dispoziție,OK,"(31439,)",-0.0052500524508055,2.985665863560092,False,False,False,0.0049465032674932,0.0073789454275561,-0.0083342790603637,0.1075268817204301,-0.0458423495292663,-0.0097715966804053,0.9946236559139784,0.0913978494623656,0.9591998442826636,0.9680629425649092,0.6292823553085327,0.8198487758636475,0.8655913978494624,1.292117476463318,0.0,0.8279569892473118,0.0,0.0,random
993,5274,23519, SITE,▁SITE,OK,"(23519,)",0.0103283188676321,2.41061189610471,False,False,False,0.0126141753568444,0.013456303906697,-0.0024505853652954,0.2956989247311828,-0.0401208400726318,-0.0104021128787789,1.0,0.0887096774193548,0.9331013560187952,0.9789268292682926,0.6292823553085327,0.8198487758636475,0.6303763440860216,1.0060420036315918,0.0,0.7741935483870968,0.0,0.0,random
994,29976,28819, Kuwait,▁Kuwait,OK,"(28819,)",0.0172793352956412,6.968935277513278,False,False,False,0.0210566650475225,0.021795592160635,-0.0021912455558776,0.4569892473118279,-0.0675776302814483,-0.0261634815764683,0.967741935483871,0.2580645161290322,0.8956747561862298,0.9599559402045632,0.6292823553085327,0.8198487758636475,0.4287634408602151,2.3788815140724178,0.0,4.161290322580645,0.0,0.0,random
995,8599,6960, implemented,▁implemented,OK,"(6960,)",0.009562250779521,2.9196986216370773,False,False,False,0.0141323237649856,0.0158997618703432,-0.0069683194160461,0.3709677419354839,-0.0403563380241394,-0.013997079864625,0.989247311827957,0.1182795698924731,0.8913208244931918,0.9707568843430368,0.6292823553085327,0.8198487758636475,0.5362903225806451,1.0178169012069702,0.0,1.3655913978494625,0.0,0.0,random
996,15953,28681, Reparatur,▁Reparatur,OK,"(28681,)",0.0011086022100781,3.917318870623906,False,False,False,0.0103634043085959,0.0118550292907222,-0.0051971971988677,0.1827956989247312,-0.0566797107458114,-0.0147973116367093,0.9731182795698924,0.1155913978494623,0.956530602396766,0.9627442958300548,0.6292823553085327,0.8198487758636475,0.771505376344086,1.833985537290573,0.0,1.311827956989247,0.0,0.0,random
997,19180,21126, electron,▁electron,OK,"(21126,)",0.0096722160616228,4.3783921528888,False,False,False,0.0171361929306419,0.0182641545931498,-0.0040085315704345,0.3225806451612903,-0.0489656925201416,-0.0166577055890073,0.9838709677419356,0.1666666666666666,0.9107084887936496,0.9617183320220296,0.6292823553085327,0.8198487758636475,0.5967741935483871,1.44828462600708,0.0,2.333333333333333,0.0,0.0,random
998,1328,102,p,p,OK,"(102,)",-0.0034991553954539,1.5228949435936507,False,False,False,0.0045852367916414,0.0061293882067485,-0.0051966905593872,0.064516129032258,-0.0305654257535934,-0.0071119220666987,0.9731182795698924,0.053763440860215,0.9632013607263228,0.9832069236821398,0.6292823553085327,0.8198487758636475,0.9193548387096776,0.5282712876796722,0.0,0.075268817204301,0.0,0.0,random
999,4791,13545, braucht,▁braucht,OK,"(13545,)",0.0036518999004876,2.3331348562753327,False,False,False,0.0105525617317486,0.0117878087105289,-0.0046950727701187,0.2043010752688172,-0.0373616218566894,-0.0101939561546489,1.0,0.086021505376344,0.947465675262356,0.9746782061369,0.6292823553085327,0.8198487758636475,0.7446236559139785,0.8680810928344727,0.0,0.7204301075268817,0.0,0.0,random
1000,23432,16154, Resource,▁Resource,OK,"(16154,)",0.0171506866332023,5.087595429471744,False,False,False,0.0188584515163975,0.0200727445784435,-0.0034888684749603,0.4677419354838709,-0.0549508333206176,-0.0192032187215743,0.9946236559139784,0.1962365591397849,0.8965719164846254,0.9636884343036978,0.6292823553085327,0.8198487758636475,0.4153225806451613,1.7475416660308836,0.0,2.924731182795699,0.0,0.0,random
1001,23573,5001, trends,▁trends,OK,"(5001,)",0.0122524801601645,5.116963987068464,False,False,False,0.0183196410696993,0.0199700571516508,-0.005521684885025,0.4139784946236559,-0.0584951937198638,-0.0189933167990817,0.9516129032258064,0.1854838709677419,0.8939227443085033,0.9550778914240754,0.6292823553085327,0.8198487758636475,0.4825268817204301,1.9247596859931944,0.0,2.709677419354839,0.0,0.0,random
1002,21194,7588, Anna,▁Anna,OK,"(7588,)",0.0029682872917062,4.695529326956759,False,False,False,0.0119736790657043,0.0132377482550118,-0.0052609145641326,0.2150537634408602,-0.0504697263240814,-0.0170728275852818,0.989247311827957,0.1720430107526881,0.9082195348815248,0.9645444531864672,0.6292823553085327,0.8198487758636475,0.7311827956989247,1.523486316204071,0.0,2.4408602150537635,0.0,0.0,random
1003,22269,17685,metry,metry,OK,"(17685,)",0.0046340731122801,4.879787272343071,False,False,False,0.0132494413404054,0.0154926882636162,-0.0086528062820434,0.3225806451612903,-0.0568430572748184,-0.0182458178330493,0.9838709677419356,0.1720430107526881,0.8912289908138281,0.9608056648308416,0.6292823553085327,0.8198487758636475,0.5967741935483871,1.8421528637409208,0.0,2.4408602150537635,0.0,0.0,random
1004,25363,23055,Game,Game,OK,"(23055,)",0.0050234567494161,5.481507284346447,False,False,False,0.0139658303670985,0.0151892605648245,-0.005161702632904,0.2580645161290322,-0.0543613284826278,-0.0195793070459878,0.9731182795698924,0.2043010752688172,0.9135870311896572,0.9577151848937844,0.6292823553085327,0.8198487758636475,0.6774193548387097,1.7180664241313932,0.0,3.086021505376344,0.0,0.0,random
1005,31358,10959, sustainability,▁sustainability,OK,"(10959,)",0.0064144586603487,8.017428930408212,False,False,False,0.0148356194778155,0.0169283798945847,-0.0071554780006408,0.3387096774193548,-0.067310944199562,-0.0273496611143953,0.9623655913978496,0.303763440860215,0.8747254618652641,0.9612084972462628,0.6292823553085327,0.8198487758636475,0.5766129032258065,2.365547209978103,0.0,5.075268817204301,0.0,0.0,random
1006,3233,17692, defines,▁defines,OK,"(17692,)",0.0008348209883577,2.037495754098379,False,False,False,0.0095869692102555,0.0115917784872875,-0.0082782208919525,0.2150537634408602,-0.0327929258346557,-0.0104891218805825,1.0,0.0833333333333333,0.9275218881582958,0.9788890637293468,0.6292823553085327,0.8198487758636475,0.7311827956989247,0.6396462917327881,0.0,0.6666666666666665,0.0,0.0,random
1007,8669,22345,umbling,umbling,OK,"(22345,)",-0.0013687601252909,2.93066500944476,False,False,False,0.0069564587326459,0.0082382699174265,-0.0056639015674591,0.1290322580645161,-0.0431294292211532,-0.0091188040471846,1.0,0.0967741935483871,0.9599276664048256,0.975855232100708,0.6292823553085327,0.8198487758636475,0.8387096774193549,1.156471461057663,0.0,0.9354838709677418,0.0,0.0,random
1008,30951,23116,Roofing,Roofing,OK,"(23116,)",0.0226380475105777,7.616303513126988,False,False,False,0.0196702667782383,0.0202250938902619,0.0001253187656402,0.5161290322580645,-0.0658744573593139,-0.0278863797905624,0.9516129032258064,0.2983870967741935,0.8597520712014276,0.9612336742722264,0.6292823553085327,0.8198487758636475,0.3548387096774194,2.293722867965698,0.0,4.967741935483871,0.0,0.0,random
1009,8809,14417,stepped,stepped,OK,"(14417,)",0.0071045647946096,2.9508873112099145,False,False,False,0.0115295727086323,0.012145564761213,-0.0019418597221374,0.2258064516129032,-0.0448779612779617,-0.0117507858942913,1.0,0.0994623655913978,0.9432469484817928,0.9728214004720692,0.6292823553085327,0.8198487758636475,0.717741935483871,1.2438980638980863,0.0,0.9892473118279568,0.0,0.0,random
1010,29925,30634,inauguration,inauguration,OK,"(30634,)",0.0092992085442748,6.941666293528772,False,False,False,0.0175855864760696,0.0196173094934032,-0.0065830498933792,0.3817204301075269,-0.0640752613544464,-0.0231011557963586,0.967741935483871,0.260752688172043,0.9155233302259717,0.950785208497246,0.6292823553085327,0.8198487758636475,0.5228494623655914,2.20376306772232,0.0,4.21505376344086,0.0,0.0,random
1011,11940,19294, Emp,▁Emp,OK,"(19294,)",0.0038607508504903,3.3760563625443365,False,False,False,0.0130594265396877,0.0142057065361289,-0.0038734078407287,0.2043010752688172,-0.0496179014444351,-0.0121161614053992,0.9946236559139784,0.1075268817204301,0.9392288450132896,0.9545932336742722,0.6292823553085327,0.8198487758636475,0.7446236559139785,1.480895072221756,0.0,1.150537634408602,0.0,0.0,random
1012,20255,11326,kraft,kraft,OK,"(11326,)",0.0081938201461427,4.5443663414447535,False,False,False,0.0145019018842327,0.0155464750464244,-0.0032712221145629,0.2849462365591398,-0.0556453913450241,-0.0172639556469455,0.9731182795698924,0.1559139784946236,0.9113024046316168,0.9594020456333594,0.6292823553085327,0.8198487758636475,0.6438172043010754,1.7822695672512052,0.0,2.118279569892473,0.0,0.0,random
1013,10931,12563,crit,crit,OK,"(12563,)",0.0114751599889288,3.23968261768741,False,False,False,0.0152854054204879,0.0162603211018346,-0.0035862326622009,0.3440860215053763,-0.0428581684827804,-0.0132120969474956,0.9946236559139784,0.1263440860215053,0.8974465278738016,0.970077104642014,0.6292823553085327,0.8198487758636475,0.5698924731182795,1.1429084241390228,0.0,1.5268817204301073,0.0,0.0,random
1014,16677,20911, pretul,▁pretul,OK,"(20911,)",0.0138805198893752,4.022055939320595,False,False,False,0.0155626796586539,0.0167246451300959,-0.0028245747089385,0.3817204301075269,-0.0476185381412506,-0.0174009290433699,0.978494623655914,0.1559139784946236,0.8963726213151239,0.975477576711251,0.6292823553085327,0.8198487758636475,0.5228494623655914,1.3809269070625303,0.0,2.118279569892473,0.0,0.0,random
1015,20571,3810,gang,gang,OK,"(3810,)",0.0065496620391645,4.598198372510171,False,False,False,0.0127800052524894,0.0140181344042542,-0.0052311718463897,0.2903225806451613,-0.0547059029340744,-0.0164440649171029,0.9838709677419356,0.1612903225806451,0.9217819806767064,0.9703603461841068,0.6292823553085327,0.8198487758636475,0.6370967741935485,1.73529514670372,0.0,2.225806451612903,0.0,0.0,random
1016,23350,4807, cable,▁cable,OK,"(4807,)",0.009470369586701,5.071885745691997,False,False,False,0.0130882242354013,0.0140051710349257,-0.0016351640224456,0.2795698924731182,-0.057459220290184,-0.0174807140263178,0.989247311827957,0.1774193548387097,0.9169781923419004,0.9682895357985836,0.6292823553085327,0.8198487758636475,0.6505376344086022,1.8729610145092008,0.0,2.548387096774194,0.0,0.0,random
1017,8884,25968,together,together,OK,"(25968,)",0.0027114193285665,2.961853891290644,False,False,False,0.010217690820335,0.0116711037774239,-0.0055915117263793,0.2096774193548387,-0.0436187982559204,-0.0100011646106678,1.0,0.1021505376344086,0.9415910203396178,0.9739543666404404,0.6292823553085327,0.8198487758636475,0.7379032258064516,1.1809399127960205,0.0,1.043010752688172,0.0,0.0,random
1018,15585,16323, Plain,▁Plain,OK,"(16323,)",0.0030658227701981,3.8651668285169913,False,False,False,0.0098320758470924,0.0108583540685715,-0.0030434727668762,0.1666666666666666,-0.0444807559251785,-0.0149572190418038,0.9838709677419356,0.1424731182795699,0.9458306727440504,0.97586782061369,0.6292823553085327,0.8198487758636475,0.7916666666666667,1.2240377962589264,0.0,1.849462365591398,0.0,0.0,random
1019,9413,25422,bolster,bolster,OK,"(25422,)",-0.0070935048082823,3.032279906734344,False,False,False,0.005212037633824,0.0090609183234553,-0.0135988593101501,0.1720430107526881,-0.041935920715332,-0.0094756003349058,1.0,0.1075268817204301,0.9535329403703836,0.9744956726986622,0.6292823553085327,0.8198487758636475,0.7849462365591398,1.0967960357666016,0.0,1.150537634408602,0.0,0.0,random
1020,1814,14528,pelled,pelled,OK,"(14528,)",0.0007454426538559,1.688893300871695,False,False,False,0.0074291604180489,0.0081413836889369,-0.0025737285614013,0.0967741935483871,-0.0303907692432403,-0.0067920883496602,1.0,0.064516129032258,0.9482404988739566,0.9835027537372146,0.6292823553085327,0.8198487758636475,0.8790322580645161,0.5195384621620178,0.0,0.2903225806451612,0.0,0.0,random
1021,24094,25840, foliage,▁foliage,OK,"(25840,)",0.0098333695803278,5.2243618711989415,False,False,False,0.0142652094364166,0.0150921931189875,-0.0013817846775054,0.2849462365591398,-0.0606431514024734,-0.017616743041623,0.967741935483871,0.1774193548387097,0.9060231265036603,0.9646955153422502,0.6292823553085327,0.8198487758636475,0.6438172043010754,2.032157570123672,0.0,2.548387096774194,0.0,0.0,random
1022,26888,27393, Bedford,▁Bedford,OK,"(27393,)",-0.0025242201663473,5.847759925870484,False,False,False,0.0088215826019164,0.0111768396310908,-0.0088283419609069,0.1881720430107527,-0.0620896071195602,-0.0212816022416596,0.9623655913978496,0.1989247311827957,0.946799965940522,0.9626498819826907,0.6292823553085327,0.8198487758636475,0.7647849462365591,2.104480355978012,0.0,2.978494623655914,0.0,0.0,random
1023,12948,24985,technisch,technisch,OK,"(24985,)",0.0032121975335382,3.50472667492846,False,False,False,0.0121158763606061,0.0139403299939247,-0.0081768929958343,0.2741935483870967,-0.0464117377996444,-0.0148580471674601,0.967741935483871,0.1263440860215053,0.9012531615326824,0.9575892997639652,0.6292823553085327,0.8198487758636475,0.6572580645161291,1.3205868899822235,0.0,1.5268817204301073,0.0,0.0,random
1024,6561,326, off,▁off,OK,"(326,)",0.0048854711555665,2.6125822028806134,False,False,False,0.0102514339390621,0.0108682308145748,-0.002550333738327,0.1935483870967742,-0.0448322892189025,-0.0090048652823253,0.9946236559139784,0.0806451612903225,0.9354004593307254,0.975049567269866,0.6292823553085327,0.8198487758636475,0.7580645161290323,1.2416144609451294,0.0,0.6129032258064515,0.0,0.0,random
1025,30507,16491, Norway,▁Norway,OK,"(16491,)",0.0008661585950082,7.272335154394949,False,False,False,0.0100378490263415,0.0114675228313733,-0.0054582804441452,0.1935483870967742,-0.0670596063137054,-0.0251214062013933,0.9623655913978496,0.2580645161290322,0.908589924326864,0.9683147128245476,0.6292823553085327,0.8198487758636475,0.7580645161290323,2.352980315685272,0.0,4.161290322580645,0.0,0.0,random
1026,31860,17005, $500,▁$500,OK,"(17005,)",0.0199691680490329,9.143030546651968,False,False,False,0.0201669208785539,0.0213835092001063,-0.0012740492820739,0.4946236559139785,-0.0697593092918396,-0.0329212357280074,0.935483870967742,0.3629032258064516,0.8413215107001805,0.9572934697088904,0.6292823553085327,0.8198487758636475,0.3817204301075269,2.4879654645919795,0.0152801358234295,6.258064516129032,0.0,0.0,random
1027,1364,13392,Während,Während,OK,"(13392,)",-0.0040018197108981,1.5345970049340236,False,False,False,0.0054597282601941,0.007052763815849,-0.006951093673706,0.086021505376344,-0.0270360261201858,-0.0084512252961435,1.0,0.064516129032258,0.9648470474136563,0.9810920535011802,0.6292823553085327,0.8198487758636475,0.8924731182795699,0.3518013060092925,0.0,0.2903225806451612,0.0,0.0,random
1028,22149,1358, costs,▁costs,OK,"(1358,)",0.0086455186047861,4.858068495027481,False,False,False,0.0140012082874134,0.0152199978149065,-0.0050931870937347,0.3225806451612903,-0.0478065311908721,-0.017287488265704,0.9838709677419356,0.1935483870967742,0.8670176160401841,0.9725192761605034,0.6292823553085327,0.8198487758636475,0.5967741935483871,1.3903265595436096,0.0,2.870967741935484,0.0,0.0,random
1029,8013,22590,ELI,ELI,OK,"(22590,)",0.0105737589219565,2.833312017302359,False,False,False,0.016788867532566,0.0179296446743831,-0.0037851333618164,0.3279569892473118,-0.0407791435718536,-0.0123326967480362,1.0,0.1102150537634408,0.8874341481094405,0.9507348544453186,0.6292823553085327,0.8198487758636475,0.5900537634408602,1.038957178592682,0.0,1.204301075268817,0.0,0.0,random
1030,13704,27072, Kirch,▁Kirch,OK,"(27072,)",0.0051895936810842,3.606873377036023,False,False,False,0.0118804956956576,0.0126360630796801,-0.0023204684257507,0.1989247311827957,-0.0487234890460968,-0.0139003652398304,0.989247311827957,0.1209677419354838,0.931932974252776,0.9678237608182532,0.6292823553085327,0.8198487758636475,0.7513440860215054,1.43617445230484,0.0,1.4193548387096773,0.0,0.0,random
1031,25620,9922, heaven,▁heaven,OK,"(9922,)",-0.0073784395972246,5.5377281317787785,False,False,False,0.0071169061045492,0.0100875246909356,-0.0134751200675964,0.1720430107526881,-0.0501094013452529,-0.0185698068911029,0.9946236559139784,0.2123655913978494,0.9362385467995382,0.971908733280881,0.6292823553085327,0.8198487758636475,0.7849462365591398,1.5054700672626495,0.0,3.247311827956989,0.0,0.0,random
1032,7773,6109, joining,▁joining,OK,"(6109,)",0.0100424552716875,2.799533281595476,False,False,False,0.0138551306019547,0.0148471920720992,-0.0037722587585449,0.3172043010752688,-0.0409100204706192,-0.0113762399201752,1.0,0.1075268817204301,0.926584426111814,0.974401258851298,0.6292823553085327,0.8198487758636475,0.603494623655914,1.04550102353096,0.0,1.150537634408602,0.0,0.0,random
1033,8865,24075, propel,▁propel,OK,"(24075,)",0.0010627274471585,2.958823810661993,False,False,False,0.0095576020658657,0.0108406982755148,-0.0043601691722869,0.1505376344086021,-0.0420797020196914,-0.0108435967917083,0.9946236559139784,0.1021505376344086,0.9446836298018072,0.9681699449252557,0.6292823553085327,0.8198487758636475,0.8118279569892474,1.1039851009845734,0.0,1.043010752688172,0.0,0.0,random
1034,20221,16396, assessments,▁assessments,OK,"(16396,)",0.0078956660724455,4.539193787882406,False,False,False,0.0138084130581989,0.0153802027625422,-0.0050530433654785,0.3064516129032258,-0.0474774241447448,-0.0168631557495363,0.978494623655914,0.1774193548387097,0.8726871467233025,0.972324154209284,0.6292823553085327,0.8198487758636475,0.6169354838709677,1.3738712072372437,0.0,2.548387096774194,0.0,0.0,random
1035,25388,26737, refurbish,▁refurbish,OK,"(26737,)",0.0024985836237989,5.485445899989015,False,False,False,0.0105294497102819,0.0123726163179643,-0.006882905960083,0.2526881720430107,-0.0650583803653717,-0.020121956063855,0.978494623655914,0.1774193548387097,0.9160440211375362,0.9672887490165224,0.6292823553085327,0.8198487758636475,0.6841397849462366,2.2529190182685848,0.0,2.548387096774194,0.0,0.0,random
1036,25762,9382, femmes,▁femmes,OK,"(9382,)",0.0047198379552492,5.571862556601083,False,False,False,0.0131149971356955,0.0145823324239382,-0.0073642134666442,0.3010752688172043,-0.0593942403793334,-0.0189325027568365,0.989247311827957,0.1989247311827957,0.9153599686912528,0.9647395751376868,0.6292823553085327,0.8198487758636475,0.6236559139784946,1.9697120189666744,0.0,2.978494623655914,0.0,0.0,random
1037,1014,31415,bouchage,bouchage,OK,"(31415,)",-0.0057508092573893,1.4100477496782935,False,False,False,0.0044127609781039,0.0066991945107777,-0.0078770518302917,0.0698924731182795,-0.0273676216602325,-0.0061855447548691,1.0,0.0564516129032258,0.9426642775841556,0.9811864673485444,0.6292823553085327,0.8198487758636475,0.9126344086021506,0.3683810830116271,0.0,0.129032258064516,0.0,0.0,random
1038,22662,30326, Kiel,▁Kiel,OK,"(30326,)",0.0011546145523748,4.947455917635272,False,False,False,0.0106053318708173,0.0124983579240819,-0.0066680908203125,0.2096774193548387,-0.0532233119010925,-0.0179999243187648,0.989247311827957,0.1774193548387097,0.9172401610830322,0.9598300550747444,0.6292823553085327,0.8198487758636475,0.7379032258064516,1.6611655950546262,0.0,2.548387096774194,0.0,0.0,random
1039,843,31262,hotărâre,hotărâre,OK,"(31262,)",-0.0069538813524989,1.34105156474216,False,False,False,0.0039296674151574,0.0060993173430042,-0.0082553029060363,0.053763440860215,-0.0277350097894668,-0.0060390884517341,0.989247311827957,0.0510752688172043,0.9435389627590304,0.984390243902439,0.6292823553085327,0.8198487758636475,0.9327956989247312,0.3867504894733428,0.0,0.021505376344086,0.0,0.0,random
1040,13610,14582, fête,▁fête,OK,"(14582,)",0.0110931870437437,3.595710891549305,False,False,False,0.0144481819163086,0.015057014201277,-0.0017774999141693,0.3064516129032258,-0.0490378737449646,-0.0143454834338157,0.9946236559139784,0.1263440860215053,0.924613196926206,0.9735641227380016,0.6292823553085327,0.8198487758636475,0.6169354838709677,1.45189368724823,0.0,1.5268817204301073,0.0,0.0,random
1041,13641,6226, Zo,▁Zo,OK,"(6226,)",-0.0031801572249781,3.599306464836161,False,False,False,0.0073137153540888,0.0091771454580368,-0.0062891840934753,0.1129032258064516,-0.0507226884365081,-0.0145982567982007,0.9838709677419356,0.1102150537634408,0.929285676233376,0.9665586152635716,0.6292823553085327,0.8198487758636475,0.8588709677419355,1.536134421825409,0.0,1.204301075268817,0.0,0.0,random
1042,27075,27411, gestern,▁gestern,OK,"(27411,)",-0.0037148068588908,5.89904714624087,False,False,False,0.0089047988576273,0.0107987024771269,-0.0085093080997467,0.1505376344086021,-0.054647609591484,-0.0200167589931077,0.9838709677419356,0.2177419354838709,0.9166661083548876,0.962360346184107,0.6292823553085327,0.8198487758636475,0.8118279569892474,1.7323804795742033,0.0,3.354838709677419,0.0,0.0,random
1043,27355,14038, freeze,▁freeze,OK,"(14038,)",0.009173846372994,5.979609561222855,False,False,False,0.0131203570673542,0.0136893994064741,-0.0006812214851379,0.2526881720430107,-0.055586814880371,-0.0195700920397235,0.9946236559139784,0.2258064516129032,0.9207473428663472,0.9730416994492525,0.6292823553085327,0.8198487758636475,0.6841397849462366,1.7793407440185545,0.0,3.516129032258064,0.0,0.0,random
1044,13254,15431, bean,▁bean,OK,"(15431,)",0.0010243468307038,3.5439452974386105,False,False,False,0.0095352383070094,0.0112029682564479,-0.0062932670116424,0.1881720430107527,-0.0418197661638259,-0.0132234974574017,0.989247311827957,0.1344086021505376,0.9347675994015096,0.970221872541306,0.6292823553085327,0.8198487758636475,0.7647849462365591,1.0909883081912994,0.0,1.6881720430107523,0.0,0.0,random
1045,28339,30306, Petroleum,▁Petroleum,OK,"(30306,)",0.0185445693551853,6.299049060831788,False,False,False,0.0202427410310314,0.0216924099511997,-0.0034305751323699,0.4946236559139785,-0.0551207661628723,-0.0225623397416965,0.9838709677419356,0.2580645161290322,0.899959137480611,0.9585082612116442,0.6292823553085327,0.8198487758636475,0.3817204301075269,1.7560383081436155,0.0,4.161290322580645,0.0,0.0,random
1046,25784,16599, recovered,▁recovered,OK,"(16599,)",0.0057616196252325,5.575367734316856,False,False,False,0.0120659984888569,0.013740798959168,-0.006520539522171,0.3118279569892473,-0.0661847740411758,-0.0188568868944721,0.978494623655914,0.1827956989247312,0.9172000069063416,0.9672698662470494,0.6292823553085327,0.8198487758636475,0.6102150537634409,2.309238702058792,0.0,2.655913978494624,0.0,0.0,random
1047,30269,3501, database,▁database,OK,"(3501,)",0.0129845496467364,7.132923976067573,False,False,False,0.0170394701342428,0.0185831044950792,-0.00490403175354,0.4301075268817204,-0.0723358988761901,-0.0259917436107512,0.9516129032258064,0.2526881720430107,0.8788719819620533,0.9522958300550746,0.6292823553085327,0.8198487758636475,0.4623655913978495,2.616794943809509,0.0,4.053763440860215,0.0,0.0,random
1048,744,920,ated,ated,OK,"(920,)",0.000180212552509,1.3042158224890308,False,False,False,0.0092598076469154,0.0100265025131164,-0.0032333135604858,0.0967741935483871,-0.0285036712884902,-0.0065679197670311,0.9946236559139784,0.0483870967741935,0.9470998162588558,0.9696428009441382,0.6292823553085327,0.8198487758636475,0.8790322580645161,0.4251835644245147,0.0,0.0,0.0,0.0,random
1049,25512,2913, industrial,▁industrial,OK,"(2913,)",0.0111645582782965,5.5150213706237015,False,False,False,0.0172583023386616,0.0188211558326598,-0.0058553665876388,0.3978494623655914,-0.0574509650468826,-0.0183550199513794,0.989247311827957,0.2069892473118279,0.9039224181757194,0.9570165224232886,0.6292823553085327,0.8198487758636475,0.5026881720430108,1.8725482523441312,0.0,3.139784946236559,0.0,0.0,random
1050,13235,21612, consequent,▁consequent,OK,"(21612,)",0.0049473225749948,3.5418130261923677,False,False,False,0.0126730277333208,0.0146166036526362,-0.0078630149364471,0.3118279569892473,-0.0556212067604064,-0.0136898262526399,0.9946236559139784,0.1075268817204301,0.9441673070035468,0.970221872541306,0.6292823553085327,0.8198487758636475,0.6102150537634409,1.7810603380203245,0.0,1.150537634408602,0.0,0.0,random
1051,1978,18313,opted,opted,OK,"(18313,)",0.0059349644568658,1.7318606966285297,False,False,False,0.0107960369317762,0.0117680234934694,-0.00368532538414,0.2258064516129032,-0.0334006547927856,-0.0080145613480639,1.0,0.0672043010752688,0.929956565311189,0.9767867820613688,0.6292823553085327,0.8198487758636475,0.717741935483871,0.6700327396392822,0.0,0.3440860215053762,0.0,0.0,random
1052,11603,14977, foi,▁foi,OK,"(14977,)",0.0011022419057866,3.33155152105516,False,False,False,0.0095939040184021,0.0109918401125938,-0.0055675506591796,0.1881720430107527,-0.0547761917114257,-0.0129877117372328,0.9946236559139784,0.0913978494623656,0.9362047677071286,0.9693658536585364,0.6292823553085327,0.8198487758636475,0.7647849462365591,1.7388095855712888,0.0,0.8279569892473118,0.0,0.0,random
1053,14803,23698, tribunal,▁tribunal,OK,"(23698,)",0.0093276825403013,3.760517418705007,False,False,False,0.0136569395501126,0.0146043782913556,-0.003022015094757,0.2903225806451613,-0.0433286279439926,-0.0147517095970851,0.9946236559139784,0.1478494623655914,0.9044712066809704,0.9755216365066876,0.6292823553085327,0.8198487758636475,0.6370967741935485,1.1664313971996307,0.0,1.956989247311828,0.0,0.0,random
1054,16806,16233, Crew,▁Crew,OK,"(16233,)",0.0129511153025011,4.036810588452124,False,False,False,0.0160415090860859,0.0168820589139897,-0.0018911063671112,0.3548387096774194,-0.0579942762851715,-0.0169466403863763,0.989247311827957,0.1290322580645161,0.9065872476768944,0.9621400472069236,0.6292823553085327,0.8198487758636475,0.5564516129032258,1.8997138142585752,0.0,1.5806451612903225,0.0,0.0,random
1055,30824,28967, Rajasthan,▁Rajasthan,OK,"(28967,)",0.0121784528897654,7.509508022057112,False,False,False,0.0179957351697388,0.0189103392824049,-0.0036131143569946,0.3870967741935484,-0.0712654292583465,-0.0281728608633882,0.9516129032258064,0.271505376344086,0.8705946138506676,0.9507222659323366,0.6292823553085327,0.8198487758636475,0.5161290322580645,2.5632714629173274,0.0,4.43010752688172,0.0,0.0,random
1056,27234,31282, Headquarters,▁Headquarters,OK,"(31282,)",0.008768274114337,5.942262550195058,False,False,False,0.0148551347114706,0.015895283510608,-0.0041080117225646,0.3172043010752688,-0.0596785843372345,-0.0215860114943596,0.9838709677419356,0.2177419354838709,0.9050299414982717,0.9653815892997638,0.6292823553085327,0.8198487758636475,0.603494623655914,1.9839292168617249,0.0,3.354838709677419,0.0,0.0,random
1057,26612,16619, researching,▁researching,OK,"(16619,)",0.0156322009140445,5.772733266635607,False,False,False,0.0217209068998213,0.023029744464864,-0.0038585066795349,0.4516129032258064,-0.0617987513542175,-0.0224943917284729,0.9838709677419356,0.2123655913978494,0.8468138524088301,0.950168371361133,0.6292823553085327,0.8198487758636475,0.435483870967742,2.089937567710876,0.0,3.247311827956989,0.0,0.0,random
1058,3022,22448,celaşi,celaşi,OK,"(22448,)",-0.0008435607597392,1.996204489020891,False,False,False,0.0080486053741106,0.0094119701334225,-0.0052734315395355,0.1236559139784946,-0.0350584983825683,-0.0086138181148036,1.0,0.0698924731182795,0.9723884917332718,0.9797261998426436,0.6292823553085327,0.8198487758636475,0.8454301075268817,0.752924919128418,0.0,0.3978494623655912,0.0,0.0,random
1059,15005,16911,Deputy,Deputy,OK,"(16911,)",0.0057134100826837,3.7897479482876353,False,False,False,0.012040711538766,0.0134142252706712,-0.0051823258399963,0.2688172043010752,-0.0509024858474731,-0.0144197565893973,1.0,0.1290322580645161,0.9465485337970224,0.9731298190401256,0.6292823553085327,0.8198487758636475,0.663978494623656,1.5451242923736572,0.0,1.5806451612903225,0.0,0.0,random
1060,19563,15269, vibe,▁vibe,OK,"(15269,)",0.0166365681396376,4.440775042259564,False,False,False,0.0179173510561707,0.0183867853815837,-0.0001269578933715,0.3870967741935484,-0.0518262535333633,-0.016895572024007,1.0,0.1666666666666666,0.9120092125870728,0.9657151848937844,0.6292823553085327,0.8198487758636475,0.5161290322580645,1.591312676668167,0.0,2.333333333333333,0.0,0.0,random
1061,16597,27262,RIGHT,RIGHT,OK,"(27262,)",-0.0037219487771552,4.01235284311797,False,False,False,0.0074337986848687,0.0092268880977425,-0.0073184669017791,0.1236559139784946,-0.0517255514860153,-0.0167323475883853,0.978494623655914,0.1290322580645161,0.93647575306052,0.9775295043273012,0.6292823553085327,0.8198487758636475,0.8454301075268817,1.5862775743007658,0.0,1.5806451612903225,0.0,0.0,random
1062,25078,31550, Früchte,▁Früchte,OK,"(31550,)",0.0062203543160551,5.424087657723375,False,False,False,0.0142437224426577,0.0155577994482491,-0.005117654800415,0.2849462365591398,-0.0581860542297363,-0.0207894514965754,0.978494623655914,0.1935483870967742,0.8963190381414505,0.9507159716758457,0.6292823553085327,0.8198487758636475,0.6438172043010754,1.909302711486816,0.0,2.870967741935484,0.0,0.0,random
1063,25520,22686,requesting,requesting,OK,"(22686,)",0.0121814601764243,5.5166874999000175,False,False,False,0.0161248951829889,0.0174009463479441,-0.0039497017860412,0.3763440860215054,-0.0537208467721939,-0.0205013389869402,0.9946236559139784,0.2150537634408602,0.8725120827769278,0.9584579071597168,0.6292823553085327,0.8198487758636475,0.5295698924731183,1.6860423386096952,0.0,3.301075268817204,0.0,0.0,random
1064,22063,28305, korrekt,▁korrekt,OK,"(28305,)",0.0063562523693807,4.84361169767636,False,False,False,0.0135720252029357,0.0145898190557315,-0.0037141144275665,0.2580645161290322,-0.0566571801900863,-0.01741823554039,0.9838709677419356,0.1666666666666666,0.9190997229937338,0.9536365066876474,0.6292823553085327,0.8198487758636475,0.6774193548387097,1.832859009504318,0.0,2.333333333333333,0.0,0.0,random
1065,4656,5776, submitted,▁submitted,OK,"(5776,)",0.0070997506059626,2.311080958253594,False,False,False,0.0107938120121596,0.0124623833164092,-0.0064574480056762,0.3118279569892473,-0.0406839847564697,-0.0109408590742336,1.0,0.0833333333333333,0.9038623271035084,0.9775924468922106,0.6292823553085327,0.8198487758636475,0.6102150537634409,1.0341992378234863,0.0,0.6666666666666665,0.0,0.0,random
1066,16296,26491,energia,energia,OK,"(26491,)",0.0072833907700354,3.966438678644037,False,False,False,0.0128631848160938,0.0145042404051749,-0.0055391490459442,0.3064516129032258,-0.0500008165836334,-0.0135255471993518,0.9946236559139784,0.1424731182795699,0.92322286778149,0.9634177812745868,0.6292823553085327,0.8198487758636475,0.6169354838709677,1.5000408291816711,0.0,1.849462365591398,0.0,0.0,random
1067,16688,1080, rate,▁rate,OK,"(1080,)",0.0069980273644129,4.0238901761270345,False,False,False,0.0141396280578387,0.0158131497521554,-0.0071850717067718,0.3333333333333333,-0.0496713519096374,-0.015448615435631,0.9946236559139784,0.1478494623655914,0.9231159670626548,0.9656585365853656,0.6292823553085327,0.8198487758636475,0.5833333333333334,1.4835675954818726,0.0,1.956989247311828,0.0,0.0,random
1068,22785,23748,Sullivan,Sullivan,OK,"(23748,)",-0.0015218809166903,4.970902194579443,False,False,False,0.0076656408848301,0.0097414860802312,-0.0074864625930786,0.1720430107526881,-0.0527513772249221,-0.0184112870565024,0.978494623655914,0.1774193548387097,0.9386089861240094,0.9684280094413844,0.6292823553085327,0.8198487758636475,0.7849462365591398,1.6375688612461088,0.0,2.548387096774194,0.0,0.0,random
1069,12343,31635,Obtain,Obtain,OK,"(31635,)",0.0072006897900694,3.428505141247985,False,False,False,0.0121128597567158,0.0133990427499176,-0.0049501061439514,0.2849462365591398,-0.0419303178787231,-0.013173149798506,0.9946236559139784,0.1344086021505376,0.9245239605034014,0.97269551534225,0.6292823553085327,0.8198487758636475,0.6438172043010754,1.0965158939361572,0.0,1.6881720430107523,0.0,0.0,random
1070,5533,4992,matic,matic,OK,"(4992,)",0.0016784466883187,2.4518836871270207,False,False,False,0.010281222962564,0.0117221708579729,-0.0049234330654144,0.1720430107526881,-0.0400054156780242,-0.0099732879028525,1.0,0.0833333333333333,0.9308884048875056,0.9671565696302123,0.6292823553085327,0.8198487758636475,0.7849462365591398,1.0002707839012146,0.0,0.6666666666666665,0.0,0.0,random
1071,22569,18175, manipulation,▁manipulation,OK,"(18175,)",0.0097069055002222,4.92973683790494,False,False,False,0.0157579912613796,0.0170383467789619,-0.0047397017478942,0.3440860215053763,-0.055153876543045,-0.017782836832026,1.0,0.1801075268817204,0.8728390419605979,0.9622911093627065,0.6292823553085327,0.8198487758636475,0.5698924731182795,1.757693827152252,0.0,2.602150537634409,0.0,0.0,random
1072,28241,16511, Prices,▁Prices,OK,"(16511,)",0.0075761827089453,6.27145751317342,False,False,False,0.0140736109466962,0.0156277889205563,-0.004970908164978,0.3172043010752688,-0.0662624835968017,-0.0227636573135211,0.956989247311828,0.2177419354838709,0.8837474899950285,0.9637136113296616,0.6292823553085327,0.8198487758636475,0.603494623655914,2.3131241798400874,0.0,3.354838709677419,0.0,0.0,random
1073,24558,10416, worker,▁worker,OK,"(10416,)",0.0193419113034202,5.318002469757552,False,False,False,0.0183081030845642,0.0190926979305923,-0.0003347098827362,0.4516129032258064,-0.0580804795026779,-0.0199739977877627,0.989247311827957,0.1989247311827957,0.9045358872235786,0.9641038552321008,0.6292823553085327,0.8198487758636475,0.435483870967742,1.904023975133896,0.0,2.978494623655914,0.0,0.0,random
1074,16606,25774, Chambre,▁Chambre,OK,"(25774,)",0.0026361791517144,4.013016580894429,False,False,False,0.0099583878632514,0.0114157196655068,-0.0054153203964233,0.2150537634408602,-0.0540237724781036,-0.0137393333578622,0.989247311827957,0.1290322580645161,0.9371697665759936,0.9638206136900076,0.6292823553085327,0.8198487758636475,0.7311827956989247,1.7011886239051817,0.0,1.5806451612903225,0.0,0.0,random
1075,28981,17619, Export,▁Export,OK,"(17619,)",0.0127831428522063,6.532217061968259,False,False,False,0.0189436675720317,0.0208499399564599,-0.0066470056772232,0.4516129032258064,-0.0630099326372146,-0.0230183107878572,0.967741935483871,0.2473118279569892,0.8941602457122763,0.9433328088119588,0.6292823553085327,0.8198487758636475,0.435483870967742,2.1504966318607326,0.0,3.946236559139785,0.0,0.0,random
1076,4057,24482, afacere,▁afacere,OK,"(24482,)",0.006089410081666,2.206022665385277,False,False,False,0.0120454699762405,0.0133230171857341,-0.0052677392959594,0.2634408602150537,-0.0362978726625442,-0.0106058550137345,0.9946236559139784,0.086021505376344,0.9204379446787304,0.975326514555468,0.6292823553085327,0.8198487758636475,0.6706989247311829,0.8148936331272125,0.0,0.7204301075268817,0.0,0.0,random
1077,14287,9211, eco,▁eco,OK,"(9211,)",0.0025470331872022,3.689220758855983,False,False,False,0.0120975913540009,0.0133751150100461,-0.0049814879894256,0.2043010752688172,-0.0537306517362594,-0.0141584046425357,1.0,0.1129032258064516,0.9255774136666752,0.9589362706530288,0.6292823553085327,0.8198487758636475,0.7446236559139785,1.6865325868129728,0.0,1.258064516129032,0.0,0.0,random
1078,3642,123, cu,▁cu,OK,"(123,)",-0.0004715656801577,2.1246055534449955,False,False,False,0.009856463760458,0.0107489410907991,-0.0050351321697235,0.1290322580645161,-0.0377609282732009,-0.0096381870649194,0.978494623655914,0.0698924731182795,0.9346849741772194,0.970202989771833,0.6292823553085327,0.8198487758636475,0.8387096774193549,0.8880464136600494,0.0,0.3978494623655912,0.0,0.0,random
1079,13136,534, special,▁special,OK,"(534,)",0.0008881663763394,3.5277762156660835,False,False,False,0.0101633395559044,0.0118922012787993,-0.0063784122467041,0.1989247311827957,-0.0535931587219238,-0.0132108423658596,0.9946236559139784,0.1048387096774193,0.9310310473983088,0.9626121164437448,0.6292823553085327,0.8198487758636475,0.7513440860215054,1.6796579360961912,0.0,1.096774193548387,0.0,0.0,random
1080,4358,21574, scade,▁scade,OK,"(21574,)",-0.0004957638600821,2.261965407479193,False,False,False,0.0079646419773819,0.0097580678680891,-0.0072875618934631,0.1720430107526881,-0.0362070500850677,-0.008503125239444,1.0,0.0833333333333333,0.9418246406156914,0.9807584579071598,0.6292823553085327,0.8198487758636475,0.7849462365591398,0.8103525042533875,0.0,0.6666666666666665,0.0,0.0,random
1081,14505,772, results,▁results,OK,"(772,)",0.0190893324312343,3.7170257728586913,False,False,False,0.0212088855363989,0.0220021031877046,-0.0020538568496704,0.4731182795698925,-0.0502544939517974,-0.0154966058269623,0.989247311827957,0.1397849462365591,0.8756828312929866,0.9618693941778126,0.6292823553085327,0.8198487758636475,0.4086021505376344,1.5127246975898745,0.0,1.7956989247311823,0.0,0.0,random
1082,6071,24029,.05.,.05.,OK,"(24029,)",0.0065754106368428,2.532476180022763,False,False,False,0.0110650532027726,0.0119218164554206,-0.0024189949035644,0.2150537634408602,-0.0351656526327133,-0.0120811641857188,0.9838709677419356,0.1021505376344086,0.9332196197350768,0.9789016522423288,0.6292823553085327,0.8198487758636475,0.7311827956989247,0.7582826316356659,0.0,1.043010752688172,0.0,0.0,random
1083,22085,27194, Hidden,▁Hidden,OK,"(27194,)",0.0071806176695772,4.8463217558399325,False,False,False,0.0140267453526937,0.0151558813228402,-0.0042580068111419,0.2795698924731182,-0.0507974028587341,-0.0182886764567385,0.9946236559139784,0.1827956989247312,0.9114150016063144,0.961529504327301,0.6292823553085327,0.8198487758636475,0.6505376344086022,1.5398701429367063,0.0,2.655913978494624,0.0,0.0,random
1084,22994,733, story,▁story,OK,"(733,)",0.0054581169159181,5.011649857285201,False,False,False,0.0123537998366099,0.0133351036297377,-0.0044442117214202,0.2580645161290322,-0.0600179433822631,-0.0187451480537332,0.9838709677419356,0.1666666666666666,0.925074077151211,0.9721542092840282,0.6292823553085327,0.8198487758636475,0.6774193548387097,2.0008971691131587,0.0,2.333333333333333,0.0,0.0,random
1085,25221,29092, Junction,▁Junction,OK,"(29092,)",-0.0016452428073652,5.453400579511478,False,False,False,0.0096327231455874,0.012444408830776,-0.0109109282493591,0.2419354838709677,-0.0566217750310897,-0.0190348503410175,0.9623655913978496,0.1962365591397849,0.9443494543769012,0.9657970102281668,0.6292823553085327,0.8198487758636475,0.6975806451612904,1.831088751554489,0.0,2.924731182795699,0.0,0.0,random
1086,22540,27202, démo,▁démo,OK,"(27202,)",0.0058864342429304,4.926076888397176,False,False,False,0.0136159579920512,0.0154663968470788,-0.006984531879425,0.3172043010752688,-0.0597849786281585,-0.0173667986546793,0.9838709677419356,0.1666666666666666,0.9259467110836892,0.962870180959874,0.6292823553085327,0.8198487758636475,0.603494623655914,1.989248931407928,0.0,2.333333333333333,0.0,0.0,random
1087,25404,9155, Zen,▁Zen,OK,"(9155,)",0.0082064506507688,5.489793017346372,False,False,False,0.0144444140054846,0.0156267506460989,-0.0043292939662933,0.3064516129032258,-0.0557367205619812,-0.0194062939895096,0.989247311827957,0.2043010752688172,0.9058173234356212,0.960371361132966,0.6292823553085327,0.8198487758636475,0.6169354838709677,1.7868360280990598,0.0,3.086021505376344,0.0,0.0,random
1088,14683,22155, Organis,▁Organis,OK,"(22155,)",0.0059485136901819,3.742772648090957,False,False,False,0.0131905455422657,0.0146713811223224,-0.0061971545219421,0.2956989247311828,-0.0527855604887008,-0.015318493368805,0.9731182795698924,0.1236559139784946,0.9187041873826164,0.9553611329661684,0.6292823553085327,0.8198487758636475,0.6303763440860216,1.6392780244350431,0.0,1.4731182795698925,0.0,0.0,random
1089,21284,10618, Allen,▁Allen,OK,"(10618,)",0.0069447933586053,4.710554957710287,False,False,False,0.0121417559923664,0.0129689893094442,-0.0037357807159423,0.2634408602150537,-0.0498293787240982,-0.0170467233145108,0.9946236559139784,0.1774193548387097,0.9232781480262104,0.9664956726986624,0.6292823553085327,0.8198487758636475,0.6706989247311829,1.4914689362049105,0.0,2.548387096774194,0.0,0.0,random
1090,29360,20419, Sonic,▁Sonic,OK,"(20419,)",0.0007356969980142,6.679540686389451,False,False,False,0.0104550908329666,0.0125200407158943,-0.0078549236059188,0.2311827956989247,-0.0593703836202621,-0.0233962051970984,0.967741935483871,0.25,0.9041394366698096,0.9634555468135324,0.6292823553085327,0.8198487758636475,0.7110215053763441,1.968519181013107,0.0,4.0,0.0,0.0,random
1091,23808,22383, fashionable,▁fashionable,OK,"(22383,)",0.0162464754155246,5.168753602491912,False,False,False,0.018548199085779,0.0193075281317516,-0.0018925666809082,0.4247311827956989,-0.0619503408670425,-0.0195370870892719,0.989247311827957,0.1801075268817204,0.8861143138203119,0.9679244689221086,0.6292823553085327,0.8198487758636475,0.4690860215053763,2.097517043352126,0.0,2.602150537634409,0.0,0.0,random
1092,16868,17796, Fold,▁Fold,OK,"(17796,)",0.008394278762161,4.0467188127579234,False,False,False,0.0138134808950526,0.0150788436012883,-0.0034071207046508,0.2849462365591398,-0.0489182472229003,-0.015689226247931,1.0,0.1478494623655914,0.9226664793493754,0.9591754523996852,0.6292823553085327,0.8198487758636475,0.6438172043010754,1.4459123611450195,0.0,1.956989247311828,0.0,0.0,random
1093,26403,28223, Correct,▁Correct,OK,"(28223,)",0.0029426111489213,5.727989998555952,False,False,False,0.0130690065442874,0.0147155270140658,-0.0068482160568237,0.2473118279569892,-0.0514952838420867,-0.0210485846124669,0.9838709677419356,0.2231182795698924,0.9129834494252907,0.951848937844217,0.6292823553085327,0.8198487758636475,0.6908602150537635,1.5747641921043394,0.0,3.462365591397849,0.0,0.0,random
1094,11097,28371,CLICK,CLICK,OK,"(28371,)",0.0132749867535406,3.2639500511589867,False,False,False,0.0143521867131674,0.0149528839254892,-3.49879264831543e-05,0.3064516129032258,-0.0402521193027496,-0.0129367946296609,0.9838709677419356,0.1317204301075268,0.9248742212104074,0.974533438237608,0.6292823553085327,0.8198487758636475,0.6169354838709677,1.0126059651374817,0.0,1.6344086021505373,0.0,0.0,random
1095,13155,2724, numerous,▁numerous,OK,"(2724,)",0.0092708046477969,3.530714364141546,False,False,False,0.0169143391552791,0.0186530274729574,-0.0059229433536529,0.3494623655913978,-0.0455874055624008,-0.0132882325879989,1.0,0.1344086021505376,0.872728156814087,0.9467128245476,0.6292823553085327,0.8198487758636475,0.5631720430107526,1.279370278120041,0.0,1.6881720430107523,0.0,0.0,random
1096,31765,20818, hurricane,▁hurricane,OK,"(20818,)",0.001933622095854,8.804634705514777,False,False,False,0.0124387803577607,0.0148309203245306,-0.0107176005840301,0.3225806451612903,-0.0695561915636062,-0.0295502062766782,0.9408602150537636,0.336021505376344,0.9013647845361707,0.9596223446105429,0.6292823553085327,0.8198487758636475,0.5967741935483871,2.4778095781803127,0.0096208262591962,5.720430107526881,0.0,0.0,random
1097,10087,23493,observing,observing,OK,"(23493,)",0.001502295359168,3.1225759204356898,False,False,False,0.0088573921752232,0.0100606514882015,-0.0056520104408264,0.1827956989247312,-0.0397095829248428,-0.013511094034359,0.9946236559139784,0.1182795698924731,0.950081466788836,0.978467348544453,0.6292823553085327,0.8198487758636475,0.771505376344086,0.9854791462421416,0.0,1.3655913978494625,0.0,0.0,random
1098,17024,11302, Anfang,▁Anfang,OK,"(11302,)",-0.0025624066511149,4.070163638040584,False,False,False,0.0090832375390555,0.0111624284457134,-0.0087825655937194,0.1720430107526881,-0.0476398319005966,-0.0161308675043044,0.989247311827957,0.1451612903225806,0.9420229322997038,0.961044846577498,0.6292823553085327,0.8198487758636475,0.7849462365591398,1.381991595029831,0.0,1.903225806451613,0.0,0.0,random
1099,17677,28625,6-0,6-0,OK,"(28625,)",0.0111673863744863,4.159266467696877,False,False,False,0.0137018083885151,0.0143559052739092,-0.001253992319107,0.3010752688172043,-0.0526476949453353,-0.0162617842997274,0.989247311827957,0.1451612903225806,0.8972504497607204,0.9751628638867031,0.6292823553085327,0.8198487758636475,0.6236559139784946,1.6323847472667692,0.0,1.903225806451613,0.0,0.0,random
1100,19705,28759, coton,▁coton,OK,"(28759,)",0.003248862209179,4.461519134621466,False,False,False,0.0096382995446523,0.0109449375060296,-0.0037425756454467,0.1881720430107527,-0.0483432859182357,-0.0144798198053913,0.978494623655914,0.1639784946236559,0.9195764523866056,0.9697246262785209,0.6292823553085327,0.8198487758636475,0.7647849462365591,1.417164295911789,0.0,2.279569892473118,0.0,0.0,random
1101,24017,23873,aéroport,aéroport,OK,"(23873,)",0.0030850479038812,5.208763020012968,False,False,False,0.0130766157501487,0.0152698430002376,-0.007789522409439,0.2688172043010752,-0.0513257980346679,-0.0178550722137574,0.967741935483871,0.1989247311827957,0.9266017214793562,0.9637199055861524,0.6292823553085327,0.8198487758636475,0.663978494623656,1.5662899017333982,0.0,2.978494623655914,0.0,0.0,random
1102,16871,2130, changed,▁changed,OK,"(2130,)",0.0113700583737383,4.046808046679343,False,False,False,0.0152915945296646,0.0161388545267043,-0.0032067894935607,0.3440860215053763,-0.0525490641593933,-0.016251637089637,0.989247311827957,0.1424731182795699,0.8906857952644636,0.9726766325727771,0.6292823553085327,0.8198487758636475,0.5698924731182795,1.6274532079696653,0.0,1.849462365591398,0.0,0.0,random
1103,24931,19528, Venture,▁Venture,OK,"(19528,)",0.0018195820832124,5.392296621555923,False,False,False,0.0102861542855539,0.0118077016004952,-0.0050878524780273,0.1989247311827957,-0.0607760399580001,-0.0176763771682657,0.978494623655914,0.1801075268817204,0.9129019457436056,0.958162077104642,0.6292823553085327,0.8198487758636475,0.7513440860215054,2.0388019979000087,0.0,2.602150537634409,0.0,0.0,random
1104,7386,549, W,▁W,OK,"(549,)",0.0010189109992596,2.742642144682587,False,False,False,0.0085485289173741,0.0091961644670014,-0.0018379092216491,0.0967741935483871,-0.0396377891302108,-0.0103408985881395,0.9946236559139784,0.0940860215053763,0.9375792476839778,0.9708198269079462,0.6292823553085327,0.8198487758636475,0.8790322580645161,0.9818894565105438,0.0,0.8817204301075268,0.0,0.0,random
1105,2048,9544, regards,▁regards,OK,"(9544,)",0.0063372066344625,1.7494434371430387,False,False,False,0.0111603999650606,0.0119914309952848,-0.0028488337993621,0.2150537634408602,-0.0313329547643661,-0.0068594089118383,1.0,0.0725806451612903,0.9453635797632984,0.976623131392604,0.6292823553085327,0.8198487758636475,0.7311827956989247,0.5666477382183075,0.0,0.4516129032258065,0.0,0.0,random
1106,4370,21170,WN,WN,OK,"(21170,)",-0.0010114243674662,2.2645157796721302,False,False,False,0.0070011373809588,0.0082466680836933,-0.0040775537490844,0.0967741935483871,-0.0354516059160232,-0.0090787577372725,1.0,0.0806451612903225,0.930429531633478,0.9769441384736428,0.6292823553085327,0.8198487758636475,0.8790322580645161,0.7725802958011627,0.0,0.6129032258064515,0.0,0.0,random
1107,9117,24821,zügig,zügig,OK,"(24821,)",-0.0005322044174517,2.992502117349255,False,False,False,0.0084877325001583,0.0100848940751885,-0.0066606700420379,0.1612903225806451,-0.0387210100889205,-0.0122272128699928,0.9838709677419356,0.1129032258064516,0.9357899002432124,0.9723304484657748,0.6292823553085327,0.8198487758636475,0.7983870967741936,0.9360505044460296,0.0,1.258064516129032,0.0,0.0,random
1108,25740,22992,sozial,sozial,OK,"(22992,)",0.0064313793454759,5.566130792902362,False,False,False,0.0126505933141195,0.0136834786784264,-0.0048183500766754,0.2849462365591398,-0.0599516481161117,-0.0196001183602117,0.9838709677419356,0.1962365591397849,0.9171251586945892,0.96601730920535,0.6292823553085327,0.8198487758636475,0.6438172043010754,1.9975824058055875,0.0,2.924731182795699,0.0,0.0,random
1109,26958,7959,metric,metric,OK,"(7959,)",-4.960481197603282e-05,5.865725408318221,False,False,False,0.0115039036158592,0.0143347235136134,-0.0105293095111846,0.2741935483870967,-0.0645994544029235,-0.0207122061201321,0.967741935483871,0.1989247311827957,0.9058206142777392,0.9474996066089691,0.6292823553085327,0.8198487758636475,0.6572580645161291,2.2299727201461788,0.0,2.978494623655914,0.0,0.0,random
1110,9515,9633, bitte,▁bitte,OK,"(9633,)",0.0054775539425111,3.0464465304087565,False,False,False,0.0114658535808645,0.012579049314222,-0.0037958920001983,0.2258064516129032,-0.0403375327587127,-0.0129400924328834,0.989247311827957,0.1155913978494623,0.9285117675644272,0.97282769472856,0.6292823553085327,0.8198487758636475,0.717741935483871,1.0168766379356384,0.0,1.311827956989247,0.0,0.0,random
1111,26177,15446, mindset,▁mindset,OK,"(15446,)",0.0158862696219516,5.66728699720034,False,False,False,0.018153539748602,0.0190501906858977,-0.0018819272518157,0.4086021505376344,-0.0532382130622863,-0.0217130366832979,0.9731182795698924,0.2258064516129032,0.8899011286407894,0.9697246262785209,0.6292823553085327,0.8198487758636475,0.489247311827957,1.6619106531143186,0.0,3.516129032258064,0.0,0.0,random
1112,9046,8934,autour,autour,OK,"(8934,)",-1.0547522575624555e-05,2.983103241971744,False,False,False,0.0076372924671378,0.0095893032448266,-0.0069884657859802,0.1774193548387097,-0.0378609895706176,-0.0119118530263182,0.9946236559139784,0.1155913978494623,0.9418430132544202,0.9727521636506684,0.6292823553085327,0.8198487758636475,0.7782258064516129,0.8930494785308838,0.0,1.311827956989247,0.0,0.0,random
1113,4304,9451, einzelne,▁einzelne,OK,"(9451,)",0.0021999403674115,2.2500040595249464,False,False,False,0.0106752838498802,0.0116014496613574,-0.0036024749279022,0.1559139784946236,-0.0398656725883483,-0.009111020193305,1.0,0.0725806451612903,0.9498643745090484,0.9651612903225804,0.6292823553085327,0.8198487758636475,0.8051075268817205,0.9932836294174194,0.0,0.4516129032258065,0.0,0.0,random
1114,10520,11670, Vel,▁Vel,OK,"(11670,)",0.0091269695550523,3.183372369697017,False,False,False,0.0142167452522503,0.0146585871135034,-0.0011587440967559,0.2526881720430107,-0.0469738990068435,-0.0146359294973393,0.978494623655914,0.1075268817204301,0.910360987671738,0.9552163650668763,0.6292823553085327,0.8198487758636475,0.6841397849462366,1.3486949503421783,0.0,1.150537634408602,0.0,0.0,random
1115,11039,11870,werte,werte,OK,"(11870,)",-0.0004787432410383,3.255244530016376,False,False,False,0.00862725703947,0.0106282166896327,-0.0073390901088714,0.1827956989247312,-0.0455887615680694,-0.0105523678564256,1.0,0.1102150537634408,0.944829725483263,0.968226593233674,0.6292823553085327,0.8198487758636475,0.771505376344086,1.279438078403473,0.0,1.204301075268817,0.0,0.0,random
1116,24393,13390, Alice,▁Alice,OK,"(13390,)",-0.0002610956468889,5.28280073083857,False,False,False,0.0099267703230663,0.0115731967392788,-0.0062834024429321,0.1774193548387097,-0.0569732189178466,-0.0174186146387489,0.989247311827957,0.1827956989247312,0.9284888792409992,0.9628198269079464,0.6292823553085327,0.8198487758636475,0.7782258064516129,1.8486609458923335,0.0,2.655913978494624,0.0,0.0,random
1117,20447,29528, inventive,▁inventive,OK,"(29528,)",0.0052328902226622,4.578830927930852,False,False,False,0.0154548638289974,0.0173641244570414,-0.0098804831504821,0.3494623655913978,-0.0471948981285095,-0.0185991817264146,0.9946236559139784,0.1827956989247312,0.8713683159196629,0.9551408339889847,0.6292823553085327,0.8198487758636475,0.5631720430107526,1.359744906425476,0.0,2.655913978494624,0.0,0.0,random
1118,29129,21656, digging,▁digging,OK,"(21656,)",0.0034228728022626,6.584525526210825,False,False,False,0.0123164145856775,0.0136440178399444,-0.0045772790908813,0.2204301075268817,-0.0604270696640014,-0.0220204848115162,0.9731182795698924,0.2419354838709677,0.8888510843767491,0.9541022816679776,0.6292823553085327,0.8198487758636475,0.7244623655913979,2.021353483200073,0.0,3.838709677419355,0.0,0.0,random
1119,30998,22224,2020,2020,OK,"(22224,)",0.0051154143307157,7.669368260700823,False,False,False,0.0128089526007252,0.0142404741497449,-0.0057084262371063,0.2795698924731182,-0.0630930811166763,-0.0281890560221928,0.946236559139785,0.293010752688172,0.8736422583086755,0.9660802517702596,0.6292823553085327,0.8198487758636475,0.6505376344086022,2.154654055833816,0.0039615166949631,4.860215053763441,0.0,0.0,random
1120,18165,11420, notification,▁notification,OK,"(11420,)",0.0064548389645673,4.227746333806746,False,False,False,0.0128895052338159,0.0140122373898824,-0.0043792426586151,0.2688172043010752,-0.0521355718374252,-0.0169413762707864,0.978494623655914,0.1478494623655914,0.935859583456125,0.9707883556254916,0.6292823553085327,0.8198487758636475,0.663978494623656,1.6067785918712614,0.0,1.956989247311828,0.0,0.0,random
1121,20289,10644, alumni,▁alumni,OK,"(10644,)",0.0062037837120794,4.55007424405826,False,False,False,0.0123324693851573,0.0138088642589507,-0.0047313570976257,0.2741935483870967,-0.0554907321929931,-0.0159678555304004,1.0,0.1559139784946236,0.9158550854799932,0.9649032258064516,0.6292823553085327,0.8198487758636475,0.6572580645161291,1.774536609649658,0.0,2.118279569892473,0.0,0.0,random
1122,1542,23669, entspricht,▁entspricht,OK,"(23669,)",0.002541279312103,1.5955331645986086,False,False,False,0.0092451567611386,0.0103973188707905,-0.0050177574157714,0.1774193548387097,-0.0262386202812194,-0.0080871588440351,1.0,0.075268817204301,0.9478638524014514,0.9818662470495672,0.6292823553085327,0.8198487758636475,0.7782258064516129,0.3119310140609741,0.0,0.5053763440860215,0.0,0.0,random
1123,13179,24358,(7),(7),OK,"(24358,)",0.0127394333161333,3.534337933986418,False,False,False,0.0132979678530846,0.0138611769483935,-0.000938594341278,0.3118279569892473,-0.0382674038410186,-0.0160049824945388,1.0,0.1505376344086021,0.9242369488964688,0.979921321793863,0.6292823553085327,0.8198487758636475,0.6102150537634409,0.9133701920509338,0.0,2.010752688172043,0.0,0.0,random
1124,24373,2368,13,13,OK,"(2368,)",0.0051312330509385,5.278345938972247,False,False,False,0.0108705741423432,0.011586431373832,-0.0024143457412719,0.2096774193548387,-0.0587658435106277,-0.018749007935165,0.978494623655914,0.1801075268817204,0.9140622258400172,0.9715688434303696,0.6292823553085327,0.8198487758636475,0.7379032258064516,1.938292175531387,0.0,2.602150537634409,0.0,0.0,random
1125,6757,11219,ania,ania,OK,"(11219,)",-0.0056024160196063,2.6437832812468214,False,False,False,0.0055057201334225,0.0076132051406368,-0.0079263746738433,0.086021505376344,-0.039542332291603,-0.0093743131365827,0.9946236559139784,0.0887096774193548,0.9418853662449026,0.9724878048780486,0.6292823553085327,0.8198487758636475,0.8924731182795699,0.9771166145801544,0.0,0.7741935483870968,0.0,0.0,random
1126,16047,15390,Flow,Flow,OK,"(15390,)",0.0009959937183446,3.929913575610806,False,False,False,0.0105842939948522,0.0124780322595309,-0.0082407593727111,0.2365591397849462,-0.051824077963829,-0.0138791232339797,0.9946236559139784,0.1317204301075268,0.9554340436288928,0.9595971675845788,0.6292823553085327,0.8198487758636475,0.7043010752688172,1.5912038981914518,0.0,1.6344086021505373,0.0,0.0,random
1127,9847,5527, Turn,▁Turn,OK,"(5527,)",0.0093245294786268,3.08905029296875,False,False,False,0.0142995705527644,0.0153618362001193,-0.0037840008735656,0.3064516129032258,-0.044281005859375,-0.0133596389524398,1.0,0.1129032258064516,0.9184742563914278,0.9692462627852084,0.6292823553085327,0.8198487758636475,0.6169354838709677,1.21405029296875,0.0,1.258064516129032,0.0,0.0,random
1128,29872,14658, sandwich,▁sandwich,OK,"(14658,)",0.0102738765218565,6.918046765750454,False,False,False,0.0143565573999958,0.0154650916335403,-0.0022113025188446,0.3225806451612903,-0.0728770643472671,-0.0238106071308094,0.956989247311828,0.2338709677419354,0.913072051291095,0.9559402045633358,0.6292823553085327,0.8198487758636475,0.5967741935483871,2.643853217363357,0.0,3.677419354838709,0.0,0.0,random
1129,22216,22555, judgement,▁judgement,OK,"(22555,)",0.0139025298818465,4.869796936229993,False,False,False,0.0185019167200211,0.0191123570485781,-0.0019682645797729,0.3709677419354839,-0.0535518527030944,-0.0187506095696521,0.9623655913978496,0.1827956989247312,0.863523892768131,0.9652682926829268,0.6292823553085327,0.8198487758636475,0.5362903225806451,1.677592635154724,0.0,2.655913978494624,0.0,0.0,random
1130,1168,23246, umfasst,▁umfasst,OK,"(23246,)",-0.0046612814950045,1.4653928013898994,False,False,False,0.0047839324000061,0.006800482350011,-0.0085130929946899,0.1075268817204301,-0.0304906517267227,-0.0079203472342542,1.0,0.053763440860215,0.956574135958412,0.9845979543666404,0.6292823553085327,0.8198487758636475,0.8655913978494624,0.5245325863361359,0.0,0.075268817204301,0.0,0.0,random
1131,4978,6618,PO,PO,OK,"(6618,)",0.0015543272097905,2.3642424627016947,False,False,False,0.0098866926085564,0.01124588920865,-0.0048193335533142,0.1666666666666666,-0.0391934514045715,-0.0103531473426408,1.0,0.0806451612903225,0.9538436814576984,0.9634744295830056,0.6292823553085327,0.8198487758636475,0.7916666666666667,0.9596725702285768,0.0,0.6129032258064515,0.0,0.0,random
1132,18752,6070, Roll,▁Roll,OK,"(6070,)",0.0078831944734819,4.312782109424632,False,False,False,0.0147228961990725,0.0154282956994989,-0.0023954212665557,0.2580645161290322,-0.0524922013282775,-0.0181441275022363,0.9946236559139784,0.1505376344086021,0.9262365265471348,0.9583509047993704,0.6292823553085327,0.8198487758636475,0.6774193548387097,1.6246100664138792,0.0,2.010752688172043,0.0,0.0,random
1133,13142,4823, Ak,▁Ak,OK,"(4823,)",0.0017738451560338,3.5294004806908226,False,False,False,0.0101180595736349,0.0111891838812058,-0.0039185285568237,0.1666666666666666,-0.0528191924095153,-0.0134729214252964,0.9838709677419356,0.1048387096774193,0.9128055963795424,0.9541778127458692,0.6292823553085327,0.8198487758636475,0.7916666666666667,1.6409596204757688,0.0,1.096774193548387,0.0,0.0,random
1134,29385,7850, curriculum,▁curriculum,OK,"(7850,)",0.0091381278089297,6.691595926079698,False,False,False,0.0168335942491408,0.0191924366899715,-0.0088154375553131,0.4301075268817204,-0.0710362195968627,-0.0241282873897142,0.9731182795698924,0.2338709677419354,0.8670533430750131,0.9554744295830052,0.6292823553085327,0.8198487758636475,0.4623655913978495,2.551810979843139,0.0,3.677419354838709,0.0,0.0,random
1135,29638,27459, campsite,▁campsite,OK,"(27459,)",-0.0029634178485921,6.8017232398833,False,False,False,0.0110390293662266,0.0140494576064489,-0.0135756731033325,0.2795698924731182,-0.0673247873783111,-0.0222753187020619,0.956989247311828,0.239247311827957,0.9285043299660984,0.9600251770259638,0.6292823553085327,0.8198487758636475,0.6505376344086022,2.3662393689155574,0.0,3.78494623655914,0.0,0.0,random
1136,5723,4885,ular,ular,OK,"(4885,)",-0.0029656317285312,2.4824831383202666,False,False,False,0.0061786085046747,0.0073781760149104,-0.0043420195579528,0.0698924731182795,-0.0423647165298461,-0.0090043531951083,0.9946236559139784,0.0725806451612903,0.9548541913449082,0.971669551534225,0.6292823553085327,0.8198487758636475,0.9126344086021506,1.1182358264923096,0.0,0.4516129032258065,0.0,0.0,random
1137,11216,9964, territory,▁territory,OK,"(9964,)",0.010607691589863,3.279360607747108,False,False,False,0.0139165573543117,0.0147749738347145,-0.0032581090927124,0.3225806451612903,-0.0452646315097808,-0.0127382265624179,0.9838709677419356,0.1209677419354838,0.9257706731661044,0.973633359559402,0.6292823553085327,0.8198487758636475,0.5967741935483871,1.2632315754890442,0.0,1.4193548387096773,0.0,0.0,random
1138,18560,27013, réaction,▁réaction,OK,"(27013,)",0.0101752350968058,4.284783617463162,False,False,False,0.0171816536495762,0.018418030072284,-0.0047483146190643,0.3494623655913978,-0.0509913712739944,-0.0159128955615464,0.9838709677419356,0.1586021505376344,0.9067755045060186,0.9627694728560188,0.6292823553085327,0.8198487758636475,0.5631720430107526,1.5495685636997223,0.0,2.172043010752688,0.0,0.0,random
1139,28902,627, 15,▁15,OK,"(627,)",0.0013683726390202,6.503776043973942,False,False,False,0.0092496912005127,0.0102444279898879,-0.0039302706718444,0.1666666666666666,-0.0606938004493713,-0.0236288478938482,0.9623655913978496,0.2338709677419354,0.9172726120328832,0.9694917387883556,0.6292823553085327,0.8198487758636475,0.7916666666666667,2.0346900224685665,0.0,3.677419354838709,0.0,0.0,random
1140,14653,12713,surprisingly,surprisingly,OK,"(12713,)",0.0122156304457495,3.738958175143887,False,False,False,0.0149818123668752,0.0157039309701611,-0.0015131533145904,0.3225806451612903,-0.0480049699544906,-0.0149281015319208,0.9838709677419356,0.1370967741935483,0.9107451455282694,0.9718898505114084,0.6292823553085327,0.8198487758636475,0.5967741935483871,1.400248497724533,0.0,1.7419354838709673,0.0,0.0,random
1141,27921,31866,library,library,OK,"(31866,)",-0.0005562244563974,6.16420514609224,False,False,False,0.0091683270149333,0.0119824143507147,-0.01022669672966,0.2526881720430107,-0.0592787265777587,-0.0218715799111191,0.9731182795698924,0.2258064516129032,0.9075402637484524,0.9617372147915028,0.6292823553085327,0.8198487758636475,0.6841397849462366,1.9639363288879392,0.0,3.516129032258064,0.0,0.0,random
1142,2873,21114, fou,▁fou,OK,"(21114,)",0.0024060283617306,1.9652072857784968,False,False,False,0.0080189616769872,0.0088618141348643,-0.0027940869331359,0.1344086021505376,-0.0304062962532043,-0.0085110033071169,0.9946236559139784,0.0806451612903225,0.9316267193358816,0.9849252557041696,0.6292823553085327,0.8198487758636475,0.831989247311828,0.5203148126602173,0.0,0.6129032258064515,0.0,0.0,random
1143,5880,3324, familiar,▁familiar,OK,"(3324,)",0.0080743717169889,2.5030715648205044,False,False,False,0.0129899124624908,0.0144501570411907,-0.0050892233848571,0.3010752688172043,-0.037803366780281,-0.0106316843340473,1.0,0.0994623655913978,0.9213852940087048,0.968635719905586,0.6292823553085327,0.8198487758636475,0.6236559139784946,0.8901683390140533,0.0,0.9892473118279568,0.0,0.0,random
1144,24366,31185, zwölf,▁zwölf,OK,"(31185,)",-0.0005406687416697,5.2769421278148565,False,False,False,0.0104118276347396,0.0119419362275831,-0.0066158771514892,0.1827956989247312,-0.0612915307283401,-0.0197302971475867,0.956989247311828,0.1720430107526881,0.919505455788274,0.96244846577498,0.6292823553085327,0.8198487758636475,0.771505376344086,2.064576536417007,0.0,2.4408602150537635,0.0,0.0,random
1145,26696,29229, ministries,▁ministries,OK,"(29229,)",0.0064897080102274,5.79809380923548,False,False,False,0.0137274028152547,0.0152333670405931,-0.0067928433418273,0.3225806451612903,-0.0569296181201934,-0.0208776474639933,0.9838709677419356,0.2177419354838709,0.9055069660339348,0.9671188040912666,0.6292823553085327,0.8198487758636475,0.5967741935483871,1.8464809060096736,0.0,3.354838709677419,0.0,0.0,random
1146,20023,26815, Angle,▁Angle,OK,"(26815,)",0.0108377098476374,4.508061498403549,False,False,False,0.0145670954258211,0.0153419933011454,-0.0015641748905181,0.2956989247311828,-0.0476612299680709,-0.0174939901598038,0.9838709677419356,0.1747311827956989,0.9191697603779952,0.962221872541306,0.6292823553085327,0.8198487758636475,0.6303763440860216,1.3830614984035492,0.0,2.4946236559139785,0.0,0.0,random
1147,14466,25959, Stärke,▁Stärke,OK,"(25959,)",-0.0004074669332914,3.710697377881696,False,False,False,0.0099690014957099,0.0120393547319596,-0.0098634362220764,0.2365591397849462,-0.0474397540092468,-0.014661334535127,0.9946236559139784,0.1317204301075268,0.9048257026870244,0.9741054287962232,0.6292823553085327,0.8198487758636475,0.7043010752688172,1.3719877004623413,0.0,1.6344086021505373,0.0,0.0,random
1148,2459,30582,associated,associated,OK,"(30582,)",0.0019318028242998,1.8644327114346209,False,False,False,0.0096574302322121,0.0118593028796616,-0.0095518827438354,0.2634408602150537,-0.0337671488523483,-0.0083261779559555,1.0,0.075268817204301,0.9413962998833744,0.969284028324154,0.6292823553085327,0.8198487758636475,0.6706989247311829,0.6883574426174164,0.0,0.5053763440860215,0.0,0.0,random
1149,12844,16129, conclu,▁conclu,OK,"(16129,)",0.0088215069745176,3.492502597070509,False,False,False,0.0131633081423339,0.0141125020160469,-0.0032115280628204,0.2849462365591398,-0.0442855358123779,-0.0136940812551847,0.9946236559139784,0.1317204301075268,0.9192503786313077,0.9684405979543664,0.6292823553085327,0.8198487758636475,0.6438172043010754,1.2142767906188965,0.0,1.6344086021505373,0.0,0.0,random
1150,22514,6535, mesure,▁mesure,OK,"(6535,)",0.0001188836190649,4.921139433499305,False,False,False,0.0133442303506276,0.0162311744305395,-0.0109223425388336,0.2795698924731182,-0.0587453693151474,-0.0182811758851492,0.978494623655914,0.1666666666666666,0.8772050892651992,0.953535798583792,0.6292823553085327,0.8198487758636475,0.6505376344086022,1.9372684657573696,0.0,2.333333333333333,0.0,0.0,random
1151,8627,16022, sept,▁sept,OK,"(16022,)",0.0007182136017789,2.92334339439228,False,False,False,0.008914505602211,0.0101702030627958,-0.0050022602081298,0.1559139784946236,-0.0415045022964477,-0.0109879300799421,1.0,0.1021505376344086,0.9353125067790612,0.968541306058222,0.6292823553085327,0.8198487758636475,0.8051075268817205,1.0752251148223877,0.0,1.043010752688172,0.0,0.0,random
1152,20738,16931," 2004,","▁2004,",OK,"(16931,)",0.0131516901716109,4.623301927761365,False,False,False,0.015402780745619,0.0163358414685854,-0.0029655992984771,0.3709677419354839,-0.0486219525337219,-0.0179067295725627,0.989247311827957,0.1827956989247312,0.9211206099538974,0.9706939417781272,0.6292823553085327,0.8198487758636475,0.5362903225806451,1.4310976266860962,0.0,2.655913978494624,0.0,0.0,random
1153,6756,994,ex,ex,OK,"(994,)",0.0040587187854833,2.643704484547338,False,False,False,0.0118908473560887,0.0134386743909569,-0.005980372428894,0.2365591397849462,-0.0357773154973983,-0.0097186424398934,1.0,0.1075268817204301,0.919736139393579,0.9621526357199056,0.6292823553085327,0.8198487758636475,0.7043010752688172,0.7888657748699188,0.0,1.150537634408602,0.0,0.0,random
1154,23816,13445, capsule,▁capsule,OK,"(13445,)",0.009226972113053,5.170536197962299,False,False,False,0.0134816398864151,0.0148739588837469,-0.0047772228717803,0.3333333333333333,-0.0532494336366653,-0.0185586435179556,0.9838709677419356,0.1962365591397849,0.9021098872687354,0.9686734854445316,0.6292823553085327,0.8198487758636475,0.5833333333333334,1.662471681833267,0.0,2.924731182795699,0.0,0.0,random
1155,31944,8207, rarely,▁rarely,OK,"(8207,)",0.0234099847094346,9.787762312225926,False,False,False,0.0343204038117521,0.0353928878102251,-0.0035700798034667,0.6344086021505376,-0.0948073118925094,-0.037337387761762,0.8870967741935484,0.3387096774193548,0.7516774514301957,0.9222029897718332,0.6292823553085327,0.8198487758636475,0.206989247311828,3.7403655946254726,0.0662139219015279,5.774193548387096,0.0,0.0,random
1156,26107,4480, Van,▁Van,OK,"(4480,)",0.001529618617027,5.650847901580153,False,False,False,0.0105055820557378,0.0117581100553594,-0.0045547485351562,0.1774193548387097,-0.0557320117950439,-0.0194396594519256,0.9946236559139784,0.2043010752688172,0.913476529728774,0.9665523210070808,0.6292823553085327,0.8198487758636475,0.7782258064516129,1.786600589752197,0.0,3.086021505376344,0.0,0.0,random
1157,24665,9177, beef,▁beef,OK,"(9177,)",0.0114906736118819,5.3386310524837945,False,False,False,0.0150059344627523,0.0158621800202195,-0.0037634372711181,0.3602150537634409,-0.0551328361034393,-0.0190135509737076,0.9731182795698924,0.2016129032258064,0.906973250175868,0.9663760818253344,0.6292823553085327,0.8198487758636475,0.5497311827956989,1.7566418051719663,0.0,3.032258064516129,0.0,0.0,random
1158,7683,20470, Zeitpunkt,▁Zeitpunkt,OK,"(20470,)",-0.0010618155521731,2.7869337072936435,False,False,False,0.009071559034368,0.0106175399275236,-0.0063945055007934,0.1451612903225806,-0.0385074913501739,-0.0117647250493367,0.9946236559139784,0.1021505376344086,0.9391089284973794,0.9653501180173092,0.6292823553085327,0.8198487758636475,0.8185483870967742,0.9253745675086976,0.0,1.043010752688172,0.0,0.0,random
1159,17739,12261, stitch,▁stitch,OK,"(12261,)",0.0082761631697736,4.168915874855493,False,False,False,0.0128885002866868,0.0136252300393196,-0.0018842220306396,0.2526881720430107,-0.0494804680347442,-0.01610349871779,0.989247311827957,0.1505376344086021,0.910445413267052,0.9698882769472856,0.6292823553085327,0.8198487758636475,0.6841397849462366,1.4740234017372131,0.0,2.010752688172043,0.0,0.0,random
1160,15927,16420,hub,hub,OK,"(16420,)",-0.0022887486203383,3.9123304809934334,False,False,False,0.0084036454077689,0.0101958649453296,-0.0067245364189147,0.1344086021505376,-0.0456928461790084,-0.0124931319426464,0.989247311827957,0.1397849462365591,0.934388267129608,0.9729221085759244,0.6292823553085327,0.8198487758636475,0.831989247311828,1.2846423089504242,0.0,1.7956989247311823,0.0,0.0,random
1161,9873,7901, align,▁align,OK,"(7901,)",-0.000377689990946,3.0921735443094724,False,False,False,0.0087357017622199,0.0108648464884809,-0.0083419680595397,0.2043010752688172,-0.0450155138969421,-0.0129300057888031,0.989247311827957,0.1048387096774193,0.9582966778284752,0.9732619984264356,0.6292823553085327,0.8198487758636475,0.7446236559139785,1.250775694847107,0.0,1.096774193548387,0.0,0.0,random
1162,18065,14885,Bas,Bas,OK,"(14885,)",-0.0004370095829168,4.217029591721873,False,False,False,0.0094122482884314,0.0113349186797295,-0.006355732679367,0.1666666666666666,-0.0482922047376632,-0.0135276682915226,1.0,0.1505376344086021,0.9475695950390038,0.9660739575137688,0.6292823553085327,0.8198487758636475,0.7916666666666667,1.4146102368831637,0.0,2.010752688172043,0.0,0.0,random
1163,5686,25338, cobor,▁cobor,OK,"(25338,)",0.0010548738141854,2.476533888168232,False,False,False,0.009009384179628,0.0104586176013433,-0.0052064955234527,0.1666666666666666,-0.0414392799139022,-0.0095300661620273,0.9946236559139784,0.0806451612903225,0.932146908504702,0.9692273800157356,0.6292823553085327,0.8198487758636475,0.7916666666666667,1.071963995695114,0.0,0.6129032258064515,0.0,0.0,random
1164,19665,9774,équipe,équipe,OK,"(9774,)",0.0132171543935934,4.455062185884803,False,False,False,0.0162124673845947,0.0167457571914119,-0.0007498264312744,0.3333333333333333,-0.0539937168359756,-0.0167623566042992,0.978494623655914,0.1586021505376344,0.90253862644382,0.9578599527930765,0.6292823553085327,0.8198487758636475,0.5833333333333334,1.699685841798782,0.0,2.172043010752688,0.0,0.0,random
1165,19892,1287, excellent,▁excellent,OK,"(1287,)",-0.0002006920194754,4.488933044415649,False,False,False,0.0088524645374667,0.0111291648880127,-0.0079577267169952,0.1989247311827957,-0.0437840372323989,-0.0155879976928875,0.9838709677419356,0.1774193548387097,0.9175579413259082,0.971279307631786,0.6292823553085327,0.8198487758636475,0.7513440860215054,1.1892018616199491,0.0,2.548387096774194,0.0,0.0,random
1166,19008,12979, vessels,▁vessels,OK,"(12979,)",0.0137850382074873,4.350755804008053,False,False,False,0.0170114429727677,0.018191528416449,-0.0027056038379669,0.3763440860215054,-0.0465312451124191,-0.0154187541495087,0.989247311827957,0.1747311827956989,0.9102580418663,0.971776553894571,0.6292823553085327,0.8198487758636475,0.5295698924731183,1.3265622556209564,0.0,2.4946236559139785,0.0,0.0,random
1167,25405,9107, Memorial,▁Memorial,OK,"(9107,)",0.0092020151836256,5.490715984054791,False,False,False,0.0148890670589221,0.0163489229256106,-0.0055841505527496,0.3548387096774194,-0.059115394949913,-0.0187041000012428,0.9731182795698924,0.1989247311827957,0.9432169914885246,0.9623099921321794,0.6292823553085327,0.8198487758636475,0.5564516129032258,1.955769747495651,0.0,2.978494623655914,0.0,0.0,random
1168,3482,5052, voir,▁voir,OK,"(5052,)",-0.0005760111074934,2.091142086252089,False,False,False,0.0089671302546737,0.0105179110842366,-0.0065910518169403,0.1559139784946236,-0.0356131643056869,-0.0090121902445311,0.989247311827957,0.075268817204301,0.9498257845891488,0.9728339889850508,0.6292823553085327,0.8198487758636475,0.8051075268817205,0.7806582152843475,0.0,0.5053763440860215,0.0,0.0,random
1169,187,5806, involves,▁involves,OK,"(5806,)",0.0057695414029782,1.00365930635442,False,False,False,0.0102806483866066,0.0111188121059889,-0.0026837885379791,0.1935483870967742,-0.024481788277626,-0.0057148295705036,1.0,0.0510752688172043,0.9565442822651206,0.9833894571203776,0.6292823553085327,0.8198487758636475,0.7580645161290323,0.2240894138813018,0.0,0.021505376344086,0.0,0.0,random
1170,26478,5210, ski,▁ski,OK,"(5210,)",0.0133452748579363,5.7465773737558745,False,False,False,0.0157498050761479,0.0169500484261461,-0.0014538466930389,0.3548387096774194,-0.0588562786579132,-0.0199844209096765,0.9623655913978496,0.2123655913978494,0.8997159693352542,0.9605224232887488,0.6292823553085327,0.8198487758636475,0.5564516129032258,1.94281393289566,0.0,3.247311827956989,0.0,0.0,random
1171,25022,2577,28,28,OK,"(2577,)",0.0076109152888098,5.413598030164677,False,False,False,0.0139167747830831,0.0147226883839535,-0.0040534436702728,0.2903225806451613,-0.0570354014635086,-0.0197665380534305,0.978494623655914,0.1962365591397849,0.8976822879351088,0.9707065302911092,0.6292823553085327,0.8198487758636475,0.6370967741935485,1.85177007317543,0.0,2.924731182795699,0.0,0.0,random
1172,20958,31264, bundesweit,▁bundesweit,OK,"(31264,)",0.0032854318298319,4.654984488282151,False,False,False,0.0100039176402553,0.0126478473345438,-0.0095407664775848,0.3118279569892473,-0.0553039908409118,-0.0173863624372789,0.956989247311828,0.1639784946236559,0.929089362006062,0.967181746656176,0.6292823553085327,0.8198487758636475,0.6102150537634409,1.765199542045593,0.0,2.279569892473118,0.0,0.0,random
1173,3480,30093,găseșt,găseșt,OK,"(30093,)",-3.681461657247236e-05,2.0902786472792267,False,False,False,0.0065757460812086,0.0081053510788948,-0.0047959983348846,0.1290322580645161,-0.0338485836982727,-0.008304480583437,0.989247311827957,0.0779569892473118,0.9320345181299576,0.9721101494885914,0.6292823553085327,0.8198487758636475,0.8387096774193549,0.6924291849136353,0.0,0.5591397849462365,0.0,0.0,random
1174,1900,3789, Uhr,▁Uhr,OK,"(3789,)",-0.0047923589105247,1.714335556312274,False,False,False,0.0038191057661528,0.0053643879070076,-0.0054113566875457,0.043010752688172,-0.0306307971477508,-0.0076174521318046,0.989247311827957,0.0618279569892473,0.9588473552475872,0.9795373721479148,0.6292823553085327,0.8198487758636475,0.946236559139785,0.5315398573875427,0.0,0.2365591397849462,0.0,0.0,random
1175,20810,1711, protection,▁protection,OK,"(1711,)",0.0108200704378466,4.633185220661983,False,False,False,0.0164220895498029,0.0175893962062815,-0.0038021206855773,0.3548387096774194,-0.0623948872089386,-0.0161863706445181,0.967741935483871,0.1478494623655914,0.8968406882670852,0.9622029897718332,0.6292823553085327,0.8198487758636475,0.5564516129032258,2.119744360446929,0.0,1.956989247311828,0.0,0.0,random
1176,19387,6085, concepts,▁concepts,OK,"(6085,)",0.0131922566762534,4.413102898546445,False,False,False,0.0176829195791675,0.0192349498630851,-0.0055411458015441,0.4247311827956989,-0.050063133239746,-0.0172844980993578,0.9838709677419356,0.1720430107526881,0.8897177269105737,0.9620330448465776,0.6292823553085327,0.8198487758636475,0.4690860215053763,1.503156661987305,0.0,2.4408602150537635,0.0,0.0,random
1177,16813,25014, professionelle,▁professionelle,OK,"(25014,)",0.0123892394525389,4.03762817350767,False,False,False,0.0164117191427497,0.0172114836913283,-0.0027209818363189,0.3548387096774194,-0.0526342839002609,-0.0150982577313659,1.0,0.1424731182795699,0.9015350376550552,0.9619008654602672,0.6292823553085327,0.8198487758636475,0.5564516129032258,1.631714195013046,0.0,1.849462365591398,0.0,0.0,random
1178,13763,3780, jetzt,▁jetzt,OK,"(3780,)",0.000277201326624,3.617482559975757,False,False,False,0.0079238691958048,0.0093196338863782,-0.0056563913822174,0.1612903225806451,-0.0426184684038162,-0.0135991813675049,1.0,0.1344086021505376,0.9511039447162134,0.974659323367427,0.6292823553085327,0.8198487758636475,0.7983870967741936,1.1309234201908112,0.0,1.6881720430107523,0.0,0.0,random
1179,15845,5240, tun,▁tun,OK,"(5240,)",-0.0002612449148649,3.899718376897996,False,False,False,0.0096629934926186,0.0113978078288416,-0.0060604512691497,0.1720430107526881,-0.0560588836669921,-0.0125657694955025,0.9838709677419356,0.1155913978494623,0.9233436106972146,0.9595216365066874,0.6292823553085327,0.8198487758636475,0.7849462365591398,1.8029441833496087,0.0,1.311827956989247,0.0,0.0,random
1180,21244,11354, clue,▁clue,OK,"(11354,)",0.0053482637610486,4.704432610542543,False,False,False,0.0118072644997668,0.012939027720882,-0.0029728412628173,0.2204301075268817,-0.0540080070495605,-0.0168529117620119,0.989247311827957,0.1639784946236559,0.9035772486818556,0.9596160503540518,0.6292823553085327,0.8198487758636475,0.7244623655913979,1.7004003524780271,0.0,2.279569892473118,0.0,0.0,random
1181,24356,18640, Cub,▁Cub,OK,"(18640,)",0.0025027096351628,5.27477093890149,False,False,False,0.0107919923079911,0.0118552499240444,-0.0029429495334625,0.1720430107526881,-0.0631298273801803,-0.017381424865415,0.9731182795698924,0.1666666666666666,0.9034273604155374,0.961007081038552,0.6292823553085327,0.8198487758636475,0.7849462365591398,2.156491369009017,0.0,2.333333333333333,0.0,0.0,random
1182,28180,4973, protest,▁protest,OK,"(4973,)",0.0174045603922618,6.250895932797462,False,False,False,0.0214326557933643,0.0221626659234364,-0.0013660490512847,0.4301075268817204,-0.0546953380107879,-0.0224567148634182,0.978494623655914,0.2526881720430107,0.8747085649404897,0.9622029897718332,0.6292823553085327,0.8198487758636475,0.4623655913978495,1.734766900539398,0.0,4.053763440860215,0.0,0.0,random
1183,31893,25689, $150,▁$150,OK,"(25689,)",0.0215553232018024,9.344110801503964,False,False,False,0.0229383495546156,0.0238977363032679,-0.0014771223068237,0.532258064516129,-0.071609154343605,-0.0350788120300539,0.9408602150537636,0.3709677419354839,0.8095968777434442,0.9547317073170732,0.6292823553085327,0.8198487758636475,0.3346774193548388,2.580457717180252,0.0096208262591962,6.419354838709677,0.0,0.0,random
1184,4387,7696, mé,▁mé,OK,"(7696,)",-0.00872918013283,2.26743120467791,False,False,False,0.00386556662539,0.0061810529360207,-0.0091176629066467,0.043010752688172,-0.0352410972118377,-0.0077649425434809,0.9946236559139784,0.0779569892473118,0.9380524501204996,0.9704988198269078,0.6292823553085327,0.8198487758636475,0.946236559139785,0.7620548605918884,0.0,0.5591397849462365,0.0,0.0,random
1185,23561,6936,Car,Car,OK,"(6936,)",0.0060566645956808,5.114785411665517,False,False,False,0.0138181446380512,0.0153624064499332,-0.00631645321846,0.3064516129032258,-0.0589892566204071,-0.0184415960183707,0.9838709677419356,0.1774193548387097,0.9265484039341944,0.956569630212431,0.6292823553085327,0.8198487758636475,0.6169354838709677,1.949462831020355,0.0,2.548387096774194,0.0,0.0,random
1186,2746,23814,ionist,ionist,OK,"(23814,)",0.0024516865450848,1.9342724495036627,False,False,False,0.0087988964652502,0.0100077935444411,-0.0038277506828308,0.1559139784946236,-0.0303252339363098,-0.0090447356623987,1.0,0.0806451612903225,0.9551673083316892,0.9733438237608184,0.6292823553085327,0.8198487758636475,0.8051075268817205,0.5162616968154907,0.0,0.6129032258064515,0.0,0.0,random
1187,8999,15189, augment,▁augment,OK,"(15189,)",0.0011379029481641,2.977515127069206,False,False,False,0.0086330745809821,0.0110632889373328,-0.0088832378387451,0.2419354838709677,-0.0415126681327819,-0.0114406654911656,0.9946236559139784,0.1102150537634408,0.942535993770126,0.9708324154209282,0.6292823553085327,0.8198487758636475,0.6975806451612904,1.0756334066390991,0.0,1.204301075268817,0.0,0.0,random
1188,15216,24316, vêtements,▁vêtements,OK,"(24316,)",0.0094917088907252,3.816792232374991,False,False,False,0.0145156434787217,0.0160720535824375,-0.0053151547908782,0.3440860215053763,-0.0479487478733062,-0.0143055480013611,0.978494623655914,0.1424731182795699,0.8785016958166902,0.9629834775767112,0.6292823553085327,0.8198487758636475,0.5698924731182795,1.3974373936653135,0.0,1.849462365591398,0.0,0.0,random
1189,29702,29615, accusations,▁accusations,OK,"(29615,)",0.0201248503981098,6.833033828966078,False,False,False,0.0228893074297135,0.0236114856376442,-0.0009534060955047,0.4838709677419355,-0.0623058378696441,-0.0245040434022103,0.9731182795698924,0.2661290322580645,0.8779802375338697,0.949639653815893,0.6292823553085327,0.8198487758636475,0.3951612903225807,2.115291893482208,0.0,4.32258064516129,0.0,0.0,random
1190,20717,10973, distribute,▁distribute,OK,"(10973,)",0.0053354044354731,4.620587194158185,False,False,False,0.0131482845672997,0.0150003011829109,-0.0070480406284332,0.3064516129032258,-0.0587827116250991,-0.0149809003517191,0.9946236559139784,0.1532258064516129,0.9109006857790318,0.9639653815892998,0.6292823553085327,0.8198487758636475,0.6169354838709677,1.9391355812549589,0.0,2.064516129032258,0.0,0.0,random
1191,8996,4829, Dé,▁Dé,OK,"(4829,)",-0.0005533909124712,2.977373527583256,False,False,False,0.0081004721503103,0.0095082558290932,-0.005695641040802,0.1451612903225806,-0.0423162877559661,-0.0106086150933337,1.0,0.1021505376344086,0.9415122762430272,0.964840283241542,0.6292823553085327,0.8198487758636475,0.8185483870967742,1.115814387798309,0.0,1.043010752688172,0.0,0.0,random
1192,30983,24674, obsession,▁obsession,OK,"(24674,)",0.0020998866647802,7.655654711108053,False,False,False,0.0097377471705918,0.0117126754535141,-0.0074232220649719,0.2526881720430107,-0.0622259974479675,-0.0248215410017198,0.956989247311828,0.293010752688172,0.9182836384199764,0.9657403619197482,0.6292823553085327,0.8198487758636475,0.6841397849462366,2.111299872398376,0.0,4.860215053763441,0.0,0.0,random
1193,9179,366, When,▁When,OK,"(366,)",0.0130876255612219,3.0018935677825764,False,False,False,0.0149545937135655,0.0155158996261576,-0.0018956959247589,0.3387096774193548,-0.0390432476997375,-0.0136204804143598,0.9946236559139784,0.1236559139784946,0.898566491464987,0.9774099134539732,0.6292823553085327,0.8198487758636475,0.5766129032258065,0.9521623849868774,0.0,1.4731182795698925,0.0,0.0,random
1194,2213,9296, somehow,▁somehow,OK,"(9296,)",0.0018012250623395,1.7958969018792594,False,False,False,0.0079336009358847,0.0096061825752258,-0.0052886307239532,0.1774193548387097,-0.035622239112854,-0.0075885240108736,0.9946236559139784,0.0618279569892473,0.9381106522788492,0.9841007081038552,0.6292823553085327,0.8198487758636475,0.7782258064516129,0.7811119556427002,0.0,0.2365591397849462,0.0,0.0,random
1195,25869,11103, Moore,▁Moore,OK,"(11103,)",0.0025992561492227,5.594284957134596,False,False,False,0.0111762548005709,0.0132787218016962,-0.0079905986785888,0.2741935483870967,-0.0623964518308639,-0.0213932122594566,0.9838709677419356,0.1908602150537634,0.8942225355982787,0.946870180959874,0.6292823553085327,0.8198487758636475,0.6572580645161291,2.119822591543197,0.0,2.817204301075269,0.0,0.0,random
1196,20230,3051, fees,▁fees,OK,"(3051,)",-0.000274579659585,4.539932898295823,False,False,False,0.0097413205651826,0.011725914734666,-0.0083972811698913,0.2096774193548387,-0.0472233891487121,-0.0160399646528305,0.989247311827957,0.1720430107526881,0.8964505094976214,0.9702848151062156,0.6292823553085327,0.8198487758636475,0.7379032258064516,1.361169457435608,0.0,2.4408602150537635,0.0,0.0,random
1197,8717,1745, unit,▁unit,OK,"(1745,)",0.0081182242721639,2.937797302840858,False,False,False,0.0122597076559579,0.0130048980635981,-0.0021980106830596,0.2526881720430107,-0.0463634729385376,-0.0121451462468793,1.0,0.0967741935483871,0.9267357900920862,0.967597167584579,0.6292823553085327,0.8198487758636475,0.6841397849462366,1.31817364692688,0.0,0.9354838709677418,0.0,0.0,random
1198,30315,28009, Roosevelt,▁Roosevelt,OK,"(28009,)",0.012890774588431,7.162443740393525,False,False,False,0.0169915595362263,0.0180928098258151,-0.0034091472625732,0.3870967741935484,-0.0610983371734619,-0.0257963525351657,0.978494623655914,0.2795698924731182,0.8830106069891878,0.959710464201416,0.6292823553085327,0.8198487758636475,0.5161290322580645,2.0549168586730957,0.0,4.591397849462365,0.0,0.0,random
1199,31590,11423, radiation,▁radiation,OK,"(11423,)",0.0185241887566222,8.379515220080652,False,False,False,0.0242313684955719,0.0248505642978093,-0.0013973712921142,0.4731182795698925,-0.0746870785951614,-0.0299927175685923,0.956989247311828,0.3118279569892473,0.8651940763071028,0.945284028324154,0.6292823553085327,0.8198487758636475,0.4086021505376344,2.7343539297580715,0.0,5.236559139784946,0.0,0.0,random
