source_row,split,sentence1,sentence2,similarity,sentence1_original,sentence1_id,sentence1_token_length,sentence1_tokens_removed,sentence2_original,sentence2_id,sentence2_token_length,sentence2_tokens_removed,baseline_similarity
0,search,There is no person riding a jetski in the waves,"Besides these 28 OCT4-regulated genes, the Oct4-OETN included 8 more genes of a recently published list of OCT4-correlated transcripts expressed in ESCs.",0.47928232,There is no person riding a jetski in the waves,a7c92dfa7f11bc59da0ad58ab47f78c6d952574f80020e1c65064edec4f63e51,12,0,"Besides these 28 OCT4-regulated genes, the Oct4-OETN included 8 more genes of a recently published list of OCT4-correlated transcripts expressed in ESCs.",8c057f7f49d181495afff086841017e624eb2ddbf1aa8f2a671d517ff10cf590,41,0,0.47928232
3,validation,This answer is based on my experience teaching undergraduate math in the US.,There is no rope being climbed by a man,0.49399203,This answer is based on my experience teaching undergraduate math in the US.,02eefe7a2ab0de5b40d5eea17184f3a4d1d0eafd8cbdc50674898a463274b370,15,0,There is no rope being climbed by a man,7b42a7aed836477c8cdb6ba8bb2a1df062eb3108fe2c05916516d736502edccf,11,0,0.49399197
6,validation,"dynamic programming is a very powerful mathematical technique , often utilised in programming , for solving optimization problems .",There is no kitten drinking milk,0.498367,"dynamic programming is a very powerful mathematical technique , often utilised in programming , for solving optimization problems .",fbddaa7ecee16fca36c7a9b1dc1653774ac15cc970574fcf049cc228adb01b99,25,0,There is no kitten drinking milk,5865f289ba8d06c9d93bcb24770c728d6c31468edeb469f5a2855d42d3735796,6,0,0.49836716
10,search,There is no person riding a jetski in the waves,several different ways have been developed of calculating these values ( also known as term weights ) .,0.49935955,There is no person riding a jetski in the waves,a7c92dfa7f11bc59da0ad58ab47f78c6d952574f80020e1c65064edec4f63e51,12,0,several different ways have been developed of calculating these values ( also known as term weights ) .,4ec73d04c1c0d875165006e7a1d842923d28d2e0d1580dd88bfb55c54faff0a4,22,0,0.49935943
12,search,"It was developed with consultation from more than 300 leaders in academia, industry, government and the public.",No girl with a bikini is playing in the dunes,0.50196177,"It was developed with consultation from more than 300 leaders in academia, industry, government and the public.",ef976f2b7592e20ca34992114bb94a8dc3a83ba33a9f51d17d2616fd196a4954,20,0,No girl with a bikini is playing in the dunes,5fa6710a1fb4b77c3c342deb98f5eb18b52dd8379f8e8c9f9eb7d5df0e76d9f0,14,0,0.50196195
13,search,"several different ways of computing these values , also known as ( term ) weights , have been developed .",There is no person riding a jetski in the waves,0.5022279,"several different ways of computing these values , also known as ( term ) weights , have been developed .",0dabfc6a5de663ac63cf8964d79e66ce92918b9db0a2ab7f7cfdda14963c998c,25,0,There is no person riding a jetski in the waves,a7c92dfa7f11bc59da0ad58ab47f78c6d952574f80020e1c65064edec4f63e51,12,0,0.50222796
18,search,several different ways have been developed of calculating these values ( also known as term weights ) .,No girl with a bikini is playing in the dunes,0.5047697,several different ways have been developed of calculating these values ( also known as term weights ) .,4ec73d04c1c0d875165006e7a1d842923d28d2e0d1580dd88bfb55c54faff0a4,22,0,No girl with a bikini is playing in the dunes,5fa6710a1fb4b77c3c342deb98f5eb18b52dd8379f8e8c9f9eb7d5df0e76d9f0,14,0,0.50476974
19,search,( parliament adopted the legislative resolution ),There is no person riding a jetski in the waves,0.50519836,( parliament adopted the legislative resolution ),c2504ec3995a953fd2cbc4d0125676c077b7cb359c66f386b0da79ed36ad788f,8,0,There is no person riding a jetski in the waves,a7c92dfa7f11bc59da0ad58ab47f78c6d952574f80020e1c65064edec4f63e51,12,0,0.50519824
21,search,No girl with a bikini is playing in the dunes,"Besides these 28 OCT4-regulated genes, the Oct4-OETN included 8 more genes of a recently published list of OCT4-correlated transcripts expressed in ESCs.",0.5054116,No girl with a bikini is playing in the dunes,5fa6710a1fb4b77c3c342deb98f5eb18b52dd8379f8e8c9f9eb7d5df0e76d9f0,14,0,"Besides these 28 OCT4-regulated genes, the Oct4-OETN included 8 more genes of a recently published list of OCT4-correlated transcripts expressed in ESCs.",8c057f7f49d181495afff086841017e624eb2ddbf1aa8f2a671d517ff10cf590,41,0,0.5054117
23,search,"several different ways of computing these values , also known as ( term ) weights , have been developed .",No girl with a bikini is playing in the dunes,0.50763375,"several different ways of computing these values , also known as ( term ) weights , have been developed .",0dabfc6a5de663ac63cf8964d79e66ce92918b9db0a2ab7f7cfdda14963c998c,25,0,No girl with a bikini is playing in the dunes,5fa6710a1fb4b77c3c342deb98f5eb18b52dd8379f8e8c9f9eb7d5df0e76d9f0,14,0,0.5076336
29,search,several different ways have been developed of calculating these values ( also known as term weights ) .,ukraine will not give ' an inch ' over crimea,0.5099888,several different ways have been developed of calculating these values ( also known as term weights ) .,4ec73d04c1c0d875165006e7a1d842923d28d2e0d1580dd88bfb55c54faff0a4,22,0,ukraine will not give ' an inch ' over crimea,ac3f64d5b913f4825dfb60b54463f787a971562e220c3430946c6416a81e675c,16,0,0.50998867
30,test,No motorcycle racer is riding a red and black bike,serve as a reason or cause or justification of .,0.51035184,No motorcycle racer is riding a red and black bike,827fdfc9df71143396a8f033fd314a27f286cb6c94d18ed9f6d74dca60c4ccfa,12,0,serve as a reason or cause or justification of .,5033ac81ed04c08605564e71948a891c3ce80f4914f09c2842f735e5f4a52a8f,13,0,0.5103519
33,search,"It was developed with consultation from more than 300 leaders in academia, industry, government and the public.",There is no person riding a jetski in the waves,0.51185894,"It was developed with consultation from more than 300 leaders in academia, industry, government and the public.",ef976f2b7592e20ca34992114bb94a8dc3a83ba33a9f51d17d2616fd196a4954,20,0,There is no person riding a jetski in the waves,a7c92dfa7f11bc59da0ad58ab47f78c6d952574f80020e1c65064edec4f63e51,12,0,0.5118589
34,validation,There is no kitten drinking milk,the basic idea is to represent each document as a vector of certain weighted word frequencies .,0.5122227,There is no kitten drinking milk,5865f289ba8d06c9d93bcb24770c728d6c31468edeb469f5a2855d42d3735796,6,0,the basic idea is to represent each document as a vector of certain weighted word frequencies .,bed63a7f5f86896a7e3297c50873070d8c407be0b874852acc8893d72fce2166,21,0,0.51222277
37,search,There is no person riding a jetski in the waves,"impose , involve , or imply as a necessary accompaniment or result .",0.51366645,There is no person riding a jetski in the waves,a7c92dfa7f11bc59da0ad58ab47f78c6d952574f80020e1c65064edec4f63e51,12,0,"impose , involve , or imply as a necessary accompaniment or result .",b7b8ffd43d87b89a0251c300085ef25775b0c9bde7116fa574f97f3b27d3a1ae,19,0,0.5136665
38,validation,This answer is based on my experience teaching undergraduate math in the US.,There is no kitten drinking milk,0.51394653,This answer is based on my experience teaching undergraduate math in the US.,02eefe7a2ab0de5b40d5eea17184f3a4d1d0eafd8cbdc50674898a463274b370,15,0,There is no kitten drinking milk,5865f289ba8d06c9d93bcb24770c728d6c31468edeb469f5a2855d42d3735796,6,0,0.51394653
39,test,serve as a reason or cause or justification of .,There are no people driving ATVs,0.51508474,serve as a reason or cause or justification of .,5033ac81ed04c08605564e71948a891c3ce80f4914f09c2842f735e5f4a52a8f,13,0,There are no people driving ATVs,5474167e39ef3edb0b6822c175abf85cb7b9213e482da31bd35c98f24b055b0b,8,0,0.51508486
43,search,There is no man putting some cheese on a pizza,several different ways have been developed of calculating these values ( also known as term weights ) .,0.51651466,There is no man putting some cheese on a pizza,a765ff509c4b4d6bcebe2004f0e8a02d3b8e644a2d99d13e4706c7df74d306d6,12,0,several different ways have been developed of calculating these values ( also known as term weights ) .,4ec73d04c1c0d875165006e7a1d842923d28d2e0d1580dd88bfb55c54faff0a4,22,0,0.5165148
46,test,No motorcycle racer is riding a red and black bike,"commodity expanded value-form , .",0.5173871,No motorcycle racer is riding a red and black bike,827fdfc9df71143396a8f033fd314a27f286cb6c94d18ed9f6d74dca60c4ccfa,12,0,"commodity expanded value-form , .",3d89387c49c08193aa5fc3ffeb676b52a2852b8c39037ba33bb63e91e46f390d,9,0,0.5173871
51,search,"several different ways of computing these values , also known as ( term ) weights , have been developed .",ukraine will not give ' an inch ' over crimea,0.51809394,"several different ways of computing these values , also known as ( term ) weights , have been developed .",0dabfc6a5de663ac63cf8964d79e66ce92918b9db0a2ab7f7cfdda14963c998c,25,0,ukraine will not give ' an inch ' over crimea,ac3f64d5b913f4825dfb60b54463f787a971562e220c3430946c6416a81e675c,16,0,0.51809394
52,test,one of the most well studied facets of temperament is how people respond to novelty .,There are no people driving ATVs,0.51817226,one of the most well studied facets of temperament is how people respond to novelty .,09ef49721a2145e748d917db1d1cf0b4a2bee79e674dd7571c54e98951ec7079,18,0,There are no people driving ATVs,5474167e39ef3edb0b6822c175abf85cb7b9213e482da31bd35c98f24b055b0b,8,0,0.51817226
56,search,"It was developed with consultation from more than 300 leaders in academia, industry, government and the public.",A boy is eating a cupcake,0.51866144,"It was developed with consultation from more than 300 leaders in academia, industry, government and the public.",ef976f2b7592e20ca34992114bb94a8dc3a83ba33a9f51d17d2616fd196a4954,20,0,A boy is eating a cupcake,266b191642fefe7be3fc209e80a0f8005f9d95105cb0f4e2f584deca33065bca,7,0,0.5186615
58,search,"Besides these 28 OCT4-regulated genes, the Oct4-OETN included 8 more genes of a recently published list of OCT4-correlated transcripts expressed in ESCs.",There is no brown dog standing in the water,0.5187851,"Besides these 28 OCT4-regulated genes, the Oct4-OETN included 8 more genes of a recently published list of OCT4-correlated transcripts expressed in ESCs.",8c057f7f49d181495afff086841017e624eb2ddbf1aa8f2a671d517ff10cf590,41,0,There is no brown dog standing in the water,322d6641e41976d436a4ca6f4902a73a1f736bf9042da8f47214b4029e070b2c,9,0,0.5187851
65,validation,"dynamic programming is a very powerful mathematical technique , often utilised in programming , for solving optimization problems .",There is no water being drunk by a cat,0.52029145,"dynamic programming is a very powerful mathematical technique , often utilised in programming , for solving optimization problems .",fbddaa7ecee16fca36c7a9b1dc1653774ac15cc970574fcf049cc228adb01b99,25,0,There is no water being drunk by a cat,37deb92e4cde7cfecfe23de08dd1c32b3f1460d94a5a811c137b27346ee86d18,10,0,0.5202914
69,search,several different ways have been developed of calculating these values ( also known as term weights ) .,There is no brown dog standing in the water,0.5207963,several different ways have been developed of calculating these values ( also known as term weights ) .,4ec73d04c1c0d875165006e7a1d842923d28d2e0d1580dd88bfb55c54faff0a4,22,0,There is no brown dog standing in the water,322d6641e41976d436a4ca6f4902a73a1f736bf9042da8f47214b4029e070b2c,9,0,0.5207964
71,search,"It was developed with consultation from more than 300 leaders in academia, industry, government and the public.",terminal 1 and terminal 2 possess no difference,0.520999,"It was developed with consultation from more than 300 leaders in academia, industry, government and the public.",ef976f2b7592e20ca34992114bb94a8dc3a83ba33a9f51d17d2616fd196a4954,20,0,terminal 1 and terminal 2 possess no difference,ee9380e1f4b4acb9b0f9ebdec5c7a24eb2d8c21652afe85eb978e38b3054bfe0,8,0,0.520999
74,test,"after all , they have recommended policies that politicians or taking into consideration .",There is no woman using a sewing machine,0.5217466,"after all , they have recommended policies that politicians or taking into consideration .",2579ce20401c8f7356cafa7f5c532382fd778342426e16445915a4e74d0f5891,16,0,There is no woman using a sewing machine,e6b0ed131046de9085670584ce21fcadc3d7214f2023ae391a2ef18879390dfe,9,0,0.52174664
76,search,There is no person riding a jetski in the waves,"In myelopoiesis, miR-223 has been shown to regulate granulocyte development in both humans and mice.",0.5220768,There is no person riding a jetski in the waves,a7c92dfa7f11bc59da0ad58ab47f78c6d952574f80020e1c65064edec4f63e51,12,0,"In myelopoiesis, miR-223 has been shown to regulate granulocyte development in both humans and mice.",c213d770d9702273acf94402e5603380201e463151d972c565f247f1ef407ea1,28,0,0.52207685
77,search,"several different ways of computing these values , also known as ( term ) weights , have been developed .",There is no girl brushing her hair,0.52209204,"several different ways of computing these values , also known as ( term ) weights , have been developed .",0dabfc6a5de663ac63cf8964d79e66ce92918b9db0a2ab7f7cfdda14963c998c,25,0,There is no girl brushing her hair,0f080b59b66c20dfccac7391eab1122625e660475a72095312b67bfa95fb7185,8,0,0.522092
80,search,A baby elephant is not eating a small tree,several different ways have been developed of calculating these values ( also known as term weights ) .,0.52292216,A baby elephant is not eating a small tree,7cdba18a745ce31b54a782cfa1109a8f67cc8fa83e33f7e2116ddf9fd727e16e,10,0,several different ways have been developed of calculating these values ( also known as term weights ) .,4ec73d04c1c0d875165006e7a1d842923d28d2e0d1580dd88bfb55c54faff0a4,22,0,0.52292216
87,test,the man is feeding a mouse to the snake .,There are no people driving ATVs,0.5244806,the man is feeding a mouse to the snake .,2cef322e85e10384cb4b601dce8f80460a8d5b570b3359e9f8c20430aaa94a0c,12,0,There are no people driving ATVs,5474167e39ef3edb0b6822c175abf85cb7b9213e482da31bd35c98f24b055b0b,8,0,0.5244805
89,test,No motorcycle racer is riding a red and black bike,it was first used in the smart information retrieval system .,0.52543503,No motorcycle racer is riding a red and black bike,827fdfc9df71143396a8f033fd314a27f286cb6c94d18ed9f6d74dca60c4ccfa,12,0,it was first used in the smart information retrieval system .,b96fc03e1ac8c12d1d0503169afb30f3882fc4339938df172e2fe56437e8e486,13,0,0.5254351
90,search,"It was developed with consultation from more than 300 leaders in academia, industry, government and the public.",Two dogs are playing on a sandy beach,0.52625895,"It was developed with consultation from more than 300 leaders in academia, industry, government and the public.",ef976f2b7592e20ca34992114bb94a8dc3a83ba33a9f51d17d2616fd196a4954,20,0,Two dogs are playing on a sandy beach,10f6f3a731d5329ab9f1e52f3496589139e7c6f3b7597d3ac21ac015ad2f7eec,9,0,0.526259
96,validation,There is no rope being climbed by a man,"dynamic programming is a very powerful mathematical technique , often utilised in programming , for solving optimization problems .",0.52924144,There is no rope being climbed by a man,7b42a7aed836477c8cdb6ba8bb2a1df062eb3108fe2c05916516d736502edccf,11,0,"dynamic programming is a very powerful mathematical technique , often utilised in programming , for solving optimization problems .",fbddaa7ecee16fca36c7a9b1dc1653774ac15cc970574fcf049cc228adb01b99,25,0,0.5292414
98,test,"after all , they have recommended policies that politicians or taking into consideration .",There are no people driving ATVs,0.5302551,"after all , they have recommended policies that politicians or taking into consideration .",2579ce20401c8f7356cafa7f5c532382fd778342426e16445915a4e74d0f5891,16,0,There are no people driving ATVs,5474167e39ef3edb0b6822c175abf85cb7b9213e482da31bd35c98f24b055b0b,8,0,0.5302552
100,search,"you just have to base your answer on what you do know , which is what you want .",A boy is eating a cupcake,0.5312677,"you just have to base your answer on what you do know , which is what you want .",1060b405ece1a2b520dc3c94e9c8c480a2dc93734a0f058c244831e96c4df9df,21,0,A boy is eating a cupcake,266b191642fefe7be3fc209e80a0f8005f9d95105cb0f4e2f584deca33065bca,7,0,0.53126776
101,search,several different ways have been developed of calculating these values ( also known as term weights ) .,There is no girl in pink twirling a ribbon,0.5318359,several different ways have been developed of calculating these values ( also known as term weights ) .,4ec73d04c1c0d875165006e7a1d842923d28d2e0d1580dd88bfb55c54faff0a4,22,0,There is no girl in pink twirling a ribbon,7e1def45aaa09234ef42d43092f58d167fe848f5cfea6a8e02d8e8918de7036b,13,0,0.531836
117,search,your top 10 flu questions answered,ukraine will not give ' an inch ' over crimea,0.54014117,your top 10 flu questions answered,04213ed15da91a7124a4da9c5b2a814f006b5b7e68c430fa568319bc1882f553,6,0,ukraine will not give ' an inch ' over crimea,ac3f64d5b913f4825dfb60b54463f787a971562e220c3430946c6416a81e675c,16,0,0.5401411
126,search,"several different ways of computing these values , also known as ( term ) weights , have been developed .",A boy is eating a cupcake,0.54481316,"several different ways of computing these values , also known as ( term ) weights , have been developed .",0dabfc6a5de663ac63cf8964d79e66ce92918b9db0a2ab7f7cfdda14963c998c,25,0,A boy is eating a cupcake,266b191642fefe7be3fc209e80a0f8005f9d95105cb0f4e2f584deca33065bca,7,0,0.54481316
129,test,a quantity of money added to a bank account,There are no people driving ATVs,0.54632986,a quantity of money added to a bank account,57b053af4233d05f6ab5c5a0382d759b012134e0d06e9ed63bd7f7a6617d9d07,11,0,There are no people driving ATVs,5474167e39ef3edb0b6822c175abf85cb7b9213e482da31bd35c98f24b055b0b,8,0,0.54632986
130,test,the perception of spain has changed dramatically with this government,No motorcycle racer is riding a red and black bike,0.54685324,the perception of spain has changed dramatically with this government,945b8dfaf06627e0c78d189b248065afa6ebb1ddeae2b27819e48ea8f7e3ba26,11,0,No motorcycle racer is riding a red and black bike,827fdfc9df71143396a8f033fd314a27f286cb6c94d18ed9f6d74dca60c4ccfa,12,0,0.54685324
137,search,"the international atomic energy agency has no access to people , documents , sites .",generate the optimal solution of these computed values,0.5505186,"the international atomic energy agency has no access to people , documents , sites .",da0f9a1cceaf9afd3dc8b424c9b2208ef3b6db746480f91384f1b86322741239,19,0,generate the optimal solution of these computed values,f2769c2bf526800b7512aa0bd4ed63291559bd6f17b8efd7d91976b9cf58328a,9,0,0.55051863
139,validation,There is no rope being climbed by a man,I guess it depends on what you're going to do.,0.5515502,There is no rope being climbed by a man,7b42a7aed836477c8cdb6ba8bb2a1df062eb3108fe2c05916516d736502edccf,11,0,I guess it depends on what you're going to do.,49d73bd75c712c77e8d9238edd37360da41ec8fb7b836b1560bd652e846e2b0f,13,0,0.55155003
141,search,"the international atomic energy agency has no access to people , documents , sites .",The woman is drinking lemonade and watching T.V.,0.55259573,"the international atomic energy agency has no access to people , documents , sites .",da0f9a1cceaf9afd3dc8b424c9b2208ef3b6db746480f91384f1b86322741239,19,0,The woman is drinking lemonade and watching T.V.,6c4a770b5d9d06956e3624955cf61b1ef2ec5e0f772f5207d4d70af504a0d332,13,0,0.55259585
143,search,A woman is falling off a horse,generate the optimal solution of these computed values,0.5536472,A woman is falling off a horse,3e85377ee982afecf6fedfb0d0f400dd149b26555d20ed55b7e314d162e2f356,8,0,generate the optimal solution of these computed values,f2769c2bf526800b7512aa0bd4ed63291559bd6f17b8efd7d91976b9cf58328a,9,0,0.5536473
149,search,The companies said Idec holders would own about 50.5 percent of the stock of the combined company.,A boy is eating a cupcake,0.55674136,The companies said Idec holders would own about 50.5 percent of the stock of the combined company.,a8bc102acaed5a5a5c7190e1bd8cbbefc038278b578b72cde91c3d154a6e8459,21,0,A boy is eating a cupcake,266b191642fefe7be3fc209e80a0f8005f9d95105cb0f4e2f584deca33065bca,7,0,0.55674136
152,test,staff writers brandon formby and colleen mccain nelson contributed to this report .,There are no people driving ATVs,0.5583039,staff writers brandon formby and colleen mccain nelson contributed to this report .,75678df41fc7de803087a43dde90217e5744b82f48e8cc520699b1934e6a0cd8,24,0,There are no people driving ATVs,5474167e39ef3edb0b6822c175abf85cb7b9213e482da31bd35c98f24b055b0b,8,0,0.5583036
154,search,"It was developed with consultation from more than 300 leaders in academia, industry, government and the public.",A woman is water skiing.,0.5593561,"It was developed with consultation from more than 300 leaders in academia, industry, government and the public.",ef976f2b7592e20ca34992114bb94a8dc3a83ba33a9f51d17d2616fd196a4954,20,0,A woman is water skiing.,08c35c4fac722e121e36492c293c26a9751233e65fed2adc2bcd0a584b1f7683,6,0,0.5593561
158,search,this means that inheritance is used when types have common factors and these would be put into the superclass .,There is no brown dog standing in the water,0.5614227,this means that inheritance is used when types have common factors and these would be put into the superclass .,a931b5a39ceb36a04d71fe04d4e742a0ecfa092db59ced2589d8f12e20457efc,22,0,There is no brown dog standing in the water,322d6641e41976d436a4ca6f4902a73a1f736bf9042da8f47214b4029e070b2c,9,0,0.5614228
160,test,the new zealand commerce commission had given westpac no indication whether it would have approved its deal .,a girl is jumping .,0.5624697,the new zealand commerce commission had given westpac no indication whether it would have approved its deal .,d68b24e5f4f36dd80f9fdafd6ba770a718091bd1e0bfd151b09b98d28a0c4391,23,0,a girl is jumping .,c9295234f1b4144810ca766bca3e8358e30f926dd9d4a9926109cecf9bbebf75,7,0,0.5624698
161,search,iran is an islamic republic .,A boy is eating a cupcake,0.5629925,iran is an islamic republic .,6bd0c6a5213fefc2eb18af718889771a8022023760b829ac692e45140f3c3fab,11,0,A boy is eating a cupcake,266b191642fefe7be3fc209e80a0f8005f9d95105cb0f4e2f584deca33065bca,7,0,0.5629925
163,test,warmed.c from the year prior .,There is no dog jumping at a shiny blue soccer ball in a field of dry leaves,0.5640355,warmed.c from the year prior .,12d2350b50156c1adc66a9746976b9e75dfa5b8657e089c9a339807d6c9b19ed,10,0,There is no dog jumping at a shiny blue soccer ball in a field of dry leaves,ba4ce295f4fa204a94a5b5e247c257fa857ddaa0e914efa6c633c7fe45d483a5,19,0,0.56403553
167,test,"ambient conditions of temperature , precipitation , windiness , and sunniness pertain at a certain place and time. further specification of the conditions that pertain may also be indicated .",There is no woman using a sewing machine,0.566111,"ambient conditions of temperature , precipitation , windiness , and sunniness pertain at a certain place and time. further specification of the conditions that pertain may also be indicated .",2cf57a8b85b694f6d5e72eaf267d07954fe00e5cf8796a30400ab6c64d336bdc,40,0,There is no woman using a sewing machine,e6b0ed131046de9085670584ce21fcadc3d7214f2023ae391a2ef18879390dfe,9,0,0.56611097
168,validation,a boy is playing guitar .,the health department spokesperson added the department is following centers for disease control protocol .,0.5666407,a boy is playing guitar .,9f68e621d50ae012d4eefeaff4ae226436859b3987b19f32fd570d07e34fb4c0,8,0,the health department spokesperson added the department is following centers for disease control protocol .,d4c86f5f517ba78b8ec89e885a0890c5811879fcd760fdc944c18cb3f975e068,16,0,0.56664073
169,search,The man is pouring some oil on the tomatoes,ukraine will not give ' an inch ' over crimea,0.56715435,The man is pouring some oil on the tomatoes,7a37762e0ca76575208c3c2b37cfc08c6b94d20fb78d17cfc0514f9a1828897a,10,0,ukraine will not give ' an inch ' over crimea,ac3f64d5b913f4825dfb60b54463f787a971562e220c3430946c6416a81e675c,16,0,0.5671544
171,search,: - <unk> hmv gone into bankruptcy equivalent ...,Two dogs are playing on a sandy beach,0.56819224,: - \ hmv gone into bankruptcy equivalent ...,b8e0e4f3e95ae90f32428f5746e80cf59843fde33e2344b038245373895d4846,16,0,Two dogs are playing on a sandy beach,10f6f3a731d5329ab9f1e52f3496589139e7c6f3b7597d3ac21ac015ad2f7eec,9,0,0.56679654
172,search,There is no person riding a jetski in the waves,"this frame contains transparent nouns ( and some adjectives ) denoting quantities of a mass or of individuals. as opposed to aggregate words such as group , set , these quantity do not have a status as wholes on their own. initially , at least , we annotate both quantity of masses and of individuals in this frame , though we may split the frame along these lines later on .",0.56870687,There is no person riding a jetski in the waves,a7c92dfa7f11bc59da0ad58ab47f78c6d952574f80020e1c65064edec4f63e51,12,0,"this frame contains transparent nouns ( and some adjectives ) denoting quantities of a mass or of individuals. as opposed to aggregate words such as group , set , these quantity do not have a status as wholes on their own. initially , at least , we annotate both quantity of masses and of individuals in this frame , though we may split the frame along these lines later on .",cb60ee12d672fe4aa0b614eeb2a7a61c82b87d07385f52fab364829358e1acf7,90,0,0.568707
175,search,<unk> ä<unk>glee <unk> äô star cory monteith found dead in hotel room,"i 've only made a couple of bbq sauces , but they 've always come out really well .",0.57027036,‚ äėglee ‚ äô star cory monteith found dead in hotel room,768d8d0d326bace6400ff635089034f89b6b9afd8010b2b0cfdc725975a480b4,24,0,"i 've only made a couple of bbq sauces , but they 've always come out really well .",cd33f3d4f395713a9acf2254fce1f71b339bc1fd73ef2ae77e3d75ca8e3876f7,31,0,0.5709905
177,search,"It was developed with consultation from more than 300 leaders in academia, industry, government and the public.",There is no man dressed in black wearing an elaborate black mask,0.57130677,"It was developed with consultation from more than 300 leaders in academia, industry, government and the public.",ef976f2b7592e20ca34992114bb94a8dc3a83ba33a9f51d17d2616fd196a4954,20,0,There is no man dressed in black wearing an elaborate black mask,3d4eba992d51588c5e853e2c4d75d9fdabbef9756f28e316e9f6fef48e045d81,12,0,0.5713068
181,validation,regulate or set the time of ( a clock ),There is no kitten drinking milk,0.57338876,regulate or set the time of ( a clock ),8a765c4f7a437a9f3199b54199e6950d2d535c5c86973137de0ee255e0069804,12,0,There is no kitten drinking milk,5865f289ba8d06c9d93bcb24770c728d6c31468edeb469f5a2855d42d3735796,6,0,0.5733886
182,validation,This answer is based on my experience teaching undergraduate math in the US.,A man is performing a trick on a bike,0.57391405,This answer is based on my experience teaching undergraduate math in the US.,02eefe7a2ab0de5b40d5eea17184f3a4d1d0eafd8cbdc50674898a463274b370,15,0,A man is performing a trick on a bike,745e8ebd4c5d6886f0f58ea702c982484420d920694ae67b79b51ccaee9c5315,11,0,0.5739143
183,validation,he also reaffirmed his wish to resolve the north korean nuclear crisis peacefully .,There is no kitten drinking milk,0.57443094,he also reaffirmed his wish to resolve the north korean nuclear crisis peacefully .,096c8e665b4264c552edb1b9a1efe3322b7a14055bf47e8f5e41188d78a77849,22,0,There is no kitten drinking milk,5865f289ba8d06c9d93bcb24770c728d6c31468edeb469f5a2855d42d3735796,6,0,0.5744308
185,search,There is no girl in pink twirling a ribbon,"the offer is also subject to goldman signing an agreement with drax 's senior banks , senior bond holders and hedging banks by sept . 30 , it said .",0.5754696,There is no girl in pink twirling a ribbon,7e1def45aaa09234ef42d43092f58d167fe848f5cfea6a8e02d8e8918de7036b,13,0,"the offer is also subject to goldman signing an agreement with drax 's senior banks , senior bond holders and hedging banks by sept . 30 , it said .",f47f809e8e704182b792fd2c0d8c508b3a4be89688d1f7d8403feda17a130160,41,0,0.5754696
187,validation,This answer is based on my experience teaching undergraduate math in the US.,A man is quickly chopping some mushrooms with a knife,0.5765076,This answer is based on my experience teaching undergraduate math in the US.,02eefe7a2ab0de5b40d5eea17184f3a4d1d0eafd8cbdc50674898a463274b370,15,0,A man is quickly chopping some mushrooms with a knife,d62f2116b177f56b631570e77c0fee0250e66979a2e08c55cc82eed1d5e01891,13,0,0.57650745
190,test,a man is sledding on an orange slide .,they would give the right to divorce the husbands who would have abandoned them ?,0.5780655,a man is sledding on an orange slide .,610a4576f6734a85c0ce88bcbdc729a3e6e714b9c4eb32272da01aa83def45ef,14,0,they would give the right to divorce the husbands who would have abandoned them ?,70d912a63cb47eb0f7238cdf5efbfb261482be88fc13b3be6c6d4c681e7b9095,17,0,0.5780655
192,test,A child is not playing slip and slide in the grass,serve as a reason or cause or justification of .,0.5791089,A child is not playing slip and slide in the grass,3f6a55550fd24f39b1b329cce2b8ce9d95572dda15f0f2c3206910eb35cf1c96,11,0,serve as a reason or cause or justification of .,5033ac81ed04c08605564e71948a891c3ce80f4914f09c2842f735e5f4a52a8f,13,0,0.579109
195,search,The little boy swung at the golf ball.,thai political protests paralyse more ministries,0.5806675,The little boy swung at the golf ball.,c57556bcae4a2f15829928eb1fbf27d6a2f85700a4ec6623d881d3960cafe6fc,12,0,thai political protests paralyse more ministries,95577a8b354f4d396d5900e4a7303c86e65ecc60c162eb71a78041db89e7e1f5,13,0,0.5806675
199,search,both components need to be in closed paths .,A boy is eating a cupcake,0.58274907,both components need to be in closed paths .,9b058a66f3a4eca204b5a829ce62681baf04815b1344c3ae585afcb6f1a52bd6,10,0,A boy is eating a cupcake,266b191642fefe7be3fc209e80a0f8005f9d95105cb0f4e2f584deca33065bca,7,0,0.582749
203,search,Two dogs are playing on a sandy beach,four women and two men sit at a long table in a restaurant .,0.5848283,Two dogs are playing on a sandy beach,10f6f3a731d5329ab9f1e52f3496589139e7c6f3b7597d3ac21ac015ad2f7eec,9,0,four women and two men sit at a long table in a restaurant .,165bbb51b45e82d2ee6e54538cb4f68f81bd50ad7cfb214e5d65a7f1ad85a8d2,17,0,0.58482826
204,search,Some guy sitting on a couch watching television.,ukraine will not give ' an inch ' over crimea,0.58534586,Some guy sitting on a couch watching television.,6af3ddfff2ac4e9212cd8a5e005a90869918f202e0cd4acc7a8fa0690a156e42,10,0,ukraine will not give ' an inch ' over crimea,ac3f64d5b913f4825dfb60b54463f787a971562e220c3430946c6416a81e675c,16,0,0.5853459
205,search,photos : fires across australia,The woman is drinking lemonade and watching T.V.,0.5858673,photos : fires across australia,2f70ea4925424275174982bcf2c7ca82fd89613e88696201b9d9ef4fc369e35f,7,0,The woman is drinking lemonade and watching T.V.,6c4a770b5d9d06956e3624955cf61b1ef2ec5e0f772f5207d4d70af504a0d332,13,0,0.5858673
206,validation,a woman stands in front of a building in the snow .,There is no kitten drinking milk,0.58638924,a woman stands in front of a building in the snow .,c17646b42389de1d52e47954575e19577bcf4231660c89df544570b46520065e,15,0,There is no kitten drinking milk,5865f289ba8d06c9d93bcb24770c728d6c31468edeb469f5a2855d42d3735796,6,0,0.58638924
211,search,A shirtless man is leading a horse that is pulling a carriage,"i 've only made a couple of bbq sauces , but they 've always come out really well .",0.58898884,A shirtless man is leading a horse that is pulling a carriage,ea0258d65023fa01fb6a47784817c7cf86f967a7f7c1aab177f923fef03ec461,15,0,"i 've only made a couple of bbq sauces , but they 've always come out really well .",cd33f3d4f395713a9acf2254fce1f71b339bc1fd73ef2ae77e3d75ca8e3876f7,31,0,0.588989
220,validation,"tenet has been under scrutiny since november , when former chief executive jeffrey barbakow said the company used aggressive pricing to trigger higher payments for the sickest medicare patients .",a dog standing on a beach with a ball nearby .,0.5936668,"tenet has been under scrutiny since november , when former chief executive jeffrey barbakow said the company used aggressive pricing to trigger higher payments for the sickest medicare patients .",12c5dd0536c0affbe0055f64f69b4e3f112039a8c74beacd1b45c4b69047b839,45,0,a dog standing on a beach with a ball nearby .,08d11e7c21f629ed1893cfa685e0070ddd409504eea770b4f1e72725e11bfb48,15,0,0.5936666
221,search,dealbook : british retailer hmv enters equivalent of bankruptcy,the black dog is running on the grass with a toy in it 's mouth .,0.59418696,dealbook : british retailer hmv enters equivalent of bankruptcy,7554ee7d004f1641b72818189d9d7944485133aabea7b8abfcc9ca020a1c0b50,18,0,the black dog is running on the grass with a toy in it 's mouth .,63c14c43926fc0670785f912d948cf074ad306556b57d4d4b7958d2c46a9fc7c,21,0,0.594187
222,validation,deadline passes with no new iran sanctions,( cause to ) become a powder or as dust .,0.5947069,deadline passes with no new iran sanctions,ab90f78daf2b85cced54f229421218995617f513074092fb365fe72d3146054b,9,0,( cause to ) become a powder or as dust .,0a55e221d41353d374b8b2cb51dfbe20d5859c08bcf300f95ed2c54c0a7bcbf0,14,0,0.5947069
223,test,“ : secret service dog falls to its death ” <unk> <unk>,i have the same situation and have traveled extensively .,0.5952277,“ : secret service dog falls to its death ” 😢 🐶,c307795ad9a8b73211379e7c3b50ed07676b8d19670e4989d7bfe0fc78eca4d7,16,0,i have the same situation and have traveled extensively .,a6864702864d89c1dc7efe81d64045fbe3cbaaeb0b43593e665e5b7bfb5c36a6,12,0,0.587592
226,search,sunday times journalist marie colvin killed in syria,a dog is riding a skateboard .,0.59678835,sunday times journalist marie colvin killed in syria,62a1ed512692903eff0d70c94cc5f2a49263adacb02dc736ed56fdc2b4d4c703,16,0,a dog is riding a skateboard .,f6344f8a5709c303d4dd43b1318aa642bcaadd70fa30354b5b6cfa0fb0d0429e,11,0,0.59678835
227,validation,two brown dogs runs through the water .,There is no man speaking on a podium,0.59730697,two brown dogs runs through the water .,f9ac2f3348b288dd6c39a1ca107f6ce0cc14e64abc6176ff57cc1d5e9fe5d911,9,0,There is no man speaking on a podium,cc8387dfee56b27759bd5f61bc3e080f0d563e11c6e6ce920033ddecc2435ce2,9,0,0.5973071
230,search,"under the agreement , medicare coverage for drug benefits would begin in 2006 .",There is no girl in pink twirling a ribbon,0.59886664,"under the agreement , medicare coverage for drug benefits would begin in 2006 .",509ae5b8477fba9a8190edd0e4506265589aa78553762fc4c07870f21dde6a79,17,0,There is no girl in pink twirling a ribbon,7e1def45aaa09234ef42d43092f58d167fe848f5cfea6a8e02d8e8918de7036b,13,0,0.5988666
231,validation,how can i repair a leaking shower ?,A man in a car is not pulling up beside a woman who is walking along a road,0.59938693,how can i repair a leaking shower ?,4dbe9a7c0675e96277578297b1a9e7efc0e7e07fac46cce6eeeb5825b086025f,12,0,A man in a car is not pulling up beside a woman who is walking along a road,18a9bb161427abe04f87bc556423acb8bf1015419148a55da49e5a735e46fc36,21,0,0.599387
232,search,a small white and brown dog is jumping over a horizontal pole .,the united states and other nato members have refused to ratify the amended version until russia withdraws troops from former soviet republics moldova and georgia .,0.59990674,a small white and brown dog is jumping over a horizontal pole .,21bff9a7afe9a771dddcbb459fe77174c70e920dcff3601c61e0379a5de0fe38,16,0,the united states and other nato members have refused to ratify the amended version until russia withdraws troops from former soviet republics moldova and georgia .,50235d40341deec8823f337bea76464b17f0bb0b3886a9cfae4f500c3e0c8ce2,41,0,0.59990686
234,search,if the other bulb is no longer contained in a closed path with the battery,a man is making a speech at the podium .,0.60094583,if the other bulb is no longer contained in a closed path with the battery,8841b6f1ecacf21f65cf7e266cf967dd0085fd1f63b238463e705a4a2abd4d4d,17,0,a man is making a speech at the podium .,2984f5e1f8b0f604a8f9a5f208cfe26ce9c386226ec8d656a6e7a815ec8adadd,13,0,0.6009459
236,test,two black dogs are playing in a grassy plain .,warmed.c from the year prior .,0.6019867,two black dogs are playing in a grassy plain .,0d488b99242a750196d20786572836fe6a530e0593bd59f423be1fd21f20e851,13,0,warmed.c from the year prior .,12d2350b50156c1adc66a9746976b9e75dfa5b8657e089c9a339807d6c9b19ed,10,0,0.60198677
237,validation,what more can i do to improve my credit score ?,A black dog fighting with a brown dog in the snow.,0.6025061,what more can i do to improve my credit score ?,9fe46807d406771257909d69a332d9e4eea72657ff6ffd614ef8beb2e39b7441,13,0,A black dog fighting with a brown dog in the snow.,d27267da4fed1e111c65030260b2c06c1bdca14eae88066097d79d1072acee0c,13,0,0.602506
240,search,a group of boys are playing soccer on the beach .,A hamster is eating some seeds.,0.6040648,a group of boys are playing soccer on the beach .,72a66e8ff41c5459ed549f37cb4b38fb0abd0b9be3519d2a8abf3d7746783c11,13,0,A hamster is eating some seeds.,f5aaafff02450abb729229e425a87df07647ed7988251e90c2b10e1017b53638,9,0,0.6040648
249,search,The little boy swung at the golf ball.,black and white cow standing near pile of snow .,0.60874504,The little boy swung at the golf ball.,c57556bcae4a2f15829928eb1fbf27d6a2f85700a4ec6623d881d3960cafe6fc,12,0,black and white cow standing near pile of snow .,b4d9bc2ab5b70dd706a902507aa7e156373e2dd96e4b9d87b28e5ae3589755d7,11,0,0.60874486
250,search,A baby elephant is not eating a small tree,djokovic : 3 aussie wins in a row,0.6092646,A baby elephant is not eating a small tree,7cdba18a745ce31b54a782cfa1109a8f67cc8fa83e33f7e2116ddf9fd727e16e,10,0,djokovic : 3 aussie wins in a row,cdb979e83456dbab91f0cdc4ab6e54b5aead4942f9742baad6e0e1d711123520,15,0,0.60926443
251,search,The companies said Idec holders would own about 50.5 percent of the stock of the combined company.,A man with a backwards hat is sitting on the ground,0.6097847,The companies said Idec holders would own about 50.5 percent of the stock of the combined company.,a8bc102acaed5a5a5c7190e1bd8cbbefc038278b578b72cde91c3d154a6e8459,21,0,A man with a backwards hat is sitting on the ground,783ef98670541baedab958893071c631995fca8deb77868665531857849c78e8,15,0,0.6097847
252,search,: - <unk> hmv gone into bankruptcy equivalent ...,it is safe to say that body posture plays a big role in all languages .,0.6103054,: - \ hmv gone into bankruptcy equivalent ...,b8e0e4f3e95ae90f32428f5746e80cf59843fde33e2344b038245373895d4846,16,0,it is safe to say that body posture plays a big role in all languages .,421339f41dfc63a5e8c990658169349de1d8dd4d719d35f84b044f72ffd0b6f2,18,0,0.60862404
256,search,afghan parliament votes to oust key ministers,a train sitting on the tracks near a field .,0.6123846,afghan parliament votes to oust key ministers,c317ecdd8b3003689aec81d9a0ae60c0790c808d6fa496303decfd0c1cac57e0,13,0,a train sitting on the tracks near a field .,e4687480e333aacad84985237036bc02fcf6e071808cbe687cbddb2110ae05d5,13,0,0.6123846
259,test,cause to be in brief contact with .,The girl is trotting on the horse,0.61394477,cause to be in brief contact with .,0e98c79839fa77228356b76b8187809d9fc90fea5ff4bee43969b06a6184c5ce,9,0,The girl is trotting on the horse,aeb3e060c011416bd39fa3b6d56861b224a998c013e2659c80af898402e3afd0,8,0,0.6139449
263,search,a mostly black train on a track .,this further aggravated the situation .,0.61602426,a mostly black train on a track .,283e24e33f814bc5c831493fc51e141e622d31426caeb99b9720e220a9e97cba,11,0,this further aggravated the situation .,c4e11f158f79d2780aabd0eb41884344f99c4f0808d3cbb0ee6a9ade6f89bc63,9,0,0.6160242
264,validation,jordan elected to take saudi seat on un security council,four black dogs run across the grass .,0.61654407,jordan elected to take saudi seat on un security council,9be9fcbf1f393d1816cb6318c8947f626f4cdd612f5de5c15c34c6af92f2aafd,14,0,four black dogs run across the grass .,bc9f0e4795ccabfaa38fb2536a945e184b8484e1d3f386dec9fc7ecc171eed09,9,0,0.616544
265,validation,a man in a black leather jacket is sleeping in a subway car .,A woman is dancing near a fireplace,0.61706406,a man in a black leather jacket is sleeping in a subway car .,a23431de27f73ec6ea5009371c40a196de83f29fb48d9ef641004ffc6be72d4f,18,0,A woman is dancing near a fireplace,a564789fbe4ed3d97a77059f4833bf74117ff9507265f3f2e6ad99304ce1441a,8,0,0.61706406
269,search,this further aggravated the situation .,the man is going into the water .,0.6191435,this further aggravated the situation .,c4e11f158f79d2780aabd0eb41884344f99c4f0808d3cbb0ee6a9ade6f89bc63,9,0,the man is going into the water .,bb0d69ecca4bff39a169b7b953a385504d671b5dd4ab817695e19791e11af5aa,9,0,0.6191435
271,test,A boy and a girl are playing on the outdoor gym,A man wearing black formal wear & a black top hat is riding a white show horse.,0.6201837,A boy and a girl are playing on the outdoor gym,dc1b222c5db08bbd58db1661490ef1c5b0abd5d1046701f4ad26fd87eacacc3d,12,0,A man wearing black formal wear & a black top hat is riding a white show horse.,b6aace0666ee7322efb08abba241b2a6a359596bb6e1dc4236d4e251575086e9,22,0,0.6201838
279,search,Some women are sitting together near woven walls,a man is playing the cello .,0.62434334,Some women are sitting together near woven walls,449eac35b438c64da6198019ee504d7f2ed6c988247384cd74251591432207cf,9,0,a man is playing the cello .,bb1ce9b47c94c2c78e51b18a3dfe2ded90bb6e5b3755d9d029da37222d3c961f,10,0,0.6243433
282,search,A woman is standing and isn't looking at the waterfall,"the men had pakistani passports and reportedly were seen together at the airport earlier in the evening , law enforcement sources said .",0.6259032,A woman is standing and isn't looking at the waterfall,fa4cd29c654aeebe4752f4dc87fae845f55bcc250f69bd84c1d0f6b50939464e,13,0,"the men had pakistani passports and reportedly were seen together at the airport earlier in the evening , law enforcement sources said .",b149d6bbf727012c660b42f153b5ce2d0fb1d2a0a33537ea92420083e970a9fb,30,0,0.6259031
284,search,A baby elephant is not eating a small tree,"nicaragua , venezuela offer asylum to snowden",0.6269426,A baby elephant is not eating a small tree,7cdba18a745ce31b54a782cfa1109a8f67cc8fa83e33f7e2116ddf9fd727e16e,10,0,"nicaragua , venezuela offer asylum to snowden",4da7d5ba84da2d6482b2aeef2b16359e271deca8235e559360eec6ab5b1b5554,17,0,0.6269425
287,search,a das air cargo plane sits on the runway .,The woman is drinking lemonade and watching T.V.,0.62850237,a das air cargo plane sits on the runway .,69820a65e21337e65743991db29d108ab71a939fcde1c66927494c380e57ccd1,13,0,The woman is drinking lemonade and watching T.V.,6c4a770b5d9d06956e3624955cf61b1ef2ec5e0f772f5207d4d70af504a0d332,13,0,0.62850237
288,search,"the u.s. , other western nations and nato condemned the violence .",A girl is not playing the guitar,0.6290224,"the u.s. , other western nations and nato condemned the violence .",31bf27c92483700627d32d78fd3042d7e7e19b5418795b71509b4ebdba68532f,21,0,A girl is not playing the guitar,921c76b68fbf40615e1564616f22367397d7fb8997330d3b3d58d98042563e40,7,0,0.62902236
289,search,afghan parliament votes to oust key ministers,parent is defined as a point of origin . i 'm not done being the best parent i can be for ben . not by a very long measure,0.62954247,afghan parliament votes to oust key ministers,c317ecdd8b3003689aec81d9a0ae60c0790c808d6fa496303decfd0c1cac57e0,13,0,parent is defined as a point of origin . i 'm not done being the best parent i can be for ben . not by a very long measure,523957ed593149cc54eaa57f9a665b6b98648ef64e74d30c7ab1af8f18069941,38,0,0.62954235
293,search,"It was developed with consultation from more than 300 leaders in academia, industry, government and the public.","i don 't know how legitimate this is , but i heard he 's kind of suicidal .",0.6316221,"It was developed with consultation from more than 300 leaders in academia, industry, government and the public.",ef976f2b7592e20ca34992114bb94a8dc3a83ba33a9f51d17d2616fd196a4954,20,0,"i don 't know how legitimate this is , but i heard he 's kind of suicidal .",ed398547b3d85dbf63f2c723b1e87e155ef969c97df7b1ac43b38e45ddf3c901,30,0,0.63162225
301,search,A lemur is eating,"abide by : act in accordance with rules , commands , or wishes .",0.6357815,A lemur is eating,e709fdf3358228a706812cb87f82fe3683a8b2b3f9834b1262059ab6e3e3387a,5,0,"abide by : act in accordance with rules , commands , or wishes .",6cba4d1e94a613476316d8d57f2c7f8cde69fbd8956a6e44f76e1e69918a8dd3,20,0,0.63578165
302,search,( parliament adopted the legislative resolution ),A cat is not crawling under a piece of furniture,0.6363016,( parliament adopted the legislative resolution ),c2504ec3995a953fd2cbc4d0125676c077b7cb359c66f386b0da79ed36ad788f,8,0,A cat is not crawling under a piece of furniture,6d98f5472374771dbbe4096c91030219fc471363bd7c28d38b4e761ce379245d,12,0,0.6363016
303,test,"you might not like obamas views , but he has them .",twelve killed as gunmen raid village,0.6368216,"you might not like obamas views , but he has them .",85471e5b2c74ad2d0ecc344029a1851f58089057a4d1b7763d92e626b26073c0,19,0,twelve killed as gunmen raid village,0e34ba6b1d8382831ebcf493a96d87bebccda2fb8751ce8b06987a5cc7308195,7,0,0.63682145
304,test,A boy and a girl are playing on the outdoor gym,"his 1996 chevrolet tahoe was found abandoned in a virginia beach , va . , parking lot june 25 .",0.63734156,A boy and a girl are playing on the outdoor gym,dc1b222c5db08bbd58db1661490ef1c5b0abd5d1046701f4ad26fd87eacacc3d,12,0,"his 1996 chevrolet tahoe was found abandoned in a virginia beach , va . , parking lot june 25 .",4f966daf64b494b011453347e92b8d36a40554538116178edeb80d2478c823a9,38,0,0.6373415
305,search,guatemala 's former leader found guilty of genocide,dining room with wooden dining table set with playmates .,0.6378615,guatemala 's former leader found guilty of genocide,3d167e75e9c7ef556894b24470d3eff77f05dbfa0203bd59dfed35b2cdf1ce4b,16,0,dining room with wooden dining table set with playmates .,0be5f8de1a2df4a38464284ef8dc9b782d78d045ad9312bd3e46c7cb41d0e4c5,12,0,0.6378613
306,test,fire at south korean bus terminal kills 5,two black dogs are playing in a grassy plain .,0.6383813,fire at south korean bus terminal kills 5,1770d9e3065d4613ca96a0254cf24e452e812d7f3749a097810b19058a4886b2,12,0,two black dogs are playing in a grassy plain .,0d488b99242a750196d20786572836fe6a530e0593bd59f423be1fd21f20e851,13,0,0.63838136
307,search,The boy is not playing the piano,press releases : yemeni presidential election,0.6389012,The boy is not playing the piano,2d0339d1b0c652bfdd6efc238ca240e69fece090e3cf23f94a833ab2110f5b75,7,0,press releases : yemeni presidential election,f87081e346aad7d80bb94b17fa8a7416841b2e919981541e77f53171e93d0455,11,0,0.6389011
309,search,idolize / show devotion to,dealbook : british retailer hmv enters equivalent of bankruptcy,0.6399411,idolize / show devotion to,d4d0fb204f045bf8f08a4b5d504498af8e0e8f8fd19cb3e2e3d81afb041f90ca,7,0,dealbook : british retailer hmv enters equivalent of bankruptcy,7554ee7d004f1641b72818189d9d7944485133aabea7b8abfcc9ca020a1c0b50,18,0,0.6399411
310,validation,the best thing you can do is to know your stuff .,A magician is cutting a girl into two pieces like butter,0.64046115,the best thing you can do is to know your stuff .,ff039a9c2b4b8b4c919f34fc71a36e07fa6221147a7d90a7fb2bac05648cb921,13,0,A magician is cutting a girl into two pieces like butter,b277b9f480506878bca1486c1f6f2e709d7c7bb25e095df0de523c8ffe09cb33,12,0,0.6404609
313,search,An animal is being ridden by a woman,"impose , involve , or imply as a necessary accompaniment or result .",0.6420209,An animal is being ridden by a woman,d1d24e02c73a1a67641d65bc350c866ef27e370ecca11721bd02c0f2e86b3963,10,0,"impose , involve , or imply as a necessary accompaniment or result .",b7b8ffd43d87b89a0251c300085ef25775b0c9bde7116fa574f97f3b27d3a1ae,19,0,0.6420207
316,test,Three men are sitting on a mountainside and looking at the view with a pair of binoculars,they would give the right to divorce the husbands who would have abandoned them ?,0.6435806,Three men are sitting on a mountainside and looking at the view with a pair of binoculars,51e2a4f20952823095feda5cae1d75cde619f50077f9b05cce3d57cd979865d0,23,0,they would give the right to divorce the husbands who would have abandoned them ?,70d912a63cb47eb0f7238cdf5efbfb261482be88fc13b3be6c6d4c681e7b9095,17,0,0.6435806
317,search,"about 22 % of twentysomethings are obese , which is roughly 30 pounds over a healthy weight .","change the key of , in music .",0.6441007,"about 22 % of twentysomethings are obese , which is roughly 30 pounds over a healthy weight .",2e423eca8f84d88d5f8058e296a9c01a210b5b6f906f5715aa76a01864424258,24,0,"change the key of , in music .",256c7840743621eb450af7326c685e68f0c57fda819afdcf0e395b7f32a4561e,10,0,0.6441006
323,test,A young man deep in thought.,Two men are playing table tennis,0.6472201,A young man deep in thought.,9884e935592c68bd5081947fc3c0443804af925e42be396b3c47f38f04e7755d,7,0,Two men are playing table tennis,7a3251ea2f5a667834a51913fb5697d8b7827e36adccafcbab131735a7537631,6,0,0.64722
325,test,a skier stands on his hands in the snow in front of a movie camera .,about 31 percent of americans are now obese — roughly 30 or more pounds over a healthy weight .,0.6482603,a skier stands on his hands in the snow in front of a movie camera .,7e69254ed81a3a7c48d179144b74e7abeb2eecfa14dac82dad0c41422b890770,20,0,about 31 percent of americans are now obese — roughly 30 or more pounds over a healthy weight .,a8a21629afefefeb819ac8c9c8c2a632968cc8e43723b871ab06c997d8641341,23,0,0.64826024
329,search,"i don 't know how legitimate this is , but i heard he 's kind of suicidal .",a black and white cat lying on a blanket .,0.65033984,"i don 't know how legitimate this is , but i heard he 's kind of suicidal .",ed398547b3d85dbf63f2c723b1e87e155ef969c97df7b1ac43b38e45ddf3c901,30,0,a black and white cat lying on a blanket .,a28bf6f0b5b7219eb3305613fe47191e99be84e4eeca0d57b69f901f9f87248f,13,0,0.65033996
330,search,south african icon nelson mandela hospitalized,The girl isn't jumping onto the car recklessly,0.65085965,south african icon nelson mandela hospitalized,1cc1ca73b17eb5156b307df04c67f24481e2f17038a741bac10e246d981e0520,13,0,The girl isn't jumping onto the car recklessly,f44ac3e395438a4f2efbeea5fcff80e1c4db89ad5c2b0c640a8fff24afcce65f,12,0,0.65085983
331,search,The bride and the groom are arriving after the wedding,a black and white cat lying on a blanket .,0.6513797,The bride and the groom are arriving after the wedding,57a6c1c0b0beb0149817a1fd85969ed67f4250278445926136c126248d387038,10,0,a black and white cat lying on a blanket .,a28bf6f0b5b7219eb3305613fe47191e99be84e4eeca0d57b69f901f9f87248f,13,0,0.65137976
332,search,a man and his bicycle laying down on the green grass .,"A girl in water, with goggles and swimming cap.",0.6518991,a man and his bicycle laying down on the green grass .,3511a2e367073c1150b3d59182e4b21bf7452c677b2f2f454a635cd6bd82d9c3,15,0,"A girl in water, with goggles and swimming cap.",95b739e5c335cd2c9e20f1d8c240641128c8b74a85152fdd6acd6d0760076b14,13,0,0.651899
334,search,( medicine ) the capacity of an organism to defend against disease .,"The dollar fell as low as $1.1624 per euro from $1.1486 on Friday, and traded at $1.1594 at 10:15 a.m. in London.",0.6529392,( medicine ) the capacity of an organism to defend against disease .,cd3e878086cf8cb2ff201dc407013040c6515e1ff7067617e0fa8f08dcb55005,15,0,"The dollar fell as low as $1.1624 per euro from $1.1486 on Friday, and traded at $1.1594 at 10:15 a.m. in London.",38fcf626e358951556db9e3c3fbbdc2e45f05285a4ded378171861e49539fe2f,39,0,0.6529394
336,search,knox county health department is following national centers for disease control and prevention protocol to contain infection .,A person is stirring vegetables in a pot.,0.6539792,knox county health department is following national centers for disease control and prevention protocol to contain infection .,51d17beef57195baefd67052f8bb3c04feeb6809dbb8aee06d7cecad9541a1de,21,0,A person is stirring vegetables in a pot.,d99ca3543f66f779ed3f9ab03b12096f660945ff9d16f1eb2e45c87a26c3fabe,10,0,0.6539792
339,validation,french jets strike deep inside islamist-held mali,"write as if with print , not in cursive",0.65553916,french jets strike deep inside islamist-held mali,78c7a9b6ede13cc12182ebd7b326caaa86d9f35a2b0900cf7a6e9310d7e2e830,13,0,"write as if with print , not in cursive",a637b603daebf7a5181dc8f1e1083e06d335d37600b2c7c131f6d9242ff7a151,12,0,0.65553916
342,search,"talk or behave amorously , without serious intentions .",your top 10 flu questions answered,0.65709895,"talk or behave amorously , without serious intentions .",76aa9278ffd50ca9b5b0cc3ebdf3a5785129471489c69c4fc2eec4ff6e75efde,13,0,your top 10 flu questions answered,04213ed15da91a7124a4da9c5b2a814f006b5b7e68c430fa568319bc1882f553,6,0,0.6570988
346,search,"WorldCom's accounting problems came to light early last year, and the company filed for bankruptcy in July 2002, citing massive accounting irregularities.","nicaragua , venezuela offer asylum to snowden",0.65917885,"WorldCom's accounting problems came to light early last year, and the company filed for bankruptcy in July 2002, citing massive accounting irregularities.",b65b449b3d9cf29864beb370264e92c5e6ccb2c22adf249e8230cc9cc2c410f0,30,0,"nicaragua , venezuela offer asylum to snowden",4da7d5ba84da2d6482b2aeef2b16359e271deca8235e559360eec6ab5b1b5554,17,0,0.659179
352,search,create an electrical short in something .,the united states and other nato members have refused to ratify the amended version until russia withdraws troops from former soviet republics moldova and georgia .,0.6622983,create an electrical short in something .,e374c168d4f26dc1441212b95f968c681e4063e1ae177b2622f06060eb8a86df,8,0,the united states and other nato members have refused to ratify the amended version until russia withdraws troops from former soviet republics moldova and georgia .,50235d40341deec8823f337bea76464b17f0bb0b3886a9cfae4f500c3e0c8ce2,41,0,0.6622982
354,search,female film directors slowly gain ground,The bride and the groom are arriving after the wedding,0.6633382,female film directors slowly gain ground,61096ab36d6caab8743a11efb82329fcd464f649b48100b9a684f1cdbfad28e4,6,0,The bride and the groom are arriving after the wedding,57a6c1c0b0beb0149817a1fd85969ed67f4250278445926136c126248d387038,10,0,0.66333807
360,search,south african icon nelson mandela hospitalized,A dog is missing the ball in mid air,0.66645813,south african icon nelson mandela hospitalized,1cc1ca73b17eb5156b307df04c67f24481e2f17038a741bac10e246d981e0520,13,0,A dog is missing the ball in mid air,1c53b6795e0f7b29d6b26f32af2c46b2670949667153f98800ac0e88ccceab28,9,0,0.6664579
361,validation,bulb c and switch z are in the same closed path,state or say further ;,0.6669776,bulb c and switch z are in the same closed path,4a6a4e532f62ec7237ca2b2b24d64d3a4e2c3882a6cd8d85e900939b39048d2c,13,0,state or say further ;,8dd90ba58912cde36d55a784726a542e102cda2bba4078b824c2fc47fd58db39,6,0,0.66697735
365,validation,A dog is biting a can,fast-food workers strike for higher pay,0.66905755,A dog is biting a can,a8e80ea9af29cc8c93d735b62df6f08474b9be69be8ff3bd1cd9c1dce5f403c2,8,0,fast-food workers strike for higher pay,8db07292be173eaf819e0a50533b7c6421983b5961f5fc9bb073a0a6a67bc061,8,0,0.66905767
369,test,black dog chasing brown dog through snow,cause to move with a flick or as if with a flick,0.67113674,black dog chasing brown dog through snow,2a1b4d3632bd0ec77d46890569c86d586f4dead142e8276bf413e2aca876cad7,8,0,cause to move with a flick or as if with a flick,a2efb3f418157580966ed3f51441631f42e6129e1dc849e3886f492864701513,15,0,0.67113686
373,search,a visit to libya by the russian foreign minister was announced .,A large dog walks along a gravel path in the woods.,0.6732168,a visit to libya by the russian foreign minister was announced .,c2f61848c1d6e26342c1d93f146cbdbdba8d41a13acc1764dde30495430d1256,19,0,A large dog walks along a gravel path in the woods.,ee10ce62337d8c5149c5461be7f6d554fdaef5625af83fb1a37ad3da99575e4b,14,0,0.6732167
374,search,it has the effect of augmenting the potency of the big countries to the detriment of babies .,pussy riot verdict greeted with defiance,0.6737368,it has the effect of augmenting the potency of the big countries to the detriment of babies .,00c169af5b1c7d043d01f1f816236558810cd666dc040ad84c693a658023521a,23,0,pussy riot verdict greeted with defiance,41ce253777209895b689b16293887113fbac20d7097458d5bb575deee9743522,12,0,0.6737367
378,search,The man in a grey t-shirt is sitting on a rock in front of the waterfall,"Taylor's aides warn an abrupt departure could trigger more chaos, a view shared by many in Liberia and, in private, even by mediators.",0.67581624,The man in a grey t-shirt is sitting on a rock in front of the waterfall,6c35967a83869467d43c321593ea90e97c074986ee374f8be5220bf16e839c5e,21,0,"Taylor's aides warn an abrupt departure could trigger more chaos, a view shared by many in Liberia and, in private, even by mediators.",3a44bdf6e2e905da4c1af5cb68d324bd40d45a0f067bd13dea58bb043b8fd5aa,35,0,0.6758161
387,test,fire at south korean bus terminal kills 5,home office space with bright green walls and artwork .,0.6804957,fire at south korean bus terminal kills 5,1770d9e3065d4613ca96a0254cf24e452e812d7f3749a097810b19058a4886b2,12,0,home office space with bright green walls and artwork .,5efc2964eb60efafb6c8340bbca79c4d2f41b4f454138f9aca129fc025d54aeb,11,0,0.6804956
390,search,if the other bulb is no longer contained in a closed path with the battery,"that said , i would caution against the attempted use of proof by anecdote here to prove the effectiveness and validity of the concealed carry laws .",0.6820556,if the other bulb is no longer contained in a closed path with the battery,8841b6f1ecacf21f65cf7e266cf967dd0085fd1f63b238463e705a4a2abd4d4d,17,0,"that said , i would caution against the attempted use of proof by anecdote here to prove the effectiveness and validity of the concealed carry laws .",0790e08ad2f5c8ee7c1183f6d19d859314d1859715fcd931bd1be7b06dcf2ed2,36,0,0.68205535
392,search,"over 50 , and under no illusions over 50 ? invent yourself everyday !",young redheaded man holding two bicycles near beach .,0.6830956,"over 50 , and under no illusions over 50 ? invent yourself everyday !",b1b30f52c861fb1b11a80304feed791c675284cac064bcc0b215779e3b451fff,19,0,young redheaded man holding two bicycles near beach .,04ffdaa937255932ba92b733ce09ec73db358c9dc0f2dd6ada6e133aaeed495a,12,0,0.6830957
393,validation,"north american markets grabbed early gains monday morning , as earnings season begins to slow and economic indicators take the spotlight .",the texas congressional delegation now is 17-15 democratic .,0.68361545,"north american markets grabbed early gains monday morning , as earnings season begins to slow and economic indicators take the spotlight .",429f663593c215b113603e5a1bc1d215a29824250b2de71a650d8ea6700d66b7,26,0,the texas congressional delegation now is 17-15 democratic .,c6112a90baccb27ed93576bf913385d94304dca92b0c4ac3fc33860b96b2d279,14,0,0.6836152
395,search,gap between 3 and positive battery,a domestic animal stands in a pen .,0.68465525,gap between 3 and positive battery,ed89944f789cb49dd4ad678becd382af0e17eac87344278634dd2ed4863a478e,6,0,a domestic animal stands in a pen .,902ce7f80ad731a0956c2d4cdeb95e327b4e1f508112798855d066fb059cdb9f,11,0,0.6846551
396,search,"Emory Lane, 16650-Patsy C. Herold to Julia Hernandez, $459,900. Hornbeam Dr., 4712-Clinton D. and Shenita Y. White to Stephen J. Tapparo and Luz M. Redondo, $685,000. Morgal St., 4410-Jeremy A. Schiffer and Rachel Werner to Daniel F. Rogers and Jennifer L. Gordon, $470,000. AD Veirs Mill Rd., 12732, No. 1-101-Steven W. Watts and estate of Bradley Nolan Watts to Janys A. Cabrera Diaz, $190,000. BETHESDA AREA Alta Vista Rd., 5511-Ihor G. and Catherine Murashchyk to Marco and Carolyn Macchiavelli, $707,500. AD Arrowood Rd., 7205-MSM Design Build Corp. to David Arash and Beth Jav",police stated that-- chung has been on the run .,0.6851752,"Emory Lane, 16650-Patsy C. Herold to Julia Hernandez, $459,900. Hornbeam Dr., 4712-Clinton D. and Shenita Y. White to Stephen J. Tapparo and Luz M. Redondo, $685,000. Morgal St., 4410-Jeremy A. Schiffer and Rachel Werner to Daniel F. Rogers and Jennifer L. Gordon, $470,000. AD Veirs Mill Rd., 12732, No. 1-101-Steven W. Watts and estate of Bradley Nolan Watts to Janys A. Cabrera Diaz, $190,000. BETHESDA AREA Alta Vista Rd., 5511-Ihor G. and Catherine Murashchyk to Marco and Carolyn Macchiavelli, $707,500. AD Arrowood Rd., 7205-MSM Design Build Corp. to David Arash and Beth Javdan, $5.97 million. Bells Mill Rd., 6400-Ivan S. Dimitrov and James Norris Platt to Molly A. Herrera and Juan C. Herrera Trejo, $656,000. Brixton Lane, 9903-Jeffrey M. and Sheryl E. Prieto to Gabriel I. Parra and Natalia Gudino, $745,000. Burdette Rd., 8300, No. 502-Donna G. Smith and estate of Charles H. Goldberg to Kenneth H., Francine and Richard Shure, $680,000. AD Buttermere Lane, 6707-Irma Lee Westrell to Peter Glaser, $630,000. Exeter Rd., 7515-Barry L. and Sigrun F. Haase to Carlton Ervin, $3.5 million. Harling Lane, 4517-Anthony B. and Frank Crisafulli to Carlyle P. Thorsen, $889,000. Inglemere Dr., 9819-Masha Kruskal to Earle and Cynthia Ingalls, $830,000. Maple Ave., 4600-Richard Allen Lingle to Nathan K. Redmann and Bianca Elizabeth Bersani, $1.2 million. AD McLean Dr., 5605-Mid-Atlantic Custom Builders Corp. to Edward and Lerna Chaglassian, $2.33 million. Millwood Rd., 7208-Richard Coghlan and Sang Me Lee to Roman and Katja Elisabeth Heini, $2.65 million. Pelham Rd., 8507-George L. Richardson and Beatriz M. Romero Junquera to Huanhuan Deng and Bing Qi, $1.48 million. AD Rannoch Rd., 6800-John L. Stodola to Katherine E. Pappas and Craig D. Goldstein, $1.3 million. Sentinel Dr., 4970, No. 11-204-Kerry Lynn Edwards to Rae B. Wine, $564,000. Still Spring Ct., 8300-Eric Paul Hanson and Celia Noemi Cruz to Daniel P. Simon and Lisa Marie Yanni, $925,000. Vendome Dr., 9232-John D. Gordon and H. Allison Smith to Brian S. Gold, $1.44 million. Walton Rd., 5816-Natalie A. Albina to Stephen T. Power and Claudia A. Laguzzi, $1.58 million. Whitley Park Terr., 5450, No. 305-Cheryl L. Maltz and estate of Adrienne K. Maltz to Mohanlal, Panna and Dipti Mistry, $389,250. AD Winterberry Ct., 5-Guillermo Jose Aviles Mendoza and Juliana Kruse De Andrade Maia to Maria L. Bruno Ruiz and Daniel F.B. Ruiz, $852,500. AD BOYDS AREA Conrad Spring Rd., 15432-Rosemarie Borisow to James P. and Natacha C. Walsh, $765,000. Shiloh Church Rd., 23210-Joe D. and Mary V. Pace to Sam and Rima Abuobaid, $925,000. BROOKEVILLE AREA Briars Rd., 3422-Mark B. and Gail A. Gunod Green to Maura Burns and James Landers Sullivan, $519,500. Honeystone Way, 2302-Peter and Christina Donath to Vincent and Nicole T. Walker, $725,000. Saint George Way, 2515-Laura Kane and estate of Richard V. Fazio to Michael and Yelena C. Roshal, $727,000. BURTONSVILLE AREA Aldora Cir., 14119-Gary W. and Wendy Ann Whichard to Emmerson Nelson, $285,000. Bentley Park Dr., 14517-Daniel and Laura Davis to Tariq Shahzad and Humera Tariq, $660,000. AD AD Regalwood Terr., 4313-Gordon H. Fry to Nina M. Keach and Lou Deutschman, $300,000. Sorrento Ct., 14502-Tokozile and Rodwell Dlodlo to Akossiwa E. Atohoun, $290,000. CALVERTON-COLESVILLE AREA English Turn Dr., 13015-Itea Investments Corp. to Meseret Ibsa, $750,000. Lillian Lane, 111-Carol Delaney and Patrick J. Doyle to Mamoon Osman Hassan Saeed, $470,000. Peaceful Lane, 1415-Reginald L. Penny to Antoine D. Poole II and Marielys Montero, $435,000. Staley Manor Dr., 1743-Sarah M. Pevey to Harris Iqbal and Victoria Audrey Prevette, $310,000. Woodlake Dr., 3552, No. 19-Tara M. Royster to Titilayo O. Adigun, $365,000. CHEVY CHASE AREA Clifford Ave., 8804-Nancy B. and Condit N. Eddy to Patricia M. Diaz and Marcelino N. Andrade, $730,000. AD Falstone Ave., 4723-Brandon H. and Anna J. Lee to Helene Safire, $1.25 million. AD Inverness Dr., 3601-David J. Chorzempa to Brian P. and Cathleen D. Ciampa, $1.2 million. Levelle Dr., 9211-Steven D. and Kimberley C. Pearson to Rebecca S. and Daniel L. Weaver, $1.31 million. Wisconsin Ave., 5600, No. 1407-Terry Holtzman and estate of Mary Holtzman to Joseph E. Schwartz and Anne Weiss, $1.32 million. Wyndale Lane, 7404-Joy M. Leong to Robert A. Vricella, $975,000. CLARKSBURG AREA Basswood Hill Dr., 23114-Sun Kyung Yu to Mouhamed and Fatou Dioum, $430,400. Ebenezer Chapel Dr., 13070-Third Try Corp. to Manoj Maheshwari and Nitu Pasari, $515,000. Pond Pine Dr., 12109-Rui P. and Jessica Torres to Yong Guo and Shangwei Liu, $435,000. AD Winding Woods Way, 22002-Clarksburg Village Corp. to Jeffrey Glenn and Venita Yvette Scott, $601,395. CLOVERLY-EDNOR AREA Cantrell Rd., 14400-Musawwir A. and Tasnuva Khan to Luis M. and Edgar C. Loayas Aguilar, $550,000. AD Redgate Ct., 2-Roger M. Brown and Karen Jayne Doswell to Deborah Y. Clark, $706,000. DAMASCUS AREA Biscayne Lane, 9904-Lawrence and Lindsay Haley to Jason and Amanda Oakes, $395,000. Canvasback Way, 9958-Jessica M. McLaughlin and Mark R. Nettling to Yamila Medina, $249,000. Middleboro Dr., 10812-Susan M. Hensley to Junmin and Xiaoxiang Zhang, $550,000. Valley Park Terr., 25732, No. H-2-Jesus Arturo Parrau and Nicole Jennifer Hartwick to Caitlin Ann Caffrey, $259,000. AD DERWOOD AREA Cliffbourne Lane, 17817-Estate of Joan B. Carpenter to Kyle M. and Lynn E. Erickson, $515,000. Granby Rd., 6108-Florence M. Hallman and Patricia L. Boyer to Sonia Mundle Smith, $685,000. Nutwood Ct., 7609-Alan J. Diamond and Carol Janus to Laddawan Thirachawalit, $375,000. Wheat Fall Dr., 17521-John C. Vergelli and estate of Kathleen Ann Vergelli to Luis F. Retana and Betsy N. Lopez, $450,000. AD FOUR CORNERS-BURNT MILLS AREA Brewster Ct., 314-Andrew J. and Kristin A. Schrader to Cheryl Ann Hurwitz, $653,000. Dryden St., 1107-Laurie A. Yengo to Jodi Ilene Charles, $500,000. Glenwild Rd., 10615-Arceli Bacsinila to Ashley Nicole Macon and Shauna Natasha Davis, $482,500. Lowander Lane, 813-U.S. Bank and Legacy Mortgage Asset Trust to Yonas Nigatu Gurach, $440,000. Saybrook Ave., 9308-Laverne H. Havelka to Deanna L. Wright, $504,000. Sutherland Rd., 10003-Jared E. and Jennifer L. Gigliotti to Robert H. and Ashley S. Burch, $615,000. GAITHERSBURG AREA Barn Swallow Terr., 18728-Matthew and Shanna Bahen to James Michael Whalen, $276,000. Fertile Meadow Ct., 18023-Rajeev and Gunjan Jain to Maryonne A.C. Snow Smith, $350,000. Grosbeak Terr., 18632-Brian Williams to Dalicia Ashley Eschoe, $295,000. Hummingbird Terr., 9235-JLG Investments Corp. to Marc D. and Brandon Riley Goldstein, $325,000. AD Lindstrom Ct., 17615-Alan R. and Jan Briddell Stevens to Jaime Romeo Valiente Gallegos and Ruth Fransoli Valiente, $325,000. Pearlbush Dr., 7900, No. 302-Edward J. Maynes to Christine R. Kim and Ricky M. Zatz, $129,999. Tulip Dr., 110-Ashley J. White and Christopher A. Sibrizzi to Aaron K. and Anna K. Serrano, $400,000. GAITHERSBURG-NORTH POTOMAC AREA Apple Blossom Way, 112-Wen I. Wear and Jack Pai Young Liu to Kannan Chinnasamy and Harita Kannan, $610,000. Boat House Ct., 14-Qisheng Li and Jinwen Chen to Dun Liang and Sutan Wu, $771,000. Chestertown St., 122-Scott V. and Sharon L. Nystrom to Andrew and Jaclyn Nicoletta, $882,500. Clover Knoll Rd., 11925-Inge J. Caldwell to Eric Endicott and Heather Leeper, $515,000. Curry Ford Lane, 208-Suntrust Bank to Francis Aning Boddom, $320,000. Diamondback Dr., 506, No. 241-C.F. Sept Owner Corp. to Lok Wong Samson, $489,900. Fenceline Dr., 12-Maureen Q. Ponce to Umesh J. Rajani and Purvi R. Desai, $380,000. Helene St., 535-Blake E. and Ilene H. Godsey to Gary M. and Judith Lynn Katz, $809,900. Kimberly Ct. W., 785-Perfect Homes Corp. to Summer G. Martinez and Daniel Francis Cumberland Jr., $535,000. Linslade St., 724-Verna W. and Jerry C. Van Wert Jr. to Christopher Michael and Courtney B.K. Knaus, $800,000. Orchard Hills Dr., 111-Mark A. and Joanna Green to Ebrahim Rajabtabar Darvish and Hanieh Ataei, $550,000. Phelps St., 477-Rajesh Kumar and Anju Goel to Yang Liu and Yu Zhang, $624,000. Quince Orchard Blvd., 882, No. 202-Xiaoyou Chen to Anisur Rahman Palash and Afia A. Jahan, $115,000. Sylvan Glade Dr., 14440-Drew Evan and Ryann Leslie Morris to Shafiul and Mahabuba Alam Elahee, $1 million. Water Oak Dr., 15105-Jai Raj Narain and Tara B. Rajan to Chawan Elliot Barnes and Sadaf Afkhami, $620,000. GERMANTOWN AREA Ambassador Dr., 13600-Hao Ping Chai to Hwei Chun Chou, $259,900. Chalet Dr., 18140, No. 7-101-Hsiu Ling Hsu to Annette Richards, $178,000. Dairymaid Dr., 13139, No. 103-Fang Xu to Bowen Yang, $155,000. Esmond Ct., 27-Joseph Beall and Paul Yanoshik to Eric Robert and Keke Schuler, $308,900. Lake Park Dr., 19918, No. 922-Sandra and Maria Pazmino to Augustina Boamah and Kwame Konadu, $310,000. Lowfield Terr., 13413-Jasbir and Piari Singh to Mario and Janeth Andino, $345,000. Martins Landing Dr., 18700-Stephen P. Macloud to Michael L. Tash, $284,500. Moonwalk Ct., 18910-Chad and Amanda Berkhammer to Vitaly Avilov and Qi Zeng, $564,900. Rayfield Dr., 19425-Juan A. and Isabel Galvez Salgado to Scott and Mignonette Petersen, $401,000. Shipley Terr., 20209, No. 1-B-201-Hector A. and Jose Omar Andino Rivera to Hector Hermando Neira Herrera and Graciela Q. Neira, $180,000. Summer Oak Dr., 11527-Mark M. and Megan A. Jackowski to Timothy R. and Alena Lynn Carter, $305,000. Warrior Brook Dr., 19141-Zhengliang Bu and Lanlan Zhang to Robert Eugene and Danielle Ross Franklin, $409,900. Winding Creek Way, 12041-Francoise A. Andre and Apostol T. Vassilev to Jibran Misbah and Farah Reyaz, $322,000. KENSINGTON AREA Brunswick Ave., 10700-Roy E. and Herlyth B. Clark to Thomas G. and Madison Dickinson Hendren, $550,000. Flanders Ave., 5307-Silviu C. and Leana Cretu to Steven H. Ngo, $650,000. Midvale Rd., 11120-Jerome Rossignuolo and Chu Chu Lan to Timothy Jerome White Jr. and Ghazal Parsa, $769,000. Saul Rd., 4501-Jonathan George Mathis to Rosita Alyssa Baua Hermann, $699,000. LAYTONSVILLE AREA Flamingo Terr., 24340-James P. and Natacha C. Walsh to William Marshall Lee and Casey Christine Robertson, $380,000. Lochaven Ct., 20924-Donna M. Marino to Michael Anthony and Leslie Susan Gladu, $625,000. Watkins Rd., 9631-Suzanne and Donald L. Diddle to Scott D. Parello, $480,000. Woodfield School Rd., 25130-Joseph Allen and Cheryl Peters Wyatt to Patricia and Terry Nichols, $635,000. MONTGOMERY VILLAGE AREA Brassie Way, 9620-Shannon Frye Robb to Richard Pineda and Alicia D. Valle Toledo, $199,900. Copps Hill Pl., 18124-Fabiana I. and Ismelda Gaona to Marco Antonio Uceda Juica, $225,000. Hellingly Pl., 9728, No. 203-Anthony Malek to Nicolaas Johannes Van Staden, $114,000. Mills Choice Rd., 19023, No. 4-James I. and Tuanhwa H. Cheng to Leo Stanley and Konika A. Rodriguese, $130,000. Ravenglass Way, 8732-Patricia M. Benjamin to Nicolas E. Quinones, $195,000. Sterncroft Ct., 20504-Jesus Huaman and Frida Mojonero to Ketty E. Peraza and Cristofer Adalverto Gonzalez, $238,500. Transhire Rd., 19551-John Charles Marshall to Laurel Foster, $240,000. NEW HAMPSHIRE ESTATES-HILLANDALE AREA Hedin Dr., 9809-Clifford H. and Sandra Ivery to Saleela and Shailesh Kumar Sharma, $416,500. NORBECK-LAYHILL AREA Bel Pre Rd., 3750, No. 11-Andrew and Paulette M. Ladas to Marcos R. Tamayo Olivier and Carla A. Luis, $92,500. Camellia Dr., 12813-Gary and Elizabeth M. Gilliam to Erica S. St. Louis and Herbert Russell Frisby III, $475,000. Edelmar Terr., 3612, No. 127-A-Woodrow W. Hancock Jr. to Alice C. McGurty, $241,500. Greenery Lane, 2308, No. 302-13-Federal National Mortgage Association and BWW Law Group Corp. to Rasheda Akter and Nazifa Tazrian Munia, $189,900. Innsbruck Ct., 14420, No. 3-AB-Steve J. Chaney to Francisco N. Hernandez Savinon, $185,000. Interlachen Dr., 15101, No. 1-414-Estate of Barry Friedberg to Ann M. McDowell, $280,000. Island Creek Ct., 3423, No. 132-A-Robert S. and Emilene Werner to Katherine L. and Thomas G. Bugenhagen, $468,000. Leisure World Blvd. N., 3200, No. 619-Cindy Ann Gilman and estate of Freeda S. Wolf to Gail Roe, $404,000. Leisure World Blvd. N., 3330, No. 5-915-Roger D. Feldman and estate of Gertrude Coburn Feldman to Val S. and Judith Sasmore, $152,500. Ludham Dr., 3209, No. 193-A-Edward A. Perron to Sherry Lynne Stargel, $315,000. Nordic Hill Cir., 1651-Kenneth Cutler and Wioleta Laska to Eugenio J. Aleman and Maria C. Vassallo, $494,000. Redspire Dr., 13302-Dale and Lilyan Kang to Hoang M. Nguyen and Mai X. Huynh, $825,000. Weller Rd., 2604-Luciano and Lidia DiFranco to Tena Gebretsadik and Hana Wondimu, $450,000. OLNEY AREA Buehler Rd., 17816, No. 1-B-2-Luis Anthony Jaramillo to Peter J. and Joseph Toller Leicht, $125,000. Gelding Lane, 3811-Michelle R. Cascio to Paulina M. Kozorosky, $373,000. Overwood Dr., 17804-Maurice L. Vekeman Jr. to Nicholas Domenico Richards and Jennifer Steiger, $472,500. Shadowridge Terr., 18606-Cynthia L. Dunn to Seble Abebe and Mulugeta T. Fisseha, $421,000. POOLESVILLE AREA Hughes Rd., 17300-Jeffrey Dayton and estate of Leona J. Nelson to Jesse Ryan and Jennifer Loznak, $443,500. Spurrier Ave., 19812-Randolph C. and Nancy L. Halphen to Stephen and Angela Amanda Trice, $430,000. POTOMAC AREA Bartonshire Way, 1294-Donna R. Foley to Laurence Wade and Sarah Maria Tivnan, $710,000. Betteker Lane, 9905-Patrick D. and Mariella V. Young to Yan Zhang, $680,000. Brushwood Way, 13149-Jennifer M. Whitlow to Jeffrey T. and Michele Molyn Napoliello, $1.73 million. Cambridge Manor Ct., 9237-Kathleen J.S. and Stevan A. Varga to Sean Wesley Hiapo and Jill Renee Olson, $1.82 million. Conestoga Way, 9708-RBL Ventures Corp. to Kevin Kyuhong and Yoojin Choi, $930,000. Democracy Blvd., 10240-Barbara and Gerard P. Champaloux to Ejike Asiegbunam, $1.8 million. Fallsmead Way, 1203-Wai Keen Chung and Junqing Liu to Colter Thomas and Alana Wase Bell, $753,000. Inverness Ridge Rd., 8145-Donna F. Panagos to Xun Sun and Linnu Cao, $560,000. Lloyd Rd., 10325-Mark B. and Donna Tasso Johnson to John K. Wilson and Katherine J. Scoville, $829,000. Milbern Dr., 11612-Sheshagiri Rao and Kusum A.R. Kalavar to James P. and Calie B. Lillis, $735,000. River Falls Dr., 8304-Edward J. and Elizabeth C. Hudson to Blair Alexander and Elizabeth Goergen Silver, $1.4 million. Stratton Dr., 2001-Michelle L. Snyder and Jonathon S. Colton to Ira S. Miller and Allison Buchman, $775,000. Turnberry Dr., 9472-Paul A. and Susan L. Commander Samakow to Virun Lee, $880,000. Willowbrook Dr., 11137-Pei Ying and Diana H. Chen to Kevin P. and Angela R. Murphy, $1.09 million. ROCKVILLE AREA Azalea Dr., 868, No. 21-Prashant and Quenie Thi Nguyen Goswami to Ehud Inbar, $350,000. Barbados Pl., 5916, No. 59-Trudy Bernstein to Ari Payes, $399,000. Boiling Brook Pkwy., 4722-Andrew J. Horos to Mohd Sulaiman and Moska Hakimzada, $390,000. Brentford Dr., 5109-Joseph C. Werner to Jimmy Su, $365,000. Charles St., 335-Leqin Shi to Patrick Jose Raminhos, $317,000. Dundee Rd., 2002-Tian Zhou to Peipei Hu, $515,000. Ertter Dr., 4904-Steven T. and Karon C. Martinez to Christopher A. Yen and Luyao Zhang, $590,000. Gaither Rd., 1017-Morgan Chiu and Hsiaofang Yeh to Gregory and Dorothy Yahr, $525,000. Glenmore Terr., 2267-Lawrence G. Lazar and Leilei He to Natalia Komissarova, $765,000. Linden Square Ct., 5804, No. 41-Karla Olsen to Andrea Basdekian, $535,000. Luxberry Ct., 9, No. 4-Shulamith B. and Donald D. Weisman to Michael Anthony O’Sullivan and Janet Rae Fox, $570,000. Monroe St., 114, No. 302-Yuri Berman to Gennadiy A. Pavlyukovets and Natallia S. Kotseneva, $235,000. Old Georgetown Rd., 11710, No. 1226-Scott Christopher and Alina Elizabeth Hotaling to Majid Majd, $325,000. Paulsboro Dr., 957-Heather A. Mulloy to Nurgul Gelic, $495,000. Rolling House Rd., 11327-Ira B. Mirsky to Thomas and Ola Chen, $850,000. Rose Ave., 930, No. 1906-Pike & Rose Condominium Inc. to Melony and Robert Muller, $479,900. Strathmore Park Ct., 10400, No. 303-Steven D. and Laurie J. Macht to Gerard E. and Germana B. Mitchell, $800,000. Topping Rd., 4704-Ryan M. and Angela H. Harper to Bradly M. Bauman and Kristen Elmezzi, $470,000. Warfield Dr., 618-Kevin Frederic and Cynthia Jo Brooks to Lucy Angela Carone Elliott, $650,000. Wickshire Way, 11020, No. A-5-Corey and Emily Baker to John Carlos Wong, $625,000. SENECA PARK-CEDAR GROVE AREA Amber Ridge Cir., 12031-George A. and Traci D. Crawford to Adam Shuaib and Amanda Stegmiller, $350,000. Bent Creek Terr., 11318-Jill R. Freund to Belinda B. Nyarko, $350,000. Owls Nest Cir., 21255, No. UN40-Seung H. and Hannah Weerae Lee to Fenton G. Dobard Jr. and Alicia R. Tellis, $355,000. Royal Crown Dr., 12509-Brian and Irina Mitchell to Swayne J. Singh and Tigest Eyasu, $500,000. Sojourn Ct., 21003, No. 33-Janice A. Thomas to Vernette V. Vernon, $280,000. SILVER SPRING AREA Cassedy St., 2737-Melinda Campos and Gloria Zagorski to Daniel J. Zarin, $627,500. Easley St., 701-Gunnar Grodsky to Ahmed and Nihad Fawzy, $1.34 million. Kingsbury Dr., 9105-Stanford D. Gillis to Gregory S. Avicola, $630,000. Russell Rd., 9411-Paul Skafte to Samuel R. Gilbert and Erica E. Eisenman, $665,000. Washington Ave., 2207, No. W-203-Amy T. and Jason R. Barnard to Beatriz Rodriguez, $280,000. Second Ave., 8926-Tage Jacob Rainsford and Danielle Nichole Bird to Jason David Schellhardt, $735,000. TAKOMA PARK AREA Carroll Ave., 7342-Keith A. and Sara Mercedes Allen Sieverding to Alfred Clarence and Claire Joanna Bertrand, $715,000. Hudson Ave., 601, No. 312-Leslie Charles and estate of Judith Ann Hobbs to Clara Ines Vargas, $175,000. TWINBROOK AREA Debeck Dr., 1004-Laura S. Johnson to Isabelle Raquin and Jonathan Honigman, $482,000. Gilbert Rd., 1003-Richard and Debora Branthover to Jordan A. Stubbs and Carol Oser, $370,000. Lemay Rd., 5935-Andrew J. Wilks and Edward H. Walker to Rajeev and Sandra Purohit, $448,402. Rockcrest Cir., 30-Kevin William Green and Kimberly Pisabaj to Gibran Shaikh and Zuha Moin, $485,000. WHEATON AREA Bluff Terr., 101-Benjamin Scott Sammon to Connie Lynn Bacon and John Patrick Andrews, $535,000. Cone Lane, 11004-Dorothy S. and John J. Crnkovic to William Henry Washington Jr. and Keshni Naicker, $400,000. Georgia Ave., 9806, No. 22-301-John Justin Gradowski to Deborah Meetze Hinton and James Reid Rowlett, $230,000. Hardy Ave., 2814-Andreas P. Gelner and Adrienne J. Capkovic to Endalew K. Delegassa and Eleni G. Dinkalem, $366,000. Imperial Dr., 1702-Laura L. Letson to Matthew O. Spencer and Greta Claire Harman, $499,000. Lamberton Dr., 800-Robert H. and Angela C. Liberman to Moshe B. and Melissa Broder, $660,000. Lovejoy St., 11803-Yossi Alkoby and Judith Meira Gershater to Scott Weinberg and Julia Ashkanazy, $522,500. Woodland Dr., 9900-Sara A. and Angelique J. Willis Hilbrich to Matthew G. Dean and Deborah A. Williams, $525,000. Frederick County These sales data recorded by the Maryland Department of Assessments and Taxation in August were provided by Black Knight Inc. For information about other residential real estate transactions, visit washingtonpost.com/homesales. ADAMSTOWN AREA Mount Ephraim Rd., 1888-Tom P. and Maureen T. Lapsa to Lindsay Turner Johnson, $725,000. BRUNSWICK AREA Crums Hollow Dr., 801-David M. Kilpatrick to Kenneth V. and Krisztina Baglyas Janosko, $413,000. Orndorff Dr. W., 134-Kelly A. Watson Huffer to Matthew and Cheyenne Smith, $170,000. Virginia Ave. N., 12-Jeff and Sam Edgin to Karen P. Orens, $280,000. BUCKEYSTOWN AREA Keller Lime Plant Rd., 6787-Charles M. and Julie N. McGuffin to Joseph Brooks Gatewood, $339,000. BURKITTSVILLE-JEFFERSON AREA Camden Dr., 4105-Larissa Lefebure to Joseph and Elizabeth Longo, $347,000. Pecan Ct., 3445-Gerard J. and Shirley L. Long to Jonathan H. and Lori M. Paquin, $459,900. EMMITSBURG AREA Huntley Cir., 1325-Allen Ambush to Skylar D. Poole and Megan S. Degrange, $320,000. FREDERICK CITY-ADAMSTOWN VILLAGE AREA Avonshire Pl., 5620, No. D-Paul Werking to Lai Thang and Kippar Van, $183,000. Black Creek Lane, 7203-Michael T. Malafarina to Rachael Hallyburton and Patrick Koogle, $278,000. Clifton Rd. S., 6205-Eric Seth Epstein to Rusty J. and Nancy J. Mikulas, $235,000. Duke Ct., 5184-Taruan D. and Daphne S. Matthews to Damien Lamont Ricketts, $210,000. Essex Pl., 518-Marijka A. Grey to Mary Joe Bayley, $191,500. Granville Ct., 6638-Mandy Schall McAteer to Jason W. Brinkley, $285,000. Hollyberry Way, 590-Eric J. Miller to Lasker N. Ahmed, $198,000. Jefferson Blvd., 6624-Payton M. and Bethany L. Reid to Harry Russell and Sandra Sessa Lashley, $515,000. Killdeer Ct., 6737-Brett A. and Caitlin E. Vanorsdel to Ryan Hopkins, $245,000. McGrath Pl., 6631-Calli Marie Rooney Lear to Nestor Arnoldo Nunez and Elizabeth A. Holden, $295,000. Old Swimming Pool Rd., 4902-Walter L. Hepker and Rebecca G. Full to Brian P. Howie, $314,900. Rivendell Pl., 5583-Marc Aaron and Christine Apolito to Sheila R. Bonney, $282,000. Small Gains Way, 4949-Steven C. and Jessi D. Barmoy to Luis Banoscare, $322,000. Sweet Bay Ct., 5775-Katherine C. Kelley to Jennifer Lynn Buckley, $209,900. Timberwolf Dr., 1415-Linda Greenberg to Omar Adonay Mendez Carias and Tylyn A. Medrano, $368,500. Walcott Lane, 6511, No. 102-Jaime Thompson to Darla H. Alterescu, $226,900. Wood Duck Ct., 6770-Nathan A. and Jessica R. Vanhouten to Jianyong and Xiuqin Gao, $224,400. FREDERICK CITY-LIBERTYTOWN AREA Baldridge Cir., 6140-Steven B. and Kendall Klosky Tiffany to Erica F. and Anthony N. Cooke, $282,000. Bear Den Rd., 2563-Ronald L. Mallow and Robin N. Gordon to Todd and Gail Fineberg, $389,900. Bridgewater Ct. W., 9402-Razvan A. and Jennifer Simonica to James and Lauren Ji Kim, $409,900. Catoctin Ave., 209-Joseph M. Shoemaker to James E. Rippeon II and Aimee Leigh Rider, $237,500. Church St. E., 217-Katie A. Pribyl to Dianne Dain, $555,000. Derrs Ct., 1800-Jason R. and Kathleen A. Sepanic to Michael A. and Evelyne Anzick, $380,000. Dogwood Dr., 1604-Daniel W. Trombetta to Paul Fritz, $305,000. Egret Way, 2625-Tracy Tucker and Kathleen Martin to Sean Gibson, $315,000. Greenleese Dr. N., 1801-Jeffrey T. and Kari B. Enama to Zachary Alan and Courtney Marie Davis, $424,000. Holden Rd., 832-Calatlantic Group Inc. to Joshua Adam and Sarah Anne Loftus, $497,473. Jubal Way, 926-Phineas Cornell and Sharander Lakilia Jackson to Edmond D. Fuentes, $260,000. Lamp Post Lane, 2213-Sean M. and Amanda M. McWilliams to Shayna L. Scott, $290,000. McMurray St., 104-David W. and Kathryn L. Humphries to Jennifer A. Wilson and Lesley J. Vandever, $270,000. Mill Island Pkwy., 3030, No. 310-Joseph A. Alexander to Judith Westbrook, $327,000. Palatine Dr., 3000-Wormald Development Co. to Joan T. Reilly, $473,900. Quay Ct., 7984-David H. Shiben to Jamaal Anwar Jones, $220,000. Sherman Ave., 304-Tarah M. Zuniga and Edison Zuniga Sanchez to Amanda N. Barrientez, $216,000. Springwater Ct., 6509, No. 6401-Jennifer Bolling Laggini Palmer to Annie Walker, $190,000. Stoners Ford Way, 3025-Lorraine J. Stoltz and Marsha D. Flowers to David F. and Jeannie R. Knollman, $462,000. Village Square Rd., 2231-Debra A. Bowman to Janet Jenkins, $333,500. Wheyfield Dr., 1618-Michael G. and Linda J. Murray to Michelle Garrett, $286,000. Fifth St. W., 235-Rachel E. Kavanagh to Brian Patrick Walsh, $239,000. FREDERICK CITY-MOUNTAINDALE AREA Andover Lane, 1636-Roberto Serpas Salmeron to Justin A. Mawdsley and Carol L. Paulson, $282,400. Boulder Rd., 9404-Sabrina Elizabeth Smith to Ivan and Kensy M. Alvarenga, $235,000. Buell Dr., 93-Anthony and Melinda Hite to Blyden Bonar Jr. and Nancy Kobe, $250,000. Catoctin Ct., 2500, No. 1-2B-Timothy L. and Terri J. Cannon to Chengkai Dai and Yishu He, $170,000. Coach House Way, 2508, No. 1C-Chris A. Turner and estate of Barbara A. Salt to Karen M. Cappolella, $185,000. Dominion Dr., 2406, No. 2C-Daniel L. and Tama R. Plombon to Patricia A. Lawton, $176,500. Ellsworth Way, 2408, No. 2A-Frank E. Warner to Amy Haggerty, $164,000. Fox Hunt Lane, 8223-Thomas E. and Kathleen E. Igo to David Michael and Joli Naomi Chism, $441,500. Heather Ridge Dr., 416-Wayne Deyton to Joseph S. and Gillian A. Kulina, $125,000. Jordan Valley Way, 8329-Richard W. and Linda S. Revolinsky to Edwin and Jackeline Cartagena, $470,000. Livingstone Terr., 9-Amanda M. and Joyce A. Zimmerman to Kenyan L. Summers, $219,900. Millstream Dr., 1844-Embrace Home Loans Inc. to Jasbir Singh Matharu, $205,000. Runny Ct., 7002-Anthony S. and Jennifer J. Kokoskie to David W. and Kathryn L. Humphries, $340,000. Shelley Cir., 2508, No. 8-Mark and David Degirolamo to Elinor J. Rouff, $189,000. Timber View Ct., 244-L&A Holdings Corp. to Kyle L. Georgius and Lauren N. Hicks, $280,000. Wilcox Valley Dr., 2053-Tiffany A. Glover and Tracy A. White to Michael R. and Ruthann McFadden, $409,000. GARFIELD AREA Loy Wolfe Rd., 13500-Richard M. Pryor to Trystin R. and David H. Alexander, $450,000. IJAMSVILLE AREA Melbourne Pl., 7503-Paul D. and Susan L. Manny to Michael A. Chlebda, $565,000. Shel Mar Dr., 1907-Barry Edwin and Sharon Joy Wagman to Jose M. Cambron Espino, $510,000. LIBERTYTOWN AREA Liberty Rd., 11920, No. 204A-Richard Lee and Heather L. Rippeon to Brittney Nicole Rowse, $126,000. MIDDLETOWN AREA Boileau Ct., 3-Gary and Sharon Diane Gregoire to Connor R. and Brenda L. Smith, $225,000. Feldspar Rd., 4630-Brian T. and Lisa A. Edwards to Jason Robert and Allison Jacob Jachowski, $480,000. Myersville Rd., 8620-Arthur D. Tringali to Jason B. and Patricia M. Leffson Nalley, $355,000. Springbrook Ct. E., 7311-David T. and Mary E. Sweeney to Anita L. Bright, $192,296. MULLINIX AREA Autumn Ridge Ct., 902-Robert H. and Terri L. King to John F. and Jessica E. Fisher, $452,500. Foggy Bottom Ct., 13887-Delores A. and Theodore L. Schwartzbeck to Virginia Elizabeth and James Arthur Lagger, $442,000. Mitchell Ct., 13904-Luke Tanner and Beth Mitchell to William J. and Jessica M. Walker, $648,000. Streamview Ct., 6204-John and Barbara McIntee to Steve Kelbaugh and Suzanne Shipley, $499,900. MYERSVILLE AREA Hunters Knl., 1007-Jay Eric Rhoderick to Jeffrey and Lisa K. Gottlieb, $610,000. NEW MARKET-LAKE LINGANORE AREA Beach Dr. E., 6617-Daniel B. and Kellie C. Ganoung to Charles J. Franco Jr. and Leslie Wang, $255,000. Country Club Rd., 11233-Gary and Sharon Witt to Anthony Paul and Stefanie E. Lavin, $455,000. Fox Chase Rd., 6925-Raymond J. and Cynthia A. Geraghty to Matthew and Shanna Bahen, $400,000. Isaac Russell St., 534-New Market Residential Corp. and Oak Hill Properties Corp. to Sean A. and Kristen L. Chaffman, $520,000. Meadowlake Rd., 6933-Lisa Hamlin and Brian St. John to Andrew Spangler and Jennifer Hake, $495,000. Richard Roberts St., 400-New Market Residential Corp. and Oak Hill Properties Corp. to Nila Via, $520,000. Shalom Ct., 10003-MS Aspen North Corp. to Brad Michael and Courtney Renee Bahr, $500,990. NEW WINDSOR AREA Wildrose Ct., 15610-Timothy L. and Deborah A. McQuay to Kenneth Eugene and Elizabeth Ann Lamb, $347,500. ROCKY RIDGE-CREAGERSTOWN AREA Motters Station Rd., 14619-Bernard J. and Dawn Marie Hobbs to Zachery Bryan Fritz and Heather Michalena Pozzouli, $269,000. THURMONT AREA Moser Cir., 224-William D. Shadle and Brooke N. Hildebrand to Minerva Carrasquillo and Alex Vazquez, $196,000. Stoney Mine Ct., 3-Corey A. Totten to James R. McGrady, $299,900. Utica Ct., 10849-Thomas J. Ledwell to Brandon M. Smith and Ashley A. Brown, $475,000. URBANA AREA Bartonsville Rd., 5817-Landmark Investment Properties Corp. to Michael Kevin Walsh and Sheryl Anderson Fast, $285,000. Belvedere Dr., 9099-Wilmington and Lehman XS Trust to Naseer Nayeem and Huma Hakim, $565,950. Buckeystown Pike, 4310-Jonathan M. and Elisabeth C. Clinton to Leslie Curtis and Mitchell R. Poe, $500,000. Dunraven St., 9443-Greg A. and Elizabeth G. Warner to Dale Anthony and Linda Marie Urlacher, $400,000. Hawk Ridge Rd., 5518-MS Gladhill Farm Corp. to John Austen and Corinne M. Carter, $484,960. Kenway Lane, 9148-Damian and Eboni Williams to Adrian A. Dragulescu and Christina Masterman, $420,000. Pine Bluff Rd., 8415-MS Gladhill Farm Corp. to Thomas D. and Eileen M. Lantzas, $470,000. Singleton Terr., 3717-Mihallaq and Brunilda Dhima to Melissa C. Altieri and Patrick J. Wenzler, $370,000. Urbana Pike., 3625-Robin Michael and Christine Rochelle Reeder to Shuang Guan, $350,000. Wyndham Dr., 9752-William M. and Tina J. Cullum to Shawn I. and Juliet D. Hossain, $589,900. WALKERSVILLE AREA Discovery Blvd., 8526-Healthy Homes Corp. to Stephen J. Green and Janet L. Brumer, $195,000. Old Island Ct., 202-James F. and Shelly L. Mullen to Sabrina E. Smith, $447,000. WOODSBORO AREA Coppermine Rd., 11207-Bradley W. and Amber L. Seiss to Anthony and Charlene Bishop, $615,000.",953d2cde477762b31e2a9da623b5b7d5b27ddb19ecd5031d137e02d3cfb3ea40,10589,10374,police stated that-- chung has been on the run .,1918c1e38a76379ee9e02052e97a47abb48b0e4600305c2ebd15c19fc979f9d8,14,0,0.6816486
401,search,female film directors slowly gain ground,restart or continue an activity after an interruption or pause,0.6877749,female film directors slowly gain ground,61096ab36d6caab8743a11efb82329fcd464f649b48100b9a684f1cdbfad28e4,6,0,restart or continue an activity after an interruption or pause,6cb7a22db99e3c357fffc14cf1f32b4075da07a3081e1e71c2a3fa1acdd14960,11,0,0.6877749
407,validation,A man in a white print shirt and a woman in a black dress dancing.,the mosquitoes posts .,0.6908947,A man in a white print shirt and a woman in a black dress dancing.,d7fd15438e472eb1665c9de7b856a6fac18a4fcaa3288cbad0503726c053b3f3,19,0,the mosquitoes posts .,0bd59ad01e10227e1cbaa3b77ce495d0ed3a0a310f6af4300caa8bd266b5795e,7,0,0.6908947
409,test,cause to be in brief contact with .,Two people are riding motorbikes,0.6919343,cause to be in brief contact with .,0e98c79839fa77228356b76b8187809d9fc90fea5ff4bee43969b06a6184c5ce,9,0,Two people are riding motorbikes,8e0214da11ed3cb54f28fd4053879c24f4365d590aa3a64b9d18215c72041e3b,7,0,0.69193435
412,search,A man with a bicycle at a coffee house.,'iron man ' jetpacks spark concerns,0.69349426,A man with a bicycle at a coffee house.,b14eb61a01915a43f4e3a7c4dd9c49be3e188adcc045249dd6ef6fe76dc2d45e,12,0,'iron man ' jetpacks spark concerns,e44b33763d39740751d168aabb8476e17ab017a312e218cffd5e90f14334518c,11,0,0.69349444
414,test,Several people are not walking in line across a bridge,earthquake of 6.3 magnitude strikes off indonesia island,0.69453377,Several people are not walking in line across a bridge,ebe4f4b1b1c443f3ef7a2ca3baff80f1daef7e81e96903b2e1d82a851eeee843,12,0,earthquake of 6.3 magnitude strikes off indonesia island,0d2ec4c12d3e274f946ba04f65385929bc737a53e0e35ccf465438ead6fd0ecd,14,0,0.6945339
418,search,"For the analysis of expression at different stages of differentiation, data were obtained for 43 mouse samples in StemBase , originating from 16 studies with Affymetrix MOE430A microarray chips, as used in an Oct4 expression profiling study covering murine ESCs, embryonal carcinoma cell lines, and several early differentiated lineages.","Corixa's stock barely flinched on the news, dipping 12 cents to close at $6.88.",0.69661367,"For the analysis of expression at different stages of differentiation, data were obtained for 43 mouse samples in StemBase , originating from 16 studies with Affymetrix MOE430A microarray chips, as used in an Oct4 expression profiling study covering murine ESCs, embryonal carcinoma cell lines, and several early differentiated lineages.",90b6c89629aa51bc4e9fd51f4a904de92bf7c0a690d6af7c6c7ffb4a5345a5b1,76,0,"Corixa's stock barely flinched on the news, dipping 12 cents to close at $6.88.",ec8135c07ed08ce3585244ba46677c5d3134f8e5c410933a439b0652d416b2fa,28,0,0.69661367
419,validation,"sachin tendulkar says i 'm not god , i 'm sachin",homs offensive kills 200,0.6971337,"sachin tendulkar says i 'm not god , i 'm sachin",cc9bf3fa69895d1856d25205ab4dbb65a2189420707d92c60ca415ac537f011c,26,0,homs offensive kills 200,b548113f93b103915325578bf98ab6e44f1d63365dc53a5cb077c21df1ba08a6,7,0,0.69713384
420,search,"Bangladesh collapse search over; death toll 1,127","kentucky : republican ernie fletcher , a three-term house member , is battling democratic state attorney general ben chandler .",0.6976536,"Bangladesh collapse search over; death toll 1,127",5170a8aad0ab04d7d2b79d1dfb1a4ad9ae1ced3908a91d576ad8a840d09ee5c0,10,0,"kentucky : republican ernie fletcher , a three-term house member , is battling democratic state attorney general ben chandler .",e8d6e120d08fb5079209215f5b9d8aef63edaadbbc78465acb6c906c119521af,40,0,0.6976535
425,search,press releases : yemeni presidential election,"abide by : act in accordance with rules , commands , or wishes .",0.70025337,press releases : yemeni presidential election,f87081e346aad7d80bb94b17fa8a7416841b2e919981541e77f53171e93d0455,11,0,"abide by : act in accordance with rules , commands , or wishes .",6cba4d1e94a613476316d8d57f2c7f8cde69fbd8956a6e44f76e1e69918a8dd3,20,0,0.7002533
427,search,exhaust by allowing to pull on the line .,A man plays a guitar.,0.70129323,exhaust by allowing to pull on the line .,cfe93035133995dc90c2608b2785c0c9fefa83bebf0336441946e6080524b706,11,0,A man plays a guitar.,e6263d846e6f0ad20e5292a7109b2897054dbcc00646052adf34860fc583c22f,7,0,0.70129323
428,search,palestinian prisoners arrive at muqata in ramallah,u.k. prime minister defends decision to seek e.u. vote,0.7018134,palestinian prisoners arrive at muqata in ramallah,05ef0b9bf726b2c4dd346e7eb171f7a0e8606e3dce30acb32384237465b274f2,14,0,u.k. prime minister defends decision to seek e.u. vote,f954c9d8b9e4fb972422e11bf16093bc7a440b8907c9c3d0167fa8d9d865c410,18,0,0.7018135
429,test,a girl is jumping .,the dog plays in the park .,0.702333,a girl is jumping .,c9295234f1b4144810ca766bca3e8358e30f926dd9d4a9926109cecf9bbebf75,7,0,the dog plays in the park .,35944f80b6919d36b8207f6618365f739fbbee5f7dfccfe05426028fd301d53f,8,0,0.702333
430,search,"quotes from leaders , family at mandela memorial","stop for a moment , as if out of uncertainty or caution .",0.70285296,"quotes from leaders , family at mandela memorial",cc3aa7a78b85ac9b89be85b37e14d77ed36b62475e9ddb0bad666063379f7279,11,0,"stop for a moment , as if out of uncertainty or caution .",f70b19b3a9574db712f1344b38658fc6701dbe8a67589039f34a4af9966ada3d,17,0,0.702853
434,search,manila to increase counter-terror team,"the offer is also subject to goldman signing an agreement with drax 's senior banks , senior bond holders and hedging banks by sept . 30 , it said .",0.7049324,manila to increase counter-terror team,d944ba89127d2bdf67e784dcf11941d4309d6dea096465b0eb475567611735f2,10,0,"the offer is also subject to goldman signing an agreement with drax 's senior banks , senior bond holders and hedging banks by sept . 30 , it said .",f47f809e8e704182b792fd2c0d8c508b3a4be89688d1f7d8403feda17a130160,41,0,0.7049322
436,search,this is the primary frame evoked by the cardinal numbers .,a visit to libya by the russian foreign minister was announced .,0.7059728,this is the primary frame evoked by the cardinal numbers .,e7c2aa284261b9ec782e3f819dafa1ea44b38f1125dc48afe23df907a64ae4e2,15,0,a visit to libya by the russian foreign minister was announced .,c2f61848c1d6e26342c1d93f146cbdbdba8d41a13acc1764dde30495430d1256,19,0,0.705973
437,validation,"the act of spending , disbursing funds",the man is writing a letter .,0.70649225,"the act of spending , disbursing funds",0b0a8a6e0a51617fab249ea36e1e6edf6845a6dca3e892adcfab8822a9191d82,11,0,the man is writing a letter .,54ef6da0cc9162c7d444755b444aae7c4cb655ae7cb0a9869b4a0f9a5a6567bb,9,0,0.7064924
438,validation,sony xperia z2 and nokia <unk> äôs x series unveiled,Two teams are competing in a football match,0.70701206,sony xperia z2 and nokia ‚ äôs x series unveiled,409a102882b4b82069b1f360ff23fd8f88649823a76d6220eb8c8c440b22b4a3,24,0,Two teams are competing in a football match,e615f7017dbae0d71db5487360ed097ca35eb087d65427bac766f36384c412e7,9,0,0.70845884
440,search,equatoguineans vote in legislative polls,palestinians build another west bank tent protest,0.7080523,equatoguineans vote in legislative polls,4143451479d43960e67fc8e57844ec2337797b47ffb80c8fd35d058ddac2b4b0,12,0,palestinians build another west bank tent protest,e5c449458c3aacdbcda3a03af4236ede338139ad36a7d86bb5fd02f12ded1815,10,0,0.7080523
441,search,algerian president in france for medical tests,the man is going into the water .,0.7085718,algerian president in france for medical tests,084b6efb1a2b06104c70a6855c4f50e65bce2ab3c9bb84edb212532118b2cd1e,10,0,the man is going into the water .,bb0d69ecca4bff39a169b7b953a385504d671b5dd4ab817695e19791e11af5aa,9,0,0.70857203
442,validation,terminal 1 and terminal 2 are on the same side .,"write as if with print , not in cursive",0.709092,terminal 1 and terminal 2 are on the same side .,2fb54e7d4d79152977925c3fddb3e8968f0a9af990a10a1773aea057aecbe9ea,12,0,"write as if with print , not in cursive",a637b603daebf7a5181dc8f1e1083e06d335d37600b2c7c131f6d9242ff7a151,12,0,0.70909184
447,test,create a new entity by putting components or members together,mother held over daughter 's death a mother has been remanded in custody charged with murder after her eight-year-old daughter was found dead in a block of flats .,0.7116917,create a new entity by putting components or members together,1c9c40fdb92641c83190b59d47125205d5d9df5f10865b8b259e8ac16dbd4f43,12,0,mother held over daughter 's death a mother has been remanded in custody charged with murder after her eight-year-old daughter was found dead in a block of flats .,f744bec85c98206ff9743d120ecdda95e17683fbdd42c2cced00496ea4dd896a,43,0,0.71169174
448,search,A man is getting into a car,u.k. prime minister defends decision to seek e.u. vote,0.71221167,A man is getting into a car,0388ebac91f655e458fafff6a4974ecae2399362df179b9b5b2fcce8dba52220,8,0,u.k. prime minister defends decision to seek e.u. vote,f954c9d8b9e4fb972422e11bf16093bc7a440b8907c9c3d0167fa8d9d865c410,18,0,0.7122117
453,validation,2 traffic accidents leave 47 dead in china,egyptian election result delayed,0.7148115,2 traffic accidents leave 47 dead in china,d7c7de5993b608159b4fcc5ab060154a8b6fa44af6ea0e0da4a978c49b77300c,8,0,egyptian election result delayed,d40167a52355c0b015f8d2f0da21647db8d7e8f021822329ee46cedb07dd372d,9,0,0.7148117
457,search,The boy isn't playing the piano happily,a man is playing a harp .,0.7168912,The boy isn't playing the piano happily,2ef82234a69806b5d40f7a1808cb0c28a287d6b0a97e66077f3a1cd23c4e5160,10,0,a man is playing a harp .,9aed4985bd8a633aded948781747804fb9d8d1dd44b1d13c2ce26a33799dfe64,12,0,0.7168913
459,search,syria envoy calls for national unity government,Two kids are looking up at the camera and one is sticking out his tongue,0.7179308,syria envoy calls for national unity government,07d32f20d2386930b1d8c3fccabaf093094f22edc55c45c32495bea5967ccb6b,14,0,Two kids are looking up at the camera and one is sticking out his tongue,5a43174c33fadee2eb47f7808821e5b040ad1f809f84d1ae9978973035e1d474,15,0,0.717931
465,search,"one man had brandished an english-turkish dictionary and pointed to the word "" refugee "" .",a man is applying butter to bread .,0.7210504,"one man had brandished an english-turkish dictionary and pointed to the word "" refugee "" .",79ff7582e93587c6b52d31895d04ecf313c9ce6e79be59e5047df3047aa0671d,23,0,a man is applying butter to bread .,20cac860c1eca2449a8731dea6cb3daf920dcd8c51cf5f08821a26c6d36f5169,10,0,0.7210506
466,search,obama calls for international front against is,assange appeals extradition to uk 's top court,0.72157,obama calls for international front against is,c5702562f18211af545609673ba1a06c5768dc32470c41991024443c24bb81a5,11,0,assange appeals extradition to uk 's top court,d322eee6e650fa57c3100141a9810ab2a8690bc161e53059e50dc37025b2e01d,15,0,0.72157
468,validation,iran has noticeably increased the number of executions in recent months as officials enforce a campaign aimed at promoting virtue and boosting security in,he also reaffirmed his wish to resolve the north korean nuclear crisis peacefully .,0.7226104,iran has noticeably increased the number of executions in recent months as officials enforce a campaign aimed at promoting virtue and boosting security in,a818a6c0e12608fb1d051f45e442e74338f245d832d48c55c552fde48b626021,32,0,he also reaffirmed his wish to resolve the north korean nuclear crisis peacefully .,096c8e665b4264c552edb1b9a1efe3322b7a14055bf47e8f5e41188d78a77849,22,0,0.72261065
471,search,a passenger jet flies through the air .,( cause to ) move gently back and forth,0.7241707,a passenger jet flies through the air .,d562ae82165d4923b09c3038a0d45d78aca2eb9637027f18ea8963e67f57ae2d,12,0,( cause to ) move gently back and forth,66a98674a7951860264a2dafdd7a4789d264408ffaac71f654dd88940928a690,10,0,0.7241707
474,search,"under the u.s. constitution , the other chamber of congress , the house of representatives , does not vote on foreign alliances .",There is no brown dog standing in the water,0.72573,"under the u.s. constitution , the other chamber of congress , the house of representatives , does not vote on foreign alliances .",79a605a3e478890d476db29f022652dd9868a68e50795819e050de14f5fe17ff,32,0,There is no brown dog standing in the water,322d6641e41976d436a4ca6f4902a73a1f736bf9042da8f47214b4029e070b2c,9,0,0.72572994
476,search,"over 50 , and under no illusions over 50 ? invent yourself everyday !",clinton : we can make a difference,0.7267699,"over 50 , and under no illusions over 50 ? invent yourself everyday !",b1b30f52c861fb1b11a80304feed791c675284cac064bcc0b215779e3b451fff,19,0,clinton : we can make a difference,9e98edcff5d4d6daf0977f36cb6ae7f5b950377c87a472cf86741fb3f60a68bd,11,0,0.7267698
479,test,The train heads down the tracks and along the hedge.,cause to move with a flick or as if with a flick,0.72832954,The train heads down the tracks and along the hedge.,f57d872cf0847220442a3c960da159bca986a2ab7210b3afa28b3dc561b77389,11,0,cause to move with a flick or as if with a flick,a2efb3f418157580966ed3f51441631f42e6129e1dc849e3886f492864701513,15,0,0.72832966
481,validation,""" tony 's not feeling well , "" spurs coach gregg popovich said .",Obama Struggles to Soothe Saudi Fears As Iran Talks Resume,0.7293693,""" tony 's not feeling well , "" spurs coach gregg popovich said .",6f64a3dff3158b0d2fcea184c0c77856a7a3294a088319f8d97d70be51dbd894,25,0,Obama Struggles to Soothe Saudi Fears As Iran Talks Resume,e9863800c87eb298cab20106fcd236e575ee10b3f9f912a1ab728419387bd2a2,16,0,0.7293693
486,search,bulb b and c are on a closed path to the battery,reach or come to rest .,0.7319691,bulb b and c are on a closed path to the battery,601e93ab31aec3b6cc3da07b623c5316776cc8c39d34507fbaced9aba1c018bb,15,0,reach or come to rest .,accaf6b950f9ef2d27362f4015b67c5d9e4d4e3d56191e7d533378ff300af668,7,0,0.7319689
487,validation,""" at first blush , it doesn 't look like any rules were broken , "" said gen. richard myers , chairman of the joint chiefs of staff .",deadline passes with no new iran sanctions,0.73248875,""" at first blush , it doesn 't look like any rules were broken , "" said gen. richard myers , chairman of the joint chiefs of staff .",b2dbeafb1858e7279b667b3acd87cab9c554a4d419b4a11166a81f38dfbac294,40,0,deadline passes with no new iran sanctions,ab90f78daf2b85cced54f229421218995617f513074092fb365fe72d3146054b,9,0,0.7324884
492,test,"one killed , 40 injured in mexico candy factory blast",notre dame linebacker victim of a catfish type hoax ?,0.7350887,"one killed , 40 injured in mexico candy factory blast",62a2b009e9aeb8905962e4c2081f90b473c444b0b91dd0f3b13a0f2b0f79a1b5,13,0,notre dame linebacker victim of a catfish type hoax ?,883b46eb93d69a0c474bf2e09df660f6437402a4cae31163704614b4eda7876d,18,0,0.73508865
498,search,"Now that the 2020s are officially upon us, it's only natural to wonder what the next decade of PC gaming will bring. Better graphics and faster hardware are a given, but considering how blindsided we were by some of the past decade's biggest, weirdest surprises —like loot boxes, Steam Early Access, and battle royales—it's also a safe bet that 2020 will have some strange surprises of its own. So everyone at PC Gamer is dusting off their crystal balls to try and predict some of the biggest stories and trends that will happen over the next 10 years. Riot becomes the new Blizzard Robin: Blizzard’s fortunes have seemed increasingly shaky over the last couple of years. Just when you thought the most unpopular thing they’d do in the decade was announce a mobile game, they decided to spark an international incident. Stories from inside the studio are troubling, too, with reports implying that the company culture may have been","if you want to buy $ billion in xyz inc. common stock , who cares ?",0.73820853,"Now that the 2020s are officially upon us, it's only natural to wonder what the next decade of PC gaming will bring. Better graphics and faster hardware are a given, but considering how blindsided we were by some of the past decade's biggest, weirdest surprises —like loot boxes, Steam Early Access, and battle royales—it's also a safe bet that 2020 will have some strange surprises of its own. So everyone at PC Gamer is dusting off their crystal balls to try and predict some of the biggest stories and trends that will happen over the next 10 years. Riot becomes the new Blizzard Robin: Blizzard’s fortunes have seemed increasingly shaky over the last couple of years. Just when you thought the most unpopular thing they’d do in the decade was announce a mobile game, they decided to spark an international incident. Stories from inside the studio are troubling, too, with reports implying that the company culture may have been changing for the worse for years. Meanwhile, Riot’s made its play, announcing a billion games and an entire multi-media empire in one press conference. I don’t think all its gambles will pay off, but I could easily see its star being more ascendant than ever over the next ten years, while Blizzard’s increasingly dwindles. Fraser: Riot’s had even more issues that Blizzard, and while it’s designing several games that will inevitably compete with Blizzard’s, I don’t think it’s ever going to reach the same heights. It’s arguably been squandered, but Blizzard’s long legacy is part of the reason that, even now, it’s beloved by a legion of fans, whereas Riot has one game that’s infamous for its toxic community. I’m not sure how Blizzard is going to come out of the next decade and I wouldn’t be surprised if its popularity did dwindle, but I’m don’t think anything will replace it. Steven: Sorry, Fraser. I'm with Robin on this one. That one game you mentioned also happens to be the world's most popular with a daily player count that probably beats every Blizzard game combined. Toxic community notwithstanding, I think Riot's aggressive expansion is similar to Marvel's Cinematic Universe and has all the potential to be just as popular. (Image credit: Electronic Arts) BioWare fades away James: Dragon Age 4 sounds nice, but it can't land too short of Modern Classic if BioWare wants to bring back its former reputation as one of the better big-budget storytellers in games. With so many new vacancies left by longtime employees and the constant shuffling around of those who remain, my faith in BioWare's delivery is at an all time low. To be clear, I'm not hopeless, I'm just... not optimistic. Steven: I agree. I think this tail-end of the 2010s has shown that nothing gold can stay and sometimes beloved studios lose their way. With BioWare, I'm increasingly worried that they're no longer the studio I fell in love with 20 years ago. There's too much riding on Dragon Age 4, and that makes me worried that if BioWare cracks under the pressure again it'll be another Anthem-like disaster. VR finally breaks through Tyler: VR won't replace screens—that'd mean the death of popular genres, and be totally inaccessible for some—but by 2030 it will be much more popular. All-in-one headsets with built-in tracking will accurately detect the movements of our feet, hands, and joints, as well as our facial expressions, making our Sonic meme avatars extremely lifelike. James: I'm not convinced. I mean, I think it will be more affordable and accessible, but I think the inconveniences will quickly outweigh the novelty. Wearing a big headset, closing yourself off to your surroundings, holding a bright magnified image inches from your eyes—the effect is astounding, for a while at least. And then it's exhausting. And then normal. The adoption rate will swell and deflate with every incremental update or 'killer app' until the promise of a virtual world isn't all that exciting anymore. Half-Life: Alyx will be great, though. Chris: Maybe, but I think it's still going to give a lot of people motion sickness, which is something that might get even worse as the fidelity of VR gets better. That means a lot of people will still be slowly teleporting around inside games rather than using normal locomotion because it just messes with our brains and bodies in ways that no amount of technology can solve. Motion sickness is going to continue to keep VR a niche interest and a cool novelty rather than a breakout phenomenon. (Image credit: Mundfish) Ray tracing and 4K become the new standard Tyler: At the start of the '10s, people were complaining about not being able to read text on their SD TVs. In the decade that followed, 1080p became normal, and then 4K TVs became normal. Still, true 4K gaming (as in, no upscaling) is considered high-end today. This is a boring, conservative prediction, but I'm going to say that'll happen again: 4K fully replaces 1080p and 1440p sometime in the '20s, and by the end of the decade, 8K and up are the high-end choices. James: I'm too dumb to nod my head at the ray-tracing bit, but I'm fairly certain 4K will be the new 1080p. Just 10 years ago, the most popular resolution was 1280x800 . We're on pace to make 4K the norm. But what then? 4K is enough, right? What then? PC hardware advances will slow way down Jarred: I'm going to piggyback off Tyler here, but focus on processors and manufacturing technologies. The fun prediction would be to assume Moore's Law is alive and well and computers continue to progress in leaps and bounds. The reality: we're hitting a wall. Actually, we've been hitting walls for the past decade, but each new wall becomes taller and thicker. Ten years ago, a state-of-the-art CPU was manufactured on 45nm tech, and GPUs were on 55nm. We've gone through three or four transitions since then (32nm, 22nm, 14nm, and kind of 10nm for Intel; 40nm, 28nm, 16/12nm, and 7nm for TSMC). Ten years from now, I expect three transitions at most (eg, 5nm, 4nm, and 3nm), but the real improvements from each process shrink will become less noticeable. A Core i9-9900K or Ryzen 9 3900X will still be doing okay, but your graphics card will have been upgraded several times, because 4K 144Hz gaming isn't happening on today's GPUs. James: The time for smellovision is nigh. (Image credit: PUBG Corp) The most popular game is from a genre we've never heard of Tyler: Battle royale games didn't exist in 2010. Neither did autobattlers like Dota Auto Chess. Roguelikes were just starting to make a comeback as 'roguelites'. No one was using 'walking simulator' as a term of endearment or criticism. No one was searching for the term 'soulslike' until 2015. There were no 'strand games' that I can recall, because it's something Hideo Kojima made up. Only time will tell if he's on to something. James: Like, what's going to be so new that Fortnite kids think it's too obtuse or naive to get into? I couldn't have predicted Fortnite, but I'm thinking whatever comes next will come from the increased scale and level of simulation new technologies will allow. Better graphics aren't the thing, I'm thinking about how the novelty of 100 people shooting each other on an island was enough to birth BR. Layer in way more and much deeper systems, be it weather, physics, building, lighting—whatever really—and the new ideas will spill out of the dev scene and onto the internet. That's my aspirational take. It'll actually be something that emerges from dumb luck. We won't buy PC games anymore Harry: Ok, hear me out. I'm not saying we're all just going to up and put down our mouse and keyboards en masse, but by the end of 2030, individually buying games to keep will just seem weird. Services like Xbox Game Pass for PC will be joined by others looking for a lucrative slice of the subscription-service pie, and become ubiquitous. Just like Netflix, Amazon Prime, and Hulu did for the small screen, we'll be juggling various Game Pass-like products and never really own anything. Because we're millennials and don't deserve to. Rachel: I don't think we'll buy PC games anymore because I feel a majority of games will choose to take the free-to-play route. Many of the biggest games right now are free-to-play and I reckon this style of business model will be an overwhelming majority in 2030. Fortnite's micropayments model has overwhelmingly proven that it's a viable route for gaming companies. Instead of buying games, the focus will turn more to buying in-game virtual goods and premium features. (Image credit: Bay 12 Games) Dwarf Fortress simulates meta consciousness, dwarves realize they're inside the simulation Dwarf Fortress creator Tarn Adams has said he wants to simulate all the ""narratively interesting"" aspects of existence, and I'm betting that means we'll 100 percent have a Dwarf Fortress Truman Show moment sometime in the next decade. Dwarves already have complex mental and emotional states, so it's not a leap to imagine them becoming self-aware enough to realize they're fictional beings inside a massive simulation. The question is, what will the do when they find out? Loot boxes will be a thing of the past Robin: Though some of their stealthier forms might survive—‘card packs’, for example—I think your run-of-the-mill loot boxes aren’t long for this world. There’s just too much scrutiny on them these days. If government regulation doesn’t kill them, publisher skittishness will, and they’ll end up banished to the same graveyard online passes got chucked in. The catch? I think they’ll be replaced by something even more insidious. James: Loot boxes will just get supplanted by data collection psyops. Destiny 2 is almost already there, a collection of feedback systems on a micro and macro level, from the recoil after pulling the trigger and the gas escaping from where the Cabal's head used to be to the little sound and animation that plays when turning in a bounty. Service based games are endless fonts of granular information, so the structures to tune player experiences to the individual will likely take shape. Attention will become a higher priority than how microtransactions are presented. We might see them disappear completely. (Image credit: Bethesda) Bethesda will stop making singleplayer games altogether Chris: Bethesda will release Starfield and The Elder Scrolls 6 at some point in the next decade, but after that? I wouldn't be completely surprised if we never saw another traditional singleplayer RPG developed by the studio. I don't much care for Fallout 76, and I'm not alone. But there must be tons of people still playing it because it keeps chugging along, and even the resoundingly unpopular Fallout 1st subscription has plenty members—pop into a session and you're bound to come across a few. I expect Bethesda will get better at making online games this coming decade, and if they do the focus will drift away from singleplayer RPGS entirely.",fd127e6d6094e6c9ce064a90241c53fc5b0469eb395e253290a92673a22b7cbc,2762,2547,"if you want to buy $ billion in xyz inc. common stock , who cares ?",ff3638b3a523e1401345b3fd5bfc0483c23fc50ea3e33853e18890dd0def6c51,25,0,0.73508984
501,test,turn the paddle ; in canoeing .,"treat , process , heat , melt , or refine in a reverberatory furnace .",0.7397677,turn the paddle ; in canoeing .,6fe433b01e7d9acd1b228e1f4a33c1559114cc2f160ec6a77f41e1f6a79c546b,12,0,"treat , process , heat , melt , or refine in a reverberatory furnace .",e0bdbae830a3e4d20991171e6bd411b52e62e4297115c526588008e8d59ff010,25,0,0.7397678
502,search,Two women are dancing and singing in front of many people,two people are walking through some water .,0.7402882,Two women are dancing and singing in front of many people,fb0ccbf027f1c3ead9bc30a9334fff5dda99758440104912caf747cc9e4e2e6f,11,0,two people are walking through some water .,640b92a028555b305828c1fd39c8cc37cf768859005d7ee84abbd5dde41e330b,9,0,0.740288
503,validation,"Chanceller Rishi Sunak has announced a £9 billion package of support to give self-employed people up to £2,500 a month to help them cope with the effects of coronavirus. The Chancellor tonight said the scheme, which will be open for at least three months, will cover 80 per cent of a self-employed person's average monthly profits. But it may not be available until June and will only be available to those who have a tax return for 2019, meaning the newly self-employed will be ineligible. And Mr Sunak warned that the self-employed could face tax hikes in the future as part of the effort to ""right the ship"" and repair the battered public finances after the coronavirus crisis is over. Details of the scheme came as the Department of Health announced a total of 578 people who have tested positive for coronavirus in the UK have died as of 5pm on March 25. Some 11,658 people have tested positive in the UK as of",the best thing you can do is to know your stuff .,0.7408086,"Chanceller Rishi Sunak has announced a £9 billion package of support to give self-employed people up to £2,500 a month to help them cope with the effects of coronavirus. The Chancellor tonight said the scheme, which will be open for at least three months, will cover 80 per cent of a self-employed person's average monthly profits. But it may not be available until June and will only be available to those who have a tax return for 2019, meaning the newly self-employed will be ineligible. And Mr Sunak warned that the self-employed could face tax hikes in the future as part of the effort to ""right the ship"" and repair the battered public finances after the coronavirus crisis is over. Details of the scheme came as the Department of Health announced a total of 578 people who have tested positive for coronavirus in the UK have died as of 5pm on March 25. Some 11,658 people have tested positive in the UK as of 9am on March 26. Mr Sunak's scheme will be open to those with a trading profit of less than £50,000 in 2018-19 or an average trading profit of less than £50,000 from 2016-17, 2017-18 and 2018-19. To qualify, more than half of their income in these periods must come from self-employment. Up to 3.8 million people will qualify for support, with average monthly payments expected to be £940 per person. Mr Sunak said the scheme, which will last for at least three months, ""is one of the most generous in the world"". ""It targets support to those who need help most, offering the self-employed the same level of support as those in work."" He said the measure covers 95 per cent of people who receive the majority of their income from self-employment. But in a hint that the self-employed could be asked to pay more to the taxman in future he said it was ""now much harder to justify"" the tax breaks on offer to the self-employed if they were receiving the same level of state support. He said everyone would be ""chipping in together to right the ship afterwards"" once the crisis is over. A number of self-employed workers welcomed the Chancellor's measures but expressed concern about having to wait until June to claim. Louise Barina, a production manager who lives in London, said: ""After having spoken to our landlord, he has outright said no, that we can't get a delay on our rent. ""In terms of the payment coming in June, that's really problematic for us as that's obviously three months of payment where we need to find the money for that."" Meanwhile the Department of Health said revising its reporting approach for coronavirus deaths ""to ensure data can be verified and published in a timely, consistent way"". A statement on Twitter said: ""Figures issued today are recorded as of 5pm on March 24 to 5pm on March 25. ""Going forwards, figures on deaths will be recorded for the 24-hour period as of 5pm the previous day. Figures on tests remain as of the 24-hour period from 9am that day.""",95b1cb9dd6ded80b8260a2061e412c52d7a8d503e6e37ab6ebda9b09ef7604aa,673,458,the best thing you can do is to know your stuff .,ff039a9c2b4b8b4c919f34fc71a36e07fa6221147a7d90a7fb2bac05648cb921,13,0,0.7388313
505,search,Someone is drawing a person,algerian president in france for medical tests,0.7418476,Someone is drawing a person,c34096e0bdca5f90f75c8d14f98ce2ed90749d5d23fd3a2e317bf219db1fd03e,6,0,algerian president in france for medical tests,084b6efb1a2b06104c70a6855c4f50e65bce2ab3c9bb84edb212532118b2cd1e,10,0,0.7418476
506,search,cause animals to move,what makes india vote ? jaipur lit fest debates,0.7423683,cause animals to move,7e9d8b2de7eddf684615550728cc40cd344b4784ccaf454b9dac79173f3e99e4,4,0,what makes india vote ? jaipur lit fest debates,4ad8cef25aed4e2f223e0f70278cfa41ed0e2edab0d9944248ad3d1d14d4c88c,13,0,0.7423681
511,search,idolize / show devotion to,clinton : we can make a difference,0.7449681,idolize / show devotion to,d4d0fb204f045bf8f08a4b5d504498af8e0e8f8fd19cb3e2e3d81afb041f90ca,7,0,clinton : we can make a difference,9e98edcff5d4d6daf0977f36cb6ae7f5b950377c87a472cf86741fb3f60a68bd,11,0,0.74496794
512,search,it is safe to say that body posture plays a big role in all languages .,be fully aware or cognizant of .,0.74548924,it is safe to say that body posture plays a big role in all languages .,421339f41dfc63a5e8c990658169349de1d8dd4d719d35f84b044f72ffd0b6f2,18,0,be fully aware or cognizant of .,5482c2427175712a30b81553dd6d35af6d90586804ecdfa35a840cea706cb6e1,9,0,0.74548936
514,search,"A dog, which is brown, and a black one are running in the grass",A large white animal is jumping up in the snow,0.74652725,"A dog, which is brown, and a black one are running in the grass",c83748828fc5669c2ac9a6e70ebd7f79baecd65ffb82e09a61795f4fbfb34252,17,0,A large white animal is jumping up in the snow,c81e28af871ce8067ee87b3602f0a5e671c10f4df23248f0c729ceb50ba1a604,10,0,0.74652755
515,search,"nicaragua , venezuela offer asylum to snowden",menendez faces possible corruption charges,0.74704707,"nicaragua , venezuela offer asylum to snowden",4da7d5ba84da2d6482b2aeef2b16359e271deca8235e559360eec6ab5b1b5554,17,0,menendez faces possible corruption charges,a09923c4e89ae33f6f84c2c7df4a74829a3f09e2229e7c50337b15b59d392099,7,0,0.7470471
516,search,US government 'on the edge of shutdown',government initiatives to disarm have been ineffective .,0.7475671,US government 'on the edge of shutdown',bc5a9f51131ba12003190c9138f35af17f49afe67359b3d4ffec8bec8be2ea03,10,0,government initiatives to disarm have been ineffective .,20fb833d7680f5f9d8ea92104f178df4e1852a3969be5fa1b4872546f22ac956,11,0,0.74756706
518,test,fire at south korean bus terminal kills 5,"now , blanca 's husband , 63-year-old roger lawrence strunk of tracy , faces a murder indictment issued by the philippine government in february .",0.74860483,fire at south korean bus terminal kills 5,1770d9e3065d4613ca96a0254cf24e452e812d7f3749a097810b19058a4886b2,12,0,"now , blanca 's husband , 63-year-old roger lawrence strunk of tracy , faces a murder indictment issued by the philippine government in february .",ebdfdb34ec09ebb2ea8f00fbf2caa9dffe27d88d8f0b9b6646a0d206e3946739,53,0,0.7486049
520,validation,A man on a motorcycle is not riding on one wheel,A man is eating food.,0.7496468,A man on a motorcycle is not riding on one wheel,29ee1d7747666daee0b360d1ee0e3311762059b4009b5ce38b3e1d43e29409fb,12,0,A man is eating food.,afdf8e9806c7fdf03f0338e1a5baaef2736cc44b0bd28abc1be36b5f04f081d2,6,0,0.7496468
521,search,extend out or project in space .,a state or act of gaining pleasure,0.7501652,extend out or project in space .,5acdc404f4520cf6d6441a592bac31c948772f8c0f46ae2084b70af94d380077,8,0,a state or act of gaining pleasure,ab5aa30fa5aa3a3519642276bed513c0e21b98ce33c6b7335f2b08cd64bbffae,9,0,0.750165
531,search,iran is an islamic republic .,pakistani girl shot by taliban appears on video,0.7553674,iran is an islamic republic .,6bd0c6a5213fefc2eb18af718889771a8022023760b829ac692e45140f3c3fab,11,0,pakistani girl shot by taliban appears on video,678bfebb236ac989a515fd81913803732efe5113b3f064061086c20f008a1023,14,0,0.7553674
537,search,bomb blasts before indian opposition rally kill 4,Some Syria violence qualifies as civil war -Red Cross,0.7584839,bomb blasts before indian opposition rally kill 4,ae874b808abe870bfc9c697ed6aeff6a30ef7c364ff350348402f1c719a8a80e,10,0,Some Syria violence qualifies as civil war -Red Cross,d314dcc98d66af26ec52e2f1b9fa5e5045fca292b82a48bfc94307ec081dddc4,14,0,0.75848377
538,validation,"an established or recognized right , formal or informal .",where you live at a particular time .,0.7590049,"an established or recognized right , formal or informal .",9dde797fe7950540c8c79da33bc5199f7ca2168d680ac8f1411553e69fd734c0,12,0,where you live at a particular time .,ab24b71651d1277590d4eeed106800672f7f15c5a99f753181ff09af50b19489,10,0,0.7590048
539,search,new zealand votes to legalise same-sex marriage,u.k. prime minister defends decision to seek e.u. vote,0.7595275,new zealand votes to legalise same-sex marriage,76813c35268d5a8c38115d85702151ff715cdd82cbde84c89ad7e1c35de00390,15,0,u.k. prime minister defends decision to seek e.u. vote,f954c9d8b9e4fb972422e11bf16093bc7a440b8907c9c3d0167fa8d9d865c410,18,0,0.75952744
550,test,us ups pressure on israel as un demands gaza truce,"gunshots , explosions rock thai protest day ahead of polls",0.76524377,us ups pressure on israel as un demands gaza truce,47dcac9ff012f445153f756d6f4b413c56a0a3e4011e00a69b8fecf48a040f71,14,0,"gunshots , explosions rock thai protest day ahead of polls",8746d6b9f4577f4a3ff02426f640b24269070c63d8e2a7bd6ff4a3b3c507a680,18,0,0.7652439
551,search,the territory occupied by a nation .,Some Syria violence qualifies as civil war -Red Cross,0.76576555,the territory occupied by a nation .,58c180e2531e1cdadabb286c193d53acf56d00a7e07678e6d85c4027b3ce1022,10,0,Some Syria violence qualifies as civil war -Red Cross,d314dcc98d66af26ec52e2f1b9fa5e5045fca292b82a48bfc94307ec081dddc4,14,0,0.7657657
552,search,"the pour : in describing wines , 5 words not to fear",express audibly ; utter sounds ( not necessarily words ) .,0.76628333,"the pour : in describing wines , 5 words not to fear",d75d28520a1ff601bbbdba8b9e20d5348728c11ab0c8fab12d3a121e6bfbe377,15,0,express audibly ; utter sounds ( not necessarily words ) .,6722820342ab85f03b9c997e74aa09956a7c18ca1b1c522f177d7fa56833f92f,17,0,0.76628333
555,search,a solid piece of something ( usually having flat rectangular sides ) .,to catch in or as if in a trap ; immobilize,0.7678459,a solid piece of something ( usually having flat rectangular sides ) .,2b9ea3e61aba3204641580469d3285425b0296027deb61706ac34d9637b03617,16,0,to catch in or as if in a trap ; immobilize,1435d048d13d1d00ef07757622416cd37a142de23b93ab08e67f67b5a717a0eb,16,0,0.76784575
556,search,You have a problem.,you need to pick how and where you want to place your foot and do it .,0.7683594,You have a problem.,f216145889279b860f4840021d8de2e69a3e926f0bd80937d5cd8434506da76c,6,0,you need to pick how and where you want to place your foot and do it .,e9c5d3583fd69fe7f83f6972cb2379ff3a6870441818923a5312ee9f94d9c4ab,18,0,0.76835936
559,search,The woman is putting makeup on the man,Someone is drawing a person,0.76992595,The woman is putting makeup on the man,043d1949fef95bafbdedaca5c70cdb979b2bc036e02f933321e9d2e213b7b29b,9,0,Someone is drawing a person,c34096e0bdca5f90f75c8d14f98ce2ed90749d5d23fd3a2e317bf219db1fd03e,6,0,0.7699261
561,validation,mix or breed things of different varieties or qualities,the best thing you can do is to know your stuff .,0.7709635,mix or breed things of different varieties or qualities,68997352e1d79feb49d11ddf9a3d1751db66eea99549e8863b289c5eed9cdfd6,9,0,the best thing you can do is to know your stuff .,ff039a9c2b4b8b4c919f34fc71a36e07fa6221147a7d90a7fb2bac05648cb921,13,0,0.7709633
566,test,"reimburse or compensate ( someone ) , as for a loss .","treat , process , heat , melt , or refine in a reverberatory furnace .",0.7735605,"reimburse or compensate ( someone ) , as for a loss .",d37a656ac0013819a0e4dc84d39d0f40062a90ba7c898f834da977641e55bccb,16,0,"treat , process , heat , melt , or refine in a reverberatory furnace .",e0bdbae830a3e4d20991171e6bd411b52e62e4297115c526588008e8d59ff010,25,0,0.77356046
568,test,A dog is running towards a ball,the path does not close,0.7746053,A dog is running towards a ball,1bd1b616cfdf80526df70126d73096cc061ba90d8ecac8ac73b3fa127b4d19dc,8,0,the path does not close,cbb106b4735e40aebbec7e66a2df134f6084e7b0f70eccf7cea8b88fa79d8957,5,0,0.7746053
573,search,a black dog is chasing two birds on the shore of the ocean .,A skunk is looking here and there.,0.77720153,a black dog is chasing two birds on the shore of the ocean .,3c827e36af6e4d44eb1f5578c88e82d01081e8a3e943b7def5ea5a6a2e17a8d4,17,0,A skunk is looking here and there.,17dff8993bb67556e367e65dc4a09ae1bca1c2485d5ff079fe75dff2c34d8e75,11,0,0.7772013
577,search,"tragic . my thoughts and prayers go out to all ... "" at least 220 killed in brazil nightclub fire """,death toll in colorado floods rises to four,0.77928174,"tragic . my thoughts and prayers go out to all ... "" at least 220 killed in brazil nightclub fire """,2b8709d53dc600c9aeb01512f8268393b232b7a486da494a3174137eea65150c,27,0,death toll in colorado floods rises to four,7b6fec6c7422d77f32e14f18b5f06c68838a1efdba6b8b2d6a4d264d14ece552,14,0,0.77928185
578,validation,6 killed in afghan capital mosque attack,"Egypt braces for more protests, prays for calm",0.7798023,6 killed in afghan capital mosque attack,c1132d415adf1ea28ad705b8754ffe46374032647cb364637991fb046d99fed8,10,0,"Egypt braces for more protests, prays for calm",d50efaa65cbc78a7e6e20852c751e02f8fe13b199da91da89c6ae77ebc777df6,12,0,0.77980244
579,test,fire at south korean bus terminal kills 5,“ : secret service dog falls to its death ” <unk> <unk>,0.7803249,fire at south korean bus terminal kills 5,1770d9e3065d4613ca96a0254cf24e452e812d7f3749a097810b19058a4886b2,12,0,“ : secret service dog falls to its death ” 😢 🐶,c307795ad9a8b73211379e7c3b50ed07676b8d19670e4989d7bfe0fc78eca4d7,16,0,0.77730006
580,test,cause ( a liquid ) to leach or percolate .,"guide , draw through",0.7808448,cause ( a liquid ) to leach or percolate .,2d8e1a5a325c55f82dea709d82d1818366c80f8bd8c006bae7a3840ba9555896,16,0,"guide , draw through",4f8854534c77a9a3e9dca9340cc9cd54b79521b8935c15af6aa2f56335bfd0ef,5,0,0.7808447
583,search,could be a lot of things .,your worry is a valid one ; the reader could be frustrated by this .,0.78239894,could be a lot of things .,77ac9d38ddb85b70d58bbd67fca83d60df37ce9090f4b671e127b6848647573a,9,0,your worry is a valid one ; the reader could be frustrated by this .,722e6e178e1f8c7d82bbb22319901537bf68d30fd2a16e2f168a359fcfd052e7,18,0,0.78239906
586,search,"he was listed last night in critical but stable condition at kings county hospital center , police said .",knox county health department is following national centers for disease control and prevention protocol to contain infection .,0.7839673,"he was listed last night in critical but stable condition at kings county hospital center , police said .",588dad85b9e885f3b3e2a34b567e9acbf3568e6b5a3fbd23567984e6c39d6a8a,24,0,knox county health department is following national centers for disease control and prevention protocol to contain infection .,51d17beef57195baefd67052f8bb3c04feeb6809dbb8aee06d7cecad9541a1de,21,0,0.7839675
590,search,afghan parliament votes to oust key ministers,new zealand votes to legalise same-sex marriage,0.786041,afghan parliament votes to oust key ministers,c317ecdd8b3003689aec81d9a0ae60c0790c808d6fa496303decfd0c1cac57e0,13,0,new zealand votes to legalise same-sex marriage,76813c35268d5a8c38115d85702151ff715cdd82cbde84c89ad7e1c35de00390,15,0,0.7860409
595,validation,6 killed in afghan capital mosque attack,homs offensive kills 200,0.78864384,6 killed in afghan capital mosque attack,c1132d415adf1ea28ad705b8754ffe46374032647cb364637991fb046d99fed8,10,0,homs offensive kills 200,b548113f93b103915325578bf98ab6e44f1d63365dc53a5cb077c21df1ba08a6,7,0,0.788644
599,search,a bicycle is parked by a shop .,young redheaded man holding two bicycles near beach .,0.79071766,a bicycle is parked by a shop .,8abe97c8ba194af3d3f0c53cb0e59204b8997d3a899bd75ffad8112c48d459ab,12,0,young redheaded man holding two bicycles near beach .,04ffdaa937255932ba92b733ce09ec73db358c9dc0f2dd6ada6e133aaeed495a,12,0,0.79071754
600,search,car bombing kills 53 in damascus,"more than 10,000 people , most of them civilians , have been killed in three decades of insurgency .",0.79124534,car bombing kills 53 in damascus,170c93930185ee6cdab21ad28745643c8eff966c3e0b86dc2ba7cbc95f598f8b,12,0,"more than 10,000 people , most of them civilians , have been killed in three decades of insurgency .",26c3fa7618bd7b05a9d85e16d987fc5fd2cdb46df456503e3b2daed0335339d3,26,0,0.79124546
601,search,A person is making a bed,"a living room with a blue sofa , camp bed , wooden bench and dresser .",0.7917669,A person is making a bed,9667a19c35518ce0429aec19f78ad074d5d2d1484b9c8fbf3d43e0dcc5d5cdbf,7,0,"a living room with a blue sofa , camp bed , wooden bench and dresser .",a1e496d93e76a218e5e1b50b96336e45d462572e704440f0c201e9ab0f55efae,22,0,0.79176676
603,test,cause ( a liquid ) to leach or percolate .,cause to reproduce ( plants or animals ),0.79279864,cause ( a liquid ) to leach or percolate .,2d8e1a5a325c55f82dea709d82d1818366c80f8bd8c006bae7a3840ba9555896,16,0,cause to reproduce ( plants or animals ),c2682d61053e7f811a1ff6670095785dc05daa6576d2868e0320733e614c4ea2,9,0,0.7927985
610,validation,A man is playing the trumpet.,a man is singing and playing the guitar .,0.7964293,A man is playing the trumpet.,7a317cab4ff0f7f0323e6731c36f8cb056a5e60a539fada0a1d1f56457cdc8ef,7,0,a man is singing and playing the guitar .,b3e7e0164344e4aaf8ebeae7941bc38ce4d58c52ffe685d19a4b48b335710c39,11,0,0.7964294
613,test,the state of being depleted .,lessen in force or effect .,0.79800344,the state of being depleted .,7e2413203e18802604005006244dc9c1b91b56a0ef80eef1a9749e99fa9d83fc,9,0,lessen in force or effect .,8c108214a459db177a50554654294a16ede970b222c77e1e8e4aa70b50600c30,8,0,0.7980037
617,test,cause to be in brief contact with .,cause to become awake or conscious .,0.8000752,cause to be in brief contact with .,0e98c79839fa77228356b76b8187809d9fc90fea5ff4bee43969b06a6184c5ce,9,0,cause to become awake or conscious .,7f0fdb5fadb9b73d1e09fad54984eba9e46d015c40ee3a6cb3321809ccbeaeb8,8,0,0.8000752
620,search,bulb b and c are on a closed path to the battery,gap between 3 and positive battery,0.8016387,bulb b and c are on a closed path to the battery,601e93ab31aec3b6cc3da07b623c5316776cc8c39d34507fbaced9aba1c018bb,15,0,gap between 3 and positive battery,ed89944f789cb49dd4ad678becd382af0e17eac87344278634dd2ed4863a478e,6,0,0.80163884
623,search,British Girl And Grandad Drown In Portugal,death toll rises in russia plane crash,0.8032047,British Girl And Grandad Drown In Portugal,9d0f9a5fa1911aa8052d7e0d0bf53d13ac4689c3bcd9e4604502a60988af68ad,10,0,death toll rises in russia plane crash,3118586f77ebde85d1d82f876c232d471eef69f6063122a2fba6f61381b4257c,10,0,0.803205
626,validation,The football is between the feet of a boy who is lying on the grass,A wet boy is cheerfully jumping around on dirty and wet grass,0.80475414,The football is between the feet of a boy who is lying on the grass,7106e5195216a068866189263e50e5df6904a083c7ed6e57d5a2afa6eefbbc57,16,0,A wet boy is cheerfully jumping around on dirty and wet grass,f50b6a8479ffd34f9673bcf0fd9a3522ca19cb4fdd0317c4ebd037eea7de837d,15,0,0.804754
627,search,a man and woman are talking .,A man is massaging a woman,0.8052822,a man and woman are talking .,26d9b2c95439a61826b22acd6393c068f501ca866deaa948c4e695f9a93440a5,9,0,A man is massaging a woman,1f913b4aab4764734adb95fcbdac8b7f35e101d23fe7632f604171332a3cc2a1,8,0,0.8052821
632,validation,A dirty tan dog is rolling in the dirt and looking right at the camera,A light brown dog is running up a street,0.80787444,A dirty tan dog is rolling in the dirt and looking right at the camera,91b09701c7fc1d6375f9c9684b406f14566912229e9ed9dbf01430d1d3f44311,17,0,A light brown dog is running up a street,d14abe112eeb0346c69b0437e9a4be7702a9ac59352e2b3ecb0ea894e5c5a38a,10,0,0.80787444
633,search,( cause to ) change from a gas to a liquid .,exhaust by allowing to pull on the line .,0.8084044,( cause to ) change from a gas to a liquid .,82781392ee19dea728964724d0edc144ddba42bc69e0232fd7841a1349246759,16,0,exhaust by allowing to pull on the line .,cfe93035133995dc90c2608b2785c0c9fefa83bebf0336441946e6080524b706,11,0,0.80840445
640,test,A hiker is on top of the mountain and is doing a joyful dance,A man is dancing on the ceiling,0.81204885,A hiker is on top of the mountain and is doing a joyful dance,3a1b0495d113ea613972955b69024f7b8d8a660feaf1bae6e09f233f2c2c4ac0,16,0,A man is dancing on the ceiling,9c12f809b719f4b7faa4fbe2fc555b5aaee9a5ce3ec477a95bef31ed53cf9949,7,0,0.81204915
642,test,a man is cutting carpet with a knife .,a man is slicing potato .,0.8130692,a man is cutting carpet with a knife .,9d6ad1112fd2fca131907536b787538a4c001c2b50ba4ca9f77f17d50c815c48,12,0,a man is slicing potato .,c128575c5027dde1e331922d81872559074b606f858c2f332b3a527e2525d1e2,11,0,0.8130692
644,search,the black dog is running on the grass with a toy in it 's mouth .,a dog is running toward the camera .,0.8141284,the black dog is running on the grass with a toy in it 's mouth .,63c14c43926fc0670785f912d948cf074ad306556b57d4d4b7958d2c46a9fc7c,21,0,a dog is running toward the camera .,9650072e3638a0ba5f5c788b6f4611b9c1d7f7369946e8feb8bea9a3777fe877,10,0,0.8141284
645,search,briton killed in algerian gas field attack,more deaths expected in canada oil train explosion,0.81464344,briton killed in algerian gas field attack,5d15005085346b3227033589c7d17db5797b21635e1551a4b3d3cfc81dc750be,12,0,more deaths expected in canada oil train explosion,03575350b821f30ac63476046c1d0e55f9eafd5a9f10c9270b675a959bdffa05,8,0,0.8146432
647,search,a solid piece of something ( usually having flat rectangular sides ) .,"this frame contains transparent nouns ( and some adjectives ) denoting quantities of a mass or of individuals. as opposed to aggregate words such as group , set , these quantity do not have a status as wholes on their own. initially , at least , we annotate both quantity of masses and of individuals in this frame , though we may split the frame along these lines later on .",0.81568253,a solid piece of something ( usually having flat rectangular sides ) .,2b9ea3e61aba3204641580469d3285425b0296027deb61706ac34d9637b03617,16,0,"this frame contains transparent nouns ( and some adjectives ) denoting quantities of a mass or of individuals. as opposed to aggregate words such as group , set , these quantity do not have a status as wholes on their own. initially , at least , we annotate both quantity of masses and of individuals in this frame , though we may split the frame along these lines later on .",cb60ee12d672fe4aa0b614eeb2a7a61c82b87d07385f52fab364829358e1acf7,90,0,0.81568253
649,search,The machine shaved the end of the pencil.,Someone is drawing a person,0.81673175,The machine shaved the end of the pencil.,b5a65a71c8b990617f1f13af247723005c01cb3e3bfebf9b0a2cb6cb2781621c,12,0,Someone is drawing a person,c34096e0bdca5f90f75c8d14f98ce2ed90749d5d23fd3a2e317bf219db1fd03e,6,0,0.8167318
657,validation,separate into constituents by soaking .,the act or means of getting rid of something .,0.82087815,separate into constituents by soaking .,ebdbde3383857adcf1bd0240030829520fe06ae3ccae063e1c0736b6ee4cad11,9,0,the act or means of getting rid of something .,b8355fca8e96ed0572cec8c17fea74afd4acbf0310b878ccfb14e63c7294ce6c,11,0,0.820878
660,validation,A brown and white dog is jumping in the air with a tennis ball in its mouth,a dog standing on a beach with a ball nearby .,0.82243836,A brown and white dog is jumping in the air with a tennis ball in its mouth,51bb8314bc7a469468ded5727b923a0ae5f77b22c42068b541fd1b7dff4abb41,18,0,a dog standing on a beach with a ball nearby .,08d11e7c21f629ed1893cfa685e0070ddd409504eea770b4f1e72725e11bfb48,15,0,0.822438
661,search,idolize / show devotion to,urge with or as if with a goad .,0.82296574,idolize / show devotion to,d4d0fb204f045bf8f08a4b5d504498af8e0e8f8fd19cb3e2e3d81afb041f90ca,7,0,urge with or as if with a goad .,bd64fbba78a716378cb2822e01867a40a490fa50d51294493252f6160ac97a65,14,0,0.82296574
663,validation,create and charge with a task or function .,take action or behave in a certain way,0.823978,create and charge with a task or function .,8668aa38654bb60ff4561686537c9e3cf2f63617c0bf9f622db1948142d4d6ee,11,0,take action or behave in a certain way,253a48afa8b8f4c826b77a6340469610d2648d7a4b09593def02be74dc063d76,9,0,0.82397795
667,search,a prominent attribute or aspect of something .,"this frame contains transparent nouns ( and some adjectives ) denoting quantities of a mass or of individuals. as opposed to aggregate words such as group , set , these quantity do not have a status as wholes on their own. initially , at least , we annotate both quantity of masses and of individuals in this frame , though we may split the frame along these lines later on .",0.82608724,a prominent attribute or aspect of something .,fbd5bf8f28e11eba7d80f67fb268afc2114c757e0e68cffbf643f72151123f88,10,0,"this frame contains transparent nouns ( and some adjectives ) denoting quantities of a mass or of individuals. as opposed to aggregate words such as group , set , these quantity do not have a status as wholes on their own. initially , at least , we annotate both quantity of masses and of individuals in this frame , though we may split the frame along these lines later on .",cb60ee12d672fe4aa0b614eeb2a7a61c82b87d07385f52fab364829358e1acf7,90,0,0.82608724
668,search,"nicaragua , venezuela offer asylum to snowden",assange appeals extradition to uk 's top court,0.8266196,"nicaragua , venezuela offer asylum to snowden",4da7d5ba84da2d6482b2aeef2b16359e271deca8235e559360eec6ab5b1b5554,17,0,assange appeals extradition to uk 's top court,d322eee6e650fa57c3100141a9810ab2a8690bc161e53059e50dc37025b2e01d,15,0,0.82661974
671,search,pakistani girl shot by taliban appears on video,8 soldiers killed in bomb attack in NW Pakistan,0.8281536,pakistani girl shot by taliban appears on video,678bfebb236ac989a515fd81913803732efe5113b3f064061086c20f008a1023,14,0,8 soldiers killed in bomb attack in NW Pakistan,60d894519f4003eb4ef37d7bb5ae3227faa3d45e10710d9e59699ebdaa550d10,9,0,0.8281534
674,search,Chinese stocks open lower Friday,"Corixa's stock barely flinched on the news, dipping 12 cents to close at $6.88.",0.8297199,Chinese stocks open lower Friday,d7d40abd8494019204d67ab636282ca34b355e46157dc2dbd9c0daa49796706d,5,0,"Corixa's stock barely flinched on the news, dipping 12 cents to close at $6.88.",ec8135c07ed08ce3585244ba46677c5d3134f8e5c410933a439b0652d416b2fa,28,0,0.8297199
677,search,the activity of supplying or providing something .,"impose , involve , or imply as a necessary accompaniment or result .",0.8312887,the activity of supplying or providing something .,22afb7781df9fa80d3896b5c23e3f87b8e4ba83f18955afc57022dd8824de90e,10,0,"impose , involve , or imply as a necessary accompaniment or result .",b7b8ffd43d87b89a0251c300085ef25775b0c9bde7116fa574f97f3b27d3a1ae,19,0,0.8312888
679,validation,"oppose or approach , as in hostility or competition",take action or behave in a certain way,0.8323019,"oppose or approach , as in hostility or competition",a8cfa489eafa0cb0ec3d9f9180c3223fb4d7bc77724207f6bb546c233812ced3,12,0,take action or behave in a certain way,253a48afa8b8f4c826b77a6340469610d2648d7a4b09593def02be74dc063d76,9,0,0.83230203
682,validation,make a certain size or sort according to size,make fine adjustments or divide into marked intervals for optimal measuring .,0.8338897,make a certain size or sort according to size,bba3ac5690feb41156c8384fa81cb1bd85fb30eccc85012b2011f208ec2fd5d3,10,0,make fine adjustments or divide into marked intervals for optimal measuring .,cf7a6d308eaf3a5b8e515a4e53ee12a402f0b5223a05c55eaf3557987b121131,14,0,0.8338896
683,search,There is no man putting some cheese on a pizza,There is no man dressed in black wearing an elaborate black mask,0.8344222,There is no man putting some cheese on a pizza,a765ff509c4b4d6bcebe2004f0e8a02d3b8e644a2d99d13e4706c7df74d306d6,12,0,There is no man dressed in black wearing an elaborate black mask,3d4eba992d51588c5e853e2c4d75d9fdabbef9756f28e316e9f6fef48e045d81,12,0,0.83442223
686,validation,"oppose or approach , as in hostility or competition",take or have a position relative to others .,0.8359547,"oppose or approach , as in hostility or competition",a8cfa489eafa0cb0ec3d9f9180c3223fb4d7bc77724207f6bb546c233812ced3,12,0,take or have a position relative to others .,1c8946c1b462efc8e97f8c15f311bcfdcbb4682edc9a0bf478ff875ea72a4e54,11,0,0.8359549
689,test,earthquake of 6.3 magnitude strikes off indonesia island,"volcano erupts in indonesia -100,000 evacuated and airports closed",0.83748657,earthquake of 6.3 magnitude strikes off indonesia island,0d2ec4c12d3e274f946ba04f65385929bc737a53e0e35ccf465438ead6fd0ecd,14,0,"volcano erupts in indonesia -100,000 evacuated and airports closed",26f1ccdc2e6abd147dcfbe15da3e3473e97520efcfb5325d5a2ea04ea944514d,23,0,0.8374866
690,search,( cause to ) move gently back and forth,"stop for a moment , as if out of uncertainty or caution .",0.83804715,( cause to ) move gently back and forth,66a98674a7951860264a2dafdd7a4789d264408ffaac71f654dd88940928a690,10,0,"stop for a moment , as if out of uncertainty or caution .",f70b19b3a9574db712f1344b38658fc6701dbe8a67589039f34a4af9966ada3d,17,0,0.8380474
693,search,a man and a woman walk through the woods .,two people are walking through some water .,0.83956015,a man and a woman walk through the woods .,25463ba033ddb56e4e6e6f7e1ef320d2235a1d84ead9461adae14e807870608b,14,0,two people are walking through some water .,640b92a028555b305828c1fd39c8cc37cf768859005d7ee84abbd5dde41e330b,9,0,0.8395599
706,test,"immerse or be immersed in a boiling liquid , for purposes of cooking or processing .",cause ( a liquid ) to leach or percolate .,0.8463233,"immerse or be immersed in a boiling liquid , for purposes of cooking or processing .",b18e58c13c2521a46975de89ce165e67528d9f6342bc529c1dc72242f1f43897,22,0,cause ( a liquid ) to leach or percolate .,2d8e1a5a325c55f82dea709d82d1818366c80f8bd8c006bae7a3840ba9555896,16,0,0.84632313
707,validation,A dog with a ball is being chased in the grass,A dog running across the snow with a snowball in it's mouth.,0.84682065,A dog with a ball is being chased in the grass,3aa561f6a8d132a485c816b962d192bb46e4b14cd087e5b6637cbfd75e5eb697,13,0,A dog running across the snow with a snowball in it's mouth.,7d8f3f1f6f1beb2b828ce274b1b8c565263565ec4be1a18a77362c686549e447,17,0,0.8468208
708,test,Two dogs playing in a yard.,One white dog and one black one are running side by side on the grass,0.84734756,Two dogs playing in a yard.,9dd94b106ea943561e911c8385794bc6d9f64a155d25ad6ec961a1405a89b1e5,8,0,One white dog and one black one are running side by side on the grass,779b758ee8024808c0416f840cb2fb65f85c1a32fa5975b52cf77bfcb5fe783e,15,0,0.8473476
710,search,you have reached a point where the terminals are not connected to each other .,because terminal 4 is connected to the positive terminal but not the negative terminal,0.84855676,you have reached a point where the terminals are not connected to each other .,e265993c53dd89cf07139ad126b14f7858deeda785418dfeede917eb41b50a63,18,0,because terminal 4 is connected to the positive terminal but not the negative terminal,5319cebcbd8b55984a1ab38e06729868490fc2279afb86b79d0dcf9935a84fd1,14,0,0.84855664
712,search,a black table with white fuzzy chair .,dining room with wooden dining table set with playmates .,0.849469,a black table with white fuzzy chair .,80625f5133b68091ab951de91a685a7750bc6410d749e758da64471c8dab4d0a,10,0,dining room with wooden dining table set with playmates .,0be5f8de1a2df4a38464284ef8dc9b782d78d045ad9312bd3e46c7cb41d0e4c5,12,0,0.8494688
716,validation,foreign militants killed in somalia in strike on car,at least 20 dead in somalia attacks,0.8515695,foreign militants killed in somalia in strike on car,753c861d5e695ba2efde42cd47da5748769ebd834841404a72b5cfd404e5bf61,12,0,at least 20 dead in somalia attacks,07ba4c4fbbea6dda2cd3f41b8bf9411b38ead006417b39f0fc37e3b0ccc3a0b4,9,0,0.8515694
722,search,Rugby players are tackling each other,The players are kicking each other while attempting to kick the ball.,0.8546026,Rugby players are tackling each other,e6b6396fdbfb5fd4cc6b65bf03a78b3ecbddae8194bc22703c019e90a54880f0,7,0,The players are kicking each other while attempting to kick the ball.,e51172a60a1dbbc2f06ebbf967cd425c4d674f1a6e549f1ca7bef5554446e77b,15,0,0.85460246
730,search,"shares of tampa-based outback steakhouse inc. closed at $ 44.50 , up $ 1.78 , or 4.2 percent , on the new york stock exchange .",declining issues outnumbered advancers slightly more than 3 to 1 on the new york stock exchange .,0.85867953,"shares of tampa-based outback steakhouse inc. closed at $ 44.50 , up $ 1.78 , or 4.2 percent , on the new york stock exchange .",3171f638b3c2599cab260b99481490e91080ef1066224dfd388be22756609b69,43,0,declining issues outnumbered advancers slightly more than 3 to 1 on the new york stock exchange .,78b533067437c15dd694cb5e45c631a285ffb9cb69c4df92d2a2e325350161eb,21,0,0.8586794
731,validation,"if c burns out , then a and b are still in a closed path .",bulb c and switch z are in the same closed path,0.85928464,"if c burns out , then a and b are still in a closed path .",87e9d3bee2fb8e0f697d1db8236e41e13440edfff4e46fd436efad20bb447040,24,0,bulb c and switch z are in the same closed path,4a6a4e532f62ec7237ca2b2b24d64d3a4e2c3882a6cd8d85e900939b39048d2c,13,0,0.8592848
751,search,tokyo stocks close 0.75pc down,chinese shares close lower on wednesday,0.8690578,tokyo stocks close 0.75pc down,5a0f868822fc9c3ef5b1b35b83c1119b64b03664f08a23ff4eadf2b467cda104,10,0,chinese shares close lower on wednesday,6493fbc00b5400c86a0838e449d7a41569f8ddf579d0cb6aaad9389317dbb6ae,12,0,0.8690578
753,validation,switch z is closed so it still creates a complete path to the battery,bulb c and switch z are in the same closed path,0.86941063,switch z is closed so it still creates a complete path to the battery,c56e4f40a1b7b82aec9be69e0c1ec7efe0609d99c1dba542776c3f6ca40ed55d,17,0,bulb c and switch z are in the same closed path,4a6a4e532f62ec7237ca2b2b24d64d3a4e2c3882a6cd8d85e900939b39048d2c,13,0,0.86941075
756,search,extend out or project in space .,extend in a different direction .,0.87024224,extend out or project in space .,5acdc404f4520cf6d6441a592bac31c948772f8c0f46ae2084b70af94d380077,8,0,extend in a different direction .,327144689b652cfe1706cd70ad2225d876f567bb21511294a0ea5c1bae78b713,8,0,0.87024224
757,search,Some guy sitting on a couch watching television.,a man sits on a bed very close to a small television .,0.8702545,Some guy sitting on a couch watching television.,6af3ddfff2ac4e9212cd8a5e005a90869918f202e0cd4acc7a8fa0690a156e42,10,0,a man sits on a bed very close to a small television .,1ad08e0f98a9d13e7e01364157530a04251226910e58ab81eb296e17461394f3,18,0,0.8702545
763,test,a man is climbing a wall .,A man is climbing up a rope,0.87096393,a man is climbing a wall .,fa2c37398ae91b6755d8071c7fdc9f2d52880085b7bebc868f0c5e09ecf36535,10,0,A man is climbing up a rope,24f328a9053b2cf888eecd4f074010d411093602bb6e5875b118c90df706f4a5,8,0,0.87096405
772,search,There is no person riding a jetski in the waves,There is no brown dog standing in the water,0.8730066,There is no person riding a jetski in the waves,a7c92dfa7f11bc59da0ad58ab47f78c6d952574f80020e1c65064edec4f63e51,12,0,There is no brown dog standing in the water,322d6641e41976d436a4ca6f4902a73a1f736bf9042da8f47214b4029e070b2c,9,0,0.87300634
773,test,A man is peeling a potato.,A person is slicing a potato.,0.87328625,A man is peeling a potato.,ad5ac6fb236baa18ccfce3d4f7e6f194f8eb61bef175427c9dec15f573bfd0d3,9,0,A person is slicing a potato.,459fc997e9da09a6aab892eede8d30e6145fcbcbdaadf43a41622d474914d692,11,0,0.8732861
774,validation,two brown dogs runs through the water .,A few animals are playing in the water,0.8734344,two brown dogs runs through the water .,f9ac2f3348b288dd6c39a1ca107f6ce0cc14e64abc6176ff57cc1d5e9fe5d911,9,0,A few animals are playing in the water,5607e60509f0b9d7446bfc974bd5b3c56002431838459613a82901cdc465dc32,8,0,0.8734346
777,search,a long train is on train tracks .,a mostly black train on a track .,0.8739345,a long train is on train tracks .,887c202aa4ce6bff02b6ad103db9b71fcb20a0c8eed77f59d7fb2d0ef845a0d1,10,0,a mostly black train on a track .,283e24e33f814bc5c831493fc51e141e622d31426caeb99b9720e220a9e97cba,11,0,0.87393475
778,search,Nelson Mandela in Hospital for Tests,algerian president in france for medical tests,0.8740049,Nelson Mandela in Hospital for Tests,946e3404e4ab063c7eb5d800f1372f77c33d909be39ec002581c3de07c030c17,8,0,algerian president in france for medical tests,084b6efb1a2b06104c70a6855c4f50e65bce2ab3c9bb84edb212532118b2cd1e,10,0,0.8740051
780,test,a damaged bulb creates a gap in the path .,bulb b and bulb c are contained within a closed path,0.87412333,a damaged bulb creates a gap in the path .,5ed99183701306adddf797c8a3d4e0f0feceb5fefe201a0270d042674d3732be,14,0,bulb b and bulb c are contained within a closed path,78d02e30c5c721f502ab7657e59c179bd5dd6753798f567eef34f89858784c82,14,0,0.8741232
782,validation,I guess it depends on what you're going to do.,You have to decide what you want to get out of this.,0.8742165,I guess it depends on what you're going to do.,49d73bd75c712c77e8d9238edd37360da41ec8fb7b836b1560bd652e846e2b0f,13,0,You have to decide what you want to get out of this.,aed4e526a878f5f81cc3693fa58dbeb0d33f4310fdd390ccf1f644bc0474bd8e,13,0,0.8742162
783,search,a ginger and white cat curled up and asleep on a leather chair .,a black and white cat lying on a blanket .,0.8744116,a ginger and white cat curled up and asleep on a leather chair .,5ac7fd4ee2d6c68a11ed244d59b5711a156b9ce8c5d27a0ede154b87e4299cb7,18,0,a black and white cat lying on a blanket .,a28bf6f0b5b7219eb3305613fe47191e99be84e4eeca0d57b69f901f9f87248f,13,0,0.87441146
789,validation,Bomb blast kills 10 in southwest Pakistan,6 killed in afghan capital mosque attack,0.8753739,Bomb blast kills 10 in southwest Pakistan,bf2f58ef95085c916c1684ac8d4effe1d583c758c055359220541d14c39b7870,8,0,6 killed in afghan capital mosque attack,c1132d415adf1ea28ad705b8754ffe46374032647cb364637991fb046d99fed8,10,0,0.87537426
810,test,A dog with long hair and a red vest is running in the grass,The golden dog is running through a field of tall grass,0.87988687,A dog with long hair and a red vest is running in the grass,6528384db32204a0afeb800d2913546763d6baf9da76d1b4a245313c076f2146,15,0,The golden dog is running through a field of tall grass,268fc0e04cb5dcbbad4ea595687fbec1ed400ef813e5479599f42ac246c06acf,12,0,0.8798866
811,search,The boy is not playing the piano,A girl is not playing the guitar,0.88054496,The boy is not playing the piano,2d0339d1b0c652bfdd6efc238ca240e69fece090e3cf23f94a833ab2110f5b75,7,0,A girl is not playing the guitar,921c76b68fbf40615e1564616f22367397d7fb8997330d3b3d58d98042563e40,7,0,0.8805451
815,search,blast kills 10 young girls in eastern afghanistan,8 soldiers killed in bomb attack in NW Pakistan,0.88080376,blast kills 10 young girls in eastern afghanistan,2a6a3e0ed0070a8f5eb161cbad04756b82600ede73699ac7b6657fe30d9be7b1,14,0,8 soldiers killed in bomb attack in NW Pakistan,60d894519f4003eb4ef37d7bb5ae3227faa3d45e10710d9e59699ebdaa550d10,9,0,0.8808035
818,search,bomb kills three in northwest pakistan,8 soldiers killed in bomb attack in NW Pakistan,0.8814366,bomb kills three in northwest pakistan,6dcd9bd11993b1cc7af8a24aea541101a09f6a2ff8662b356ffd105bc7482ef4,10,0,8 soldiers killed in bomb attack in NW Pakistan,60d894519f4003eb4ef37d7bb5ae3227faa3d45e10710d9e59699ebdaa550d10,9,0,0.8814362
819,test,wet with a spurt of liquid .,cause ( a liquid ) to leach or percolate .,0.88164926,wet with a spurt of liquid .,71a43a44d9657aa0b67a9c71eef3c4a616090fa436d21ee12efaff7a7606c20a,11,0,cause ( a liquid ) to leach or percolate .,2d8e1a5a325c55f82dea709d82d1818366c80f8bd8c006bae7a3840ba9555896,16,0,0.881649
820,test,gunmen kill 11 foreign tourists in pakistan,twelve killed as gunmen raid village,0.8817088,gunmen kill 11 foreign tourists in pakistan,e3fad5b6926a4e1093ff49fc6df90e7a2204dd7b55cb0e4fba316422ca647db4,11,0,twelve killed as gunmen raid village,0e34ba6b1d8382831ebcf493a96d87bebccda2fb8751ce8b06987a5cc7308195,7,0,0.8817086
822,test,A dog with really long hair and a red vest is running in the grass,The golden dog is running through a field of tall grass,0.8823533,A dog with really long hair and a red vest is running in the grass,63287d60490005a5345d761ed1bf028050b3ccdc079f22142ae26a2ce9d1315f,16,0,The golden dog is running through a field of tall grass,268fc0e04cb5dcbbad4ea595687fbec1ed400ef813e5479599f42ac246c06acf,12,0,0.8823532
824,validation,""" the electrical state at the terminal matches the battery "" "" s electrical state """,because the battery has its own chemical reacion between the positive and negative tterminals it contains,0.8827608,""" the electrical state at the terminal matches the battery "" "" s electrical state """,b9ea3576499d422d22a35d99e818259198da1ec25918f1cad7e357a2f5b3d296,17,0,because the battery has its own chemical reacion between the positive and negative tterminals it contains,64155233bf439b18438738b6afdd14af97508c19e737e7819658c15c90368ef1,21,0,0.8827609
827,search,a train sitting on the tracks near a field .,a mostly black train on a track .,0.8831189,a train sitting on the tracks near a field .,e4687480e333aacad84985237036bc02fcf6e071808cbe687cbddb2110ae05d5,13,0,a mostly black train on a track .,283e24e33f814bc5c831493fc51e141e622d31426caeb99b9720e220a9e97cba,11,0,0.8831192
828,search,tunisia opposition leader slain ; protests erupt,thai protesters obstruct vote ; 1 dead in violence,0.8832513,tunisia opposition leader slain ; protests erupt,9c66c13b3e0e1c443e01fcfc65e3b41211e2fbc3ff6cdcf0e6bbcdadf969d26e,17,0,thai protesters obstruct vote ; 1 dead in violence,f96392db365791ce8074d022dd3f3505d57d8ab188637d5001e96fdb33f7201d,17,0,0.8832512
829,search,The boy is not playing the piano,The boy isn't playing the piano happily,0.8835249,The boy is not playing the piano,2d0339d1b0c652bfdd6efc238ca240e69fece090e3cf23f94a833ab2110f5b75,7,0,The boy isn't playing the piano happily,2ef82234a69806b5d40f7a1808cb0c28a287d6b0a97e66077f3a1cd23c4e5160,10,0,0.883525
833,validation,"A dog, which is brown, is jumping in the air",A brown and white dog is jumping in the air with a tennis ball in its mouth,0.88385,"A dog, which is brown, is jumping in the air",365b3f0ee91493d41a170ebaa7f3c984e872221b4fae3dfcfb6ce8b4e5c14e07,12,0,A brown and white dog is jumping in the air with a tennis ball in its mouth,51bb8314bc7a469468ded5727b923a0ae5f77b22c42068b541fd1b7dff4abb41,18,0,0.88385004
834,search,A woman is falling off a horse,a man gets knocked off of a horse .,0.8839287,A woman is falling off a horse,3e85377ee982afecf6fedfb0d0f400dd149b26555d20ed55b7e314d162e2f356,8,0,a man gets knocked off of a horse .,d3a20a798c0952682a10af74eafa4dc447a5417413df3a0d2a3ee37a9cedf9a7,14,0,0.8839287
837,search,ten killed in alaska plane crash,death toll rises in russia plane crash,0.8841532,ten killed in alaska plane crash,f3e4ce3d559f9dd2bb9729451e3777c50c4367ad75362abde0469410dfc9d348,9,0,death toll rises in russia plane crash,3118586f77ebde85d1d82f876c232d471eef69f6063122a2fba6f61381b4257c,10,0,0.88415337
839,search,if the other bulb is no longer contained in a closed path with the battery,the switch has to be within a closed path with the bulb and battery,0.8844685,if the other bulb is no longer contained in a closed path with the battery,8841b6f1ecacf21f65cf7e266cf967dd0085fd1f63b238463e705a4a2abd4d4d,17,0,the switch has to be within a closed path with the bulb and battery,c723483134a38d56b56bf0b9166922eea4d15d9d85a2dd56f6eda9ef9b501f2c,15,0,0.8844685
842,search,A person is spreading butter on a tray,a man is applying butter to bread .,0.88541836,A person is spreading butter on a tray,577981d8aa48c08ffce1f21f0a56c8980aed0ac25b5d2a37c9dac10418e0c4df,9,0,a man is applying butter to bread .,20cac860c1eca2449a8731dea6cb3daf920dcd8c51cf5f08821a26c6d36f5169,10,0,0.8854183
847,test,the positive battery terminal is connected to terminal 6,the terminals are not separated by a gap,0.8862556,the positive battery terminal is connected to terminal 6,92d53ce257a6a02cab6c31971d3add3191ceb8cea9371203ef3404fc4dbfa6c4,9,0,the terminals are not separated by a gap,d44730cd03c6f8b8f9cf132fbe402daa080e307146668fa3df0be00ac3a0e731,10,0,0.88625544
849,search,a long train is on train tracks .,a train sitting on the tracks near a field .,0.8867715,a long train is on train tracks .,887c202aa4ce6bff02b6ad103db9b71fcb20a0c8eed77f59d7fb2d0ef845a0d1,10,0,a train sitting on the tracks near a field .,e4687480e333aacad84985237036bc02fcf6e071808cbe687cbddb2110ae05d5,13,0,0.88677144
855,search,both components need to be in closed paths .,the switch has to be within a closed path with the bulb and battery,0.8880288,both components need to be in closed paths .,9b058a66f3a4eca204b5a829ce62681baf04815b1344c3ae585afcb6f1a52bd6,10,0,the switch has to be within a closed path with the bulb and battery,c723483134a38d56b56bf0b9166922eea4d15d9d85a2dd56f6eda9ef9b501f2c,15,0,0.8880291
858,search,bulb b and bulb c were still contained in the same closed path with the battery .,the switch has to be within a closed path with the bulb and battery,0.88827896,bulb b and bulb c were still contained in the same closed path with the battery .,36487751d5a5f3dd7fe01e22766d3e4cb682f2e9f2a7181fb3aa937dd1916a97,20,0,the switch has to be within a closed path with the bulb and battery,c723483134a38d56b56bf0b9166922eea4d15d9d85a2dd56f6eda9ef9b501f2c,15,0,0.88827896
862,search,express audibly ; utter sounds ( not necessarily words ) .,utter in a certain way,0.8888307,express audibly ; utter sounds ( not necessarily words ) .,6722820342ab85f03b9c997e74aa09956a7c18ca1b1c522f177d7fa56833f92f,17,0,utter in a certain way,2f0eaa4b14647f96f0e7e69c8cf7ed7c0c09c8fb28f7e54bdad76ab4a4f4f260,7,0,0.888831
865,search,military plane crashes in south france : authorities,death toll rises in russia plane crash,0.88998544,military plane crashes in south france : authorities,9671e0352e6607aedf01b6e880603854c058bb0d5319f82597395b36610c9575,10,0,death toll rises in russia plane crash,3118586f77ebde85d1d82f876c232d471eef69f6063122a2fba6f61381b4257c,10,0,0.88998544
866,test,A man is peeling a potato.,The lady is peeling the potato,0.89010704,A man is peeling a potato.,ad5ac6fb236baa18ccfce3d4f7e6f194f8eb61bef175427c9dec15f573bfd0d3,9,0,The lady is peeling the potato,776b976c722b07f472eac34beef2ff0b51a85eecfa4386e572e601498fe2e4e3,7,0,0.890107
869,search,if the other bulb is no longer contained in a closed path with the battery,bulb b and c are on a closed path to the battery,0.89073104,if the other bulb is no longer contained in a closed path with the battery,8841b6f1ecacf21f65cf7e266cf967dd0085fd1f63b238463e705a4a2abd4d4d,17,0,bulb b and c are on a closed path to the battery,601e93ab31aec3b6cc3da07b623c5316776cc8c39d34507fbaced9aba1c018bb,15,0,0.8907307
870,search,a black dog looking at the camera .,a dog is running toward the camera .,0.8910533,a black dog looking at the camera .,2cf7a7600ad747406442882cb3543362e4f5e916529ce97e582f3d1c79319d42,10,0,a dog is running toward the camera .,9650072e3638a0ba5f5c788b6f4611b9c1d7f7369946e8feb8bea9a3777fe877,10,0,0.8910532
872,test,a man is slicing potato .,A man is peeling a potato.,0.8913895,a man is slicing potato .,c128575c5027dde1e331922d81872559074b606f858c2f332b3a527e2525d1e2,11,0,A man is peeling a potato.,ad5ac6fb236baa18ccfce3d4f7e6f194f8eb61bef175427c9dec15f573bfd0d3,9,0,0.89138937
876,search,someoen is playing guitar .,A man plays a guitar.,0.89204425,someoen is playing guitar .,f596c058c76316d0114d167d571be1fe6d4dd52bff26d0b56412b9c80997a534,8,0,A man plays a guitar.,e6263d846e6f0ad20e5292a7109b2897054dbcc00646052adf34860fc583c22f,7,0,0.8920444
882,search,the man is playing the guitar .,someoen is playing guitar .,0.89373803,the man is playing the guitar .,9026fd6af9bda97689b59705479d762289b7e0fe632e91aff77b387924c1ef1f,8,0,someoen is playing guitar .,f596c058c76316d0114d167d571be1fe6d4dd52bff26d0b56412b9c80997a534,8,0,0.8937382
883,search,black and white cow standing near pile of snow .,a black and white photo of a cow under a tree.,0.89387363,black and white cow standing near pile of snow .,b4d9bc2ab5b70dd706a902507aa7e156373e2dd96e4b9d87b28e5ae3589755d7,11,0,a black and white photo of a cow under a tree.,4f8fc52746644eda9b284054732a10c9280fee8cd00be7b168e7a7f34f7bf079,15,0,0.8938737
884,test,A man is climbing up a rope,One man is climbing the cliff with a rope,0.8942884,A man is climbing up a rope,24f328a9053b2cf888eecd4f074010d411093602bb6e5875b118c90df706f4a5,8,0,One man is climbing the cliff with a rope,acb1119e6b9f68e0a7efd30493136a782c6745c76799d342725b2d93ba4992d1,11,0,0.8942884
885,validation,iran nuclear talks expected to resume this week,"iran , atomic agency in first talks since rowhani election",0.89482605,iran nuclear talks expected to resume this week,c029c80029f8c35887739d75ffef4deb546d395557d95ccdc5869d3e5341caa9,10,0,"iran , atomic agency in first talks since rowhani election",2f8db6a50bcc4ab3f465bb2e140786819f3ceccb5281da1107e2c075bbf8dab0,16,0,0.89482605
893,search,a dog jumping into a swimming pool .,a dog is looking into swimming pool .,0.89907396,a dog jumping into a swimming pool .,73a7dd1215b229e046878bae1d90327e5fbb0e2e1a9c9b11121ccc30d428ef0b,11,0,a dog is looking into swimming pool .,9d2914e54bd55ed0118c200c0f28b47fa2c376ced1b301d8bc3957b0ca12276f,10,0,0.8990741
897,test,request urgently and forcefully .,make a request or demand for something to somebody .,0.8997465,request urgently and forcefully .,bccf5a3fe6518281ace926c6ab0a05e663e0063d740390a273776be1a9927877,8,0,make a request or demand for something to somebody .,b44e8900010aa21f774f4dcfac7db49e11cf8a075e7a2f831a2717bd2e637eeb,12,0,0.8997464
899,search,A group of people are ice skating in a big city.,The ice skating rink placed outdoors is full of people,0.90047646,A group of people are ice skating in a big city.,9908ee54b5acae30a5d3762f6405ac7908f9f5db2d8802eb96e7fa4a6627aa76,14,0,The ice skating rink placed outdoors is full of people,92ab795bc4ca4694d775bd5960850f1b969731571fb63ab4419a5e006afe4fa8,12,0,0.9004767
910,validation,a man playing the guitar .,a man is singing and playing the guitar .,0.90467024,a man playing the guitar .,65777318f5cd12f8c966018859a59863742fbf0b6e26c896c1ba095c516ff087,8,0,a man is singing and playing the guitar .,b3e7e0164344e4aaf8ebeae7941bc38ce4d58c52ffe685d19a4b48b335710c39,11,0,0.90467036
911,search,A girl is not playing the guitar,A boy is not playing a guitar,0.9055521,A girl is not playing the guitar,921c76b68fbf40615e1564616f22367397d7fb8997330d3b3d58d98042563e40,7,0,A boy is not playing a guitar,a0b52276ee75b60eb82350d9cd99913f49b1ba2701ee2a205e2042b96d13f798,8,0,0.90555215
912,validation,A dark black dog and a light brown dog are fighting in the backyard,A black dog fighting with a brown dog in the snow.,0.9055821,A dark black dog and a light brown dog are fighting in the backyard,80d390e9003e8697a9cce4b3d5d588dd2a30c6e86b4cd5b8e12db92d8939a206,15,0,A black dog fighting with a brown dog in the snow.,d27267da4fed1e111c65030260b2c06c1bdca14eae88066097d79d1072acee0c,13,0,0.9055821
918,validation,Two little boys are wearing tuxedos,Some boys being dressed with a carpet are sitting on two red tuxedos,0.9085474,Two little boys are wearing tuxedos,99eebfea295270909a29e1c7746e76ad48d2d59bdf6fa387b0291041c1689505,12,0,Some boys being dressed with a carpet are sitting on two red tuxedos,bd83b2aa606b73ba28250f2d9826d04923aa2e068da247548cfae91956951f89,20,0,0.9085475
922,validation,two brown dogs runs through the water .,black and white dog running through water .,0.90936095,two brown dogs runs through the water .,f9ac2f3348b288dd6c39a1ca107f6ce0cc14e64abc6176ff57cc1d5e9fe5d911,9,0,black and white dog running through water .,f347ef519ac4c1fc20b685b5f825a65063364352ca6537874e2658a11a40da57,9,0,0.90936124
923,validation,Two little boys are wearing tuxedos,"Two boys, who look small, dressed in tuxedos are sitting on a red carpeted floor",0.9093708,Two little boys are wearing tuxedos,99eebfea295270909a29e1c7746e76ad48d2d59bdf6fa387b0291041c1689505,12,0,"Two boys, who look small, dressed in tuxedos are sitting on a red carpeted floor",749fa0127b9d494e30d855940490fa2cf863c197948c22a7f635b0745378b887,26,0,0.9093706
924,search,a passenger jet flies through the air .,a large passenger jet flying close to the ground .,0.90940857,a passenger jet flies through the air .,d562ae82165d4923b09c3038a0d45d78aca2eb9637027f18ea8963e67f57ae2d,12,0,a large passenger jet flying close to the ground .,147524a26f0cfe5244756cc6f704e2228449b39f82c31834c9ffa045bf466774,12,0,0.90940857
925,search,south african icon nelson mandela hospitalized,Nelson Mandela in Hospital for Tests,0.9098298,south african icon nelson mandela hospitalized,1cc1ca73b17eb5156b307df04c67f24481e2f17038a741bac10e246d981e0520,13,0,Nelson Mandela in Hospital for Tests,946e3404e4ab063c7eb5d800f1372f77c33d909be39ec002581c3de07c030c17,8,0,0.9098298
926,search,because terminal 4 is connected to the positive terminal but not the negative terminal,terminal 1 is connected to the positive terminal,0.9100021,because terminal 4 is connected to the positive terminal but not the negative terminal,5319cebcbd8b55984a1ab38e06729868490fc2279afb86b79d0dcf9935a84fd1,14,0,terminal 1 is connected to the positive terminal,b8c33c69d3be7e4d2d9662c6f6e537cd8225e2fd6a594beee8d2721bc2e67677,8,0,0.9100021
928,search,bulb a was still in a closed path with the battery,the switch has to be within a closed path with the bulb and battery,0.9119903,bulb a was still in a closed path with the battery,c9dae40235d7085d688edffad19e4b1e53931d6b5935b46301d58ac1d69b0769,13,0,the switch has to be within a closed path with the bulb and battery,c723483134a38d56b56bf0b9166922eea4d15d9d85a2dd56f6eda9ef9b501f2c,15,0,0.9119902
930,search,A little girl with blond hair is smiling and sitting on a swing,the girl is on a swing .,0.9125986,A little girl with blond hair is smiling and sitting on a swing,72798b71adba3226c4759e2812115791cb72502dfeb5669b37ffa2932cd299d8,16,0,the girl is on a swing .,f92e978fb5d9325ac760afda0fc6393b72b9f66f61dd03a1f62bfe158b0c8004,9,0,0.91259855
937,validation,a woman is slicing cucumber .,A woman is slicing a tomato,0.91534364,a woman is slicing cucumber .,14f5f37f0f21c6e758cbbc544d47389547964e12ae8b865a91d933d81e787077,11,0,A woman is slicing a tomato,16b28278697300cbb3f9ce4c183203c7ade4fa9b6eb878d0f879091e530c352c,10,0,0.9153435
946,search,"5.9-magnitude quake hits sunda strait , indonesia : usgs",6.4-magnitude quake strikes off indonesia,0.9202065,"5.9-magnitude quake hits sunda strait , indonesia : usgs",aeb120a729ec2c32139739cc54015731c24304c92425411febc5b817c6d8d2eb,30,0,6.4-magnitude quake strikes off indonesia,a357ba31cc8a401dc9a6cbec4825abe585cdd0108d35891402284a3e7e71e96c,17,0,0.92020667
948,search,bulb b and bulb c were still contained in the same closed path with the battery .,bulb a was still in a closed path with the battery,0.92300874,bulb b and bulb c were still contained in the same closed path with the battery .,36487751d5a5f3dd7fe01e22766d3e4cb682f2e9f2a7181fb3aa937dd1916a97,20,0,bulb a was still in a closed path with the battery,c9dae40235d7085d688edffad19e4b1e53931d6b5935b46301d58ac1d69b0769,13,0,0.92300856
953,search,the black dog is running on the grass with a toy in it 's mouth .,a black dog is running through the grass carrying something red in its mouth .,0.92647934,the black dog is running on the grass with a toy in it 's mouth .,63c14c43926fc0670785f912d948cf074ad306556b57d4d4b7958d2c46a9fc7c,21,0,a black dog is running through the grass carrying something red in its mouth .,ce40db1f4b1cecc6f7194dba5d6590138437abf51f5c930eab3bda6adfe0a09d,17,0,0.9264792
954,search,"his aides warn an abrupt departure could trigger more bloodshed , a view shared by many in liberia .","Taylor's aides warn an abrupt departure could trigger more chaos, a view shared by many in Liberia and, in private, even by mediators.",0.9275477,"his aides warn an abrupt departure could trigger more bloodshed , a view shared by many in liberia .",6b2ce16c17c2ad45bfdfc4cc88f2dfe2b60ab7cfee0a565b9a93ec7013c8240d,27,0,"Taylor's aides warn an abrupt departure could trigger more chaos, a view shared by many in Liberia and, in private, even by mediators.",3a44bdf6e2e905da4c1af5cb68d324bd40d45a0f067bd13dea58bb043b8fd5aa,35,0,0.9275478
957,search,A black dog is playing with a brown dog on the sand,Two dogs are playing on a sandy beach,0.92929757,A black dog is playing with a brown dog on the sand,e4225aa0817b1e6ab458c67666d1d060284c628471d04c092b41ee55204ddfd7,15,0,Two dogs are playing on a sandy beach,10f6f3a731d5329ab9f1e52f3496589139e7c6f3b7597d3ac21ac015ad2f7eec,9,0,0.9292977
958,search,the man is playing the guitar .,A man plays a guitar.,0.92991626,the man is playing the guitar .,9026fd6af9bda97689b59705479d762289b7e0fe632e91aff77b387924c1ef1f,8,0,A man plays a guitar.,e6263d846e6f0ad20e5292a7109b2897054dbcc00646052adf34860fc583c22f,7,0,0.9299163
961,search,bulb b and c are on a closed path to the battery,bulb b and bulb c were still contained in the same closed path with the battery .,0.9367293,bulb b and c are on a closed path to the battery,601e93ab31aec3b6cc3da07b623c5316776cc8c39d34507fbaced9aba1c018bb,15,0,bulb b and bulb c were still contained in the same closed path with the battery .,36487751d5a5f3dd7fe01e22766d3e4cb682f2e9f2a7181fb3aa937dd1916a97,20,0,0.9367293
963,search,dealbook : british retailer hmv enters equivalent of bankruptcy,: - <unk> hmv gone into bankruptcy equivalent ...,0.93706715,dealbook : british retailer hmv enters equivalent of bankruptcy,7554ee7d004f1641b72818189d9d7944485133aabea7b8abfcc9ca020a1c0b50,18,0,: - \ hmv gone into bankruptcy equivalent ...,b8e0e4f3e95ae90f32428f5746e80cf59843fde33e2344b038245373895d4846,16,0,0.93618
964,validation,Somebody is cutting a tomato,A woman is slicing a tomato,0.937467,Somebody is cutting a tomato,a5be2499b4f2c4be2ebfd728bbf53c8ebfc241ec420470c1a16e0d39bf419b78,7,0,A woman is slicing a tomato,16b28278697300cbb3f9ce4c183203c7ade4fa9b6eb878d0f879091e530c352c,10,0,0.937467
966,search,bulb b and c are on a closed path to the battery,the switch has to be within a closed path with the bulb and battery,0.9435561,bulb b and c are on a closed path to the battery,601e93ab31aec3b6cc3da07b623c5316776cc8c39d34507fbaced9aba1c018bb,15,0,the switch has to be within a closed path with the bulb and battery,c723483134a38d56b56bf0b9166922eea4d15d9d85a2dd56f6eda9ef9b501f2c,15,0,0.94355625
969,test,gunmen kill 11 foreign tourists in pakistan,gunmen kill nine foreigners in pakistan,0.9476148,gunmen kill 11 foreign tourists in pakistan,e3fad5b6926a4e1093ff49fc6df90e7a2204dd7b55cb0e4fba316422ca647db4,11,0,gunmen kill nine foreigners in pakistan,d6d5dfb5d338d0d63d782b66ca75f783989c795e210614a43ff4b03f9a5cc3d6,11,0,0.9476148
970,validation,Some boys being dressed with a carpet are sitting on two red tuxedos,"Two boys, who look small, dressed in tuxedos are sitting on a red carpeted floor",0.9478662,Some boys being dressed with a carpet are sitting on two red tuxedos,bd83b2aa606b73ba28250f2d9826d04923aa2e068da247548cfae91956951f89,20,0,"Two boys, who look small, dressed in tuxedos are sitting on a red carpeted floor",749fa0127b9d494e30d855940490fa2cf863c197948c22a7f635b0745378b887,26,0,0.9478662
971,search,Chinese stocks open lower Friday,chinese shares close lower on wednesday,0.94826007,Chinese stocks open lower Friday,d7d40abd8494019204d67ab636282ca34b355e46157dc2dbd9c0daa49796706d,5,0,chinese shares close lower on wednesday,6493fbc00b5400c86a0838e449d7a41569f8ddf579d0cb6aaad9389317dbb6ae,12,0,0.9482603
975,search,"er diab ... "" : at least 245 killed in brazil nightclub fire ""","tragic . my thoughts and prayers go out to all ... "" at least 220 killed in brazil nightclub fire """,0.95337427,"er diab ... "" : at least 245 killed in brazil nightclub fire """,e487637af856c515fe5de6e4df967f8c66faa31924b9eeb67ab66f6d46ba3622,23,0,"tragic . my thoughts and prayers go out to all ... "" at least 220 killed in brazil nightclub fire """,2b8709d53dc600c9aeb01512f8268393b232b7a486da494a3174137eea65150c,27,0,0.953374
977,search,bulb b and c are on a closed path to the battery,bulb a was still in a closed path with the battery,0.95356554,bulb b and c are on a closed path to the battery,601e93ab31aec3b6cc3da07b623c5316776cc8c39d34507fbaced9aba1c018bb,15,0,bulb a was still in a closed path with the battery,c9dae40235d7085d688edffad19e4b1e53931d6b5935b46301d58ac1d69b0769,13,0,0.953565
982,test,a man climbs up a rope .,A man is climbing up a rope,0.96559286,a man climbs up a rope .,09968dfd228b974e38912a82e0cabacce1582993fb82798d40431db9815005a7,11,0,A man is climbing up a rope,24f328a9053b2cf888eecd4f074010d411093602bb6e5875b118c90df706f4a5,8,0,0.9655926
983,test,a man is slicing potato .,A person is slicing a potato.,0.96599746,a man is slicing potato .,c128575c5027dde1e331922d81872559074b606f858c2f332b3a527e2525d1e2,11,0,A person is slicing a potato.,459fc997e9da09a6aab892eede8d30e6145fcbcbdaadf43a41622d474914d692,11,0,0.9659971
984,test,bulb b and bulb c are contained within a closed path,if both bulbs are contained within a closed path,0.96698374,bulb b and bulb c are contained within a closed path,78d02e30c5c721f502ab7657e59c179bd5dd6753798f567eef34f89858784c82,14,0,if both bulbs are contained within a closed path,406767196cbd4c312432559a9d5fb4fd794548495a1433886618215e0402571c,11,0,0.9669838
988,search,The boy is not playing the piano,A boy is not playing a guitar,0.977279,The boy is not playing the piano,2d0339d1b0c652bfdd6efc238ca240e69fece090e3cf23f94a833ab2110f5b75,7,0,A boy is not playing a guitar,a0b52276ee75b60eb82350d9cd99913f49b1ba2701ee2a205e2042b96d13f798,8,0,0.9772792
989,validation,A woman is standing near three children,A lady is standing near three children,0.97819793,A woman is standing near three children,4f83f60e1155131d6aea41e5c0c5c7571f235165dc773dba704b83adc039542f,7,0,A lady is standing near three children,7732f9b7e7d7224580c36ed4ef0f849110d4c3987736c316bc0769768f415b3c,7,0,0.97819775
992,search,"several different ways of computing these values , also known as ( term ) weights , have been developed .",several different ways have been developed of calculating these values ( also known as term weights ) .,0.98477185,"several different ways of computing these values , also known as ( term ) weights , have been developed .",0dabfc6a5de663ac63cf8964d79e66ce92918b9db0a2ab7f7cfdda14963c998c,25,0,several different ways have been developed of calculating these values ( also known as term weights ) .,4ec73d04c1c0d875165006e7a1d842923d28d2e0d1580dd88bfb55c54faff0a4,22,0,0.98477167
995,test,A dog with long hair and a red vest is running in the grass,A dog with really long hair and a red vest is running in the grass,0.99675965,A dog with long hair and a red vest is running in the grass,6528384db32204a0afeb800d2913546763d6baf9da76d1b4a245313c076f2146,15,0,A dog with really long hair and a red vest is running in the grass,63287d60490005a5345d761ed1bf028050b3ccdc079f22142ae26a2ce9d1315f,16,0,0.99675965
996,test,A woman is applying cosmetics to her eyelid,A woman is putting cosmetics on her eyelid,0.99742705,A woman is applying cosmetics to her eyelid,3a13bd18eba8f55247b21cb81264060a7642dabf19063205c4073b600fb5ce84,10,0,A woman is putting cosmetics on her eyelid,fdb87b56de84317a5f4b0dce780df01b2991f50876f79c2f9a2031e57d9edb22,11,0,0.9974274
999,validation,"China is scrambling to stop the disease from spreading to the countryside, where most of its 1.3 billion people live.","china is scrambling to stop the disease from spreading to the countryside , where most of its 1.3 billion people live .",0.9986939,"China is scrambling to stop the disease from spreading to the countryside, where most of its 1.3 billion people live.",bed90f98f2423b3fbb218ce48d2d89a624507a7b82dfc6928601925b8da9b28f,25,0,"china is scrambling to stop the disease from spreading to the countryside , where most of its 1.3 billion people live .",cf7eac9ab71cfa28282f4bff0062e035e1f5be49fb2af69cd340bf0ee7ab6ac7,27,0,0.9986936
